eo_id,station_id,acquisition_date,abs_day_diff,s2_cloud_cover,s2_solar_zenith,s2_solar_azimuth,s2_view_zenith,s2_view_azimuth,s2_mgrs_tile,s2_item_id
S2_FI_00000144,10937,2023-01-09,1.0,99.982816,83.1955587192166,172.675740224137,,,35VNH,S2B_MSIL2A_20230109T094259_R036_T35VNH_20240810T094942
S2_FI_00000145,10937,2023-01-09,1.0,99.982816,83.1955587192166,172.675740224137,,,35VNH,S2B_MSIL2A_20230109T094259_R036_T35VNH_20240810T094942
S2_FI_00000146,10937,2023-01-09,1.0,99.982816,83.1955587192166,172.675740224137,,,35VNH,S2B_MSIL2A_20230109T094259_R036_T35VNH_20240810T094942
S2_FI_00000147,10937,2023-01-09,1.0,99.982816,83.1955587192166,172.675740224137,,,35VNH,S2B_MSIL2A_20230109T094259_R036_T35VNH_20240810T094942
S2_FI_00000148,10937,2023-01-09,1.0,99.982816,83.1955587192166,172.675740224137,,,35VNH,S2B_MSIL2A_20230109T094259_R036_T35VNH_20240810T094942
S2_FI_00000149,10937,2023-01-09,1.0,99.982816,83.1955587192166,172.675740224137,,,35VNH,S2B_MSIL2A_20230109T094259_R036_T35VNH_20240810T094942
S2_FI_00000150,10937,2023-02-08,1.0,99.763161,76.2475474357969,170.41768004929,,,35VNH,S2B_MSIL2A_20230208T094049_R036_T35VNH_20240813T101951
S2_FI_00000151,10937,2023-02-08,1.0,99.763161,76.2475474357969,170.41768004929,,,35VNH,S2B_MSIL2A_20230208T094049_R036_T35VNH_20240813T101951
S2_FI_00000152,10937,2023-02-08,1.0,99.763161,76.2475474357969,170.41768004929,,,35VNH,S2B_MSIL2A_20230208T094049_R036_T35VNH_20240813T101951
S2_FI_00000153,10937,2023-02-08,1.0,99.763161,76.2475474357969,170.41768004929,,,35VNH,S2B_MSIL2A_20230208T094049_R036_T35VNH_20240813T101951
S2_FI_00000154,10937,2023-02-08,1.0,99.763161,76.2475474357969,170.41768004929,,,35VNH,S2B_MSIL2A_20230208T094049_R036_T35VNH_20240813T101951
S2_FI_00000155,10937,2023-02-08,1.0,99.763161,76.2475474357969,170.41768004929,,,35VNH,S2B_MSIL2A_20230208T094049_R036_T35VNH_20240813T101951
S2_FI_00000156,10937,2023-02-28,1.0,26.003328,69.2171016172935,170.208667846854,,,35VNH,S2B_MSIL2A_20230228T094029_R036_T35VNH_20230301T181338
S2_FI_00000157,10937,2023-02-28,1.0,26.003328,69.2171016172935,170.208667846854,,,35VNH,S2B_MSIL2A_20230228T094029_R036_T35VNH_20230301T181338
S2_FI_00000158,10937,2023-02-28,1.0,26.003328,69.2171016172935,170.208667846854,,,35VNH,S2B_MSIL2A_20230228T094029_R036_T35VNH_20230301T181338
S2_FI_00000159,10937,2023-02-28,1.0,26.003328,69.2171016172935,170.208667846854,,,35VNH,S2B_MSIL2A_20230228T094029_R036_T35VNH_20230301T181338
S2_FI_00000160,10937,2023-02-28,1.0,26.003328,69.2171016172935,170.208667846854,,,35VNH,S2B_MSIL2A_20230228T094029_R036_T35VNH_20230301T181338
S2_FI_00000161,10937,2023-02-28,1.0,26.003328,69.2171016172935,170.208667846854,,,35VNH,S2B_MSIL2A_20230228T094029_R036_T35VNH_20230301T181338
S2_FI_00000162,10937,2023-04-04,0.0,35.110444,55.4169002105759,171.681693098142,,,35VNH,S2A_MSIL2A_20230404T094031_R036_T35VNH_20240825T224659
S2_FI_00000163,10937,2023-04-04,0.0,35.110444,55.4169002105759,171.681693098142,,,35VNH,S2A_MSIL2A_20230404T094031_R036_T35VNH_20240825T224659
S2_FI_00000164,10937,2023-04-04,0.0,35.110444,55.4169002105759,171.681693098142,,,35VNH,S2A_MSIL2A_20230404T094031_R036_T35VNH_20240825T224659
S2_FI_00000165,10937,2023-04-04,0.0,35.110444,55.4169002105759,171.681693098142,,,35VNH,S2A_MSIL2A_20230404T094031_R036_T35VNH_20240825T224659
S2_FI_00000166,10937,2023-04-04,0.0,35.110444,55.4169002105759,171.681693098142,,,35VNH,S2A_MSIL2A_20230404T094031_R036_T35VNH_20240825T224659
S2_FI_00000167,10937,2023-04-04,0.0,35.110444,55.4169002105759,171.681693098142,,,35VNH,S2A_MSIL2A_20230404T094031_R036_T35VNH_20240825T224659
S2_FI_00000168,10937,2023-05-16,0.0,100.0,42.1086134427927,169.155704697923,,,35VNH,S2B_MSIL2A_20230516T092559_R136_T35VNH_20230516T135124
S2_FI_00000169,10937,2023-05-16,0.0,100.0,42.1086134427927,169.155704697923,,,35VNH,S2B_MSIL2A_20230516T092559_R136_T35VNH_20230516T135124
S2_FI_00000170,10937,2023-05-16,0.0,100.0,42.1086134427927,169.155704697923,,,35VNH,S2B_MSIL2A_20230516T092559_R136_T35VNH_20230516T135124
S2_FI_00000171,10937,2023-05-16,0.0,100.0,42.1086134427927,169.155704697923,,,35VNH,S2B_MSIL2A_20230516T092559_R136_T35VNH_20230516T135124
S2_FI_00000172,10937,2023-05-16,0.0,100.0,42.1086134427927,169.155704697923,,,35VNH,S2B_MSIL2A_20230516T092559_R136_T35VNH_20230516T135124
S2_FI_00000173,10937,2023-05-16,0.0,100.0,42.1086134427927,169.155704697923,,,35VNH,S2B_MSIL2A_20230516T092559_R136_T35VNH_20230516T135124
S2_FI_00000174,10937,2023-06-08,1.0,90.519845,38.216586513725,171.285207644664,,,35VNH,S2B_MSIL2A_20230608T093549_R036_T35VNH_20240911T145836
S2_FI_00000175,10937,2023-06-08,1.0,90.519845,38.216586513725,171.285207644664,,,35VNH,S2B_MSIL2A_20230608T093549_R036_T35VNH_20240911T145836
S2_FI_00000176,10937,2023-06-08,1.0,90.519845,38.216586513725,171.285207644664,,,35VNH,S2B_MSIL2A_20230608T093549_R036_T35VNH_20240911T145836
S2_FI_00000177,10937,2023-06-08,1.0,90.519845,38.216586513725,171.285207644664,,,35VNH,S2B_MSIL2A_20230608T093549_R036_T35VNH_20240911T145836
S2_FI_00000178,10937,2023-06-08,1.0,90.519845,38.216586513725,171.285207644664,,,35VNH,S2B_MSIL2A_20230608T093549_R036_T35VNH_20240911T145836
S2_FI_00000179,10937,2023-06-08,1.0,90.519845,38.216586513725,171.285207644664,,,35VNH,S2B_MSIL2A_20230608T093549_R036_T35VNH_20240911T145836
S2_FI_00000180,10937,2023-07-03,1.0,90.499061,38.2002205763434,169.336651536226,,,35VNH,S2A_MSIL2A_20230703T094041_R036_T35VNH_20230703T161416
S2_FI_00000181,10937,2023-07-03,1.0,90.499061,38.2002205763434,169.336651536226,,,35VNH,S2A_MSIL2A_20230703T094041_R036_T35VNH_20230703T161416
S2_FI_00000182,10937,2023-07-03,1.0,90.499061,38.2002205763434,169.336651536226,,,35VNH,S2A_MSIL2A_20230703T094041_R036_T35VNH_20230703T161416
S2_FI_00000183,10937,2023-07-03,1.0,90.499061,38.2002205763434,169.336651536226,,,35VNH,S2A_MSIL2A_20230703T094041_R036_T35VNH_20230703T161416
S2_FI_00000184,10937,2023-07-03,1.0,90.499061,38.2002205763434,169.336651536226,,,35VNH,S2A_MSIL2A_20230703T094041_R036_T35VNH_20230703T161416
S2_FI_00000185,10937,2023-07-03,1.0,90.499061,38.2002205763434,169.336651536226,,,35VNH,S2A_MSIL2A_20230703T094041_R036_T35VNH_20230703T161416
S2_FI_00000186,10937,2023-08-02,1.0,96.141231,43.4118805092743,169.353061671041,,,35VNH,S2A_MSIL2A_20230802T094041_R036_T35VNH_20241026T134447
S2_FI_00000187,10937,2023-08-02,1.0,96.141231,43.4118805092743,169.353061671041,,,35VNH,S2A_MSIL2A_20230802T094041_R036_T35VNH_20241026T134447
S2_FI_00000188,10937,2023-08-02,1.0,96.141231,43.4118805092743,169.353061671041,,,35VNH,S2A_MSIL2A_20230802T094041_R036_T35VNH_20241026T134447
S2_FI_00000189,10937,2023-08-02,1.0,96.141231,43.4118805092743,169.353061671041,,,35VNH,S2A_MSIL2A_20230802T094041_R036_T35VNH_20241026T134447
S2_FI_00000190,10937,2023-08-02,1.0,96.141231,43.4118805092743,169.353061671041,,,35VNH,S2A_MSIL2A_20230802T094041_R036_T35VNH_20241026T134447
S2_FI_00000191,10937,2023-08-02,1.0,96.141231,43.4118805092743,169.353061671041,,,35VNH,S2A_MSIL2A_20230802T094041_R036_T35VNH_20241026T134447
S2_FI_00000192,10937,2023-09-06,1.0,25.755775,54.5450230268766,173.037210687136,,,35VNH,S2B_MSIL2A_20230906T093549_R036_T35VNH_20241029T123722
S2_FI_00000193,10937,2023-09-06,1.0,25.755775,54.5450230268766,173.037210687136,,,35VNH,S2B_MSIL2A_20230906T093549_R036_T35VNH_20241029T123722
S2_FI_00000194,10937,2023-09-06,1.0,25.755775,54.5450230268766,173.037210687136,,,35VNH,S2B_MSIL2A_20230906T093549_R036_T35VNH_20241029T123722
S2_FI_00000195,10937,2023-09-06,1.0,25.755775,54.5450230268766,173.037210687136,,,35VNH,S2B_MSIL2A_20230906T093549_R036_T35VNH_20241029T123722
S2_FI_00000196,10937,2023-09-06,1.0,25.755775,54.5450230268766,173.037210687136,,,35VNH,S2B_MSIL2A_20230906T093549_R036_T35VNH_20241029T123722
S2_FI_00000197,10937,2023-09-06,1.0,25.755775,54.5450230268766,173.037210687136,,,35VNH,S2B_MSIL2A_20230906T093549_R036_T35VNH_20241029T123722
S2_FI_00000198,10937,2023-10-03,0.0,98.598212,64.9324874901792,173.527670900678,,,35VNH,S2B_MSIL2A_20231003T092729_R136_T35VNH_20241101T185340
S2_FI_00000199,10937,2023-10-03,0.0,98.598212,64.9324874901792,173.527670900678,,,35VNH,S2B_MSIL2A_20231003T092729_R136_T35VNH_20241101T185340
S2_FI_00000200,10937,2023-10-03,0.0,98.598212,64.9324874901792,173.527670900678,,,35VNH,S2B_MSIL2A_20231003T092729_R136_T35VNH_20241101T185340
S2_FI_00000201,10937,2023-10-03,0.0,98.598212,64.9324874901792,173.527670900678,,,35VNH,S2B_MSIL2A_20231003T092729_R136_T35VNH_20241101T185340
S2_FI_00000202,10937,2023-10-03,0.0,98.598212,64.9324874901792,173.527670900678,,,35VNH,S2B_MSIL2A_20231003T092729_R136_T35VNH_20241101T185340
S2_FI_00000203,10937,2023-10-03,0.0,98.598212,64.9324874901792,173.527670900678,,,35VNH,S2B_MSIL2A_20231003T092729_R136_T35VNH_20241101T185340
S2_FI_00000204,10937,2023-10-31,1.0,98.521167,74.9373601627832,177.979775918871,,,35VNH,S2A_MSIL2A_20231031T094131_R036_T35VNH_20231031T123124
S2_FI_00000205,10937,2023-10-31,1.0,98.521167,74.9373601627832,177.979775918871,,,35VNH,S2A_MSIL2A_20231031T094131_R036_T35VNH_20231031T123124
S2_FI_00000206,10937,2023-10-31,1.0,98.521167,74.9373601627832,177.979775918871,,,35VNH,S2A_MSIL2A_20231031T094131_R036_T35VNH_20231031T123124
S2_FI_00000207,10937,2023-10-31,1.0,98.521167,74.9373601627832,177.979775918871,,,35VNH,S2A_MSIL2A_20231031T094131_R036_T35VNH_20231031T123124
S2_FI_00000208,10937,2023-10-31,1.0,98.521167,74.9373601627832,177.979775918871,,,35VNH,S2A_MSIL2A_20231031T094131_R036_T35VNH_20231031T123124
S2_FI_00000209,10937,2023-10-31,1.0,98.521167,74.9373601627832,177.979775918871,,,35VNH,S2A_MSIL2A_20231031T094131_R036_T35VNH_20231031T123124
S2_FI_00000210,10937,2023-12-12,0.0,97.809678,84.0992718300985,173.539337116313,,,35VNH,S2B_MSIL2A_20231212T093309_R136_T35VNH_20241112T184056
S2_FI_00000211,10937,2023-12-12,0.0,97.809678,84.0992718300985,173.539337116313,,,35VNH,S2B_MSIL2A_20231212T093309_R136_T35VNH_20241112T184056
S2_FI_00000212,10937,2023-12-12,0.0,97.809678,84.0992718300985,173.539337116313,,,35VNH,S2B_MSIL2A_20231212T093309_R136_T35VNH_20241112T184056
S2_FI_00000213,10937,2023-12-12,0.0,97.809678,84.0992718300985,173.539337116313,,,35VNH,S2B_MSIL2A_20231212T093309_R136_T35VNH_20241112T184056
S2_FI_00000214,10937,2023-12-12,0.0,97.809678,84.0992718300985,173.539337116313,,,35VNH,S2B_MSIL2A_20231212T093309_R136_T35VNH_20241112T184056
S2_FI_00000215,10937,2023-12-12,0.0,97.809678,84.0992718300985,173.539337116313,,,35VNH,S2B_MSIL2A_20231212T093309_R136_T35VNH_20241112T184056
S2_FI_00000216,10937,2024-01-11,1.0,66.126502,83.1315192307082,170.167769768197,,,35VNH,S2B_MSIL2A_20240111T093249_R136_T35VNH_20240115T131524
S2_FI_00000217,10937,2024-01-11,1.0,66.126502,83.1315192307082,170.167769768197,,,35VNH,S2B_MSIL2A_20240111T093249_R136_T35VNH_20240115T131524
S2_FI_00000218,10937,2024-01-11,1.0,66.126502,83.1315192307082,170.167769768197,,,35VNH,S2B_MSIL2A_20240111T093249_R136_T35VNH_20240115T131524
S2_FI_00000219,10937,2024-01-11,1.0,66.126502,83.1315192307082,170.167769768197,,,35VNH,S2B_MSIL2A_20240111T093249_R136_T35VNH_20240115T131524
S2_FI_00000220,10937,2024-01-11,1.0,66.126502,83.1315192307082,170.167769768197,,,35VNH,S2B_MSIL2A_20240111T093249_R136_T35VNH_20240115T131524
S2_FI_00000221,10937,2024-01-11,1.0,66.126502,83.1315192307082,170.167769768197,,,35VNH,S2B_MSIL2A_20240111T093249_R136_T35VNH_20240115T131524
S2_FI_00000222,10937,2024-02-05,1.0,95.914358,77.4704053439036,168.097028163643,,,35VNH,S2A_MSIL2A_20240205T093201_R136_T35VNH_20240205T114107
S2_FI_00000223,10937,2024-02-05,1.0,95.914358,77.4704053439036,168.097028163643,,,35VNH,S2A_MSIL2A_20240205T093201_R136_T35VNH_20240205T114107
S2_FI_00000224,10937,2024-02-05,1.0,95.914358,77.4704053439036,168.097028163643,,,35VNH,S2A_MSIL2A_20240205T093201_R136_T35VNH_20240205T114107
S2_FI_00000225,10937,2024-02-05,1.0,95.914358,77.4704053439036,168.097028163643,,,35VNH,S2A_MSIL2A_20240205T093201_R136_T35VNH_20240205T114107
S2_FI_00000226,10937,2024-02-05,1.0,95.914358,77.4704053439036,168.097028163643,,,35VNH,S2A_MSIL2A_20240205T093201_R136_T35VNH_20240205T114107
S2_FI_00000227,10937,2024-02-05,1.0,95.914358,77.4704053439036,168.097028163643,,,35VNH,S2A_MSIL2A_20240205T093201_R136_T35VNH_20240205T114107
S2_FI_00000228,10937,2024-03-04,1.0,36.642608,67.3867071471209,170.282670092089,,,35VNH,S2B_MSIL2A_20240304T093749_R036_T35VNH_20240304T125337
S2_FI_00000229,10937,2024-03-04,1.0,36.642608,67.3867071471209,170.282670092089,,,35VNH,S2B_MSIL2A_20240304T093749_R036_T35VNH_20240304T125337
S2_FI_00000230,10937,2024-03-04,1.0,36.642608,67.3867071471209,170.282670092089,,,35VNH,S2B_MSIL2A_20240304T093749_R036_T35VNH_20240304T125337
S2_FI_00000231,10937,2024-03-04,1.0,36.642608,67.3867071471209,170.282670092089,,,35VNH,S2B_MSIL2A_20240304T093749_R036_T35VNH_20240304T125337
S2_FI_00000232,10937,2024-03-04,1.0,36.642608,67.3867071471209,170.282670092089,,,35VNH,S2B_MSIL2A_20240304T093749_R036_T35VNH_20240304T125337
S2_FI_00000233,10937,2024-03-04,1.0,36.642608,67.3867071471209,170.282670092089,,,35VNH,S2B_MSIL2A_20240304T093749_R036_T35VNH_20240304T125337
S2_FI_00000234,10937,2024-04-03,1.0,97.458911,55.5111280037107,171.664174869279,,,35VNH,S2B_MSIL2A_20240403T093549_R036_T35VNH_20240403T133535
S2_FI_00000235,10937,2024-04-03,1.0,97.458911,55.5111280037107,171.664174869279,,,35VNH,S2B_MSIL2A_20240403T093549_R036_T35VNH_20240403T133535
S2_FI_00000236,10937,2024-04-03,1.0,97.458911,55.5111280037107,171.664174869279,,,35VNH,S2B_MSIL2A_20240403T093549_R036_T35VNH_20240403T133535
S2_FI_00000237,10937,2024-04-03,1.0,97.458911,55.5111280037107,171.664174869279,,,35VNH,S2B_MSIL2A_20240403T093549_R036_T35VNH_20240403T133535
S2_FI_00000238,10937,2024-04-03,1.0,97.458911,55.5111280037107,171.664174869279,,,35VNH,S2B_MSIL2A_20240403T093549_R036_T35VNH_20240403T133535
S2_FI_00000239,10937,2024-04-03,1.0,97.458911,55.5111280037107,171.664174869279,,,35VNH,S2B_MSIL2A_20240403T093549_R036_T35VNH_20240403T133535
S2_FI_00000240,10937,2024-05-08,1.0,30.803224,43.7231349406598,172.790787883679,,,35VNH,S2A_MSIL2A_20240508T094031_R036_T35VNH_20240508T152742
S2_FI_00000241,10937,2024-05-08,1.0,30.803224,43.7231349406598,172.790787883679,,,35VNH,S2A_MSIL2A_20240508T094031_R036_T35VNH_20240508T152742
S2_FI_00000242,10937,2024-05-08,1.0,30.803224,43.7231349406598,172.790787883679,,,35VNH,S2A_MSIL2A_20240508T094031_R036_T35VNH_20240508T152742
S2_FI_00000243,10937,2024-05-08,1.0,30.803224,43.7231349406598,172.790787883679,,,35VNH,S2A_MSIL2A_20240508T094031_R036_T35VNH_20240508T152742
S2_FI_00000244,10937,2024-05-08,1.0,30.803224,43.7231349406598,172.790787883679,,,35VNH,S2A_MSIL2A_20240508T094031_R036_T35VNH_20240508T152742
S2_FI_00000245,10937,2024-05-08,1.0,30.803224,43.7231349406598,172.790787883679,,,35VNH,S2A_MSIL2A_20240508T094031_R036_T35VNH_20240508T152742
S2_FI_00000246,10937,2024-06-04,0.0,36.4135,38.7496611520196,167.879245143897,,,35VNH,S2A_MSIL2A_20240604T093041_R136_T35VNH_20240604T132058
S2_FI_00000247,10937,2024-06-04,0.0,36.4135,38.7496611520196,167.879245143897,,,35VNH,S2A_MSIL2A_20240604T093041_R136_T35VNH_20240604T132058
S2_FI_00000248,10937,2024-06-04,0.0,36.4135,38.7496611520196,167.879245143897,,,35VNH,S2A_MSIL2A_20240604T093041_R136_T35VNH_20240604T132058
S2_FI_00000249,10937,2024-06-04,0.0,36.4135,38.7496611520196,167.879245143897,,,35VNH,S2A_MSIL2A_20240604T093041_R136_T35VNH_20240604T132058
S2_FI_00000250,10937,2024-06-04,0.0,36.4135,38.7496611520196,167.879245143897,,,35VNH,S2A_MSIL2A_20240604T093041_R136_T35VNH_20240604T132058
S2_FI_00000251,10937,2024-06-04,0.0,36.4135,38.7496611520196,167.879245143897,,,35VNH,S2A_MSIL2A_20240604T093041_R136_T35VNH_20240604T132058
S2_FI_00000252,10937,2024-07-02,0.0,46.898004,38.1794068512968,169.350587999393,,,35VNH,S2B_MSIL2A_20240702T093549_R036_T35VNH_20240702T132058
S2_FI_00000253,10937,2024-07-02,0.0,46.898004,38.1794068512968,169.350587999393,,,35VNH,S2B_MSIL2A_20240702T093549_R036_T35VNH_20240702T132058
S2_FI_00000254,10937,2024-07-02,0.0,46.898004,38.1794068512968,169.350587999393,,,35VNH,S2B_MSIL2A_20240702T093549_R036_T35VNH_20240702T132058
S2_FI_00000255,10937,2024-07-02,0.0,46.898004,38.1794068512968,169.350587999393,,,35VNH,S2B_MSIL2A_20240702T093549_R036_T35VNH_20240702T132058
S2_FI_00000256,10937,2024-07-02,0.0,46.898004,38.1794068512968,169.350587999393,,,35VNH,S2B_MSIL2A_20240702T093549_R036_T35VNH_20240702T132058
S2_FI_00000257,10937,2024-07-02,0.0,46.898004,38.1794068512968,169.350587999393,,,35VNH,S2B_MSIL2A_20240702T093549_R036_T35VNH_20240702T132058
S2_FI_00000258,10937,2024-08-06,0.0,60.432649,44.6693954220926,169.65775268559,,,35VNH,S2A_MSIL2A_20240806T094031_R036_T35VNH_20240806T115350
S2_FI_00000259,10937,2024-08-06,0.0,60.432649,44.6693954220926,169.65775268559,,,35VNH,S2A_MSIL2A_20240806T094031_R036_T35VNH_20240806T115350
S2_FI_00000260,10937,2024-08-06,0.0,60.432649,44.6693954220926,169.65775268559,,,35VNH,S2A_MSIL2A_20240806T094031_R036_T35VNH_20240806T115350
S2_FI_00000261,10937,2024-08-06,0.0,60.432649,44.6693954220926,169.65775268559,,,35VNH,S2A_MSIL2A_20240806T094031_R036_T35VNH_20240806T115350
S2_FI_00000262,10937,2024-08-06,0.0,60.432649,44.6693954220926,169.65775268559,,,35VNH,S2A_MSIL2A_20240806T094031_R036_T35VNH_20240806T115350
S2_FI_00000263,10937,2024-08-06,0.0,60.432649,44.6693954220926,169.65775268559,,,35VNH,S2A_MSIL2A_20240806T094031_R036_T35VNH_20240806T115350
S2_FI_00000264,10937,2024-09-02,1.0,62.506127,53.5543563379985,169.525517597413,,,35VNH,S2A_MSIL2A_20240902T093031_R136_T35VNH_20240902T124949
S2_FI_00000265,10937,2024-09-02,1.0,62.506127,53.5543563379985,169.525517597413,,,35VNH,S2A_MSIL2A_20240902T093031_R136_T35VNH_20240902T124949
S2_FI_00000266,10937,2024-09-02,1.0,62.506127,53.5543563379985,169.525517597413,,,35VNH,S2A_MSIL2A_20240902T093031_R136_T35VNH_20240902T124949
S2_FI_00000267,10937,2024-09-02,1.0,62.506127,53.5543563379985,169.525517597413,,,35VNH,S2A_MSIL2A_20240902T093031_R136_T35VNH_20240902T124949
S2_FI_00000268,10937,2024-09-02,1.0,62.506127,53.5543563379985,169.525517597413,,,35VNH,S2A_MSIL2A_20240902T093031_R136_T35VNH_20240902T124949
S2_FI_00000269,10937,2024-09-02,1.0,62.506127,53.5543563379985,169.525517597413,,,35VNH,S2A_MSIL2A_20240902T093031_R136_T35VNH_20240902T124949
S2_FI_00000270,10937,2024-09-30,1.0,6.764941,63.9655152771795,176.044079053068,,,35VNH,S2B_MSIL2A_20240930T094029_R036_T35VNH_20240930T125406
S2_FI_00000271,10937,2024-09-30,1.0,6.764941,63.9655152771795,176.044079053068,,,35VNH,S2B_MSIL2A_20240930T094029_R036_T35VNH_20240930T125406
S2_FI_00000272,10937,2024-09-30,1.0,6.764941,63.9655152771795,176.044079053068,,,35VNH,S2B_MSIL2A_20240930T094029_R036_T35VNH_20240930T125406
S2_FI_00000273,10937,2024-09-30,1.0,6.764941,63.9655152771795,176.044079053068,,,35VNH,S2B_MSIL2A_20240930T094029_R036_T35VNH_20240930T125406
S2_FI_00000274,10937,2024-09-30,1.0,6.764941,63.9655152771795,176.044079053068,,,35VNH,S2B_MSIL2A_20240930T094029_R036_T35VNH_20240930T125406
S2_FI_00000275,10937,2024-09-30,1.0,6.764941,63.9655152771795,176.044079053068,,,35VNH,S2B_MSIL2A_20240930T094029_R036_T35VNH_20240930T125406
S2_FI_00000276,10937,2024-11-06,0.0,100.0,77.1054745287643,175.537592344122,,,35VNH,S2B_MSIL2A_20241106T093059_R136_T35VNH_20241106T110328
S2_FI_00000277,10937,2024-11-06,0.0,100.0,77.1054745287643,175.537592344122,,,35VNH,S2B_MSIL2A_20241106T093059_R136_T35VNH_20241106T110328
S2_FI_00000278,10937,2024-11-06,0.0,100.0,77.1054745287643,175.537592344122,,,35VNH,S2B_MSIL2A_20241106T093059_R136_T35VNH_20241106T110328
S2_FI_00000279,10937,2024-11-06,0.0,100.0,77.1054745287643,175.537592344122,,,35VNH,S2B_MSIL2A_20241106T093059_R136_T35VNH_20241106T110328
S2_FI_00000280,10937,2024-11-06,0.0,100.0,77.1054745287643,175.537592344122,,,35VNH,S2B_MSIL2A_20241106T093059_R136_T35VNH_20241106T110328
S2_FI_00000281,10937,2024-11-06,0.0,100.0,77.1054745287643,175.537592344122,,,35VNH,S2B_MSIL2A_20241106T093059_R136_T35VNH_20241106T110328
S2_FI_00000282,10937,2024-12-06,3.0,93.714082,83.5688864322581,174.062696874444,,,35VNH,S2B_MSIL2A_20241206T093309_R136_T35VNH_20241206T103412
S2_FI_00000283,10937,2024-12-06,3.0,93.714082,83.5688864322581,174.062696874444,,,35VNH,S2B_MSIL2A_20241206T093309_R136_T35VNH_20241206T103412
S2_FI_00000284,10937,2024-12-06,3.0,93.714082,83.5688864322581,174.062696874444,,,35VNH,S2B_MSIL2A_20241206T093309_R136_T35VNH_20241206T103412
S2_FI_00000285,10937,2024-12-06,3.0,93.714082,83.5688864322581,174.062696874444,,,35VNH,S2B_MSIL2A_20241206T093309_R136_T35VNH_20241206T103412
S2_FI_00000286,10937,2024-12-06,3.0,93.714082,83.5688864322581,174.062696874444,,,35VNH,S2B_MSIL2A_20241206T093309_R136_T35VNH_20241206T103412
S2_FI_00000287,10937,2024-12-06,3.0,93.714082,83.5688864322581,174.062696874444,,,35VNH,S2B_MSIL2A_20241206T093309_R136_T35VNH_20241206T103412
S2_FI_00000756,1340,2023-02-04,4.0,0.085705,77.3423554401115,171.902747602774,,,35VLH,S2B_MSIL2A_20230204T100119_R122_T35VLH_20240816T193823
S2_FI_00000757,1340,2023-02-04,4.0,0.085705,77.3423554401115,171.902747602774,,,35VLH,S2B_MSIL2A_20230204T100119_R122_T35VLH_20240816T193823
S2_FI_00000758,1340,2023-02-04,4.0,0.085705,77.3423554401115,171.902747602774,,,35VLH,S2B_MSIL2A_20230204T100119_R122_T35VLH_20240816T193823
S2_FI_00000759,1340,2023-02-04,4.0,0.085705,77.3423554401115,171.902747602774,,,35VLH,S2B_MSIL2A_20230204T100119_R122_T35VLH_20240816T193823
S2_FI_00000760,1340,2023-02-04,4.0,0.085705,77.3423554401115,171.902747602774,,,35VLH,S2B_MSIL2A_20230204T100119_R122_T35VLH_20240816T193823
S2_FI_00000761,1340,2023-02-04,4.0,0.085705,77.3423554401115,171.902747602774,,,35VLH,S2B_MSIL2A_20230204T100119_R122_T35VLH_20240816T193823
S2_FI_00000762,1340,2023-03-20,2.0,99.862427,61.659444064031,166.772765554928,,,35VLH,S2B_MSIL2A_20230320T094039_R036_T35VLH_20230320T143540
S2_FI_00000763,1340,2023-03-20,2.0,99.862427,61.659444064031,166.772765554928,,,35VLH,S2B_MSIL2A_20230320T094039_R036_T35VLH_20230320T143540
S2_FI_00000764,1340,2023-03-20,2.0,99.862427,61.659444064031,166.772765554928,,,35VLH,S2B_MSIL2A_20230320T094039_R036_T35VLH_20230320T143540
S2_FI_00000765,1340,2023-03-20,2.0,99.862427,61.659444064031,166.772765554928,,,35VLH,S2B_MSIL2A_20230320T094039_R036_T35VLH_20230320T143540
S2_FI_00000766,1340,2023-03-20,2.0,99.862427,61.659444064031,166.772765554928,,,35VLH,S2B_MSIL2A_20230320T094039_R036_T35VLH_20230320T143540
S2_FI_00000767,1340,2023-03-20,2.0,99.862427,61.659444064031,166.772765554928,,,35VLH,S2B_MSIL2A_20230320T094039_R036_T35VLH_20230320T143540
S2_FI_00000768,1340,2023-04-09,3.0,32.662868,53.8056767257027,167.497121691258,,,35VLH,S2B_MSIL2A_20230409T094039_R036_T35VLH_20240825T050634
S2_FI_00000769,1340,2023-04-09,3.0,32.662868,53.8056767257027,167.497121691258,,,35VLH,S2B_MSIL2A_20230409T094039_R036_T35VLH_20240825T050634
S2_FI_00000770,1340,2023-04-09,3.0,32.662868,53.8056767257027,167.497121691258,,,35VLH,S2B_MSIL2A_20230409T094039_R036_T35VLH_20240825T050634
S2_FI_00000771,1340,2023-04-09,3.0,32.662868,53.8056767257027,167.497121691258,,,35VLH,S2B_MSIL2A_20230409T094039_R036_T35VLH_20240825T050634
S2_FI_00000772,1340,2023-04-09,3.0,32.662868,53.8056767257027,167.497121691258,,,35VLH,S2B_MSIL2A_20230409T094039_R036_T35VLH_20240825T050634
S2_FI_00000773,1340,2023-04-09,3.0,32.662868,53.8056767257027,167.497121691258,,,35VLH,S2B_MSIL2A_20230409T094039_R036_T35VLH_20240825T050634
S2_FI_00000774,1340,2023-05-07,2.0,8.379152,44.2566624244271,171.211650958634,,,35VLH,S2A_MSIL2A_20230507T095031_R079_T35VLH_20230507T152634
S2_FI_00000775,1340,2023-05-07,2.0,8.379152,44.2566624244271,171.211650958634,,,35VLH,S2A_MSIL2A_20230507T095031_R079_T35VLH_20230507T152634
S2_FI_00000776,1340,2023-05-07,2.0,8.379152,44.2566624244271,171.211650958634,,,35VLH,S2A_MSIL2A_20230507T095031_R079_T35VLH_20230507T152634
S2_FI_00000777,1340,2023-05-07,2.0,8.379152,44.2566624244271,171.211650958634,,,35VLH,S2A_MSIL2A_20230507T095031_R079_T35VLH_20230507T152634
S2_FI_00000778,1340,2023-05-07,2.0,8.379152,44.2566624244271,171.211650958634,,,35VLH,S2A_MSIL2A_20230507T095031_R079_T35VLH_20230507T152634
S2_FI_00000779,1340,2023-05-07,2.0,8.379152,44.2566624244271,171.211650958634,,,35VLH,S2A_MSIL2A_20230507T095031_R079_T35VLH_20230507T152634
S2_FI_00000780,1340,2023-06-03,3.0,70.715272,39.0495714305934,166.329531100468,,,35VLH,S2A_MSIL2A_20230603T094031_R036_T35VLH_20240925T023108
S2_FI_00000781,1340,2023-06-03,3.0,70.715272,39.0495714305934,166.329531100468,,,35VLH,S2A_MSIL2A_20230603T094031_R036_T35VLH_20240925T023108
S2_FI_00000782,1340,2023-06-03,3.0,70.715272,39.0495714305934,166.329531100468,,,35VLH,S2A_MSIL2A_20230603T094031_R036_T35VLH_20240925T023108
S2_FI_00000783,1340,2023-06-03,3.0,70.715272,39.0495714305934,166.329531100468,,,35VLH,S2A_MSIL2A_20230603T094031_R036_T35VLH_20240925T023108
S2_FI_00000784,1340,2023-06-03,3.0,70.715272,39.0495714305934,166.329531100468,,,35VLH,S2A_MSIL2A_20230603T094031_R036_T35VLH_20240925T023108
S2_FI_00000785,1340,2023-06-03,3.0,70.715272,39.0495714305934,166.329531100468,,,35VLH,S2A_MSIL2A_20230603T094031_R036_T35VLH_20240925T023108
S2_FI_00000786,1340,2023-08-27,3.0,99.499488,51.287690519638,167.169387504683,,,35VLH,S2B_MSIL2A_20230827T093549_R036_T35VLH_20241023T223442
S2_FI_00000787,1340,2023-08-27,3.0,99.499488,51.287690519638,167.169387504683,,,35VLH,S2B_MSIL2A_20230827T093549_R036_T35VLH_20241023T223442
S2_FI_00000788,1340,2023-08-27,3.0,99.499488,51.287690519638,167.169387504683,,,35VLH,S2B_MSIL2A_20230827T093549_R036_T35VLH_20241023T223442
S2_FI_00000789,1340,2023-08-27,3.0,99.499488,51.287690519638,167.169387504683,,,35VLH,S2B_MSIL2A_20230827T093549_R036_T35VLH_20241023T223442
S2_FI_00000790,1340,2023-08-27,3.0,99.499488,51.287690519638,167.169387504683,,,35VLH,S2B_MSIL2A_20230827T093549_R036_T35VLH_20241023T223442
S2_FI_00000791,1340,2023-08-27,3.0,99.499488,51.287690519638,167.169387504683,,,35VLH,S2B_MSIL2A_20230827T093549_R036_T35VLH_20241023T223442
S2_FI_00000792,1340,2023-09-24,3.0,47.00363,61.3928437888927,173.98807590064,,,35VLH,S2A_MSIL2A_20230924T095031_R079_T35VLH_20230924T162828
S2_FI_00000793,1340,2023-09-24,3.0,47.00363,61.3928437888927,173.98807590064,,,35VLH,S2A_MSIL2A_20230924T095031_R079_T35VLH_20230924T162828
S2_FI_00000794,1340,2023-09-24,3.0,47.00363,61.3928437888927,173.98807590064,,,35VLH,S2A_MSIL2A_20230924T095031_R079_T35VLH_20230924T162828
S2_FI_00000795,1340,2023-09-24,3.0,47.00363,61.3928437888927,173.98807590064,,,35VLH,S2A_MSIL2A_20230924T095031_R079_T35VLH_20230924T162828
S2_FI_00000796,1340,2023-09-24,3.0,47.00363,61.3928437888927,173.98807590064,,,35VLH,S2A_MSIL2A_20230924T095031_R079_T35VLH_20230924T162828
S2_FI_00000797,1340,2023-09-24,3.0,47.00363,61.3928437888927,173.98807590064,,,35VLH,S2A_MSIL2A_20230924T095031_R079_T35VLH_20230924T162828
S2_FI_00000798,1340,2023-10-09,3.0,33.308929,67.1315568904927,175.595588350902,,,35VLH,S2B_MSIL2A_20231009T094819_R079_T35VLH_20231009T142844
S2_FI_00000799,1340,2023-10-09,3.0,33.308929,67.1315568904927,175.595588350902,,,35VLH,S2B_MSIL2A_20231009T094819_R079_T35VLH_20231009T142844
S2_FI_00000800,1340,2023-10-09,3.0,33.308929,67.1315568904927,175.595588350902,,,35VLH,S2B_MSIL2A_20231009T094819_R079_T35VLH_20231009T142844
S2_FI_00000801,1340,2023-10-09,3.0,33.308929,67.1315568904927,175.595588350902,,,35VLH,S2B_MSIL2A_20231009T094819_R079_T35VLH_20231009T142844
S2_FI_00000802,1340,2023-10-09,3.0,33.308929,67.1315568904927,175.595588350902,,,35VLH,S2B_MSIL2A_20231009T094819_R079_T35VLH_20231009T142844
S2_FI_00000803,1340,2023-10-09,3.0,33.308929,67.1315568904927,175.595588350902,,,35VLH,S2B_MSIL2A_20231009T094819_R079_T35VLH_20231009T142844
S2_FI_00000804,1340,2023-11-10,5.0,99.999291,78.0705436606046,174.419043448975,,,35VLH,S2A_MSIL2A_20231110T094221_R036_T35VLH_20241101T191323
S2_FI_00000805,1340,2023-11-10,5.0,99.999291,78.0705436606046,174.419043448975,,,35VLH,S2A_MSIL2A_20231110T094221_R036_T35VLH_20241101T191323
S2_FI_00000806,1340,2023-11-10,5.0,99.999291,78.0705436606046,174.419043448975,,,35VLH,S2A_MSIL2A_20231110T094221_R036_T35VLH_20241101T191323
S2_FI_00000807,1340,2023-11-10,5.0,99.999291,78.0705436606046,174.419043448975,,,35VLH,S2A_MSIL2A_20231110T094221_R036_T35VLH_20241101T191323
S2_FI_00000808,1340,2023-11-10,5.0,99.999291,78.0705436606046,174.419043448975,,,35VLH,S2A_MSIL2A_20231110T094221_R036_T35VLH_20241101T191323
S2_FI_00000809,1340,2023-11-10,5.0,99.999291,78.0705436606046,174.419043448975,,,35VLH,S2A_MSIL2A_20231110T094221_R036_T35VLH_20241101T191323
S2_FI_00000810,1340,2023-12-08,1.0,84.474373,83.6294310827667,175.180241935332,,,35VLH,S2B_MSIL2A_20231208T095309_R079_T35VLH_20241109T122848
S2_FI_00000811,1340,2023-12-08,1.0,84.474373,83.6294310827667,175.180241935332,,,35VLH,S2B_MSIL2A_20231208T095309_R079_T35VLH_20241109T122848
S2_FI_00000812,1340,2023-12-08,1.0,84.474373,83.6294310827667,175.180241935332,,,35VLH,S2B_MSIL2A_20231208T095309_R079_T35VLH_20241109T122848
S2_FI_00000813,1340,2023-12-08,1.0,84.474373,83.6294310827667,175.180241935332,,,35VLH,S2B_MSIL2A_20231208T095309_R079_T35VLH_20241109T122848
S2_FI_00000814,1340,2023-12-08,1.0,84.474373,83.6294310827667,175.180241935332,,,35VLH,S2B_MSIL2A_20231208T095309_R079_T35VLH_20241109T122848
S2_FI_00000815,1340,2023-12-08,1.0,84.474373,83.6294310827667,175.180241935332,,,35VLH,S2B_MSIL2A_20231208T095309_R079_T35VLH_20241109T122848
S2_FI_00000816,1340,2024-02-19,2.0,87.880874,72.4949829229398,171.551437308324,,,35VLH,S2B_MSIL2A_20240219T095949_R122_T35VLH_20240219T143014
S2_FI_00000817,1340,2024-02-19,2.0,87.880874,72.4949829229398,171.551437308324,,,35VLH,S2B_MSIL2A_20240219T095949_R122_T35VLH_20240219T143014
S2_FI_00000818,1340,2024-02-19,2.0,87.880874,72.4949829229398,171.551437308324,,,35VLH,S2B_MSIL2A_20240219T095949_R122_T35VLH_20240219T143014
S2_FI_00000819,1340,2024-02-19,2.0,87.880874,72.4949829229398,171.551437308324,,,35VLH,S2B_MSIL2A_20240219T095949_R122_T35VLH_20240219T143014
S2_FI_00000820,1340,2024-02-19,2.0,87.880874,72.4949829229398,171.551437308324,,,35VLH,S2B_MSIL2A_20240219T095949_R122_T35VLH_20240219T143014
S2_FI_00000821,1340,2024-02-19,2.0,87.880874,72.4949829229398,171.551437308324,,,35VLH,S2B_MSIL2A_20240219T095949_R122_T35VLH_20240219T143014
S2_FI_00000822,1340,2024-03-05,1.0,0.249044,66.8653509920274,171.777643326998,,,35VLH,S2A_MSIL2A_20240305T100031_R122_T35VLH_20240305T140829
S2_FI_00000823,1340,2024-03-05,1.0,0.249044,66.8653509920274,171.777643326998,,,35VLH,S2A_MSIL2A_20240305T100031_R122_T35VLH_20240305T140829
S2_FI_00000824,1340,2024-03-05,1.0,0.249044,66.8653509920274,171.777643326998,,,35VLH,S2A_MSIL2A_20240305T100031_R122_T35VLH_20240305T140829
S2_FI_00000825,1340,2024-03-05,1.0,0.249044,66.8653509920274,171.777643326998,,,35VLH,S2A_MSIL2A_20240305T100031_R122_T35VLH_20240305T140829
S2_FI_00000826,1340,2024-03-05,1.0,0.249044,66.8653509920274,171.777643326998,,,35VLH,S2A_MSIL2A_20240305T100031_R122_T35VLH_20240305T140829
S2_FI_00000827,1340,2024-03-05,1.0,0.249044,66.8653509920274,171.777643326998,,,35VLH,S2A_MSIL2A_20240305T100031_R122_T35VLH_20240305T140829
S2_FI_00000828,1340,2024-04-01,1.0,22.030239,56.3502347566109,170.185366692549,,,35VLH,S2A_MSIL2A_20240401T095031_R079_T35VLH_20240401T132305
S2_FI_00000829,1340,2024-04-01,1.0,22.030239,56.3502347566109,170.185366692549,,,35VLH,S2A_MSIL2A_20240401T095031_R079_T35VLH_20240401T132305
S2_FI_00000830,1340,2024-04-01,1.0,22.030239,56.3502347566109,170.185366692549,,,35VLH,S2A_MSIL2A_20240401T095031_R079_T35VLH_20240401T132305
S2_FI_00000831,1340,2024-04-01,1.0,22.030239,56.3502347566109,170.185366692549,,,35VLH,S2A_MSIL2A_20240401T095031_R079_T35VLH_20240401T132305
S2_FI_00000832,1340,2024-04-01,1.0,22.030239,56.3502347566109,170.185366692549,,,35VLH,S2A_MSIL2A_20240401T095031_R079_T35VLH_20240401T132305
S2_FI_00000833,1340,2024-04-01,1.0,22.030239,56.3502347566109,170.185366692549,,,35VLH,S2A_MSIL2A_20240401T095031_R079_T35VLH_20240401T132305
S2_FI_00000834,1340,2024-05-01,1.0,0.530328,45.7711663916745,171.236857431988,,,35VLH,S2A_MSIL2A_20240501T095031_R079_T35VLH_20240501T151817
S2_FI_00000835,1340,2024-05-01,1.0,0.530328,45.7711663916745,171.236857431988,,,35VLH,S2A_MSIL2A_20240501T095031_R079_T35VLH_20240501T151817
S2_FI_00000836,1340,2024-05-01,1.0,0.530328,45.7711663916745,171.236857431988,,,35VLH,S2A_MSIL2A_20240501T095031_R079_T35VLH_20240501T151817
S2_FI_00000837,1340,2024-05-01,1.0,0.530328,45.7711663916745,171.236857431988,,,35VLH,S2A_MSIL2A_20240501T095031_R079_T35VLH_20240501T151817
S2_FI_00000838,1340,2024-05-01,1.0,0.530328,45.7711663916745,171.236857431988,,,35VLH,S2A_MSIL2A_20240501T095031_R079_T35VLH_20240501T151817
S2_FI_00000839,1340,2024-05-01,1.0,0.530328,45.7711663916745,171.236857431988,,,35VLH,S2A_MSIL2A_20240501T095031_R079_T35VLH_20240501T151817
S2_FI_00000840,1340,2024-06-03,1.0,44.898489,38.5355095361313,173.611306096386,,,35VLH,S2A_MSIL2A_20240603T100031_R122_T35VLH_20240603T151838
S2_FI_00000841,1340,2024-06-03,1.0,44.898489,38.5355095361313,173.611306096386,,,35VLH,S2A_MSIL2A_20240603T100031_R122_T35VLH_20240603T151838
S2_FI_00000842,1340,2024-06-03,1.0,44.898489,38.5355095361313,173.611306096386,,,35VLH,S2A_MSIL2A_20240603T100031_R122_T35VLH_20240603T151838
S2_FI_00000843,1340,2024-06-03,1.0,44.898489,38.5355095361313,173.611306096386,,,35VLH,S2A_MSIL2A_20240603T100031_R122_T35VLH_20240603T151838
S2_FI_00000844,1340,2024-06-03,1.0,44.898489,38.5355095361313,173.611306096386,,,35VLH,S2A_MSIL2A_20240603T100031_R122_T35VLH_20240603T151838
S2_FI_00000845,1340,2024-06-03,1.0,44.898489,38.5355095361313,173.611306096386,,,35VLH,S2A_MSIL2A_20240603T100031_R122_T35VLH_20240603T151838
S2_FI_00000846,1340,2024-08-06,0.0,44.511864,45.0407195219154,164.733767727392,,,35VLH,S2A_MSIL2A_20240806T094031_R036_T35VLH_20240806T115350
S2_FI_00000847,1340,2024-08-06,0.0,44.511864,45.0407195219154,164.733767727392,,,35VLH,S2A_MSIL2A_20240806T094031_R036_T35VLH_20240806T115350
S2_FI_00000848,1340,2024-08-06,0.0,44.511864,45.0407195219154,164.733767727392,,,35VLH,S2A_MSIL2A_20240806T094031_R036_T35VLH_20240806T115350
S2_FI_00000849,1340,2024-08-06,0.0,44.511864,45.0407195219154,164.733767727392,,,35VLH,S2A_MSIL2A_20240806T094031_R036_T35VLH_20240806T115350
S2_FI_00000850,1340,2024-08-06,0.0,44.511864,45.0407195219154,164.733767727392,,,35VLH,S2A_MSIL2A_20240806T094031_R036_T35VLH_20240806T115350
S2_FI_00000851,1340,2024-08-06,0.0,44.511864,45.0407195219154,164.733767727392,,,35VLH,S2A_MSIL2A_20240806T094031_R036_T35VLH_20240806T115350
S2_FI_00000852,1340,2024-10-26,2.0,98.314506,73.4962290036769,179.255697397757,,,35VLH,S2B_MSIL2A_20241026T100029_R122_T35VLH_20241026T121704
S2_FI_00000853,1340,2024-10-26,2.0,98.314506,73.4962290036769,179.255697397757,,,35VLH,S2B_MSIL2A_20241026T100029_R122_T35VLH_20241026T121704
S2_FI_00000854,1340,2024-10-26,2.0,98.314506,73.4962290036769,179.255697397757,,,35VLH,S2B_MSIL2A_20241026T100029_R122_T35VLH_20241026T121704
S2_FI_00000855,1340,2024-10-26,2.0,98.314506,73.4962290036769,179.255697397757,,,35VLH,S2B_MSIL2A_20241026T100029_R122_T35VLH_20241026T121704
S2_FI_00000856,1340,2024-10-26,2.0,98.314506,73.4962290036769,179.255697397757,,,35VLH,S2B_MSIL2A_20241026T100029_R122_T35VLH_20241026T121704
S2_FI_00000857,1340,2024-10-26,2.0,98.314506,73.4962290036769,179.255697397757,,,35VLH,S2B_MSIL2A_20241026T100029_R122_T35VLH_20241026T121704
S2_FI_00000858,1340,2024-11-17,1.0,17.913152,80.0138321786256,176.635881333714,,,35VLH,S2A_MSIL2A_20241117T095301_R079_T35VLH_20241117T110451
S2_FI_00000859,1340,2024-11-17,1.0,17.913152,80.0138321786256,176.635881333714,,,35VLH,S2A_MSIL2A_20241117T095301_R079_T35VLH_20241117T110451
S2_FI_00000860,1340,2024-11-17,1.0,17.913152,80.0138321786256,176.635881333714,,,35VLH,S2A_MSIL2A_20241117T095301_R079_T35VLH_20241117T110451
S2_FI_00000861,1340,2024-11-17,1.0,17.913152,80.0138321786256,176.635881333714,,,35VLH,S2A_MSIL2A_20241117T095301_R079_T35VLH_20241117T110451
S2_FI_00000862,1340,2024-11-17,1.0,17.913152,80.0138321786256,176.635881333714,,,35VLH,S2A_MSIL2A_20241117T095301_R079_T35VLH_20241117T110451
S2_FI_00000863,1340,2024-11-17,1.0,17.913152,80.0138321786256,176.635881333714,,,35VLH,S2A_MSIL2A_20241117T095301_R079_T35VLH_20241117T110451
S2_FI_00000864,1340,2024-12-05,1.0,95.128006,83.2927022685014,177.719759354682,,,35VLH,S2B_MSIL2A_20241205T100319_R122_T35VLH_20241205T102543
S2_FI_00000865,1340,2024-12-05,1.0,95.128006,83.2927022685014,177.719759354682,,,35VLH,S2B_MSIL2A_20241205T100319_R122_T35VLH_20241205T102543
S2_FI_00000866,1340,2024-12-05,1.0,95.128006,83.2927022685014,177.719759354682,,,35VLH,S2B_MSIL2A_20241205T100319_R122_T35VLH_20241205T102543
S2_FI_00000867,1340,2024-12-05,1.0,95.128006,83.2927022685014,177.719759354682,,,35VLH,S2B_MSIL2A_20241205T100319_R122_T35VLH_20241205T102543
S2_FI_00000868,1340,2024-12-05,1.0,95.128006,83.2927022685014,177.719759354682,,,35VLH,S2B_MSIL2A_20241205T100319_R122_T35VLH_20241205T102543
S2_FI_00000869,1340,2024-12-05,1.0,95.128006,83.2927022685014,177.719759354682,,,35VLH,S2B_MSIL2A_20241205T100319_R122_T35VLH_20241205T102543
S2_FI_00001032,18170,,,,,,,,,
S2_FI_00001033,18170,,,,,,,,,
S2_FI_00001034,18170,,,,,,,,,
S2_FI_00001035,18170,,,,,,,,,
S2_FI_00001036,18170,,,,,,,,,
S2_FI_00001037,18170,,,,,,,,,
S2_FI_00001038,18170,2023-02-13,0.0,28.785446,77.4489342377156,168.311025518921,,,35VML,S2A_MSIL2A_20230213T094111_R036_T35VML_20230213T181729
S2_FI_00001039,18170,2023-02-13,0.0,28.785446,77.4489342377156,168.311025518921,,,35VML,S2A_MSIL2A_20230213T094111_R036_T35VML_20230213T181729
S2_FI_00001040,18170,2023-02-13,0.0,28.785446,77.4489342377156,168.311025518921,,,35VML,S2A_MSIL2A_20230213T094111_R036_T35VML_20230213T181729
S2_FI_00001041,18170,2023-02-13,0.0,28.785446,77.4489342377156,168.311025518921,,,35VML,S2A_MSIL2A_20230213T094111_R036_T35VML_20230213T181729
S2_FI_00001042,18170,2023-02-13,0.0,28.785446,77.4489342377156,168.311025518921,,,35VML,S2A_MSIL2A_20230213T094111_R036_T35VML_20230213T181729
S2_FI_00001043,18170,2023-02-13,0.0,28.785446,77.4489342377156,168.311025518921,,,35VML,S2A_MSIL2A_20230213T094111_R036_T35VML_20230213T181729
S2_FI_00001044,18170,2023-03-16,0.0,19.089602,65.4229790210436,174.115625919038,,,35VML,S2B_MSIL2A_20230316T100029_R122_T35VML_20240806T010023
S2_FI_00001045,18170,2023-03-16,0.0,19.089602,65.4229790210436,174.115625919038,,,35VML,S2B_MSIL2A_20230316T100029_R122_T35VML_20240806T010023
S2_FI_00001046,18170,2023-03-16,0.0,19.089602,65.4229790210436,174.115625919038,,,35VML,S2B_MSIL2A_20230316T100029_R122_T35VML_20240806T010023
S2_FI_00001047,18170,2023-03-16,0.0,19.089602,65.4229790210436,174.115625919038,,,35VML,S2B_MSIL2A_20230316T100029_R122_T35VML_20240806T010023
S2_FI_00001048,18170,2023-03-16,0.0,19.089602,65.4229790210436,174.115625919038,,,35VML,S2B_MSIL2A_20230316T100029_R122_T35VML_20240806T010023
S2_FI_00001049,18170,2023-03-16,0.0,19.089602,65.4229790210436,174.115625919038,,,35VML,S2B_MSIL2A_20230316T100029_R122_T35VML_20240806T010023
S2_FI_00001050,18170,2023-04-05,0.0,49.661681,57.5510061946701,175.429361347053,,,35VML,S2B_MSIL2A_20230405T100029_R122_T35VML_20240830T025509
S2_FI_00001051,18170,2023-04-05,0.0,49.661681,57.5510061946701,175.429361347053,,,35VML,S2B_MSIL2A_20230405T100029_R122_T35VML_20240830T025509
S2_FI_00001052,18170,2023-04-05,0.0,49.661681,57.5510061946701,175.429361347053,,,35VML,S2B_MSIL2A_20230405T100029_R122_T35VML_20240830T025509
S2_FI_00001053,18170,2023-04-05,0.0,49.661681,57.5510061946701,175.429361347053,,,35VML,S2B_MSIL2A_20230405T100029_R122_T35VML_20240830T025509
S2_FI_00001054,18170,2023-04-05,0.0,49.661681,57.5510061946701,175.429361347053,,,35VML,S2B_MSIL2A_20230405T100029_R122_T35VML_20240830T025509
S2_FI_00001055,18170,2023-04-05,0.0,49.661681,57.5510061946701,175.429361347053,,,35VML,S2B_MSIL2A_20230405T100029_R122_T35VML_20240830T025509
S2_FI_00001056,18170,2023-04-12,0.0,57.541841,55.0376897024815,172.880337675646,,,35VML,S2B_MSIL2A_20230412T095029_R079_T35VML_20240828T091729
S2_FI_00001057,18170,2023-04-12,0.0,57.541841,55.0376897024815,172.880337675646,,,35VML,S2B_MSIL2A_20230412T095029_R079_T35VML_20240828T091729
S2_FI_00001058,18170,2023-04-12,0.0,57.541841,55.0376897024815,172.880337675646,,,35VML,S2B_MSIL2A_20230412T095029_R079_T35VML_20240828T091729
S2_FI_00001059,18170,2023-04-12,0.0,57.541841,55.0376897024815,172.880337675646,,,35VML,S2B_MSIL2A_20230412T095029_R079_T35VML_20240828T091729
S2_FI_00001060,18170,2023-04-12,0.0,57.541841,55.0376897024815,172.880337675646,,,35VML,S2B_MSIL2A_20230412T095029_R079_T35VML_20240828T091729
S2_FI_00001061,18170,2023-04-12,0.0,57.541841,55.0376897024815,172.880337675646,,,35VML,S2B_MSIL2A_20230412T095029_R079_T35VML_20240828T091729
S2_FI_00001062,18170,2023-04-19,0.0,99.999821,52.6882387363825,170.148499235319,,,35VML,S2B_MSIL2A_20230419T094029_R036_T35VML_20240905T044627
S2_FI_00001063,18170,2023-04-19,0.0,99.999821,52.6882387363825,170.148499235319,,,35VML,S2B_MSIL2A_20230419T094029_R036_T35VML_20240905T044627
S2_FI_00001064,18170,2023-04-19,0.0,99.999821,52.6882387363825,170.148499235319,,,35VML,S2B_MSIL2A_20230419T094029_R036_T35VML_20240905T044627
S2_FI_00001065,18170,2023-04-19,0.0,99.999821,52.6882387363825,170.148499235319,,,35VML,S2B_MSIL2A_20230419T094029_R036_T35VML_20240905T044627
S2_FI_00001066,18170,2023-04-19,0.0,99.999821,52.6882387363825,170.148499235319,,,35VML,S2B_MSIL2A_20230419T094029_R036_T35VML_20240905T044627
S2_FI_00001067,18170,2023-04-19,0.0,99.999821,52.6882387363825,170.148499235319,,,35VML,S2B_MSIL2A_20230419T094029_R036_T35VML_20240905T044627
S2_FI_00001068,18170,2023-04-24,0.0,99.999714,50.9837571127051,170.276213143823,,,35VML,S2A_MSIL2A_20230424T094031_R036_T35VML_20240831T183412
S2_FI_00001069,18170,2023-04-24,0.0,99.999714,50.9837571127051,170.276213143823,,,35VML,S2A_MSIL2A_20230424T094031_R036_T35VML_20240831T183412
S2_FI_00001070,18170,2023-04-24,0.0,99.999714,50.9837571127051,170.276213143823,,,35VML,S2A_MSIL2A_20230424T094031_R036_T35VML_20240831T183412
S2_FI_00001071,18170,2023-04-24,0.0,99.999714,50.9837571127051,170.276213143823,,,35VML,S2A_MSIL2A_20230424T094031_R036_T35VML_20240831T183412
S2_FI_00001072,18170,2023-04-24,0.0,99.999714,50.9837571127051,170.276213143823,,,35VML,S2A_MSIL2A_20230424T094031_R036_T35VML_20240831T183412
S2_FI_00001073,18170,2023-04-24,0.0,99.999714,50.9837571127051,170.276213143823,,,35VML,S2A_MSIL2A_20230424T094031_R036_T35VML_20240831T183412
S2_FI_00001074,18170,2023-05-02,1.0,100.0,48.2944368683893,173.621196528841,,,35VML,S2B_MSIL2A_20230502T095029_R079_T35VML_20240902T030627
S2_FI_00001075,18170,2023-05-02,1.0,100.0,48.2944368683893,173.621196528841,,,35VML,S2B_MSIL2A_20230502T095029_R079_T35VML_20240902T030627
S2_FI_00001076,18170,2023-05-02,1.0,100.0,48.2944368683893,173.621196528841,,,35VML,S2B_MSIL2A_20230502T095029_R079_T35VML_20240902T030627
S2_FI_00001077,18170,2023-05-02,1.0,100.0,48.2944368683893,173.621196528841,,,35VML,S2B_MSIL2A_20230502T095029_R079_T35VML_20240902T030627
S2_FI_00001078,18170,2023-05-02,1.0,100.0,48.2944368683893,173.621196528841,,,35VML,S2B_MSIL2A_20230502T095029_R079_T35VML_20240902T030627
S2_FI_00001079,18170,2023-05-02,1.0,100.0,48.2944368683893,173.621196528841,,,35VML,S2B_MSIL2A_20230502T095029_R079_T35VML_20240902T030627
S2_FI_00001080,18170,2023-05-10,0.0,89.591831,45.9523825870332,176.946047858416,,,35VML,S2A_MSIL2A_20230510T100031_R122_T35VML_20230510T154334
S2_FI_00001081,18170,2023-05-10,0.0,89.591831,45.9523825870332,176.946047858416,,,35VML,S2A_MSIL2A_20230510T100031_R122_T35VML_20230510T154334
S2_FI_00001082,18170,2023-05-10,0.0,89.591831,45.9523825870332,176.946047858416,,,35VML,S2A_MSIL2A_20230510T100031_R122_T35VML_20230510T154334
S2_FI_00001083,18170,2023-05-10,0.0,89.591831,45.9523825870332,176.946047858416,,,35VML,S2A_MSIL2A_20230510T100031_R122_T35VML_20230510T154334
S2_FI_00001084,18170,2023-05-10,0.0,89.591831,45.9523825870332,176.946047858416,,,35VML,S2A_MSIL2A_20230510T100031_R122_T35VML_20230510T154334
S2_FI_00001085,18170,2023-05-10,0.0,89.591831,45.9523825870332,176.946047858416,,,35VML,S2A_MSIL2A_20230510T100031_R122_T35VML_20230510T154334
S2_FI_00001086,18170,2023-05-15,1.0,20.801798,44.7050789030647,176.949600752651,,,35VML,S2B_MSIL2A_20230515T095559_R122_T35VML_20230515T161452
S2_FI_00001087,18170,2023-05-15,1.0,20.801798,44.7050789030647,176.949600752651,,,35VML,S2B_MSIL2A_20230515T095559_R122_T35VML_20230515T161452
S2_FI_00001088,18170,2023-05-15,1.0,20.801798,44.7050789030647,176.949600752651,,,35VML,S2B_MSIL2A_20230515T095559_R122_T35VML_20230515T161452
S2_FI_00001089,18170,2023-05-15,1.0,20.801798,44.7050789030647,176.949600752651,,,35VML,S2B_MSIL2A_20230515T095559_R122_T35VML_20230515T161452
S2_FI_00001090,18170,2023-05-15,1.0,20.801798,44.7050789030647,176.949600752651,,,35VML,S2B_MSIL2A_20230515T095559_R122_T35VML_20230515T161452
S2_FI_00001091,18170,2023-05-15,1.0,20.801798,44.7050789030647,176.949600752651,,,35VML,S2B_MSIL2A_20230515T095559_R122_T35VML_20230515T161452
S2_FI_00001092,18170,2023-05-22,0.0,70.396811,43.2829905392331,173.385763893825,,,35VML,S2B_MSIL2A_20230522T094549_R079_T35VML_20230522T142441
S2_FI_00001093,18170,2023-05-22,0.0,70.396811,43.2829905392331,173.385763893825,,,35VML,S2B_MSIL2A_20230522T094549_R079_T35VML_20230522T142441
S2_FI_00001094,18170,2023-05-22,0.0,70.396811,43.2829905392331,173.385763893825,,,35VML,S2B_MSIL2A_20230522T094549_R079_T35VML_20230522T142441
S2_FI_00001095,18170,2023-05-22,0.0,70.396811,43.2829905392331,173.385763893825,,,35VML,S2B_MSIL2A_20230522T094549_R079_T35VML_20230522T142441
S2_FI_00001096,18170,2023-05-22,0.0,70.396811,43.2829905392331,173.385763893825,,,35VML,S2B_MSIL2A_20230522T094549_R079_T35VML_20230522T142441
S2_FI_00001097,18170,2023-05-22,0.0,70.396811,43.2829905392331,173.385763893825,,,35VML,S2B_MSIL2A_20230522T094549_R079_T35VML_20230522T142441
S2_FI_00001098,18170,2023-05-30,1.0,78.192151,41.8057957594765,176.43100603544,,,35VML,S2A_MSIL2A_20230530T100031_R122_T35VML_20240906T093135
S2_FI_00001099,18170,2023-05-30,1.0,78.192151,41.8057957594765,176.43100603544,,,35VML,S2A_MSIL2A_20230530T100031_R122_T35VML_20240906T093135
S2_FI_00001100,18170,2023-05-30,1.0,78.192151,41.8057957594765,176.43100603544,,,35VML,S2A_MSIL2A_20230530T100031_R122_T35VML_20240906T093135
S2_FI_00001101,18170,2023-05-30,1.0,78.192151,41.8057957594765,176.43100603544,,,35VML,S2A_MSIL2A_20230530T100031_R122_T35VML_20240906T093135
S2_FI_00001102,18170,2023-05-30,1.0,78.192151,41.8057957594765,176.43100603544,,,35VML,S2A_MSIL2A_20230530T100031_R122_T35VML_20240906T093135
S2_FI_00001103,18170,2023-05-30,1.0,78.192151,41.8057957594765,176.43100603544,,,35VML,S2A_MSIL2A_20230530T100031_R122_T35VML_20240906T093135
S2_FI_00001104,18170,2023-06-19,0.0,6.327912,40.1794568873729,175.007210326461,,,35VML,S2A_MSIL2A_20230619T100031_R122_T35VML_20240911T192325
S2_FI_00001105,18170,2023-06-19,0.0,6.327912,40.1794568873729,175.007210326461,,,35VML,S2A_MSIL2A_20230619T100031_R122_T35VML_20240911T192325
S2_FI_00001106,18170,2023-06-19,0.0,6.327912,40.1794568873729,175.007210326461,,,35VML,S2A_MSIL2A_20230619T100031_R122_T35VML_20240911T192325
S2_FI_00001107,18170,2023-06-19,0.0,6.327912,40.1794568873729,175.007210326461,,,35VML,S2A_MSIL2A_20230619T100031_R122_T35VML_20240911T192325
S2_FI_00001108,18170,2023-06-19,0.0,6.327912,40.1794568873729,175.007210326461,,,35VML,S2A_MSIL2A_20230619T100031_R122_T35VML_20240911T192325
S2_FI_00001109,18170,2023-06-19,0.0,6.327912,40.1794568873729,175.007210326461,,,35VML,S2A_MSIL2A_20230619T100031_R122_T35VML_20240911T192325
S2_FI_00001110,18170,2023-07-18,0.0,36.944178,43.0059444510833,166.637487931416,,,35VML,S2B_MSIL2A_20230718T093549_R036_T35VML_20230718T141551
S2_FI_00001111,18170,2023-07-18,0.0,36.944178,43.0059444510833,166.637487931416,,,35VML,S2B_MSIL2A_20230718T093549_R036_T35VML_20230718T141551
S2_FI_00001112,18170,2023-07-18,0.0,36.944178,43.0059444510833,166.637487931416,,,35VML,S2B_MSIL2A_20230718T093549_R036_T35VML_20230718T141551
S2_FI_00001113,18170,2023-07-18,0.0,36.944178,43.0059444510833,166.637487931416,,,35VML,S2B_MSIL2A_20230718T093549_R036_T35VML_20230718T141551
S2_FI_00001114,18170,2023-07-18,0.0,36.944178,43.0059444510833,166.637487931416,,,35VML,S2B_MSIL2A_20230718T093549_R036_T35VML_20230718T141551
S2_FI_00001115,18170,2023-07-18,0.0,36.944178,43.0059444510833,166.637487931416,,,35VML,S2B_MSIL2A_20230718T093549_R036_T35VML_20230718T141551
S2_FI_00001116,18170,2023-08-17,0.0,91.861153,50.5128437877922,168.374696464806,,,35VML,S2B_MSIL2A_20230817T093549_R036_T35VML_20241023T205253
S2_FI_00001117,18170,2023-08-17,0.0,91.861153,50.5128437877922,168.374696464806,,,35VML,S2B_MSIL2A_20230817T093549_R036_T35VML_20241023T205253
S2_FI_00001118,18170,2023-08-17,0.0,91.861153,50.5128437877922,168.374696464806,,,35VML,S2B_MSIL2A_20230817T093549_R036_T35VML_20241023T205253
S2_FI_00001119,18170,2023-08-17,0.0,91.861153,50.5128437877922,168.374696464806,,,35VML,S2B_MSIL2A_20230817T093549_R036_T35VML_20241023T205253
S2_FI_00001120,18170,2023-08-17,0.0,91.861153,50.5128437877922,168.374696464806,,,35VML,S2B_MSIL2A_20230817T093549_R036_T35VML_20241023T205253
S2_FI_00001121,18170,2023-08-17,0.0,91.861153,50.5128437877922,168.374696464806,,,35VML,S2B_MSIL2A_20230817T093549_R036_T35VML_20241023T205253
S2_FI_00001122,18170,2023-08-28,0.0,100.0,53.8662380708075,175.718400114563,,,35VML,S2A_MSIL2A_20230828T100031_R122_T35VML_20241018T065117
S2_FI_00001123,18170,2023-08-28,0.0,100.0,53.8662380708075,175.718400114563,,,35VML,S2A_MSIL2A_20230828T100031_R122_T35VML_20241018T065117
S2_FI_00001124,18170,2023-08-28,0.0,100.0,53.8662380708075,175.718400114563,,,35VML,S2A_MSIL2A_20230828T100031_R122_T35VML_20241018T065117
S2_FI_00001125,18170,2023-08-28,0.0,100.0,53.8662380708075,175.718400114563,,,35VML,S2A_MSIL2A_20230828T100031_R122_T35VML_20241018T065117
S2_FI_00001126,18170,2023-08-28,0.0,100.0,53.8662380708075,175.718400114563,,,35VML,S2A_MSIL2A_20230828T100031_R122_T35VML_20241018T065117
S2_FI_00001127,18170,2023-08-28,0.0,100.0,53.8662380708075,175.718400114563,,,35VML,S2A_MSIL2A_20230828T100031_R122_T35VML_20241018T065117
S2_FI_00001128,18170,2023-09-12,0.0,65.74772,59.3614858168883,177.358535109712,,,35VML,S2B_MSIL2A_20230912T095609_R122_T35VML_20241103T122113
S2_FI_00001129,18170,2023-09-12,0.0,65.74772,59.3614858168883,177.358535109712,,,35VML,S2B_MSIL2A_20230912T095609_R122_T35VML_20241103T122113
S2_FI_00001130,18170,2023-09-12,0.0,65.74772,59.3614858168883,177.358535109712,,,35VML,S2B_MSIL2A_20230912T095609_R122_T35VML_20241103T122113
S2_FI_00001131,18170,2023-09-12,0.0,65.74772,59.3614858168883,177.358535109712,,,35VML,S2B_MSIL2A_20230912T095609_R122_T35VML_20241103T122113
S2_FI_00001132,18170,2023-09-12,0.0,65.74772,59.3614858168883,177.358535109712,,,35VML,S2B_MSIL2A_20230912T095609_R122_T35VML_20241103T122113
S2_FI_00001133,18170,2023-09-12,0.0,65.74772,59.3614858168883,177.358535109712,,,35VML,S2B_MSIL2A_20230912T095609_R122_T35VML_20241103T122113
S2_FI_00001134,18170,2023-09-27,0.0,100.0,65.1487003577073,178.943116375618,,,35VML,S2A_MSIL2A_20230927T100031_R122_T35VML_20230927T151846
S2_FI_00001135,18170,2023-09-27,0.0,100.0,65.1487003577073,178.943116375618,,,35VML,S2A_MSIL2A_20230927T100031_R122_T35VML_20230927T151846
S2_FI_00001136,18170,2023-09-27,0.0,100.0,65.1487003577073,178.943116375618,,,35VML,S2A_MSIL2A_20230927T100031_R122_T35VML_20230927T151846
S2_FI_00001137,18170,2023-09-27,0.0,100.0,65.1487003577073,178.943116375618,,,35VML,S2A_MSIL2A_20230927T100031_R122_T35VML_20230927T151846
S2_FI_00001138,18170,2023-09-27,0.0,100.0,65.1487003577073,178.943116375618,,,35VML,S2A_MSIL2A_20230927T100031_R122_T35VML_20230927T151846
S2_FI_00001139,18170,2023-09-27,0.0,100.0,65.1487003577073,178.943116375618,,,35VML,S2A_MSIL2A_20230927T100031_R122_T35VML_20230927T151846
S2_FI_00001140,18170,2023-10-09,0.0,54.73904,69.7974925577161,177.332054173287,,,35VML,S2B_MSIL2A_20231009T094819_R079_T35VML_20231009T161817
S2_FI_00001141,18170,2023-10-09,0.0,54.73904,69.7974925577161,177.332054173287,,,35VML,S2B_MSIL2A_20231009T094819_R079_T35VML_20231009T161817
S2_FI_00001142,18170,2023-10-09,0.0,54.73904,69.7974925577161,177.332054173287,,,35VML,S2B_MSIL2A_20231009T094819_R079_T35VML_20231009T161817
S2_FI_00001143,18170,2023-10-09,0.0,54.73904,69.7974925577161,177.332054173287,,,35VML,S2B_MSIL2A_20231009T094819_R079_T35VML_20231009T161817
S2_FI_00001144,18170,2023-10-09,0.0,54.73904,69.7974925577161,177.332054173287,,,35VML,S2B_MSIL2A_20231009T094819_R079_T35VML_20231009T161817
S2_FI_00001145,18170,2023-10-09,0.0,54.73904,69.7974925577161,177.332054173287,,,35VML,S2B_MSIL2A_20231009T094819_R079_T35VML_20231009T161817
S2_FI_00001146,18170,2023-10-24,0.0,0.239923,75.2737058244509,178.232195701328,,,35VML,S2A_MSIL2A_20231024T095051_R079_T35VML_20231024T121659
S2_FI_00001147,18170,2023-10-24,0.0,0.239923,75.2737058244509,178.232195701328,,,35VML,S2A_MSIL2A_20231024T095051_R079_T35VML_20231024T121659
S2_FI_00001148,18170,2023-10-24,0.0,0.239923,75.2737058244509,178.232195701328,,,35VML,S2A_MSIL2A_20231024T095051_R079_T35VML_20231024T121659
S2_FI_00001149,18170,2023-10-24,0.0,0.239923,75.2737058244509,178.232195701328,,,35VML,S2A_MSIL2A_20231024T095051_R079_T35VML_20231024T121659
S2_FI_00001150,18170,2023-10-24,0.0,0.239923,75.2737058244509,178.232195701328,,,35VML,S2A_MSIL2A_20231024T095051_R079_T35VML_20231024T121659
S2_FI_00001151,18170,2023-10-24,0.0,0.239923,75.2737058244509,178.232195701328,,,35VML,S2A_MSIL2A_20231024T095051_R079_T35VML_20231024T121659
S2_FI_00001152,18170,,,,,,,,,
S2_FI_00001153,18170,,,,,,,,,
S2_FI_00001154,18170,,,,,,,,,
S2_FI_00001155,18170,,,,,,,,,
S2_FI_00001156,18170,,,,,,,,,
S2_FI_00001157,18170,,,,,,,,,
S2_FI_00001158,18170,2023-11-21,1.0,99.315572,83.4308021466236,180.327663640573,,,35VML,S2B_MSIL2A_20231121T100229_R122_T35VML_20241106T132951
S2_FI_00001159,18170,2023-11-21,1.0,99.315572,83.4308021466236,180.327663640573,,,35VML,S2B_MSIL2A_20231121T100229_R122_T35VML_20241106T132951
S2_FI_00001160,18170,2023-11-21,1.0,99.315572,83.4308021466236,180.327663640573,,,35VML,S2B_MSIL2A_20231121T100229_R122_T35VML_20241106T132951
S2_FI_00001161,18170,2023-11-21,1.0,99.315572,83.4308021466236,180.327663640573,,,35VML,S2B_MSIL2A_20231121T100229_R122_T35VML_20241106T132951
S2_FI_00001162,18170,2023-11-21,1.0,99.315572,83.4308021466236,180.327663640573,,,35VML,S2B_MSIL2A_20231121T100229_R122_T35VML_20241106T132951
S2_FI_00001163,18170,2023-11-21,1.0,99.315572,83.4308021466236,180.327663640573,,,35VML,S2B_MSIL2A_20231121T100229_R122_T35VML_20241106T132951
S2_FI_00001164,18170,,,,,,,,,
S2_FI_00001165,18170,,,,,,,,,
S2_FI_00001166,18170,,,,,,,,,
S2_FI_00001167,18170,,,,,,,,,
S2_FI_00001168,18170,,,,,,,,,
S2_FI_00001169,18170,,,,,,,,,
S2_FI_00001170,18170,,,,,,,,,
S2_FI_00001171,18170,,,,,,,,,
S2_FI_00001172,18170,,,,,,,,,
S2_FI_00001173,18170,,,,,,,,,
S2_FI_00001174,18170,,,,,,,,,
S2_FI_00001175,18170,,,,,,,,,
S2_FI_00001176,18170,2024-02-14,0.0,97.005016,76.8305180283264,173.254233904719,,,35VML,S2A_MSIL2A_20240214T100121_R122_T35VML_20240214T120859
S2_FI_00001177,18170,2024-02-14,0.0,97.005016,76.8305180283264,173.254233904719,,,35VML,S2A_MSIL2A_20240214T100121_R122_T35VML_20240214T120859
S2_FI_00001178,18170,2024-02-14,0.0,97.005016,76.8305180283264,173.254233904719,,,35VML,S2A_MSIL2A_20240214T100121_R122_T35VML_20240214T120859
S2_FI_00001179,18170,2024-02-14,0.0,97.005016,76.8305180283264,173.254233904719,,,35VML,S2A_MSIL2A_20240214T100121_R122_T35VML_20240214T120859
S2_FI_00001180,18170,2024-02-14,0.0,97.005016,76.8305180283264,173.254233904719,,,35VML,S2A_MSIL2A_20240214T100121_R122_T35VML_20240214T120859
S2_FI_00001181,18170,2024-02-14,0.0,97.005016,76.8305180283264,173.254233904719,,,35VML,S2A_MSIL2A_20240214T100121_R122_T35VML_20240214T120859
S2_FI_00001182,18170,2024-03-10,1.0,99.935931,67.5035395431383,173.791263992203,,,35VML,S2B_MSIL2A_20240310T095729_R122_T35VML_20240310T141911
S2_FI_00001183,18170,2024-03-10,1.0,99.935931,67.5035395431383,173.791263992203,,,35VML,S2B_MSIL2A_20240310T095729_R122_T35VML_20240310T141911
S2_FI_00001184,18170,2024-03-10,1.0,99.935931,67.5035395431383,173.791263992203,,,35VML,S2B_MSIL2A_20240310T095729_R122_T35VML_20240310T141911
S2_FI_00001185,18170,2024-03-10,1.0,99.935931,67.5035395431383,173.791263992203,,,35VML,S2B_MSIL2A_20240310T095729_R122_T35VML_20240310T141911
S2_FI_00001186,18170,2024-03-10,1.0,99.935931,67.5035395431383,173.791263992203,,,35VML,S2B_MSIL2A_20240310T095729_R122_T35VML_20240310T141911
S2_FI_00001187,18170,2024-03-10,1.0,99.935931,67.5035395431383,173.791263992203,,,35VML,S2B_MSIL2A_20240310T095729_R122_T35VML_20240310T141911
S2_FI_00001188,18170,2024-04-01,1.0,98.441863,58.923956037873,172.287727301311,,,35VML,S2A_MSIL2A_20240401T095031_R079_T35VML_20240401T132420
S2_FI_00001189,18170,2024-04-01,1.0,98.441863,58.923956037873,172.287727301311,,,35VML,S2A_MSIL2A_20240401T095031_R079_T35VML_20240401T132420
S2_FI_00001190,18170,2024-04-01,1.0,98.441863,58.923956037873,172.287727301311,,,35VML,S2A_MSIL2A_20240401T095031_R079_T35VML_20240401T132420
S2_FI_00001191,18170,2024-04-01,1.0,98.441863,58.923956037873,172.287727301311,,,35VML,S2A_MSIL2A_20240401T095031_R079_T35VML_20240401T132420
S2_FI_00001192,18170,2024-04-01,1.0,98.441863,58.923956037873,172.287727301311,,,35VML,S2A_MSIL2A_20240401T095031_R079_T35VML_20240401T132420
S2_FI_00001193,18170,2024-04-01,1.0,98.441863,58.923956037873,172.287727301311,,,35VML,S2A_MSIL2A_20240401T095031_R079_T35VML_20240401T132420
S2_FI_00001194,18170,2024-04-09,0.0,39.579254,55.754770763297,175.731978903126,,,35VML,S2B_MSIL2A_20240409T095549_R122_T35VML_20240411T002152
S2_FI_00001195,18170,2024-04-09,0.0,39.579254,55.754770763297,175.731978903126,,,35VML,S2B_MSIL2A_20240409T095549_R122_T35VML_20240411T002152
S2_FI_00001196,18170,2024-04-09,0.0,39.579254,55.754770763297,175.731978903126,,,35VML,S2B_MSIL2A_20240409T095549_R122_T35VML_20240411T002152
S2_FI_00001197,18170,2024-04-09,0.0,39.579254,55.754770763297,175.731978903126,,,35VML,S2B_MSIL2A_20240409T095549_R122_T35VML_20240411T002152
S2_FI_00001198,18170,2024-04-09,0.0,39.579254,55.754770763297,175.731978903126,,,35VML,S2B_MSIL2A_20240409T095549_R122_T35VML_20240411T002152
S2_FI_00001199,18170,2024-04-09,0.0,39.579254,55.754770763297,175.731978903126,,,35VML,S2B_MSIL2A_20240409T095549_R122_T35VML_20240411T002152
S2_FI_00001200,18170,2024-04-16,1.0,99.998051,53.313321138149,173.116003551952,,,35VML,S2B_MSIL2A_20240416T094549_R079_T35VML_20240416T130228
S2_FI_00001201,18170,2024-04-16,1.0,99.998051,53.313321138149,173.116003551952,,,35VML,S2B_MSIL2A_20240416T094549_R079_T35VML_20240416T130228
S2_FI_00001202,18170,2024-04-16,1.0,99.998051,53.313321138149,173.116003551952,,,35VML,S2B_MSIL2A_20240416T094549_R079_T35VML_20240416T130228
S2_FI_00001203,18170,2024-04-16,1.0,99.998051,53.313321138149,173.116003551952,,,35VML,S2B_MSIL2A_20240416T094549_R079_T35VML_20240416T130228
S2_FI_00001204,18170,2024-04-16,1.0,99.998051,53.313321138149,173.116003551952,,,35VML,S2B_MSIL2A_20240416T094549_R079_T35VML_20240416T130228
S2_FI_00001205,18170,2024-04-16,1.0,99.998051,53.313321138149,173.116003551952,,,35VML,S2B_MSIL2A_20240416T094549_R079_T35VML_20240416T130228
S2_FI_00001206,18170,2024-04-21,1.0,95.162237,51.5752192001706,173.343873969545,,,35VML,S2A_MSIL2A_20240421T095031_R079_T35VML_20240421T151358
S2_FI_00001207,18170,2024-04-21,1.0,95.162237,51.5752192001706,173.343873969545,,,35VML,S2A_MSIL2A_20240421T095031_R079_T35VML_20240421T151358
S2_FI_00001208,18170,2024-04-21,1.0,95.162237,51.5752192001706,173.343873969545,,,35VML,S2A_MSIL2A_20240421T095031_R079_T35VML_20240421T151358
S2_FI_00001209,18170,2024-04-21,1.0,95.162237,51.5752192001706,173.343873969545,,,35VML,S2A_MSIL2A_20240421T095031_R079_T35VML_20240421T151358
S2_FI_00001210,18170,2024-04-21,1.0,95.162237,51.5752192001706,173.343873969545,,,35VML,S2A_MSIL2A_20240421T095031_R079_T35VML_20240421T151358
S2_FI_00001211,18170,2024-04-21,1.0,95.162237,51.5752192001706,173.343873969545,,,35VML,S2A_MSIL2A_20240421T095031_R079_T35VML_20240421T151358
S2_FI_00001212,18170,2024-04-29,0.0,98.419958,48.8829025511135,176.766273595031,,,35VML,S2B_MSIL2A_20240429T095549_R122_T35VML_20240429T142225
S2_FI_00001213,18170,2024-04-29,0.0,98.419958,48.8829025511135,176.766273595031,,,35VML,S2B_MSIL2A_20240429T095549_R122_T35VML_20240429T142225
S2_FI_00001214,18170,2024-04-29,0.0,98.419958,48.8829025511135,176.766273595031,,,35VML,S2B_MSIL2A_20240429T095549_R122_T35VML_20240429T142225
S2_FI_00001215,18170,2024-04-29,0.0,98.419958,48.8829025511135,176.766273595031,,,35VML,S2B_MSIL2A_20240429T095549_R122_T35VML_20240429T142225
S2_FI_00001216,18170,2024-04-29,0.0,98.419958,48.8829025511135,176.766273595031,,,35VML,S2B_MSIL2A_20240429T095549_R122_T35VML_20240429T142225
S2_FI_00001217,18170,2024-04-29,0.0,98.419958,48.8829025511135,176.766273595031,,,35VML,S2B_MSIL2A_20240429T095549_R122_T35VML_20240429T142225
S2_FI_00001218,18170,2024-05-06,0.0,99.329466,46.9204533321498,173.661431394349,,,35VML,S2B_MSIL2A_20240506T094549_R079_T35VML_20240506T131839
S2_FI_00001219,18170,2024-05-06,0.0,99.329466,46.9204533321498,173.661431394349,,,35VML,S2B_MSIL2A_20240506T094549_R079_T35VML_20240506T131839
S2_FI_00001220,18170,2024-05-06,0.0,99.329466,46.9204533321498,173.661431394349,,,35VML,S2B_MSIL2A_20240506T094549_R079_T35VML_20240506T131839
S2_FI_00001221,18170,2024-05-06,0.0,99.329466,46.9204533321498,173.661431394349,,,35VML,S2B_MSIL2A_20240506T094549_R079_T35VML_20240506T131839
S2_FI_00001222,18170,2024-05-06,0.0,99.329466,46.9204533321498,173.661431394349,,,35VML,S2B_MSIL2A_20240506T094549_R079_T35VML_20240506T131839
S2_FI_00001223,18170,2024-05-06,0.0,99.329466,46.9204533321498,173.661431394349,,,35VML,S2B_MSIL2A_20240506T094549_R079_T35VML_20240506T131839
S2_FI_00001224,18170,2024-05-14,1.0,89.989078,44.7617803189089,176.945966060012,,,35VML,S2A_MSIL2A_20240514T100031_R122_T35VML_20240514T140241
S2_FI_00001225,18170,2024-05-14,1.0,89.989078,44.7617803189089,176.945966060012,,,35VML,S2A_MSIL2A_20240514T100031_R122_T35VML_20240514T140241
S2_FI_00001226,18170,2024-05-14,1.0,89.989078,44.7617803189089,176.945966060012,,,35VML,S2A_MSIL2A_20240514T100031_R122_T35VML_20240514T140241
S2_FI_00001227,18170,2024-05-14,1.0,89.989078,44.7617803189089,176.945966060012,,,35VML,S2A_MSIL2A_20240514T100031_R122_T35VML_20240514T140241
S2_FI_00001228,18170,2024-05-14,1.0,89.989078,44.7617803189089,176.945966060012,,,35VML,S2A_MSIL2A_20240514T100031_R122_T35VML_20240514T140241
S2_FI_00001229,18170,2024-05-14,1.0,89.989078,44.7617803189089,176.945966060012,,,35VML,S2A_MSIL2A_20240514T100031_R122_T35VML_20240514T140241
S2_FI_00001230,18170,2024-05-21,1.0,53.748429,43.331975575845,173.372828496772,,,35VML,S2A_MSIL2A_20240521T095031_R079_T35VML_20240521T144404
S2_FI_00001231,18170,2024-05-21,1.0,53.748429,43.331975575845,173.372828496772,,,35VML,S2A_MSIL2A_20240521T095031_R079_T35VML_20240521T144404
S2_FI_00001232,18170,2024-05-21,1.0,53.748429,43.331975575845,173.372828496772,,,35VML,S2A_MSIL2A_20240521T095031_R079_T35VML_20240521T144404
S2_FI_00001233,18170,2024-05-21,1.0,53.748429,43.331975575845,173.372828496772,,,35VML,S2A_MSIL2A_20240521T095031_R079_T35VML_20240521T144404
S2_FI_00001234,18170,2024-05-21,1.0,53.748429,43.331975575845,173.372828496772,,,35VML,S2A_MSIL2A_20240521T095031_R079_T35VML_20240521T144404
S2_FI_00001235,18170,2024-05-21,1.0,53.748429,43.331975575845,173.372828496772,,,35VML,S2A_MSIL2A_20240521T095031_R079_T35VML_20240521T144404
S2_FI_00001236,18170,2024-05-26,1.0,32.429713,42.4198451295189,173.137550453988,,,35VML,S2B_MSIL2A_20240526T094549_R079_T35VML_20240526T131312
S2_FI_00001237,18170,2024-05-26,1.0,32.429713,42.4198451295189,173.137550453988,,,35VML,S2B_MSIL2A_20240526T094549_R079_T35VML_20240526T131312
S2_FI_00001238,18170,2024-05-26,1.0,32.429713,42.4198451295189,173.137550453988,,,35VML,S2B_MSIL2A_20240526T094549_R079_T35VML_20240526T131312
S2_FI_00001239,18170,2024-05-26,1.0,32.429713,42.4198451295189,173.137550453988,,,35VML,S2B_MSIL2A_20240526T094549_R079_T35VML_20240526T131312
S2_FI_00001240,18170,2024-05-26,1.0,32.429713,42.4198451295189,173.137550453988,,,35VML,S2B_MSIL2A_20240526T094549_R079_T35VML_20240526T131312
S2_FI_00001241,18170,2024-05-26,1.0,32.429713,42.4198451295189,173.137550453988,,,35VML,S2B_MSIL2A_20240526T094549_R079_T35VML_20240526T131312
S2_FI_00001242,18170,2024-06-18,1.0,99.99451,40.1831034392166,175.020824972757,,,35VML,S2B_MSIL2A_20240618T095549_R122_T35VML_20240618T131244
S2_FI_00001243,18170,2024-06-18,1.0,99.99451,40.1831034392166,175.020824972757,,,35VML,S2B_MSIL2A_20240618T095549_R122_T35VML_20240618T131244
S2_FI_00001244,18170,2024-06-18,1.0,99.99451,40.1831034392166,175.020824972757,,,35VML,S2B_MSIL2A_20240618T095549_R122_T35VML_20240618T131244
S2_FI_00001245,18170,2024-06-18,1.0,99.99451,40.1831034392166,175.020824972757,,,35VML,S2B_MSIL2A_20240618T095549_R122_T35VML_20240618T131244
S2_FI_00001246,18170,2024-06-18,1.0,99.99451,40.1831034392166,175.020824972757,,,35VML,S2B_MSIL2A_20240618T095549_R122_T35VML_20240618T131244
S2_FI_00001247,18170,2024-06-18,1.0,99.99451,40.1831034392166,175.020824972757,,,35VML,S2B_MSIL2A_20240618T095549_R122_T35VML_20240618T131244
S2_FI_00001248,18170,2024-07-15,1.0,98.935068,42.4026027403714,170.050120614121,,,35VML,S2B_MSIL2A_20240715T094549_R079_T35VML_20240715T135228
S2_FI_00001249,18170,2024-07-15,1.0,98.935068,42.4026027403714,170.050120614121,,,35VML,S2B_MSIL2A_20240715T094549_R079_T35VML_20240715T135228
S2_FI_00001250,18170,2024-07-15,1.0,98.935068,42.4026027403714,170.050120614121,,,35VML,S2B_MSIL2A_20240715T094549_R079_T35VML_20240715T135228
S2_FI_00001251,18170,2024-07-15,1.0,98.935068,42.4026027403714,170.050120614121,,,35VML,S2B_MSIL2A_20240715T094549_R079_T35VML_20240715T135228
S2_FI_00001252,18170,2024-07-15,1.0,98.935068,42.4026027403714,170.050120614121,,,35VML,S2B_MSIL2A_20240715T094549_R079_T35VML_20240715T135228
S2_FI_00001253,18170,2024-07-15,1.0,98.935068,42.4026027403714,170.050120614121,,,35VML,S2B_MSIL2A_20240715T094549_R079_T35VML_20240715T135228
S2_FI_00001254,18170,2024-08-07,0.0,0.081528,47.4234474647452,173.974409227062,,,35VML,S2B_MSIL2A_20240807T095549_R122_T35VML_20240807T132638
S2_FI_00001255,18170,2024-08-07,0.0,0.081528,47.4234474647452,173.974409227062,,,35VML,S2B_MSIL2A_20240807T095549_R122_T35VML_20240807T132638
S2_FI_00001256,18170,2024-08-07,0.0,0.081528,47.4234474647452,173.974409227062,,,35VML,S2B_MSIL2A_20240807T095549_R122_T35VML_20240807T132638
S2_FI_00001257,18170,2024-08-07,0.0,0.081528,47.4234474647452,173.974409227062,,,35VML,S2B_MSIL2A_20240807T095549_R122_T35VML_20240807T132638
S2_FI_00001258,18170,2024-08-07,0.0,0.081528,47.4234474647452,173.974409227062,,,35VML,S2B_MSIL2A_20240807T095549_R122_T35VML_20240807T132638
S2_FI_00001259,18170,2024-08-07,0.0,0.081528,47.4234474647452,173.974409227062,,,35VML,S2B_MSIL2A_20240807T095549_R122_T35VML_20240807T132638
S2_FI_00001260,18170,2024-08-27,1.0,55.929923,53.7804771111874,175.677147680219,,,35VML,S2B_MSIL2A_20240827T095549_R122_T35VML_20240827T130925
S2_FI_00001261,18170,2024-08-27,1.0,55.929923,53.7804771111874,175.677147680219,,,35VML,S2B_MSIL2A_20240827T095549_R122_T35VML_20240827T130925
S2_FI_00001262,18170,2024-08-27,1.0,55.929923,53.7804771111874,175.677147680219,,,35VML,S2B_MSIL2A_20240827T095549_R122_T35VML_20240827T130925
S2_FI_00001263,18170,2024-08-27,1.0,55.929923,53.7804771111874,175.677147680219,,,35VML,S2B_MSIL2A_20240827T095549_R122_T35VML_20240827T130925
S2_FI_00001264,18170,2024-08-27,1.0,55.929923,53.7804771111874,175.677147680219,,,35VML,S2B_MSIL2A_20240827T095549_R122_T35VML_20240827T130925
S2_FI_00001265,18170,2024-08-27,1.0,55.929923,53.7804771111874,175.677147680219,,,35VML,S2B_MSIL2A_20240827T095549_R122_T35VML_20240827T130925
S2_FI_00001266,18170,2024-09-11,1.0,100.0,59.2713493584389,177.305791750049,,,35VML,S2A_MSIL2A_20240911T100021_R122_T35VML_20240911T143249
S2_FI_00001267,18170,2024-09-11,1.0,100.0,59.2713493584389,177.305791750049,,,35VML,S2A_MSIL2A_20240911T100021_R122_T35VML_20240911T143249
S2_FI_00001268,18170,2024-09-11,1.0,100.0,59.2713493584389,177.305791750049,,,35VML,S2A_MSIL2A_20240911T100021_R122_T35VML_20240911T143249
S2_FI_00001269,18170,2024-09-11,1.0,100.0,59.2713493584389,177.305791750049,,,35VML,S2A_MSIL2A_20240911T100021_R122_T35VML_20240911T143249
S2_FI_00001270,18170,2024-09-11,1.0,100.0,59.2713493584389,177.305791750049,,,35VML,S2A_MSIL2A_20240911T100021_R122_T35VML_20240911T143249
S2_FI_00001271,18170,2024-09-11,1.0,100.0,59.2713493584389,177.305791750049,,,35VML,S2A_MSIL2A_20240911T100021_R122_T35VML_20240911T143249
S2_FI_00001272,18170,2024-09-25,0.0,98.510724,64.811845261029,173.310132710207,,,35VML,S2A_MSIL2A_20240925T094031_R036_T35VML_20240925T131054
S2_FI_00001273,18170,2024-09-25,0.0,98.510724,64.811845261029,173.310132710207,,,35VML,S2A_MSIL2A_20240925T094031_R036_T35VML_20240925T131054
S2_FI_00001274,18170,2024-09-25,0.0,98.510724,64.811845261029,173.310132710207,,,35VML,S2A_MSIL2A_20240925T094031_R036_T35VML_20240925T131054
S2_FI_00001275,18170,2024-09-25,0.0,98.510724,64.811845261029,173.310132710207,,,35VML,S2A_MSIL2A_20240925T094031_R036_T35VML_20240925T131054
S2_FI_00001276,18170,2024-09-25,0.0,98.510724,64.811845261029,173.310132710207,,,35VML,S2A_MSIL2A_20240925T094031_R036_T35VML_20240925T131054
S2_FI_00001277,18170,2024-09-25,0.0,98.510724,64.811845261029,173.310132710207,,,35VML,S2A_MSIL2A_20240925T094031_R036_T35VML_20240925T131054
S2_FI_00001278,18170,2024-10-08,0.0,98.711073,69.7076012495509,177.296765278614,,,35VML,S2A_MSIL2A_20241008T095031_R079_T35VML_20241008T124449
S2_FI_00001279,18170,2024-10-08,0.0,98.711073,69.7076012495509,177.296765278614,,,35VML,S2A_MSIL2A_20241008T095031_R079_T35VML_20241008T124449
S2_FI_00001280,18170,2024-10-08,0.0,98.711073,69.7076012495509,177.296765278614,,,35VML,S2A_MSIL2A_20241008T095031_R079_T35VML_20241008T124449
S2_FI_00001281,18170,2024-10-08,0.0,98.711073,69.7076012495509,177.296765278614,,,35VML,S2A_MSIL2A_20241008T095031_R079_T35VML_20241008T124449
S2_FI_00001282,18170,2024-10-08,0.0,98.711073,69.7076012495509,177.296765278614,,,35VML,S2A_MSIL2A_20241008T095031_R079_T35VML_20241008T124449
S2_FI_00001283,18170,2024-10-08,0.0,98.711073,69.7076012495509,177.296765278614,,,35VML,S2A_MSIL2A_20241008T095031_R079_T35VML_20241008T124449
S2_FI_00001284,18170,2024-10-23,1.0,14.759719,75.1880314526136,178.23095915752,,,35VML,S2B_MSIL2A_20241023T095029_R079_T35VML_20241023T112106
S2_FI_00001285,18170,2024-10-23,1.0,14.759719,75.1880314526136,178.23095915752,,,35VML,S2B_MSIL2A_20241023T095029_R079_T35VML_20241023T112106
S2_FI_00001286,18170,2024-10-23,1.0,14.759719,75.1880314526136,178.23095915752,,,35VML,S2B_MSIL2A_20241023T095029_R079_T35VML_20241023T112106
S2_FI_00001287,18170,2024-10-23,1.0,14.759719,75.1880314526136,178.23095915752,,,35VML,S2B_MSIL2A_20241023T095029_R079_T35VML_20241023T112106
S2_FI_00001288,18170,2024-10-23,1.0,14.759719,75.1880314526136,178.23095915752,,,35VML,S2B_MSIL2A_20241023T095029_R079_T35VML_20241023T112106
S2_FI_00001289,18170,2024-10-23,1.0,14.759719,75.1880314526136,178.23095915752,,,35VML,S2B_MSIL2A_20241023T095029_R079_T35VML_20241023T112106
S2_FI_00001290,18170,2024-11-04,0.0,92.431355,79.1769250271501,175.996673066265,,,35VML,S2A_MSIL2A_20241104T094151_R036_T35VML_20241104T105348
S2_FI_00001291,18170,2024-11-04,0.0,92.431355,79.1769250271501,175.996673066265,,,35VML,S2A_MSIL2A_20241104T094151_R036_T35VML_20241104T105348
S2_FI_00001292,18170,2024-11-04,0.0,92.431355,79.1769250271501,175.996673066265,,,35VML,S2A_MSIL2A_20241104T094151_R036_T35VML_20241104T105348
S2_FI_00001293,18170,2024-11-04,0.0,92.431355,79.1769250271501,175.996673066265,,,35VML,S2A_MSIL2A_20241104T094151_R036_T35VML_20241104T105348
S2_FI_00001294,18170,2024-11-04,0.0,92.431355,79.1769250271501,175.996673066265,,,35VML,S2A_MSIL2A_20241104T094151_R036_T35VML_20241104T105348
S2_FI_00001295,18170,2024-11-04,0.0,92.431355,79.1769250271501,175.996673066265,,,35VML,S2A_MSIL2A_20241104T094151_R036_T35VML_20241104T105348
S2_FI_00001296,18170,2024-11-19,1.0,99.850589,83.2233759819494,175.685037359892,,,35VML,S2B_MSIL2A_20241119T094209_R036_T35VML_20241119T111954
S2_FI_00001297,18170,2024-11-19,1.0,99.850589,83.2233759819494,175.685037359892,,,35VML,S2B_MSIL2A_20241119T094209_R036_T35VML_20241119T111954
S2_FI_00001298,18170,2024-11-19,1.0,99.850589,83.2233759819494,175.685037359892,,,35VML,S2B_MSIL2A_20241119T094209_R036_T35VML_20241119T111954
S2_FI_00001299,18170,2024-11-19,1.0,99.850589,83.2233759819494,175.685037359892,,,35VML,S2B_MSIL2A_20241119T094209_R036_T35VML_20241119T111954
S2_FI_00001300,18170,2024-11-19,1.0,99.850589,83.2233759819494,175.685037359892,,,35VML,S2B_MSIL2A_20241119T094209_R036_T35VML_20241119T111954
S2_FI_00001301,18170,2024-11-19,1.0,99.850589,83.2233759819494,175.685037359892,,,35VML,S2B_MSIL2A_20241119T094209_R036_T35VML_20241119T111954
S2_FI_00001302,18170,,,,,,,,,
S2_FI_00001303,18170,,,,,,,,,
S2_FI_00001304,18170,,,,,,,,,
S2_FI_00001305,18170,,,,,,,,,
S2_FI_00001306,18170,,,,,,,,,
S2_FI_00001307,18170,,,,,,,,,
S2_FI_00001602,21036,2023-02-06,0.0,3.53099,79.4926521815106,171.000087114738,,,35VML,S2A_MSIL2A_20230206T095201_R079_T35VML_20230207T042217
S2_FI_00001603,21036,2023-02-06,0.0,3.53099,79.4926521815106,171.000087114738,,,35VML,S2A_MSIL2A_20230206T095201_R079_T35VML_20230207T042217
S2_FI_00001604,21036,2023-02-06,0.0,3.53099,79.4926521815106,171.000087114738,,,35VML,S2A_MSIL2A_20230206T095201_R079_T35VML_20230207T042217
S2_FI_00001605,21036,2023-02-06,0.0,3.53099,79.4926521815106,171.000087114738,,,35VML,S2A_MSIL2A_20230206T095201_R079_T35VML_20230207T042217
S2_FI_00001606,21036,2023-02-06,0.0,3.53099,79.4926521815106,171.000087114738,,,35VML,S2A_MSIL2A_20230206T095201_R079_T35VML_20230207T042217
S2_FI_00001607,21036,2023-02-06,0.0,3.53099,79.4926521815106,171.000087114738,,,35VML,S2A_MSIL2A_20230206T095201_R079_T35VML_20230207T042217
S2_FI_00001608,21036,2023-07-26,1.0,58.015376,44.370688898711,170.12004694316,,,35VML,S2A_MSIL2A_20230726T095031_R079_T35VML_20241018T154701
S2_FI_00001609,21036,2023-07-26,1.0,58.015376,44.370688898711,170.12004694316,,,35VML,S2A_MSIL2A_20230726T095031_R079_T35VML_20241018T154701
S2_FI_00001610,21036,2023-07-26,1.0,58.015376,44.370688898711,170.12004694316,,,35VML,S2A_MSIL2A_20230726T095031_R079_T35VML_20241018T154701
S2_FI_00001611,21036,2023-07-26,1.0,58.015376,44.370688898711,170.12004694316,,,35VML,S2A_MSIL2A_20230726T095031_R079_T35VML_20241018T154701
S2_FI_00001612,21036,2023-07-26,1.0,58.015376,44.370688898711,170.12004694316,,,35VML,S2A_MSIL2A_20230726T095031_R079_T35VML_20241018T154701
S2_FI_00001613,21036,2023-07-26,1.0,58.015376,44.370688898711,170.12004694316,,,35VML,S2A_MSIL2A_20230726T095031_R079_T35VML_20241018T154701
S2_FI_00001614,21036,2023-10-17,0.0,67.169851,72.7640092901622,180.462516384995,,,35VML,S2A_MSIL2A_20231017T100031_R122_T35VML_20231017T165620
S2_FI_00001615,21036,2023-10-17,0.0,67.169851,72.7640092901622,180.462516384995,,,35VML,S2A_MSIL2A_20231017T100031_R122_T35VML_20231017T165620
S2_FI_00001616,21036,2023-10-17,0.0,67.169851,72.7640092901622,180.462516384995,,,35VML,S2A_MSIL2A_20231017T100031_R122_T35VML_20231017T165620
S2_FI_00001617,21036,2023-10-17,0.0,67.169851,72.7640092901622,180.462516384995,,,35VML,S2A_MSIL2A_20231017T100031_R122_T35VML_20231017T165620
S2_FI_00001618,21036,2023-10-17,0.0,67.169851,72.7640092901622,180.462516384995,,,35VML,S2A_MSIL2A_20231017T100031_R122_T35VML_20231017T165620
S2_FI_00001619,21036,2023-10-17,0.0,67.169851,72.7640092901622,180.462516384995,,,35VML,S2A_MSIL2A_20231017T100031_R122_T35VML_20231017T165620
S2_FI_00002166,25333,2023-03-08,1.0,86.620164,67.8495578036265,171.038606407713,,,35VMK,S2A_MSIL2A_20230308T095031_R079_T35VMK_20240822T165158
S2_FI_00002167,25333,2023-03-08,1.0,86.620164,67.8495578036265,171.038606407713,,,35VMK,S2A_MSIL2A_20230308T095031_R079_T35VMK_20240822T165158
S2_FI_00002168,25333,2023-03-08,1.0,86.620164,67.8495578036265,171.038606407713,,,35VMK,S2A_MSIL2A_20230308T095031_R079_T35VMK_20240822T165158
S2_FI_00002169,25333,2023-03-08,1.0,86.620164,67.8495578036265,171.038606407713,,,35VMK,S2A_MSIL2A_20230308T095031_R079_T35VMK_20240822T165158
S2_FI_00002170,25333,2023-03-08,1.0,86.620164,67.8495578036265,171.038606407713,,,35VMK,S2A_MSIL2A_20230308T095031_R079_T35VMK_20240822T165158
S2_FI_00002171,25333,2023-03-08,1.0,86.620164,67.8495578036265,171.038606407713,,,35VMK,S2A_MSIL2A_20230308T095031_R079_T35VMK_20240822T165158
S2_FI_00002172,25333,2023-06-16,1.0,5.696534,39.4822188676235,171.683604512904,,,35VMK,S2A_MSIL2A_20230616T095031_R079_T35VMK_20240912T001946
S2_FI_00002173,25333,2023-06-16,1.0,5.696534,39.4822188676235,171.683604512904,,,35VMK,S2A_MSIL2A_20230616T095031_R079_T35VMK_20240912T001946
S2_FI_00002174,25333,2023-06-16,1.0,5.696534,39.4822188676235,171.683604512904,,,35VMK,S2A_MSIL2A_20230616T095031_R079_T35VMK_20240912T001946
S2_FI_00002175,25333,2023-06-16,1.0,5.696534,39.4822188676235,171.683604512904,,,35VMK,S2A_MSIL2A_20230616T095031_R079_T35VMK_20240912T001946
S2_FI_00002176,25333,2023-06-16,1.0,5.696534,39.4822188676235,171.683604512904,,,35VMK,S2A_MSIL2A_20230616T095031_R079_T35VMK_20240912T001946
S2_FI_00002177,25333,2023-06-16,1.0,5.696534,39.4822188676235,171.683604512904,,,35VMK,S2A_MSIL2A_20230616T095031_R079_T35VMK_20240912T001946
S2_FI_00002178,25333,2023-08-17,0.0,92.887312,49.6258002907112,168.333302935364,,,35VMK,S2B_MSIL2A_20230817T093549_R036_T35VMK_20241023T205253
S2_FI_00002179,25333,2023-08-17,0.0,92.887312,49.6258002907112,168.333302935364,,,35VMK,S2B_MSIL2A_20230817T093549_R036_T35VMK_20241023T205253
S2_FI_00002180,25333,2023-08-17,0.0,92.887312,49.6258002907112,168.333302935364,,,35VMK,S2B_MSIL2A_20230817T093549_R036_T35VMK_20241023T205253
S2_FI_00002181,25333,2023-08-17,0.0,92.887312,49.6258002907112,168.333302935364,,,35VMK,S2B_MSIL2A_20230817T093549_R036_T35VMK_20241023T205253
S2_FI_00002182,25333,2023-08-17,0.0,92.887312,49.6258002907112,168.333302935364,,,35VMK,S2B_MSIL2A_20230817T093549_R036_T35VMK_20241023T205253
S2_FI_00002183,25333,2023-08-17,0.0,92.887312,49.6258002907112,168.333302935364,,,35VMK,S2B_MSIL2A_20230817T093549_R036_T35VMK_20241023T205253
S2_FI_00002220,25801,2023-03-01,0.0,98.908365,70.4079048010776,173.462990465758,,,35VMK,S2A_MSIL2A_20230301T100021_R122_T35VMK_20240821T023929
S2_FI_00002221,25801,2023-03-01,0.0,98.908365,70.4079048010776,173.462990465758,,,35VMK,S2A_MSIL2A_20230301T100021_R122_T35VMK_20240821T023929
S2_FI_00002222,25801,2023-03-01,0.0,98.908365,70.4079048010776,173.462990465758,,,35VMK,S2A_MSIL2A_20230301T100021_R122_T35VMK_20240821T023929
S2_FI_00002223,25801,2023-03-01,0.0,98.908365,70.4079048010776,173.462990465758,,,35VMK,S2A_MSIL2A_20230301T100021_R122_T35VMK_20240821T023929
S2_FI_00002224,25801,2023-03-01,0.0,98.908365,70.4079048010776,173.462990465758,,,35VMK,S2A_MSIL2A_20230301T100021_R122_T35VMK_20240821T023929
S2_FI_00002225,25801,2023-03-01,0.0,98.908365,70.4079048010776,173.462990465758,,,35VMK,S2A_MSIL2A_20230301T100021_R122_T35VMK_20240821T023929
S2_FI_00002226,25801,2023-06-14,0.0,3.508451,39.4332220916689,175.445219029677,,,35VMK,S2B_MSIL2A_20230614T095559_R122_T35VMK_20240909T201410
S2_FI_00002227,25801,2023-06-14,0.0,3.508451,39.4332220916689,175.445219029677,,,35VMK,S2B_MSIL2A_20230614T095559_R122_T35VMK_20240909T201410
S2_FI_00002228,25801,2023-06-14,0.0,3.508451,39.4332220916689,175.445219029677,,,35VMK,S2B_MSIL2A_20230614T095559_R122_T35VMK_20240909T201410
S2_FI_00002229,25801,2023-06-14,0.0,3.508451,39.4332220916689,175.445219029677,,,35VMK,S2B_MSIL2A_20230614T095559_R122_T35VMK_20240909T201410
S2_FI_00002230,25801,2023-06-14,0.0,3.508451,39.4332220916689,175.445219029677,,,35VMK,S2B_MSIL2A_20230614T095559_R122_T35VMK_20240909T201410
S2_FI_00002231,25801,2023-06-14,0.0,3.508451,39.4332220916689,175.445219029677,,,35VMK,S2B_MSIL2A_20230614T095559_R122_T35VMK_20240909T201410
S2_FI_00002232,25801,2023-08-08,1.0,89.234585,46.5942090697923,174.020588536019,,,35VMK,S2A_MSIL2A_20230808T100031_R122_T35VMK_20241021T205631
S2_FI_00002233,25801,2023-08-08,1.0,89.234585,46.5942090697923,174.020588536019,,,35VMK,S2A_MSIL2A_20230808T100031_R122_T35VMK_20241021T205631
S2_FI_00002234,25801,2023-08-08,1.0,89.234585,46.5942090697923,174.020588536019,,,35VMK,S2A_MSIL2A_20230808T100031_R122_T35VMK_20241021T205631
S2_FI_00002235,25801,2023-08-08,1.0,89.234585,46.5942090697923,174.020588536019,,,35VMK,S2A_MSIL2A_20230808T100031_R122_T35VMK_20241021T205631
S2_FI_00002236,25801,2023-08-08,1.0,89.234585,46.5942090697923,174.020588536019,,,35VMK,S2A_MSIL2A_20230808T100031_R122_T35VMK_20241021T205631
S2_FI_00002237,25801,2023-08-08,1.0,89.234585,46.5942090697923,174.020588536019,,,35VMK,S2A_MSIL2A_20230808T100031_R122_T35VMK_20241021T205631
S2_FI_00002736,3070,2023-02-26,1.0,39.807472,69.0266741531429,170.905596750122,,,35VMG,S2A_MSIL2A_20230226T095031_R079_T35VMG_20230228T144250
S2_FI_00002737,3070,2023-02-26,1.0,39.807472,69.0266741531429,170.905596750122,,,35VMG,S2A_MSIL2A_20230226T095031_R079_T35VMG_20230228T144250
S2_FI_00002738,3070,2023-02-26,1.0,39.807472,69.0266741531429,170.905596750122,,,35VMG,S2A_MSIL2A_20230226T095031_R079_T35VMG_20230228T144250
S2_FI_00002739,3070,2023-02-26,1.0,39.807472,69.0266741531429,170.905596750122,,,35VMG,S2A_MSIL2A_20230226T095031_R079_T35VMG_20230228T144250
S2_FI_00002740,3070,2023-02-26,1.0,39.807472,69.0266741531429,170.905596750122,,,35VMG,S2A_MSIL2A_20230226T095031_R079_T35VMG_20230228T144250
S2_FI_00002741,3070,2023-02-26,1.0,39.807472,69.0266741531429,170.905596750122,,,35VMG,S2A_MSIL2A_20230226T095031_R079_T35VMG_20230228T144250
S2_FI_00002742,3070,2023-08-07,2.0,39.346457,44.0286560360686,167.139425096837,,,35VMG,S2B_MSIL2A_20230807T093549_R036_T35VMG_20241016T210425
S2_FI_00002743,3070,2023-08-07,2.0,39.346457,44.0286560360686,167.139425096837,,,35VMG,S2B_MSIL2A_20230807T093549_R036_T35VMG_20241016T210425
S2_FI_00002744,3070,2023-08-07,2.0,39.346457,44.0286560360686,167.139425096837,,,35VMG,S2B_MSIL2A_20230807T093549_R036_T35VMG_20241016T210425
S2_FI_00002745,3070,2023-08-07,2.0,39.346457,44.0286560360686,167.139425096837,,,35VMG,S2B_MSIL2A_20230807T093549_R036_T35VMG_20241016T210425
S2_FI_00002746,3070,2023-08-07,2.0,39.346457,44.0286560360686,167.139425096837,,,35VMG,S2B_MSIL2A_20230807T093549_R036_T35VMG_20241016T210425
S2_FI_00002747,3070,2023-08-07,2.0,39.346457,44.0286560360686,167.139425096837,,,35VMG,S2B_MSIL2A_20230807T093549_R036_T35VMG_20241016T210425
S2_FI_00002748,3070,2023-09-04,0.0,99.77352,52.8836651728418,173.63163886623,,,35VMG,S2A_MSIL2A_20230904T095031_R079_T35VMG_20241017T204831
S2_FI_00002749,3070,2023-09-04,0.0,99.77352,52.8836651728418,173.63163886623,,,35VMG,S2A_MSIL2A_20230904T095031_R079_T35VMG_20241017T204831
S2_FI_00002750,3070,2023-09-04,0.0,99.77352,52.8836651728418,173.63163886623,,,35VMG,S2A_MSIL2A_20230904T095031_R079_T35VMG_20241017T204831
S2_FI_00002751,3070,2023-09-04,0.0,99.77352,52.8836651728418,173.63163886623,,,35VMG,S2A_MSIL2A_20230904T095031_R079_T35VMG_20241017T204831
S2_FI_00002752,3070,2023-09-04,0.0,99.77352,52.8836651728418,173.63163886623,,,35VMG,S2A_MSIL2A_20230904T095031_R079_T35VMG_20241017T204831
S2_FI_00002753,3070,2023-09-04,0.0,99.77352,52.8836651728418,173.63163886623,,,35VMG,S2A_MSIL2A_20230904T095031_R079_T35VMG_20241017T204831
S2_FI_00002754,3070,2024-02-06,1.0,97.752827,75.9937639289511,171.215952967666,,,35VMG,S2B_MSIL2A_20240206T095109_R079_T35VMG_20240206T123805
S2_FI_00002755,3070,2024-02-06,1.0,97.752827,75.9937639289511,171.215952967666,,,35VMG,S2B_MSIL2A_20240206T095109_R079_T35VMG_20240206T123805
S2_FI_00002756,3070,2024-02-06,1.0,97.752827,75.9937639289511,171.215952967666,,,35VMG,S2B_MSIL2A_20240206T095109_R079_T35VMG_20240206T123805
S2_FI_00002757,3070,2024-02-06,1.0,97.752827,75.9937639289511,171.215952967666,,,35VMG,S2B_MSIL2A_20240206T095109_R079_T35VMG_20240206T123805
S2_FI_00002758,3070,2024-02-06,1.0,97.752827,75.9937639289511,171.215952967666,,,35VMG,S2B_MSIL2A_20240206T095109_R079_T35VMG_20240206T123805
S2_FI_00002759,3070,2024-02-06,1.0,97.752827,75.9937639289511,171.215952967666,,,35VMG,S2B_MSIL2A_20240206T095109_R079_T35VMG_20240206T123805
S2_FI_00002760,3070,2024-07-30,0.0,75.824642,41.9078032806878,170.096795050814,,,35VMG,S2A_MSIL2A_20240730T095031_R079_T35VMG_20240730T155453
S2_FI_00002761,3070,2024-07-30,0.0,75.824642,41.9078032806878,170.096795050814,,,35VMG,S2A_MSIL2A_20240730T095031_R079_T35VMG_20240730T155453
S2_FI_00002762,3070,2024-07-30,0.0,75.824642,41.9078032806878,170.096795050814,,,35VMG,S2A_MSIL2A_20240730T095031_R079_T35VMG_20240730T155453
S2_FI_00002763,3070,2024-07-30,0.0,75.824642,41.9078032806878,170.096795050814,,,35VMG,S2A_MSIL2A_20240730T095031_R079_T35VMG_20240730T155453
S2_FI_00002764,3070,2024-07-30,0.0,75.824642,41.9078032806878,170.096795050814,,,35VMG,S2A_MSIL2A_20240730T095031_R079_T35VMG_20240730T155453
S2_FI_00002765,3070,2024-07-30,0.0,75.824642,41.9078032806878,170.096795050814,,,35VMG,S2A_MSIL2A_20240730T095031_R079_T35VMG_20240730T155453
S2_FI_00003132,3192,2023-02-13,1.0,100.0,73.8993712814728,168.464714525813,,,35VMG,S2A_MSIL2A_20230213T094111_R036_T35VMG_20230213T172009
S2_FI_00003133,3192,2023-02-13,1.0,100.0,73.8993712814728,168.464714525813,,,35VMG,S2A_MSIL2A_20230213T094111_R036_T35VMG_20230213T172009
S2_FI_00003134,3192,2023-02-13,1.0,100.0,73.8993712814728,168.464714525813,,,35VMG,S2A_MSIL2A_20230213T094111_R036_T35VMG_20230213T172009
S2_FI_00003135,3192,2023-02-13,1.0,100.0,73.8993712814728,168.464714525813,,,35VMG,S2A_MSIL2A_20230213T094111_R036_T35VMG_20230213T172009
S2_FI_00003136,3192,2023-02-13,1.0,100.0,73.8993712814728,168.464714525813,,,35VMG,S2A_MSIL2A_20230213T094111_R036_T35VMG_20230213T172009
S2_FI_00003137,3192,2023-02-13,1.0,100.0,73.8993712814728,168.464714525813,,,35VMG,S2A_MSIL2A_20230213T094111_R036_T35VMG_20230213T172009
S2_FI_00003138,3192,2023-08-15,1.0,0.171166,46.1247449369414,171.276136160148,,,35VMG,S2A_MSIL2A_20230815T095031_R079_T35VMG_20241014T195621
S2_FI_00003139,3192,2023-08-15,1.0,0.171166,46.1247449369414,171.276136160148,,,35VMG,S2A_MSIL2A_20230815T095031_R079_T35VMG_20241014T195621
S2_FI_00003140,3192,2023-08-15,1.0,0.171166,46.1247449369414,171.276136160148,,,35VMG,S2A_MSIL2A_20230815T095031_R079_T35VMG_20241014T195621
S2_FI_00003141,3192,2023-08-15,1.0,0.171166,46.1247449369414,171.276136160148,,,35VMG,S2A_MSIL2A_20230815T095031_R079_T35VMG_20241014T195621
S2_FI_00003142,3192,2023-08-15,1.0,0.171166,46.1247449369414,171.276136160148,,,35VMG,S2A_MSIL2A_20230815T095031_R079_T35VMG_20241014T195621
S2_FI_00003143,3192,2023-08-15,1.0,0.171166,46.1247449369414,171.276136160148,,,35VMG,S2A_MSIL2A_20230815T095031_R079_T35VMG_20241014T195621
S2_FI_00003144,3192,2023-09-06,1.0,0.475028,53.7780334406351,170.81896899538,,,35VMG,S2B_MSIL2A_20230906T093549_R036_T35VMG_20241029T123722
S2_FI_00003145,3192,2023-09-06,1.0,0.475028,53.7780334406351,170.81896899538,,,35VMG,S2B_MSIL2A_20230906T093549_R036_T35VMG_20241029T123722
S2_FI_00003146,3192,2023-09-06,1.0,0.475028,53.7780334406351,170.81896899538,,,35VMG,S2B_MSIL2A_20230906T093549_R036_T35VMG_20241029T123722
S2_FI_00003147,3192,2023-09-06,1.0,0.475028,53.7780334406351,170.81896899538,,,35VMG,S2B_MSIL2A_20230906T093549_R036_T35VMG_20241029T123722
S2_FI_00003148,3192,2023-09-06,1.0,0.475028,53.7780334406351,170.81896899538,,,35VMG,S2B_MSIL2A_20230906T093549_R036_T35VMG_20241029T123722
S2_FI_00003149,3192,2023-09-06,1.0,0.475028,53.7780334406351,170.81896899538,,,35VMG,S2B_MSIL2A_20230906T093549_R036_T35VMG_20241029T123722
S2_FI_00003150,3192,2024-02-08,0.0,40.806404,75.5978345109068,168.647550409729,,,35VMG,S2A_MSIL2A_20240208T094141_R036_T35VMG_20240208T110841
S2_FI_00003151,3192,2024-02-08,0.0,40.806404,75.5978345109068,168.647550409729,,,35VMG,S2A_MSIL2A_20240208T094141_R036_T35VMG_20240208T110841
S2_FI_00003152,3192,2024-02-08,0.0,40.806404,75.5978345109068,168.647550409729,,,35VMG,S2A_MSIL2A_20240208T094141_R036_T35VMG_20240208T110841
S2_FI_00003153,3192,2024-02-08,0.0,40.806404,75.5978345109068,168.647550409729,,,35VMG,S2A_MSIL2A_20240208T094141_R036_T35VMG_20240208T110841
S2_FI_00003154,3192,2024-02-08,0.0,40.806404,75.5978345109068,168.647550409729,,,35VMG,S2A_MSIL2A_20240208T094141_R036_T35VMG_20240208T110841
S2_FI_00003155,3192,2024-02-08,0.0,40.806404,75.5978345109068,168.647550409729,,,35VMG,S2A_MSIL2A_20240208T094141_R036_T35VMG_20240208T110841
S2_FI_00003156,3192,2024-07-30,1.0,75.824642,41.9078032806878,170.096795050814,,,35VMG,S2A_MSIL2A_20240730T095031_R079_T35VMG_20240730T155453
S2_FI_00003157,3192,2024-07-30,1.0,75.824642,41.9078032806878,170.096795050814,,,35VMG,S2A_MSIL2A_20240730T095031_R079_T35VMG_20240730T155453
S2_FI_00003158,3192,2024-07-30,1.0,75.824642,41.9078032806878,170.096795050814,,,35VMG,S2A_MSIL2A_20240730T095031_R079_T35VMG_20240730T155453
S2_FI_00003159,3192,2024-07-30,1.0,75.824642,41.9078032806878,170.096795050814,,,35VMG,S2A_MSIL2A_20240730T095031_R079_T35VMG_20240730T155453
S2_FI_00003160,3192,2024-07-30,1.0,75.824642,41.9078032806878,170.096795050814,,,35VMG,S2A_MSIL2A_20240730T095031_R079_T35VMG_20240730T155453
S2_FI_00003161,3192,2024-07-30,1.0,75.824642,41.9078032806878,170.096795050814,,,35VMG,S2A_MSIL2A_20240730T095031_R079_T35VMG_20240730T155453
S2_FI_00003600,36218,,,,,,,,,
S2_FI_00003601,36218,,,,,,,,,
S2_FI_00003602,36218,,,,,,,,,
S2_FI_00003603,36218,,,,,,,,,
S2_FI_00003604,36218,,,,,,,,,
S2_FI_00003605,36218,,,,,,,,,
S2_FI_00003606,36218,2023-02-22,0.0,0.71665,76.5082550472298,175.594120357022,,,35WMP,S2A_MSIL2A_20230222T101031_R022_T35WMP_20230223T050606
S2_FI_00003607,36218,2023-02-22,0.0,0.71665,76.5082550472298,175.594120357022,,,35WMP,S2A_MSIL2A_20230222T101031_R022_T35WMP_20230223T050606
S2_FI_00003608,36218,2023-02-22,0.0,0.71665,76.5082550472298,175.594120357022,,,35WMP,S2A_MSIL2A_20230222T101031_R022_T35WMP_20230223T050606
S2_FI_00003609,36218,2023-02-22,0.0,0.71665,76.5082550472298,175.594120357022,,,35WMP,S2A_MSIL2A_20230222T101031_R022_T35WMP_20230223T050606
S2_FI_00003610,36218,2023-02-22,0.0,0.71665,76.5082550472298,175.594120357022,,,35WMP,S2A_MSIL2A_20230222T101031_R022_T35WMP_20230223T050606
S2_FI_00003611,36218,2023-02-22,0.0,0.71665,76.5082550472298,175.594120357022,,,35WMP,S2A_MSIL2A_20230222T101031_R022_T35WMP_20230223T050606
S2_FI_00003612,36218,2023-03-13,0.0,27.457729,69.4390302175693,171.116815944222,,,35WMP,S2B_MSIL2A_20230313T095039_R079_T35WMP_20240819T180634
S2_FI_00003613,36218,2023-03-13,0.0,27.457729,69.4390302175693,171.116815944222,,,35WMP,S2B_MSIL2A_20230313T095039_R079_T35WMP_20240819T180634
S2_FI_00003614,36218,2023-03-13,0.0,27.457729,69.4390302175693,171.116815944222,,,35WMP,S2B_MSIL2A_20230313T095039_R079_T35WMP_20240819T180634
S2_FI_00003615,36218,2023-03-13,0.0,27.457729,69.4390302175693,171.116815944222,,,35WMP,S2B_MSIL2A_20230313T095039_R079_T35WMP_20240819T180634
S2_FI_00003616,36218,2023-03-13,0.0,27.457729,69.4390302175693,171.116815944222,,,35WMP,S2B_MSIL2A_20230313T095039_R079_T35WMP_20240819T180634
S2_FI_00003617,36218,2023-03-13,0.0,27.457729,69.4390302175693,171.116815944222,,,35WMP,S2B_MSIL2A_20230313T095039_R079_T35WMP_20240819T180634
S2_FI_00003618,36218,2023-04-03,0.0,48.438218,60.9472094100571,177.931490182322,,,35WMP,S2A_MSIL2A_20230403T100551_R022_T35WMP_20240825T000821
S2_FI_00003619,36218,2023-04-03,0.0,48.438218,60.9472094100571,177.931490182322,,,35WMP,S2A_MSIL2A_20230403T100551_R022_T35WMP_20240825T000821
S2_FI_00003620,36218,2023-04-03,0.0,48.438218,60.9472094100571,177.931490182322,,,35WMP,S2A_MSIL2A_20230403T100551_R022_T35WMP_20240825T000821
S2_FI_00003621,36218,2023-04-03,0.0,48.438218,60.9472094100571,177.931490182322,,,35WMP,S2A_MSIL2A_20230403T100551_R022_T35WMP_20240825T000821
S2_FI_00003622,36218,2023-04-03,0.0,48.438218,60.9472094100571,177.931490182322,,,35WMP,S2A_MSIL2A_20230403T100551_R022_T35WMP_20240825T000821
S2_FI_00003623,36218,2023-04-03,0.0,48.438218,60.9472094100571,177.931490182322,,,35WMP,S2A_MSIL2A_20230403T100551_R022_T35WMP_20240825T000821
S2_FI_00003624,36218,2023-04-18,0.0,81.552494,55.418274495474,179.02470101542,,,35WMP,S2B_MSIL2A_20230418T100559_R022_T35WMP_20230419T024825
S2_FI_00003625,36218,2023-04-18,0.0,81.552494,55.418274495474,179.02470101542,,,35WMP,S2B_MSIL2A_20230418T100559_R022_T35WMP_20230419T024825
S2_FI_00003626,36218,2023-04-18,0.0,81.552494,55.418274495474,179.02470101542,,,35WMP,S2B_MSIL2A_20230418T100559_R022_T35WMP_20230419T024825
S2_FI_00003627,36218,2023-04-18,0.0,81.552494,55.418274495474,179.02470101542,,,35WMP,S2B_MSIL2A_20230418T100559_R022_T35WMP_20230419T024825
S2_FI_00003628,36218,2023-04-18,0.0,81.552494,55.418274495474,179.02470101542,,,35WMP,S2B_MSIL2A_20230418T100559_R022_T35WMP_20230419T024825
S2_FI_00003629,36218,2023-04-18,0.0,81.552494,55.418274495474,179.02470101542,,,35WMP,S2B_MSIL2A_20230418T100559_R022_T35WMP_20230419T024825
S2_FI_00003630,36218,2023-04-23,1.0,36.730027,53.7093316241514,179.307529194673,,,35WMP,S2A_MSIL2A_20230423T100551_R022_T35WMP_20230424T112210
S2_FI_00003631,36218,2023-04-23,1.0,36.730027,53.7093316241514,179.307529194673,,,35WMP,S2A_MSIL2A_20230423T100551_R022_T35WMP_20230424T112210
S2_FI_00003632,36218,2023-04-23,1.0,36.730027,53.7093316241514,179.307529194673,,,35WMP,S2A_MSIL2A_20230423T100551_R022_T35WMP_20230424T112210
S2_FI_00003633,36218,2023-04-23,1.0,36.730027,53.7093316241514,179.307529194673,,,35WMP,S2A_MSIL2A_20230423T100551_R022_T35WMP_20230424T112210
S2_FI_00003634,36218,2023-04-23,1.0,36.730027,53.7093316241514,179.307529194673,,,35WMP,S2A_MSIL2A_20230423T100551_R022_T35WMP_20230424T112210
S2_FI_00003635,36218,2023-04-23,1.0,36.730027,53.7093316241514,179.307529194673,,,35WMP,S2A_MSIL2A_20230423T100551_R022_T35WMP_20230424T112210
S2_FI_00003636,36218,2023-05-05,1.0,86.712974,50.0163695250481,176.69560220091,,,35WMP,S2B_MSIL2A_20230505T100029_R122_T35WMP_20230505T132836
S2_FI_00003637,36218,2023-05-05,1.0,86.712974,50.0163695250481,176.69560220091,,,35WMP,S2B_MSIL2A_20230505T100029_R122_T35WMP_20230505T132836
S2_FI_00003638,36218,2023-05-05,1.0,86.712974,50.0163695250481,176.69560220091,,,35WMP,S2B_MSIL2A_20230505T100029_R122_T35WMP_20230505T132836
S2_FI_00003639,36218,2023-05-05,1.0,86.712974,50.0163695250481,176.69560220091,,,35WMP,S2B_MSIL2A_20230505T100029_R122_T35WMP_20230505T132836
S2_FI_00003640,36218,2023-05-05,1.0,86.712974,50.0163695250481,176.69560220091,,,35WMP,S2B_MSIL2A_20230505T100029_R122_T35WMP_20230505T132836
S2_FI_00003641,36218,2023-05-05,1.0,86.712974,50.0163695250481,176.69560220091,,,35WMP,S2B_MSIL2A_20230505T100029_R122_T35WMP_20230505T132836
S2_FI_00003642,36218,2023-05-08,1.0,20.249398,49.1483609121113,179.885447792454,,,35WMP,S2B_MSIL2A_20230508T100559_R022_T35WMP_20230508T163258
S2_FI_00003643,36218,2023-05-08,1.0,20.249398,49.1483609121113,179.885447792454,,,35WMP,S2B_MSIL2A_20230508T100559_R022_T35WMP_20230508T163258
S2_FI_00003644,36218,2023-05-08,1.0,20.249398,49.1483609121113,179.885447792454,,,35WMP,S2B_MSIL2A_20230508T100559_R022_T35WMP_20230508T163258
S2_FI_00003645,36218,2023-05-08,1.0,20.249398,49.1483609121113,179.885447792454,,,35WMP,S2B_MSIL2A_20230508T100559_R022_T35WMP_20230508T163258
S2_FI_00003646,36218,2023-05-08,1.0,20.249398,49.1483609121113,179.885447792454,,,35WMP,S2B_MSIL2A_20230508T100559_R022_T35WMP_20230508T163258
S2_FI_00003647,36218,2023-05-08,1.0,20.249398,49.1483609121113,179.885447792454,,,35WMP,S2B_MSIL2A_20230508T100559_R022_T35WMP_20230508T163258
S2_FI_00003648,36218,2023-05-15,0.0,1.350974,47.3989417756392,176.737623769695,,,35WMP,S2B_MSIL2A_20230515T095559_R122_T35WMP_20230515T150940
S2_FI_00003649,36218,2023-05-15,0.0,1.350974,47.3989417756392,176.737623769695,,,35WMP,S2B_MSIL2A_20230515T095559_R122_T35WMP_20230515T150940
S2_FI_00003650,36218,2023-05-15,0.0,1.350974,47.3989417756392,176.737623769695,,,35WMP,S2B_MSIL2A_20230515T095559_R122_T35WMP_20230515T150940
S2_FI_00003651,36218,2023-05-15,0.0,1.350974,47.3989417756392,176.737623769695,,,35WMP,S2B_MSIL2A_20230515T095559_R122_T35WMP_20230515T150940
S2_FI_00003652,36218,2023-05-15,0.0,1.350974,47.3989417756392,176.737623769695,,,35WMP,S2B_MSIL2A_20230515T095559_R122_T35WMP_20230515T150940
S2_FI_00003653,36218,2023-05-15,0.0,1.350974,47.3989417756392,176.737623769695,,,35WMP,S2B_MSIL2A_20230515T095559_R122_T35WMP_20230515T150940
S2_FI_00003654,36218,2023-05-25,0.0,9.994021,45.316366031836,176.48231135932,,,35WMP,S2B_MSIL2A_20230525T095559_R122_T35WMP_20240908T101427
S2_FI_00003655,36218,2023-05-25,0.0,9.994021,45.316366031836,176.48231135932,,,35WMP,S2B_MSIL2A_20230525T095559_R122_T35WMP_20240908T101427
S2_FI_00003656,36218,2023-05-25,0.0,9.994021,45.316366031836,176.48231135932,,,35WMP,S2B_MSIL2A_20230525T095559_R122_T35WMP_20240908T101427
S2_FI_00003657,36218,2023-05-25,0.0,9.994021,45.316366031836,176.48231135932,,,35WMP,S2B_MSIL2A_20230525T095559_R122_T35WMP_20240908T101427
S2_FI_00003658,36218,2023-05-25,0.0,9.994021,45.316366031836,176.48231135932,,,35WMP,S2B_MSIL2A_20230525T095559_R122_T35WMP_20240908T101427
S2_FI_00003659,36218,2023-05-25,0.0,9.994021,45.316366031836,176.48231135932,,,35WMP,S2B_MSIL2A_20230525T095559_R122_T35WMP_20240908T101427
S2_FI_00003660,36218,2023-05-28,1.0,99.997967,44.7710378227964,179.642069183161,,,35WMP,S2B_MSIL2A_20230528T100559_R022_T35WMP_20240908T043144
S2_FI_00003661,36218,2023-05-28,1.0,99.997967,44.7710378227964,179.642069183161,,,35WMP,S2B_MSIL2A_20230528T100559_R022_T35WMP_20240908T043144
S2_FI_00003662,36218,2023-05-28,1.0,99.997967,44.7710378227964,179.642069183161,,,35WMP,S2B_MSIL2A_20230528T100559_R022_T35WMP_20240908T043144
S2_FI_00003663,36218,2023-05-28,1.0,99.997967,44.7710378227964,179.642069183161,,,35WMP,S2B_MSIL2A_20230528T100559_R022_T35WMP_20240908T043144
S2_FI_00003664,36218,2023-05-28,1.0,99.997967,44.7710378227964,179.642069183161,,,35WMP,S2B_MSIL2A_20230528T100559_R022_T35WMP_20240908T043144
S2_FI_00003665,36218,2023-05-28,1.0,99.997967,44.7710378227964,179.642069183161,,,35WMP,S2B_MSIL2A_20230528T100559_R022_T35WMP_20240908T043144
S2_FI_00003666,36218,2023-06-06,0.0,66.064566,43.7266888908963,172.505217735483,,,35WMP,S2A_MSIL2A_20230606T095031_R079_T35WMP_20240928T023512
S2_FI_00003667,36218,2023-06-06,0.0,66.064566,43.7266888908963,172.505217735483,,,35WMP,S2A_MSIL2A_20230606T095031_R079_T35WMP_20240928T023512
S2_FI_00003668,36218,2023-06-06,0.0,66.064566,43.7266888908963,172.505217735483,,,35WMP,S2A_MSIL2A_20230606T095031_R079_T35WMP_20240928T023512
S2_FI_00003669,36218,2023-06-06,0.0,66.064566,43.7266888908963,172.505217735483,,,35WMP,S2A_MSIL2A_20230606T095031_R079_T35WMP_20240928T023512
S2_FI_00003670,36218,2023-06-06,0.0,66.064566,43.7266888908963,172.505217735483,,,35WMP,S2A_MSIL2A_20230606T095031_R079_T35WMP_20240928T023512
S2_FI_00003671,36218,2023-06-06,0.0,66.064566,43.7266888908963,172.505217735483,,,35WMP,S2A_MSIL2A_20230606T095031_R079_T35WMP_20240928T023512
S2_FI_00003672,36218,2023-06-19,0.0,0.029718,42.8706278702786,174.901277374736,,,35WMP,S2A_MSIL2A_20230619T100031_R122_T35WMP_20240911T192325
S2_FI_00003673,36218,2023-06-19,0.0,0.029718,42.8706278702786,174.901277374736,,,35WMP,S2A_MSIL2A_20230619T100031_R122_T35WMP_20240911T192325
S2_FI_00003674,36218,2023-06-19,0.0,0.029718,42.8706278702786,174.901277374736,,,35WMP,S2A_MSIL2A_20230619T100031_R122_T35WMP_20240911T192325
S2_FI_00003675,36218,2023-06-19,0.0,0.029718,42.8706278702786,174.901277374736,,,35WMP,S2A_MSIL2A_20230619T100031_R122_T35WMP_20240911T192325
S2_FI_00003676,36218,2023-06-19,0.0,0.029718,42.8706278702786,174.901277374736,,,35WMP,S2A_MSIL2A_20230619T100031_R122_T35WMP_20240911T192325
S2_FI_00003677,36218,2023-06-19,0.0,0.029718,42.8706278702786,174.901277374736,,,35WMP,S2A_MSIL2A_20230619T100031_R122_T35WMP_20240911T192325
S2_FI_00003678,36218,2023-07-04,0.0,99.133015,43.4442467113017,173.906893249224,,,35WMP,S2B_MSIL2A_20230704T095559_R122_T35WMP_20230704T142634
S2_FI_00003679,36218,2023-07-04,0.0,99.133015,43.4442467113017,173.906893249224,,,35WMP,S2B_MSIL2A_20230704T095559_R122_T35WMP_20230704T142634
S2_FI_00003680,36218,2023-07-04,0.0,99.133015,43.4442467113017,173.906893249224,,,35WMP,S2B_MSIL2A_20230704T095559_R122_T35WMP_20230704T142634
S2_FI_00003681,36218,2023-07-04,0.0,99.133015,43.4442467113017,173.906893249224,,,35WMP,S2B_MSIL2A_20230704T095559_R122_T35WMP_20230704T142634
S2_FI_00003682,36218,2023-07-04,0.0,99.133015,43.4442467113017,173.906893249224,,,35WMP,S2B_MSIL2A_20230704T095559_R122_T35WMP_20230704T142634
S2_FI_00003683,36218,2023-07-04,0.0,99.133015,43.4442467113017,173.906893249224,,,35WMP,S2B_MSIL2A_20230704T095559_R122_T35WMP_20230704T142634
S2_FI_00003684,36218,2023-08-13,1.0,99.964672,51.6406558891981,174.226665238861,,,35WMP,S2B_MSIL2A_20230813T095559_R122_T35WMP_20241015T114308
S2_FI_00003685,36218,2023-08-13,1.0,99.964672,51.6406558891981,174.226665238861,,,35WMP,S2B_MSIL2A_20230813T095559_R122_T35WMP_20241015T114308
S2_FI_00003686,36218,2023-08-13,1.0,99.964672,51.6406558891981,174.226665238861,,,35WMP,S2B_MSIL2A_20230813T095559_R122_T35WMP_20241015T114308
S2_FI_00003687,36218,2023-08-13,1.0,99.964672,51.6406558891981,174.226665238861,,,35WMP,S2B_MSIL2A_20230813T095559_R122_T35WMP_20241015T114308
S2_FI_00003688,36218,2023-08-13,1.0,99.964672,51.6406558891981,174.226665238861,,,35WMP,S2B_MSIL2A_20230813T095559_R122_T35WMP_20241015T114308
S2_FI_00003689,36218,2023-08-13,1.0,99.964672,51.6406558891981,174.226665238861,,,35WMP,S2B_MSIL2A_20230813T095559_R122_T35WMP_20241015T114308
S2_FI_00003690,36218,2023-08-28,0.0,97.010493,56.5584939149915,175.537097491304,,,35WMP,S2A_MSIL2A_20230828T100031_R122_T35WMP_20241018T065117
S2_FI_00003691,36218,2023-08-28,0.0,97.010493,56.5584939149915,175.537097491304,,,35WMP,S2A_MSIL2A_20230828T100031_R122_T35WMP_20241018T065117
S2_FI_00003692,36218,2023-08-28,0.0,97.010493,56.5584939149915,175.537097491304,,,35WMP,S2A_MSIL2A_20230828T100031_R122_T35WMP_20241018T065117
S2_FI_00003693,36218,2023-08-28,0.0,97.010493,56.5584939149915,175.537097491304,,,35WMP,S2A_MSIL2A_20230828T100031_R122_T35WMP_20241018T065117
S2_FI_00003694,36218,2023-08-28,0.0,97.010493,56.5584939149915,175.537097491304,,,35WMP,S2A_MSIL2A_20230828T100031_R122_T35WMP_20241018T065117
S2_FI_00003695,36218,2023-08-28,0.0,97.010493,56.5584939149915,175.537097491304,,,35WMP,S2A_MSIL2A_20230828T100031_R122_T35WMP_20241018T065117
S2_FI_00003696,36218,2023-09-12,0.0,99.899799,62.0552152505345,177.122542745579,,,35WMP,S2B_MSIL2A_20230912T095609_R122_T35WMP_20241103T122113
S2_FI_00003697,36218,2023-09-12,0.0,99.899799,62.0552152505345,177.122542745579,,,35WMP,S2B_MSIL2A_20230912T095609_R122_T35WMP_20241103T122113
S2_FI_00003698,36218,2023-09-12,0.0,99.899799,62.0552152505345,177.122542745579,,,35WMP,S2B_MSIL2A_20230912T095609_R122_T35WMP_20241103T122113
S2_FI_00003699,36218,2023-09-12,0.0,99.899799,62.0552152505345,177.122542745579,,,35WMP,S2B_MSIL2A_20230912T095609_R122_T35WMP_20241103T122113
S2_FI_00003700,36218,2023-09-12,0.0,99.899799,62.0552152505345,177.122542745579,,,35WMP,S2B_MSIL2A_20230912T095609_R122_T35WMP_20241103T122113
S2_FI_00003701,36218,2023-09-12,0.0,99.899799,62.0552152505345,177.122542745579,,,35WMP,S2B_MSIL2A_20230912T095609_R122_T35WMP_20241103T122113
S2_FI_00003702,36218,2023-09-25,0.0,51.790148,67.0648732489171,181.189449447201,,,35WMP,S2B_MSIL2A_20230925T100649_R022_T35WMP_20241106T022651
S2_FI_00003703,36218,2023-09-25,0.0,51.790148,67.0648732489171,181.189449447201,,,35WMP,S2B_MSIL2A_20230925T100649_R022_T35WMP_20241106T022651
S2_FI_00003704,36218,2023-09-25,0.0,51.790148,67.0648732489171,181.189449447201,,,35WMP,S2B_MSIL2A_20230925T100649_R022_T35WMP_20241106T022651
S2_FI_00003705,36218,2023-09-25,0.0,51.790148,67.0648732489171,181.189449447201,,,35WMP,S2B_MSIL2A_20230925T100649_R022_T35WMP_20241106T022651
S2_FI_00003706,36218,2023-09-25,0.0,51.790148,67.0648732489171,181.189449447201,,,35WMP,S2B_MSIL2A_20230925T100649_R022_T35WMP_20241106T022651
S2_FI_00003707,36218,2023-09-25,0.0,51.790148,67.0648732489171,181.189449447201,,,35WMP,S2B_MSIL2A_20230925T100649_R022_T35WMP_20241106T022651
S2_FI_00003708,36218,2023-10-10,0.0,36.844414,72.8660067330812,182.343914774214,,,35WMP,S2A_MSIL2A_20231010T100931_R022_T35WMP_20231010T191529
S2_FI_00003709,36218,2023-10-10,0.0,36.844414,72.8660067330812,182.343914774214,,,35WMP,S2A_MSIL2A_20231010T100931_R022_T35WMP_20231010T191529
S2_FI_00003710,36218,2023-10-10,0.0,36.844414,72.8660067330812,182.343914774214,,,35WMP,S2A_MSIL2A_20231010T100931_R022_T35WMP_20231010T191529
S2_FI_00003711,36218,2023-10-10,0.0,36.844414,72.8660067330812,182.343914774214,,,35WMP,S2A_MSIL2A_20231010T100931_R022_T35WMP_20231010T191529
S2_FI_00003712,36218,2023-10-10,0.0,36.844414,72.8660067330812,182.343914774214,,,35WMP,S2A_MSIL2A_20231010T100931_R022_T35WMP_20231010T191529
S2_FI_00003713,36218,2023-10-10,0.0,36.844414,72.8660067330812,182.343914774214,,,35WMP,S2A_MSIL2A_20231010T100931_R022_T35WMP_20231010T191529
S2_FI_00003714,36218,2023-10-22,1.0,50.516754,77.2548716447686,180.414195282661,,,35WMP,S2B_MSIL2A_20231022T095949_R122_T35WMP_20231022T132209
S2_FI_00003715,36218,2023-10-22,1.0,50.516754,77.2548716447686,180.414195282661,,,35WMP,S2B_MSIL2A_20231022T095949_R122_T35WMP_20231022T132209
S2_FI_00003716,36218,2023-10-22,1.0,50.516754,77.2548716447686,180.414195282661,,,35WMP,S2B_MSIL2A_20231022T095949_R122_T35WMP_20231022T132209
S2_FI_00003717,36218,2023-10-22,1.0,50.516754,77.2548716447686,180.414195282661,,,35WMP,S2B_MSIL2A_20231022T095949_R122_T35WMP_20231022T132209
S2_FI_00003718,36218,2023-10-22,1.0,50.516754,77.2548716447686,180.414195282661,,,35WMP,S2B_MSIL2A_20231022T095949_R122_T35WMP_20231022T132209
S2_FI_00003719,36218,2023-10-22,1.0,50.516754,77.2548716447686,180.414195282661,,,35WMP,S2B_MSIL2A_20231022T095949_R122_T35WMP_20231022T132209
S2_FI_00003720,36218,2023-11-08,1.0,97.651261,82.7842532171408,178.187116354046,,,35WMP,S2B_MSIL2A_20231108T095129_R079_T35WMP_20231108T130902
S2_FI_00003721,36218,2023-11-08,1.0,97.651261,82.7842532171408,178.187116354046,,,35WMP,S2B_MSIL2A_20231108T095129_R079_T35WMP_20231108T130902
S2_FI_00003722,36218,2023-11-08,1.0,97.651261,82.7842532171408,178.187116354046,,,35WMP,S2B_MSIL2A_20231108T095129_R079_T35WMP_20231108T130902
S2_FI_00003723,36218,2023-11-08,1.0,97.651261,82.7842532171408,178.187116354046,,,35WMP,S2B_MSIL2A_20231108T095129_R079_T35WMP_20231108T130902
S2_FI_00003724,36218,2023-11-08,1.0,97.651261,82.7842532171408,178.187116354046,,,35WMP,S2B_MSIL2A_20231108T095129_R079_T35WMP_20231108T130902
S2_FI_00003725,36218,2023-11-08,1.0,97.651261,82.7842532171408,178.187116354046,,,35WMP,S2B_MSIL2A_20231108T095129_R079_T35WMP_20231108T130902
S2_FI_00003726,36218,,,,,,,,,
S2_FI_00003727,36218,,,,,,,,,
S2_FI_00003728,36218,,,,,,,,,
S2_FI_00003729,36218,,,,,,,,,
S2_FI_00003730,36218,,,,,,,,,
S2_FI_00003731,36218,,,,,,,,,
S2_FI_00003732,36218,,,,,,,,,
S2_FI_00003733,36218,,,,,,,,,
S2_FI_00003734,36218,,,,,,,,,
S2_FI_00003735,36218,,,,,,,,,
S2_FI_00003736,36218,,,,,,,,,
S2_FI_00003737,36218,,,,,,,,,
S2_FI_00003738,36218,2024-02-02,0.0,10.656788,83.1878594443269,175.77570026876,,,35WMP,S2B_MSIL2A_20240202T101139_R022_T35WMP_20240202T141227
S2_FI_00003739,36218,2024-02-02,0.0,10.656788,83.1878594443269,175.77570026876,,,35WMP,S2B_MSIL2A_20240202T101139_R022_T35WMP_20240202T141227
S2_FI_00003740,36218,2024-02-02,0.0,10.656788,83.1878594443269,175.77570026876,,,35WMP,S2B_MSIL2A_20240202T101139_R022_T35WMP_20240202T141227
S2_FI_00003741,36218,2024-02-02,0.0,10.656788,83.1878594443269,175.77570026876,,,35WMP,S2B_MSIL2A_20240202T101139_R022_T35WMP_20240202T141227
S2_FI_00003742,36218,2024-02-02,0.0,10.656788,83.1878594443269,175.77570026876,,,35WMP,S2B_MSIL2A_20240202T101139_R022_T35WMP_20240202T141227
S2_FI_00003743,36218,2024-02-02,0.0,10.656788,83.1878594443269,175.77570026876,,,35WMP,S2B_MSIL2A_20240202T101139_R022_T35WMP_20240202T141227
S2_FI_00003744,36218,2024-03-07,0.0,99.684662,71.5133607671353,170.851244776772,,,35WMP,S2B_MSIL2A_20240307T094739_R079_T35WMP_20240307T132456
S2_FI_00003745,36218,2024-03-07,0.0,99.684662,71.5133607671353,170.851244776772,,,35WMP,S2B_MSIL2A_20240307T094739_R079_T35WMP_20240307T132456
S2_FI_00003746,36218,2024-03-07,0.0,99.684662,71.5133607671353,170.851244776772,,,35WMP,S2B_MSIL2A_20240307T094739_R079_T35WMP_20240307T132456
S2_FI_00003747,36218,2024-03-07,0.0,99.684662,71.5133607671353,170.851244776772,,,35WMP,S2B_MSIL2A_20240307T094739_R079_T35WMP_20240307T132456
S2_FI_00003748,36218,2024-03-07,0.0,99.684662,71.5133607671353,170.851244776772,,,35WMP,S2B_MSIL2A_20240307T094739_R079_T35WMP_20240307T132456
S2_FI_00003749,36218,2024-03-07,0.0,99.684662,71.5133607671353,170.851244776772,,,35WMP,S2B_MSIL2A_20240307T094739_R079_T35WMP_20240307T132456
S2_FI_00003750,36218,2024-04-04,0.0,50.116777,60.3367723048026,175.204681282668,,,35WMP,S2A_MSIL2A_20240404T100021_R122_T35WMP_20240404T152619
S2_FI_00003751,36218,2024-04-04,0.0,50.116777,60.3367723048026,175.204681282668,,,35WMP,S2A_MSIL2A_20240404T100021_R122_T35WMP_20240404T152619
S2_FI_00003752,36218,2024-04-04,0.0,50.116777,60.3367723048026,175.204681282668,,,35WMP,S2A_MSIL2A_20240404T100021_R122_T35WMP_20240404T152619
S2_FI_00003753,36218,2024-04-04,0.0,50.116777,60.3367723048026,175.204681282668,,,35WMP,S2A_MSIL2A_20240404T100021_R122_T35WMP_20240404T152619
S2_FI_00003754,36218,2024-04-04,0.0,50.116777,60.3367723048026,175.204681282668,,,35WMP,S2A_MSIL2A_20240404T100021_R122_T35WMP_20240404T152619
S2_FI_00003755,36218,2024-04-04,0.0,50.116777,60.3367723048026,175.204681282668,,,35WMP,S2A_MSIL2A_20240404T100021_R122_T35WMP_20240404T152619
S2_FI_00003756,36218,2024-04-09,1.0,78.072155,58.4473942673212,175.546003700187,,,35WMP,S2B_MSIL2A_20240409T095549_R122_T35WMP_20240411T003038
S2_FI_00003757,36218,2024-04-09,1.0,78.072155,58.4473942673212,175.546003700187,,,35WMP,S2B_MSIL2A_20240409T095549_R122_T35WMP_20240411T003038
S2_FI_00003758,36218,2024-04-09,1.0,78.072155,58.4473942673212,175.546003700187,,,35WMP,S2B_MSIL2A_20240409T095549_R122_T35WMP_20240411T003038
S2_FI_00003759,36218,2024-04-09,1.0,78.072155,58.4473942673212,175.546003700187,,,35WMP,S2B_MSIL2A_20240409T095549_R122_T35WMP_20240411T003038
S2_FI_00003760,36218,2024-04-09,1.0,78.072155,58.4473942673212,175.546003700187,,,35WMP,S2B_MSIL2A_20240409T095549_R122_T35WMP_20240411T003038
S2_FI_00003761,36218,2024-04-09,1.0,78.072155,58.4473942673212,175.546003700187,,,35WMP,S2B_MSIL2A_20240409T095549_R122_T35WMP_20240411T003038
S2_FI_00003762,36218,2024-04-14,1.0,76.690322,56.6145955937783,175.867698346423,,,35WMP,S2A_MSIL2A_20240414T100031_R122_T35WMP_20240414T143245
S2_FI_00003763,36218,2024-04-14,1.0,76.690322,56.6145955937783,175.867698346423,,,35WMP,S2A_MSIL2A_20240414T100031_R122_T35WMP_20240414T143245
S2_FI_00003764,36218,2024-04-14,1.0,76.690322,56.6145955937783,175.867698346423,,,35WMP,S2A_MSIL2A_20240414T100031_R122_T35WMP_20240414T143245
S2_FI_00003765,36218,2024-04-14,1.0,76.690322,56.6145955937783,175.867698346423,,,35WMP,S2A_MSIL2A_20240414T100031_R122_T35WMP_20240414T143245
S2_FI_00003766,36218,2024-04-14,1.0,76.690322,56.6145955937783,175.867698346423,,,35WMP,S2A_MSIL2A_20240414T100031_R122_T35WMP_20240414T143245
S2_FI_00003767,36218,2024-04-14,1.0,76.690322,56.6145955937783,175.867698346423,,,35WMP,S2A_MSIL2A_20240414T100031_R122_T35WMP_20240414T143245
S2_FI_00003768,36218,2024-04-24,0.0,99.907166,53.1682430124595,176.38635653189,,,35WMP,S2A_MSIL2A_20240424T100031_R122_T35WMP_20240424T161451
S2_FI_00003769,36218,2024-04-24,0.0,99.907166,53.1682430124595,176.38635653189,,,35WMP,S2A_MSIL2A_20240424T100031_R122_T35WMP_20240424T161451
S2_FI_00003770,36218,2024-04-24,0.0,99.907166,53.1682430124595,176.38635653189,,,35WMP,S2A_MSIL2A_20240424T100031_R122_T35WMP_20240424T161451
S2_FI_00003771,36218,2024-04-24,0.0,99.907166,53.1682430124595,176.38635653189,,,35WMP,S2A_MSIL2A_20240424T100031_R122_T35WMP_20240424T161451
S2_FI_00003772,36218,2024-04-24,0.0,99.907166,53.1682430124595,176.38635653189,,,35WMP,S2A_MSIL2A_20240424T100031_R122_T35WMP_20240424T161451
S2_FI_00003773,36218,2024-04-24,0.0,99.907166,53.1682430124595,176.38635653189,,,35WMP,S2A_MSIL2A_20240424T100031_R122_T35WMP_20240424T161451
S2_FI_00003774,36218,2024-04-29,1.0,96.927869,51.5766802988801,176.557045824048,,,35WMP,S2B_MSIL2A_20240429T095549_R122_T35WMP_20240429T141731
S2_FI_00003775,36218,2024-04-29,1.0,96.927869,51.5766802988801,176.557045824048,,,35WMP,S2B_MSIL2A_20240429T095549_R122_T35WMP_20240429T141731
S2_FI_00003776,36218,2024-04-29,1.0,96.927869,51.5766802988801,176.557045824048,,,35WMP,S2B_MSIL2A_20240429T095549_R122_T35WMP_20240429T141731
S2_FI_00003777,36218,2024-04-29,1.0,96.927869,51.5766802988801,176.557045824048,,,35WMP,S2B_MSIL2A_20240429T095549_R122_T35WMP_20240429T141731
S2_FI_00003778,36218,2024-04-29,1.0,96.927869,51.5766802988801,176.557045824048,,,35WMP,S2B_MSIL2A_20240429T095549_R122_T35WMP_20240429T141731
S2_FI_00003779,36218,2024-04-29,1.0,96.927869,51.5766802988801,176.557045824048,,,35WMP,S2B_MSIL2A_20240429T095549_R122_T35WMP_20240429T141731
S2_FI_00003780,36218,2024-05-07,0.0,50.470489,49.2140471618157,179.883046232681,,,35WMP,S2A_MSIL2A_20240507T100601_R022_T35WMP_20240507T160831
S2_FI_00003781,36218,2024-05-07,0.0,50.470489,49.2140471618157,179.883046232681,,,35WMP,S2A_MSIL2A_20240507T100601_R022_T35WMP_20240507T160831
S2_FI_00003782,36218,2024-05-07,0.0,50.470489,49.2140471618157,179.883046232681,,,35WMP,S2A_MSIL2A_20240507T100601_R022_T35WMP_20240507T160831
S2_FI_00003783,36218,2024-05-07,0.0,50.470489,49.2140471618157,179.883046232681,,,35WMP,S2A_MSIL2A_20240507T100601_R022_T35WMP_20240507T160831
S2_FI_00003784,36218,2024-05-07,0.0,50.470489,49.2140471618157,179.883046232681,,,35WMP,S2A_MSIL2A_20240507T100601_R022_T35WMP_20240507T160831
S2_FI_00003785,36218,2024-05-07,0.0,50.470489,49.2140471618157,179.883046232681,,,35WMP,S2A_MSIL2A_20240507T100601_R022_T35WMP_20240507T160831
S2_FI_00003786,36218,2024-05-14,1.0,81.585222,47.4556398766524,176.734187354386,,,35WMP,S2A_MSIL2A_20240514T100031_R122_T35WMP_20240514T135506
S2_FI_00003787,36218,2024-05-14,1.0,81.585222,47.4556398766524,176.734187354386,,,35WMP,S2A_MSIL2A_20240514T100031_R122_T35WMP_20240514T135506
S2_FI_00003788,36218,2024-05-14,1.0,81.585222,47.4556398766524,176.734187354386,,,35WMP,S2A_MSIL2A_20240514T100031_R122_T35WMP_20240514T135506
S2_FI_00003789,36218,2024-05-14,1.0,81.585222,47.4556398766524,176.734187354386,,,35WMP,S2A_MSIL2A_20240514T100031_R122_T35WMP_20240514T135506
S2_FI_00003790,36218,2024-05-14,1.0,81.585222,47.4556398766524,176.734187354386,,,35WMP,S2A_MSIL2A_20240514T100031_R122_T35WMP_20240514T135506
S2_FI_00003791,36218,2024-05-14,1.0,81.585222,47.4556398766524,176.734187354386,,,35WMP,S2A_MSIL2A_20240514T100031_R122_T35WMP_20240514T135506
S2_FI_00003792,36218,2024-05-21,0.0,25.803852,46.0188965671712,173.324831883026,,,35WMP,S2A_MSIL2A_20240521T095031_R079_T35WMP_20240521T144007
S2_FI_00003793,36218,2024-05-21,0.0,25.803852,46.0188965671712,173.324831883026,,,35WMP,S2A_MSIL2A_20240521T095031_R079_T35WMP_20240521T144007
S2_FI_00003794,36218,2024-05-21,0.0,25.803852,46.0188965671712,173.324831883026,,,35WMP,S2A_MSIL2A_20240521T095031_R079_T35WMP_20240521T144007
S2_FI_00003795,36218,2024-05-21,0.0,25.803852,46.0188965671712,173.324831883026,,,35WMP,S2A_MSIL2A_20240521T095031_R079_T35WMP_20240521T144007
S2_FI_00003796,36218,2024-05-21,0.0,25.803852,46.0188965671712,173.324831883026,,,35WMP,S2A_MSIL2A_20240521T095031_R079_T35WMP_20240521T144007
S2_FI_00003797,36218,2024-05-21,0.0,25.803852,46.0188965671712,173.324831883026,,,35WMP,S2A_MSIL2A_20240521T095031_R079_T35WMP_20240521T144007
S2_FI_00003798,36218,2024-05-27,0.0,5.173467,44.8113055235696,179.642196076161,,,35WMP,S2A_MSIL2A_20240527T100601_R022_T35WMP_20240527T171515
S2_FI_00003799,36218,2024-05-27,0.0,5.173467,44.8113055235696,179.642196076161,,,35WMP,S2A_MSIL2A_20240527T100601_R022_T35WMP_20240527T171515
S2_FI_00003800,36218,2024-05-27,0.0,5.173467,44.8113055235696,179.642196076161,,,35WMP,S2A_MSIL2A_20240527T100601_R022_T35WMP_20240527T171515
S2_FI_00003801,36218,2024-05-27,0.0,5.173467,44.8113055235696,179.642196076161,,,35WMP,S2A_MSIL2A_20240527T100601_R022_T35WMP_20240527T171515
S2_FI_00003802,36218,2024-05-27,0.0,5.173467,44.8113055235696,179.642196076161,,,35WMP,S2A_MSIL2A_20240527T100601_R022_T35WMP_20240527T171515
S2_FI_00003803,36218,2024-05-27,0.0,5.173467,44.8113055235696,179.642196076161,,,35WMP,S2A_MSIL2A_20240527T100601_R022_T35WMP_20240527T171515
S2_FI_00003804,36218,2024-06-03,0.0,72.382116,43.8692054570634,175.988254387526,,,35WMP,S2A_MSIL2A_20240603T100031_R122_T35WMP_20240603T151845
S2_FI_00003805,36218,2024-06-03,0.0,72.382116,43.8692054570634,175.988254387526,,,35WMP,S2A_MSIL2A_20240603T100031_R122_T35WMP_20240603T151845
S2_FI_00003806,36218,2024-06-03,0.0,72.382116,43.8692054570634,175.988254387526,,,35WMP,S2A_MSIL2A_20240603T100031_R122_T35WMP_20240603T151845
S2_FI_00003807,36218,2024-06-03,0.0,72.382116,43.8692054570634,175.988254387526,,,35WMP,S2A_MSIL2A_20240603T100031_R122_T35WMP_20240603T151845
S2_FI_00003808,36218,2024-06-03,0.0,72.382116,43.8692054570634,175.988254387526,,,35WMP,S2A_MSIL2A_20240603T100031_R122_T35WMP_20240603T151845
S2_FI_00003809,36218,2024-06-03,0.0,72.382116,43.8692054570634,175.988254387526,,,35WMP,S2A_MSIL2A_20240603T100031_R122_T35WMP_20240603T151845
S2_FI_00003810,36218,2024-06-18,0.0,99.989438,42.8743043584305,174.914140729498,,,35WMP,S2B_MSIL2A_20240618T095549_R122_T35WMP_20240618T131024
S2_FI_00003811,36218,2024-06-18,0.0,99.989438,42.8743043584305,174.914140729498,,,35WMP,S2B_MSIL2A_20240618T095549_R122_T35WMP_20240618T131024
S2_FI_00003812,36218,2024-06-18,0.0,99.989438,42.8743043584305,174.914140729498,,,35WMP,S2B_MSIL2A_20240618T095549_R122_T35WMP_20240618T131024
S2_FI_00003813,36218,2024-06-18,0.0,99.989438,42.8743043584305,174.914140729498,,,35WMP,S2B_MSIL2A_20240618T095549_R122_T35WMP_20240618T131024
S2_FI_00003814,36218,2024-06-18,0.0,99.989438,42.8743043584305,174.914140729498,,,35WMP,S2B_MSIL2A_20240618T095549_R122_T35WMP_20240618T131024
S2_FI_00003815,36218,2024-06-18,0.0,99.989438,42.8743043584305,174.914140729498,,,35WMP,S2B_MSIL2A_20240618T095549_R122_T35WMP_20240618T131024
S2_FI_00003816,36218,2024-07-23,1.0,30.054763,46.419385359128,173.389656021428,,,35WMP,S2A_MSIL2A_20240723T100031_R122_T35WMP_20240723T132758
S2_FI_00003817,36218,2024-07-23,1.0,30.054763,46.419385359128,173.389656021428,,,35WMP,S2A_MSIL2A_20240723T100031_R122_T35WMP_20240723T132758
S2_FI_00003818,36218,2024-07-23,1.0,30.054763,46.419385359128,173.389656021428,,,35WMP,S2A_MSIL2A_20240723T100031_R122_T35WMP_20240723T132758
S2_FI_00003819,36218,2024-07-23,1.0,30.054763,46.419385359128,173.389656021428,,,35WMP,S2A_MSIL2A_20240723T100031_R122_T35WMP_20240723T132758
S2_FI_00003820,36218,2024-07-23,1.0,30.054763,46.419385359128,173.389656021428,,,35WMP,S2A_MSIL2A_20240723T100031_R122_T35WMP_20240723T132758
S2_FI_00003821,36218,2024-07-23,1.0,30.054763,46.419385359128,173.389656021428,,,35WMP,S2A_MSIL2A_20240723T100031_R122_T35WMP_20240723T132758
S2_FI_00003822,36218,2024-08-15,0.0,47.995207,52.4206897496097,177.461089568859,,,35WMP,S2A_MSIL2A_20240815T100551_R022_T35WMP_20240815T151050
S2_FI_00003823,36218,2024-08-15,0.0,47.995207,52.4206897496097,177.461089568859,,,35WMP,S2A_MSIL2A_20240815T100551_R022_T35WMP_20240815T151050
S2_FI_00003824,36218,2024-08-15,0.0,47.995207,52.4206897496097,177.461089568859,,,35WMP,S2A_MSIL2A_20240815T100551_R022_T35WMP_20240815T151050
S2_FI_00003825,36218,2024-08-15,0.0,47.995207,52.4206897496097,177.461089568859,,,35WMP,S2A_MSIL2A_20240815T100551_R022_T35WMP_20240815T151050
S2_FI_00003826,36218,2024-08-15,0.0,47.995207,52.4206897496097,177.461089568859,,,35WMP,S2A_MSIL2A_20240815T100551_R022_T35WMP_20240815T151050
S2_FI_00003827,36218,2024-08-15,0.0,47.995207,52.4206897496097,177.461089568859,,,35WMP,S2A_MSIL2A_20240815T100551_R022_T35WMP_20240815T151050
S2_FI_00003828,36218,2024-08-25,1.0,99.977016,55.7248273170761,178.24593247596,,,35WMP,S2A_MSIL2A_20240825T100551_R022_T35WMP_20240825T162201
S2_FI_00003829,36218,2024-08-25,1.0,99.977016,55.7248273170761,178.24593247596,,,35WMP,S2A_MSIL2A_20240825T100551_R022_T35WMP_20240825T162201
S2_FI_00003830,36218,2024-08-25,1.0,99.977016,55.7248273170761,178.24593247596,,,35WMP,S2A_MSIL2A_20240825T100551_R022_T35WMP_20240825T162201
S2_FI_00003831,36218,2024-08-25,1.0,99.977016,55.7248273170761,178.24593247596,,,35WMP,S2A_MSIL2A_20240825T100551_R022_T35WMP_20240825T162201
S2_FI_00003832,36218,2024-08-25,1.0,99.977016,55.7248273170761,178.24593247596,,,35WMP,S2A_MSIL2A_20240825T100551_R022_T35WMP_20240825T162201
S2_FI_00003833,36218,2024-08-25,1.0,99.977016,55.7248273170761,178.24593247596,,,35WMP,S2A_MSIL2A_20240825T100551_R022_T35WMP_20240825T162201
S2_FI_00003834,36218,2024-09-11,1.0,95.161176,61.9650651379993,177.071156723975,,,35WMP,S2A_MSIL2A_20240911T100021_R122_T35WMP_20240911T143249
S2_FI_00003835,36218,2024-09-11,1.0,95.161176,61.9650651379993,177.071156723975,,,35WMP,S2A_MSIL2A_20240911T100021_R122_T35WMP_20240911T143249
S2_FI_00003836,36218,2024-09-11,1.0,95.161176,61.9650651379993,177.071156723975,,,35WMP,S2A_MSIL2A_20240911T100021_R122_T35WMP_20240911T143249
S2_FI_00003837,36218,2024-09-11,1.0,95.161176,61.9650651379993,177.071156723975,,,35WMP,S2A_MSIL2A_20240911T100021_R122_T35WMP_20240911T143249
S2_FI_00003838,36218,2024-09-11,1.0,95.161176,61.9650651379993,177.071156723975,,,35WMP,S2A_MSIL2A_20240911T100021_R122_T35WMP_20240911T143249
S2_FI_00003839,36218,2024-09-11,1.0,95.161176,61.9650651379993,177.071156723975,,,35WMP,S2A_MSIL2A_20240911T100021_R122_T35WMP_20240911T143249
S2_FI_00003840,36218,2024-09-23,0.0,72.952777,66.6316261808973,175.619418051534,,,35WMP,S2B_MSIL2A_20240923T095029_R079_T35WMP_20240923T110403
S2_FI_00003841,36218,2024-09-23,0.0,72.952777,66.6316261808973,175.619418051534,,,35WMP,S2B_MSIL2A_20240923T095029_R079_T35WMP_20240923T110403
S2_FI_00003842,36218,2024-09-23,0.0,72.952777,66.6316261808973,175.619418051534,,,35WMP,S2B_MSIL2A_20240923T095029_R079_T35WMP_20240923T110403
S2_FI_00003843,36218,2024-09-23,0.0,72.952777,66.6316261808973,175.619418051534,,,35WMP,S2B_MSIL2A_20240923T095029_R079_T35WMP_20240923T110403
S2_FI_00003844,36218,2024-09-23,0.0,72.952777,66.6316261808973,175.619418051534,,,35WMP,S2B_MSIL2A_20240923T095029_R079_T35WMP_20240923T110403
S2_FI_00003845,36218,2024-09-23,0.0,72.952777,66.6316261808973,175.619418051534,,,35WMP,S2B_MSIL2A_20240923T095029_R079_T35WMP_20240923T110403
S2_FI_00003846,36218,2024-10-08,1.0,99.947906,72.401357525438,177.055505601969,,,35WMP,S2A_MSIL2A_20241008T095031_R079_T35WMP_20241008T124449
S2_FI_00003847,36218,2024-10-08,1.0,99.947906,72.401357525438,177.055505601969,,,35WMP,S2A_MSIL2A_20241008T095031_R079_T35WMP_20241008T124449
S2_FI_00003848,36218,2024-10-08,1.0,99.947906,72.401357525438,177.055505601969,,,35WMP,S2A_MSIL2A_20241008T095031_R079_T35WMP_20241008T124449
S2_FI_00003849,36218,2024-10-08,1.0,99.947906,72.401357525438,177.055505601969,,,35WMP,S2A_MSIL2A_20241008T095031_R079_T35WMP_20241008T124449
S2_FI_00003850,36218,2024-10-08,1.0,99.947906,72.401357525438,177.055505601969,,,35WMP,S2A_MSIL2A_20241008T095031_R079_T35WMP_20241008T124449
S2_FI_00003851,36218,2024-10-08,1.0,99.947906,72.401357525438,177.055505601969,,,35WMP,S2A_MSIL2A_20241008T095031_R079_T35WMP_20241008T124449
S2_FI_00003852,36218,2024-10-21,0.0,99.78596,77.1677640271627,180.402518986164,,,35WMP,S2A_MSIL2A_20241021T100041_R122_T35WMP_20241021T111449
S2_FI_00003853,36218,2024-10-21,0.0,99.78596,77.1677640271627,180.402518986164,,,35WMP,S2A_MSIL2A_20241021T100041_R122_T35WMP_20241021T111449
S2_FI_00003854,36218,2024-10-21,0.0,99.78596,77.1677640271627,180.402518986164,,,35WMP,S2A_MSIL2A_20241021T100041_R122_T35WMP_20241021T111449
S2_FI_00003855,36218,2024-10-21,0.0,99.78596,77.1677640271627,180.402518986164,,,35WMP,S2A_MSIL2A_20241021T100041_R122_T35WMP_20241021T111449
S2_FI_00003856,36218,2024-10-21,0.0,99.78596,77.1677640271627,180.402518986164,,,35WMP,S2A_MSIL2A_20241021T100041_R122_T35WMP_20241021T111449
S2_FI_00003857,36218,2024-10-21,0.0,99.78596,77.1677640271627,180.402518986164,,,35WMP,S2A_MSIL2A_20241021T100041_R122_T35WMP_20241021T111449
S2_FI_00003858,36218,2024-11-08,1.0,99.625236,83.0281756708375,182.949509531488,,,35WMP,S2B_MSIL2A_20241108T101129_R022_T35WMP_20241108T112954
S2_FI_00003859,36218,2024-11-08,1.0,99.625236,83.0281756708375,182.949509531488,,,35WMP,S2B_MSIL2A_20241108T101129_R022_T35WMP_20241108T112954
S2_FI_00003860,36218,2024-11-08,1.0,99.625236,83.0281756708375,182.949509531488,,,35WMP,S2B_MSIL2A_20241108T101129_R022_T35WMP_20241108T112954
S2_FI_00003861,36218,2024-11-08,1.0,99.625236,83.0281756708375,182.949509531488,,,35WMP,S2B_MSIL2A_20241108T101129_R022_T35WMP_20241108T112954
S2_FI_00003862,36218,2024-11-08,1.0,99.625236,83.0281756708375,182.949509531488,,,35WMP,S2B_MSIL2A_20241108T101129_R022_T35WMP_20241108T112954
S2_FI_00003863,36218,2024-11-08,1.0,99.625236,83.0281756708375,182.949509531488,,,35WMP,S2B_MSIL2A_20241108T101129_R022_T35WMP_20241108T112954
S2_FI_00003864,36218,,,,,,,,,
S2_FI_00003865,36218,,,,,,,,,
S2_FI_00003866,36218,,,,,,,,,
S2_FI_00003867,36218,,,,,,,,,
S2_FI_00003868,36218,,,,,,,,,
S2_FI_00003869,36218,,,,,,,,,
S2_FI_00004014,3698,2023-02-14,1.0,20.313928,73.3004736056765,171.055150302416,,,34VFM,S2B_MSIL2A_20230214T100029_R122_T34VFM_20240812T190154
S2_FI_00004015,3698,2023-02-14,1.0,20.313928,73.3004736056765,171.055150302416,,,34VFM,S2B_MSIL2A_20230214T100029_R122_T34VFM_20240812T190154
S2_FI_00004016,3698,2023-02-14,1.0,20.313928,73.3004736056765,171.055150302416,,,34VFM,S2B_MSIL2A_20230214T100029_R122_T34VFM_20240812T190154
S2_FI_00004017,3698,2023-02-14,1.0,20.313928,73.3004736056765,171.055150302416,,,34VFM,S2B_MSIL2A_20230214T100029_R122_T34VFM_20240812T190154
S2_FI_00004018,3698,2023-02-14,1.0,20.313928,73.3004736056765,171.055150302416,,,34VFM,S2B_MSIL2A_20230214T100029_R122_T34VFM_20240812T190154
S2_FI_00004019,3698,2023-02-14,1.0,20.313928,73.3004736056765,171.055150302416,,,34VFM,S2B_MSIL2A_20230214T100029_R122_T34VFM_20240812T190154
S2_FI_00004020,3698,2023-07-31,0.0,88.125253,42.1821634213099,166.737156340245,,,34VFM,S2B_MSIL2A_20230731T094549_R079_T34VFM_20241029T195507
S2_FI_00004021,3698,2023-07-31,0.0,88.125253,42.1821634213099,166.737156340245,,,34VFM,S2B_MSIL2A_20230731T094549_R079_T34VFM_20241029T195507
S2_FI_00004022,3698,2023-07-31,0.0,88.125253,42.1821634213099,166.737156340245,,,34VFM,S2B_MSIL2A_20230731T094549_R079_T34VFM_20241029T195507
S2_FI_00004023,3698,2023-07-31,0.0,88.125253,42.1821634213099,166.737156340245,,,34VFM,S2B_MSIL2A_20230731T094549_R079_T34VFM_20241029T195507
S2_FI_00004024,3698,2023-07-31,0.0,88.125253,42.1821634213099,166.737156340245,,,34VFM,S2B_MSIL2A_20230731T094549_R079_T34VFM_20241029T195507
S2_FI_00004025,3698,2023-07-31,0.0,88.125253,42.1821634213099,166.737156340245,,,34VFM,S2B_MSIL2A_20230731T094549_R079_T34VFM_20241029T195507
S2_FI_00004026,3698,2024-02-21,1.0,100.0,71.1508923042271,168.398698457595,,,34VFM,S2A_MSIL2A_20240221T095031_R079_T34VFM_20240221T142832
S2_FI_00004027,3698,2024-02-21,1.0,100.0,71.1508923042271,168.398698457595,,,34VFM,S2A_MSIL2A_20240221T095031_R079_T34VFM_20240221T142832
S2_FI_00004028,3698,2024-02-21,1.0,100.0,71.1508923042271,168.398698457595,,,34VFM,S2A_MSIL2A_20240221T095031_R079_T34VFM_20240221T142832
S2_FI_00004029,3698,2024-02-21,1.0,100.0,71.1508923042271,168.398698457595,,,34VFM,S2A_MSIL2A_20240221T095031_R079_T34VFM_20240221T142832
S2_FI_00004030,3698,2024-02-21,1.0,100.0,71.1508923042271,168.398698457595,,,34VFM,S2A_MSIL2A_20240221T095031_R079_T34VFM_20240221T142832
S2_FI_00004031,3698,2024-02-21,1.0,100.0,71.1508923042271,168.398698457595,,,34VFM,S2A_MSIL2A_20240221T095031_R079_T34VFM_20240221T142832
S2_FI_00004032,3698,2024-07-30,1.0,18.841647,42.1228927704253,166.713408025986,,,34VFM,S2A_MSIL2A_20240730T095031_R079_T34VFM_20240730T155453
S2_FI_00004033,3698,2024-07-30,1.0,18.841647,42.1228927704253,166.713408025986,,,34VFM,S2A_MSIL2A_20240730T095031_R079_T34VFM_20240730T155453
S2_FI_00004034,3698,2024-07-30,1.0,18.841647,42.1228927704253,166.713408025986,,,34VFM,S2A_MSIL2A_20240730T095031_R079_T34VFM_20240730T155453
S2_FI_00004035,3698,2024-07-30,1.0,18.841647,42.1228927704253,166.713408025986,,,34VFM,S2A_MSIL2A_20240730T095031_R079_T34VFM_20240730T155453
S2_FI_00004036,3698,2024-07-30,1.0,18.841647,42.1228927704253,166.713408025986,,,34VFM,S2A_MSIL2A_20240730T095031_R079_T34VFM_20240730T155453
S2_FI_00004037,3698,2024-07-30,1.0,18.841647,42.1228927704253,166.713408025986,,,34VFM,S2A_MSIL2A_20240730T095031_R079_T34VFM_20240730T155453
S2_FI_00004038,3700,2023-02-14,1.0,20.313928,73.3004736056765,171.055150302416,,,34VFM,S2B_MSIL2A_20230214T100029_R122_T34VFM_20240812T190154
S2_FI_00004039,3700,2023-02-14,1.0,20.313928,73.3004736056765,171.055150302416,,,34VFM,S2B_MSIL2A_20230214T100029_R122_T34VFM_20240812T190154
S2_FI_00004040,3700,2023-02-14,1.0,20.313928,73.3004736056765,171.055150302416,,,34VFM,S2B_MSIL2A_20230214T100029_R122_T34VFM_20240812T190154
S2_FI_00004041,3700,2023-02-14,1.0,20.313928,73.3004736056765,171.055150302416,,,34VFM,S2B_MSIL2A_20230214T100029_R122_T34VFM_20240812T190154
S2_FI_00004042,3700,2023-02-14,1.0,20.313928,73.3004736056765,171.055150302416,,,34VFM,S2B_MSIL2A_20230214T100029_R122_T34VFM_20240812T190154
S2_FI_00004043,3700,2023-02-14,1.0,20.313928,73.3004736056765,171.055150302416,,,34VFM,S2B_MSIL2A_20230214T100029_R122_T34VFM_20240812T190154
S2_FI_00004044,3700,2023-07-31,0.0,88.125253,42.1821634213099,166.737156340245,,,34VFM,S2B_MSIL2A_20230731T094549_R079_T34VFM_20241029T195507
S2_FI_00004045,3700,2023-07-31,0.0,88.125253,42.1821634213099,166.737156340245,,,34VFM,S2B_MSIL2A_20230731T094549_R079_T34VFM_20241029T195507
S2_FI_00004046,3700,2023-07-31,0.0,88.125253,42.1821634213099,166.737156340245,,,34VFM,S2B_MSIL2A_20230731T094549_R079_T34VFM_20241029T195507
S2_FI_00004047,3700,2023-07-31,0.0,88.125253,42.1821634213099,166.737156340245,,,34VFM,S2B_MSIL2A_20230731T094549_R079_T34VFM_20241029T195507
S2_FI_00004048,3700,2023-07-31,0.0,88.125253,42.1821634213099,166.737156340245,,,34VFM,S2B_MSIL2A_20230731T094549_R079_T34VFM_20241029T195507
S2_FI_00004049,3700,2023-07-31,0.0,88.125253,42.1821634213099,166.737156340245,,,34VFM,S2B_MSIL2A_20230731T094549_R079_T34VFM_20241029T195507
S2_FI_00004050,3700,2024-02-21,1.0,100.0,71.1508923042271,168.398698457595,,,34VFM,S2A_MSIL2A_20240221T095031_R079_T34VFM_20240221T142832
S2_FI_00004051,3700,2024-02-21,1.0,100.0,71.1508923042271,168.398698457595,,,34VFM,S2A_MSIL2A_20240221T095031_R079_T34VFM_20240221T142832
S2_FI_00004052,3700,2024-02-21,1.0,100.0,71.1508923042271,168.398698457595,,,34VFM,S2A_MSIL2A_20240221T095031_R079_T34VFM_20240221T142832
S2_FI_00004053,3700,2024-02-21,1.0,100.0,71.1508923042271,168.398698457595,,,34VFM,S2A_MSIL2A_20240221T095031_R079_T34VFM_20240221T142832
S2_FI_00004054,3700,2024-02-21,1.0,100.0,71.1508923042271,168.398698457595,,,34VFM,S2A_MSIL2A_20240221T095031_R079_T34VFM_20240221T142832
S2_FI_00004055,3700,2024-02-21,1.0,100.0,71.1508923042271,168.398698457595,,,34VFM,S2A_MSIL2A_20240221T095031_R079_T34VFM_20240221T142832
S2_FI_00004056,3700,2024-07-30,1.0,18.841647,42.1228927704253,166.713408025986,,,34VFM,S2A_MSIL2A_20240730T095031_R079_T34VFM_20240730T155453
S2_FI_00004057,3700,2024-07-30,1.0,18.841647,42.1228927704253,166.713408025986,,,34VFM,S2A_MSIL2A_20240730T095031_R079_T34VFM_20240730T155453
S2_FI_00004058,3700,2024-07-30,1.0,18.841647,42.1228927704253,166.713408025986,,,34VFM,S2A_MSIL2A_20240730T095031_R079_T34VFM_20240730T155453
S2_FI_00004059,3700,2024-07-30,1.0,18.841647,42.1228927704253,166.713408025986,,,34VFM,S2A_MSIL2A_20240730T095031_R079_T34VFM_20240730T155453
S2_FI_00004060,3700,2024-07-30,1.0,18.841647,42.1228927704253,166.713408025986,,,34VFM,S2A_MSIL2A_20240730T095031_R079_T34VFM_20240730T155453
S2_FI_00004061,3700,2024-07-30,1.0,18.841647,42.1228927704253,166.713408025986,,,34VFM,S2A_MSIL2A_20240730T095031_R079_T34VFM_20240730T155453
S2_FI_00004560,42344,2023-01-15,1.0,99.992138,82.3255418510567,171.16863884936,,,34VEN,S2B_MSIL2A_20230115T100249_R122_T34VEN_20230115T202909
S2_FI_00004561,42344,2023-01-15,1.0,99.992138,82.3255418510567,171.16863884936,,,34VEN,S2B_MSIL2A_20230115T100249_R122_T34VEN_20230115T202909
S2_FI_00004562,42344,2023-01-15,1.0,99.992138,82.3255418510567,171.16863884936,,,34VEN,S2B_MSIL2A_20230115T100249_R122_T34VEN_20230115T202909
S2_FI_00004563,42344,2023-01-15,1.0,99.992138,82.3255418510567,171.16863884936,,,34VEN,S2B_MSIL2A_20230115T100249_R122_T34VEN_20230115T202909
S2_FI_00004564,42344,2023-01-15,1.0,99.992138,82.3255418510567,171.16863884936,,,34VEN,S2B_MSIL2A_20230115T100249_R122_T34VEN_20230115T202909
S2_FI_00004565,42344,2023-01-15,1.0,99.992138,82.3255418510567,171.16863884936,,,34VEN,S2B_MSIL2A_20230115T100249_R122_T34VEN_20230115T202909
S2_FI_00004566,42344,2023-02-07,0.0,99.387193,76.4389759647387,171.973761573183,,,34VEN,S2B_MSIL2A_20230207T101109_R022_T34VEN_20240813T003502
S2_FI_00004567,42344,2023-02-07,0.0,99.387193,76.4389759647387,171.973761573183,,,34VEN,S2B_MSIL2A_20230207T101109_R022_T34VEN_20240813T003502
S2_FI_00004568,42344,2023-02-07,0.0,99.387193,76.4389759647387,171.973761573183,,,34VEN,S2B_MSIL2A_20230207T101109_R022_T34VEN_20240813T003502
S2_FI_00004569,42344,2023-02-07,0.0,99.387193,76.4389759647387,171.973761573183,,,34VEN,S2B_MSIL2A_20230207T101109_R022_T34VEN_20240813T003502
S2_FI_00004570,42344,2023-02-07,0.0,99.387193,76.4389759647387,171.973761573183,,,34VEN,S2B_MSIL2A_20230207T101109_R022_T34VEN_20240813T003502
S2_FI_00004571,42344,2023-02-07,0.0,99.387193,76.4389759647387,171.973761573183,,,34VEN,S2B_MSIL2A_20230207T101109_R022_T34VEN_20240813T003502
S2_FI_00004572,42344,2023-03-06,0.0,87.210435,66.9766071284674,169.318040695456,,,34VEN,S2B_MSIL2A_20230306T100029_R122_T34VEN_20240820T042936
S2_FI_00004573,42344,2023-03-06,0.0,87.210435,66.9766071284674,169.318040695456,,,34VEN,S2B_MSIL2A_20230306T100029_R122_T34VEN_20240820T042936
S2_FI_00004574,42344,2023-03-06,0.0,87.210435,66.9766071284674,169.318040695456,,,34VEN,S2B_MSIL2A_20230306T100029_R122_T34VEN_20240820T042936
S2_FI_00004575,42344,2023-03-06,0.0,87.210435,66.9766071284674,169.318040695456,,,34VEN,S2B_MSIL2A_20230306T100029_R122_T34VEN_20240820T042936
S2_FI_00004576,42344,2023-03-06,0.0,87.210435,66.9766071284674,169.318040695456,,,34VEN,S2B_MSIL2A_20230306T100029_R122_T34VEN_20240820T042936
S2_FI_00004577,42344,2023-03-06,0.0,87.210435,66.9766071284674,169.318040695456,,,34VEN,S2B_MSIL2A_20230306T100029_R122_T34VEN_20240820T042936
S2_FI_00004578,42344,2023-04-10,1.0,23.056984,53.2016503413015,170.82789341671,,,34VEN,S2A_MSIL2A_20230410T100031_R122_T34VEN_20240826T061228
S2_FI_00004579,42344,2023-04-10,1.0,23.056984,53.2016503413015,170.82789341671,,,34VEN,S2A_MSIL2A_20230410T100031_R122_T34VEN_20240826T061228
S2_FI_00004580,42344,2023-04-10,1.0,23.056984,53.2016503413015,170.82789341671,,,34VEN,S2A_MSIL2A_20230410T100031_R122_T34VEN_20240826T061228
S2_FI_00004581,42344,2023-04-10,1.0,23.056984,53.2016503413015,170.82789341671,,,34VEN,S2A_MSIL2A_20230410T100031_R122_T34VEN_20240826T061228
S2_FI_00004582,42344,2023-04-10,1.0,23.056984,53.2016503413015,170.82789341671,,,34VEN,S2A_MSIL2A_20230410T100031_R122_T34VEN_20240826T061228
S2_FI_00004583,42344,2023-04-10,1.0,23.056984,53.2016503413015,170.82789341671,,,34VEN,S2A_MSIL2A_20230410T100031_R122_T34VEN_20240826T061228
S2_FI_00004584,42344,2023-05-15,0.0,28.729132,42.2096151999223,171.347479837009,,,34VEN,S2B_MSIL2A_20230515T095559_R122_T34VEN_20230515T150703
S2_FI_00004585,42344,2023-05-15,0.0,28.729132,42.2096151999223,171.347479837009,,,34VEN,S2B_MSIL2A_20230515T095559_R122_T34VEN_20230515T150703
S2_FI_00004586,42344,2023-05-15,0.0,28.729132,42.2096151999223,171.347479837009,,,34VEN,S2B_MSIL2A_20230515T095559_R122_T34VEN_20230515T150703
S2_FI_00004587,42344,2023-05-15,0.0,28.729132,42.2096151999223,171.347479837009,,,34VEN,S2B_MSIL2A_20230515T095559_R122_T34VEN_20230515T150703
S2_FI_00004588,42344,2023-05-15,0.0,28.729132,42.2096151999223,171.347479837009,,,34VEN,S2B_MSIL2A_20230515T095559_R122_T34VEN_20230515T150703
S2_FI_00004589,42344,2023-05-15,0.0,28.729132,42.2096151999223,171.347479837009,,,34VEN,S2B_MSIL2A_20230515T095559_R122_T34VEN_20230515T150703
S2_FI_00004590,42344,2023-06-12,0.0,4.619529,37.8213022225475,173.236299906865,,,34VEN,S2A_MSIL2A_20230612T100601_R022_T34VEN_20240911T004021
S2_FI_00004591,42344,2023-06-12,0.0,4.619529,37.8213022225475,173.236299906865,,,34VEN,S2A_MSIL2A_20230612T100601_R022_T34VEN_20240911T004021
S2_FI_00004592,42344,2023-06-12,0.0,4.619529,37.8213022225475,173.236299906865,,,34VEN,S2A_MSIL2A_20230612T100601_R022_T34VEN_20240911T004021
S2_FI_00004593,42344,2023-06-12,0.0,4.619529,37.8213022225475,173.236299906865,,,34VEN,S2A_MSIL2A_20230612T100601_R022_T34VEN_20240911T004021
S2_FI_00004594,42344,2023-06-12,0.0,4.619529,37.8213022225475,173.236299906865,,,34VEN,S2A_MSIL2A_20230612T100601_R022_T34VEN_20240911T004021
S2_FI_00004595,42344,2023-06-12,0.0,4.619529,37.8213022225475,173.236299906865,,,34VEN,S2A_MSIL2A_20230612T100601_R022_T34VEN_20240911T004021
S2_FI_00004596,42344,2023-07-02,1.0,63.036811,37.9980577317063,171.675280528173,,,34VEN,S2A_MSIL2A_20230702T100601_R022_T34VEN_20230702T182911
S2_FI_00004597,42344,2023-07-02,1.0,63.036811,37.9980577317063,171.675280528173,,,34VEN,S2A_MSIL2A_20230702T100601_R022_T34VEN_20230702T182911
S2_FI_00004598,42344,2023-07-02,1.0,63.036811,37.9980577317063,171.675280528173,,,34VEN,S2A_MSIL2A_20230702T100601_R022_T34VEN_20230702T182911
S2_FI_00004599,42344,2023-07-02,1.0,63.036811,37.9980577317063,171.675280528173,,,34VEN,S2A_MSIL2A_20230702T100601_R022_T34VEN_20230702T182911
S2_FI_00004600,42344,2023-07-02,1.0,63.036811,37.9980577317063,171.675280528173,,,34VEN,S2A_MSIL2A_20230702T100601_R022_T34VEN_20230702T182911
S2_FI_00004601,42344,2023-07-02,1.0,63.036811,37.9980577317063,171.675280528173,,,34VEN,S2A_MSIL2A_20230702T100601_R022_T34VEN_20230702T182911
S2_FI_00004602,42344,2023-08-13,1.0,97.941905,46.5488635726561,168.948274582477,,,34VEN,S2B_MSIL2A_20230813T095559_R122_T34VEN_20241015T114308
S2_FI_00004603,42344,2023-08-13,1.0,97.941905,46.5488635726561,168.948274582477,,,34VEN,S2B_MSIL2A_20230813T095559_R122_T34VEN_20241015T114308
S2_FI_00004604,42344,2023-08-13,1.0,97.941905,46.5488635726561,168.948274582477,,,34VEN,S2B_MSIL2A_20230813T095559_R122_T34VEN_20241015T114308
S2_FI_00004605,42344,2023-08-13,1.0,97.941905,46.5488635726561,168.948274582477,,,34VEN,S2B_MSIL2A_20230813T095559_R122_T34VEN_20241015T114308
S2_FI_00004606,42344,2023-08-13,1.0,97.941905,46.5488635726561,168.948274582477,,,34VEN,S2B_MSIL2A_20230813T095559_R122_T34VEN_20241015T114308
S2_FI_00004607,42344,2023-08-13,1.0,97.941905,46.5488635726561,168.948274582477,,,34VEN,S2B_MSIL2A_20230813T095559_R122_T34VEN_20241015T114308
S2_FI_00004608,42344,2023-09-04,0.0,47.679329,54.0904037793306,168.563144428723,,,34VEN,S2A_MSIL2A_20230904T095031_R079_T34VEN_20241017T204831
S2_FI_00004609,42344,2023-09-04,0.0,47.679329,54.0904037793306,168.563144428723,,,34VEN,S2A_MSIL2A_20230904T095031_R079_T34VEN_20241017T204831
S2_FI_00004610,42344,2023-09-04,0.0,47.679329,54.0904037793306,168.563144428723,,,34VEN,S2A_MSIL2A_20230904T095031_R079_T34VEN_20241017T204831
S2_FI_00004611,42344,2023-09-04,0.0,47.679329,54.0904037793306,168.563144428723,,,34VEN,S2A_MSIL2A_20230904T095031_R079_T34VEN_20241017T204831
S2_FI_00004612,42344,2023-09-04,0.0,47.679329,54.0904037793306,168.563144428723,,,34VEN,S2A_MSIL2A_20230904T095031_R079_T34VEN_20241017T204831
S2_FI_00004613,42344,2023-09-04,0.0,47.679329,54.0904037793306,168.563144428723,,,34VEN,S2A_MSIL2A_20230904T095031_R079_T34VEN_20241017T204831
S2_FI_00004614,42344,2023-10-24,0.0,98.026121,72.7053607485421,174.244268491144,,,34VEN,S2A_MSIL2A_20231024T095051_R079_T34VEN_20231024T121643
S2_FI_00004615,42344,2023-10-24,0.0,98.026121,72.7053607485421,174.244268491144,,,34VEN,S2A_MSIL2A_20231024T095051_R079_T34VEN_20231024T121643
S2_FI_00004616,42344,2023-10-24,0.0,98.026121,72.7053607485421,174.244268491144,,,34VEN,S2A_MSIL2A_20231024T095051_R079_T34VEN_20231024T121643
S2_FI_00004617,42344,2023-10-24,0.0,98.026121,72.7053607485421,174.244268491144,,,34VEN,S2A_MSIL2A_20231024T095051_R079_T34VEN_20231024T121643
S2_FI_00004618,42344,2023-10-24,0.0,98.026121,72.7053607485421,174.244268491144,,,34VEN,S2A_MSIL2A_20231024T095051_R079_T34VEN_20231024T121643
S2_FI_00004619,42344,2023-10-24,0.0,98.026121,72.7053607485421,174.244268491144,,,34VEN,S2A_MSIL2A_20231024T095051_R079_T34VEN_20231024T121643
S2_FI_00004620,42344,2023-11-13,0.0,98.295754,78.9109112173936,174.560293007809,,,34VEN,S2A_MSIL2A_20231113T095241_R079_T34VEN_20240902T130246
S2_FI_00004621,42344,2023-11-13,0.0,98.295754,78.9109112173936,174.560293007809,,,34VEN,S2A_MSIL2A_20231113T095241_R079_T34VEN_20240902T130246
S2_FI_00004622,42344,2023-11-13,0.0,98.295754,78.9109112173936,174.560293007809,,,34VEN,S2A_MSIL2A_20231113T095241_R079_T34VEN_20240902T130246
S2_FI_00004623,42344,2023-11-13,0.0,98.295754,78.9109112173936,174.560293007809,,,34VEN,S2A_MSIL2A_20231113T095241_R079_T34VEN_20240902T130246
S2_FI_00004624,42344,2023-11-13,0.0,98.295754,78.9109112173936,174.560293007809,,,34VEN,S2A_MSIL2A_20231113T095241_R079_T34VEN_20240902T130246
S2_FI_00004625,42344,2023-11-13,0.0,98.295754,78.9109112173936,174.560293007809,,,34VEN,S2A_MSIL2A_20231113T095241_R079_T34VEN_20240902T130246
S2_FI_00004626,42344,2023-12-11,0.0,96.286607,83.9417986526449,175.058883517211,,,34VEN,S2B_MSIL2A_20231211T100319_R122_T34VEN_20231211T131547
S2_FI_00004627,42344,2023-12-11,0.0,96.286607,83.9417986526449,175.058883517211,,,34VEN,S2B_MSIL2A_20231211T100319_R122_T34VEN_20231211T131547
S2_FI_00004628,42344,2023-12-11,0.0,96.286607,83.9417986526449,175.058883517211,,,34VEN,S2B_MSIL2A_20231211T100319_R122_T34VEN_20231211T131547
S2_FI_00004629,42344,2023-12-11,0.0,96.286607,83.9417986526449,175.058883517211,,,34VEN,S2B_MSIL2A_20231211T100319_R122_T34VEN_20231211T131547
S2_FI_00004630,42344,2023-12-11,0.0,96.286607,83.9417986526449,175.058883517211,,,34VEN,S2B_MSIL2A_20231211T100319_R122_T34VEN_20231211T131547
S2_FI_00004631,42344,2023-12-11,0.0,96.286607,83.9417986526449,175.058883517211,,,34VEN,S2B_MSIL2A_20231211T100319_R122_T34VEN_20231211T131547
S2_FI_00004632,42344,2024-01-07,1.0,1.612129,83.7312695720887,169.724107756795,,,34VEN,S2B_MSIL2A_20240107T095309_R079_T34VEN_20240107T124244
S2_FI_00004633,42344,2024-01-07,1.0,1.612129,83.7312695720887,169.724107756795,,,34VEN,S2B_MSIL2A_20240107T095309_R079_T34VEN_20240107T124244
S2_FI_00004634,42344,2024-01-07,1.0,1.612129,83.7312695720887,169.724107756795,,,34VEN,S2B_MSIL2A_20240107T095309_R079_T34VEN_20240107T124244
S2_FI_00004635,42344,2024-01-07,1.0,1.612129,83.7312695720887,169.724107756795,,,34VEN,S2B_MSIL2A_20240107T095309_R079_T34VEN_20240107T124244
S2_FI_00004636,42344,2024-01-07,1.0,1.612129,83.7312695720887,169.724107756795,,,34VEN,S2B_MSIL2A_20240107T095309_R079_T34VEN_20240107T124244
S2_FI_00004637,42344,2024-01-07,1.0,1.612129,83.7312695720887,169.724107756795,,,34VEN,S2B_MSIL2A_20240107T095309_R079_T34VEN_20240107T124244
S2_FI_00004638,42344,2024-02-12,0.0,59.138125,74.9095189462948,171.839394281552,,,34VEN,S2B_MSIL2A_20240212T101039_R022_T34VEN_20240212T132202
S2_FI_00004639,42344,2024-02-12,0.0,59.138125,74.9095189462948,171.839394281552,,,34VEN,S2B_MSIL2A_20240212T101039_R022_T34VEN_20240212T132202
S2_FI_00004640,42344,2024-02-12,0.0,59.138125,74.9095189462948,171.839394281552,,,34VEN,S2B_MSIL2A_20240212T101039_R022_T34VEN_20240212T132202
S2_FI_00004641,42344,2024-02-12,0.0,59.138125,74.9095189462948,171.839394281552,,,34VEN,S2B_MSIL2A_20240212T101039_R022_T34VEN_20240212T132202
S2_FI_00004642,42344,2024-02-12,0.0,59.138125,74.9095189462948,171.839394281552,,,34VEN,S2B_MSIL2A_20240212T101039_R022_T34VEN_20240212T132202
S2_FI_00004643,42344,2024-02-12,0.0,59.138125,74.9095189462948,171.839394281552,,,34VEN,S2B_MSIL2A_20240212T101039_R022_T34VEN_20240212T132202
S2_FI_00004644,42344,2024-03-05,1.0,0.675411,67.0719505922577,169.300712305185,,,34VEN,S2A_MSIL2A_20240305T100031_R122_T34VEN_20240305T140836
S2_FI_00004645,42344,2024-03-05,1.0,0.675411,67.0719505922577,169.300712305185,,,34VEN,S2A_MSIL2A_20240305T100031_R122_T34VEN_20240305T140836
S2_FI_00004646,42344,2024-03-05,1.0,0.675411,67.0719505922577,169.300712305185,,,34VEN,S2A_MSIL2A_20240305T100031_R122_T34VEN_20240305T140836
S2_FI_00004647,42344,2024-03-05,1.0,0.675411,67.0719505922577,169.300712305185,,,34VEN,S2A_MSIL2A_20240305T100031_R122_T34VEN_20240305T140836
S2_FI_00004648,42344,2024-03-05,1.0,0.675411,67.0719505922577,169.300712305185,,,34VEN,S2A_MSIL2A_20240305T100031_R122_T34VEN_20240305T140836
S2_FI_00004649,42344,2024-03-05,1.0,0.675411,67.0719505922577,169.300712305185,,,34VEN,S2A_MSIL2A_20240305T100031_R122_T34VEN_20240305T140836
S2_FI_00004650,42344,2024-04-22,0.0,99.999911,48.4997404029553,174.554971556526,,,34VEN,S2B_MSIL2A_20240422T100559_R022_T34VEN_20240422T141653
S2_FI_00004651,42344,2024-04-22,0.0,99.999911,48.4997404029553,174.554971556526,,,34VEN,S2B_MSIL2A_20240422T100559_R022_T34VEN_20240422T141653
S2_FI_00004652,42344,2024-04-22,0.0,99.999911,48.4997404029553,174.554971556526,,,34VEN,S2B_MSIL2A_20240422T100559_R022_T34VEN_20240422T141653
S2_FI_00004653,42344,2024-04-22,0.0,99.999911,48.4997404029553,174.554971556526,,,34VEN,S2B_MSIL2A_20240422T100559_R022_T34VEN_20240422T141653
S2_FI_00004654,42344,2024-04-22,0.0,99.999911,48.4997404029553,174.554971556526,,,34VEN,S2B_MSIL2A_20240422T100559_R022_T34VEN_20240422T141653
S2_FI_00004655,42344,2024-04-22,0.0,99.999911,48.4997404029553,174.554971556526,,,34VEN,S2B_MSIL2A_20240422T100559_R022_T34VEN_20240422T141653
S2_FI_00004656,42344,2024-05-14,0.0,58.041942,42.2663677247592,171.348181670994,,,34VEN,S2A_MSIL2A_20240514T100031_R122_T34VEN_20240514T140519
S2_FI_00004657,42344,2024-05-14,0.0,58.041942,42.2663677247592,171.348181670994,,,34VEN,S2A_MSIL2A_20240514T100031_R122_T34VEN_20240514T140519
S2_FI_00004658,42344,2024-05-14,0.0,58.041942,42.2663677247592,171.348181670994,,,34VEN,S2A_MSIL2A_20240514T100031_R122_T34VEN_20240514T140519
S2_FI_00004659,42344,2024-05-14,0.0,58.041942,42.2663677247592,171.348181670994,,,34VEN,S2A_MSIL2A_20240514T100031_R122_T34VEN_20240514T140519
S2_FI_00004660,42344,2024-05-14,0.0,58.041942,42.2663677247592,171.348181670994,,,34VEN,S2A_MSIL2A_20240514T100031_R122_T34VEN_20240514T140519
S2_FI_00004661,42344,2024-05-14,0.0,58.041942,42.2663677247592,171.348181670994,,,34VEN,S2A_MSIL2A_20240514T100031_R122_T34VEN_20240514T140519
S2_FI_00004662,42344,2024-06-26,0.0,8.446684,37.6867618522962,172.029243309148,,,34VEN,S2A_MSIL2A_20240626T101031_R022_T34VEN_20240626T191129
S2_FI_00004663,42344,2024-06-26,0.0,8.446684,37.6867618522962,172.029243309148,,,34VEN,S2A_MSIL2A_20240626T101031_R022_T34VEN_20240626T191129
S2_FI_00004664,42344,2024-06-26,0.0,8.446684,37.6867618522962,172.029243309148,,,34VEN,S2A_MSIL2A_20240626T101031_R022_T34VEN_20240626T191129
S2_FI_00004665,42344,2024-06-26,0.0,8.446684,37.6867618522962,172.029243309148,,,34VEN,S2A_MSIL2A_20240626T101031_R022_T34VEN_20240626T191129
S2_FI_00004666,42344,2024-06-26,0.0,8.446684,37.6867618522962,172.029243309148,,,34VEN,S2A_MSIL2A_20240626T101031_R022_T34VEN_20240626T191129
S2_FI_00004667,42344,2024-06-26,0.0,8.446684,37.6867618522962,172.029243309148,,,34VEN,S2A_MSIL2A_20240626T101031_R022_T34VEN_20240626T191129
S2_FI_00004668,42344,2024-07-01,1.0,98.935711,37.9788965147341,171.692821542258,,,34VEN,S2B_MSIL2A_20240701T100559_R022_T34VEN_20240702T000046
S2_FI_00004669,42344,2024-07-01,1.0,98.935711,37.9788965147341,171.692821542258,,,34VEN,S2B_MSIL2A_20240701T100559_R022_T34VEN_20240702T000046
S2_FI_00004670,42344,2024-07-01,1.0,98.935711,37.9788965147341,171.692821542258,,,34VEN,S2B_MSIL2A_20240701T100559_R022_T34VEN_20240702T000046
S2_FI_00004671,42344,2024-07-01,1.0,98.935711,37.9788965147341,171.692821542258,,,34VEN,S2B_MSIL2A_20240701T100559_R022_T34VEN_20240702T000046
S2_FI_00004672,42344,2024-07-01,1.0,98.935711,37.9788965147341,171.692821542258,,,34VEN,S2B_MSIL2A_20240701T100559_R022_T34VEN_20240702T000046
S2_FI_00004673,42344,2024-07-01,1.0,98.935711,37.9788965147341,171.692821542258,,,34VEN,S2B_MSIL2A_20240701T100559_R022_T34VEN_20240702T000046
S2_FI_00004674,42344,2024-08-20,0.0,63.061082,48.7941403828502,172.995003359598,,,34VEN,S2B_MSIL2A_20240820T100559_R022_T34VEN_20240820T130319
S2_FI_00004675,42344,2024-08-20,0.0,63.061082,48.7941403828502,172.995003359598,,,34VEN,S2B_MSIL2A_20240820T100559_R022_T34VEN_20240820T130319
S2_FI_00004676,42344,2024-08-20,0.0,63.061082,48.7941403828502,172.995003359598,,,34VEN,S2B_MSIL2A_20240820T100559_R022_T34VEN_20240820T130319
S2_FI_00004677,42344,2024-08-20,0.0,63.061082,48.7941403828502,172.995003359598,,,34VEN,S2B_MSIL2A_20240820T100559_R022_T34VEN_20240820T130319
S2_FI_00004678,42344,2024-08-20,0.0,63.061082,48.7941403828502,172.995003359598,,,34VEN,S2B_MSIL2A_20240820T100559_R022_T34VEN_20240820T130319
S2_FI_00004679,42344,2024-08-20,0.0,63.061082,48.7941403828502,172.995003359598,,,34VEN,S2B_MSIL2A_20240820T100559_R022_T34VEN_20240820T130319
S2_FI_00004680,42344,2024-09-03,0.0,46.519426,54.0050812111251,168.515202383156,,,34VEN,S2B_MSIL2A_20240903T094549_R079_T34VEN_20240903T123335
S2_FI_00004681,42344,2024-09-03,0.0,46.519426,54.0050812111251,168.515202383156,,,34VEN,S2B_MSIL2A_20240903T094549_R079_T34VEN_20240903T123335
S2_FI_00004682,42344,2024-09-03,0.0,46.519426,54.0050812111251,168.515202383156,,,34VEN,S2B_MSIL2A_20240903T094549_R079_T34VEN_20240903T123335
S2_FI_00004683,42344,2024-09-03,0.0,46.519426,54.0050812111251,168.515202383156,,,34VEN,S2B_MSIL2A_20240903T094549_R079_T34VEN_20240903T123335
S2_FI_00004684,42344,2024-09-03,0.0,46.519426,54.0050812111251,168.515202383156,,,34VEN,S2B_MSIL2A_20240903T094549_R079_T34VEN_20240903T123335
S2_FI_00004685,42344,2024-09-03,0.0,46.519426,54.0050812111251,168.515202383156,,,34VEN,S2B_MSIL2A_20240903T094549_R079_T34VEN_20240903T123335
S2_FI_00004686,42344,2024-10-28,0.0,44.678524,74.3152936006191,174.457002197009,,,34VEN,S2A_MSIL2A_20241028T095121_R079_T34VEN_20241028T124759
S2_FI_00004687,42344,2024-10-28,0.0,44.678524,74.3152936006191,174.457002197009,,,34VEN,S2A_MSIL2A_20241028T095121_R079_T34VEN_20241028T124759
S2_FI_00004688,42344,2024-10-28,0.0,44.678524,74.3152936006191,174.457002197009,,,34VEN,S2A_MSIL2A_20241028T095121_R079_T34VEN_20241028T124759
S2_FI_00004689,42344,2024-10-28,0.0,44.678524,74.3152936006191,174.457002197009,,,34VEN,S2A_MSIL2A_20241028T095121_R079_T34VEN_20241028T124759
S2_FI_00004690,42344,2024-10-28,0.0,44.678524,74.3152936006191,174.457002197009,,,34VEN,S2A_MSIL2A_20241028T095121_R079_T34VEN_20241028T124759
S2_FI_00004691,42344,2024-10-28,0.0,44.678524,74.3152936006191,174.457002197009,,,34VEN,S2A_MSIL2A_20241028T095121_R079_T34VEN_20241028T124759
S2_FI_00004692,42344,2024-11-10,1.0,99.307901,78.2127804362893,177.021496405166,,,34VEN,S2A_MSIL2A_20241110T100231_R122_T34VEN_20241110T111143
S2_FI_00004693,42344,2024-11-10,1.0,99.307901,78.2127804362893,177.021496405166,,,34VEN,S2A_MSIL2A_20241110T100231_R122_T34VEN_20241110T111143
S2_FI_00004694,42344,2024-11-10,1.0,99.307901,78.2127804362893,177.021496405166,,,34VEN,S2A_MSIL2A_20241110T100231_R122_T34VEN_20241110T111143
S2_FI_00004695,42344,2024-11-10,1.0,99.307901,78.2127804362893,177.021496405166,,,34VEN,S2A_MSIL2A_20241110T100231_R122_T34VEN_20241110T111143
S2_FI_00004696,42344,2024-11-10,1.0,99.307901,78.2127804362893,177.021496405166,,,34VEN,S2A_MSIL2A_20241110T100231_R122_T34VEN_20241110T111143
S2_FI_00004697,42344,2024-11-10,1.0,99.307901,78.2127804362893,177.021496405166,,,34VEN,S2A_MSIL2A_20241110T100231_R122_T34VEN_20241110T111143
S2_FI_00004698,42344,2024-12-12,1.0,10.43373,84.2159480991483,172.591992429495,,,34VEN,S2B_MSIL2A_20241212T095319_R079_T34VEN_20241212T115616
S2_FI_00004699,42344,2024-12-12,1.0,10.43373,84.2159480991483,172.591992429495,,,34VEN,S2B_MSIL2A_20241212T095319_R079_T34VEN_20241212T115616
S2_FI_00004700,42344,2024-12-12,1.0,10.43373,84.2159480991483,172.591992429495,,,34VEN,S2B_MSIL2A_20241212T095319_R079_T34VEN_20241212T115616
S2_FI_00004701,42344,2024-12-12,1.0,10.43373,84.2159480991483,172.591992429495,,,34VEN,S2B_MSIL2A_20241212T095319_R079_T34VEN_20241212T115616
S2_FI_00004702,42344,2024-12-12,1.0,10.43373,84.2159480991483,172.591992429495,,,34VEN,S2B_MSIL2A_20241212T095319_R079_T34VEN_20241212T115616
S2_FI_00004703,42344,2024-12-12,1.0,10.43373,84.2159480991483,172.591992429495,,,34VEN,S2B_MSIL2A_20241212T095319_R079_T34VEN_20241212T115616
S2_FI_00005610,49173,2023-02-13,0.0,28.785446,77.4489342377156,168.311025518921,,,35VML,S2A_MSIL2A_20230213T094111_R036_T35VML_20230213T181729
S2_FI_00005611,49173,2023-02-13,0.0,28.785446,77.4489342377156,168.311025518921,,,35VML,S2A_MSIL2A_20230213T094111_R036_T35VML_20230213T181729
S2_FI_00005612,49173,2023-02-13,0.0,28.785446,77.4489342377156,168.311025518921,,,35VML,S2A_MSIL2A_20230213T094111_R036_T35VML_20230213T181729
S2_FI_00005613,49173,2023-02-13,0.0,28.785446,77.4489342377156,168.311025518921,,,35VML,S2A_MSIL2A_20230213T094111_R036_T35VML_20230213T181729
S2_FI_00005614,49173,2023-02-13,0.0,28.785446,77.4489342377156,168.311025518921,,,35VML,S2A_MSIL2A_20230213T094111_R036_T35VML_20230213T181729
S2_FI_00005615,49173,2023-02-13,0.0,28.785446,77.4489342377156,168.311025518921,,,35VML,S2A_MSIL2A_20230213T094111_R036_T35VML_20230213T181729
S2_FI_00005616,49173,2023-07-26,0.0,58.015376,44.370688898711,170.12004694316,,,35VML,S2A_MSIL2A_20230726T095031_R079_T35VML_20241018T154701
S2_FI_00005617,49173,2023-07-26,0.0,58.015376,44.370688898711,170.12004694316,,,35VML,S2A_MSIL2A_20230726T095031_R079_T35VML_20241018T154701
S2_FI_00005618,49173,2023-07-26,0.0,58.015376,44.370688898711,170.12004694316,,,35VML,S2A_MSIL2A_20230726T095031_R079_T35VML_20241018T154701
S2_FI_00005619,49173,2023-07-26,0.0,58.015376,44.370688898711,170.12004694316,,,35VML,S2A_MSIL2A_20230726T095031_R079_T35VML_20241018T154701
S2_FI_00005620,49173,2023-07-26,0.0,58.015376,44.370688898711,170.12004694316,,,35VML,S2A_MSIL2A_20230726T095031_R079_T35VML_20241018T154701
S2_FI_00005621,49173,2023-07-26,0.0,58.015376,44.370688898711,170.12004694316,,,35VML,S2A_MSIL2A_20230726T095031_R079_T35VML_20241018T154701
S2_FI_00005622,50330,2023-02-16,0.0,99.433434,72.7819972268831,169.114492782295,,,35VLG,S2A_MSIL2A_20230216T095101_R079_T35VLG_20230217T050558
S2_FI_00005623,50330,2023-02-16,0.0,99.433434,72.7819972268831,169.114492782295,,,35VLG,S2A_MSIL2A_20230216T095101_R079_T35VLG_20230217T050558
S2_FI_00005624,50330,2023-02-16,0.0,99.433434,72.7819972268831,169.114492782295,,,35VLG,S2A_MSIL2A_20230216T095101_R079_T35VLG_20230217T050558
S2_FI_00005625,50330,2023-02-16,0.0,99.433434,72.7819972268831,169.114492782295,,,35VLG,S2A_MSIL2A_20230216T095101_R079_T35VLG_20230217T050558
S2_FI_00005626,50330,2023-02-16,0.0,99.433434,72.7819972268831,169.114492782295,,,35VLG,S2A_MSIL2A_20230216T095101_R079_T35VLG_20230217T050558
S2_FI_00005627,50330,2023-02-16,0.0,99.433434,72.7819972268831,169.114492782295,,,35VLG,S2A_MSIL2A_20230216T095101_R079_T35VLG_20230217T050558
S2_FI_00005628,50330,2023-07-31,0.0,89.93271,42.1158842071804,167.620126524326,,,35VLG,S2B_MSIL2A_20230731T094549_R079_T35VLG_20241029T195507
S2_FI_00005629,50330,2023-07-31,0.0,89.93271,42.1158842071804,167.620126524326,,,35VLG,S2B_MSIL2A_20230731T094549_R079_T35VLG_20241029T195507
S2_FI_00005630,50330,2023-07-31,0.0,89.93271,42.1158842071804,167.620126524326,,,35VLG,S2B_MSIL2A_20230731T094549_R079_T35VLG_20241029T195507
S2_FI_00005631,50330,2023-07-31,0.0,89.93271,42.1158842071804,167.620126524326,,,35VLG,S2B_MSIL2A_20230731T094549_R079_T35VLG_20241029T195507
S2_FI_00005632,50330,2023-07-31,0.0,89.93271,42.1158842071804,167.620126524326,,,35VLG,S2B_MSIL2A_20230731T094549_R079_T35VLG_20241029T195507
S2_FI_00005633,50330,2023-07-31,0.0,89.93271,42.1158842071804,167.620126524326,,,35VLG,S2B_MSIL2A_20230731T094549_R079_T35VLG_20241029T195507
S2_FI_00005634,50330,2023-09-04,1.0,75.583017,52.9758909819186,171.436777506824,,,35VLG,S2A_MSIL2A_20230904T095031_R079_T35VLG_20241017T204831
S2_FI_00005635,50330,2023-09-04,1.0,75.583017,52.9758909819186,171.436777506824,,,35VLG,S2A_MSIL2A_20230904T095031_R079_T35VLG_20241017T204831
S2_FI_00005636,50330,2023-09-04,1.0,75.583017,52.9758909819186,171.436777506824,,,35VLG,S2A_MSIL2A_20230904T095031_R079_T35VLG_20241017T204831
S2_FI_00005637,50330,2023-09-04,1.0,75.583017,52.9758909819186,171.436777506824,,,35VLG,S2A_MSIL2A_20230904T095031_R079_T35VLG_20241017T204831
S2_FI_00005638,50330,2023-09-04,1.0,75.583017,52.9758909819186,171.436777506824,,,35VLG,S2A_MSIL2A_20230904T095031_R079_T35VLG_20241017T204831
S2_FI_00005639,50330,2023-09-04,1.0,75.583017,52.9758909819186,171.436777506824,,,35VLG,S2A_MSIL2A_20230904T095031_R079_T35VLG_20241017T204831
S2_FI_00005640,50330,2024-08-04,1.0,47.882682,43.3267056580064,167.929548363344,,,35VLG,S2B_MSIL2A_20240804T094549_R079_T35VLG_20240804T123817
S2_FI_00005641,50330,2024-08-04,1.0,47.882682,43.3267056580064,167.929548363344,,,35VLG,S2B_MSIL2A_20240804T094549_R079_T35VLG_20240804T123817
S2_FI_00005642,50330,2024-08-04,1.0,47.882682,43.3267056580064,167.929548363344,,,35VLG,S2B_MSIL2A_20240804T094549_R079_T35VLG_20240804T123817
S2_FI_00005643,50330,2024-08-04,1.0,47.882682,43.3267056580064,167.929548363344,,,35VLG,S2B_MSIL2A_20240804T094549_R079_T35VLG_20240804T123817
S2_FI_00005644,50330,2024-08-04,1.0,47.882682,43.3267056580064,167.929548363344,,,35VLG,S2B_MSIL2A_20240804T094549_R079_T35VLG_20240804T123817
S2_FI_00005645,50330,2024-08-04,1.0,47.882682,43.3267056580064,167.929548363344,,,35VLG,S2B_MSIL2A_20240804T094549_R079_T35VLG_20240804T123817
S2_FI_00005934,522,2023-01-19,3.0,98.124862,81.6408707101868,169.978970826267,,,35VMH,S2B_MSIL2A_20230119T094229_R036_T35VMH_20230121T044332
S2_FI_00005935,522,2023-01-19,3.0,98.124862,81.6408707101868,169.978970826267,,,35VMH,S2B_MSIL2A_20230119T094229_R036_T35VMH_20230121T044332
S2_FI_00005936,522,2023-01-19,3.0,98.124862,81.6408707101868,169.978970826267,,,35VMH,S2B_MSIL2A_20230119T094229_R036_T35VMH_20230121T044332
S2_FI_00005937,522,2023-01-19,3.0,98.124862,81.6408707101868,169.978970826267,,,35VMH,S2B_MSIL2A_20230119T094229_R036_T35VMH_20230121T044332
S2_FI_00005938,522,2023-01-19,3.0,98.124862,81.6408707101868,169.978970826267,,,35VMH,S2B_MSIL2A_20230119T094229_R036_T35VMH_20230121T044332
S2_FI_00005939,522,2023-01-19,3.0,98.124862,81.6408707101868,169.978970826267,,,35VMH,S2B_MSIL2A_20230119T094229_R036_T35VMH_20230121T044332
S2_FI_00005940,522,2023-03-23,1.0,94.224054,60.0892671666393,171.816267726032,,,35VMH,S2B_MSIL2A_20230323T095029_R079_T35VMH_20240830T065439
S2_FI_00005941,522,2023-03-23,1.0,94.224054,60.0892671666393,171.816267726032,,,35VMH,S2B_MSIL2A_20230323T095029_R079_T35VMH_20240830T065439
S2_FI_00005942,522,2023-03-23,1.0,94.224054,60.0892671666393,171.816267726032,,,35VMH,S2B_MSIL2A_20230323T095029_R079_T35VMH_20240830T065439
S2_FI_00005943,522,2023-03-23,1.0,94.224054,60.0892671666393,171.816267726032,,,35VMH,S2B_MSIL2A_20230323T095029_R079_T35VMH_20240830T065439
S2_FI_00005944,522,2023-03-23,1.0,94.224054,60.0892671666393,171.816267726032,,,35VMH,S2B_MSIL2A_20230323T095029_R079_T35VMH_20240830T065439
S2_FI_00005945,522,2023-03-23,1.0,94.224054,60.0892671666393,171.816267726032,,,35VMH,S2B_MSIL2A_20230323T095029_R079_T35VMH_20240830T065439
S2_FI_00005946,522,2023-04-17,0.0,10.073344,50.5414537639708,173.185806357417,,,35VMH,S2A_MSIL2A_20230417T095031_R079_T35VMH_20240902T191342
S2_FI_00005947,522,2023-04-17,0.0,10.073344,50.5414537639708,173.185806357417,,,35VMH,S2A_MSIL2A_20230417T095031_R079_T35VMH_20240902T191342
S2_FI_00005948,522,2023-04-17,0.0,10.073344,50.5414537639708,173.185806357417,,,35VMH,S2A_MSIL2A_20230417T095031_R079_T35VMH_20240902T191342
S2_FI_00005949,522,2023-04-17,0.0,10.073344,50.5414537639708,173.185806357417,,,35VMH,S2A_MSIL2A_20230417T095031_R079_T35VMH_20240902T191342
S2_FI_00005950,522,2023-04-17,0.0,10.073344,50.5414537639708,173.185806357417,,,35VMH,S2A_MSIL2A_20230417T095031_R079_T35VMH_20240902T191342
S2_FI_00005951,522,2023-04-17,0.0,10.073344,50.5414537639708,173.185806357417,,,35VMH,S2A_MSIL2A_20230417T095031_R079_T35VMH_20240902T191342
S2_FI_00005952,522,2023-07-06,0.0,95.959049,38.4247394641731,170.177429115519,,,35VMH,S2A_MSIL2A_20230706T095031_R079_T35VMH_20230706T155707
S2_FI_00005953,522,2023-07-06,0.0,95.959049,38.4247394641731,170.177429115519,,,35VMH,S2A_MSIL2A_20230706T095031_R079_T35VMH_20230706T155707
S2_FI_00005954,522,2023-07-06,0.0,95.959049,38.4247394641731,170.177429115519,,,35VMH,S2A_MSIL2A_20230706T095031_R079_T35VMH_20230706T155707
S2_FI_00005955,522,2023-07-06,0.0,95.959049,38.4247394641731,170.177429115519,,,35VMH,S2A_MSIL2A_20230706T095031_R079_T35VMH_20230706T155707
S2_FI_00005956,522,2023-07-06,0.0,95.959049,38.4247394641731,170.177429115519,,,35VMH,S2A_MSIL2A_20230706T095031_R079_T35VMH_20230706T155707
S2_FI_00005957,522,2023-07-06,0.0,95.959049,38.4247394641731,170.177429115519,,,35VMH,S2A_MSIL2A_20230706T095031_R079_T35VMH_20230706T155707
S2_FI_00005958,522,2023-08-30,1.0,99.995023,51.9904308555791,172.974737919354,,,35VMH,S2B_MSIL2A_20230830T094549_R079_T35VMH_20241022T104510
S2_FI_00005959,522,2023-08-30,1.0,99.995023,51.9904308555791,172.974737919354,,,35VMH,S2B_MSIL2A_20230830T094549_R079_T35VMH_20241022T104510
S2_FI_00005960,522,2023-08-30,1.0,99.995023,51.9904308555791,172.974737919354,,,35VMH,S2B_MSIL2A_20230830T094549_R079_T35VMH_20241022T104510
S2_FI_00005961,522,2023-08-30,1.0,99.995023,51.9904308555791,172.974737919354,,,35VMH,S2B_MSIL2A_20230830T094549_R079_T35VMH_20241022T104510
S2_FI_00005962,522,2023-08-30,1.0,99.995023,51.9904308555791,172.974737919354,,,35VMH,S2B_MSIL2A_20230830T094549_R079_T35VMH_20241022T104510
S2_FI_00005963,522,2023-08-30,1.0,99.995023,51.9904308555791,172.974737919354,,,35VMH,S2B_MSIL2A_20230830T094549_R079_T35VMH_20241022T104510
S2_FI_00005964,522,2023-10-04,0.0,93.895429,65.195789272616,177.111382078661,,,35VMH,S2A_MSIL2A_20231004T095031_R079_T35VMH_20231004T161756
S2_FI_00005965,522,2023-10-04,0.0,93.895429,65.195789272616,177.111382078661,,,35VMH,S2A_MSIL2A_20231004T095031_R079_T35VMH_20231004T161756
S2_FI_00005966,522,2023-10-04,0.0,93.895429,65.195789272616,177.111382078661,,,35VMH,S2A_MSIL2A_20231004T095031_R079_T35VMH_20231004T161756
S2_FI_00005967,522,2023-10-04,0.0,93.895429,65.195789272616,177.111382078661,,,35VMH,S2A_MSIL2A_20231004T095031_R079_T35VMH_20231004T161756
S2_FI_00005968,522,2023-10-04,0.0,93.895429,65.195789272616,177.111382078661,,,35VMH,S2A_MSIL2A_20231004T095031_R079_T35VMH_20231004T161756
S2_FI_00005969,522,2023-10-04,0.0,93.895429,65.195789272616,177.111382078661,,,35VMH,S2A_MSIL2A_20231004T095031_R079_T35VMH_20231004T161756
S2_FI_00005970,522,2024-02-06,1.0,79.078108,76.887328608642,171.168935280014,,,35VMH,S2B_MSIL2A_20240206T095109_R079_T35VMH_20240206T123732
S2_FI_00005971,522,2024-02-06,1.0,79.078108,76.887328608642,171.168935280014,,,35VMH,S2B_MSIL2A_20240206T095109_R079_T35VMH_20240206T123732
S2_FI_00005972,522,2024-02-06,1.0,79.078108,76.887328608642,171.168935280014,,,35VMH,S2B_MSIL2A_20240206T095109_R079_T35VMH_20240206T123732
S2_FI_00005973,522,2024-02-06,1.0,79.078108,76.887328608642,171.168935280014,,,35VMH,S2B_MSIL2A_20240206T095109_R079_T35VMH_20240206T123732
S2_FI_00005974,522,2024-02-06,1.0,79.078108,76.887328608642,171.168935280014,,,35VMH,S2B_MSIL2A_20240206T095109_R079_T35VMH_20240206T123732
S2_FI_00005975,522,2024-02-06,1.0,79.078108,76.887328608642,171.168935280014,,,35VMH,S2B_MSIL2A_20240206T095109_R079_T35VMH_20240206T123732
S2_FI_00005976,522,2024-02-26,0.0,98.035216,70.0095792529049,170.876936521395,,,35VMH,S2B_MSIL2A_20240226T094859_R079_T35VMH_20240226T132109
S2_FI_00005977,522,2024-02-26,0.0,98.035216,70.0095792529049,170.876936521395,,,35VMH,S2B_MSIL2A_20240226T094859_R079_T35VMH_20240226T132109
S2_FI_00005978,522,2024-02-26,0.0,98.035216,70.0095792529049,170.876936521395,,,35VMH,S2B_MSIL2A_20240226T094859_R079_T35VMH_20240226T132109
S2_FI_00005979,522,2024-02-26,0.0,98.035216,70.0095792529049,170.876936521395,,,35VMH,S2B_MSIL2A_20240226T094859_R079_T35VMH_20240226T132109
S2_FI_00005980,522,2024-02-26,0.0,98.035216,70.0095792529049,170.876936521395,,,35VMH,S2B_MSIL2A_20240226T094859_R079_T35VMH_20240226T132109
S2_FI_00005981,522,2024-02-26,0.0,98.035216,70.0095792529049,170.876936521395,,,35VMH,S2B_MSIL2A_20240226T094859_R079_T35VMH_20240226T132109
S2_FI_00005982,522,2024-04-11,0.0,12.49387,52.4387370397602,172.930740537577,,,35VMH,S2A_MSIL2A_20240411T095031_R079_T35VMH_20240411T155759
S2_FI_00005983,522,2024-04-11,0.0,12.49387,52.4387370397602,172.930740537577,,,35VMH,S2A_MSIL2A_20240411T095031_R079_T35VMH_20240411T155759
S2_FI_00005984,522,2024-04-11,0.0,12.49387,52.4387370397602,172.930740537577,,,35VMH,S2A_MSIL2A_20240411T095031_R079_T35VMH_20240411T155759
S2_FI_00005985,522,2024-04-11,0.0,12.49387,52.4387370397602,172.930740537577,,,35VMH,S2A_MSIL2A_20240411T095031_R079_T35VMH_20240411T155759
S2_FI_00005986,522,2024-04-11,0.0,12.49387,52.4387370397602,172.930740537577,,,35VMH,S2A_MSIL2A_20240411T095031_R079_T35VMH_20240411T155759
S2_FI_00005987,522,2024-04-11,0.0,12.49387,52.4387370397602,172.930740537577,,,35VMH,S2A_MSIL2A_20240411T095031_R079_T35VMH_20240411T155759
S2_FI_00005988,522,2024-06-05,1.0,12.768275,38.3825713811711,172.448960163137,,,35VMH,S2B_MSIL2A_20240605T094549_R079_T35VMH_20240605T121845
S2_FI_00005989,522,2024-06-05,1.0,12.768275,38.3825713811711,172.448960163137,,,35VMH,S2B_MSIL2A_20240605T094549_R079_T35VMH_20240605T121845
S2_FI_00005990,522,2024-06-05,1.0,12.768275,38.3825713811711,172.448960163137,,,35VMH,S2B_MSIL2A_20240605T094549_R079_T35VMH_20240605T121845
S2_FI_00005991,522,2024-06-05,1.0,12.768275,38.3825713811711,172.448960163137,,,35VMH,S2B_MSIL2A_20240605T094549_R079_T35VMH_20240605T121845
S2_FI_00005992,522,2024-06-05,1.0,12.768275,38.3825713811711,172.448960163137,,,35VMH,S2B_MSIL2A_20240605T094549_R079_T35VMH_20240605T121845
S2_FI_00005993,522,2024-06-05,1.0,12.768275,38.3825713811711,172.448960163137,,,35VMH,S2B_MSIL2A_20240605T094549_R079_T35VMH_20240605T121845
S2_FI_00005994,522,2024-08-04,1.0,66.495132,44.0748336419428,170.432600698192,,,35VMH,S2B_MSIL2A_20240804T094549_R079_T35VMH_20240804T123817
S2_FI_00005995,522,2024-08-04,1.0,66.495132,44.0748336419428,170.432600698192,,,35VMH,S2B_MSIL2A_20240804T094549_R079_T35VMH_20240804T123817
S2_FI_00005996,522,2024-08-04,1.0,66.495132,44.0748336419428,170.432600698192,,,35VMH,S2B_MSIL2A_20240804T094549_R079_T35VMH_20240804T123817
S2_FI_00005997,522,2024-08-04,1.0,66.495132,44.0748336419428,170.432600698192,,,35VMH,S2B_MSIL2A_20240804T094549_R079_T35VMH_20240804T123817
S2_FI_00005998,522,2024-08-04,1.0,66.495132,44.0748336419428,170.432600698192,,,35VMH,S2B_MSIL2A_20240804T094549_R079_T35VMH_20240804T123817
S2_FI_00005999,522,2024-08-04,1.0,66.495132,44.0748336419428,170.432600698192,,,35VMH,S2B_MSIL2A_20240804T094549_R079_T35VMH_20240804T123817
S2_FI_00006000,522,2024-09-05,0.0,0.73098,54.5851429165661,170.765224908506,,,35VMH,S2A_MSIL2A_20240905T094031_R036_T35VMH_20240905T133953
S2_FI_00006001,522,2024-09-05,0.0,0.73098,54.5851429165661,170.765224908506,,,35VMH,S2A_MSIL2A_20240905T094031_R036_T35VMH_20240905T133953
S2_FI_00006002,522,2024-09-05,0.0,0.73098,54.5851429165661,170.765224908506,,,35VMH,S2A_MSIL2A_20240905T094031_R036_T35VMH_20240905T133953
S2_FI_00006003,522,2024-09-05,0.0,0.73098,54.5851429165661,170.765224908506,,,35VMH,S2A_MSIL2A_20240905T094031_R036_T35VMH_20240905T133953
S2_FI_00006004,522,2024-09-05,0.0,0.73098,54.5851429165661,170.765224908506,,,35VMH,S2A_MSIL2A_20240905T094031_R036_T35VMH_20240905T133953
S2_FI_00006005,522,2024-09-05,0.0,0.73098,54.5851429165661,170.765224908506,,,35VMH,S2A_MSIL2A_20240905T094031_R036_T35VMH_20240905T133953
S2_FI_00006006,522,2024-11-04,1.0,63.749254,76.482593486912,176.209751509959,,,35VMH,S2A_MSIL2A_20241104T094151_R036_T35VMH_20241104T105348
S2_FI_00006007,522,2024-11-04,1.0,63.749254,76.482593486912,176.209751509959,,,35VMH,S2A_MSIL2A_20241104T094151_R036_T35VMH_20241104T105348
S2_FI_00006008,522,2024-11-04,1.0,63.749254,76.482593486912,176.209751509959,,,35VMH,S2A_MSIL2A_20241104T094151_R036_T35VMH_20241104T105348
S2_FI_00006009,522,2024-11-04,1.0,63.749254,76.482593486912,176.209751509959,,,35VMH,S2A_MSIL2A_20241104T094151_R036_T35VMH_20241104T105348
S2_FI_00006010,522,2024-11-04,1.0,63.749254,76.482593486912,176.209751509959,,,35VMH,S2A_MSIL2A_20241104T094151_R036_T35VMH_20241104T105348
S2_FI_00006011,522,2024-11-04,1.0,63.749254,76.482593486912,176.209751509959,,,35VMH,S2A_MSIL2A_20241104T094151_R036_T35VMH_20241104T105348
S2_FI_00006060,527,2023-01-19,3.0,98.124862,81.6408707101868,169.978970826267,,,35VMH,S2B_MSIL2A_20230119T094229_R036_T35VMH_20230121T044332
S2_FI_00006061,527,2023-01-19,3.0,98.124862,81.6408707101868,169.978970826267,,,35VMH,S2B_MSIL2A_20230119T094229_R036_T35VMH_20230121T044332
S2_FI_00006062,527,2023-01-19,3.0,98.124862,81.6408707101868,169.978970826267,,,35VMH,S2B_MSIL2A_20230119T094229_R036_T35VMH_20230121T044332
S2_FI_00006063,527,2023-01-19,3.0,98.124862,81.6408707101868,169.978970826267,,,35VMH,S2B_MSIL2A_20230119T094229_R036_T35VMH_20230121T044332
S2_FI_00006064,527,2023-01-19,3.0,98.124862,81.6408707101868,169.978970826267,,,35VMH,S2B_MSIL2A_20230119T094229_R036_T35VMH_20230121T044332
S2_FI_00006065,527,2023-01-19,3.0,98.124862,81.6408707101868,169.978970826267,,,35VMH,S2B_MSIL2A_20230119T094229_R036_T35VMH_20230121T044332
S2_FI_00006066,527,2023-03-23,1.0,94.224054,60.0892671666393,171.816267726032,,,35VMH,S2B_MSIL2A_20230323T095029_R079_T35VMH_20240830T065439
S2_FI_00006067,527,2023-03-23,1.0,94.224054,60.0892671666393,171.816267726032,,,35VMH,S2B_MSIL2A_20230323T095029_R079_T35VMH_20240830T065439
S2_FI_00006068,527,2023-03-23,1.0,94.224054,60.0892671666393,171.816267726032,,,35VMH,S2B_MSIL2A_20230323T095029_R079_T35VMH_20240830T065439
S2_FI_00006069,527,2023-03-23,1.0,94.224054,60.0892671666393,171.816267726032,,,35VMH,S2B_MSIL2A_20230323T095029_R079_T35VMH_20240830T065439
S2_FI_00006070,527,2023-03-23,1.0,94.224054,60.0892671666393,171.816267726032,,,35VMH,S2B_MSIL2A_20230323T095029_R079_T35VMH_20240830T065439
S2_FI_00006071,527,2023-03-23,1.0,94.224054,60.0892671666393,171.816267726032,,,35VMH,S2B_MSIL2A_20230323T095029_R079_T35VMH_20240830T065439
S2_FI_00006072,527,2023-04-17,0.0,10.073344,50.5414537639708,173.185806357417,,,35VMH,S2A_MSIL2A_20230417T095031_R079_T35VMH_20240902T191342
S2_FI_00006073,527,2023-04-17,0.0,10.073344,50.5414537639708,173.185806357417,,,35VMH,S2A_MSIL2A_20230417T095031_R079_T35VMH_20240902T191342
S2_FI_00006074,527,2023-04-17,0.0,10.073344,50.5414537639708,173.185806357417,,,35VMH,S2A_MSIL2A_20230417T095031_R079_T35VMH_20240902T191342
S2_FI_00006075,527,2023-04-17,0.0,10.073344,50.5414537639708,173.185806357417,,,35VMH,S2A_MSIL2A_20230417T095031_R079_T35VMH_20240902T191342
S2_FI_00006076,527,2023-04-17,0.0,10.073344,50.5414537639708,173.185806357417,,,35VMH,S2A_MSIL2A_20230417T095031_R079_T35VMH_20240902T191342
S2_FI_00006077,527,2023-04-17,0.0,10.073344,50.5414537639708,173.185806357417,,,35VMH,S2A_MSIL2A_20230417T095031_R079_T35VMH_20240902T191342
S2_FI_00006078,527,2023-07-06,0.0,95.959049,38.4247394641731,170.177429115519,,,35VMH,S2A_MSIL2A_20230706T095031_R079_T35VMH_20230706T155707
S2_FI_00006079,527,2023-07-06,0.0,95.959049,38.4247394641731,170.177429115519,,,35VMH,S2A_MSIL2A_20230706T095031_R079_T35VMH_20230706T155707
S2_FI_00006080,527,2023-07-06,0.0,95.959049,38.4247394641731,170.177429115519,,,35VMH,S2A_MSIL2A_20230706T095031_R079_T35VMH_20230706T155707
S2_FI_00006081,527,2023-07-06,0.0,95.959049,38.4247394641731,170.177429115519,,,35VMH,S2A_MSIL2A_20230706T095031_R079_T35VMH_20230706T155707
S2_FI_00006082,527,2023-07-06,0.0,95.959049,38.4247394641731,170.177429115519,,,35VMH,S2A_MSIL2A_20230706T095031_R079_T35VMH_20230706T155707
S2_FI_00006083,527,2023-07-06,0.0,95.959049,38.4247394641731,170.177429115519,,,35VMH,S2A_MSIL2A_20230706T095031_R079_T35VMH_20230706T155707
S2_FI_00006084,527,2023-08-30,1.0,99.995023,51.9904308555791,172.974737919354,,,35VMH,S2B_MSIL2A_20230830T094549_R079_T35VMH_20241022T104510
S2_FI_00006085,527,2023-08-30,1.0,99.995023,51.9904308555791,172.974737919354,,,35VMH,S2B_MSIL2A_20230830T094549_R079_T35VMH_20241022T104510
S2_FI_00006086,527,2023-08-30,1.0,99.995023,51.9904308555791,172.974737919354,,,35VMH,S2B_MSIL2A_20230830T094549_R079_T35VMH_20241022T104510
S2_FI_00006087,527,2023-08-30,1.0,99.995023,51.9904308555791,172.974737919354,,,35VMH,S2B_MSIL2A_20230830T094549_R079_T35VMH_20241022T104510
S2_FI_00006088,527,2023-08-30,1.0,99.995023,51.9904308555791,172.974737919354,,,35VMH,S2B_MSIL2A_20230830T094549_R079_T35VMH_20241022T104510
S2_FI_00006089,527,2023-08-30,1.0,99.995023,51.9904308555791,172.974737919354,,,35VMH,S2B_MSIL2A_20230830T094549_R079_T35VMH_20241022T104510
S2_FI_00006090,527,2023-10-04,1.0,93.895429,65.195789272616,177.111382078661,,,35VMH,S2A_MSIL2A_20231004T095031_R079_T35VMH_20231004T161756
S2_FI_00006091,527,2023-10-04,1.0,93.895429,65.195789272616,177.111382078661,,,35VMH,S2A_MSIL2A_20231004T095031_R079_T35VMH_20231004T161756
S2_FI_00006092,527,2023-10-04,1.0,93.895429,65.195789272616,177.111382078661,,,35VMH,S2A_MSIL2A_20231004T095031_R079_T35VMH_20231004T161756
S2_FI_00006093,527,2023-10-04,1.0,93.895429,65.195789272616,177.111382078661,,,35VMH,S2A_MSIL2A_20231004T095031_R079_T35VMH_20231004T161756
S2_FI_00006094,527,2023-10-04,1.0,93.895429,65.195789272616,177.111382078661,,,35VMH,S2A_MSIL2A_20231004T095031_R079_T35VMH_20231004T161756
S2_FI_00006095,527,2023-10-04,1.0,93.895429,65.195789272616,177.111382078661,,,35VMH,S2A_MSIL2A_20231004T095031_R079_T35VMH_20231004T161756
S2_FI_00006096,527,2024-02-06,1.0,79.078108,76.887328608642,171.168935280014,,,35VMH,S2B_MSIL2A_20240206T095109_R079_T35VMH_20240206T123732
S2_FI_00006097,527,2024-02-06,1.0,79.078108,76.887328608642,171.168935280014,,,35VMH,S2B_MSIL2A_20240206T095109_R079_T35VMH_20240206T123732
S2_FI_00006098,527,2024-02-06,1.0,79.078108,76.887328608642,171.168935280014,,,35VMH,S2B_MSIL2A_20240206T095109_R079_T35VMH_20240206T123732
S2_FI_00006099,527,2024-02-06,1.0,79.078108,76.887328608642,171.168935280014,,,35VMH,S2B_MSIL2A_20240206T095109_R079_T35VMH_20240206T123732
S2_FI_00006100,527,2024-02-06,1.0,79.078108,76.887328608642,171.168935280014,,,35VMH,S2B_MSIL2A_20240206T095109_R079_T35VMH_20240206T123732
S2_FI_00006101,527,2024-02-06,1.0,79.078108,76.887328608642,171.168935280014,,,35VMH,S2B_MSIL2A_20240206T095109_R079_T35VMH_20240206T123732
S2_FI_00006102,527,2024-02-26,0.0,98.035216,70.0095792529049,170.876936521395,,,35VMH,S2B_MSIL2A_20240226T094859_R079_T35VMH_20240226T132109
S2_FI_00006103,527,2024-02-26,0.0,98.035216,70.0095792529049,170.876936521395,,,35VMH,S2B_MSIL2A_20240226T094859_R079_T35VMH_20240226T132109
S2_FI_00006104,527,2024-02-26,0.0,98.035216,70.0095792529049,170.876936521395,,,35VMH,S2B_MSIL2A_20240226T094859_R079_T35VMH_20240226T132109
S2_FI_00006105,527,2024-02-26,0.0,98.035216,70.0095792529049,170.876936521395,,,35VMH,S2B_MSIL2A_20240226T094859_R079_T35VMH_20240226T132109
S2_FI_00006106,527,2024-02-26,0.0,98.035216,70.0095792529049,170.876936521395,,,35VMH,S2B_MSIL2A_20240226T094859_R079_T35VMH_20240226T132109
S2_FI_00006107,527,2024-02-26,0.0,98.035216,70.0095792529049,170.876936521395,,,35VMH,S2B_MSIL2A_20240226T094859_R079_T35VMH_20240226T132109
S2_FI_00006108,527,2024-04-11,0.0,12.49387,52.4387370397602,172.930740537577,,,35VMH,S2A_MSIL2A_20240411T095031_R079_T35VMH_20240411T155759
S2_FI_00006109,527,2024-04-11,0.0,12.49387,52.4387370397602,172.930740537577,,,35VMH,S2A_MSIL2A_20240411T095031_R079_T35VMH_20240411T155759
S2_FI_00006110,527,2024-04-11,0.0,12.49387,52.4387370397602,172.930740537577,,,35VMH,S2A_MSIL2A_20240411T095031_R079_T35VMH_20240411T155759
S2_FI_00006111,527,2024-04-11,0.0,12.49387,52.4387370397602,172.930740537577,,,35VMH,S2A_MSIL2A_20240411T095031_R079_T35VMH_20240411T155759
S2_FI_00006112,527,2024-04-11,0.0,12.49387,52.4387370397602,172.930740537577,,,35VMH,S2A_MSIL2A_20240411T095031_R079_T35VMH_20240411T155759
S2_FI_00006113,527,2024-04-11,0.0,12.49387,52.4387370397602,172.930740537577,,,35VMH,S2A_MSIL2A_20240411T095031_R079_T35VMH_20240411T155759
S2_FI_00006114,527,2024-06-05,1.0,12.768275,38.3825713811711,172.448960163137,,,35VMH,S2B_MSIL2A_20240605T094549_R079_T35VMH_20240605T121845
S2_FI_00006115,527,2024-06-05,1.0,12.768275,38.3825713811711,172.448960163137,,,35VMH,S2B_MSIL2A_20240605T094549_R079_T35VMH_20240605T121845
S2_FI_00006116,527,2024-06-05,1.0,12.768275,38.3825713811711,172.448960163137,,,35VMH,S2B_MSIL2A_20240605T094549_R079_T35VMH_20240605T121845
S2_FI_00006117,527,2024-06-05,1.0,12.768275,38.3825713811711,172.448960163137,,,35VMH,S2B_MSIL2A_20240605T094549_R079_T35VMH_20240605T121845
S2_FI_00006118,527,2024-06-05,1.0,12.768275,38.3825713811711,172.448960163137,,,35VMH,S2B_MSIL2A_20240605T094549_R079_T35VMH_20240605T121845
S2_FI_00006119,527,2024-06-05,1.0,12.768275,38.3825713811711,172.448960163137,,,35VMH,S2B_MSIL2A_20240605T094549_R079_T35VMH_20240605T121845
S2_FI_00006120,527,2024-08-04,1.0,66.495132,44.0748336419428,170.432600698192,,,35VMH,S2B_MSIL2A_20240804T094549_R079_T35VMH_20240804T123817
S2_FI_00006121,527,2024-08-04,1.0,66.495132,44.0748336419428,170.432600698192,,,35VMH,S2B_MSIL2A_20240804T094549_R079_T35VMH_20240804T123817
S2_FI_00006122,527,2024-08-04,1.0,66.495132,44.0748336419428,170.432600698192,,,35VMH,S2B_MSIL2A_20240804T094549_R079_T35VMH_20240804T123817
S2_FI_00006123,527,2024-08-04,1.0,66.495132,44.0748336419428,170.432600698192,,,35VMH,S2B_MSIL2A_20240804T094549_R079_T35VMH_20240804T123817
S2_FI_00006124,527,2024-08-04,1.0,66.495132,44.0748336419428,170.432600698192,,,35VMH,S2B_MSIL2A_20240804T094549_R079_T35VMH_20240804T123817
S2_FI_00006125,527,2024-08-04,1.0,66.495132,44.0748336419428,170.432600698192,,,35VMH,S2B_MSIL2A_20240804T094549_R079_T35VMH_20240804T123817
S2_FI_00006126,527,2024-09-05,0.0,0.73098,54.5851429165661,170.765224908506,,,35VMH,S2A_MSIL2A_20240905T094031_R036_T35VMH_20240905T133953
S2_FI_00006127,527,2024-09-05,0.0,0.73098,54.5851429165661,170.765224908506,,,35VMH,S2A_MSIL2A_20240905T094031_R036_T35VMH_20240905T133953
S2_FI_00006128,527,2024-09-05,0.0,0.73098,54.5851429165661,170.765224908506,,,35VMH,S2A_MSIL2A_20240905T094031_R036_T35VMH_20240905T133953
S2_FI_00006129,527,2024-09-05,0.0,0.73098,54.5851429165661,170.765224908506,,,35VMH,S2A_MSIL2A_20240905T094031_R036_T35VMH_20240905T133953
S2_FI_00006130,527,2024-09-05,0.0,0.73098,54.5851429165661,170.765224908506,,,35VMH,S2A_MSIL2A_20240905T094031_R036_T35VMH_20240905T133953
S2_FI_00006131,527,2024-09-05,0.0,0.73098,54.5851429165661,170.765224908506,,,35VMH,S2A_MSIL2A_20240905T094031_R036_T35VMH_20240905T133953
S2_FI_00006132,527,2024-11-04,1.0,63.749254,76.482593486912,176.209751509959,,,35VMH,S2A_MSIL2A_20241104T094151_R036_T35VMH_20241104T105348
S2_FI_00006133,527,2024-11-04,1.0,63.749254,76.482593486912,176.209751509959,,,35VMH,S2A_MSIL2A_20241104T094151_R036_T35VMH_20241104T105348
S2_FI_00006134,527,2024-11-04,1.0,63.749254,76.482593486912,176.209751509959,,,35VMH,S2A_MSIL2A_20241104T094151_R036_T35VMH_20241104T105348
S2_FI_00006135,527,2024-11-04,1.0,63.749254,76.482593486912,176.209751509959,,,35VMH,S2A_MSIL2A_20241104T094151_R036_T35VMH_20241104T105348
S2_FI_00006136,527,2024-11-04,1.0,63.749254,76.482593486912,176.209751509959,,,35VMH,S2A_MSIL2A_20241104T094151_R036_T35VMH_20241104T105348
S2_FI_00006137,527,2024-11-04,1.0,63.749254,76.482593486912,176.209751509959,,,35VMH,S2A_MSIL2A_20241104T094151_R036_T35VMH_20241104T105348
S2_FI_00007110,5448,2023-02-14,0.0,98.874509,76.1314505613365,169.307078518112,,,34VEQ,S2B_MSIL2A_20230214T100029_R122_T34VEQ_20240812T190154
S2_FI_00007111,5448,2023-02-14,0.0,98.874509,76.1314505613365,169.307078518112,,,34VEQ,S2B_MSIL2A_20230214T100029_R122_T34VEQ_20240812T190154
S2_FI_00007112,5448,2023-02-14,0.0,98.874509,76.1314505613365,169.307078518112,,,34VEQ,S2B_MSIL2A_20230214T100029_R122_T34VEQ_20240812T190154
S2_FI_00007113,5448,2023-02-14,0.0,98.874509,76.1314505613365,169.307078518112,,,34VEQ,S2B_MSIL2A_20230214T100029_R122_T34VEQ_20240812T190154
S2_FI_00007114,5448,2023-02-14,0.0,98.874509,76.1314505613365,169.307078518112,,,34VEQ,S2B_MSIL2A_20230214T100029_R122_T34VEQ_20240812T190154
S2_FI_00007115,5448,2023-02-14,0.0,98.874509,76.1314505613365,169.307078518112,,,34VEQ,S2B_MSIL2A_20230214T100029_R122_T34VEQ_20240812T190154
S2_FI_00007116,5448,2023-07-17,0.0,91.507632,41.6466945897395,171.359932711194,,,34VEQ,S2B_MSIL2A_20230717T100559_R022_T34VEQ_20241012T225151
S2_FI_00007117,5448,2023-07-17,0.0,91.507632,41.6466945897395,171.359932711194,,,34VEQ,S2B_MSIL2A_20230717T100559_R022_T34VEQ_20241012T225151
S2_FI_00007118,5448,2023-07-17,0.0,91.507632,41.6466945897395,171.359932711194,,,34VEQ,S2B_MSIL2A_20230717T100559_R022_T34VEQ_20241012T225151
S2_FI_00007119,5448,2023-07-17,0.0,91.507632,41.6466945897395,171.359932711194,,,34VEQ,S2B_MSIL2A_20230717T100559_R022_T34VEQ_20241012T225151
S2_FI_00007120,5448,2023-07-17,0.0,91.507632,41.6466945897395,171.359932711194,,,34VEQ,S2B_MSIL2A_20230717T100559_R022_T34VEQ_20241012T225151
S2_FI_00007121,5448,2023-07-17,0.0,91.507632,41.6466945897395,171.359932711194,,,34VEQ,S2B_MSIL2A_20230717T100559_R022_T34VEQ_20241012T225151
S2_FI_00007122,5448,2023-08-29,1.0,3.225411,53.2957277861894,177.075115678002,,,34VEQ,S2B_MSIL2A_20230829T101609_R065_T34VEQ_20241018T022739
S2_FI_00007123,5448,2023-08-29,1.0,3.225411,53.2957277861894,177.075115678002,,,34VEQ,S2B_MSIL2A_20230829T101609_R065_T34VEQ_20241018T022739
S2_FI_00007124,5448,2023-08-29,1.0,3.225411,53.2957277861894,177.075115678002,,,34VEQ,S2B_MSIL2A_20230829T101609_R065_T34VEQ_20241018T022739
S2_FI_00007125,5448,2023-08-29,1.0,3.225411,53.2957277861894,177.075115678002,,,34VEQ,S2B_MSIL2A_20230829T101609_R065_T34VEQ_20241018T022739
S2_FI_00007126,5448,2023-08-29,1.0,3.225411,53.2957277861894,177.075115678002,,,34VEQ,S2B_MSIL2A_20230829T101609_R065_T34VEQ_20241018T022739
S2_FI_00007127,5448,2023-08-29,1.0,3.225411,53.2957277861894,177.075115678002,,,34VEQ,S2B_MSIL2A_20230829T101609_R065_T34VEQ_20241018T022739
S2_FI_00007128,5448,2024-02-12,1.0,81.523806,76.6902401357596,171.846368057398,,,34VEQ,S2B_MSIL2A_20240212T101039_R022_T34VEQ_20240213T092035
S2_FI_00007129,5448,2024-02-12,1.0,81.523806,76.6902401357596,171.846368057398,,,34VEQ,S2B_MSIL2A_20240212T101039_R022_T34VEQ_20240213T092035
S2_FI_00007130,5448,2024-02-12,1.0,81.523806,76.6902401357596,171.846368057398,,,34VEQ,S2B_MSIL2A_20240212T101039_R022_T34VEQ_20240213T092035
S2_FI_00007131,5448,2024-02-12,1.0,81.523806,76.6902401357596,171.846368057398,,,34VEQ,S2B_MSIL2A_20240212T101039_R022_T34VEQ_20240213T092035
S2_FI_00007132,5448,2024-02-12,1.0,81.523806,76.6902401357596,171.846368057398,,,34VEQ,S2B_MSIL2A_20240212T101039_R022_T34VEQ_20240213T092035
S2_FI_00007133,5448,2024-02-12,1.0,81.523806,76.6902401357596,171.846368057398,,,34VEQ,S2B_MSIL2A_20240212T101039_R022_T34VEQ_20240213T092035
S2_FI_00007134,5448,2024-07-18,0.0,66.861004,42.1614302921362,167.874095856999,,,34VEQ,S2B_MSIL2A_20240718T095549_R122_T34VEQ_20240718T124840
S2_FI_00007135,5448,2024-07-18,0.0,66.861004,42.1614302921362,167.874095856999,,,34VEQ,S2B_MSIL2A_20240718T095549_R122_T34VEQ_20240718T124840
S2_FI_00007136,5448,2024-07-18,0.0,66.861004,42.1614302921362,167.874095856999,,,34VEQ,S2B_MSIL2A_20240718T095549_R122_T34VEQ_20240718T124840
S2_FI_00007137,5448,2024-07-18,0.0,66.861004,42.1614302921362,167.874095856999,,,34VEQ,S2B_MSIL2A_20240718T095549_R122_T34VEQ_20240718T124840
S2_FI_00007138,5448,2024-07-18,0.0,66.861004,42.1614302921362,167.874095856999,,,34VEQ,S2B_MSIL2A_20240718T095549_R122_T34VEQ_20240718T124840
S2_FI_00007139,5448,2024-07-18,0.0,66.861004,42.1614302921362,167.874095856999,,,34VEQ,S2B_MSIL2A_20240718T095549_R122_T34VEQ_20240718T124840
S2_FI_00007140,5448,2024-08-27,0.0,94.797188,53.0974632715207,170.79222887158,,,34VEQ,S2B_MSIL2A_20240827T095549_R122_T34VEQ_20240827T130925
S2_FI_00007141,5448,2024-08-27,0.0,94.797188,53.0974632715207,170.79222887158,,,34VEQ,S2B_MSIL2A_20240827T095549_R122_T34VEQ_20240827T130925
S2_FI_00007142,5448,2024-08-27,0.0,94.797188,53.0974632715207,170.79222887158,,,34VEQ,S2B_MSIL2A_20240827T095549_R122_T34VEQ_20240827T130925
S2_FI_00007143,5448,2024-08-27,0.0,94.797188,53.0974632715207,170.79222887158,,,34VEQ,S2B_MSIL2A_20240827T095549_R122_T34VEQ_20240827T130925
S2_FI_00007144,5448,2024-08-27,0.0,94.797188,53.0974632715207,170.79222887158,,,34VEQ,S2B_MSIL2A_20240827T095549_R122_T34VEQ_20240827T130925
S2_FI_00007145,5448,2024-08-27,0.0,94.797188,53.0974632715207,170.79222887158,,,34VEQ,S2B_MSIL2A_20240827T095549_R122_T34VEQ_20240827T130925
S2_FI_00007320,55517,2023-01-21,2.0,7.857131,83.5344460912003,175.303235592837,,,34VER,S2B_MSIL2A_20230121T102239_R065_T34VER_20240811T133047
S2_FI_00007321,55517,2023-01-21,2.0,7.857131,83.5344460912003,175.303235592837,,,34VER,S2B_MSIL2A_20230121T102239_R065_T34VER_20240811T133047
S2_FI_00007322,55517,2023-01-21,2.0,7.857131,83.5344460912003,175.303235592837,,,34VER,S2B_MSIL2A_20230121T102239_R065_T34VER_20240811T133047
S2_FI_00007323,55517,2023-01-21,2.0,7.857131,83.5344460912003,175.303235592837,,,34VER,S2B_MSIL2A_20230121T102239_R065_T34VER_20240811T133047
S2_FI_00007324,55517,2023-01-21,2.0,7.857131,83.5344460912003,175.303235592837,,,34VER,S2B_MSIL2A_20230121T102239_R065_T34VER_20240811T133047
S2_FI_00007325,55517,2023-01-21,2.0,7.857131,83.5344460912003,175.303235592837,,,34VER,S2B_MSIL2A_20230121T102239_R065_T34VER_20240811T133047
S2_FI_00007326,55517,2023-02-20,0.0,99.147499,74.592646822534,174.306645507719,,,34VER,S2B_MSIL2A_20230220T101949_R065_T34VER_20240814T115509
S2_FI_00007327,55517,2023-02-20,0.0,99.147499,74.592646822534,174.306645507719,,,34VER,S2B_MSIL2A_20230220T101949_R065_T34VER_20240814T115509
S2_FI_00007328,55517,2023-02-20,0.0,99.147499,74.592646822534,174.306645507719,,,34VER,S2B_MSIL2A_20230220T101949_R065_T34VER_20240814T115509
S2_FI_00007329,55517,2023-02-20,0.0,99.147499,74.592646822534,174.306645507719,,,34VER,S2B_MSIL2A_20230220T101949_R065_T34VER_20240814T115509
S2_FI_00007330,55517,2023-02-20,0.0,99.147499,74.592646822534,174.306645507719,,,34VER,S2B_MSIL2A_20230220T101949_R065_T34VER_20240814T115509
S2_FI_00007331,55517,2023-02-20,0.0,99.147499,74.592646822534,174.306645507719,,,34VER,S2B_MSIL2A_20230220T101949_R065_T34VER_20240814T115509
S2_FI_00007332,55517,2023-03-17,3.0,100.0,64.9765167047655,175.286312936515,,,34VER,S2A_MSIL2A_20230317T101741_R065_T34VER_20240830T101604
S2_FI_00007333,55517,2023-03-17,3.0,100.0,64.9765167047655,175.286312936515,,,34VER,S2A_MSIL2A_20230317T101741_R065_T34VER_20240830T101604
S2_FI_00007334,55517,2023-03-17,3.0,100.0,64.9765167047655,175.286312936515,,,34VER,S2A_MSIL2A_20230317T101741_R065_T34VER_20240830T101604
S2_FI_00007335,55517,2023-03-17,3.0,100.0,64.9765167047655,175.286312936515,,,34VER,S2A_MSIL2A_20230317T101741_R065_T34VER_20240830T101604
S2_FI_00007336,55517,2023-03-17,3.0,100.0,64.9765167047655,175.286312936515,,,34VER,S2A_MSIL2A_20230317T101741_R065_T34VER_20240830T101604
S2_FI_00007337,55517,2023-03-17,3.0,100.0,64.9765167047655,175.286312936515,,,34VER,S2A_MSIL2A_20230317T101741_R065_T34VER_20240830T101604
S2_FI_00007338,55517,2023-04-16,1.0,42.748761,53.4458942824024,177.39222505226,,,34VER,S2A_MSIL2A_20230416T101601_R065_T34VER_20240904T172156
S2_FI_00007339,55517,2023-04-16,1.0,42.748761,53.4458942824024,177.39222505226,,,34VER,S2A_MSIL2A_20230416T101601_R065_T34VER_20240904T172156
S2_FI_00007340,55517,2023-04-16,1.0,42.748761,53.4458942824024,177.39222505226,,,34VER,S2A_MSIL2A_20230416T101601_R065_T34VER_20240904T172156
S2_FI_00007341,55517,2023-04-16,1.0,42.748761,53.4458942824024,177.39222505226,,,34VER,S2A_MSIL2A_20230416T101601_R065_T34VER_20240904T172156
S2_FI_00007342,55517,2023-04-16,1.0,42.748761,53.4458942824024,177.39222505226,,,34VER,S2A_MSIL2A_20230416T101601_R065_T34VER_20240904T172156
S2_FI_00007343,55517,2023-04-16,1.0,42.748761,53.4458942824024,177.39222505226,,,34VER,S2A_MSIL2A_20230416T101601_R065_T34VER_20240904T172156
S2_FI_00007344,55517,2023-05-15,0.0,24.409039,44.8785290081821,171.649136630592,,,34VER,S2B_MSIL2A_20230515T095559_R122_T34VER_20230515T161930
S2_FI_00007345,55517,2023-05-15,0.0,24.409039,44.8785290081821,171.649136630592,,,34VER,S2B_MSIL2A_20230515T095559_R122_T34VER_20230515T161930
S2_FI_00007346,55517,2023-05-15,0.0,24.409039,44.8785290081821,171.649136630592,,,34VER,S2B_MSIL2A_20230515T095559_R122_T34VER_20230515T161930
S2_FI_00007347,55517,2023-05-15,0.0,24.409039,44.8785290081821,171.649136630592,,,34VER,S2B_MSIL2A_20230515T095559_R122_T34VER_20230515T161930
S2_FI_00007348,55517,2023-05-15,0.0,24.409039,44.8785290081821,171.649136630592,,,34VER,S2B_MSIL2A_20230515T095559_R122_T34VER_20230515T161930
S2_FI_00007349,55517,2023-05-15,0.0,24.409039,44.8785290081821,171.649136630592,,,34VER,S2B_MSIL2A_20230515T095559_R122_T34VER_20230515T161930
S2_FI_00007350,55517,2023-06-10,2.0,12.049582,40.5454692662568,177.178931660768,,,34VER,S2B_MSIL2A_20230610T101609_R065_T34VER_20240909T065358
S2_FI_00007351,55517,2023-06-10,2.0,12.049582,40.5454692662568,177.178931660768,,,34VER,S2B_MSIL2A_20230610T101609_R065_T34VER_20240909T065358
S2_FI_00007352,55517,2023-06-10,2.0,12.049582,40.5454692662568,177.178931660768,,,34VER,S2B_MSIL2A_20230610T101609_R065_T34VER_20240909T065358
S2_FI_00007353,55517,2023-06-10,2.0,12.049582,40.5454692662568,177.178931660768,,,34VER,S2B_MSIL2A_20230610T101609_R065_T34VER_20240909T065358
S2_FI_00007354,55517,2023-06-10,2.0,12.049582,40.5454692662568,177.178931660768,,,34VER,S2B_MSIL2A_20230610T101609_R065_T34VER_20240909T065358
S2_FI_00007355,55517,2023-06-10,2.0,12.049582,40.5454692662568,177.178931660768,,,34VER,S2B_MSIL2A_20230610T101609_R065_T34VER_20240909T065358
S2_FI_00007356,55517,2023-07-02,1.0,52.243567,40.6687921310207,172.020815981738,,,34VER,S2A_MSIL2A_20230702T100601_R022_T34VER_20230702T182916
S2_FI_00007357,55517,2023-07-02,1.0,52.243567,40.6687921310207,172.020815981738,,,34VER,S2A_MSIL2A_20230702T100601_R022_T34VER_20230702T182916
S2_FI_00007358,55517,2023-07-02,1.0,52.243567,40.6687921310207,172.020815981738,,,34VER,S2A_MSIL2A_20230702T100601_R022_T34VER_20230702T182916
S2_FI_00007359,55517,2023-07-02,1.0,52.243567,40.6687921310207,172.020815981738,,,34VER,S2A_MSIL2A_20230702T100601_R022_T34VER_20230702T182916
S2_FI_00007360,55517,2023-07-02,1.0,52.243567,40.6687921310207,172.020815981738,,,34VER,S2A_MSIL2A_20230702T100601_R022_T34VER_20230702T182916
S2_FI_00007361,55517,2023-07-02,1.0,52.243567,40.6687921310207,172.020815981738,,,34VER,S2A_MSIL2A_20230702T100601_R022_T34VER_20230702T182916
S2_FI_00007362,55517,2023-08-19,2.0,4.194039,50.7966505279783,176.137722543464,,,34VER,S2B_MSIL2A_20230819T101609_R065_T34VER_20241018T100833
S2_FI_00007363,55517,2023-08-19,2.0,4.194039,50.7966505279783,176.137722543464,,,34VER,S2B_MSIL2A_20230819T101609_R065_T34VER_20241018T100833
S2_FI_00007364,55517,2023-08-19,2.0,4.194039,50.7966505279783,176.137722543464,,,34VER,S2B_MSIL2A_20230819T101609_R065_T34VER_20241018T100833
S2_FI_00007365,55517,2023-08-19,2.0,4.194039,50.7966505279783,176.137722543464,,,34VER,S2B_MSIL2A_20230819T101609_R065_T34VER_20241018T100833
S2_FI_00007366,55517,2023-08-19,2.0,4.194039,50.7966505279783,176.137722543464,,,34VER,S2B_MSIL2A_20230819T101609_R065_T34VER_20241018T100833
S2_FI_00007367,55517,2023-08-19,2.0,4.194039,50.7966505279783,176.137722543464,,,34VER,S2B_MSIL2A_20230819T101609_R065_T34VER_20241018T100833
S2_FI_00007368,55517,2023-09-17,1.0,48.858374,61.40560042393,173.413768701585,,,34VER,S2A_MSIL2A_20230917T100031_R122_T34VER_20241101T051059
S2_FI_00007369,55517,2023-09-17,1.0,48.858374,61.40560042393,173.413768701585,,,34VER,S2A_MSIL2A_20230917T100031_R122_T34VER_20241101T051059
S2_FI_00007370,55517,2023-09-17,1.0,48.858374,61.40560042393,173.413768701585,,,34VER,S2A_MSIL2A_20230917T100031_R122_T34VER_20241101T051059
S2_FI_00007371,55517,2023-09-17,1.0,48.858374,61.40560042393,173.413768701585,,,34VER,S2A_MSIL2A_20230917T100031_R122_T34VER_20241101T051059
S2_FI_00007372,55517,2023-09-17,1.0,48.858374,61.40560042393,173.413768701585,,,34VER,S2A_MSIL2A_20230917T100031_R122_T34VER_20241101T051059
S2_FI_00007373,55517,2023-09-17,1.0,48.858374,61.40560042393,173.413768701585,,,34VER,S2A_MSIL2A_20230917T100031_R122_T34VER_20241101T051059
S2_FI_00007374,55517,2023-10-15,1.0,74.277031,72.0331149563898,178.853894976319,,,34VER,S2B_MSIL2A_20231015T100909_R022_T34VER_20231015T142912
S2_FI_00007375,55517,2023-10-15,1.0,74.277031,72.0331149563898,178.853894976319,,,34VER,S2B_MSIL2A_20231015T100909_R022_T34VER_20231015T142912
S2_FI_00007376,55517,2023-10-15,1.0,74.277031,72.0331149563898,178.853894976319,,,34VER,S2B_MSIL2A_20231015T100909_R022_T34VER_20231015T142912
S2_FI_00007377,55517,2023-10-15,1.0,74.277031,72.0331149563898,178.853894976319,,,34VER,S2B_MSIL2A_20231015T100909_R022_T34VER_20231015T142912
S2_FI_00007378,55517,2023-10-15,1.0,74.277031,72.0331149563898,178.853894976319,,,34VER,S2B_MSIL2A_20231015T100909_R022_T34VER_20231015T142912
S2_FI_00007379,55517,2023-10-15,1.0,74.277031,72.0331149563898,178.853894976319,,,34VER,S2B_MSIL2A_20231015T100909_R022_T34VER_20231015T142912
S2_FI_00007380,55517,2023-11-12,1.0,100.0,81.222613296597,181.749360890946,,,34VER,S2A_MSIL2A_20231112T102251_R065_T34VER_20241031T104331
S2_FI_00007381,55517,2023-11-12,1.0,100.0,81.222613296597,181.749360890946,,,34VER,S2A_MSIL2A_20231112T102251_R065_T34VER_20241031T104331
S2_FI_00007382,55517,2023-11-12,1.0,100.0,81.222613296597,181.749360890946,,,34VER,S2A_MSIL2A_20231112T102251_R065_T34VER_20241031T104331
S2_FI_00007383,55517,2023-11-12,1.0,100.0,81.222613296597,181.749360890946,,,34VER,S2A_MSIL2A_20231112T102251_R065_T34VER_20241031T104331
S2_FI_00007384,55517,2023-11-12,1.0,100.0,81.222613296597,181.749360890946,,,34VER,S2A_MSIL2A_20231112T102251_R065_T34VER_20241031T104331
S2_FI_00007385,55517,2023-11-12,1.0,100.0,81.222613296597,181.749360890946,,,34VER,S2A_MSIL2A_20231112T102251_R065_T34VER_20241031T104331
S2_FI_00007386,55517,,,,,,,,,
S2_FI_00007387,55517,,,,,,,,,
S2_FI_00007388,55517,,,,,,,,,
S2_FI_00007389,55517,,,,,,,,,
S2_FI_00007390,55517,,,,,,,,,
S2_FI_00007391,55517,,,,,,,,,
S2_FI_00007392,55517,,,,,,,,,
S2_FI_00007393,55517,,,,,,,,,
S2_FI_00007394,55517,,,,,,,,,
S2_FI_00007395,55517,,,,,,,,,
S2_FI_00007396,55517,,,,,,,,,
S2_FI_00007397,55517,,,,,,,,,
S2_FI_00007398,55517,2024-02-05,1.0,99.709755,79.6628330678921,174.485233620615,,,34VER,S2B_MSIL2A_20240205T102129_R065_T34VER_20240205T152318
S2_FI_00007399,55517,2024-02-05,1.0,99.709755,79.6628330678921,174.485233620615,,,34VER,S2B_MSIL2A_20240205T102129_R065_T34VER_20240205T152318
S2_FI_00007400,55517,2024-02-05,1.0,99.709755,79.6628330678921,174.485233620615,,,34VER,S2B_MSIL2A_20240205T102129_R065_T34VER_20240205T152318
S2_FI_00007401,55517,2024-02-05,1.0,99.709755,79.6628330678921,174.485233620615,,,34VER,S2B_MSIL2A_20240205T102129_R065_T34VER_20240205T152318
S2_FI_00007402,55517,2024-02-05,1.0,99.709755,79.6628330678921,174.485233620615,,,34VER,S2B_MSIL2A_20240205T102129_R065_T34VER_20240205T152318
S2_FI_00007403,55517,2024-02-05,1.0,99.709755,79.6628330678921,174.485233620615,,,34VER,S2B_MSIL2A_20240205T102129_R065_T34VER_20240205T152318
S2_FI_00007404,55517,2024-03-03,1.0,100.0,70.3223080764199,171.962817540079,,,34VER,S2B_MSIL2A_20240303T100819_R022_T34VER_20240303T131030
S2_FI_00007405,55517,2024-03-03,1.0,100.0,70.3223080764199,171.962817540079,,,34VER,S2B_MSIL2A_20240303T100819_R022_T34VER_20240303T131030
S2_FI_00007406,55517,2024-03-03,1.0,100.0,70.3223080764199,171.962817540079,,,34VER,S2B_MSIL2A_20240303T100819_R022_T34VER_20240303T131030
S2_FI_00007407,55517,2024-03-03,1.0,100.0,70.3223080764199,171.962817540079,,,34VER,S2B_MSIL2A_20240303T100819_R022_T34VER_20240303T131030
S2_FI_00007408,55517,2024-03-03,1.0,100.0,70.3223080764199,171.962817540079,,,34VER,S2B_MSIL2A_20240303T100819_R022_T34VER_20240303T131030
S2_FI_00007409,55517,2024-03-03,1.0,100.0,70.3223080764199,171.962817540079,,,34VER,S2B_MSIL2A_20240303T100819_R022_T34VER_20240303T131030
S2_FI_00007410,55517,2024-04-02,0.0,78.824431,58.4724752951288,173.555465200969,,,34VER,S2B_MSIL2A_20240402T100549_R022_T34VER_20240402T153106
S2_FI_00007411,55517,2024-04-02,0.0,78.824431,58.4724752951288,173.555465200969,,,34VER,S2B_MSIL2A_20240402T100549_R022_T34VER_20240402T153106
S2_FI_00007412,55517,2024-04-02,0.0,78.824431,58.4724752951288,173.555465200969,,,34VER,S2B_MSIL2A_20240402T100549_R022_T34VER_20240402T153106
S2_FI_00007413,55517,2024-04-02,0.0,78.824431,58.4724752951288,173.555465200969,,,34VER,S2B_MSIL2A_20240402T100549_R022_T34VER_20240402T153106
S2_FI_00007414,55517,2024-04-02,0.0,78.824431,58.4724752951288,173.555465200969,,,34VER,S2B_MSIL2A_20240402T100549_R022_T34VER_20240402T153106
S2_FI_00007415,55517,2024-04-02,0.0,78.824431,58.4724752951288,173.555465200969,,,34VER,S2B_MSIL2A_20240402T100549_R022_T34VER_20240402T153106
S2_FI_00007416,55517,2024-04-29,0.0,86.781561,49.0582699791808,171.70619407802,,,34VER,S2B_MSIL2A_20240429T095549_R122_T34VER_20240429T141937
S2_FI_00007417,55517,2024-04-29,0.0,86.781561,49.0582699791808,171.70619407802,,,34VER,S2B_MSIL2A_20240429T095549_R122_T34VER_20240429T141937
S2_FI_00007418,55517,2024-04-29,0.0,86.781561,49.0582699791808,171.70619407802,,,34VER,S2B_MSIL2A_20240429T095549_R122_T34VER_20240429T141937
S2_FI_00007419,55517,2024-04-29,0.0,86.781561,49.0582699791808,171.70619407802,,,34VER,S2B_MSIL2A_20240429T095549_R122_T34VER_20240429T141937
S2_FI_00007420,55517,2024-04-29,0.0,86.781561,49.0582699791808,171.70619407802,,,34VER,S2B_MSIL2A_20240429T095549_R122_T34VER_20240429T141937
S2_FI_00007421,55517,2024-04-29,0.0,86.781561,49.0582699791808,171.70619407802,,,34VER,S2B_MSIL2A_20240429T095549_R122_T34VER_20240429T141937
S2_FI_00007422,55517,2024-05-27,0.0,3.935903,42.2020561497685,174.52264110709,,,34VER,S2A_MSIL2A_20240527T100601_R022_T34VER_20240527T171511
S2_FI_00007423,55517,2024-05-27,0.0,3.935903,42.2020561497685,174.52264110709,,,34VER,S2A_MSIL2A_20240527T100601_R022_T34VER_20240527T171511
S2_FI_00007424,55517,2024-05-27,0.0,3.935903,42.2020561497685,174.52264110709,,,34VER,S2A_MSIL2A_20240527T100601_R022_T34VER_20240527T171511
S2_FI_00007425,55517,2024-05-27,0.0,3.935903,42.2020561497685,174.52264110709,,,34VER,S2A_MSIL2A_20240527T100601_R022_T34VER_20240527T171511
S2_FI_00007426,55517,2024-05-27,0.0,3.935903,42.2020561497685,174.52264110709,,,34VER,S2A_MSIL2A_20240527T100601_R022_T34VER_20240527T171511
S2_FI_00007427,55517,2024-05-27,0.0,3.935903,42.2020561497685,174.52264110709,,,34VER,S2A_MSIL2A_20240527T100601_R022_T34VER_20240527T171511
S2_FI_00007428,55517,2024-06-24,0.0,47.433811,40.1802155929414,176.036492669206,,,34VER,S2B_MSIL2A_20240624T101559_R065_T34VER_20240624T144352
S2_FI_00007429,55517,2024-06-24,0.0,47.433811,40.1802155929414,176.036492669206,,,34VER,S2B_MSIL2A_20240624T101559_R065_T34VER_20240624T144352
S2_FI_00007430,55517,2024-06-24,0.0,47.433811,40.1802155929414,176.036492669206,,,34VER,S2B_MSIL2A_20240624T101559_R065_T34VER_20240624T144352
S2_FI_00007431,55517,2024-06-24,0.0,47.433811,40.1802155929414,176.036492669206,,,34VER,S2B_MSIL2A_20240624T101559_R065_T34VER_20240624T144352
S2_FI_00007432,55517,2024-06-24,0.0,47.433811,40.1802155929414,176.036492669206,,,34VER,S2B_MSIL2A_20240624T101559_R065_T34VER_20240624T144352
S2_FI_00007433,55517,2024-06-24,0.0,47.433811,40.1802155929414,176.036492669206,,,34VER,S2B_MSIL2A_20240624T101559_R065_T34VER_20240624T144352
S2_FI_00007434,55517,2024-07-31,0.0,99.894106,45.6491972146795,171.686361309851,,,34VER,S2B_MSIL2A_20240731T100559_R022_T34VER_20240731T112855
S2_FI_00007435,55517,2024-07-31,0.0,99.894106,45.6491972146795,171.686361309851,,,34VER,S2B_MSIL2A_20240731T100559_R022_T34VER_20240731T112855
S2_FI_00007436,55517,2024-07-31,0.0,99.894106,45.6491972146795,171.686361309851,,,34VER,S2B_MSIL2A_20240731T100559_R022_T34VER_20240731T112855
S2_FI_00007437,55517,2024-07-31,0.0,99.894106,45.6491972146795,171.686361309851,,,34VER,S2B_MSIL2A_20240731T100559_R022_T34VER_20240731T112855
S2_FI_00007438,55517,2024-07-31,0.0,99.894106,45.6491972146795,171.686361309851,,,34VER,S2B_MSIL2A_20240731T100559_R022_T34VER_20240731T112855
S2_FI_00007439,55517,2024-07-31,0.0,99.894106,45.6491972146795,171.686361309851,,,34VER,S2B_MSIL2A_20240731T100559_R022_T34VER_20240731T112855
S2_FI_00007440,55517,2024-08-03,1.0,63.376302,46.2923268131143,175.114697551113,,,34VER,S2B_MSIL2A_20240803T101559_R065_T34VER_20240803T130328
S2_FI_00007441,55517,2024-08-03,1.0,63.376302,46.2923268131143,175.114697551113,,,34VER,S2B_MSIL2A_20240803T101559_R065_T34VER_20240803T130328
S2_FI_00007442,55517,2024-08-03,1.0,63.376302,46.2923268131143,175.114697551113,,,34VER,S2B_MSIL2A_20240803T101559_R065_T34VER_20240803T130328
S2_FI_00007443,55517,2024-08-03,1.0,63.376302,46.2923268131143,175.114697551113,,,34VER,S2B_MSIL2A_20240803T101559_R065_T34VER_20240803T130328
S2_FI_00007444,55517,2024-08-03,1.0,63.376302,46.2923268131143,175.114697551113,,,34VER,S2B_MSIL2A_20240803T101559_R065_T34VER_20240803T130328
S2_FI_00007445,55517,2024-08-03,1.0,63.376302,46.2923268131143,175.114697551113,,,34VER,S2B_MSIL2A_20240803T101559_R065_T34VER_20240803T130328
S2_FI_00007446,55517,2024-09-22,1.0,42.655927,63.4962981894185,179.653832322341,,,34VER,S2B_MSIL2A_20240922T101629_R065_T34VER_20240922T132023
S2_FI_00007447,55517,2024-09-22,1.0,42.655927,63.4962981894185,179.653832322341,,,34VER,S2B_MSIL2A_20240922T101629_R065_T34VER_20240922T132023
S2_FI_00007448,55517,2024-09-22,1.0,42.655927,63.4962981894185,179.653832322341,,,34VER,S2B_MSIL2A_20240922T101629_R065_T34VER_20240922T132023
S2_FI_00007449,55517,2024-09-22,1.0,42.655927,63.4962981894185,179.653832322341,,,34VER,S2B_MSIL2A_20240922T101629_R065_T34VER_20240922T132023
S2_FI_00007450,55517,2024-09-22,1.0,42.655927,63.4962981894185,179.653832322341,,,34VER,S2B_MSIL2A_20240922T101629_R065_T34VER_20240922T132023
S2_FI_00007451,55517,2024-09-22,1.0,42.655927,63.4962981894185,179.653832322341,,,34VER,S2B_MSIL2A_20240922T101629_R065_T34VER_20240922T132023
S2_FI_00007452,55517,2024-10-21,0.0,98.299706,74.5171254163536,176.658389563106,,,34VER,S2A_MSIL2A_20241021T100041_R122_T34VER_20241021T123351
S2_FI_00007453,55517,2024-10-21,0.0,98.299706,74.5171254163536,176.658389563106,,,34VER,S2A_MSIL2A_20241021T100041_R122_T34VER_20241021T123351
S2_FI_00007454,55517,2024-10-21,0.0,98.299706,74.5171254163536,176.658389563106,,,34VER,S2A_MSIL2A_20241021T100041_R122_T34VER_20241021T123351
S2_FI_00007455,55517,2024-10-21,0.0,98.299706,74.5171254163536,176.658389563106,,,34VER,S2A_MSIL2A_20241021T100041_R122_T34VER_20241021T123351
S2_FI_00007456,55517,2024-10-21,0.0,98.299706,74.5171254163536,176.658389563106,,,34VER,S2A_MSIL2A_20241021T100041_R122_T34VER_20241021T123351
S2_FI_00007457,55517,2024-10-21,0.0,98.299706,74.5171254163536,176.658389563106,,,34VER,S2A_MSIL2A_20241021T100041_R122_T34VER_20241021T123351
S2_FI_00007458,55517,2024-11-18,0.0,77.024806,82.9225118031164,179.081716796662,,,34VER,S2B_MSIL2A_20241118T101219_R022_T34VER_20241118T113501
S2_FI_00007459,55517,2024-11-18,0.0,77.024806,82.9225118031164,179.081716796662,,,34VER,S2B_MSIL2A_20241118T101219_R022_T34VER_20241118T113501
S2_FI_00007460,55517,2024-11-18,0.0,77.024806,82.9225118031164,179.081716796662,,,34VER,S2B_MSIL2A_20241118T101219_R022_T34VER_20241118T113501
S2_FI_00007461,55517,2024-11-18,0.0,77.024806,82.9225118031164,179.081716796662,,,34VER,S2B_MSIL2A_20241118T101219_R022_T34VER_20241118T113501
S2_FI_00007462,55517,2024-11-18,0.0,77.024806,82.9225118031164,179.081716796662,,,34VER,S2B_MSIL2A_20241118T101219_R022_T34VER_20241118T113501
S2_FI_00007463,55517,2024-11-18,0.0,77.024806,82.9225118031164,179.081716796662,,,34VER,S2B_MSIL2A_20241118T101219_R022_T34VER_20241118T113501
S2_FI_00007464,55517,,,,,,,,,
S2_FI_00007465,55517,,,,,,,,,
S2_FI_00007466,55517,,,,,,,,,
S2_FI_00007467,55517,,,,,,,,,
S2_FI_00007468,55517,,,,,,,,,
S2_FI_00007469,55517,,,,,,,,,
S2_FI_00008142,57891,2023-02-14,0.0,29.42901,73.2569384521176,171.691123749374,,,35VLG,S2B_MSIL2A_20230214T100029_R122_T35VLG_20240812T190154
S2_FI_00008143,57891,2023-02-14,0.0,29.42901,73.2569384521176,171.691123749374,,,35VLG,S2B_MSIL2A_20230214T100029_R122_T35VLG_20240812T190154
S2_FI_00008144,57891,2023-02-14,0.0,29.42901,73.2569384521176,171.691123749374,,,35VLG,S2B_MSIL2A_20230214T100029_R122_T35VLG_20240812T190154
S2_FI_00008145,57891,2023-02-14,0.0,29.42901,73.2569384521176,171.691123749374,,,35VLG,S2B_MSIL2A_20230214T100029_R122_T35VLG_20240812T190154
S2_FI_00008146,57891,2023-02-14,0.0,29.42901,73.2569384521176,171.691123749374,,,35VLG,S2B_MSIL2A_20230214T100029_R122_T35VLG_20240812T190154
S2_FI_00008147,57891,2023-02-14,0.0,29.42901,73.2569384521176,171.691123749374,,,35VLG,S2B_MSIL2A_20230214T100029_R122_T35VLG_20240812T190154
S2_FI_00008148,57891,2023-07-31,0.0,89.93271,42.1158842071804,167.620126524326,,,35VLG,S2B_MSIL2A_20230731T094549_R079_T35VLG_20241029T195507
S2_FI_00008149,57891,2023-07-31,0.0,89.93271,42.1158842071804,167.620126524326,,,35VLG,S2B_MSIL2A_20230731T094549_R079_T35VLG_20241029T195507
S2_FI_00008150,57891,2023-07-31,0.0,89.93271,42.1158842071804,167.620126524326,,,35VLG,S2B_MSIL2A_20230731T094549_R079_T35VLG_20241029T195507
S2_FI_00008151,57891,2023-07-31,0.0,89.93271,42.1158842071804,167.620126524326,,,35VLG,S2B_MSIL2A_20230731T094549_R079_T35VLG_20241029T195507
S2_FI_00008152,57891,2023-07-31,0.0,89.93271,42.1158842071804,167.620126524326,,,35VLG,S2B_MSIL2A_20230731T094549_R079_T35VLG_20241029T195507
S2_FI_00008153,57891,2023-07-31,0.0,89.93271,42.1158842071804,167.620126524326,,,35VLG,S2B_MSIL2A_20230731T094549_R079_T35VLG_20241029T195507
S2_FI_00008154,57891,2023-09-04,1.0,75.583017,52.9758909819186,171.436777506824,,,35VLG,S2A_MSIL2A_20230904T095031_R079_T35VLG_20241017T204831
S2_FI_00008155,57891,2023-09-04,1.0,75.583017,52.9758909819186,171.436777506824,,,35VLG,S2A_MSIL2A_20230904T095031_R079_T35VLG_20241017T204831
S2_FI_00008156,57891,2023-09-04,1.0,75.583017,52.9758909819186,171.436777506824,,,35VLG,S2A_MSIL2A_20230904T095031_R079_T35VLG_20241017T204831
S2_FI_00008157,57891,2023-09-04,1.0,75.583017,52.9758909819186,171.436777506824,,,35VLG,S2A_MSIL2A_20230904T095031_R079_T35VLG_20241017T204831
S2_FI_00008158,57891,2023-09-04,1.0,75.583017,52.9758909819186,171.436777506824,,,35VLG,S2A_MSIL2A_20230904T095031_R079_T35VLG_20241017T204831
S2_FI_00008159,57891,2023-09-04,1.0,75.583017,52.9758909819186,171.436777506824,,,35VLG,S2A_MSIL2A_20230904T095031_R079_T35VLG_20241017T204831
S2_FI_00008160,57891,2024-02-14,1.0,99.756461,73.3369971201956,171.685319635459,,,35VLG,S2A_MSIL2A_20240214T100121_R122_T35VLG_20240214T134245
S2_FI_00008161,57891,2024-02-14,1.0,99.756461,73.3369971201956,171.685319635459,,,35VLG,S2A_MSIL2A_20240214T100121_R122_T35VLG_20240214T134245
S2_FI_00008162,57891,2024-02-14,1.0,99.756461,73.3369971201956,171.685319635459,,,35VLG,S2A_MSIL2A_20240214T100121_R122_T35VLG_20240214T134245
S2_FI_00008163,57891,2024-02-14,1.0,99.756461,73.3369971201956,171.685319635459,,,35VLG,S2A_MSIL2A_20240214T100121_R122_T35VLG_20240214T134245
S2_FI_00008164,57891,2024-02-14,1.0,99.756461,73.3369971201956,171.685319635459,,,35VLG,S2A_MSIL2A_20240214T100121_R122_T35VLG_20240214T134245
S2_FI_00008165,57891,2024-02-14,1.0,99.756461,73.3369971201956,171.685319635459,,,35VLG,S2A_MSIL2A_20240214T100121_R122_T35VLG_20240214T134245
S2_FI_00008166,57891,2024-08-07,1.0,30.714455,43.9237989936199,171.609663506104,,,35VLG,S2B_MSIL2A_20240807T095549_R122_T35VLG_20240807T132638
S2_FI_00008167,57891,2024-08-07,1.0,30.714455,43.9237989936199,171.609663506104,,,35VLG,S2B_MSIL2A_20240807T095549_R122_T35VLG_20240807T132638
S2_FI_00008168,57891,2024-08-07,1.0,30.714455,43.9237989936199,171.609663506104,,,35VLG,S2B_MSIL2A_20240807T095549_R122_T35VLG_20240807T132638
S2_FI_00008169,57891,2024-08-07,1.0,30.714455,43.9237989936199,171.609663506104,,,35VLG,S2B_MSIL2A_20240807T095549_R122_T35VLG_20240807T132638
S2_FI_00008170,57891,2024-08-07,1.0,30.714455,43.9237989936199,171.609663506104,,,35VLG,S2B_MSIL2A_20240807T095549_R122_T35VLG_20240807T132638
S2_FI_00008171,57891,2024-08-07,1.0,30.714455,43.9237989936199,171.609663506104,,,35VLG,S2B_MSIL2A_20240807T095549_R122_T35VLG_20240807T132638
S2_FI_00008172,58845,2023-03-13,1.0,40.769318,65.0999050259356,169.253101288157,,,35VLJ,S2B_MSIL2A_20230313T095039_R079_T35VLJ_20240819T180634
S2_FI_00008173,58845,2023-03-13,1.0,40.769318,65.0999050259356,169.253101288157,,,35VLJ,S2B_MSIL2A_20230313T095039_R079_T35VLJ_20240819T180634
S2_FI_00008174,58845,2023-03-13,1.0,40.769318,65.0999050259356,169.253101288157,,,35VLJ,S2B_MSIL2A_20230313T095039_R079_T35VLJ_20240819T180634
S2_FI_00008175,58845,2023-03-13,1.0,40.769318,65.0999050259356,169.253101288157,,,35VLJ,S2B_MSIL2A_20230313T095039_R079_T35VLJ_20240819T180634
S2_FI_00008176,58845,2023-03-13,1.0,40.769318,65.0999050259356,169.253101288157,,,35VLJ,S2B_MSIL2A_20230313T095039_R079_T35VLJ_20240819T180634
S2_FI_00008177,58845,2023-03-13,1.0,40.769318,65.0999050259356,169.253101288157,,,35VLJ,S2B_MSIL2A_20230313T095039_R079_T35VLJ_20240819T180634
S2_FI_00008178,58845,2023-08-28,2.0,99.997306,52.1278766132505,173.494418112788,,,35VLJ,S2A_MSIL2A_20230828T100031_R122_T35VLJ_20241018T065117
S2_FI_00008179,58845,2023-08-28,2.0,99.997306,52.1278766132505,173.494418112788,,,35VLJ,S2A_MSIL2A_20230828T100031_R122_T35VLJ_20241018T065117
S2_FI_00008180,58845,2023-08-28,2.0,99.997306,52.1278766132505,173.494418112788,,,35VLJ,S2A_MSIL2A_20230828T100031_R122_T35VLJ_20241018T065117
S2_FI_00008181,58845,2023-08-28,2.0,99.997306,52.1278766132505,173.494418112788,,,35VLJ,S2A_MSIL2A_20230828T100031_R122_T35VLJ_20241018T065117
S2_FI_00008182,58845,2023-08-28,2.0,99.997306,52.1278766132505,173.494418112788,,,35VLJ,S2A_MSIL2A_20230828T100031_R122_T35VLJ_20241018T065117
S2_FI_00008183,58845,2023-08-28,2.0,99.997306,52.1278766132505,173.494418112788,,,35VLJ,S2A_MSIL2A_20230828T100031_R122_T35VLJ_20241018T065117
S2_FI_00008184,58845,2023-10-15,2.0,98.980474,70.2152979441774,181.202644986792,,,35VLJ,S2B_MSIL2A_20231015T100909_R022_T35VLJ_20231015T142905
S2_FI_00008185,58845,2023-10-15,2.0,98.980474,70.2152979441774,181.202644986792,,,35VLJ,S2B_MSIL2A_20231015T100909_R022_T35VLJ_20231015T142905
S2_FI_00008186,58845,2023-10-15,2.0,98.980474,70.2152979441774,181.202644986792,,,35VLJ,S2B_MSIL2A_20231015T100909_R022_T35VLJ_20231015T142905
S2_FI_00008187,58845,2023-10-15,2.0,98.980474,70.2152979441774,181.202644986792,,,35VLJ,S2B_MSIL2A_20231015T100909_R022_T35VLJ_20231015T142905
S2_FI_00008188,58845,2023-10-15,2.0,98.980474,70.2152979441774,181.202644986792,,,35VLJ,S2B_MSIL2A_20231015T100909_R022_T35VLJ_20231015T142905
S2_FI_00008189,58845,2023-10-15,2.0,98.980474,70.2152979441774,181.202644986792,,,35VLJ,S2B_MSIL2A_20231015T100909_R022_T35VLJ_20231015T142905
S2_FI_00008190,58845,2024-03-10,1.0,99.897319,65.7953345887153,171.849560470353,,,35VLJ,S2B_MSIL2A_20240310T095729_R122_T35VLJ_20240310T141739
S2_FI_00008191,58845,2024-03-10,1.0,99.897319,65.7953345887153,171.849560470353,,,35VLJ,S2B_MSIL2A_20240310T095729_R122_T35VLJ_20240310T141739
S2_FI_00008192,58845,2024-03-10,1.0,99.897319,65.7953345887153,171.849560470353,,,35VLJ,S2B_MSIL2A_20240310T095729_R122_T35VLJ_20240310T141739
S2_FI_00008193,58845,2024-03-10,1.0,99.897319,65.7953345887153,171.849560470353,,,35VLJ,S2B_MSIL2A_20240310T095729_R122_T35VLJ_20240310T141739
S2_FI_00008194,58845,2024-03-10,1.0,99.897319,65.7953345887153,171.849560470353,,,35VLJ,S2B_MSIL2A_20240310T095729_R122_T35VLJ_20240310T141739
S2_FI_00008195,58845,2024-03-10,1.0,99.897319,65.7953345887153,171.849560470353,,,35VLJ,S2B_MSIL2A_20240310T095729_R122_T35VLJ_20240310T141739
S2_FI_00008196,58845,2024-08-22,0.0,96.410966,50.3399839254374,172.864136538618,,,35VLJ,S2A_MSIL2A_20240822T100021_R122_T35VLJ_20240822T153650
S2_FI_00008197,58845,2024-08-22,0.0,96.410966,50.3399839254374,172.864136538618,,,35VLJ,S2A_MSIL2A_20240822T100021_R122_T35VLJ_20240822T153650
S2_FI_00008198,58845,2024-08-22,0.0,96.410966,50.3399839254374,172.864136538618,,,35VLJ,S2A_MSIL2A_20240822T100021_R122_T35VLJ_20240822T153650
S2_FI_00008199,58845,2024-08-22,0.0,96.410966,50.3399839254374,172.864136538618,,,35VLJ,S2A_MSIL2A_20240822T100021_R122_T35VLJ_20240822T153650
S2_FI_00008200,58845,2024-08-22,0.0,96.410966,50.3399839254374,172.864136538618,,,35VLJ,S2A_MSIL2A_20240822T100021_R122_T35VLJ_20240822T153650
S2_FI_00008201,58845,2024-08-22,0.0,96.410966,50.3399839254374,172.864136538618,,,35VLJ,S2A_MSIL2A_20240822T100021_R122_T35VLJ_20240822T153650
S2_FI_00008202,58845,2024-10-29,0.0,44.155917,75.4067870467518,181.68623612893,,,35VLJ,S2B_MSIL2A_20241029T101039_R022_T35VLJ_20241029T112818
S2_FI_00008203,58845,2024-10-29,0.0,44.155917,75.4067870467518,181.68623612893,,,35VLJ,S2B_MSIL2A_20241029T101039_R022_T35VLJ_20241029T112818
S2_FI_00008204,58845,2024-10-29,0.0,44.155917,75.4067870467518,181.68623612893,,,35VLJ,S2B_MSIL2A_20241029T101039_R022_T35VLJ_20241029T112818
S2_FI_00008205,58845,2024-10-29,0.0,44.155917,75.4067870467518,181.68623612893,,,35VLJ,S2B_MSIL2A_20241029T101039_R022_T35VLJ_20241029T112818
S2_FI_00008206,58845,2024-10-29,0.0,44.155917,75.4067870467518,181.68623612893,,,35VLJ,S2B_MSIL2A_20241029T101039_R022_T35VLJ_20241029T112818
S2_FI_00008207,58845,2024-10-29,0.0,44.155917,75.4067870467518,181.68623612893,,,35VLJ,S2B_MSIL2A_20241029T101039_R022_T35VLJ_20241029T112818
S2_FI_00008208,5985,2023-02-12,2.0,99.999964,76.6127427637576,171.836462565861,,,34VEQ,S2A_MSIL2A_20230212T101131_R022_T34VEQ_20240814T084256
S2_FI_00008209,5985,2023-02-12,2.0,99.999964,76.6127427637576,171.836462565861,,,34VEQ,S2A_MSIL2A_20230212T101131_R022_T34VEQ_20240814T084256
S2_FI_00008210,5985,2023-02-12,2.0,99.999964,76.6127427637576,171.836462565861,,,34VEQ,S2A_MSIL2A_20230212T101131_R022_T34VEQ_20240814T084256
S2_FI_00008211,5985,2023-02-12,2.0,99.999964,76.6127427637576,171.836462565861,,,34VEQ,S2A_MSIL2A_20230212T101131_R022_T34VEQ_20240814T084256
S2_FI_00008212,5985,2023-02-12,2.0,99.999964,76.6127427637576,171.836462565861,,,34VEQ,S2A_MSIL2A_20230212T101131_R022_T34VEQ_20240814T084256
S2_FI_00008213,5985,2023-02-12,2.0,99.999964,76.6127427637576,171.836462565861,,,34VEQ,S2A_MSIL2A_20230212T101131_R022_T34VEQ_20240814T084256
S2_FI_00008214,5985,2023-07-17,1.0,91.507632,41.6466945897395,171.359932711194,,,34VEQ,S2B_MSIL2A_20230717T100559_R022_T34VEQ_20241012T225151
S2_FI_00008215,5985,2023-07-17,1.0,91.507632,41.6466945897395,171.359932711194,,,34VEQ,S2B_MSIL2A_20230717T100559_R022_T34VEQ_20241012T225151
S2_FI_00008216,5985,2023-07-17,1.0,91.507632,41.6466945897395,171.359932711194,,,34VEQ,S2B_MSIL2A_20230717T100559_R022_T34VEQ_20241012T225151
S2_FI_00008217,5985,2023-07-17,1.0,91.507632,41.6466945897395,171.359932711194,,,34VEQ,S2B_MSIL2A_20230717T100559_R022_T34VEQ_20241012T225151
S2_FI_00008218,5985,2023-07-17,1.0,91.507632,41.6466945897395,171.359932711194,,,34VEQ,S2B_MSIL2A_20230717T100559_R022_T34VEQ_20241012T225151
S2_FI_00008219,5985,2023-07-17,1.0,91.507632,41.6466945897395,171.359932711194,,,34VEQ,S2B_MSIL2A_20230717T100559_R022_T34VEQ_20241012T225151
S2_FI_00008220,5985,2023-08-29,1.0,3.225411,53.2957277861894,177.075115678002,,,34VEQ,S2B_MSIL2A_20230829T101609_R065_T34VEQ_20241018T022739
S2_FI_00008221,5985,2023-08-29,1.0,3.225411,53.2957277861894,177.075115678002,,,34VEQ,S2B_MSIL2A_20230829T101609_R065_T34VEQ_20241018T022739
S2_FI_00008222,5985,2023-08-29,1.0,3.225411,53.2957277861894,177.075115678002,,,34VEQ,S2B_MSIL2A_20230829T101609_R065_T34VEQ_20241018T022739
S2_FI_00008223,5985,2023-08-29,1.0,3.225411,53.2957277861894,177.075115678002,,,34VEQ,S2B_MSIL2A_20230829T101609_R065_T34VEQ_20241018T022739
S2_FI_00008224,5985,2023-08-29,1.0,3.225411,53.2957277861894,177.075115678002,,,34VEQ,S2B_MSIL2A_20230829T101609_R065_T34VEQ_20241018T022739
S2_FI_00008225,5985,2023-08-29,1.0,3.225411,53.2957277861894,177.075115678002,,,34VEQ,S2B_MSIL2A_20230829T101609_R065_T34VEQ_20241018T022739
S2_FI_00008226,5985,2024-02-12,1.0,81.523806,76.6902401357596,171.846368057398,,,34VEQ,S2B_MSIL2A_20240212T101039_R022_T34VEQ_20240213T092035
S2_FI_00008227,5985,2024-02-12,1.0,81.523806,76.6902401357596,171.846368057398,,,34VEQ,S2B_MSIL2A_20240212T101039_R022_T34VEQ_20240213T092035
S2_FI_00008228,5985,2024-02-12,1.0,81.523806,76.6902401357596,171.846368057398,,,34VEQ,S2B_MSIL2A_20240212T101039_R022_T34VEQ_20240213T092035
S2_FI_00008229,5985,2024-02-12,1.0,81.523806,76.6902401357596,171.846368057398,,,34VEQ,S2B_MSIL2A_20240212T101039_R022_T34VEQ_20240213T092035
S2_FI_00008230,5985,2024-02-12,1.0,81.523806,76.6902401357596,171.846368057398,,,34VEQ,S2B_MSIL2A_20240212T101039_R022_T34VEQ_20240213T092035
S2_FI_00008231,5985,2024-02-12,1.0,81.523806,76.6902401357596,171.846368057398,,,34VEQ,S2B_MSIL2A_20240212T101039_R022_T34VEQ_20240213T092035
S2_FI_00008232,5985,2024-07-18,0.0,66.861004,42.1614302921362,167.874095856999,,,34VEQ,S2B_MSIL2A_20240718T095549_R122_T34VEQ_20240718T124840
S2_FI_00008233,5985,2024-07-18,0.0,66.861004,42.1614302921362,167.874095856999,,,34VEQ,S2B_MSIL2A_20240718T095549_R122_T34VEQ_20240718T124840
S2_FI_00008234,5985,2024-07-18,0.0,66.861004,42.1614302921362,167.874095856999,,,34VEQ,S2B_MSIL2A_20240718T095549_R122_T34VEQ_20240718T124840
S2_FI_00008235,5985,2024-07-18,0.0,66.861004,42.1614302921362,167.874095856999,,,34VEQ,S2B_MSIL2A_20240718T095549_R122_T34VEQ_20240718T124840
S2_FI_00008236,5985,2024-07-18,0.0,66.861004,42.1614302921362,167.874095856999,,,34VEQ,S2B_MSIL2A_20240718T095549_R122_T34VEQ_20240718T124840
S2_FI_00008237,5985,2024-07-18,0.0,66.861004,42.1614302921362,167.874095856999,,,34VEQ,S2B_MSIL2A_20240718T095549_R122_T34VEQ_20240718T124840
S2_FI_00008238,5985,2024-08-27,0.0,94.797188,53.0974632715207,170.79222887158,,,34VEQ,S2B_MSIL2A_20240827T095549_R122_T34VEQ_20240827T130925
S2_FI_00008239,5985,2024-08-27,0.0,94.797188,53.0974632715207,170.79222887158,,,34VEQ,S2B_MSIL2A_20240827T095549_R122_T34VEQ_20240827T130925
S2_FI_00008240,5985,2024-08-27,0.0,94.797188,53.0974632715207,170.79222887158,,,34VEQ,S2B_MSIL2A_20240827T095549_R122_T34VEQ_20240827T130925
S2_FI_00008241,5985,2024-08-27,0.0,94.797188,53.0974632715207,170.79222887158,,,34VEQ,S2B_MSIL2A_20240827T095549_R122_T34VEQ_20240827T130925
S2_FI_00008242,5985,2024-08-27,0.0,94.797188,53.0974632715207,170.79222887158,,,34VEQ,S2B_MSIL2A_20240827T095549_R122_T34VEQ_20240827T130925
S2_FI_00008243,5985,2024-08-27,0.0,94.797188,53.0974632715207,170.79222887158,,,34VEQ,S2B_MSIL2A_20240827T095549_R122_T34VEQ_20240827T130925
S2_FI_00008400,614,2023-01-02,1.0,66.203088,83.1052928022079,172.498318466448,,,35VLG,S2B_MSIL2A_20230102T095319_R079_T35VLG_20230102T183132
S2_FI_00008401,614,2023-01-02,1.0,66.203088,83.1052928022079,172.498318466448,,,35VLG,S2B_MSIL2A_20230102T095319_R079_T35VLG_20230102T183132
S2_FI_00008402,614,2023-01-02,1.0,66.203088,83.1052928022079,172.498318466448,,,35VLG,S2B_MSIL2A_20230102T095319_R079_T35VLG_20230102T183132
S2_FI_00008403,614,2023-01-02,1.0,66.203088,83.1052928022079,172.498318466448,,,35VLG,S2B_MSIL2A_20230102T095319_R079_T35VLG_20230102T183132
S2_FI_00008404,614,2023-01-02,1.0,66.203088,83.1052928022079,172.498318466448,,,35VLG,S2B_MSIL2A_20230102T095319_R079_T35VLG_20230102T183132
S2_FI_00008405,614,2023-01-02,1.0,66.203088,83.1052928022079,172.498318466448,,,35VLG,S2B_MSIL2A_20230102T095319_R079_T35VLG_20230102T183132
S2_FI_00008406,614,2023-01-17,0.0,99.998492,81.057419740992,170.896563095908,,,35VLG,S2A_MSIL2A_20230117T095331_R079_T35VLG_20240726T234226
S2_FI_00008407,614,2023-01-17,0.0,99.998492,81.057419740992,170.896563095908,,,35VLG,S2A_MSIL2A_20230117T095331_R079_T35VLG_20240726T234226
S2_FI_00008408,614,2023-01-17,0.0,99.998492,81.057419740992,170.896563095908,,,35VLG,S2A_MSIL2A_20230117T095331_R079_T35VLG_20240726T234226
S2_FI_00008409,614,2023-01-17,0.0,99.998492,81.057419740992,170.896563095908,,,35VLG,S2A_MSIL2A_20230117T095331_R079_T35VLG_20240726T234226
S2_FI_00008410,614,2023-01-17,0.0,99.998492,81.057419740992,170.896563095908,,,35VLG,S2A_MSIL2A_20230117T095331_R079_T35VLG_20240726T234226
S2_FI_00008411,614,2023-01-17,0.0,99.998492,81.057419740992,170.896563095908,,,35VLG,S2A_MSIL2A_20230117T095331_R079_T35VLG_20240726T234226
S2_FI_00008412,614,2023-02-01,1.0,96.349394,77.509940957072,169.719507963828,,,35VLG,S2B_MSIL2A_20230201T095129_R079_T35VLG_20240816T111333
S2_FI_00008413,614,2023-02-01,1.0,96.349394,77.509940957072,169.719507963828,,,35VLG,S2B_MSIL2A_20230201T095129_R079_T35VLG_20240816T111333
S2_FI_00008414,614,2023-02-01,1.0,96.349394,77.509940957072,169.719507963828,,,35VLG,S2B_MSIL2A_20230201T095129_R079_T35VLG_20240816T111333
S2_FI_00008415,614,2023-02-01,1.0,96.349394,77.509940957072,169.719507963828,,,35VLG,S2B_MSIL2A_20230201T095129_R079_T35VLG_20240816T111333
S2_FI_00008416,614,2023-02-01,1.0,96.349394,77.509940957072,169.719507963828,,,35VLG,S2B_MSIL2A_20230201T095129_R079_T35VLG_20240816T111333
S2_FI_00008417,614,2023-02-01,1.0,96.349394,77.509940957072,169.719507963828,,,35VLG,S2B_MSIL2A_20230201T095129_R079_T35VLG_20240816T111333
S2_FI_00008418,614,2023-02-13,1.0,99.999863,74.067609036821,166.683599295421,,,35VLG,S2A_MSIL2A_20230213T094111_R036_T35VLG_20230213T183749
S2_FI_00008419,614,2023-02-13,1.0,99.999863,74.067609036821,166.683599295421,,,35VLG,S2A_MSIL2A_20230213T094111_R036_T35VLG_20230213T183749
S2_FI_00008420,614,2023-02-13,1.0,99.999863,74.067609036821,166.683599295421,,,35VLG,S2A_MSIL2A_20230213T094111_R036_T35VLG_20230213T183749
S2_FI_00008421,614,2023-02-13,1.0,99.999863,74.067609036821,166.683599295421,,,35VLG,S2A_MSIL2A_20230213T094111_R036_T35VLG_20230213T183749
S2_FI_00008422,614,2023-02-13,1.0,99.999863,74.067609036821,166.683599295421,,,35VLG,S2A_MSIL2A_20230213T094111_R036_T35VLG_20230213T183749
S2_FI_00008423,614,2023-02-13,1.0,99.999863,74.067609036821,166.683599295421,,,35VLG,S2A_MSIL2A_20230213T094111_R036_T35VLG_20230213T183749
S2_FI_00008424,614,2023-02-26,2.0,11.408235,69.1581214131101,169.041647821454,,,35VLG,S2A_MSIL2A_20230226T095031_R079_T35VLG_20240818T195336
S2_FI_00008425,614,2023-02-26,2.0,11.408235,69.1581214131101,169.041647821454,,,35VLG,S2A_MSIL2A_20230226T095031_R079_T35VLG_20240818T195336
S2_FI_00008426,614,2023-02-26,2.0,11.408235,69.1581214131101,169.041647821454,,,35VLG,S2A_MSIL2A_20230226T095031_R079_T35VLG_20240818T195336
S2_FI_00008427,614,2023-02-26,2.0,11.408235,69.1581214131101,169.041647821454,,,35VLG,S2A_MSIL2A_20230226T095031_R079_T35VLG_20240818T195336
S2_FI_00008428,614,2023-02-26,2.0,11.408235,69.1581214131101,169.041647821454,,,35VLG,S2A_MSIL2A_20230226T095031_R079_T35VLG_20240818T195336
S2_FI_00008429,614,2023-02-26,2.0,11.408235,69.1581214131101,169.041647821454,,,35VLG,S2A_MSIL2A_20230226T095031_R079_T35VLG_20240818T195336
S2_FI_00008430,614,2023-03-13,1.0,41.157684,63.3131977946506,169.387478186532,,,35VLG,S2B_MSIL2A_20230313T095039_R079_T35VLG_20240819T180634
S2_FI_00008431,614,2023-03-13,1.0,41.157684,63.3131977946506,169.387478186532,,,35VLG,S2B_MSIL2A_20230313T095039_R079_T35VLG_20240819T180634
S2_FI_00008432,614,2023-03-13,1.0,41.157684,63.3131977946506,169.387478186532,,,35VLG,S2B_MSIL2A_20230313T095039_R079_T35VLG_20240819T180634
S2_FI_00008433,614,2023-03-13,1.0,41.157684,63.3131977946506,169.387478186532,,,35VLG,S2B_MSIL2A_20230313T095039_R079_T35VLG_20240819T180634
S2_FI_00008434,614,2023-03-13,1.0,41.157684,63.3131977946506,169.387478186532,,,35VLG,S2B_MSIL2A_20230313T095039_R079_T35VLG_20240819T180634
S2_FI_00008435,614,2023-03-13,1.0,41.157684,63.3131977946506,169.387478186532,,,35VLG,S2B_MSIL2A_20230313T095039_R079_T35VLG_20240819T180634
S2_FI_00008436,614,2023-03-28,0.0,53.383666,57.3248654933334,169.999108049784,,,35VLG,S2A_MSIL2A_20230328T095031_R079_T35VLG_20240829T134810
S2_FI_00008437,614,2023-03-28,0.0,53.383666,57.3248654933334,169.999108049784,,,35VLG,S2A_MSIL2A_20230328T095031_R079_T35VLG_20240829T134810
S2_FI_00008438,614,2023-03-28,0.0,53.383666,57.3248654933334,169.999108049784,,,35VLG,S2A_MSIL2A_20230328T095031_R079_T35VLG_20240829T134810
S2_FI_00008439,614,2023-03-28,0.0,53.383666,57.3248654933334,169.999108049784,,,35VLG,S2A_MSIL2A_20230328T095031_R079_T35VLG_20240829T134810
S2_FI_00008440,614,2023-03-28,0.0,53.383666,57.3248654933334,169.999108049784,,,35VLG,S2A_MSIL2A_20230328T095031_R079_T35VLG_20240829T134810
S2_FI_00008441,614,2023-03-28,0.0,53.383666,57.3248654933334,169.999108049784,,,35VLG,S2A_MSIL2A_20230328T095031_R079_T35VLG_20240829T134810
S2_FI_00008442,614,2023-04-12,1.0,27.784055,51.5574149139497,170.733617616003,,,35VLG,S2B_MSIL2A_20230412T095029_R079_T35VLG_20240828T091729
S2_FI_00008443,614,2023-04-12,1.0,27.784055,51.5574149139497,170.733617616003,,,35VLG,S2B_MSIL2A_20230412T095029_R079_T35VLG_20240828T091729
S2_FI_00008444,614,2023-04-12,1.0,27.784055,51.5574149139497,170.733617616003,,,35VLG,S2B_MSIL2A_20230412T095029_R079_T35VLG_20240828T091729
S2_FI_00008445,614,2023-04-12,1.0,27.784055,51.5574149139497,170.733617616003,,,35VLG,S2B_MSIL2A_20230412T095029_R079_T35VLG_20240828T091729
S2_FI_00008446,614,2023-04-12,1.0,27.784055,51.5574149139497,170.733617616003,,,35VLG,S2B_MSIL2A_20230412T095029_R079_T35VLG_20240828T091729
S2_FI_00008447,614,2023-04-12,1.0,27.784055,51.5574149139497,170.733617616003,,,35VLG,S2B_MSIL2A_20230412T095029_R079_T35VLG_20240828T091729
S2_FI_00008448,614,2023-04-24,1.0,53.37612,47.5640480001205,167.851844159322,,,35VLG,S2A_MSIL2A_20230424T094031_R036_T35VLG_20240831T183412
S2_FI_00008449,614,2023-04-24,1.0,53.37612,47.5640480001205,167.851844159322,,,35VLG,S2A_MSIL2A_20230424T094031_R036_T35VLG_20240831T183412
S2_FI_00008450,614,2023-04-24,1.0,53.37612,47.5640480001205,167.851844159322,,,35VLG,S2A_MSIL2A_20230424T094031_R036_T35VLG_20240831T183412
S2_FI_00008451,614,2023-04-24,1.0,53.37612,47.5640480001205,167.851844159322,,,35VLG,S2A_MSIL2A_20230424T094031_R036_T35VLG_20240831T183412
S2_FI_00008452,614,2023-04-24,1.0,53.37612,47.5640480001205,167.851844159322,,,35VLG,S2A_MSIL2A_20230424T094031_R036_T35VLG_20240831T183412
S2_FI_00008453,614,2023-04-24,1.0,53.37612,47.5640480001205,167.851844159322,,,35VLG,S2A_MSIL2A_20230424T094031_R036_T35VLG_20240831T183412
S2_FI_00008454,614,2023-05-09,0.0,67.21766,43.0452754897563,167.763010440521,,,35VLG,S2B_MSIL2A_20230509T093549_R036_T35VLG_20230509T141237
S2_FI_00008455,614,2023-05-09,0.0,67.21766,43.0452754897563,167.763010440521,,,35VLG,S2B_MSIL2A_20230509T093549_R036_T35VLG_20230509T141237
S2_FI_00008456,614,2023-05-09,0.0,67.21766,43.0452754897563,167.763010440521,,,35VLG,S2B_MSIL2A_20230509T093549_R036_T35VLG_20230509T141237
S2_FI_00008457,614,2023-05-09,0.0,67.21766,43.0452754897563,167.763010440521,,,35VLG,S2B_MSIL2A_20230509T093549_R036_T35VLG_20230509T141237
S2_FI_00008458,614,2023-05-09,0.0,67.21766,43.0452754897563,167.763010440521,,,35VLG,S2B_MSIL2A_20230509T093549_R036_T35VLG_20230509T141237
S2_FI_00008459,614,2023-05-09,0.0,67.21766,43.0452754897563,167.763010440521,,,35VLG,S2B_MSIL2A_20230509T093549_R036_T35VLG_20230509T141237
S2_FI_00008460,614,2023-05-22,1.0,26.995331,39.7968088777802,170.80377687481,,,35VLG,S2B_MSIL2A_20230522T094549_R079_T35VLG_20230522T142439
S2_FI_00008461,614,2023-05-22,1.0,26.995331,39.7968088777802,170.80377687481,,,35VLG,S2B_MSIL2A_20230522T094549_R079_T35VLG_20230522T142439
S2_FI_00008462,614,2023-05-22,1.0,26.995331,39.7968088777802,170.80377687481,,,35VLG,S2B_MSIL2A_20230522T094549_R079_T35VLG_20230522T142439
S2_FI_00008463,614,2023-05-22,1.0,26.995331,39.7968088777802,170.80377687481,,,35VLG,S2B_MSIL2A_20230522T094549_R079_T35VLG_20230522T142439
S2_FI_00008464,614,2023-05-22,1.0,26.995331,39.7968088777802,170.80377687481,,,35VLG,S2B_MSIL2A_20230522T094549_R079_T35VLG_20230522T142439
S2_FI_00008465,614,2023-05-22,1.0,26.995331,39.7968088777802,170.80377687481,,,35VLG,S2B_MSIL2A_20230522T094549_R079_T35VLG_20230522T142439
S2_FI_00008466,614,2023-06-06,0.0,79.402512,37.5774198252006,169.729742048407,,,35VLG,S2A_MSIL2A_20230606T095031_R079_T35VLG_20240928T023512
S2_FI_00008467,614,2023-06-06,0.0,79.402512,37.5774198252006,169.729742048407,,,35VLG,S2A_MSIL2A_20230606T095031_R079_T35VLG_20240928T023512
S2_FI_00008468,614,2023-06-06,0.0,79.402512,37.5774198252006,169.729742048407,,,35VLG,S2A_MSIL2A_20230606T095031_R079_T35VLG_20240928T023512
S2_FI_00008469,614,2023-06-06,0.0,79.402512,37.5774198252006,169.729742048407,,,35VLG,S2A_MSIL2A_20230606T095031_R079_T35VLG_20240928T023512
S2_FI_00008470,614,2023-06-06,0.0,79.402512,37.5774198252006,169.729742048407,,,35VLG,S2A_MSIL2A_20230606T095031_R079_T35VLG_20240928T023512
S2_FI_00008471,614,2023-06-06,0.0,79.402512,37.5774198252006,169.729742048407,,,35VLG,S2A_MSIL2A_20230606T095031_R079_T35VLG_20240928T023512
S2_FI_00008472,614,2023-06-21,1.0,2.656371,36.8628741780885,168.419521921244,,,35VLG,S2B_MSIL2A_20230621T094549_R079_T35VLG_20241120T230517
S2_FI_00008473,614,2023-06-21,1.0,2.656371,36.8628741780885,168.419521921244,,,35VLG,S2B_MSIL2A_20230621T094549_R079_T35VLG_20241120T230517
S2_FI_00008474,614,2023-06-21,1.0,2.656371,36.8628741780885,168.419521921244,,,35VLG,S2B_MSIL2A_20230621T094549_R079_T35VLG_20241120T230517
S2_FI_00008475,614,2023-06-21,1.0,2.656371,36.8628741780885,168.419521921244,,,35VLG,S2B_MSIL2A_20230621T094549_R079_T35VLG_20241120T230517
S2_FI_00008476,614,2023-06-21,1.0,2.656371,36.8628741780885,168.419521921244,,,35VLG,S2B_MSIL2A_20230621T094549_R079_T35VLG_20241120T230517
S2_FI_00008477,614,2023-06-21,1.0,2.656371,36.8628741780885,168.419521921244,,,35VLG,S2B_MSIL2A_20230621T094549_R079_T35VLG_20241120T230517
S2_FI_00008478,614,2023-07-03,1.0,73.467076,37.7079012136989,163.849234744238,,,35VLG,S2A_MSIL2A_20230703T094041_R036_T35VLG_20230703T161320
S2_FI_00008479,614,2023-07-03,1.0,73.467076,37.7079012136989,163.849234744238,,,35VLG,S2A_MSIL2A_20230703T094041_R036_T35VLG_20230703T161320
S2_FI_00008480,614,2023-07-03,1.0,73.467076,37.7079012136989,163.849234744238,,,35VLG,S2A_MSIL2A_20230703T094041_R036_T35VLG_20230703T161320
S2_FI_00008481,614,2023-07-03,1.0,73.467076,37.7079012136989,163.849234744238,,,35VLG,S2A_MSIL2A_20230703T094041_R036_T35VLG_20230703T161320
S2_FI_00008482,614,2023-07-03,1.0,73.467076,37.7079012136989,163.849234744238,,,35VLG,S2A_MSIL2A_20230703T094041_R036_T35VLG_20230703T161320
S2_FI_00008483,614,2023-07-03,1.0,73.467076,37.7079012136989,163.849234744238,,,35VLG,S2A_MSIL2A_20230703T094041_R036_T35VLG_20230703T161320
S2_FI_00008484,614,2023-07-18,0.0,64.510328,39.6877161895814,163.576103310774,,,35VLG,S2B_MSIL2A_20230718T093549_R036_T35VLG_20230718T140522
S2_FI_00008485,614,2023-07-18,0.0,64.510328,39.6877161895814,163.576103310774,,,35VLG,S2B_MSIL2A_20230718T093549_R036_T35VLG_20230718T140522
S2_FI_00008486,614,2023-07-18,0.0,64.510328,39.6877161895814,163.576103310774,,,35VLG,S2B_MSIL2A_20230718T093549_R036_T35VLG_20230718T140522
S2_FI_00008487,614,2023-07-18,0.0,64.510328,39.6877161895814,163.576103310774,,,35VLG,S2B_MSIL2A_20230718T093549_R036_T35VLG_20230718T140522
S2_FI_00008488,614,2023-07-18,0.0,64.510328,39.6877161895814,163.576103310774,,,35VLG,S2B_MSIL2A_20230718T093549_R036_T35VLG_20230718T140522
S2_FI_00008489,614,2023-07-18,0.0,64.510328,39.6877161895814,163.576103310774,,,35VLG,S2B_MSIL2A_20230718T093549_R036_T35VLG_20230718T140522
S2_FI_00008490,614,2023-07-31,1.0,89.93271,42.1158842071804,167.620126524326,,,35VLG,S2B_MSIL2A_20230731T094549_R079_T35VLG_20241029T195507
S2_FI_00008491,614,2023-07-31,1.0,89.93271,42.1158842071804,167.620126524326,,,35VLG,S2B_MSIL2A_20230731T094549_R079_T35VLG_20241029T195507
S2_FI_00008492,614,2023-07-31,1.0,89.93271,42.1158842071804,167.620126524326,,,35VLG,S2B_MSIL2A_20230731T094549_R079_T35VLG_20241029T195507
S2_FI_00008493,614,2023-07-31,1.0,89.93271,42.1158842071804,167.620126524326,,,35VLG,S2B_MSIL2A_20230731T094549_R079_T35VLG_20241029T195507
S2_FI_00008494,614,2023-07-31,1.0,89.93271,42.1158842071804,167.620126524326,,,35VLG,S2B_MSIL2A_20230731T094549_R079_T35VLG_20241029T195507
S2_FI_00008495,614,2023-07-31,1.0,89.93271,42.1158842071804,167.620126524326,,,35VLG,S2B_MSIL2A_20230731T094549_R079_T35VLG_20241029T195507
S2_FI_00008496,614,2023-08-07,1.0,8.470172,44.221877182379,164.715885616943,,,35VLG,S2B_MSIL2A_20230807T093549_R036_T35VLG_20241016T210425
S2_FI_00008497,614,2023-08-07,1.0,8.470172,44.221877182379,164.715885616943,,,35VLG,S2B_MSIL2A_20230807T093549_R036_T35VLG_20241016T210425
S2_FI_00008498,614,2023-08-07,1.0,8.470172,44.221877182379,164.715885616943,,,35VLG,S2B_MSIL2A_20230807T093549_R036_T35VLG_20241016T210425
S2_FI_00008499,614,2023-08-07,1.0,8.470172,44.221877182379,164.715885616943,,,35VLG,S2B_MSIL2A_20230807T093549_R036_T35VLG_20241016T210425
S2_FI_00008500,614,2023-08-07,1.0,8.470172,44.221877182379,164.715885616943,,,35VLG,S2B_MSIL2A_20230807T093549_R036_T35VLG_20241016T210425
S2_FI_00008501,614,2023-08-07,1.0,8.470172,44.221877182379,164.715885616943,,,35VLG,S2B_MSIL2A_20230807T093549_R036_T35VLG_20241016T210425
S2_FI_00008502,614,2023-08-15,0.0,0.034768,46.2544367485073,168.906221087896,,,35VLG,S2A_MSIL2A_20230815T095031_R079_T35VLG_20241014T195621
S2_FI_00008503,614,2023-08-15,0.0,0.034768,46.2544367485073,168.906221087896,,,35VLG,S2A_MSIL2A_20230815T095031_R079_T35VLG_20241014T195621
S2_FI_00008504,614,2023-08-15,0.0,0.034768,46.2544367485073,168.906221087896,,,35VLG,S2A_MSIL2A_20230815T095031_R079_T35VLG_20241014T195621
S2_FI_00008505,614,2023-08-15,0.0,0.034768,46.2544367485073,168.906221087896,,,35VLG,S2A_MSIL2A_20230815T095031_R079_T35VLG_20241014T195621
S2_FI_00008506,614,2023-08-15,0.0,0.034768,46.2544367485073,168.906221087896,,,35VLG,S2A_MSIL2A_20230815T095031_R079_T35VLG_20241014T195621
S2_FI_00008507,614,2023-08-15,0.0,0.034768,46.2544367485073,168.906221087896,,,35VLG,S2A_MSIL2A_20230815T095031_R079_T35VLG_20241014T195621
S2_FI_00008508,614,2023-08-30,1.0,99.968934,51.1967616514482,170.751824065952,,,35VLG,S2B_MSIL2A_20230830T094549_R079_T35VLG_20241022T104510
S2_FI_00008509,614,2023-08-30,1.0,99.968934,51.1967616514482,170.751824065952,,,35VLG,S2B_MSIL2A_20230830T094549_R079_T35VLG_20241022T104510
S2_FI_00008510,614,2023-08-30,1.0,99.968934,51.1967616514482,170.751824065952,,,35VLG,S2B_MSIL2A_20230830T094549_R079_T35VLG_20241022T104510
S2_FI_00008511,614,2023-08-30,1.0,99.968934,51.1967616514482,170.751824065952,,,35VLG,S2B_MSIL2A_20230830T094549_R079_T35VLG_20241022T104510
S2_FI_00008512,614,2023-08-30,1.0,99.968934,51.1967616514482,170.751824065952,,,35VLG,S2B_MSIL2A_20230830T094549_R079_T35VLG_20241022T104510
S2_FI_00008513,614,2023-08-30,1.0,99.968934,51.1967616514482,170.751824065952,,,35VLG,S2B_MSIL2A_20230830T094549_R079_T35VLG_20241022T104510
S2_FI_00008514,614,2023-09-11,1.0,87.86279,55.7454266476791,169.393225171859,,,35VLG,S2A_MSIL2A_20230911T094041_R036_T35VLG_20241105T090327
S2_FI_00008515,614,2023-09-11,1.0,87.86279,55.7454266476791,169.393225171859,,,35VLG,S2A_MSIL2A_20230911T094041_R036_T35VLG_20241105T090327
S2_FI_00008516,614,2023-09-11,1.0,87.86279,55.7454266476791,169.393225171859,,,35VLG,S2A_MSIL2A_20230911T094041_R036_T35VLG_20241105T090327
S2_FI_00008517,614,2023-09-11,1.0,87.86279,55.7454266476791,169.393225171859,,,35VLG,S2A_MSIL2A_20230911T094041_R036_T35VLG_20241105T090327
S2_FI_00008518,614,2023-09-11,1.0,87.86279,55.7454266476791,169.393225171859,,,35VLG,S2A_MSIL2A_20230911T094041_R036_T35VLG_20241105T090327
S2_FI_00008519,614,2023-09-11,1.0,87.86279,55.7454266476791,169.393225171859,,,35VLG,S2A_MSIL2A_20230911T094041_R036_T35VLG_20241105T090327
S2_FI_00008520,614,2023-09-26,0.0,49.510443,61.4140083247479,171.498684685067,,,35VLG,S2B_MSIL2A_20230926T093659_R036_T35VLG_20241106T125907
S2_FI_00008521,614,2023-09-26,0.0,49.510443,61.4140083247479,171.498684685067,,,35VLG,S2B_MSIL2A_20230926T093659_R036_T35VLG_20241106T125907
S2_FI_00008522,614,2023-09-26,0.0,49.510443,61.4140083247479,171.498684685067,,,35VLG,S2B_MSIL2A_20230926T093659_R036_T35VLG_20241106T125907
S2_FI_00008523,614,2023-09-26,0.0,49.510443,61.4140083247479,171.498684685067,,,35VLG,S2B_MSIL2A_20230926T093659_R036_T35VLG_20241106T125907
S2_FI_00008524,614,2023-09-26,0.0,49.510443,61.4140083247479,171.498684685067,,,35VLG,S2B_MSIL2A_20230926T093659_R036_T35VLG_20241106T125907
S2_FI_00008525,614,2023-09-26,0.0,49.510443,61.4140083247479,171.498684685067,,,35VLG,S2B_MSIL2A_20230926T093659_R036_T35VLG_20241106T125907
S2_FI_00008526,614,2023-10-09,1.0,88.952726,66.2321746825569,175.708110847714,,,35VLG,S2B_MSIL2A_20231009T094819_R079_T35VLG_20231009T161626
S2_FI_00008527,614,2023-10-09,1.0,88.952726,66.2321746825569,175.708110847714,,,35VLG,S2B_MSIL2A_20231009T094819_R079_T35VLG_20231009T161626
S2_FI_00008528,614,2023-10-09,1.0,88.952726,66.2321746825569,175.708110847714,,,35VLG,S2B_MSIL2A_20231009T094819_R079_T35VLG_20231009T161626
S2_FI_00008529,614,2023-10-09,1.0,88.952726,66.2321746825569,175.708110847714,,,35VLG,S2B_MSIL2A_20231009T094819_R079_T35VLG_20231009T161626
S2_FI_00008530,614,2023-10-09,1.0,88.952726,66.2321746825569,175.708110847714,,,35VLG,S2B_MSIL2A_20231009T094819_R079_T35VLG_20231009T161626
S2_FI_00008531,614,2023-10-09,1.0,88.952726,66.2321746825569,175.708110847714,,,35VLG,S2B_MSIL2A_20231009T094819_R079_T35VLG_20231009T161626
S2_FI_00008532,614,2023-10-24,0.0,62.685651,71.6939159714332,176.722091182206,,,35VLG,S2A_MSIL2A_20231024T095051_R079_T35VLG_20241103T065503
S2_FI_00008533,614,2023-10-24,0.0,62.685651,71.6939159714332,176.722091182206,,,35VLG,S2A_MSIL2A_20231024T095051_R079_T35VLG_20241103T065503
S2_FI_00008534,614,2023-10-24,0.0,62.685651,71.6939159714332,176.722091182206,,,35VLG,S2A_MSIL2A_20231024T095051_R079_T35VLG_20241103T065503
S2_FI_00008535,614,2023-10-24,0.0,62.685651,71.6939159714332,176.722091182206,,,35VLG,S2A_MSIL2A_20231024T095051_R079_T35VLG_20241103T065503
S2_FI_00008536,614,2023-10-24,0.0,62.685651,71.6939159714332,176.722091182206,,,35VLG,S2A_MSIL2A_20231024T095051_R079_T35VLG_20241103T065503
S2_FI_00008537,614,2023-10-24,0.0,62.685651,71.6939159714332,176.722091182206,,,35VLG,S2A_MSIL2A_20231024T095051_R079_T35VLG_20241103T065503
S2_FI_00008538,614,2023-11-08,1.0,87.803823,76.5072876958007,177.007494737742,,,35VLG,S2B_MSIL2A_20231108T095129_R079_T35VLG_20241107T005008
S2_FI_00008539,614,2023-11-08,1.0,87.803823,76.5072876958007,177.007494737742,,,35VLG,S2B_MSIL2A_20231108T095129_R079_T35VLG_20241107T005008
S2_FI_00008540,614,2023-11-08,1.0,87.803823,76.5072876958007,177.007494737742,,,35VLG,S2B_MSIL2A_20231108T095129_R079_T35VLG_20241107T005008
S2_FI_00008541,614,2023-11-08,1.0,87.803823,76.5072876958007,177.007494737742,,,35VLG,S2B_MSIL2A_20231108T095129_R079_T35VLG_20241107T005008
S2_FI_00008542,614,2023-11-08,1.0,87.803823,76.5072876958007,177.007494737742,,,35VLG,S2B_MSIL2A_20231108T095129_R079_T35VLG_20241107T005008
S2_FI_00008543,614,2023-11-08,1.0,87.803823,76.5072876958007,177.007494737742,,,35VLG,S2B_MSIL2A_20231108T095129_R079_T35VLG_20241107T005008
S2_FI_00008544,614,2023-11-20,1.0,98.211408,79.7407302925521,174.251737237061,,,35VLG,S2A_MSIL2A_20231120T094301_R036_T35VLG_20231121T091129
S2_FI_00008545,614,2023-11-20,1.0,98.211408,79.7407302925521,174.251737237061,,,35VLG,S2A_MSIL2A_20231120T094301_R036_T35VLG_20231121T091129
S2_FI_00008546,614,2023-11-20,1.0,98.211408,79.7407302925521,174.251737237061,,,35VLG,S2A_MSIL2A_20231120T094301_R036_T35VLG_20231121T091129
S2_FI_00008547,614,2023-11-20,1.0,98.211408,79.7407302925521,174.251737237061,,,35VLG,S2A_MSIL2A_20231120T094301_R036_T35VLG_20231121T091129
S2_FI_00008548,614,2023-11-20,1.0,98.211408,79.7407302925521,174.251737237061,,,35VLG,S2A_MSIL2A_20231120T094301_R036_T35VLG_20231121T091129
S2_FI_00008549,614,2023-11-20,1.0,98.211408,79.7407302925521,174.251737237061,,,35VLG,S2A_MSIL2A_20231120T094301_R036_T35VLG_20231121T091129
S2_FI_00008550,614,2023-12-05,1.0,32.882121,82.488071220093,173.253446755199,,,35VLG,S2B_MSIL2A_20231205T094259_R036_T35VLG_20240904T045623
S2_FI_00008551,614,2023-12-05,1.0,32.882121,82.488071220093,173.253446755199,,,35VLG,S2B_MSIL2A_20231205T094259_R036_T35VLG_20240904T045623
S2_FI_00008552,614,2023-12-05,1.0,32.882121,82.488071220093,173.253446755199,,,35VLG,S2B_MSIL2A_20231205T094259_R036_T35VLG_20240904T045623
S2_FI_00008553,614,2023-12-05,1.0,32.882121,82.488071220093,173.253446755199,,,35VLG,S2B_MSIL2A_20231205T094259_R036_T35VLG_20240904T045623
S2_FI_00008554,614,2023-12-05,1.0,32.882121,82.488071220093,173.253446755199,,,35VLG,S2B_MSIL2A_20231205T094259_R036_T35VLG_20240904T045623
S2_FI_00008555,614,2023-12-05,1.0,32.882121,82.488071220093,173.253446755199,,,35VLG,S2B_MSIL2A_20231205T094259_R036_T35VLG_20240904T045623
S2_FI_00008556,614,2023-12-18,1.0,98.635012,83.4599657228615,174.253188622984,,,35VLG,S2B_MSIL2A_20231218T095329_R079_T35VLG_20231220T094406
S2_FI_00008557,614,2023-12-18,1.0,98.635012,83.4599657228615,174.253188622984,,,35VLG,S2B_MSIL2A_20231218T095329_R079_T35VLG_20231220T094406
S2_FI_00008558,614,2023-12-18,1.0,98.635012,83.4599657228615,174.253188622984,,,35VLG,S2B_MSIL2A_20231218T095329_R079_T35VLG_20231220T094406
S2_FI_00008559,614,2023-12-18,1.0,98.635012,83.4599657228615,174.253188622984,,,35VLG,S2B_MSIL2A_20231218T095329_R079_T35VLG_20231220T094406
S2_FI_00008560,614,2023-12-18,1.0,98.635012,83.4599657228615,174.253188622984,,,35VLG,S2B_MSIL2A_20231218T095329_R079_T35VLG_20231220T094406
S2_FI_00008561,614,2023-12-18,1.0,98.635012,83.4599657228615,174.253188622984,,,35VLG,S2B_MSIL2A_20231218T095329_R079_T35VLG_20231220T094406
S2_FI_00008562,614,2024-01-04,1.0,80.312955,83.142747652928,169.996450595065,,,35VLG,S2B_MSIL2A_20240104T094319_R036_T35VLG_20240104T130835
S2_FI_00008563,614,2024-01-04,1.0,80.312955,83.142747652928,169.996450595065,,,35VLG,S2B_MSIL2A_20240104T094319_R036_T35VLG_20240104T130835
S2_FI_00008564,614,2024-01-04,1.0,80.312955,83.142747652928,169.996450595065,,,35VLG,S2B_MSIL2A_20240104T094319_R036_T35VLG_20240104T130835
S2_FI_00008565,614,2024-01-04,1.0,80.312955,83.142747652928,169.996450595065,,,35VLG,S2B_MSIL2A_20240104T094319_R036_T35VLG_20240104T130835
S2_FI_00008566,614,2024-01-04,1.0,80.312955,83.142747652928,169.996450595065,,,35VLG,S2B_MSIL2A_20240104T094319_R036_T35VLG_20240104T130835
S2_FI_00008567,614,2024-01-04,1.0,80.312955,83.142747652928,169.996450595065,,,35VLG,S2B_MSIL2A_20240104T094319_R036_T35VLG_20240104T130835
S2_FI_00008568,614,2024-01-07,0.0,1.278062,82.6319713968307,171.964573087552,,,35VLG,S2B_MSIL2A_20240107T095309_R079_T35VLG_20240107T123916
S2_FI_00008569,614,2024-01-07,0.0,1.278062,82.6319713968307,171.964573087552,,,35VLG,S2B_MSIL2A_20240107T095309_R079_T35VLG_20240107T123916
S2_FI_00008570,614,2024-01-07,0.0,1.278062,82.6319713968307,171.964573087552,,,35VLG,S2B_MSIL2A_20240107T095309_R079_T35VLG_20240107T123916
S2_FI_00008571,614,2024-01-07,0.0,1.278062,82.6319713968307,171.964573087552,,,35VLG,S2B_MSIL2A_20240107T095309_R079_T35VLG_20240107T123916
S2_FI_00008572,614,2024-01-07,0.0,1.278062,82.6319713968307,171.964573087552,,,35VLG,S2B_MSIL2A_20240107T095309_R079_T35VLG_20240107T123916
S2_FI_00008573,614,2024-01-07,0.0,1.278062,82.6319713968307,171.964573087552,,,35VLG,S2B_MSIL2A_20240107T095309_R079_T35VLG_20240107T123916
S2_FI_00008574,614,2024-01-17,1.0,61.042386,81.1011247927409,170.924779474466,,,35VLG,S2B_MSIL2A_20240117T095239_R079_T35VLG_20240117T132500
S2_FI_00008575,614,2024-01-17,1.0,61.042386,81.1011247927409,170.924779474466,,,35VLG,S2B_MSIL2A_20240117T095239_R079_T35VLG_20240117T132500
S2_FI_00008576,614,2024-01-17,1.0,61.042386,81.1011247927409,170.924779474466,,,35VLG,S2B_MSIL2A_20240117T095239_R079_T35VLG_20240117T132500
S2_FI_00008577,614,2024-01-17,1.0,61.042386,81.1011247927409,170.924779474466,,,35VLG,S2B_MSIL2A_20240117T095239_R079_T35VLG_20240117T132500
S2_FI_00008578,614,2024-01-17,1.0,61.042386,81.1011247927409,170.924779474466,,,35VLG,S2B_MSIL2A_20240117T095239_R079_T35VLG_20240117T132500
S2_FI_00008579,614,2024-01-17,1.0,61.042386,81.1011247927409,170.924779474466,,,35VLG,S2B_MSIL2A_20240117T095239_R079_T35VLG_20240117T132500
S2_FI_00008580,614,2024-02-01,2.0,32.794449,77.5778676228547,169.727597234593,,,35VLG,S2A_MSIL2A_20240201T095231_R079_T35VLG_20240201T105954
S2_FI_00008581,614,2024-02-01,2.0,32.794449,77.5778676228547,169.727597234593,,,35VLG,S2A_MSIL2A_20240201T095231_R079_T35VLG_20240201T105954
S2_FI_00008582,614,2024-02-01,2.0,32.794449,77.5778676228547,169.727597234593,,,35VLG,S2A_MSIL2A_20240201T095231_R079_T35VLG_20240201T105954
S2_FI_00008583,614,2024-02-01,2.0,32.794449,77.5778676228547,169.727597234593,,,35VLG,S2A_MSIL2A_20240201T095231_R079_T35VLG_20240201T105954
S2_FI_00008584,614,2024-02-01,2.0,32.794449,77.5778676228547,169.727597234593,,,35VLG,S2A_MSIL2A_20240201T095231_R079_T35VLG_20240201T105954
S2_FI_00008585,614,2024-02-01,2.0,32.794449,77.5778676228547,169.727597234593,,,35VLG,S2A_MSIL2A_20240201T095231_R079_T35VLG_20240201T105954
S2_FI_00008586,614,2024-02-13,0.0,99.793732,74.1450847596869,166.69881216307,,,35VLG,S2B_MSIL2A_20240213T094029_R036_T35VLG_20240213T121637
S2_FI_00008587,614,2024-02-13,0.0,99.793732,74.1450847596869,166.69881216307,,,35VLG,S2B_MSIL2A_20240213T094029_R036_T35VLG_20240213T121637
S2_FI_00008588,614,2024-02-13,0.0,99.793732,74.1450847596869,166.69881216307,,,35VLG,S2B_MSIL2A_20240213T094029_R036_T35VLG_20240213T121637
S2_FI_00008589,614,2024-02-13,0.0,99.793732,74.1450847596869,166.69881216307,,,35VLG,S2B_MSIL2A_20240213T094029_R036_T35VLG_20240213T121637
S2_FI_00008590,614,2024-02-13,0.0,99.793732,74.1450847596869,166.69881216307,,,35VLG,S2B_MSIL2A_20240213T094029_R036_T35VLG_20240213T121637
S2_FI_00008591,614,2024-02-13,0.0,99.793732,74.1450847596869,166.69881216307,,,35VLG,S2B_MSIL2A_20240213T094029_R036_T35VLG_20240213T121637
S2_FI_00008592,614,2024-02-21,1.0,100.0,71.0929388950869,169.047577487338,,,35VLG,S2A_MSIL2A_20240221T095031_R079_T35VLG_20240221T142847
S2_FI_00008593,614,2024-02-21,1.0,100.0,71.0929388950869,169.047577487338,,,35VLG,S2A_MSIL2A_20240221T095031_R079_T35VLG_20240221T142847
S2_FI_00008594,614,2024-02-21,1.0,100.0,71.0929388950869,169.047577487338,,,35VLG,S2A_MSIL2A_20240221T095031_R079_T35VLG_20240221T142847
S2_FI_00008595,614,2024-02-21,1.0,100.0,71.0929388950869,169.047577487338,,,35VLG,S2A_MSIL2A_20240221T095031_R079_T35VLG_20240221T142847
S2_FI_00008596,614,2024-02-21,1.0,100.0,71.0929388950869,169.047577487338,,,35VLG,S2A_MSIL2A_20240221T095031_R079_T35VLG_20240221T142847
S2_FI_00008597,614,2024-02-21,1.0,100.0,71.0929388950869,169.047577487338,,,35VLG,S2A_MSIL2A_20240221T095031_R079_T35VLG_20240221T142847
S2_FI_00008598,614,2024-02-26,1.0,99.389046,69.2478995193105,169.04699251795,,,35VLG,S2B_MSIL2A_20240226T094859_R079_T35VLG_20240226T132112
S2_FI_00008599,614,2024-02-26,1.0,99.389046,69.2478995193105,169.04699251795,,,35VLG,S2B_MSIL2A_20240226T094859_R079_T35VLG_20240226T132112
S2_FI_00008600,614,2024-02-26,1.0,99.389046,69.2478995193105,169.04699251795,,,35VLG,S2B_MSIL2A_20240226T094859_R079_T35VLG_20240226T132112
S2_FI_00008601,614,2024-02-26,1.0,99.389046,69.2478995193105,169.04699251795,,,35VLG,S2B_MSIL2A_20240226T094859_R079_T35VLG_20240226T132112
S2_FI_00008602,614,2024-02-26,1.0,99.389046,69.2478995193105,169.04699251795,,,35VLG,S2B_MSIL2A_20240226T094859_R079_T35VLG_20240226T132112
S2_FI_00008603,614,2024-02-26,1.0,99.389046,69.2478995193105,169.04699251795,,,35VLG,S2B_MSIL2A_20240226T094859_R079_T35VLG_20240226T132112
S2_FI_00008604,614,2024-03-12,0.0,6.59682,63.4093857868034,169.354889287837,,,35VLG,S2A_MSIL2A_20240312T095031_R079_T35VLG_20240313T144409
S2_FI_00008605,614,2024-03-12,0.0,6.59682,63.4093857868034,169.354889287837,,,35VLG,S2A_MSIL2A_20240312T095031_R079_T35VLG_20240313T144409
S2_FI_00008606,614,2024-03-12,0.0,6.59682,63.4093857868034,169.354889287837,,,35VLG,S2A_MSIL2A_20240312T095031_R079_T35VLG_20240313T144409
S2_FI_00008607,614,2024-03-12,0.0,6.59682,63.4093857868034,169.354889287837,,,35VLG,S2A_MSIL2A_20240312T095031_R079_T35VLG_20240313T144409
S2_FI_00008608,614,2024-03-12,0.0,6.59682,63.4093857868034,169.354889287837,,,35VLG,S2A_MSIL2A_20240312T095031_R079_T35VLG_20240313T144409
S2_FI_00008609,614,2024-03-12,0.0,6.59682,63.4093857868034,169.354889287837,,,35VLG,S2A_MSIL2A_20240312T095031_R079_T35VLG_20240313T144409
S2_FI_00008610,614,2024-03-27,1.0,66.87603,57.4201297090293,170.000597009895,,,35VLG,S2B_MSIL2A_20240327T094619_R079_T35VLG_20240330T010754
S2_FI_00008611,614,2024-03-27,1.0,66.87603,57.4201297090293,170.000597009895,,,35VLG,S2B_MSIL2A_20240327T094619_R079_T35VLG_20240330T010754
S2_FI_00008612,614,2024-03-27,1.0,66.87603,57.4201297090293,170.000597009895,,,35VLG,S2B_MSIL2A_20240327T094619_R079_T35VLG_20240330T010754
S2_FI_00008613,614,2024-03-27,1.0,66.87603,57.4201297090293,170.000597009895,,,35VLG,S2B_MSIL2A_20240327T094619_R079_T35VLG_20240330T010754
S2_FI_00008614,614,2024-03-27,1.0,66.87603,57.4201297090293,170.000597009895,,,35VLG,S2B_MSIL2A_20240327T094619_R079_T35VLG_20240330T010754
S2_FI_00008615,614,2024-03-27,1.0,66.87603,57.4201297090293,170.000597009895,,,35VLG,S2B_MSIL2A_20240327T094619_R079_T35VLG_20240330T010754
S2_FI_00008616,614,2024-04-03,0.0,99.41408,54.9233896224364,167.312461187236,,,35VLG,S2B_MSIL2A_20240403T093549_R036_T35VLG_20240403T122848
S2_FI_00008617,614,2024-04-03,0.0,99.41408,54.9233896224364,167.312461187236,,,35VLG,S2B_MSIL2A_20240403T093549_R036_T35VLG_20240403T122848
S2_FI_00008618,614,2024-04-03,0.0,99.41408,54.9233896224364,167.312461187236,,,35VLG,S2B_MSIL2A_20240403T093549_R036_T35VLG_20240403T122848
S2_FI_00008619,614,2024-04-03,0.0,99.41408,54.9233896224364,167.312461187236,,,35VLG,S2B_MSIL2A_20240403T093549_R036_T35VLG_20240403T122848
S2_FI_00008620,614,2024-04-03,0.0,99.41408,54.9233896224364,167.312461187236,,,35VLG,S2B_MSIL2A_20240403T093549_R036_T35VLG_20240403T122848
S2_FI_00008621,614,2024-04-03,0.0,99.41408,54.9233896224364,167.312461187236,,,35VLG,S2B_MSIL2A_20240403T093549_R036_T35VLG_20240403T122848
S2_FI_00008622,614,2024-04-08,1.0,0.874158,53.0075043027488,167.491259070768,,,35VLG,S2A_MSIL2A_20240408T094031_R036_T35VLG_20240410T215036
S2_FI_00008623,614,2024-04-08,1.0,0.874158,53.0075043027488,167.491259070768,,,35VLG,S2A_MSIL2A_20240408T094031_R036_T35VLG_20240410T215036
S2_FI_00008624,614,2024-04-08,1.0,0.874158,53.0075043027488,167.491259070768,,,35VLG,S2A_MSIL2A_20240408T094031_R036_T35VLG_20240410T215036
S2_FI_00008625,614,2024-04-08,1.0,0.874158,53.0075043027488,167.491259070768,,,35VLG,S2A_MSIL2A_20240408T094031_R036_T35VLG_20240410T215036
S2_FI_00008626,614,2024-04-08,1.0,0.874158,53.0075043027488,167.491259070768,,,35VLG,S2A_MSIL2A_20240408T094031_R036_T35VLG_20240410T215036
S2_FI_00008627,614,2024-04-08,1.0,0.874158,53.0075043027488,167.491259070768,,,35VLG,S2A_MSIL2A_20240408T094031_R036_T35VLG_20240410T215036
S2_FI_00008628,614,2024-04-23,0.0,99.98045,47.6449030857987,167.852548516585,,,35VLG,S2B_MSIL2A_20240423T093549_R036_T35VLG_20240423T132153
S2_FI_00008629,614,2024-04-23,0.0,99.98045,47.6449030857987,167.852548516585,,,35VLG,S2B_MSIL2A_20240423T093549_R036_T35VLG_20240423T132153
S2_FI_00008630,614,2024-04-23,0.0,99.98045,47.6449030857987,167.852548516585,,,35VLG,S2B_MSIL2A_20240423T093549_R036_T35VLG_20240423T132153
S2_FI_00008631,614,2024-04-23,0.0,99.98045,47.6449030857987,167.852548516585,,,35VLG,S2B_MSIL2A_20240423T093549_R036_T35VLG_20240423T132153
S2_FI_00008632,614,2024-04-23,0.0,99.98045,47.6449030857987,167.852548516585,,,35VLG,S2B_MSIL2A_20240423T093549_R036_T35VLG_20240423T132153
S2_FI_00008633,614,2024-04-23,0.0,99.98045,47.6449030857987,167.852548516585,,,35VLG,S2B_MSIL2A_20240423T093549_R036_T35VLG_20240423T132153
S2_FI_00008634,614,2024-05-06,1.0,82.58242,43.4268816756115,171.259218065652,,,35VLG,S2B_MSIL2A_20240506T094549_R079_T35VLG_20240506T131844
S2_FI_00008635,614,2024-05-06,1.0,82.58242,43.4268816756115,171.259218065652,,,35VLG,S2B_MSIL2A_20240506T094549_R079_T35VLG_20240506T131844
S2_FI_00008636,614,2024-05-06,1.0,82.58242,43.4268816756115,171.259218065652,,,35VLG,S2B_MSIL2A_20240506T094549_R079_T35VLG_20240506T131844
S2_FI_00008637,614,2024-05-06,1.0,82.58242,43.4268816756115,171.259218065652,,,35VLG,S2B_MSIL2A_20240506T094549_R079_T35VLG_20240506T131844
S2_FI_00008638,614,2024-05-06,1.0,82.58242,43.4268816756115,171.259218065652,,,35VLG,S2B_MSIL2A_20240506T094549_R079_T35VLG_20240506T131844
S2_FI_00008639,614,2024-05-06,1.0,82.58242,43.4268816756115,171.259218065652,,,35VLG,S2B_MSIL2A_20240506T094549_R079_T35VLG_20240506T131844
S2_FI_00008640,614,2024-05-21,0.0,0.487904,39.846041286468,170.792305358415,,,35VLG,S2A_MSIL2A_20240521T095031_R079_T35VLG_20240521T143827
S2_FI_00008641,614,2024-05-21,0.0,0.487904,39.846041286468,170.792305358415,,,35VLG,S2A_MSIL2A_20240521T095031_R079_T35VLG_20240521T143827
S2_FI_00008642,614,2024-05-21,0.0,0.487904,39.846041286468,170.792305358415,,,35VLG,S2A_MSIL2A_20240521T095031_R079_T35VLG_20240521T143827
S2_FI_00008643,614,2024-05-21,0.0,0.487904,39.846041286468,170.792305358415,,,35VLG,S2A_MSIL2A_20240521T095031_R079_T35VLG_20240521T143827
S2_FI_00008644,614,2024-05-21,0.0,0.487904,39.846041286468,170.792305358415,,,35VLG,S2A_MSIL2A_20240521T095031_R079_T35VLG_20240521T143827
S2_FI_00008645,614,2024-05-21,0.0,0.487904,39.846041286468,170.792305358415,,,35VLG,S2A_MSIL2A_20240521T095031_R079_T35VLG_20240521T143827
S2_FI_00008646,614,2024-06-05,1.0,1.059875,37.6016120830187,169.74672567932,,,35VLG,S2B_MSIL2A_20240605T094549_R079_T35VLG_20240605T123049
S2_FI_00008647,614,2024-06-05,1.0,1.059875,37.6016120830187,169.74672567932,,,35VLG,S2B_MSIL2A_20240605T094549_R079_T35VLG_20240605T123049
S2_FI_00008648,614,2024-06-05,1.0,1.059875,37.6016120830187,169.74672567932,,,35VLG,S2B_MSIL2A_20240605T094549_R079_T35VLG_20240605T123049
S2_FI_00008649,614,2024-06-05,1.0,1.059875,37.6016120830187,169.74672567932,,,35VLG,S2B_MSIL2A_20240605T094549_R079_T35VLG_20240605T123049
S2_FI_00008650,614,2024-06-05,1.0,1.059875,37.6016120830187,169.74672567932,,,35VLG,S2B_MSIL2A_20240605T094549_R079_T35VLG_20240605T123049
S2_FI_00008651,614,2024-06-05,1.0,1.059875,37.6016120830187,169.74672567932,,,35VLG,S2B_MSIL2A_20240605T094549_R079_T35VLG_20240605T123049
S2_FI_00008652,614,2024-06-20,1.0,35.4002,36.8614406838917,168.452949362657,,,35VLG,S2A_MSIL2A_20240620T095031_R079_T35VLG_20240620T204528
S2_FI_00008653,614,2024-06-20,1.0,35.4002,36.8614406838917,168.452949362657,,,35VLG,S2A_MSIL2A_20240620T095031_R079_T35VLG_20240620T204528
S2_FI_00008654,614,2024-06-20,1.0,35.4002,36.8614406838917,168.452949362657,,,35VLG,S2A_MSIL2A_20240620T095031_R079_T35VLG_20240620T204528
S2_FI_00008655,614,2024-06-20,1.0,35.4002,36.8614406838917,168.452949362657,,,35VLG,S2A_MSIL2A_20240620T095031_R079_T35VLG_20240620T204528
S2_FI_00008656,614,2024-06-20,1.0,35.4002,36.8614406838917,168.452949362657,,,35VLG,S2A_MSIL2A_20240620T095031_R079_T35VLG_20240620T204528
S2_FI_00008657,614,2024-06-20,1.0,35.4002,36.8614406838917,168.452949362657,,,35VLG,S2A_MSIL2A_20240620T095031_R079_T35VLG_20240620T204528
S2_FI_00008658,614,2024-07-02,0.0,59.637356,37.686644798997,163.861555249376,,,35VLG,S2B_MSIL2A_20240702T093549_R036_T35VLG_20240702T131941
S2_FI_00008659,614,2024-07-02,0.0,59.637356,37.686644798997,163.861555249376,,,35VLG,S2B_MSIL2A_20240702T093549_R036_T35VLG_20240702T131941
S2_FI_00008660,614,2024-07-02,0.0,59.637356,37.686644798997,163.861555249376,,,35VLG,S2B_MSIL2A_20240702T093549_R036_T35VLG_20240702T131941
S2_FI_00008661,614,2024-07-02,0.0,59.637356,37.686644798997,163.861555249376,,,35VLG,S2B_MSIL2A_20240702T093549_R036_T35VLG_20240702T131941
S2_FI_00008662,614,2024-07-02,0.0,59.637356,37.686644798997,163.861555249376,,,35VLG,S2B_MSIL2A_20240702T093549_R036_T35VLG_20240702T131941
S2_FI_00008663,614,2024-07-02,0.0,59.637356,37.686644798997,163.861555249376,,,35VLG,S2B_MSIL2A_20240702T093549_R036_T35VLG_20240702T131941
S2_FI_00008664,614,2024-07-10,1.0,12.584594,38.2498854533678,167.262141542758,,,35VLG,S2A_MSIL2A_20240710T095031_R079_T35VLG_20240710T171255
S2_FI_00008665,614,2024-07-10,1.0,12.584594,38.2498854533678,167.262141542758,,,35VLG,S2A_MSIL2A_20240710T095031_R079_T35VLG_20240710T171255
S2_FI_00008666,614,2024-07-10,1.0,12.584594,38.2498854533678,167.262141542758,,,35VLG,S2A_MSIL2A_20240710T095031_R079_T35VLG_20240710T171255
S2_FI_00008667,614,2024-07-10,1.0,12.584594,38.2498854533678,167.262141542758,,,35VLG,S2A_MSIL2A_20240710T095031_R079_T35VLG_20240710T171255
S2_FI_00008668,614,2024-07-10,1.0,12.584594,38.2498854533678,167.262141542758,,,35VLG,S2A_MSIL2A_20240710T095031_R079_T35VLG_20240710T171255
S2_FI_00008669,614,2024-07-10,1.0,12.584594,38.2498854533678,167.262141542758,,,35VLG,S2A_MSIL2A_20240710T095031_R079_T35VLG_20240710T171255
S2_FI_00008670,614,2024-07-15,1.0,30.483812,38.9938528266126,167.185008847541,,,35VLG,S2B_MSIL2A_20240715T094549_R079_T35VLG_20240715T135254
S2_FI_00008671,614,2024-07-15,1.0,30.483812,38.9938528266126,167.185008847541,,,35VLG,S2B_MSIL2A_20240715T094549_R079_T35VLG_20240715T135254
S2_FI_00008672,614,2024-07-15,1.0,30.483812,38.9938528266126,167.185008847541,,,35VLG,S2B_MSIL2A_20240715T094549_R079_T35VLG_20240715T135254
S2_FI_00008673,614,2024-07-15,1.0,30.483812,38.9938528266126,167.185008847541,,,35VLG,S2B_MSIL2A_20240715T094549_R079_T35VLG_20240715T135254
S2_FI_00008674,614,2024-07-15,1.0,30.483812,38.9938528266126,167.185008847541,,,35VLG,S2B_MSIL2A_20240715T094549_R079_T35VLG_20240715T135254
S2_FI_00008675,614,2024-07-15,1.0,30.483812,38.9938528266126,167.185008847541,,,35VLG,S2B_MSIL2A_20240715T094549_R079_T35VLG_20240715T135254
S2_FI_00008676,614,2024-07-30,0.0,30.616364,42.0564876052585,167.597060292907,,,35VLG,S2A_MSIL2A_20240730T095031_R079_T35VLG_20240730T155453
S2_FI_00008677,614,2024-07-30,0.0,30.616364,42.0564876052585,167.597060292907,,,35VLG,S2A_MSIL2A_20240730T095031_R079_T35VLG_20240730T155453
S2_FI_00008678,614,2024-07-30,0.0,30.616364,42.0564876052585,167.597060292907,,,35VLG,S2A_MSIL2A_20240730T095031_R079_T35VLG_20240730T155453
S2_FI_00008679,614,2024-07-30,0.0,30.616364,42.0564876052585,167.597060292907,,,35VLG,S2A_MSIL2A_20240730T095031_R079_T35VLG_20240730T155453
S2_FI_00008680,614,2024-07-30,0.0,30.616364,42.0564876052585,167.597060292907,,,35VLG,S2A_MSIL2A_20240730T095031_R079_T35VLG_20240730T155453
S2_FI_00008681,614,2024-07-30,0.0,30.616364,42.0564876052585,167.597060292907,,,35VLG,S2A_MSIL2A_20240730T095031_R079_T35VLG_20240730T155453
S2_FI_00008682,614,2024-08-14,1.0,5.671302,46.1817732862948,168.871319468815,,,35VLG,S2B_MSIL2A_20240814T094549_R079_T35VLG_20240814T123852
S2_FI_00008683,614,2024-08-14,1.0,5.671302,46.1817732862948,168.871319468815,,,35VLG,S2B_MSIL2A_20240814T094549_R079_T35VLG_20240814T123852
S2_FI_00008684,614,2024-08-14,1.0,5.671302,46.1817732862948,168.871319468815,,,35VLG,S2B_MSIL2A_20240814T094549_R079_T35VLG_20240814T123852
S2_FI_00008685,614,2024-08-14,1.0,5.671302,46.1817732862948,168.871319468815,,,35VLG,S2B_MSIL2A_20240814T094549_R079_T35VLG_20240814T123852
S2_FI_00008686,614,2024-08-14,1.0,5.671302,46.1817732862948,168.871319468815,,,35VLG,S2B_MSIL2A_20240814T094549_R079_T35VLG_20240814T123852
S2_FI_00008687,614,2024-08-14,1.0,5.671302,46.1817732862948,168.871319468815,,,35VLG,S2B_MSIL2A_20240814T094549_R079_T35VLG_20240814T123852
S2_FI_00008688,614,2024-08-26,1.0,15.836982,50.3171706962014,167.11101249449,,,35VLG,S2A_MSIL2A_20240826T094031_R036_T35VLG_20240826T134251
S2_FI_00008689,614,2024-08-26,1.0,15.836982,50.3171706962014,167.11101249449,,,35VLG,S2A_MSIL2A_20240826T094031_R036_T35VLG_20240826T134251
S2_FI_00008690,614,2024-08-26,1.0,15.836982,50.3171706962014,167.11101249449,,,35VLG,S2A_MSIL2A_20240826T094031_R036_T35VLG_20240826T134251
S2_FI_00008691,614,2024-08-26,1.0,15.836982,50.3171706962014,167.11101249449,,,35VLG,S2A_MSIL2A_20240826T094031_R036_T35VLG_20240826T134251
S2_FI_00008692,614,2024-08-26,1.0,15.836982,50.3171706962014,167.11101249449,,,35VLG,S2A_MSIL2A_20240826T094031_R036_T35VLG_20240826T134251
S2_FI_00008693,614,2024-08-26,1.0,15.836982,50.3171706962014,167.11101249449,,,35VLG,S2A_MSIL2A_20240826T094031_R036_T35VLG_20240826T134251
S2_FI_00008694,614,2024-09-08,3.0,5.605648,54.719527129625,172.060063031439,,,35VLG,S2A_MSIL2A_20240908T095031_R079_T35VLG_20240908T131845
S2_FI_00008695,614,2024-09-08,3.0,5.605648,54.719527129625,172.060063031439,,,35VLG,S2A_MSIL2A_20240908T095031_R079_T35VLG_20240908T131845
S2_FI_00008696,614,2024-09-08,3.0,5.605648,54.719527129625,172.060063031439,,,35VLG,S2A_MSIL2A_20240908T095031_R079_T35VLG_20240908T131845
S2_FI_00008697,614,2024-09-08,3.0,5.605648,54.719527129625,172.060063031439,,,35VLG,S2A_MSIL2A_20240908T095031_R079_T35VLG_20240908T131845
S2_FI_00008698,614,2024-09-08,3.0,5.605648,54.719527129625,172.060063031439,,,35VLG,S2A_MSIL2A_20240908T095031_R079_T35VLG_20240908T131845
S2_FI_00008699,614,2024-09-08,3.0,5.605648,54.719527129625,172.060063031439,,,35VLG,S2A_MSIL2A_20240908T095031_R079_T35VLG_20240908T131845
S2_FI_00008700,614,2024-09-23,1.0,88.60563,60.3999926359126,174.039999260556,,,35VLG,S2B_MSIL2A_20240923T095029_R079_T35VLG_20240923T110403
S2_FI_00008701,614,2024-09-23,1.0,88.60563,60.3999926359126,174.039999260556,,,35VLG,S2B_MSIL2A_20240923T095029_R079_T35VLG_20240923T110403
S2_FI_00008702,614,2024-09-23,1.0,88.60563,60.3999926359126,174.039999260556,,,35VLG,S2B_MSIL2A_20240923T095029_R079_T35VLG_20240923T110403
S2_FI_00008703,614,2024-09-23,1.0,88.60563,60.3999926359126,174.039999260556,,,35VLG,S2B_MSIL2A_20240923T095029_R079_T35VLG_20240923T110403
S2_FI_00008704,614,2024-09-23,1.0,88.60563,60.3999926359126,174.039999260556,,,35VLG,S2B_MSIL2A_20240923T095029_R079_T35VLG_20240923T110403
S2_FI_00008705,614,2024-09-23,1.0,88.60563,60.3999926359126,174.039999260556,,,35VLG,S2B_MSIL2A_20240923T095029_R079_T35VLG_20240923T110403
S2_FI_00008706,614,2024-10-08,0.0,96.714222,66.1428550607872,175.670286937115,,,35VLG,S2A_MSIL2A_20241008T095031_R079_T35VLG_20241008T124449
S2_FI_00008707,614,2024-10-08,0.0,96.714222,66.1428550607872,175.670286937115,,,35VLG,S2A_MSIL2A_20241008T095031_R079_T35VLG_20241008T124449
S2_FI_00008708,614,2024-10-08,0.0,96.714222,66.1428550607872,175.670286937115,,,35VLG,S2A_MSIL2A_20241008T095031_R079_T35VLG_20241008T124449
S2_FI_00008709,614,2024-10-08,0.0,96.714222,66.1428550607872,175.670286937115,,,35VLG,S2A_MSIL2A_20241008T095031_R079_T35VLG_20241008T124449
S2_FI_00008710,614,2024-10-08,0.0,96.714222,66.1428550607872,175.670286937115,,,35VLG,S2A_MSIL2A_20241008T095031_R079_T35VLG_20241008T124449
S2_FI_00008711,614,2024-10-08,0.0,96.714222,66.1428550607872,175.670286937115,,,35VLG,S2A_MSIL2A_20241008T095031_R079_T35VLG_20241008T124449
S2_FI_00008712,614,2024-10-23,0.0,0.248908,71.6082703733938,176.719448293117,,,35VLG,S2B_MSIL2A_20241023T095029_R079_T35VLG_20241023T112106
S2_FI_00008713,614,2024-10-23,0.0,0.248908,71.6082703733938,176.719448293117,,,35VLG,S2B_MSIL2A_20241023T095029_R079_T35VLG_20241023T112106
S2_FI_00008714,614,2024-10-23,0.0,0.248908,71.6082703733938,176.719448293117,,,35VLG,S2B_MSIL2A_20241023T095029_R079_T35VLG_20241023T112106
S2_FI_00008715,614,2024-10-23,0.0,0.248908,71.6082703733938,176.719448293117,,,35VLG,S2B_MSIL2A_20241023T095029_R079_T35VLG_20241023T112106
S2_FI_00008716,614,2024-10-23,0.0,0.248908,71.6082703733938,176.719448293117,,,35VLG,S2B_MSIL2A_20241023T095029_R079_T35VLG_20241023T112106
S2_FI_00008717,614,2024-10-23,0.0,0.248908,71.6082703733938,176.719448293117,,,35VLG,S2B_MSIL2A_20241023T095029_R079_T35VLG_20241023T112106
S2_FI_00008718,614,2024-11-04,1.0,56.429392,75.6321438322743,174.51817349111,,,35VLG,S2A_MSIL2A_20241104T094151_R036_T35VLG_20241104T105348
S2_FI_00008719,614,2024-11-04,1.0,56.429392,75.6321438322743,174.51817349111,,,35VLG,S2A_MSIL2A_20241104T094151_R036_T35VLG_20241104T105348
S2_FI_00008720,614,2024-11-04,1.0,56.429392,75.6321438322743,174.51817349111,,,35VLG,S2A_MSIL2A_20241104T094151_R036_T35VLG_20241104T105348
S2_FI_00008721,614,2024-11-04,1.0,56.429392,75.6321438322743,174.51817349111,,,35VLG,S2A_MSIL2A_20241104T094151_R036_T35VLG_20241104T105348
S2_FI_00008722,614,2024-11-04,1.0,56.429392,75.6321438322743,174.51817349111,,,35VLG,S2A_MSIL2A_20241104T094151_R036_T35VLG_20241104T105348
S2_FI_00008723,614,2024-11-04,1.0,56.429392,75.6321438322743,174.51817349111,,,35VLG,S2A_MSIL2A_20241104T094151_R036_T35VLG_20241104T105348
S2_FI_00008724,614,2024-11-19,1.0,38.870567,79.68330888724,174.275215045686,,,35VLG,S2B_MSIL2A_20241119T094209_R036_T35VLG_20241119T111954
S2_FI_00008725,614,2024-11-19,1.0,38.870567,79.68330888724,174.275215045686,,,35VLG,S2B_MSIL2A_20241119T094209_R036_T35VLG_20241119T111954
S2_FI_00008726,614,2024-11-19,1.0,38.870567,79.68330888724,174.275215045686,,,35VLG,S2B_MSIL2A_20241119T094209_R036_T35VLG_20241119T111954
S2_FI_00008727,614,2024-11-19,1.0,38.870567,79.68330888724,174.275215045686,,,35VLG,S2B_MSIL2A_20241119T094209_R036_T35VLG_20241119T111954
S2_FI_00008728,614,2024-11-19,1.0,38.870567,79.68330888724,174.275215045686,,,35VLG,S2B_MSIL2A_20241119T094209_R036_T35VLG_20241119T111954
S2_FI_00008729,614,2024-11-19,1.0,38.870567,79.68330888724,174.275215045686,,,35VLG,S2B_MSIL2A_20241119T094209_R036_T35VLG_20241119T111954
S2_FI_00008730,614,2024-11-29,5.0,97.223538,81.6929262975441,173.69603640498,,,35VLG,S2B_MSIL2A_20241129T094249_R036_T35VLG_20241129T105900
S2_FI_00008731,614,2024-11-29,5.0,97.223538,81.6929262975441,173.69603640498,,,35VLG,S2B_MSIL2A_20241129T094249_R036_T35VLG_20241129T105900
S2_FI_00008732,614,2024-11-29,5.0,97.223538,81.6929262975441,173.69603640498,,,35VLG,S2B_MSIL2A_20241129T094249_R036_T35VLG_20241129T105900
S2_FI_00008733,614,2024-11-29,5.0,97.223538,81.6929262975441,173.69603640498,,,35VLG,S2B_MSIL2A_20241129T094249_R036_T35VLG_20241129T105900
S2_FI_00008734,614,2024-11-29,5.0,97.223538,81.6929262975441,173.69603640498,,,35VLG,S2B_MSIL2A_20241129T094249_R036_T35VLG_20241129T105900
S2_FI_00008735,614,2024-11-29,5.0,97.223538,81.6929262975441,173.69603640498,,,35VLG,S2B_MSIL2A_20241129T094249_R036_T35VLG_20241129T105900
S2_FI_00008736,614,2024-12-09,1.0,31.304756,83.0424390399583,172.82493025628,,,35VLG,S2B_MSIL2A_20241209T094319_R036_T35VLG_20241209T114303
S2_FI_00008737,614,2024-12-09,1.0,31.304756,83.0424390399583,172.82493025628,,,35VLG,S2B_MSIL2A_20241209T094319_R036_T35VLG_20241209T114303
S2_FI_00008738,614,2024-12-09,1.0,31.304756,83.0424390399583,172.82493025628,,,35VLG,S2B_MSIL2A_20241209T094319_R036_T35VLG_20241209T114303
S2_FI_00008739,614,2024-12-09,1.0,31.304756,83.0424390399583,172.82493025628,,,35VLG,S2B_MSIL2A_20241209T094319_R036_T35VLG_20241209T114303
S2_FI_00008740,614,2024-12-09,1.0,31.304756,83.0424390399583,172.82493025628,,,35VLG,S2B_MSIL2A_20241209T094319_R036_T35VLG_20241209T114303
S2_FI_00008741,614,2024-12-09,1.0,31.304756,83.0424390399583,172.82493025628,,,35VLG,S2B_MSIL2A_20241209T094319_R036_T35VLG_20241209T114303
S2_FI_00008742,614,2024-12-19,2.0,99.979246,83.6636882354498,171.765471908655,,,35VLG,S2B_MSIL2A_20241219T094329_R036_T35VLG_20241219T111250
S2_FI_00008743,614,2024-12-19,2.0,99.979246,83.6636882354498,171.765471908655,,,35VLG,S2B_MSIL2A_20241219T094329_R036_T35VLG_20241219T111250
S2_FI_00008744,614,2024-12-19,2.0,99.979246,83.6636882354498,171.765471908655,,,35VLG,S2B_MSIL2A_20241219T094329_R036_T35VLG_20241219T111250
S2_FI_00008745,614,2024-12-19,2.0,99.979246,83.6636882354498,171.765471908655,,,35VLG,S2B_MSIL2A_20241219T094329_R036_T35VLG_20241219T111250
S2_FI_00008746,614,2024-12-19,2.0,99.979246,83.6636882354498,171.765471908655,,,35VLG,S2B_MSIL2A_20241219T094329_R036_T35VLG_20241219T111250
S2_FI_00008747,614,2024-12-19,2.0,99.979246,83.6636882354498,171.765471908655,,,35VLG,S2B_MSIL2A_20241219T094329_R036_T35VLG_20241219T111250
S2_FI_00008748,614,2024-12-22,1.0,99.999982,83.5405301099026,173.722264071749,,,35VLG,S2B_MSIL2A_20241222T095329_R079_T35VLG_20241222T115524
S2_FI_00008749,614,2024-12-22,1.0,99.999982,83.5405301099026,173.722264071749,,,35VLG,S2B_MSIL2A_20241222T095329_R079_T35VLG_20241222T115524
S2_FI_00008750,614,2024-12-22,1.0,99.999982,83.5405301099026,173.722264071749,,,35VLG,S2B_MSIL2A_20241222T095329_R079_T35VLG_20241222T115524
S2_FI_00008751,614,2024-12-22,1.0,99.999982,83.5405301099026,173.722264071749,,,35VLG,S2B_MSIL2A_20241222T095329_R079_T35VLG_20241222T115524
S2_FI_00008752,614,2024-12-22,1.0,99.999982,83.5405301099026,173.722264071749,,,35VLG,S2B_MSIL2A_20241222T095329_R079_T35VLG_20241222T115524
S2_FI_00008753,614,2024-12-22,1.0,99.999982,83.5405301099026,173.722264071749,,,35VLG,S2B_MSIL2A_20241222T095329_R079_T35VLG_20241222T115524
S2_FI_00008754,614,2025-01-01,1.0,98.317498,83.1436057185277,172.5593219807,,,35VLG,S2B_MSIL2A_20250101T095319_R079_T35VLG_20250101T120948
S2_FI_00008755,614,2025-01-01,1.0,98.317498,83.1436057185277,172.5593219807,,,35VLG,S2B_MSIL2A_20250101T095319_R079_T35VLG_20250101T120948
S2_FI_00008756,614,2025-01-01,1.0,98.317498,83.1436057185277,172.5593219807,,,35VLG,S2B_MSIL2A_20250101T095319_R079_T35VLG_20250101T120948
S2_FI_00008757,614,2025-01-01,1.0,98.317498,83.1436057185277,172.5593219807,,,35VLG,S2B_MSIL2A_20250101T095319_R079_T35VLG_20250101T120948
S2_FI_00008758,614,2025-01-01,1.0,98.317498,83.1436057185277,172.5593219807,,,35VLG,S2B_MSIL2A_20250101T095319_R079_T35VLG_20250101T120948
S2_FI_00008759,614,2025-01-01,1.0,98.317498,83.1436057185277,172.5593219807,,,35VLG,S2B_MSIL2A_20250101T095319_R079_T35VLG_20250101T120948
S2_FI_00008760,6169,2023-01-12,0.0,98.338848,82.8484850741973,170.839556665946,,,34VFN,S2B_MSIL2A_20230112T095249_R079_T34VFN_20230113T000554
S2_FI_00008761,6169,2023-01-12,0.0,98.338848,82.8484850741973,170.839556665946,,,34VFN,S2B_MSIL2A_20230112T095249_R079_T34VFN_20230113T000554
S2_FI_00008762,6169,2023-01-12,0.0,98.338848,82.8484850741973,170.839556665946,,,34VFN,S2B_MSIL2A_20230112T095249_R079_T34VFN_20230113T000554
S2_FI_00008763,6169,2023-01-12,0.0,98.338848,82.8484850741973,170.839556665946,,,34VFN,S2B_MSIL2A_20230112T095249_R079_T34VFN_20230113T000554
S2_FI_00008764,6169,2023-01-12,0.0,98.338848,82.8484850741973,170.839556665946,,,34VFN,S2B_MSIL2A_20230112T095249_R079_T34VFN_20230113T000554
S2_FI_00008765,6169,2023-01-12,0.0,98.338848,82.8484850741973,170.839556665946,,,34VFN,S2B_MSIL2A_20230112T095249_R079_T34VFN_20230113T000554
S2_FI_00008766,6169,2023-02-01,1.0,94.313556,78.4435314084414,169.160205418435,,,34VFN,S2B_MSIL2A_20230201T095129_R079_T34VFN_20240816T111333
S2_FI_00008767,6169,2023-02-01,1.0,94.313556,78.4435314084414,169.160205418435,,,34VFN,S2B_MSIL2A_20230201T095129_R079_T34VFN_20240816T111333
S2_FI_00008768,6169,2023-02-01,1.0,94.313556,78.4435314084414,169.160205418435,,,34VFN,S2B_MSIL2A_20230201T095129_R079_T34VFN_20240816T111333
S2_FI_00008769,6169,2023-02-01,1.0,94.313556,78.4435314084414,169.160205418435,,,34VFN,S2B_MSIL2A_20230201T095129_R079_T34VFN_20240816T111333
S2_FI_00008770,6169,2023-02-01,1.0,94.313556,78.4435314084414,169.160205418435,,,34VFN,S2B_MSIL2A_20230201T095129_R079_T34VFN_20240816T111333
S2_FI_00008771,6169,2023-02-01,1.0,94.313556,78.4435314084414,169.160205418435,,,34VFN,S2B_MSIL2A_20230201T095129_R079_T34VFN_20240816T111333
S2_FI_00008772,6169,2023-03-01,1.0,68.289006,68.7369642781824,171.124900248058,,,34VFN,S2A_MSIL2A_20230301T100021_R122_T34VFN_20240821T023929
S2_FI_00008773,6169,2023-03-01,1.0,68.289006,68.7369642781824,171.124900248058,,,34VFN,S2A_MSIL2A_20230301T100021_R122_T34VFN_20240821T023929
S2_FI_00008774,6169,2023-03-01,1.0,68.289006,68.7369642781824,171.124900248058,,,34VFN,S2A_MSIL2A_20230301T100021_R122_T34VFN_20240821T023929
S2_FI_00008775,6169,2023-03-01,1.0,68.289006,68.7369642781824,171.124900248058,,,34VFN,S2A_MSIL2A_20230301T100021_R122_T34VFN_20240821T023929
S2_FI_00008776,6169,2023-03-01,1.0,68.289006,68.7369642781824,171.124900248058,,,34VFN,S2A_MSIL2A_20230301T100021_R122_T34VFN_20240821T023929
S2_FI_00008777,6169,2023-03-01,1.0,68.289006,68.7369642781824,171.124900248058,,,34VFN,S2A_MSIL2A_20230301T100021_R122_T34VFN_20240821T023929
S2_FI_00008778,6169,2023-03-16,0.0,29.65945,62.841470747948,171.686223606847,,,34VFN,S2B_MSIL2A_20230316T100029_R122_T34VFN_20240827T115615
S2_FI_00008779,6169,2023-03-16,0.0,29.65945,62.841470747948,171.686223606847,,,34VFN,S2B_MSIL2A_20230316T100029_R122_T34VFN_20240827T115615
S2_FI_00008780,6169,2023-03-16,0.0,29.65945,62.841470747948,171.686223606847,,,34VFN,S2B_MSIL2A_20230316T100029_R122_T34VFN_20240827T115615
S2_FI_00008781,6169,2023-03-16,0.0,29.65945,62.841470747948,171.686223606847,,,34VFN,S2B_MSIL2A_20230316T100029_R122_T34VFN_20240827T115615
S2_FI_00008782,6169,2023-03-16,0.0,29.65945,62.841470747948,171.686223606847,,,34VFN,S2B_MSIL2A_20230316T100029_R122_T34VFN_20240827T115615
S2_FI_00008783,6169,2023-03-16,0.0,29.65945,62.841470747948,171.686223606847,,,34VFN,S2B_MSIL2A_20230316T100029_R122_T34VFN_20240827T115615
S2_FI_00008784,6169,2023-04-02,1.0,18.074377,56.2907451969907,169.645432352624,,,34VFN,S2B_MSIL2A_20230402T095039_R079_T34VFN_20240829T005541
S2_FI_00008785,6169,2023-04-02,1.0,18.074377,56.2907451969907,169.645432352624,,,34VFN,S2B_MSIL2A_20230402T095039_R079_T34VFN_20240829T005541
S2_FI_00008786,6169,2023-04-02,1.0,18.074377,56.2907451969907,169.645432352624,,,34VFN,S2B_MSIL2A_20230402T095039_R079_T34VFN_20240829T005541
S2_FI_00008787,6169,2023-04-02,1.0,18.074377,56.2907451969907,169.645432352624,,,34VFN,S2B_MSIL2A_20230402T095039_R079_T34VFN_20240829T005541
S2_FI_00008788,6169,2023-04-02,1.0,18.074377,56.2907451969907,169.645432352624,,,34VFN,S2B_MSIL2A_20230402T095039_R079_T34VFN_20240829T005541
S2_FI_00008789,6169,2023-04-02,1.0,18.074377,56.2907451969907,169.645432352624,,,34VFN,S2B_MSIL2A_20230402T095039_R079_T34VFN_20240829T005541
S2_FI_00008790,6169,2023-04-12,0.0,53.997856,52.4886389111932,170.086357077458,,,34VFN,S2B_MSIL2A_20230412T095029_R079_T34VFN_20240828T091729
S2_FI_00008791,6169,2023-04-12,0.0,53.997856,52.4886389111932,170.086357077458,,,34VFN,S2B_MSIL2A_20230412T095029_R079_T34VFN_20240828T091729
S2_FI_00008792,6169,2023-04-12,0.0,53.997856,52.4886389111932,170.086357077458,,,34VFN,S2B_MSIL2A_20230412T095029_R079_T34VFN_20240828T091729
S2_FI_00008793,6169,2023-04-12,0.0,53.997856,52.4886389111932,170.086357077458,,,34VFN,S2B_MSIL2A_20230412T095029_R079_T34VFN_20240828T091729
S2_FI_00008794,6169,2023-04-12,0.0,53.997856,52.4886389111932,170.086357077458,,,34VFN,S2B_MSIL2A_20230412T095029_R079_T34VFN_20240828T091729
S2_FI_00008795,6169,2023-04-12,0.0,53.997856,52.4886389111932,170.086357077458,,,34VFN,S2B_MSIL2A_20230412T095029_R079_T34VFN_20240828T091729
S2_FI_00008796,6169,2023-04-20,0.0,88.257843,49.4497898540504,173.559977873128,,,34VFN,S2A_MSIL2A_20230420T100021_R122_T34VFN_20240901T024713
S2_FI_00008797,6169,2023-04-20,0.0,88.257843,49.4497898540504,173.559977873128,,,34VFN,S2A_MSIL2A_20230420T100021_R122_T34VFN_20240901T024713
S2_FI_00008798,6169,2023-04-20,0.0,88.257843,49.4497898540504,173.559977873128,,,34VFN,S2A_MSIL2A_20230420T100021_R122_T34VFN_20240901T024713
S2_FI_00008799,6169,2023-04-20,0.0,88.257843,49.4497898540504,173.559977873128,,,34VFN,S2A_MSIL2A_20230420T100021_R122_T34VFN_20240901T024713
S2_FI_00008800,6169,2023-04-20,0.0,88.257843,49.4497898540504,173.559977873128,,,34VFN,S2A_MSIL2A_20230420T100021_R122_T34VFN_20240901T024713
S2_FI_00008801,6169,2023-04-20,0.0,88.257843,49.4497898540504,173.559977873128,,,34VFN,S2A_MSIL2A_20230420T100021_R122_T34VFN_20240901T024713
S2_FI_00008802,6169,2023-04-25,1.0,47.861052,47.7641640786583,173.764858521446,,,34VFN,S2B_MSIL2A_20230425T100029_R122_T34VFN_20240901T190605
S2_FI_00008803,6169,2023-04-25,1.0,47.861052,47.7641640786583,173.764858521446,,,34VFN,S2B_MSIL2A_20230425T100029_R122_T34VFN_20240901T190605
S2_FI_00008804,6169,2023-04-25,1.0,47.861052,47.7641640786583,173.764858521446,,,34VFN,S2B_MSIL2A_20230425T100029_R122_T34VFN_20240901T190605
S2_FI_00008805,6169,2023-04-25,1.0,47.861052,47.7641640786583,173.764858521446,,,34VFN,S2B_MSIL2A_20230425T100029_R122_T34VFN_20240901T190605
S2_FI_00008806,6169,2023-04-25,1.0,47.861052,47.7641640786583,173.764858521446,,,34VFN,S2B_MSIL2A_20230425T100029_R122_T34VFN_20240901T190605
S2_FI_00008807,6169,2023-04-25,1.0,47.861052,47.7641640786583,173.764858521446,,,34VFN,S2B_MSIL2A_20230425T100029_R122_T34VFN_20240901T190605
S2_FI_00008808,6169,2023-05-10,1.0,13.221435,43.3163388318382,173.956915940472,,,34VFN,S2A_MSIL2A_20230510T100031_R122_T34VFN_20230510T160725
S2_FI_00008809,6169,2023-05-10,1.0,13.221435,43.3163388318382,173.956915940472,,,34VFN,S2A_MSIL2A_20230510T100031_R122_T34VFN_20230510T160725
S2_FI_00008810,6169,2023-05-10,1.0,13.221435,43.3163388318382,173.956915940472,,,34VFN,S2A_MSIL2A_20230510T100031_R122_T34VFN_20230510T160725
S2_FI_00008811,6169,2023-05-10,1.0,13.221435,43.3163388318382,173.956915940472,,,34VFN,S2A_MSIL2A_20230510T100031_R122_T34VFN_20230510T160725
S2_FI_00008812,6169,2023-05-10,1.0,13.221435,43.3163388318382,173.956915940472,,,34VFN,S2A_MSIL2A_20230510T100031_R122_T34VFN_20230510T160725
S2_FI_00008813,6169,2023-05-10,1.0,13.221435,43.3163388318382,173.956915940472,,,34VFN,S2A_MSIL2A_20230510T100031_R122_T34VFN_20230510T160725
S2_FI_00008814,6169,2023-05-25,1.0,61.769503,39.9938420012293,173.525522278161,,,34VFN,S2B_MSIL2A_20230525T095559_R122_T34VFN_20240908T101427
S2_FI_00008815,6169,2023-05-25,1.0,61.769503,39.9938420012293,173.525522278161,,,34VFN,S2B_MSIL2A_20230525T095559_R122_T34VFN_20240908T101427
S2_FI_00008816,6169,2023-05-25,1.0,61.769503,39.9938420012293,173.525522278161,,,34VFN,S2B_MSIL2A_20230525T095559_R122_T34VFN_20240908T101427
S2_FI_00008817,6169,2023-05-25,1.0,61.769503,39.9938420012293,173.525522278161,,,34VFN,S2B_MSIL2A_20230525T095559_R122_T34VFN_20240908T101427
S2_FI_00008818,6169,2023-05-25,1.0,61.769503,39.9938420012293,173.525522278161,,,34VFN,S2B_MSIL2A_20230525T095559_R122_T34VFN_20240908T101427
S2_FI_00008819,6169,2023-05-25,1.0,61.769503,39.9938420012293,173.525522278161,,,34VFN,S2B_MSIL2A_20230525T095559_R122_T34VFN_20240908T101427
S2_FI_00008820,6169,2023-06-01,0.0,93.596566,39.0883752016603,169.42925975575,,,34VFN,S2B_MSIL2A_20230601T094549_R079_T34VFN_20240909T082213
S2_FI_00008821,6169,2023-06-01,0.0,93.596566,39.0883752016603,169.42925975575,,,34VFN,S2B_MSIL2A_20230601T094549_R079_T34VFN_20240909T082213
S2_FI_00008822,6169,2023-06-01,0.0,93.596566,39.0883752016603,169.42925975575,,,34VFN,S2B_MSIL2A_20230601T094549_R079_T34VFN_20240909T082213
S2_FI_00008823,6169,2023-06-01,0.0,93.596566,39.0883752016603,169.42925975575,,,34VFN,S2B_MSIL2A_20230601T094549_R079_T34VFN_20240909T082213
S2_FI_00008824,6169,2023-06-01,0.0,93.596566,39.0883752016603,169.42925975575,,,34VFN,S2B_MSIL2A_20230601T094549_R079_T34VFN_20240909T082213
S2_FI_00008825,6169,2023-06-01,0.0,93.596566,39.0883752016603,169.42925975575,,,34VFN,S2B_MSIL2A_20230601T094549_R079_T34VFN_20240909T082213
S2_FI_00008826,6169,2023-07-04,1.0,89.999729,38.188730095677,170.562541358739,,,34VFN,S2B_MSIL2A_20230704T095559_R122_T34VFN_20230704T142641
S2_FI_00008827,6169,2023-07-04,1.0,89.999729,38.188730095677,170.562541358739,,,34VFN,S2B_MSIL2A_20230704T095559_R122_T34VFN_20230704T142641
S2_FI_00008828,6169,2023-07-04,1.0,89.999729,38.188730095677,170.562541358739,,,34VFN,S2B_MSIL2A_20230704T095559_R122_T34VFN_20230704T142641
S2_FI_00008829,6169,2023-07-04,1.0,89.999729,38.188730095677,170.562541358739,,,34VFN,S2B_MSIL2A_20230704T095559_R122_T34VFN_20230704T142641
S2_FI_00008830,6169,2023-07-04,1.0,89.999729,38.188730095677,170.562541358739,,,34VFN,S2B_MSIL2A_20230704T095559_R122_T34VFN_20230704T142641
S2_FI_00008831,6169,2023-07-04,1.0,89.999729,38.188730095677,170.562541358739,,,34VFN,S2B_MSIL2A_20230704T095559_R122_T34VFN_20230704T142641
S2_FI_00008832,6169,2023-07-31,1.0,99.834758,43.0537234084426,166.982248678433,,,34VFN,S2B_MSIL2A_20230731T094549_R079_T34VFN_20241029T195507
S2_FI_00008833,6169,2023-07-31,1.0,99.834758,43.0537234084426,166.982248678433,,,34VFN,S2B_MSIL2A_20230731T094549_R079_T34VFN_20241029T195507
S2_FI_00008834,6169,2023-07-31,1.0,99.834758,43.0537234084426,166.982248678433,,,34VFN,S2B_MSIL2A_20230731T094549_R079_T34VFN_20241029T195507
S2_FI_00008835,6169,2023-07-31,1.0,99.834758,43.0537234084426,166.982248678433,,,34VFN,S2B_MSIL2A_20230731T094549_R079_T34VFN_20241029T195507
S2_FI_00008836,6169,2023-07-31,1.0,99.834758,43.0537234084426,166.982248678433,,,34VFN,S2B_MSIL2A_20230731T094549_R079_T34VFN_20241029T195507
S2_FI_00008837,6169,2023-07-31,1.0,99.834758,43.0537234084426,166.982248678433,,,34VFN,S2B_MSIL2A_20230731T094549_R079_T34VFN_20241029T195507
S2_FI_00008838,6169,2023-09-22,1.0,0.013463,60.5360703900582,176.056910744322,,,34VFN,S2B_MSIL2A_20230922T095649_R122_T34VFN_20241026T075651
S2_FI_00008839,6169,2023-09-22,1.0,0.013463,60.5360703900582,176.056910744322,,,34VFN,S2B_MSIL2A_20230922T095649_R122_T34VFN_20241026T075651
S2_FI_00008840,6169,2023-09-22,1.0,0.013463,60.5360703900582,176.056910744322,,,34VFN,S2B_MSIL2A_20230922T095649_R122_T34VFN_20241026T075651
S2_FI_00008841,6169,2023-09-22,1.0,0.013463,60.5360703900582,176.056910744322,,,34VFN,S2B_MSIL2A_20230922T095649_R122_T34VFN_20241026T075651
S2_FI_00008842,6169,2023-09-22,1.0,0.013463,60.5360703900582,176.056910744322,,,34VFN,S2B_MSIL2A_20230922T095649_R122_T34VFN_20241026T075651
S2_FI_00008843,6169,2023-09-22,1.0,0.013463,60.5360703900582,176.056910744322,,,34VFN,S2B_MSIL2A_20230922T095649_R122_T34VFN_20241026T075651
S2_FI_00008844,6169,2023-10-09,0.0,41.939399,67.1468217659975,175.078342253139,,,34VFN,S2B_MSIL2A_20231009T094819_R079_T34VFN_20241108T113811
S2_FI_00008845,6169,2023-10-09,0.0,41.939399,67.1468217659975,175.078342253139,,,34VFN,S2B_MSIL2A_20231009T094819_R079_T34VFN_20241108T113811
S2_FI_00008846,6169,2023-10-09,0.0,41.939399,67.1468217659975,175.078342253139,,,34VFN,S2B_MSIL2A_20231009T094819_R079_T34VFN_20241108T113811
S2_FI_00008847,6169,2023-10-09,0.0,41.939399,67.1468217659975,175.078342253139,,,34VFN,S2B_MSIL2A_20231009T094819_R079_T34VFN_20241108T113811
S2_FI_00008848,6169,2023-10-09,0.0,41.939399,67.1468217659975,175.078342253139,,,34VFN,S2B_MSIL2A_20231009T094819_R079_T34VFN_20241108T113811
S2_FI_00008849,6169,2023-10-09,0.0,41.939399,67.1468217659975,175.078342253139,,,34VFN,S2B_MSIL2A_20231009T094819_R079_T34VFN_20241108T113811
S2_FI_00008850,6169,2023-10-22,1.0,99.974638,71.851027125623,178.593687765218,,,34VFN,S2B_MSIL2A_20231022T095949_R122_T34VFN_20231022T132200
S2_FI_00008851,6169,2023-10-22,1.0,99.974638,71.851027125623,178.593687765218,,,34VFN,S2B_MSIL2A_20231022T095949_R122_T34VFN_20231022T132200
S2_FI_00008852,6169,2023-10-22,1.0,99.974638,71.851027125623,178.593687765218,,,34VFN,S2B_MSIL2A_20231022T095949_R122_T34VFN_20231022T132200
S2_FI_00008853,6169,2023-10-22,1.0,99.974638,71.851027125623,178.593687765218,,,34VFN,S2B_MSIL2A_20231022T095949_R122_T34VFN_20231022T132200
S2_FI_00008854,6169,2023-10-22,1.0,99.974638,71.851027125623,178.593687765218,,,34VFN,S2B_MSIL2A_20231022T095949_R122_T34VFN_20231022T132200
S2_FI_00008855,6169,2023-10-22,1.0,99.974638,71.851027125623,178.593687765218,,,34VFN,S2B_MSIL2A_20231022T095949_R122_T34VFN_20231022T132200
S2_FI_00008856,6169,2023-11-01,1.0,99.964756,75.2258469120621,178.875621689373,,,34VFN,S2B_MSIL2A_20231101T100059_R122_T34VFN_20241109T023454
S2_FI_00008857,6169,2023-11-01,1.0,99.964756,75.2258469120621,178.875621689373,,,34VFN,S2B_MSIL2A_20231101T100059_R122_T34VFN_20241109T023454
S2_FI_00008858,6169,2023-11-01,1.0,99.964756,75.2258469120621,178.875621689373,,,34VFN,S2B_MSIL2A_20231101T100059_R122_T34VFN_20241109T023454
S2_FI_00008859,6169,2023-11-01,1.0,99.964756,75.2258469120621,178.875621689373,,,34VFN,S2B_MSIL2A_20231101T100059_R122_T34VFN_20241109T023454
S2_FI_00008860,6169,2023-11-01,1.0,99.964756,75.2258469120621,178.875621689373,,,34VFN,S2B_MSIL2A_20231101T100059_R122_T34VFN_20241109T023454
S2_FI_00008861,6169,2023-11-01,1.0,99.964756,75.2258469120621,178.875621689373,,,34VFN,S2B_MSIL2A_20231101T100059_R122_T34VFN_20241109T023454
S2_FI_00008862,6169,2023-11-21,1.0,98.968786,80.7219174424558,178.383296794495,,,34VFN,S2B_MSIL2A_20231121T100229_R122_T34VFN_20231121T130924
S2_FI_00008863,6169,2023-11-21,1.0,98.968786,80.7219174424558,178.383296794495,,,34VFN,S2B_MSIL2A_20231121T100229_R122_T34VFN_20231121T130924
S2_FI_00008864,6169,2023-11-21,1.0,98.968786,80.7219174424558,178.383296794495,,,34VFN,S2B_MSIL2A_20231121T100229_R122_T34VFN_20231121T130924
S2_FI_00008865,6169,2023-11-21,1.0,98.968786,80.7219174424558,178.383296794495,,,34VFN,S2B_MSIL2A_20231121T100229_R122_T34VFN_20231121T130924
S2_FI_00008866,6169,2023-11-21,1.0,98.968786,80.7219174424558,178.383296794495,,,34VFN,S2B_MSIL2A_20231121T100229_R122_T34VFN_20231121T130924
S2_FI_00008867,6169,2023-11-21,1.0,98.968786,80.7219174424558,178.383296794495,,,34VFN,S2B_MSIL2A_20231121T100229_R122_T34VFN_20231121T130924
S2_FI_00008868,6169,2023-12-11,2.0,99.812007,83.8520018150131,176.743277187879,,,34VFN,S2B_MSIL2A_20231211T100319_R122_T34VFN_20231211T131347
S2_FI_00008869,6169,2023-12-11,2.0,99.812007,83.8520018150131,176.743277187879,,,34VFN,S2B_MSIL2A_20231211T100319_R122_T34VFN_20231211T131347
S2_FI_00008870,6169,2023-12-11,2.0,99.812007,83.8520018150131,176.743277187879,,,34VFN,S2B_MSIL2A_20231211T100319_R122_T34VFN_20231211T131347
S2_FI_00008871,6169,2023-12-11,2.0,99.812007,83.8520018150131,176.743277187879,,,34VFN,S2B_MSIL2A_20231211T100319_R122_T34VFN_20231211T131347
S2_FI_00008872,6169,2023-12-11,2.0,99.812007,83.8520018150131,176.743277187879,,,34VFN,S2B_MSIL2A_20231211T100319_R122_T34VFN_20231211T131347
S2_FI_00008873,6169,2023-12-11,2.0,99.812007,83.8520018150131,176.743277187879,,,34VFN,S2B_MSIL2A_20231211T100319_R122_T34VFN_20231211T131347
S2_FI_00008874,6169,2024-01-10,0.0,99.984795,83.0114029984192,173.402070505824,,,34VFN,S2B_MSIL2A_20240110T100309_R122_T34VFN_20240110T131159
S2_FI_00008875,6169,2024-01-10,0.0,99.984795,83.0114029984192,173.402070505824,,,34VFN,S2B_MSIL2A_20240110T100309_R122_T34VFN_20240110T131159
S2_FI_00008876,6169,2024-01-10,0.0,99.984795,83.0114029984192,173.402070505824,,,34VFN,S2B_MSIL2A_20240110T100309_R122_T34VFN_20240110T131159
S2_FI_00008877,6169,2024-01-10,0.0,99.984795,83.0114029984192,173.402070505824,,,34VFN,S2B_MSIL2A_20240110T100309_R122_T34VFN_20240110T131159
S2_FI_00008878,6169,2024-01-10,0.0,99.984795,83.0114029984192,173.402070505824,,,34VFN,S2B_MSIL2A_20240110T100309_R122_T34VFN_20240110T131159
S2_FI_00008879,6169,2024-01-10,0.0,99.984795,83.0114029984192,173.402070505824,,,34VFN,S2B_MSIL2A_20240110T100309_R122_T34VFN_20240110T131159
S2_FI_00008880,6169,2024-02-14,0.0,99.834144,74.2653948200645,171.107945017162,,,34VFN,S2A_MSIL2A_20240214T100121_R122_T34VFN_20240214T135041
S2_FI_00008881,6169,2024-02-14,0.0,99.834144,74.2653948200645,171.107945017162,,,34VFN,S2A_MSIL2A_20240214T100121_R122_T34VFN_20240214T135041
S2_FI_00008882,6169,2024-02-14,0.0,99.834144,74.2653948200645,171.107945017162,,,34VFN,S2A_MSIL2A_20240214T100121_R122_T34VFN_20240214T135041
S2_FI_00008883,6169,2024-02-14,0.0,99.834144,74.2653948200645,171.107945017162,,,34VFN,S2A_MSIL2A_20240214T100121_R122_T34VFN_20240214T135041
S2_FI_00008884,6169,2024-02-14,0.0,99.834144,74.2653948200645,171.107945017162,,,34VFN,S2A_MSIL2A_20240214T100121_R122_T34VFN_20240214T135041
S2_FI_00008885,6169,2024-02-14,0.0,99.834144,74.2653948200645,171.107945017162,,,34VFN,S2A_MSIL2A_20240214T100121_R122_T34VFN_20240214T135041
S2_FI_00008886,6169,2024-03-05,1.0,0.344638,66.8960762579477,171.260419107788,,,34VFN,S2A_MSIL2A_20240305T100031_R122_T34VFN_20240305T140837
S2_FI_00008887,6169,2024-03-05,1.0,0.344638,66.8960762579477,171.260419107788,,,34VFN,S2A_MSIL2A_20240305T100031_R122_T34VFN_20240305T140837
S2_FI_00008888,6169,2024-03-05,1.0,0.344638,66.8960762579477,171.260419107788,,,34VFN,S2A_MSIL2A_20240305T100031_R122_T34VFN_20240305T140837
S2_FI_00008889,6169,2024-03-05,1.0,0.344638,66.8960762579477,171.260419107788,,,34VFN,S2A_MSIL2A_20240305T100031_R122_T34VFN_20240305T140837
S2_FI_00008890,6169,2024-03-05,1.0,0.344638,66.8960762579477,171.260419107788,,,34VFN,S2A_MSIL2A_20240305T100031_R122_T34VFN_20240305T140837
S2_FI_00008891,6169,2024-03-05,1.0,0.344638,66.8960762579477,171.260419107788,,,34VFN,S2A_MSIL2A_20240305T100031_R122_T34VFN_20240305T140837
S2_FI_00008892,6169,2024-03-20,1.0,99.765468,60.9395558084694,171.903322557993,,,34VFN,S2B_MSIL2A_20240320T095649_R122_T34VFN_20240320T152324
S2_FI_00008893,6169,2024-03-20,1.0,99.765468,60.9395558084694,171.903322557993,,,34VFN,S2B_MSIL2A_20240320T095649_R122_T34VFN_20240320T152324
S2_FI_00008894,6169,2024-03-20,1.0,99.765468,60.9395558084694,171.903322557993,,,34VFN,S2B_MSIL2A_20240320T095649_R122_T34VFN_20240320T152324
S2_FI_00008895,6169,2024-03-20,1.0,99.765468,60.9395558084694,171.903322557993,,,34VFN,S2B_MSIL2A_20240320T095649_R122_T34VFN_20240320T152324
S2_FI_00008896,6169,2024-03-20,1.0,99.765468,60.9395558084694,171.903322557993,,,34VFN,S2B_MSIL2A_20240320T095649_R122_T34VFN_20240320T152324
S2_FI_00008897,6169,2024-03-20,1.0,99.765468,60.9395558084694,171.903322557993,,,34VFN,S2B_MSIL2A_20240320T095649_R122_T34VFN_20240320T152324
S2_FI_00008898,6169,2024-04-04,1.0,33.454043,55.0375309456332,172.758867987855,,,34VFN,S2A_MSIL2A_20240404T100021_R122_T34VFN_20240404T152700
S2_FI_00008899,6169,2024-04-04,1.0,33.454043,55.0375309456332,172.758867987855,,,34VFN,S2A_MSIL2A_20240404T100021_R122_T34VFN_20240404T152700
S2_FI_00008900,6169,2024-04-04,1.0,33.454043,55.0375309456332,172.758867987855,,,34VFN,S2A_MSIL2A_20240404T100021_R122_T34VFN_20240404T152700
S2_FI_00008901,6169,2024-04-04,1.0,33.454043,55.0375309456332,172.758867987855,,,34VFN,S2A_MSIL2A_20240404T100021_R122_T34VFN_20240404T152700
S2_FI_00008902,6169,2024-04-04,1.0,33.454043,55.0375309456332,172.758867987855,,,34VFN,S2A_MSIL2A_20240404T100021_R122_T34VFN_20240404T152700
S2_FI_00008903,6169,2024-04-04,1.0,33.454043,55.0375309456332,172.758867987855,,,34VFN,S2A_MSIL2A_20240404T100021_R122_T34VFN_20240404T152700
S2_FI_00008904,6169,2024-04-11,0.0,10.72685,52.5768081765766,170.072753111344,,,34VFN,S2A_MSIL2A_20240411T095031_R079_T34VFN_20240411T153502
S2_FI_00008905,6169,2024-04-11,0.0,10.72685,52.5768081765766,170.072753111344,,,34VFN,S2A_MSIL2A_20240411T095031_R079_T34VFN_20240411T153502
S2_FI_00008906,6169,2024-04-11,0.0,10.72685,52.5768081765766,170.072753111344,,,34VFN,S2A_MSIL2A_20240411T095031_R079_T34VFN_20240411T153502
S2_FI_00008907,6169,2024-04-11,0.0,10.72685,52.5768081765766,170.072753111344,,,34VFN,S2A_MSIL2A_20240411T095031_R079_T34VFN_20240411T153502
S2_FI_00008908,6169,2024-04-11,0.0,10.72685,52.5768081765766,170.072753111344,,,34VFN,S2A_MSIL2A_20240411T095031_R079_T34VFN_20240411T153502
S2_FI_00008909,6169,2024-04-11,0.0,10.72685,52.5768081765766,170.072753111344,,,34VFN,S2A_MSIL2A_20240411T095031_R079_T34VFN_20240411T153502
S2_FI_00008910,6169,2024-04-16,1.0,99.796039,50.7594121094617,170.26542684257,,,34VFN,S2B_MSIL2A_20240416T094549_R079_T34VFN_20240416T125935
S2_FI_00008911,6169,2024-04-16,1.0,99.796039,50.7594121094617,170.26542684257,,,34VFN,S2B_MSIL2A_20240416T094549_R079_T34VFN_20240416T125935
S2_FI_00008912,6169,2024-04-16,1.0,99.796039,50.7594121094617,170.26542684257,,,34VFN,S2B_MSIL2A_20240416T094549_R079_T34VFN_20240416T125935
S2_FI_00008913,6169,2024-04-16,1.0,99.796039,50.7594121094617,170.26542684257,,,34VFN,S2B_MSIL2A_20240416T094549_R079_T34VFN_20240416T125935
S2_FI_00008914,6169,2024-04-16,1.0,99.796039,50.7594121094617,170.26542684257,,,34VFN,S2B_MSIL2A_20240416T094549_R079_T34VFN_20240416T125935
S2_FI_00008915,6169,2024-04-16,1.0,99.796039,50.7594121094617,170.26542684257,,,34VFN,S2B_MSIL2A_20240416T094549_R079_T34VFN_20240416T125935
S2_FI_00008916,6169,2024-04-24,1.0,77.070391,47.8441481154235,173.764376102791,,,34VFN,S2A_MSIL2A_20240424T100031_R122_T34VFN_20240424T152353
S2_FI_00008917,6169,2024-04-24,1.0,77.070391,47.8441481154235,173.764376102791,,,34VFN,S2A_MSIL2A_20240424T100031_R122_T34VFN_20240424T152353
S2_FI_00008918,6169,2024-04-24,1.0,77.070391,47.8441481154235,173.764376102791,,,34VFN,S2A_MSIL2A_20240424T100031_R122_T34VFN_20240424T152353
S2_FI_00008919,6169,2024-04-24,1.0,77.070391,47.8441481154235,173.764376102791,,,34VFN,S2A_MSIL2A_20240424T100031_R122_T34VFN_20240424T152353
S2_FI_00008920,6169,2024-04-24,1.0,77.070391,47.8441481154235,173.764376102791,,,34VFN,S2A_MSIL2A_20240424T100031_R122_T34VFN_20240424T152353
S2_FI_00008921,6169,2024-04-24,1.0,77.070391,47.8441481154235,173.764376102791,,,34VFN,S2A_MSIL2A_20240424T100031_R122_T34VFN_20240424T152353
S2_FI_00008922,6169,2024-05-14,1.0,77.373952,42.1262638545868,173.905422462224,,,34VFN,S2A_MSIL2A_20240514T100031_R122_T34VFN_20240514T141105
S2_FI_00008923,6169,2024-05-14,1.0,77.373952,42.1262638545868,173.905422462224,,,34VFN,S2A_MSIL2A_20240514T100031_R122_T34VFN_20240514T141105
S2_FI_00008924,6169,2024-05-14,1.0,77.373952,42.1262638545868,173.905422462224,,,34VFN,S2A_MSIL2A_20240514T100031_R122_T34VFN_20240514T141105
S2_FI_00008925,6169,2024-05-14,1.0,77.373952,42.1262638545868,173.905422462224,,,34VFN,S2A_MSIL2A_20240514T100031_R122_T34VFN_20240514T141105
S2_FI_00008926,6169,2024-05-14,1.0,77.373952,42.1262638545868,173.905422462224,,,34VFN,S2A_MSIL2A_20240514T100031_R122_T34VFN_20240514T141105
S2_FI_00008927,6169,2024-05-14,1.0,77.373952,42.1262638545868,173.905422462224,,,34VFN,S2A_MSIL2A_20240514T100031_R122_T34VFN_20240514T141105
S2_FI_00008928,6169,2024-05-29,0.0,19.019254,39.2197777560396,173.223918733263,,,34VFN,S2B_MSIL2A_20240529T095549_R122_T34VFN_20240529T170857
S2_FI_00008929,6169,2024-05-29,0.0,19.019254,39.2197777560396,173.223918733263,,,34VFN,S2B_MSIL2A_20240529T095549_R122_T34VFN_20240529T170857
S2_FI_00008930,6169,2024-05-29,0.0,19.019254,39.2197777560396,173.223918733263,,,34VFN,S2B_MSIL2A_20240529T095549_R122_T34VFN_20240529T170857
S2_FI_00008931,6169,2024-05-29,0.0,19.019254,39.2197777560396,173.223918733263,,,34VFN,S2B_MSIL2A_20240529T095549_R122_T34VFN_20240529T170857
S2_FI_00008932,6169,2024-05-29,0.0,19.019254,39.2197777560396,173.223918733263,,,34VFN,S2B_MSIL2A_20240529T095549_R122_T34VFN_20240529T170857
S2_FI_00008933,6169,2024-05-29,0.0,19.019254,39.2197777560396,173.223918733263,,,34VFN,S2B_MSIL2A_20240529T095549_R122_T34VFN_20240529T170857
S2_FI_00008934,6169,2024-06-13,1.0,53.02496,37.7418697538041,172.092797367004,,,34VFN,S2A_MSIL2A_20240613T100031_R122_T34VFN_20240613T171046
S2_FI_00008935,6169,2024-06-13,1.0,53.02496,37.7418697538041,172.092797367004,,,34VFN,S2A_MSIL2A_20240613T100031_R122_T34VFN_20240613T171046
S2_FI_00008936,6169,2024-06-13,1.0,53.02496,37.7418697538041,172.092797367004,,,34VFN,S2A_MSIL2A_20240613T100031_R122_T34VFN_20240613T171046
S2_FI_00008937,6169,2024-06-13,1.0,53.02496,37.7418697538041,172.092797367004,,,34VFN,S2A_MSIL2A_20240613T100031_R122_T34VFN_20240613T171046
S2_FI_00008938,6169,2024-06-13,1.0,53.02496,37.7418697538041,172.092797367004,,,34VFN,S2A_MSIL2A_20240613T100031_R122_T34VFN_20240613T171046
S2_FI_00008939,6169,2024-06-13,1.0,53.02496,37.7418697538041,172.092797367004,,,34VFN,S2A_MSIL2A_20240613T100031_R122_T34VFN_20240613T171046
S2_FI_00008940,6169,2024-07-23,0.0,61.220163,41.1761586778281,170.176541294386,,,34VFN,S2A_MSIL2A_20240723T100031_R122_T34VFN_20240723T132758
S2_FI_00008941,6169,2024-07-23,0.0,61.220163,41.1761586778281,170.176541294386,,,34VFN,S2A_MSIL2A_20240723T100031_R122_T34VFN_20240723T132758
S2_FI_00008942,6169,2024-07-23,0.0,61.220163,41.1761586778281,170.176541294386,,,34VFN,S2A_MSIL2A_20240723T100031_R122_T34VFN_20240723T132758
S2_FI_00008943,6169,2024-07-23,0.0,61.220163,41.1761586778281,170.176541294386,,,34VFN,S2A_MSIL2A_20240723T100031_R122_T34VFN_20240723T132758
S2_FI_00008944,6169,2024-07-23,0.0,61.220163,41.1761586778281,170.176541294386,,,34VFN,S2A_MSIL2A_20240723T100031_R122_T34VFN_20240723T132758
S2_FI_00008945,6169,2024-07-23,0.0,61.220163,41.1761586778281,170.176541294386,,,34VFN,S2A_MSIL2A_20240723T100031_R122_T34VFN_20240723T132758
S2_FI_00008946,6169,2024-08-07,1.0,50.547016,44.8524973090667,170.914371239384,,,34VFN,S2B_MSIL2A_20240807T095549_R122_T34VFN_20240807T132638
S2_FI_00008947,6169,2024-08-07,1.0,50.547016,44.8524973090667,170.914371239384,,,34VFN,S2B_MSIL2A_20240807T095549_R122_T34VFN_20240807T132638
S2_FI_00008948,6169,2024-08-07,1.0,50.547016,44.8524973090667,170.914371239384,,,34VFN,S2B_MSIL2A_20240807T095549_R122_T34VFN_20240807T132638
S2_FI_00008949,6169,2024-08-07,1.0,50.547016,44.8524973090667,170.914371239384,,,34VFN,S2B_MSIL2A_20240807T095549_R122_T34VFN_20240807T132638
S2_FI_00008950,6169,2024-08-07,1.0,50.547016,44.8524973090667,170.914371239384,,,34VFN,S2B_MSIL2A_20240807T095549_R122_T34VFN_20240807T132638
S2_FI_00008951,6169,2024-08-07,1.0,50.547016,44.8524973090667,170.914371239384,,,34VFN,S2B_MSIL2A_20240807T095549_R122_T34VFN_20240807T132638
S2_FI_00008952,6169,2024-09-01,1.0,0.0,52.9360821841682,173.534105830086,,,34VFN,S2A_MSIL2A_20240901T100031_R122_T34VFN_20240901T152250
S2_FI_00008953,6169,2024-09-01,1.0,0.0,52.9360821841682,173.534105830086,,,34VFN,S2A_MSIL2A_20240901T100031_R122_T34VFN_20240901T152250
S2_FI_00008954,6169,2024-09-01,1.0,0.0,52.9360821841682,173.534105830086,,,34VFN,S2A_MSIL2A_20240901T100031_R122_T34VFN_20240901T152250
S2_FI_00008955,6169,2024-09-01,1.0,0.0,52.9360821841682,173.534105830086,,,34VFN,S2A_MSIL2A_20240901T100031_R122_T34VFN_20240901T152250
S2_FI_00008956,6169,2024-09-01,1.0,0.0,52.9360821841682,173.534105830086,,,34VFN,S2A_MSIL2A_20240901T100031_R122_T34VFN_20240901T152250
S2_FI_00008957,6169,2024-09-01,1.0,0.0,52.9360821841682,173.534105830086,,,34VFN,S2A_MSIL2A_20240901T100031_R122_T34VFN_20240901T152250
S2_FI_00008958,6169,2024-10-08,0.0,98.697972,67.057654732864,175.040326915577,,,34VFN,S2A_MSIL2A_20241008T095031_R079_T34VFN_20241008T124449
S2_FI_00008959,6169,2024-10-08,0.0,98.697972,67.057654732864,175.040326915577,,,34VFN,S2A_MSIL2A_20241008T095031_R079_T34VFN_20241008T124449
S2_FI_00008960,6169,2024-10-08,0.0,98.697972,67.057654732864,175.040326915577,,,34VFN,S2A_MSIL2A_20241008T095031_R079_T34VFN_20241008T124449
S2_FI_00008961,6169,2024-10-08,0.0,98.697972,67.057654732864,175.040326915577,,,34VFN,S2A_MSIL2A_20241008T095031_R079_T34VFN_20241008T124449
S2_FI_00008962,6169,2024-10-08,0.0,98.697972,67.057654732864,175.040326915577,,,34VFN,S2A_MSIL2A_20241008T095031_R079_T34VFN_20241008T124449
S2_FI_00008963,6169,2024-10-08,0.0,98.697972,67.057654732864,175.040326915577,,,34VFN,S2A_MSIL2A_20241008T095031_R079_T34VFN_20241008T124449
S2_FI_00008964,6169,2024-10-23,0.0,18.497606,72.5186875092467,176.109021619972,,,34VFN,S2B_MSIL2A_20241023T095029_R079_T34VFN_20241023T112106
S2_FI_00008965,6169,2024-10-23,0.0,18.497606,72.5186875092467,176.109021619972,,,34VFN,S2B_MSIL2A_20241023T095029_R079_T34VFN_20241023T112106
S2_FI_00008966,6169,2024-10-23,0.0,18.497606,72.5186875092467,176.109021619972,,,34VFN,S2B_MSIL2A_20241023T095029_R079_T34VFN_20241023T112106
S2_FI_00008967,6169,2024-10-23,0.0,18.497606,72.5186875092467,176.109021619972,,,34VFN,S2B_MSIL2A_20241023T095029_R079_T34VFN_20241023T112106
S2_FI_00008968,6169,2024-10-23,0.0,18.497606,72.5186875092467,176.109021619972,,,34VFN,S2B_MSIL2A_20241023T095029_R079_T34VFN_20241023T112106
S2_FI_00008969,6169,2024-10-23,0.0,18.497606,72.5186875092467,176.109021619972,,,34VFN,S2B_MSIL2A_20241023T095029_R079_T34VFN_20241023T112106
S2_FI_00008970,6169,2024-11-05,1.0,91.926992,76.7062507086417,178.858058550279,,,34VFN,S2B_MSIL2A_20241105T100109_R122_T34VFN_20241105T111000
S2_FI_00008971,6169,2024-11-05,1.0,91.926992,76.7062507086417,178.858058550279,,,34VFN,S2B_MSIL2A_20241105T100109_R122_T34VFN_20241105T111000
S2_FI_00008972,6169,2024-11-05,1.0,91.926992,76.7062507086417,178.858058550279,,,34VFN,S2B_MSIL2A_20241105T100109_R122_T34VFN_20241105T111000
S2_FI_00008973,6169,2024-11-05,1.0,91.926992,76.7062507086417,178.858058550279,,,34VFN,S2B_MSIL2A_20241105T100109_R122_T34VFN_20241105T111000
S2_FI_00008974,6169,2024-11-05,1.0,91.926992,76.7062507086417,178.858058550279,,,34VFN,S2B_MSIL2A_20241105T100109_R122_T34VFN_20241105T111000
S2_FI_00008975,6169,2024-11-05,1.0,91.926992,76.7062507086417,178.858058550279,,,34VFN,S2B_MSIL2A_20241105T100109_R122_T34VFN_20241105T111000
S2_FI_00008976,6169,2024-11-25,1.0,100.0,81.7073871836634,178.108730548211,,,34VFN,S2B_MSIL2A_20241125T100249_R122_T34VFN_20241125T112426
S2_FI_00008977,6169,2024-11-25,1.0,100.0,81.7073871836634,178.108730548211,,,34VFN,S2B_MSIL2A_20241125T100249_R122_T34VFN_20241125T112426
S2_FI_00008978,6169,2024-11-25,1.0,100.0,81.7073871836634,178.108730548211,,,34VFN,S2B_MSIL2A_20241125T100249_R122_T34VFN_20241125T112426
S2_FI_00008979,6169,2024-11-25,1.0,100.0,81.7073871836634,178.108730548211,,,34VFN,S2B_MSIL2A_20241125T100249_R122_T34VFN_20241125T112426
S2_FI_00008980,6169,2024-11-25,1.0,100.0,81.7073871836634,178.108730548211,,,34VFN,S2B_MSIL2A_20241125T100249_R122_T34VFN_20241125T112426
S2_FI_00008981,6169,2024-11-25,1.0,100.0,81.7073871836634,178.108730548211,,,34VFN,S2B_MSIL2A_20241125T100249_R122_T34VFN_20241125T112426
S2_FI_00008982,6169,2024-12-12,0.0,0.182581,84.0880676280382,174.273940101586,,,34VFN,S2B_MSIL2A_20241212T095319_R079_T34VFN_20241212T115616
S2_FI_00008983,6169,2024-12-12,0.0,0.182581,84.0880676280382,174.273940101586,,,34VFN,S2B_MSIL2A_20241212T095319_R079_T34VFN_20241212T115616
S2_FI_00008984,6169,2024-12-12,0.0,0.182581,84.0880676280382,174.273940101586,,,34VFN,S2B_MSIL2A_20241212T095319_R079_T34VFN_20241212T115616
S2_FI_00008985,6169,2024-12-12,0.0,0.182581,84.0880676280382,174.273940101586,,,34VFN,S2B_MSIL2A_20241212T095319_R079_T34VFN_20241212T115616
S2_FI_00008986,6169,2024-12-12,0.0,0.182581,84.0880676280382,174.273940101586,,,34VFN,S2B_MSIL2A_20241212T095319_R079_T34VFN_20241212T115616
S2_FI_00008987,6169,2024-12-12,0.0,0.182581,84.0880676280382,174.273940101586,,,34VFN,S2B_MSIL2A_20241212T095319_R079_T34VFN_20241212T115616
S2_FI_00011520,6245,2023-03-13,1.0,80.986655,64.4613592772182,166.787555867856,,,34VEN,S2B_MSIL2A_20230313T095039_R079_T34VEN_20240819T180634
S2_FI_00011521,6245,2023-03-13,1.0,80.986655,64.4613592772182,166.787555867856,,,34VEN,S2B_MSIL2A_20230313T095039_R079_T34VEN_20240819T180634
S2_FI_00011522,6245,2023-03-13,1.0,80.986655,64.4613592772182,166.787555867856,,,34VEN,S2B_MSIL2A_20230313T095039_R079_T34VEN_20240819T180634
S2_FI_00011523,6245,2023-03-13,1.0,80.986655,64.4613592772182,166.787555867856,,,34VEN,S2B_MSIL2A_20230313T095039_R079_T34VEN_20240819T180634
S2_FI_00011524,6245,2023-03-13,1.0,80.986655,64.4613592772182,166.787555867856,,,34VEN,S2B_MSIL2A_20230313T095039_R079_T34VEN_20240819T180634
S2_FI_00011525,6245,2023-03-13,1.0,80.986655,64.4613592772182,166.787555867856,,,34VEN,S2B_MSIL2A_20230313T095039_R079_T34VEN_20240819T180634
S2_FI_00011526,6245,2023-04-17,1.0,5.215295,50.8688853217947,167.967004372779,,,34VEN,S2A_MSIL2A_20230417T095031_R079_T34VEN_20240902T191342
S2_FI_00011527,6245,2023-04-17,1.0,5.215295,50.8688853217947,167.967004372779,,,34VEN,S2A_MSIL2A_20230417T095031_R079_T34VEN_20240902T191342
S2_FI_00011528,6245,2023-04-17,1.0,5.215295,50.8688853217947,167.967004372779,,,34VEN,S2A_MSIL2A_20230417T095031_R079_T34VEN_20240902T191342
S2_FI_00011529,6245,2023-04-17,1.0,5.215295,50.8688853217947,167.967004372779,,,34VEN,S2A_MSIL2A_20230417T095031_R079_T34VEN_20240902T191342
S2_FI_00011530,6245,2023-04-17,1.0,5.215295,50.8688853217947,167.967004372779,,,34VEN,S2A_MSIL2A_20230417T095031_R079_T34VEN_20240902T191342
S2_FI_00011531,6245,2023-04-17,1.0,5.215295,50.8688853217947,167.967004372779,,,34VEN,S2A_MSIL2A_20230417T095031_R079_T34VEN_20240902T191342
S2_FI_00011532,6245,2023-07-31,0.0,99.602652,43.2983912873396,164.479341796378,,,34VEN,S2B_MSIL2A_20230731T094549_R079_T34VEN_20241029T195507
S2_FI_00011533,6245,2023-07-31,0.0,99.602652,43.2983912873396,164.479341796378,,,34VEN,S2B_MSIL2A_20230731T094549_R079_T34VEN_20241029T195507
S2_FI_00011534,6245,2023-07-31,0.0,99.602652,43.2983912873396,164.479341796378,,,34VEN,S2B_MSIL2A_20230731T094549_R079_T34VEN_20241029T195507
S2_FI_00011535,6245,2023-07-31,0.0,99.602652,43.2983912873396,164.479341796378,,,34VEN,S2B_MSIL2A_20230731T094549_R079_T34VEN_20241029T195507
S2_FI_00011536,6245,2023-07-31,0.0,99.602652,43.2983912873396,164.479341796378,,,34VEN,S2B_MSIL2A_20230731T094549_R079_T34VEN_20241029T195507
S2_FI_00011537,6245,2023-07-31,0.0,99.602652,43.2983912873396,164.479341796378,,,34VEN,S2B_MSIL2A_20230731T094549_R079_T34VEN_20241029T195507
S2_FI_00011538,6245,2024-02-14,0.0,99.64152,74.4426297508664,169.274295361647,,,34VEN,S2A_MSIL2A_20240214T100121_R122_T34VEN_20240214T133757
S2_FI_00011539,6245,2024-02-14,0.0,99.64152,74.4426297508664,169.274295361647,,,34VEN,S2A_MSIL2A_20240214T100121_R122_T34VEN_20240214T133757
S2_FI_00011540,6245,2024-02-14,0.0,99.64152,74.4426297508664,169.274295361647,,,34VEN,S2A_MSIL2A_20240214T100121_R122_T34VEN_20240214T133757
S2_FI_00011541,6245,2024-02-14,0.0,99.64152,74.4426297508664,169.274295361647,,,34VEN,S2A_MSIL2A_20240214T100121_R122_T34VEN_20240214T133757
S2_FI_00011542,6245,2024-02-14,0.0,99.64152,74.4426297508664,169.274295361647,,,34VEN,S2A_MSIL2A_20240214T100121_R122_T34VEN_20240214T133757
S2_FI_00011543,6245,2024-02-14,0.0,99.64152,74.4426297508664,169.274295361647,,,34VEN,S2A_MSIL2A_20240214T100121_R122_T34VEN_20240214T133757
S2_FI_00011544,6245,2024-04-09,0.0,24.695794,53.2913799353838,170.811939720118,,,34VEN,S2B_MSIL2A_20240409T095549_R122_T34VEN_20240411T002049
S2_FI_00011545,6245,2024-04-09,0.0,24.695794,53.2913799353838,170.811939720118,,,34VEN,S2B_MSIL2A_20240409T095549_R122_T34VEN_20240411T002049
S2_FI_00011546,6245,2024-04-09,0.0,24.695794,53.2913799353838,170.811939720118,,,34VEN,S2B_MSIL2A_20240409T095549_R122_T34VEN_20240411T002049
S2_FI_00011547,6245,2024-04-09,0.0,24.695794,53.2913799353838,170.811939720118,,,34VEN,S2B_MSIL2A_20240409T095549_R122_T34VEN_20240411T002049
S2_FI_00011548,6245,2024-04-09,0.0,24.695794,53.2913799353838,170.811939720118,,,34VEN,S2B_MSIL2A_20240409T095549_R122_T34VEN_20240411T002049
S2_FI_00011549,6245,2024-04-09,0.0,24.695794,53.2913799353838,170.811939720118,,,34VEN,S2B_MSIL2A_20240409T095549_R122_T34VEN_20240411T002049
S2_FI_00011550,6245,2024-07-28,1.0,61.424875,42.4751844767764,167.788116168259,,,34VEN,S2B_MSIL2A_20240728T095549_R122_T34VEN_20240728T114034
S2_FI_00011551,6245,2024-07-28,1.0,61.424875,42.4751844767764,167.788116168259,,,34VEN,S2B_MSIL2A_20240728T095549_R122_T34VEN_20240728T114034
S2_FI_00011552,6245,2024-07-28,1.0,61.424875,42.4751844767764,167.788116168259,,,34VEN,S2B_MSIL2A_20240728T095549_R122_T34VEN_20240728T114034
S2_FI_00011553,6245,2024-07-28,1.0,61.424875,42.4751844767764,167.788116168259,,,34VEN,S2B_MSIL2A_20240728T095549_R122_T34VEN_20240728T114034
S2_FI_00011554,6245,2024-07-28,1.0,61.424875,42.4751844767764,167.788116168259,,,34VEN,S2B_MSIL2A_20240728T095549_R122_T34VEN_20240728T114034
S2_FI_00011555,6245,2024-07-28,1.0,61.424875,42.4751844767764,167.788116168259,,,34VEN,S2B_MSIL2A_20240728T095549_R122_T34VEN_20240728T114034
S2_FI_00011556,6259,2023-05-10,0.0,20.877337,43.4553524904583,171.438951755826,,,34VEN,S2A_MSIL2A_20230510T100031_R122_T34VEN_20230510T160858
S2_FI_00011557,6259,2023-05-10,0.0,20.877337,43.4553524904583,171.438951755826,,,34VEN,S2A_MSIL2A_20230510T100031_R122_T34VEN_20230510T160858
S2_FI_00011558,6259,2023-05-10,0.0,20.877337,43.4553524904583,171.438951755826,,,34VEN,S2A_MSIL2A_20230510T100031_R122_T34VEN_20230510T160858
S2_FI_00011559,6259,2023-05-10,0.0,20.877337,43.4553524904583,171.438951755826,,,34VEN,S2A_MSIL2A_20230510T100031_R122_T34VEN_20230510T160858
S2_FI_00011560,6259,2023-05-10,0.0,20.877337,43.4553524904583,171.438951755826,,,34VEN,S2A_MSIL2A_20230510T100031_R122_T34VEN_20230510T160858
S2_FI_00011561,6259,2023-05-10,0.0,20.877337,43.4553524904583,171.438951755826,,,34VEN,S2A_MSIL2A_20230510T100031_R122_T34VEN_20230510T160858
S2_FI_00011562,6259,2023-08-13,1.0,97.941905,46.5488635726561,168.948274582477,,,34VEN,S2B_MSIL2A_20230813T095559_R122_T34VEN_20241015T114308
S2_FI_00011563,6259,2023-08-13,1.0,97.941905,46.5488635726561,168.948274582477,,,34VEN,S2B_MSIL2A_20230813T095559_R122_T34VEN_20241015T114308
S2_FI_00011564,6259,2023-08-13,1.0,97.941905,46.5488635726561,168.948274582477,,,34VEN,S2B_MSIL2A_20230813T095559_R122_T34VEN_20241015T114308
S2_FI_00011565,6259,2023-08-13,1.0,97.941905,46.5488635726561,168.948274582477,,,34VEN,S2B_MSIL2A_20230813T095559_R122_T34VEN_20241015T114308
S2_FI_00011566,6259,2023-08-13,1.0,97.941905,46.5488635726561,168.948274582477,,,34VEN,S2B_MSIL2A_20230813T095559_R122_T34VEN_20241015T114308
S2_FI_00011567,6259,2023-08-13,1.0,97.941905,46.5488635726561,168.948274582477,,,34VEN,S2B_MSIL2A_20230813T095559_R122_T34VEN_20241015T114308
S2_FI_00011568,6259,2023-10-24,0.0,96.945083,72.7053607890008,174.244267573181,,,34VEN,S2A_MSIL2A_20231024T095051_R079_T34VEN_20241103T065503
S2_FI_00011569,6259,2023-10-24,0.0,96.945083,72.7053607890008,174.244267573181,,,34VEN,S2A_MSIL2A_20231024T095051_R079_T34VEN_20241103T065503
S2_FI_00011570,6259,2023-10-24,0.0,96.945083,72.7053607890008,174.244267573181,,,34VEN,S2A_MSIL2A_20231024T095051_R079_T34VEN_20241103T065503
S2_FI_00011571,6259,2023-10-24,0.0,96.945083,72.7053607890008,174.244267573181,,,34VEN,S2A_MSIL2A_20231024T095051_R079_T34VEN_20241103T065503
S2_FI_00011572,6259,2023-10-24,0.0,96.945083,72.7053607890008,174.244267573181,,,34VEN,S2A_MSIL2A_20231024T095051_R079_T34VEN_20241103T065503
S2_FI_00011573,6259,2023-10-24,0.0,96.945083,72.7053607890008,174.244267573181,,,34VEN,S2A_MSIL2A_20231024T095051_R079_T34VEN_20241103T065503
S2_FI_00011574,6259,2024-01-10,1.0,99.847806,83.1526189606557,171.705774545927,,,34VEN,S2B_MSIL2A_20240110T100309_R122_T34VEN_20240110T131200
S2_FI_00011575,6259,2024-01-10,1.0,99.847806,83.1526189606557,171.705774545927,,,34VEN,S2B_MSIL2A_20240110T100309_R122_T34VEN_20240110T131200
S2_FI_00011576,6259,2024-01-10,1.0,99.847806,83.1526189606557,171.705774545927,,,34VEN,S2B_MSIL2A_20240110T100309_R122_T34VEN_20240110T131200
S2_FI_00011577,6259,2024-01-10,1.0,99.847806,83.1526189606557,171.705774545927,,,34VEN,S2B_MSIL2A_20240110T100309_R122_T34VEN_20240110T131200
S2_FI_00011578,6259,2024-01-10,1.0,99.847806,83.1526189606557,171.705774545927,,,34VEN,S2B_MSIL2A_20240110T100309_R122_T34VEN_20240110T131200
S2_FI_00011579,6259,2024-01-10,1.0,99.847806,83.1526189606557,171.705774545927,,,34VEN,S2B_MSIL2A_20240110T100309_R122_T34VEN_20240110T131200
S2_FI_00011580,6259,2024-03-07,0.0,46.346092,66.5454961770851,166.624896443547,,,34VEN,S2B_MSIL2A_20240307T094739_R079_T34VEN_20240307T141110
S2_FI_00011581,6259,2024-03-07,0.0,46.346092,66.5454961770851,166.624896443547,,,34VEN,S2B_MSIL2A_20240307T094739_R079_T34VEN_20240307T141110
S2_FI_00011582,6259,2024-03-07,0.0,46.346092,66.5454961770851,166.624896443547,,,34VEN,S2B_MSIL2A_20240307T094739_R079_T34VEN_20240307T141110
S2_FI_00011583,6259,2024-03-07,0.0,46.346092,66.5454961770851,166.624896443547,,,34VEN,S2B_MSIL2A_20240307T094739_R079_T34VEN_20240307T141110
S2_FI_00011584,6259,2024-03-07,0.0,46.346092,66.5454961770851,166.624896443547,,,34VEN,S2B_MSIL2A_20240307T094739_R079_T34VEN_20240307T141110
S2_FI_00011585,6259,2024-03-07,0.0,46.346092,66.5454961770851,166.624896443547,,,34VEN,S2B_MSIL2A_20240307T094739_R079_T34VEN_20240307T141110
S2_FI_00011586,6259,2024-05-14,0.0,58.041942,42.2663677247592,171.348181670994,,,34VEN,S2A_MSIL2A_20240514T100031_R122_T34VEN_20240514T140519
S2_FI_00011587,6259,2024-05-14,0.0,58.041942,42.2663677247592,171.348181670994,,,34VEN,S2A_MSIL2A_20240514T100031_R122_T34VEN_20240514T140519
S2_FI_00011588,6259,2024-05-14,0.0,58.041942,42.2663677247592,171.348181670994,,,34VEN,S2A_MSIL2A_20240514T100031_R122_T34VEN_20240514T140519
S2_FI_00011589,6259,2024-05-14,0.0,58.041942,42.2663677247592,171.348181670994,,,34VEN,S2A_MSIL2A_20240514T100031_R122_T34VEN_20240514T140519
S2_FI_00011590,6259,2024-05-14,0.0,58.041942,42.2663677247592,171.348181670994,,,34VEN,S2A_MSIL2A_20240514T100031_R122_T34VEN_20240514T140519
S2_FI_00011591,6259,2024-05-14,0.0,58.041942,42.2663677247592,171.348181670994,,,34VEN,S2A_MSIL2A_20240514T100031_R122_T34VEN_20240514T140519
S2_FI_00011592,6259,2024-08-20,0.0,63.061082,48.7941403828502,172.995003359598,,,34VEN,S2B_MSIL2A_20240820T100559_R022_T34VEN_20240820T130319
S2_FI_00011593,6259,2024-08-20,0.0,63.061082,48.7941403828502,172.995003359598,,,34VEN,S2B_MSIL2A_20240820T100559_R022_T34VEN_20240820T130319
S2_FI_00011594,6259,2024-08-20,0.0,63.061082,48.7941403828502,172.995003359598,,,34VEN,S2B_MSIL2A_20240820T100559_R022_T34VEN_20240820T130319
S2_FI_00011595,6259,2024-08-20,0.0,63.061082,48.7941403828502,172.995003359598,,,34VEN,S2B_MSIL2A_20240820T100559_R022_T34VEN_20240820T130319
S2_FI_00011596,6259,2024-08-20,0.0,63.061082,48.7941403828502,172.995003359598,,,34VEN,S2B_MSIL2A_20240820T100559_R022_T34VEN_20240820T130319
S2_FI_00011597,6259,2024-08-20,0.0,63.061082,48.7941403828502,172.995003359598,,,34VEN,S2B_MSIL2A_20240820T100559_R022_T34VEN_20240820T130319
S2_FI_00011598,6259,2024-10-29,0.0,67.557937,74.522402951084,179.512231733419,,,34VEN,S2B_MSIL2A_20241029T101039_R022_T34VEN_20241029T112818
S2_FI_00011599,6259,2024-10-29,0.0,67.557937,74.522402951084,179.512231733419,,,34VEN,S2B_MSIL2A_20241029T101039_R022_T34VEN_20241029T112818
S2_FI_00011600,6259,2024-10-29,0.0,67.557937,74.522402951084,179.512231733419,,,34VEN,S2B_MSIL2A_20241029T101039_R022_T34VEN_20241029T112818
S2_FI_00011601,6259,2024-10-29,0.0,67.557937,74.522402951084,179.512231733419,,,34VEN,S2B_MSIL2A_20241029T101039_R022_T34VEN_20241029T112818
S2_FI_00011602,6259,2024-10-29,0.0,67.557937,74.522402951084,179.512231733419,,,34VEN,S2B_MSIL2A_20241029T101039_R022_T34VEN_20241029T112818
S2_FI_00011603,6259,2024-10-29,0.0,67.557937,74.522402951084,179.512231733419,,,34VEN,S2B_MSIL2A_20241029T101039_R022_T34VEN_20241029T112818
S2_FI_00011604,6259,2024-12-08,2.0,99.991137,83.6517184487988,177.606336596562,,,34VEN,S2B_MSIL2A_20241208T101329_R022_T34VEN_20241208T125855
S2_FI_00011605,6259,2024-12-08,2.0,99.991137,83.6517184487988,177.606336596562,,,34VEN,S2B_MSIL2A_20241208T101329_R022_T34VEN_20241208T125855
S2_FI_00011606,6259,2024-12-08,2.0,99.991137,83.6517184487988,177.606336596562,,,34VEN,S2B_MSIL2A_20241208T101329_R022_T34VEN_20241208T125855
S2_FI_00011607,6259,2024-12-08,2.0,99.991137,83.6517184487988,177.606336596562,,,34VEN,S2B_MSIL2A_20241208T101329_R022_T34VEN_20241208T125855
S2_FI_00011608,6259,2024-12-08,2.0,99.991137,83.6517184487988,177.606336596562,,,34VEN,S2B_MSIL2A_20241208T101329_R022_T34VEN_20241208T125855
S2_FI_00011609,6259,2024-12-08,2.0,99.991137,83.6517184487988,177.606336596562,,,34VEN,S2B_MSIL2A_20241208T101329_R022_T34VEN_20241208T125855
S2_FI_00011706,6283,2023-03-01,0.0,6.680426,68.9146493985903,169.197923131324,,,34VEN,S2A_MSIL2A_20230301T100021_R122_T34VEN_20240821T023929
S2_FI_00011707,6283,2023-03-01,0.0,6.680426,68.9146493985903,169.197923131324,,,34VEN,S2A_MSIL2A_20230301T100021_R122_T34VEN_20240821T023929
S2_FI_00011708,6283,2023-03-01,0.0,6.680426,68.9146493985903,169.197923131324,,,34VEN,S2A_MSIL2A_20230301T100021_R122_T34VEN_20240821T023929
S2_FI_00011709,6283,2023-03-01,0.0,6.680426,68.9146493985903,169.197923131324,,,34VEN,S2A_MSIL2A_20230301T100021_R122_T34VEN_20240821T023929
S2_FI_00011710,6283,2023-03-01,0.0,6.680426,68.9146493985903,169.197923131324,,,34VEN,S2A_MSIL2A_20230301T100021_R122_T34VEN_20240821T023929
S2_FI_00011711,6283,2023-03-01,0.0,6.680426,68.9146493985903,169.197923131324,,,34VEN,S2A_MSIL2A_20230301T100021_R122_T34VEN_20240821T023929
S2_FI_00011712,6283,2023-05-10,0.0,20.877337,43.4553524904583,171.438951755826,,,34VEN,S2A_MSIL2A_20230510T100031_R122_T34VEN_20230510T160858
S2_FI_00011713,6283,2023-05-10,0.0,20.877337,43.4553524904583,171.438951755826,,,34VEN,S2A_MSIL2A_20230510T100031_R122_T34VEN_20230510T160858
S2_FI_00011714,6283,2023-05-10,0.0,20.877337,43.4553524904583,171.438951755826,,,34VEN,S2A_MSIL2A_20230510T100031_R122_T34VEN_20230510T160858
S2_FI_00011715,6283,2023-05-10,0.0,20.877337,43.4553524904583,171.438951755826,,,34VEN,S2A_MSIL2A_20230510T100031_R122_T34VEN_20230510T160858
S2_FI_00011716,6283,2023-05-10,0.0,20.877337,43.4553524904583,171.438951755826,,,34VEN,S2A_MSIL2A_20230510T100031_R122_T34VEN_20230510T160858
S2_FI_00011717,6283,2023-05-10,0.0,20.877337,43.4553524904583,171.438951755826,,,34VEN,S2A_MSIL2A_20230510T100031_R122_T34VEN_20230510T160858
S2_FI_00011718,6283,2023-07-12,1.0,29.859662,39.0895473882901,171.221880365559,,,34VEN,S2A_MSIL2A_20230712T100601_R022_T34VEN_20230712T172841
S2_FI_00011719,6283,2023-07-12,1.0,29.859662,39.0895473882901,171.221880365559,,,34VEN,S2A_MSIL2A_20230712T100601_R022_T34VEN_20230712T172841
S2_FI_00011720,6283,2023-07-12,1.0,29.859662,39.0895473882901,171.221880365559,,,34VEN,S2A_MSIL2A_20230712T100601_R022_T34VEN_20230712T172841
S2_FI_00011721,6283,2023-07-12,1.0,29.859662,39.0895473882901,171.221880365559,,,34VEN,S2A_MSIL2A_20230712T100601_R022_T34VEN_20230712T172841
S2_FI_00011722,6283,2023-07-12,1.0,29.859662,39.0895473882901,171.221880365559,,,34VEN,S2A_MSIL2A_20230712T100601_R022_T34VEN_20230712T172841
S2_FI_00011723,6283,2023-07-12,1.0,29.859662,39.0895473882901,171.221880365559,,,34VEN,S2A_MSIL2A_20230712T100601_R022_T34VEN_20230712T172841
S2_FI_00011724,6283,2023-08-13,1.0,97.941905,46.5488635726561,168.948274582477,,,34VEN,S2B_MSIL2A_20230813T095559_R122_T34VEN_20241015T114308
S2_FI_00011725,6283,2023-08-13,1.0,97.941905,46.5488635726561,168.948274582477,,,34VEN,S2B_MSIL2A_20230813T095559_R122_T34VEN_20241015T114308
S2_FI_00011726,6283,2023-08-13,1.0,97.941905,46.5488635726561,168.948274582477,,,34VEN,S2B_MSIL2A_20230813T095559_R122_T34VEN_20241015T114308
S2_FI_00011727,6283,2023-08-13,1.0,97.941905,46.5488635726561,168.948274582477,,,34VEN,S2B_MSIL2A_20230813T095559_R122_T34VEN_20241015T114308
S2_FI_00011728,6283,2023-08-13,1.0,97.941905,46.5488635726561,168.948274582477,,,34VEN,S2B_MSIL2A_20230813T095559_R122_T34VEN_20241015T114308
S2_FI_00011729,6283,2023-08-13,1.0,97.941905,46.5488635726561,168.948274582477,,,34VEN,S2B_MSIL2A_20230813T095559_R122_T34VEN_20241015T114308
S2_FI_00011730,6283,2023-10-24,0.0,96.945083,72.7053607890008,174.244267573181,,,34VEN,S2A_MSIL2A_20231024T095051_R079_T34VEN_20241103T065503
S2_FI_00011731,6283,2023-10-24,0.0,96.945083,72.7053607890008,174.244267573181,,,34VEN,S2A_MSIL2A_20231024T095051_R079_T34VEN_20241103T065503
S2_FI_00011732,6283,2023-10-24,0.0,96.945083,72.7053607890008,174.244267573181,,,34VEN,S2A_MSIL2A_20231024T095051_R079_T34VEN_20241103T065503
S2_FI_00011733,6283,2023-10-24,0.0,96.945083,72.7053607890008,174.244267573181,,,34VEN,S2A_MSIL2A_20231024T095051_R079_T34VEN_20241103T065503
S2_FI_00011734,6283,2023-10-24,0.0,96.945083,72.7053607890008,174.244267573181,,,34VEN,S2A_MSIL2A_20231024T095051_R079_T34VEN_20241103T065503
S2_FI_00011735,6283,2023-10-24,0.0,96.945083,72.7053607890008,174.244267573181,,,34VEN,S2A_MSIL2A_20231024T095051_R079_T34VEN_20241103T065503
S2_FI_00011736,6283,2023-12-11,0.0,96.286607,83.9417986526449,175.058883517211,,,34VEN,S2B_MSIL2A_20231211T100319_R122_T34VEN_20231211T131547
S2_FI_00011737,6283,2023-12-11,0.0,96.286607,83.9417986526449,175.058883517211,,,34VEN,S2B_MSIL2A_20231211T100319_R122_T34VEN_20231211T131547
S2_FI_00011738,6283,2023-12-11,0.0,96.286607,83.9417986526449,175.058883517211,,,34VEN,S2B_MSIL2A_20231211T100319_R122_T34VEN_20231211T131547
S2_FI_00011739,6283,2023-12-11,0.0,96.286607,83.9417986526449,175.058883517211,,,34VEN,S2B_MSIL2A_20231211T100319_R122_T34VEN_20231211T131547
S2_FI_00011740,6283,2023-12-11,0.0,96.286607,83.9417986526449,175.058883517211,,,34VEN,S2B_MSIL2A_20231211T100319_R122_T34VEN_20231211T131547
S2_FI_00011741,6283,2023-12-11,0.0,96.286607,83.9417986526449,175.058883517211,,,34VEN,S2B_MSIL2A_20231211T100319_R122_T34VEN_20231211T131547
S2_FI_00011742,6283,2024-02-12,1.0,59.138125,74.9095189462948,171.839394281552,,,34VEN,S2B_MSIL2A_20240212T101039_R022_T34VEN_20240212T132202
S2_FI_00011743,6283,2024-02-12,1.0,59.138125,74.9095189462948,171.839394281552,,,34VEN,S2B_MSIL2A_20240212T101039_R022_T34VEN_20240212T132202
S2_FI_00011744,6283,2024-02-12,1.0,59.138125,74.9095189462948,171.839394281552,,,34VEN,S2B_MSIL2A_20240212T101039_R022_T34VEN_20240212T132202
S2_FI_00011745,6283,2024-02-12,1.0,59.138125,74.9095189462948,171.839394281552,,,34VEN,S2B_MSIL2A_20240212T101039_R022_T34VEN_20240212T132202
S2_FI_00011746,6283,2024-02-12,1.0,59.138125,74.9095189462948,171.839394281552,,,34VEN,S2B_MSIL2A_20240212T101039_R022_T34VEN_20240212T132202
S2_FI_00011747,6283,2024-02-12,1.0,59.138125,74.9095189462948,171.839394281552,,,34VEN,S2B_MSIL2A_20240212T101039_R022_T34VEN_20240212T132202
S2_FI_00011748,6283,2024-03-07,0.0,46.346092,66.5454961770851,166.624896443547,,,34VEN,S2B_MSIL2A_20240307T094739_R079_T34VEN_20240307T141110
S2_FI_00011749,6283,2024-03-07,0.0,46.346092,66.5454961770851,166.624896443547,,,34VEN,S2B_MSIL2A_20240307T094739_R079_T34VEN_20240307T141110
S2_FI_00011750,6283,2024-03-07,0.0,46.346092,66.5454961770851,166.624896443547,,,34VEN,S2B_MSIL2A_20240307T094739_R079_T34VEN_20240307T141110
S2_FI_00011751,6283,2024-03-07,0.0,46.346092,66.5454961770851,166.624896443547,,,34VEN,S2B_MSIL2A_20240307T094739_R079_T34VEN_20240307T141110
S2_FI_00011752,6283,2024-03-07,0.0,46.346092,66.5454961770851,166.624896443547,,,34VEN,S2B_MSIL2A_20240307T094739_R079_T34VEN_20240307T141110
S2_FI_00011753,6283,2024-03-07,0.0,46.346092,66.5454961770851,166.624896443547,,,34VEN,S2B_MSIL2A_20240307T094739_R079_T34VEN_20240307T141110
S2_FI_00011754,6283,2024-07-28,1.0,61.424875,42.4751844767764,167.788116168259,,,34VEN,S2B_MSIL2A_20240728T095549_R122_T34VEN_20240728T114034
S2_FI_00011755,6283,2024-07-28,1.0,61.424875,42.4751844767764,167.788116168259,,,34VEN,S2B_MSIL2A_20240728T095549_R122_T34VEN_20240728T114034
S2_FI_00011756,6283,2024-07-28,1.0,61.424875,42.4751844767764,167.788116168259,,,34VEN,S2B_MSIL2A_20240728T095549_R122_T34VEN_20240728T114034
S2_FI_00011757,6283,2024-07-28,1.0,61.424875,42.4751844767764,167.788116168259,,,34VEN,S2B_MSIL2A_20240728T095549_R122_T34VEN_20240728T114034
S2_FI_00011758,6283,2024-07-28,1.0,61.424875,42.4751844767764,167.788116168259,,,34VEN,S2B_MSIL2A_20240728T095549_R122_T34VEN_20240728T114034
S2_FI_00011759,6283,2024-07-28,1.0,61.424875,42.4751844767764,167.788116168259,,,34VEN,S2B_MSIL2A_20240728T095549_R122_T34VEN_20240728T114034
S2_FI_00011952,6378,2023-01-18,1.0,35.858071,81.5971093946523,173.237149966807,,,34VEN,S2B_MSIL2A_20230118T101239_R022_T34VEN_20240809T052213
S2_FI_00011953,6378,2023-01-18,1.0,35.858071,81.5971093946523,173.237149966807,,,34VEN,S2B_MSIL2A_20230118T101239_R022_T34VEN_20240809T052213
S2_FI_00011954,6378,2023-01-18,1.0,35.858071,81.5971093946523,173.237149966807,,,34VEN,S2B_MSIL2A_20230118T101239_R022_T34VEN_20240809T052213
S2_FI_00011955,6378,2023-01-18,1.0,35.858071,81.5971093946523,173.237149966807,,,34VEN,S2B_MSIL2A_20230118T101239_R022_T34VEN_20240809T052213
S2_FI_00011956,6378,2023-01-18,1.0,35.858071,81.5971093946523,173.237149966807,,,34VEN,S2B_MSIL2A_20230118T101239_R022_T34VEN_20240809T052213
S2_FI_00011957,6378,2023-01-18,1.0,35.858071,81.5971093946523,173.237149966807,,,34VEN,S2B_MSIL2A_20230118T101239_R022_T34VEN_20240809T052213
S2_FI_00011958,6378,2023-02-07,0.0,99.387193,76.4389759647387,171.973761573183,,,34VEN,S2B_MSIL2A_20230207T101109_R022_T34VEN_20240813T003502
S2_FI_00011959,6378,2023-02-07,0.0,99.387193,76.4389759647387,171.973761573183,,,34VEN,S2B_MSIL2A_20230207T101109_R022_T34VEN_20240813T003502
S2_FI_00011960,6378,2023-02-07,0.0,99.387193,76.4389759647387,171.973761573183,,,34VEN,S2B_MSIL2A_20230207T101109_R022_T34VEN_20240813T003502
S2_FI_00011961,6378,2023-02-07,0.0,99.387193,76.4389759647387,171.973761573183,,,34VEN,S2B_MSIL2A_20230207T101109_R022_T34VEN_20240813T003502
S2_FI_00011962,6378,2023-02-07,0.0,99.387193,76.4389759647387,171.973761573183,,,34VEN,S2B_MSIL2A_20230207T101109_R022_T34VEN_20240813T003502
S2_FI_00011963,6378,2023-02-07,0.0,99.387193,76.4389759647387,171.973761573183,,,34VEN,S2B_MSIL2A_20230207T101109_R022_T34VEN_20240813T003502
S2_FI_00011964,6378,2023-03-01,0.0,6.680426,68.9146493985903,169.197923131324,,,34VEN,S2A_MSIL2A_20230301T100021_R122_T34VEN_20240821T023929
S2_FI_00011965,6378,2023-03-01,0.0,6.680426,68.9146493985903,169.197923131324,,,34VEN,S2A_MSIL2A_20230301T100021_R122_T34VEN_20240821T023929
S2_FI_00011966,6378,2023-03-01,0.0,6.680426,68.9146493985903,169.197923131324,,,34VEN,S2A_MSIL2A_20230301T100021_R122_T34VEN_20240821T023929
S2_FI_00011967,6378,2023-03-01,0.0,6.680426,68.9146493985903,169.197923131324,,,34VEN,S2A_MSIL2A_20230301T100021_R122_T34VEN_20240821T023929
S2_FI_00011968,6378,2023-03-01,0.0,6.680426,68.9146493985903,169.197923131324,,,34VEN,S2A_MSIL2A_20230301T100021_R122_T34VEN_20240821T023929
S2_FI_00011969,6378,2023-03-01,0.0,6.680426,68.9146493985903,169.197923131324,,,34VEN,S2A_MSIL2A_20230301T100021_R122_T34VEN_20240821T023929
S2_FI_00011970,6378,2023-04-10,1.0,23.056984,53.2016503413015,170.82789341671,,,34VEN,S2A_MSIL2A_20230410T100031_R122_T34VEN_20240826T061228
S2_FI_00011971,6378,2023-04-10,1.0,23.056984,53.2016503413015,170.82789341671,,,34VEN,S2A_MSIL2A_20230410T100031_R122_T34VEN_20240826T061228
S2_FI_00011972,6378,2023-04-10,1.0,23.056984,53.2016503413015,170.82789341671,,,34VEN,S2A_MSIL2A_20230410T100031_R122_T34VEN_20240826T061228
S2_FI_00011973,6378,2023-04-10,1.0,23.056984,53.2016503413015,170.82789341671,,,34VEN,S2A_MSIL2A_20230410T100031_R122_T34VEN_20240826T061228
S2_FI_00011974,6378,2023-04-10,1.0,23.056984,53.2016503413015,170.82789341671,,,34VEN,S2A_MSIL2A_20230410T100031_R122_T34VEN_20240826T061228
S2_FI_00011975,6378,2023-04-10,1.0,23.056984,53.2016503413015,170.82789341671,,,34VEN,S2A_MSIL2A_20230410T100031_R122_T34VEN_20240826T061228
S2_FI_00011976,6378,2023-04-25,0.0,65.082109,47.9050866655451,171.380844913483,,,34VEN,S2B_MSIL2A_20230425T100029_R122_T34VEN_20240901T190605
S2_FI_00011977,6378,2023-04-25,0.0,65.082109,47.9050866655451,171.380844913483,,,34VEN,S2B_MSIL2A_20230425T100029_R122_T34VEN_20240901T190605
S2_FI_00011978,6378,2023-04-25,0.0,65.082109,47.9050866655451,171.380844913483,,,34VEN,S2B_MSIL2A_20230425T100029_R122_T34VEN_20240901T190605
S2_FI_00011979,6378,2023-04-25,0.0,65.082109,47.9050866655451,171.380844913483,,,34VEN,S2B_MSIL2A_20230425T100029_R122_T34VEN_20240901T190605
S2_FI_00011980,6378,2023-04-25,0.0,65.082109,47.9050866655451,171.380844913483,,,34VEN,S2B_MSIL2A_20230425T100029_R122_T34VEN_20240901T190605
S2_FI_00011981,6378,2023-04-25,0.0,65.082109,47.9050866655451,171.380844913483,,,34VEN,S2B_MSIL2A_20230425T100029_R122_T34VEN_20240901T190605
S2_FI_00011982,6378,2023-05-15,0.0,28.729132,42.2096151999223,171.347479837009,,,34VEN,S2B_MSIL2A_20230515T095559_R122_T34VEN_20230515T150703
S2_FI_00011983,6378,2023-05-15,0.0,28.729132,42.2096151999223,171.347479837009,,,34VEN,S2B_MSIL2A_20230515T095559_R122_T34VEN_20230515T150703
S2_FI_00011984,6378,2023-05-15,0.0,28.729132,42.2096151999223,171.347479837009,,,34VEN,S2B_MSIL2A_20230515T095559_R122_T34VEN_20230515T150703
S2_FI_00011985,6378,2023-05-15,0.0,28.729132,42.2096151999223,171.347479837009,,,34VEN,S2B_MSIL2A_20230515T095559_R122_T34VEN_20230515T150703
S2_FI_00011986,6378,2023-05-15,0.0,28.729132,42.2096151999223,171.347479837009,,,34VEN,S2B_MSIL2A_20230515T095559_R122_T34VEN_20230515T150703
S2_FI_00011987,6378,2023-05-15,0.0,28.729132,42.2096151999223,171.347479837009,,,34VEN,S2B_MSIL2A_20230515T095559_R122_T34VEN_20230515T150703
S2_FI_00011988,6378,2023-06-12,0.0,4.619529,37.8213022225475,173.236299906865,,,34VEN,S2A_MSIL2A_20230612T100601_R022_T34VEN_20240911T004021
S2_FI_00011989,6378,2023-06-12,0.0,4.619529,37.8213022225475,173.236299906865,,,34VEN,S2A_MSIL2A_20230612T100601_R022_T34VEN_20240911T004021
S2_FI_00011990,6378,2023-06-12,0.0,4.619529,37.8213022225475,173.236299906865,,,34VEN,S2A_MSIL2A_20230612T100601_R022_T34VEN_20240911T004021
S2_FI_00011991,6378,2023-06-12,0.0,4.619529,37.8213022225475,173.236299906865,,,34VEN,S2A_MSIL2A_20230612T100601_R022_T34VEN_20240911T004021
S2_FI_00011992,6378,2023-06-12,0.0,4.619529,37.8213022225475,173.236299906865,,,34VEN,S2A_MSIL2A_20230612T100601_R022_T34VEN_20240911T004021
S2_FI_00011993,6378,2023-06-12,0.0,4.619529,37.8213022225475,173.236299906865,,,34VEN,S2A_MSIL2A_20230612T100601_R022_T34VEN_20240911T004021
S2_FI_00011994,6378,2023-07-09,1.0,48.675752,38.9156647542514,167.665757743767,,,34VEN,S2A_MSIL2A_20230709T100031_R122_T34VEN_20241018T161204
S2_FI_00011995,6378,2023-07-09,1.0,48.675752,38.9156647542514,167.665757743767,,,34VEN,S2A_MSIL2A_20230709T100031_R122_T34VEN_20241018T161204
S2_FI_00011996,6378,2023-07-09,1.0,48.675752,38.9156647542514,167.665757743767,,,34VEN,S2A_MSIL2A_20230709T100031_R122_T34VEN_20241018T161204
S2_FI_00011997,6378,2023-07-09,1.0,48.675752,38.9156647542514,167.665757743767,,,34VEN,S2A_MSIL2A_20230709T100031_R122_T34VEN_20241018T161204
S2_FI_00011998,6378,2023-07-09,1.0,48.675752,38.9156647542514,167.665757743767,,,34VEN,S2A_MSIL2A_20230709T100031_R122_T34VEN_20241018T161204
S2_FI_00011999,6378,2023-07-09,1.0,48.675752,38.9156647542514,167.665757743767,,,34VEN,S2A_MSIL2A_20230709T100031_R122_T34VEN_20241018T161204
S2_FI_00012000,6378,2023-08-13,1.0,97.941905,46.5488635726561,168.948274582477,,,34VEN,S2B_MSIL2A_20230813T095559_R122_T34VEN_20241015T114308
S2_FI_00012001,6378,2023-08-13,1.0,97.941905,46.5488635726561,168.948274582477,,,34VEN,S2B_MSIL2A_20230813T095559_R122_T34VEN_20241015T114308
S2_FI_00012002,6378,2023-08-13,1.0,97.941905,46.5488635726561,168.948274582477,,,34VEN,S2B_MSIL2A_20230813T095559_R122_T34VEN_20241015T114308
S2_FI_00012003,6378,2023-08-13,1.0,97.941905,46.5488635726561,168.948274582477,,,34VEN,S2B_MSIL2A_20230813T095559_R122_T34VEN_20241015T114308
S2_FI_00012004,6378,2023-08-13,1.0,97.941905,46.5488635726561,168.948274582477,,,34VEN,S2B_MSIL2A_20230813T095559_R122_T34VEN_20241015T114308
S2_FI_00012005,6378,2023-08-13,1.0,97.941905,46.5488635726561,168.948274582477,,,34VEN,S2B_MSIL2A_20230813T095559_R122_T34VEN_20241015T114308
S2_FI_00012006,6378,2023-09-10,1.0,33.832726,55.9613569311133,175.406584973211,,,34VEN,S2A_MSIL2A_20230910T100601_R022_T34VEN_20241104T085707
S2_FI_00012007,6378,2023-09-10,1.0,33.832726,55.9613569311133,175.406584973211,,,34VEN,S2A_MSIL2A_20230910T100601_R022_T34VEN_20241104T085707
S2_FI_00012008,6378,2023-09-10,1.0,33.832726,55.9613569311133,175.406584973211,,,34VEN,S2A_MSIL2A_20230910T100601_R022_T34VEN_20241104T085707
S2_FI_00012009,6378,2023-09-10,1.0,33.832726,55.9613569311133,175.406584973211,,,34VEN,S2A_MSIL2A_20230910T100601_R022_T34VEN_20241104T085707
S2_FI_00012010,6378,2023-09-10,1.0,33.832726,55.9613569311133,175.406584973211,,,34VEN,S2A_MSIL2A_20230910T100601_R022_T34VEN_20241104T085707
S2_FI_00012011,6378,2023-09-10,1.0,33.832726,55.9613569311133,175.406584973211,,,34VEN,S2A_MSIL2A_20230910T100601_R022_T34VEN_20241104T085707
S2_FI_00012012,6378,2023-10-22,1.0,98.625386,71.9137725822707,176.713927891912,,,34VEN,S2B_MSIL2A_20231022T095949_R122_T34VEN_20231022T131939
S2_FI_00012013,6378,2023-10-22,1.0,98.625386,71.9137725822707,176.713927891912,,,34VEN,S2B_MSIL2A_20231022T095949_R122_T34VEN_20231022T131939
S2_FI_00012014,6378,2023-10-22,1.0,98.625386,71.9137725822707,176.713927891912,,,34VEN,S2B_MSIL2A_20231022T095949_R122_T34VEN_20231022T131939
S2_FI_00012015,6378,2023-10-22,1.0,98.625386,71.9137725822707,176.713927891912,,,34VEN,S2B_MSIL2A_20231022T095949_R122_T34VEN_20231022T131939
S2_FI_00012016,6378,2023-10-22,1.0,98.625386,71.9137725822707,176.713927891912,,,34VEN,S2B_MSIL2A_20231022T095949_R122_T34VEN_20231022T131939
S2_FI_00012017,6378,2023-10-22,1.0,98.625386,71.9137725822707,176.713927891912,,,34VEN,S2B_MSIL2A_20231022T095949_R122_T34VEN_20231022T131939
S2_FI_00012018,6378,2023-11-19,1.0,69.843644,80.2875431947097,179.133759311853,,,34VEN,S2A_MSIL2A_20231119T101311_R022_T34VEN_20241109T043813
S2_FI_00012019,6378,2023-11-19,1.0,69.843644,80.2875431947097,179.133759311853,,,34VEN,S2A_MSIL2A_20231119T101311_R022_T34VEN_20241109T043813
S2_FI_00012020,6378,2023-11-19,1.0,69.843644,80.2875431947097,179.133759311853,,,34VEN,S2A_MSIL2A_20231119T101311_R022_T34VEN_20241109T043813
S2_FI_00012021,6378,2023-11-19,1.0,69.843644,80.2875431947097,179.133759311853,,,34VEN,S2A_MSIL2A_20231119T101311_R022_T34VEN_20241109T043813
S2_FI_00012022,6378,2023-11-19,1.0,69.843644,80.2875431947097,179.133759311853,,,34VEN,S2A_MSIL2A_20231119T101311_R022_T34VEN_20241109T043813
S2_FI_00012023,6378,2023-11-19,1.0,69.843644,80.2875431947097,179.133759311853,,,34VEN,S2A_MSIL2A_20231119T101311_R022_T34VEN_20241109T043813
S2_FI_00012024,6378,2023-12-11,0.0,96.286607,83.9417986526449,175.058883517211,,,34VEN,S2B_MSIL2A_20231211T100319_R122_T34VEN_20231211T131547
S2_FI_00012025,6378,2023-12-11,0.0,96.286607,83.9417986526449,175.058883517211,,,34VEN,S2B_MSIL2A_20231211T100319_R122_T34VEN_20231211T131547
S2_FI_00012026,6378,2023-12-11,0.0,96.286607,83.9417986526449,175.058883517211,,,34VEN,S2B_MSIL2A_20231211T100319_R122_T34VEN_20231211T131547
S2_FI_00012027,6378,2023-12-11,0.0,96.286607,83.9417986526449,175.058883517211,,,34VEN,S2B_MSIL2A_20231211T100319_R122_T34VEN_20231211T131547
S2_FI_00012028,6378,2023-12-11,0.0,96.286607,83.9417986526449,175.058883517211,,,34VEN,S2B_MSIL2A_20231211T100319_R122_T34VEN_20231211T131547
S2_FI_00012029,6378,2023-12-11,0.0,96.286607,83.9417986526449,175.058883517211,,,34VEN,S2B_MSIL2A_20231211T100319_R122_T34VEN_20231211T131547
S2_FI_00012030,6378,2024-01-07,1.0,1.612129,83.7312695720887,169.724107756795,,,34VEN,S2B_MSIL2A_20240107T095309_R079_T34VEN_20240107T124244
S2_FI_00012031,6378,2024-01-07,1.0,1.612129,83.7312695720887,169.724107756795,,,34VEN,S2B_MSIL2A_20240107T095309_R079_T34VEN_20240107T124244
S2_FI_00012032,6378,2024-01-07,1.0,1.612129,83.7312695720887,169.724107756795,,,34VEN,S2B_MSIL2A_20240107T095309_R079_T34VEN_20240107T124244
S2_FI_00012033,6378,2024-01-07,1.0,1.612129,83.7312695720887,169.724107756795,,,34VEN,S2B_MSIL2A_20240107T095309_R079_T34VEN_20240107T124244
S2_FI_00012034,6378,2024-01-07,1.0,1.612129,83.7312695720887,169.724107756795,,,34VEN,S2B_MSIL2A_20240107T095309_R079_T34VEN_20240107T124244
S2_FI_00012035,6378,2024-01-07,1.0,1.612129,83.7312695720887,169.724107756795,,,34VEN,S2B_MSIL2A_20240107T095309_R079_T34VEN_20240107T124244
S2_FI_00012036,6378,2024-02-12,1.0,59.138125,74.9095189462948,171.839394281552,,,34VEN,S2B_MSIL2A_20240212T101039_R022_T34VEN_20240212T132202
S2_FI_00012037,6378,2024-02-12,1.0,59.138125,74.9095189462948,171.839394281552,,,34VEN,S2B_MSIL2A_20240212T101039_R022_T34VEN_20240212T132202
S2_FI_00012038,6378,2024-02-12,1.0,59.138125,74.9095189462948,171.839394281552,,,34VEN,S2B_MSIL2A_20240212T101039_R022_T34VEN_20240212T132202
S2_FI_00012039,6378,2024-02-12,1.0,59.138125,74.9095189462948,171.839394281552,,,34VEN,S2B_MSIL2A_20240212T101039_R022_T34VEN_20240212T132202
S2_FI_00012040,6378,2024-02-12,1.0,59.138125,74.9095189462948,171.839394281552,,,34VEN,S2B_MSIL2A_20240212T101039_R022_T34VEN_20240212T132202
S2_FI_00012041,6378,2024-02-12,1.0,59.138125,74.9095189462948,171.839394281552,,,34VEN,S2B_MSIL2A_20240212T101039_R022_T34VEN_20240212T132202
S2_FI_00012042,6378,2024-03-05,1.0,0.675411,67.0719505922577,169.300712305185,,,34VEN,S2A_MSIL2A_20240305T100031_R122_T34VEN_20240305T140836
S2_FI_00012043,6378,2024-03-05,1.0,0.675411,67.0719505922577,169.300712305185,,,34VEN,S2A_MSIL2A_20240305T100031_R122_T34VEN_20240305T140836
S2_FI_00012044,6378,2024-03-05,1.0,0.675411,67.0719505922577,169.300712305185,,,34VEN,S2A_MSIL2A_20240305T100031_R122_T34VEN_20240305T140836
S2_FI_00012045,6378,2024-03-05,1.0,0.675411,67.0719505922577,169.300712305185,,,34VEN,S2A_MSIL2A_20240305T100031_R122_T34VEN_20240305T140836
S2_FI_00012046,6378,2024-03-05,1.0,0.675411,67.0719505922577,169.300712305185,,,34VEN,S2A_MSIL2A_20240305T100031_R122_T34VEN_20240305T140836
S2_FI_00012047,6378,2024-03-05,1.0,0.675411,67.0719505922577,169.300712305185,,,34VEN,S2A_MSIL2A_20240305T100031_R122_T34VEN_20240305T140836
S2_FI_00012048,6378,2024-04-04,0.0,10.975799,55.1924173491004,170.5592239834,,,34VEN,S2A_MSIL2A_20240404T100021_R122_T34VEN_20240404T152622
S2_FI_00012049,6378,2024-04-04,0.0,10.975799,55.1924173491004,170.5592239834,,,34VEN,S2A_MSIL2A_20240404T100021_R122_T34VEN_20240404T152622
S2_FI_00012050,6378,2024-04-04,0.0,10.975799,55.1924173491004,170.5592239834,,,34VEN,S2A_MSIL2A_20240404T100021_R122_T34VEN_20240404T152622
S2_FI_00012051,6378,2024-04-04,0.0,10.975799,55.1924173491004,170.5592239834,,,34VEN,S2A_MSIL2A_20240404T100021_R122_T34VEN_20240404T152622
S2_FI_00012052,6378,2024-04-04,0.0,10.975799,55.1924173491004,170.5592239834,,,34VEN,S2A_MSIL2A_20240404T100021_R122_T34VEN_20240404T152622
S2_FI_00012053,6378,2024-04-04,0.0,10.975799,55.1924173491004,170.5592239834,,,34VEN,S2A_MSIL2A_20240404T100021_R122_T34VEN_20240404T152622
S2_FI_00012054,6378,2024-04-29,0.0,100.0,46.3887894420113,171.459490705773,,,34VEN,S2B_MSIL2A_20240429T095549_R122_T34VEN_20240429T142223
S2_FI_00012055,6378,2024-04-29,0.0,100.0,46.3887894420113,171.459490705773,,,34VEN,S2B_MSIL2A_20240429T095549_R122_T34VEN_20240429T142223
S2_FI_00012056,6378,2024-04-29,0.0,100.0,46.3887894420113,171.459490705773,,,34VEN,S2B_MSIL2A_20240429T095549_R122_T34VEN_20240429T142223
S2_FI_00012057,6378,2024-04-29,0.0,100.0,46.3887894420113,171.459490705773,,,34VEN,S2B_MSIL2A_20240429T095549_R122_T34VEN_20240429T142223
S2_FI_00012058,6378,2024-04-29,0.0,100.0,46.3887894420113,171.459490705773,,,34VEN,S2B_MSIL2A_20240429T095549_R122_T34VEN_20240429T142223
S2_FI_00012059,6378,2024-04-29,0.0,100.0,46.3887894420113,171.459490705773,,,34VEN,S2B_MSIL2A_20240429T095549_R122_T34VEN_20240429T142223
S2_FI_00012060,6378,2024-05-14,0.0,58.041942,42.2663677247592,171.348181670994,,,34VEN,S2A_MSIL2A_20240514T100031_R122_T34VEN_20240514T140519
S2_FI_00012061,6378,2024-05-14,0.0,58.041942,42.2663677247592,171.348181670994,,,34VEN,S2A_MSIL2A_20240514T100031_R122_T34VEN_20240514T140519
S2_FI_00012062,6378,2024-05-14,0.0,58.041942,42.2663677247592,171.348181670994,,,34VEN,S2A_MSIL2A_20240514T100031_R122_T34VEN_20240514T140519
S2_FI_00012063,6378,2024-05-14,0.0,58.041942,42.2663677247592,171.348181670994,,,34VEN,S2A_MSIL2A_20240514T100031_R122_T34VEN_20240514T140519
S2_FI_00012064,6378,2024-05-14,0.0,58.041942,42.2663677247592,171.348181670994,,,34VEN,S2A_MSIL2A_20240514T100031_R122_T34VEN_20240514T140519
S2_FI_00012065,6378,2024-05-14,0.0,58.041942,42.2663677247592,171.348181670994,,,34VEN,S2A_MSIL2A_20240514T100031_R122_T34VEN_20240514T140519
S2_FI_00012066,6378,2024-06-26,0.0,8.446684,37.6867618522962,172.029243309148,,,34VEN,S2A_MSIL2A_20240626T101031_R022_T34VEN_20240626T191129
S2_FI_00012067,6378,2024-06-26,0.0,8.446684,37.6867618522962,172.029243309148,,,34VEN,S2A_MSIL2A_20240626T101031_R022_T34VEN_20240626T191129
S2_FI_00012068,6378,2024-06-26,0.0,8.446684,37.6867618522962,172.029243309148,,,34VEN,S2A_MSIL2A_20240626T101031_R022_T34VEN_20240626T191129
S2_FI_00012069,6378,2024-06-26,0.0,8.446684,37.6867618522962,172.029243309148,,,34VEN,S2A_MSIL2A_20240626T101031_R022_T34VEN_20240626T191129
S2_FI_00012070,6378,2024-06-26,0.0,8.446684,37.6867618522962,172.029243309148,,,34VEN,S2A_MSIL2A_20240626T101031_R022_T34VEN_20240626T191129
S2_FI_00012071,6378,2024-06-26,0.0,8.446684,37.6867618522962,172.029243309148,,,34VEN,S2A_MSIL2A_20240626T101031_R022_T34VEN_20240626T191129
S2_FI_00012072,6378,2024-07-15,0.0,56.427103,40.1844003767202,163.937388516131,,,34VEN,S2B_MSIL2A_20240715T094549_R079_T34VEN_20240715T135225
S2_FI_00012073,6378,2024-07-15,0.0,56.427103,40.1844003767202,163.937388516131,,,34VEN,S2B_MSIL2A_20240715T094549_R079_T34VEN_20240715T135225
S2_FI_00012074,6378,2024-07-15,0.0,56.427103,40.1844003767202,163.937388516131,,,34VEN,S2B_MSIL2A_20240715T094549_R079_T34VEN_20240715T135225
S2_FI_00012075,6378,2024-07-15,0.0,56.427103,40.1844003767202,163.937388516131,,,34VEN,S2B_MSIL2A_20240715T094549_R079_T34VEN_20240715T135225
S2_FI_00012076,6378,2024-07-15,0.0,56.427103,40.1844003767202,163.937388516131,,,34VEN,S2B_MSIL2A_20240715T094549_R079_T34VEN_20240715T135225
S2_FI_00012077,6378,2024-07-15,0.0,56.427103,40.1844003767202,163.937388516131,,,34VEN,S2B_MSIL2A_20240715T094549_R079_T34VEN_20240715T135225
S2_FI_00012078,6378,2024-08-20,0.0,63.061082,48.7941403828502,172.995003359598,,,34VEN,S2B_MSIL2A_20240820T100559_R022_T34VEN_20240820T130319
S2_FI_00012079,6378,2024-08-20,0.0,63.061082,48.7941403828502,172.995003359598,,,34VEN,S2B_MSIL2A_20240820T100559_R022_T34VEN_20240820T130319
S2_FI_00012080,6378,2024-08-20,0.0,63.061082,48.7941403828502,172.995003359598,,,34VEN,S2B_MSIL2A_20240820T100559_R022_T34VEN_20240820T130319
S2_FI_00012081,6378,2024-08-20,0.0,63.061082,48.7941403828502,172.995003359598,,,34VEN,S2B_MSIL2A_20240820T100559_R022_T34VEN_20240820T130319
S2_FI_00012082,6378,2024-08-20,0.0,63.061082,48.7941403828502,172.995003359598,,,34VEN,S2B_MSIL2A_20240820T100559_R022_T34VEN_20240820T130319
S2_FI_00012083,6378,2024-08-20,0.0,63.061082,48.7941403828502,172.995003359598,,,34VEN,S2B_MSIL2A_20240820T100559_R022_T34VEN_20240820T130319
S2_FI_00012084,6378,2024-09-23,0.0,62.36189,61.4652893474411,171.325829314725,,,34VEN,S2B_MSIL2A_20240923T095029_R079_T34VEN_20240923T110403
S2_FI_00012085,6378,2024-09-23,0.0,62.36189,61.4652893474411,171.325829314725,,,34VEN,S2B_MSIL2A_20240923T095029_R079_T34VEN_20240923T110403
S2_FI_00012086,6378,2024-09-23,0.0,62.36189,61.4652893474411,171.325829314725,,,34VEN,S2B_MSIL2A_20240923T095029_R079_T34VEN_20240923T110403
S2_FI_00012087,6378,2024-09-23,0.0,62.36189,61.4652893474411,171.325829314725,,,34VEN,S2B_MSIL2A_20240923T095029_R079_T34VEN_20240923T110403
S2_FI_00012088,6378,2024-09-23,0.0,62.36189,61.4652893474411,171.325829314725,,,34VEN,S2B_MSIL2A_20240923T095029_R079_T34VEN_20240923T110403
S2_FI_00012089,6378,2024-09-23,0.0,62.36189,61.4652893474411,171.325829314725,,,34VEN,S2B_MSIL2A_20240923T095029_R079_T34VEN_20240923T110403
S2_FI_00012090,6378,2024-10-28,0.0,44.678524,74.3152936006191,174.457002197009,,,34VEN,S2A_MSIL2A_20241028T095121_R079_T34VEN_20241028T124759
S2_FI_00012091,6378,2024-10-28,0.0,44.678524,74.3152936006191,174.457002197009,,,34VEN,S2A_MSIL2A_20241028T095121_R079_T34VEN_20241028T124759
S2_FI_00012092,6378,2024-10-28,0.0,44.678524,74.3152936006191,174.457002197009,,,34VEN,S2A_MSIL2A_20241028T095121_R079_T34VEN_20241028T124759
S2_FI_00012093,6378,2024-10-28,0.0,44.678524,74.3152936006191,174.457002197009,,,34VEN,S2A_MSIL2A_20241028T095121_R079_T34VEN_20241028T124759
S2_FI_00012094,6378,2024-10-28,0.0,44.678524,74.3152936006191,174.457002197009,,,34VEN,S2A_MSIL2A_20241028T095121_R079_T34VEN_20241028T124759
S2_FI_00012095,6378,2024-10-28,0.0,44.678524,74.3152936006191,174.457002197009,,,34VEN,S2A_MSIL2A_20241028T095121_R079_T34VEN_20241028T124759
S2_FI_00012096,6378,2024-11-05,0.0,77.030855,76.7642795273077,177.059231947172,,,34VEN,S2B_MSIL2A_20241105T100109_R122_T34VEN_20241105T111000
S2_FI_00012097,6378,2024-11-05,0.0,77.030855,76.7642795273077,177.059231947172,,,34VEN,S2B_MSIL2A_20241105T100109_R122_T34VEN_20241105T111000
S2_FI_00012098,6378,2024-11-05,0.0,77.030855,76.7642795273077,177.059231947172,,,34VEN,S2B_MSIL2A_20241105T100109_R122_T34VEN_20241105T111000
S2_FI_00012099,6378,2024-11-05,0.0,77.030855,76.7642795273077,177.059231947172,,,34VEN,S2B_MSIL2A_20241105T100109_R122_T34VEN_20241105T111000
S2_FI_00012100,6378,2024-11-05,0.0,77.030855,76.7642795273077,177.059231947172,,,34VEN,S2B_MSIL2A_20241105T100109_R122_T34VEN_20241105T111000
S2_FI_00012101,6378,2024-11-05,0.0,77.030855,76.7642795273077,177.059231947172,,,34VEN,S2B_MSIL2A_20241105T100109_R122_T34VEN_20241105T111000
S2_FI_00012102,6378,2024-12-12,1.0,10.43373,84.2159480991483,172.591992429495,,,34VEN,S2B_MSIL2A_20241212T095319_R079_T34VEN_20241212T115616
S2_FI_00012103,6378,2024-12-12,1.0,10.43373,84.2159480991483,172.591992429495,,,34VEN,S2B_MSIL2A_20241212T095319_R079_T34VEN_20241212T115616
S2_FI_00012104,6378,2024-12-12,1.0,10.43373,84.2159480991483,172.591992429495,,,34VEN,S2B_MSIL2A_20241212T095319_R079_T34VEN_20241212T115616
S2_FI_00012105,6378,2024-12-12,1.0,10.43373,84.2159480991483,172.591992429495,,,34VEN,S2B_MSIL2A_20241212T095319_R079_T34VEN_20241212T115616
S2_FI_00012106,6378,2024-12-12,1.0,10.43373,84.2159480991483,172.591992429495,,,34VEN,S2B_MSIL2A_20241212T095319_R079_T34VEN_20241212T115616
S2_FI_00012107,6378,2024-12-12,1.0,10.43373,84.2159480991483,172.591992429495,,,34VEN,S2B_MSIL2A_20241212T095319_R079_T34VEN_20241212T115616
S2_FI_00012270,63859,2023-02-26,2.0,3.474839,71.8361622194632,168.798253660635,,,35VLK,S2A_MSIL2A_20230226T095031_R079_T35VLK_20240818T195336
S2_FI_00012271,63859,2023-02-26,2.0,3.474839,71.8361622194632,168.798253660635,,,35VLK,S2A_MSIL2A_20230226T095031_R079_T35VLK_20240818T195336
S2_FI_00012272,63859,2023-02-26,2.0,3.474839,71.8361622194632,168.798253660635,,,35VLK,S2A_MSIL2A_20230226T095031_R079_T35VLK_20240818T195336
S2_FI_00012273,63859,2023-02-26,2.0,3.474839,71.8361622194632,168.798253660635,,,35VLK,S2A_MSIL2A_20230226T095031_R079_T35VLK_20240818T195336
S2_FI_00012274,63859,2023-02-26,2.0,3.474839,71.8361622194632,168.798253660635,,,35VLK,S2A_MSIL2A_20230226T095031_R079_T35VLK_20240818T195336
S2_FI_00012275,63859,2023-02-26,2.0,3.474839,71.8361622194632,168.798253660635,,,35VLK,S2A_MSIL2A_20230226T095031_R079_T35VLK_20240818T195336
S2_FI_00012276,63859,2023-03-11,3.0,99.990165,66.5980654525523,171.766380571782,,,35VLK,S2A_MSIL2A_20230311T100021_R122_T35VLK_20240817T124749
S2_FI_00012277,63859,2023-03-11,3.0,99.990165,66.5980654525523,171.766380571782,,,35VLK,S2A_MSIL2A_20230311T100021_R122_T35VLK_20240817T124749
S2_FI_00012278,63859,2023-03-11,3.0,99.990165,66.5980654525523,171.766380571782,,,35VLK,S2A_MSIL2A_20230311T100021_R122_T35VLK_20240817T124749
S2_FI_00012279,63859,2023-03-11,3.0,99.990165,66.5980654525523,171.766380571782,,,35VLK,S2A_MSIL2A_20230311T100021_R122_T35VLK_20240817T124749
S2_FI_00012280,63859,2023-03-11,3.0,99.990165,66.5980654525523,171.766380571782,,,35VLK,S2A_MSIL2A_20230311T100021_R122_T35VLK_20240817T124749
S2_FI_00012281,63859,2023-03-11,3.0,99.990165,66.5980654525523,171.766380571782,,,35VLK,S2A_MSIL2A_20230311T100021_R122_T35VLK_20240817T124749
S2_FI_00012282,63859,2023-08-06,4.0,75.53345,45.9895607163628,174.65504879259,,,35VLK,S2B_MSIL2A_20230806T100559_R022_T35VLK_20241027T161929
S2_FI_00012283,63859,2023-08-06,4.0,75.53345,45.9895607163628,174.65504879259,,,35VLK,S2B_MSIL2A_20230806T100559_R022_T35VLK_20241027T161929
S2_FI_00012284,63859,2023-08-06,4.0,75.53345,45.9895607163628,174.65504879259,,,35VLK,S2B_MSIL2A_20230806T100559_R022_T35VLK_20241027T161929
S2_FI_00012285,63859,2023-08-06,4.0,75.53345,45.9895607163628,174.65504879259,,,35VLK,S2B_MSIL2A_20230806T100559_R022_T35VLK_20241027T161929
S2_FI_00012286,63859,2023-08-06,4.0,75.53345,45.9895607163628,174.65504879259,,,35VLK,S2B_MSIL2A_20230806T100559_R022_T35VLK_20241027T161929
S2_FI_00012287,63859,2023-08-06,4.0,75.53345,45.9895607163628,174.65504879259,,,35VLK,S2B_MSIL2A_20230806T100559_R022_T35VLK_20241027T161929
S2_FI_00012288,63859,2023-08-26,4.0,82.984948,52.2319521861093,176.258495102205,,,35VLK,S2B_MSIL2A_20230826T100559_R022_T35VLK_20241020T183819
S2_FI_00012289,63859,2023-08-26,4.0,82.984948,52.2319521861093,176.258495102205,,,35VLK,S2B_MSIL2A_20230826T100559_R022_T35VLK_20241020T183819
S2_FI_00012290,63859,2023-08-26,4.0,82.984948,52.2319521861093,176.258495102205,,,35VLK,S2B_MSIL2A_20230826T100559_R022_T35VLK_20241020T183819
S2_FI_00012291,63859,2023-08-26,4.0,82.984948,52.2319521861093,176.258495102205,,,35VLK,S2B_MSIL2A_20230826T100559_R022_T35VLK_20241020T183819
S2_FI_00012292,63859,2023-08-26,4.0,82.984948,52.2319521861093,176.258495102205,,,35VLK,S2B_MSIL2A_20230826T100559_R022_T35VLK_20241020T183819
S2_FI_00012293,63859,2023-08-26,4.0,82.984948,52.2319521861093,176.258495102205,,,35VLK,S2B_MSIL2A_20230826T100559_R022_T35VLK_20241020T183819
S2_FI_00012294,63859,2023-10-14,3.0,95.007557,70.7991341730951,175.750369967107,,,35VLK,S2A_MSIL2A_20231014T095031_R079_T35VLK_20241103T055952
S2_FI_00012295,63859,2023-10-14,3.0,95.007557,70.7991341730951,175.750369967107,,,35VLK,S2A_MSIL2A_20231014T095031_R079_T35VLK_20241103T055952
S2_FI_00012296,63859,2023-10-14,3.0,95.007557,70.7991341730951,175.750369967107,,,35VLK,S2A_MSIL2A_20231014T095031_R079_T35VLK_20241103T055952
S2_FI_00012297,63859,2023-10-14,3.0,95.007557,70.7991341730951,175.750369967107,,,35VLK,S2A_MSIL2A_20231014T095031_R079_T35VLK_20241103T055952
S2_FI_00012298,63859,2023-10-14,3.0,95.007557,70.7991341730951,175.750369967107,,,35VLK,S2A_MSIL2A_20231014T095031_R079_T35VLK_20241103T055952
S2_FI_00012299,63859,2023-10-14,3.0,95.007557,70.7991341730951,175.750369967107,,,35VLK,S2A_MSIL2A_20231014T095031_R079_T35VLK_20241103T055952
S2_FI_00012300,63859,2024-02-29,0.0,99.612421,70.5908623772313,171.439013820918,,,35VLK,S2B_MSIL2A_20240229T095839_R122_T35VLK_20240229T151751
S2_FI_00012301,63859,2024-02-29,0.0,99.612421,70.5908623772313,171.439013820918,,,35VLK,S2B_MSIL2A_20240229T095839_R122_T35VLK_20240229T151751
S2_FI_00012302,63859,2024-02-29,0.0,99.612421,70.5908623772313,171.439013820918,,,35VLK,S2B_MSIL2A_20240229T095839_R122_T35VLK_20240229T151751
S2_FI_00012303,63859,2024-02-29,0.0,99.612421,70.5908623772313,171.439013820918,,,35VLK,S2B_MSIL2A_20240229T095839_R122_T35VLK_20240229T151751
S2_FI_00012304,63859,2024-02-29,0.0,99.612421,70.5908623772313,171.439013820918,,,35VLK,S2B_MSIL2A_20240229T095839_R122_T35VLK_20240229T151751
S2_FI_00012305,63859,2024-02-29,0.0,99.612421,70.5908623772313,171.439013820918,,,35VLK,S2B_MSIL2A_20240229T095839_R122_T35VLK_20240229T151751
S2_FI_00012306,63859,2024-03-10,1.0,99.986035,66.6923451225732,171.753072974872,,,35VLK,S2B_MSIL2A_20240310T095729_R122_T35VLK_20240310T141914
S2_FI_00012307,63859,2024-03-10,1.0,99.986035,66.6923451225732,171.753072974872,,,35VLK,S2B_MSIL2A_20240310T095729_R122_T35VLK_20240310T141914
S2_FI_00012308,63859,2024-03-10,1.0,99.986035,66.6923451225732,171.753072974872,,,35VLK,S2B_MSIL2A_20240310T095729_R122_T35VLK_20240310T141914
S2_FI_00012309,63859,2024-03-10,1.0,99.986035,66.6923451225732,171.753072974872,,,35VLK,S2B_MSIL2A_20240310T095729_R122_T35VLK_20240310T141914
S2_FI_00012310,63859,2024-03-10,1.0,99.986035,66.6923451225732,171.753072974872,,,35VLK,S2B_MSIL2A_20240310T095729_R122_T35VLK_20240310T141914
S2_FI_00012311,63859,2024-03-10,1.0,99.986035,66.6923451225732,171.753072974872,,,35VLK,S2B_MSIL2A_20240310T095729_R122_T35VLK_20240310T141914
S2_FI_00012312,63859,2024-08-14,0.0,33.193991,48.8590567486594,168.813353505537,,,35VLK,S2B_MSIL2A_20240814T094549_R079_T35VLK_20240814T123852
S2_FI_00012313,63859,2024-08-14,0.0,33.193991,48.8590567486594,168.813353505537,,,35VLK,S2B_MSIL2A_20240814T094549_R079_T35VLK_20240814T123852
S2_FI_00012314,63859,2024-08-14,0.0,33.193991,48.8590567486594,168.813353505537,,,35VLK,S2B_MSIL2A_20240814T094549_R079_T35VLK_20240814T123852
S2_FI_00012315,63859,2024-08-14,0.0,33.193991,48.8590567486594,168.813353505537,,,35VLK,S2B_MSIL2A_20240814T094549_R079_T35VLK_20240814T123852
S2_FI_00012316,63859,2024-08-14,0.0,33.193991,48.8590567486594,168.813353505537,,,35VLK,S2B_MSIL2A_20240814T094549_R079_T35VLK_20240814T123852
S2_FI_00012317,63859,2024-08-14,0.0,33.193991,48.8590567486594,168.813353505537,,,35VLK,S2B_MSIL2A_20240814T094549_R079_T35VLK_20240814T123852
S2_FI_00012318,63859,2024-08-22,0.0,99.934989,51.2378600282875,172.778230064911,,,35VLK,S2A_MSIL2A_20240822T100021_R122_T35VLK_20240822T153650
S2_FI_00012319,63859,2024-08-22,0.0,99.934989,51.2378600282875,172.778230064911,,,35VLK,S2A_MSIL2A_20240822T100021_R122_T35VLK_20240822T153650
S2_FI_00012320,63859,2024-08-22,0.0,99.934989,51.2378600282875,172.778230064911,,,35VLK,S2A_MSIL2A_20240822T100021_R122_T35VLK_20240822T153650
S2_FI_00012321,63859,2024-08-22,0.0,99.934989,51.2378600282875,172.778230064911,,,35VLK,S2A_MSIL2A_20240822T100021_R122_T35VLK_20240822T153650
S2_FI_00012322,63859,2024-08-22,0.0,99.934989,51.2378600282875,172.778230064911,,,35VLK,S2A_MSIL2A_20240822T100021_R122_T35VLK_20240822T153650
S2_FI_00012323,63859,2024-08-22,0.0,99.934989,51.2378600282875,172.778230064911,,,35VLK,S2A_MSIL2A_20240822T100021_R122_T35VLK_20240822T153650
S2_FI_00012324,63859,2024-10-29,0.0,27.819735,76.3012993840017,181.540134432032,,,35VLK,S2B_MSIL2A_20241029T101039_R022_T35VLK_20241029T112818
S2_FI_00012325,63859,2024-10-29,0.0,27.819735,76.3012993840017,181.540134432032,,,35VLK,S2B_MSIL2A_20241029T101039_R022_T35VLK_20241029T112818
S2_FI_00012326,63859,2024-10-29,0.0,27.819735,76.3012993840017,181.540134432032,,,35VLK,S2B_MSIL2A_20241029T101039_R022_T35VLK_20241029T112818
S2_FI_00012327,63859,2024-10-29,0.0,27.819735,76.3012993840017,181.540134432032,,,35VLK,S2B_MSIL2A_20241029T101039_R022_T35VLK_20241029T112818
S2_FI_00012328,63859,2024-10-29,0.0,27.819735,76.3012993840017,181.540134432032,,,35VLK,S2B_MSIL2A_20241029T101039_R022_T35VLK_20241029T112818
S2_FI_00012329,63859,2024-10-29,0.0,27.819735,76.3012993840017,181.540134432032,,,35VLK,S2B_MSIL2A_20241029T101039_R022_T35VLK_20241029T112818
S2_FI_00012516,6621,2024-05-27,0.0,9.496728,39.5184585027338,174.338730056577,,,34VEN,S2A_MSIL2A_20240527T100601_R022_T34VEN_20240527T171509
S2_FI_00012517,6621,2024-05-27,0.0,9.496728,39.5184585027338,174.338730056577,,,34VEN,S2A_MSIL2A_20240527T100601_R022_T34VEN_20240527T171509
S2_FI_00012518,6621,2024-05-27,0.0,9.496728,39.5184585027338,174.338730056577,,,34VEN,S2A_MSIL2A_20240527T100601_R022_T34VEN_20240527T171509
S2_FI_00012519,6621,2024-05-27,0.0,9.496728,39.5184585027338,174.338730056577,,,34VEN,S2A_MSIL2A_20240527T100601_R022_T34VEN_20240527T171509
S2_FI_00012520,6621,2024-05-27,0.0,9.496728,39.5184585027338,174.338730056577,,,34VEN,S2A_MSIL2A_20240527T100601_R022_T34VEN_20240527T171509
S2_FI_00012521,6621,2024-05-27,0.0,9.496728,39.5184585027338,174.338730056577,,,34VEN,S2A_MSIL2A_20240527T100601_R022_T34VEN_20240527T171509
S2_FI_00012522,6621,2024-06-13,0.0,43.145829,37.9108365401551,169.379910086793,,,34VEN,S2A_MSIL2A_20240613T100031_R122_T34VEN_20240613T171048
S2_FI_00012523,6621,2024-06-13,0.0,43.145829,37.9108365401551,169.379910086793,,,34VEN,S2A_MSIL2A_20240613T100031_R122_T34VEN_20240613T171048
S2_FI_00012524,6621,2024-06-13,0.0,43.145829,37.9108365401551,169.379910086793,,,34VEN,S2A_MSIL2A_20240613T100031_R122_T34VEN_20240613T171048
S2_FI_00012525,6621,2024-06-13,0.0,43.145829,37.9108365401551,169.379910086793,,,34VEN,S2A_MSIL2A_20240613T100031_R122_T34VEN_20240613T171048
S2_FI_00012526,6621,2024-06-13,0.0,43.145829,37.9108365401551,169.379910086793,,,34VEN,S2A_MSIL2A_20240613T100031_R122_T34VEN_20240613T171048
S2_FI_00012527,6621,2024-06-13,0.0,43.145829,37.9108365401551,169.379910086793,,,34VEN,S2A_MSIL2A_20240613T100031_R122_T34VEN_20240613T171048
S2_FI_00012528,6621,2024-09-01,1.0,0.0,53.0795456404765,171.283910633406,,,34VEN,S2A_MSIL2A_20240901T100031_R122_T34VEN_20240901T152250
S2_FI_00012529,6621,2024-09-01,1.0,0.0,53.0795456404765,171.283910633406,,,34VEN,S2A_MSIL2A_20240901T100031_R122_T34VEN_20240901T152250
S2_FI_00012530,6621,2024-09-01,1.0,0.0,53.0795456404765,171.283910633406,,,34VEN,S2A_MSIL2A_20240901T100031_R122_T34VEN_20240901T152250
S2_FI_00012531,6621,2024-09-01,1.0,0.0,53.0795456404765,171.283910633406,,,34VEN,S2A_MSIL2A_20240901T100031_R122_T34VEN_20240901T152250
S2_FI_00012532,6621,2024-09-01,1.0,0.0,53.0795456404765,171.283910633406,,,34VEN,S2A_MSIL2A_20240901T100031_R122_T34VEN_20240901T152250
S2_FI_00012533,6621,2024-09-01,1.0,0.0,53.0795456404765,171.283910633406,,,34VEN,S2A_MSIL2A_20240901T100031_R122_T34VEN_20240901T152250
S2_FI_00012534,6621,2024-09-09,0.0,31.269073,55.8724960288687,175.360698214372,,,34VEN,S2B_MSIL2A_20240909T100559_R022_T34VEN_20240909T134240
S2_FI_00012535,6621,2024-09-09,0.0,31.269073,55.8724960288687,175.360698214372,,,34VEN,S2B_MSIL2A_20240909T100559_R022_T34VEN_20240909T134240
S2_FI_00012536,6621,2024-09-09,0.0,31.269073,55.8724960288687,175.360698214372,,,34VEN,S2B_MSIL2A_20240909T100559_R022_T34VEN_20240909T134240
S2_FI_00012537,6621,2024-09-09,0.0,31.269073,55.8724960288687,175.360698214372,,,34VEN,S2B_MSIL2A_20240909T100559_R022_T34VEN_20240909T134240
S2_FI_00012538,6621,2024-09-09,0.0,31.269073,55.8724960288687,175.360698214372,,,34VEN,S2B_MSIL2A_20240909T100559_R022_T34VEN_20240909T134240
S2_FI_00012539,6621,2024-09-09,0.0,31.269073,55.8724960288687,175.360698214372,,,34VEN,S2B_MSIL2A_20240909T100559_R022_T34VEN_20240909T134240
S2_FI_00012540,6621,2024-09-11,5.0,34.591901,56.7474663357461,172.617212020929,,,34VEN,S2A_MSIL2A_20240911T100021_R122_T34VEN_20240911T143249
S2_FI_00012541,6621,2024-09-11,5.0,34.591901,56.7474663357461,172.617212020929,,,34VEN,S2A_MSIL2A_20240911T100021_R122_T34VEN_20240911T143249
S2_FI_00012542,6621,2024-09-11,5.0,34.591901,56.7474663357461,172.617212020929,,,34VEN,S2A_MSIL2A_20240911T100021_R122_T34VEN_20240911T143249
S2_FI_00012543,6621,2024-09-11,5.0,34.591901,56.7474663357461,172.617212020929,,,34VEN,S2A_MSIL2A_20240911T100021_R122_T34VEN_20240911T143249
S2_FI_00012544,6621,2024-09-11,5.0,34.591901,56.7474663357461,172.617212020929,,,34VEN,S2A_MSIL2A_20240911T100021_R122_T34VEN_20240911T143249
S2_FI_00012545,6621,2024-09-11,5.0,34.591901,56.7474663357461,172.617212020929,,,34VEN,S2A_MSIL2A_20240911T100021_R122_T34VEN_20240911T143249
S2_FI_00012546,6621,2024-09-24,1.0,80.039948,61.6102683014987,177.131892880869,,,34VEN,S2A_MSIL2A_20240924T100741_R022_T34VEN_20240924T122746
S2_FI_00012547,6621,2024-09-24,1.0,80.039948,61.6102683014987,177.131892880869,,,34VEN,S2A_MSIL2A_20240924T100741_R022_T34VEN_20240924T122746
S2_FI_00012548,6621,2024-09-24,1.0,80.039948,61.6102683014987,177.131892880869,,,34VEN,S2A_MSIL2A_20240924T100741_R022_T34VEN_20240924T122746
S2_FI_00012549,6621,2024-09-24,1.0,80.039948,61.6102683014987,177.131892880869,,,34VEN,S2A_MSIL2A_20240924T100741_R022_T34VEN_20240924T122746
S2_FI_00012550,6621,2024-09-24,1.0,80.039948,61.6102683014987,177.131892880869,,,34VEN,S2A_MSIL2A_20240924T100741_R022_T34VEN_20240924T122746
S2_FI_00012551,6621,2024-09-24,1.0,80.039948,61.6102683014987,177.131892880869,,,34VEN,S2A_MSIL2A_20240924T100741_R022_T34VEN_20240924T122746
S2_FI_00012552,6621,2024-10-03,0.0,2.26354,65.2836694769696,172.56441401243,,,34VEN,S2B_MSIL2A_20241003T095029_R079_T34VEN_20241003T125412
S2_FI_00012553,6621,2024-10-03,0.0,2.26354,65.2836694769696,172.56441401243,,,34VEN,S2B_MSIL2A_20241003T095029_R079_T34VEN_20241003T125412
S2_FI_00012554,6621,2024-10-03,0.0,2.26354,65.2836694769696,172.56441401243,,,34VEN,S2B_MSIL2A_20241003T095029_R079_T34VEN_20241003T125412
S2_FI_00012555,6621,2024-10-03,0.0,2.26354,65.2836694769696,172.56441401243,,,34VEN,S2B_MSIL2A_20241003T095029_R079_T34VEN_20241003T125412
S2_FI_00012556,6621,2024-10-03,0.0,2.26354,65.2836694769696,172.56441401243,,,34VEN,S2B_MSIL2A_20241003T095029_R079_T34VEN_20241003T125412
S2_FI_00012557,6621,2024-10-03,0.0,2.26354,65.2836694769696,172.56441401243,,,34VEN,S2B_MSIL2A_20241003T095029_R079_T34VEN_20241003T125412
S2_FI_00012558,6621,2024-10-08,1.0,98.504925,67.1759387532131,173.076529258935,,,34VEN,S2A_MSIL2A_20241008T095031_R079_T34VEN_20241008T124449
S2_FI_00012559,6621,2024-10-08,1.0,98.504925,67.1759387532131,173.076529258935,,,34VEN,S2A_MSIL2A_20241008T095031_R079_T34VEN_20241008T124449
S2_FI_00012560,6621,2024-10-08,1.0,98.504925,67.1759387532131,173.076529258935,,,34VEN,S2A_MSIL2A_20241008T095031_R079_T34VEN_20241008T124449
S2_FI_00012561,6621,2024-10-08,1.0,98.504925,67.1759387532131,173.076529258935,,,34VEN,S2A_MSIL2A_20241008T095031_R079_T34VEN_20241008T124449
S2_FI_00012562,6621,2024-10-08,1.0,98.504925,67.1759387532131,173.076529258935,,,34VEN,S2A_MSIL2A_20241008T095031_R079_T34VEN_20241008T124449
S2_FI_00012563,6621,2024-10-08,1.0,98.504925,67.1759387532131,173.076529258935,,,34VEN,S2A_MSIL2A_20241008T095031_R079_T34VEN_20241008T124449
S2_FI_00012564,6621,2024-10-16,0.0,5.959297,70.0330942805175,176.403634790275,,,34VEN,S2B_MSIL2A_20241016T100029_R122_T34VEN_20241016T141503
S2_FI_00012565,6621,2024-10-16,0.0,5.959297,70.0330942805175,176.403634790275,,,34VEN,S2B_MSIL2A_20241016T100029_R122_T34VEN_20241016T141503
S2_FI_00012566,6621,2024-10-16,0.0,5.959297,70.0330942805175,176.403634790275,,,34VEN,S2B_MSIL2A_20241016T100029_R122_T34VEN_20241016T141503
S2_FI_00012567,6621,2024-10-16,0.0,5.959297,70.0330942805175,176.403634790275,,,34VEN,S2B_MSIL2A_20241016T100029_R122_T34VEN_20241016T141503
S2_FI_00012568,6621,2024-10-16,0.0,5.959297,70.0330942805175,176.403634790275,,,34VEN,S2B_MSIL2A_20241016T100029_R122_T34VEN_20241016T141503
S2_FI_00012569,6621,2024-10-16,0.0,5.959297,70.0330942805175,176.403634790275,,,34VEN,S2B_MSIL2A_20241016T100029_R122_T34VEN_20241016T141503
S2_FI_00012570,6621,2024-10-21,1.0,97.623682,71.8270659628694,176.699088383873,,,34VEN,S2A_MSIL2A_20241021T100041_R122_T34VEN_20241021T123351
S2_FI_00012571,6621,2024-10-21,1.0,97.623682,71.8270659628694,176.699088383873,,,34VEN,S2A_MSIL2A_20241021T100041_R122_T34VEN_20241021T123351
S2_FI_00012572,6621,2024-10-21,1.0,97.623682,71.8270659628694,176.699088383873,,,34VEN,S2A_MSIL2A_20241021T100041_R122_T34VEN_20241021T123351
S2_FI_00012573,6621,2024-10-21,1.0,97.623682,71.8270659628694,176.699088383873,,,34VEN,S2A_MSIL2A_20241021T100041_R122_T34VEN_20241021T123351
S2_FI_00012574,6621,2024-10-21,1.0,97.623682,71.8270659628694,176.699088383873,,,34VEN,S2A_MSIL2A_20241021T100041_R122_T34VEN_20241021T123351
S2_FI_00012575,6621,2024-10-21,1.0,97.623682,71.8270659628694,176.699088383873,,,34VEN,S2A_MSIL2A_20241021T100041_R122_T34VEN_20241021T123351
S2_FI_00012576,6621,2024-10-31,1.0,99.979955,75.206880545629,177.039766175626,,,34VEN,S2A_MSIL2A_20241031T100141_R122_T34VEN_20241031T121400
S2_FI_00012577,6621,2024-10-31,1.0,99.979955,75.206880545629,177.039766175626,,,34VEN,S2A_MSIL2A_20241031T100141_R122_T34VEN_20241031T121400
S2_FI_00012578,6621,2024-10-31,1.0,99.979955,75.206880545629,177.039766175626,,,34VEN,S2A_MSIL2A_20241031T100141_R122_T34VEN_20241031T121400
S2_FI_00012579,6621,2024-10-31,1.0,99.979955,75.206880545629,177.039766175626,,,34VEN,S2A_MSIL2A_20241031T100141_R122_T34VEN_20241031T121400
S2_FI_00012580,6621,2024-10-31,1.0,99.979955,75.206880545629,177.039766175626,,,34VEN,S2A_MSIL2A_20241031T100141_R122_T34VEN_20241031T121400
S2_FI_00012581,6621,2024-10-31,1.0,99.979955,75.206880545629,177.039766175626,,,34VEN,S2A_MSIL2A_20241031T100141_R122_T34VEN_20241031T121400
S2_FI_00012582,6621,2024-11-05,0.0,77.030855,76.7642795273077,177.059231947172,,,34VEN,S2B_MSIL2A_20241105T100109_R122_T34VEN_20241105T111000
S2_FI_00012583,6621,2024-11-05,0.0,77.030855,76.7642795273077,177.059231947172,,,34VEN,S2B_MSIL2A_20241105T100109_R122_T34VEN_20241105T111000
S2_FI_00012584,6621,2024-11-05,0.0,77.030855,76.7642795273077,177.059231947172,,,34VEN,S2B_MSIL2A_20241105T100109_R122_T34VEN_20241105T111000
S2_FI_00012585,6621,2024-11-05,0.0,77.030855,76.7642795273077,177.059231947172,,,34VEN,S2B_MSIL2A_20241105T100109_R122_T34VEN_20241105T111000
S2_FI_00012586,6621,2024-11-05,0.0,77.030855,76.7642795273077,177.059231947172,,,34VEN,S2B_MSIL2A_20241105T100109_R122_T34VEN_20241105T111000
S2_FI_00012587,6621,2024-11-05,0.0,77.030855,76.7642795273077,177.059231947172,,,34VEN,S2B_MSIL2A_20241105T100109_R122_T34VEN_20241105T111000
S2_FI_00012588,6621,2024-11-13,1.0,98.764801,78.9869783030122,179.367206947892,,,34VEN,S2A_MSIL2A_20241113T101251_R022_T34VEN_20241113T111750
S2_FI_00012589,6621,2024-11-13,1.0,98.764801,78.9869783030122,179.367206947892,,,34VEN,S2A_MSIL2A_20241113T101251_R022_T34VEN_20241113T111750
S2_FI_00012590,6621,2024-11-13,1.0,98.764801,78.9869783030122,179.367206947892,,,34VEN,S2A_MSIL2A_20241113T101251_R022_T34VEN_20241113T111750
S2_FI_00012591,6621,2024-11-13,1.0,98.764801,78.9869783030122,179.367206947892,,,34VEN,S2A_MSIL2A_20241113T101251_R022_T34VEN_20241113T111750
S2_FI_00012592,6621,2024-11-13,1.0,98.764801,78.9869783030122,179.367206947892,,,34VEN,S2A_MSIL2A_20241113T101251_R022_T34VEN_20241113T111750
S2_FI_00012593,6621,2024-11-13,1.0,98.764801,78.9869783030122,179.367206947892,,,34VEN,S2A_MSIL2A_20241113T101251_R022_T34VEN_20241113T111750
S2_FI_00012594,6621,2024-11-18,1.0,44.559044,80.229922223916,179.154905506319,,,34VEN,S2B_MSIL2A_20241118T101219_R022_T34VEN_20241118T113501
S2_FI_00012595,6621,2024-11-18,1.0,44.559044,80.229922223916,179.154905506319,,,34VEN,S2B_MSIL2A_20241118T101219_R022_T34VEN_20241118T113501
S2_FI_00012596,6621,2024-11-18,1.0,44.559044,80.229922223916,179.154905506319,,,34VEN,S2B_MSIL2A_20241118T101219_R022_T34VEN_20241118T113501
S2_FI_00012597,6621,2024-11-18,1.0,44.559044,80.229922223916,179.154905506319,,,34VEN,S2B_MSIL2A_20241118T101219_R022_T34VEN_20241118T113501
S2_FI_00012598,6621,2024-11-18,1.0,44.559044,80.229922223916,179.154905506319,,,34VEN,S2B_MSIL2A_20241118T101219_R022_T34VEN_20241118T113501
S2_FI_00012599,6621,2024-11-18,1.0,44.559044,80.229922223916,179.154905506319,,,34VEN,S2B_MSIL2A_20241118T101219_R022_T34VEN_20241118T113501
S2_FI_00012600,6621,2024-11-25,0.0,99.999982,81.7763727451093,176.390326115217,,,34VEN,S2B_MSIL2A_20241125T100249_R122_T34VEN_20241125T112426
S2_FI_00012601,6621,2024-11-25,0.0,99.999982,81.7763727451093,176.390326115217,,,34VEN,S2B_MSIL2A_20241125T100249_R122_T34VEN_20241125T112426
S2_FI_00012602,6621,2024-11-25,0.0,99.999982,81.7763727451093,176.390326115217,,,34VEN,S2B_MSIL2A_20241125T100249_R122_T34VEN_20241125T112426
S2_FI_00012603,6621,2024-11-25,0.0,99.999982,81.7763727451093,176.390326115217,,,34VEN,S2B_MSIL2A_20241125T100249_R122_T34VEN_20241125T112426
S2_FI_00012604,6621,2024-11-25,0.0,99.999982,81.7763727451093,176.390326115217,,,34VEN,S2B_MSIL2A_20241125T100249_R122_T34VEN_20241125T112426
S2_FI_00012605,6621,2024-11-25,0.0,99.999982,81.7763727451093,176.390326115217,,,34VEN,S2B_MSIL2A_20241125T100249_R122_T34VEN_20241125T112426
S2_FI_00012606,6621,2024-12-05,1.0,83.529413,83.3808203075179,175.580818578889,,,34VEN,S2B_MSIL2A_20241205T100319_R122_T34VEN_20241205T102543
S2_FI_00012607,6621,2024-12-05,1.0,83.529413,83.3808203075179,175.580818578889,,,34VEN,S2B_MSIL2A_20241205T100319_R122_T34VEN_20241205T102543
S2_FI_00012608,6621,2024-12-05,1.0,83.529413,83.3808203075179,175.580818578889,,,34VEN,S2B_MSIL2A_20241205T100319_R122_T34VEN_20241205T102543
S2_FI_00012609,6621,2024-12-05,1.0,83.529413,83.3808203075179,175.580818578889,,,34VEN,S2B_MSIL2A_20241205T100319_R122_T34VEN_20241205T102543
S2_FI_00012610,6621,2024-12-05,1.0,83.529413,83.3808203075179,175.580818578889,,,34VEN,S2B_MSIL2A_20241205T100319_R122_T34VEN_20241205T102543
S2_FI_00012611,6621,2024-12-05,1.0,83.529413,83.3808203075179,175.580818578889,,,34VEN,S2B_MSIL2A_20241205T100319_R122_T34VEN_20241205T102543
S2_FI_00012612,6621,2024-12-12,0.0,10.43373,84.2159480991483,172.591992429495,,,34VEN,S2B_MSIL2A_20241212T095319_R079_T34VEN_20241212T115616
S2_FI_00012613,6621,2024-12-12,0.0,10.43373,84.2159480991483,172.591992429495,,,34VEN,S2B_MSIL2A_20241212T095319_R079_T34VEN_20241212T115616
S2_FI_00012614,6621,2024-12-12,0.0,10.43373,84.2159480991483,172.591992429495,,,34VEN,S2B_MSIL2A_20241212T095319_R079_T34VEN_20241212T115616
S2_FI_00012615,6621,2024-12-12,0.0,10.43373,84.2159480991483,172.591992429495,,,34VEN,S2B_MSIL2A_20241212T095319_R079_T34VEN_20241212T115616
S2_FI_00012616,6621,2024-12-12,0.0,10.43373,84.2159480991483,172.591992429495,,,34VEN,S2B_MSIL2A_20241212T095319_R079_T34VEN_20241212T115616
S2_FI_00012617,6621,2024-12-12,0.0,10.43373,84.2159480991483,172.591992429495,,,34VEN,S2B_MSIL2A_20241212T095319_R079_T34VEN_20241212T115616
S2_FI_00012618,6621,2024-12-15,1.0,50.476593,84.2740966988887,174.572668865401,,,34VEN,S2B_MSIL2A_20241215T100329_R122_T34VEN_20241215T130133
S2_FI_00012619,6621,2024-12-15,1.0,50.476593,84.2740966988887,174.572668865401,,,34VEN,S2B_MSIL2A_20241215T100329_R122_T34VEN_20241215T130133
S2_FI_00012620,6621,2024-12-15,1.0,50.476593,84.2740966988887,174.572668865401,,,34VEN,S2B_MSIL2A_20241215T100329_R122_T34VEN_20241215T130133
S2_FI_00012621,6621,2024-12-15,1.0,50.476593,84.2740966988887,174.572668865401,,,34VEN,S2B_MSIL2A_20241215T100329_R122_T34VEN_20241215T130133
S2_FI_00012622,6621,2024-12-15,1.0,50.476593,84.2740966988887,174.572668865401,,,34VEN,S2B_MSIL2A_20241215T100329_R122_T34VEN_20241215T130133
S2_FI_00012623,6621,2024-12-15,1.0,50.476593,84.2740966988887,174.572668865401,,,34VEN,S2B_MSIL2A_20241215T100329_R122_T34VEN_20241215T130133
S2_FI_00012624,6621,2024-12-28,2.0,100.0,84.1813330991868,175.390291669899,,,34VEN,S2B_MSIL2A_20241228T101339_R022_T34VEN_20241228T110240
S2_FI_00012625,6621,2024-12-28,2.0,100.0,84.1813330991868,175.390291669899,,,34VEN,S2B_MSIL2A_20241228T101339_R022_T34VEN_20241228T110240
S2_FI_00012626,6621,2024-12-28,2.0,100.0,84.1813330991868,175.390291669899,,,34VEN,S2B_MSIL2A_20241228T101339_R022_T34VEN_20241228T110240
S2_FI_00012627,6621,2024-12-28,2.0,100.0,84.1813330991868,175.390291669899,,,34VEN,S2B_MSIL2A_20241228T101339_R022_T34VEN_20241228T110240
S2_FI_00012628,6621,2024-12-28,2.0,100.0,84.1813330991868,175.390291669899,,,34VEN,S2B_MSIL2A_20241228T101339_R022_T34VEN_20241228T110240
S2_FI_00012629,6621,2024-12-28,2.0,100.0,84.1813330991868,175.390291669899,,,34VEN,S2B_MSIL2A_20241228T101339_R022_T34VEN_20241228T110240
S2_FI_00012630,66295,2023-03-01,1.0,94.483018,69.601983265716,171.540512193555,,,35VLJ,S2A_MSIL2A_20230301T100021_R122_T35VLJ_20240821T023929
S2_FI_00012631,66295,2023-03-01,1.0,94.483018,69.601983265716,171.540512193555,,,35VLJ,S2A_MSIL2A_20230301T100021_R122_T35VLJ_20240821T023929
S2_FI_00012632,66295,2023-03-01,1.0,94.483018,69.601983265716,171.540512193555,,,35VLJ,S2A_MSIL2A_20230301T100021_R122_T35VLJ_20240821T023929
S2_FI_00012633,66295,2023-03-01,1.0,94.483018,69.601983265716,171.540512193555,,,35VLJ,S2A_MSIL2A_20230301T100021_R122_T35VLJ_20240821T023929
S2_FI_00012634,66295,2023-03-01,1.0,94.483018,69.601983265716,171.540512193555,,,35VLJ,S2A_MSIL2A_20230301T100021_R122_T35VLJ_20240821T023929
S2_FI_00012635,66295,2023-03-01,1.0,94.483018,69.601983265716,171.540512193555,,,35VLJ,S2A_MSIL2A_20230301T100021_R122_T35VLJ_20240821T023929
S2_FI_00012636,66295,2023-08-08,1.0,48.147443,45.7838318370432,171.538401648431,,,35VLJ,S2A_MSIL2A_20230808T100031_R122_T35VLJ_20241021T205631
S2_FI_00012637,66295,2023-08-08,1.0,48.147443,45.7838318370432,171.538401648431,,,35VLJ,S2A_MSIL2A_20230808T100031_R122_T35VLJ_20241021T205631
S2_FI_00012638,66295,2023-08-08,1.0,48.147443,45.7838318370432,171.538401648431,,,35VLJ,S2A_MSIL2A_20230808T100031_R122_T35VLJ_20241021T205631
S2_FI_00012639,66295,2023-08-08,1.0,48.147443,45.7838318370432,171.538401648431,,,35VLJ,S2A_MSIL2A_20230808T100031_R122_T35VLJ_20241021T205631
S2_FI_00012640,66295,2023-08-08,1.0,48.147443,45.7838318370432,171.538401648431,,,35VLJ,S2A_MSIL2A_20230808T100031_R122_T35VLJ_20241021T205631
S2_FI_00012641,66295,2023-08-08,1.0,48.147443,45.7838318370432,171.538401648431,,,35VLJ,S2A_MSIL2A_20230808T100031_R122_T35VLJ_20241021T205631
S2_FI_00012642,66295,2023-10-22,1.0,98.945868,72.7473824584799,178.954393326031,,,35VLJ,S2B_MSIL2A_20231022T095949_R122_T35VLJ_20231022T132200
S2_FI_00012643,66295,2023-10-22,1.0,98.945868,72.7473824584799,178.954393326031,,,35VLJ,S2B_MSIL2A_20231022T095949_R122_T35VLJ_20231022T132200
S2_FI_00012644,66295,2023-10-22,1.0,98.945868,72.7473824584799,178.954393326031,,,35VLJ,S2B_MSIL2A_20231022T095949_R122_T35VLJ_20231022T132200
S2_FI_00012645,66295,2023-10-22,1.0,98.945868,72.7473824584799,178.954393326031,,,35VLJ,S2B_MSIL2A_20231022T095949_R122_T35VLJ_20231022T132200
S2_FI_00012646,66295,2023-10-22,1.0,98.945868,72.7473824584799,178.954393326031,,,35VLJ,S2B_MSIL2A_20231022T095949_R122_T35VLJ_20231022T132200
S2_FI_00012647,66295,2023-10-22,1.0,98.945868,72.7473824584799,178.954393326031,,,35VLJ,S2B_MSIL2A_20231022T095949_R122_T35VLJ_20231022T132200
S2_FI_00012648,66295,2024-03-15,1.0,82.872224,63.8048142710039,172.097378297316,,,35VLJ,S2A_MSIL2A_20240315T100031_R122_T35VLJ_20240315T133604
S2_FI_00012649,66295,2024-03-15,1.0,82.872224,63.8048142710039,172.097378297316,,,35VLJ,S2A_MSIL2A_20240315T100031_R122_T35VLJ_20240315T133604
S2_FI_00012650,66295,2024-03-15,1.0,82.872224,63.8048142710039,172.097378297316,,,35VLJ,S2A_MSIL2A_20240315T100031_R122_T35VLJ_20240315T133604
S2_FI_00012651,66295,2024-03-15,1.0,82.872224,63.8048142710039,172.097378297316,,,35VLJ,S2A_MSIL2A_20240315T100031_R122_T35VLJ_20240315T133604
S2_FI_00012652,66295,2024-03-15,1.0,82.872224,63.8048142710039,172.097378297316,,,35VLJ,S2A_MSIL2A_20240315T100031_R122_T35VLJ_20240315T133604
S2_FI_00012653,66295,2024-03-15,1.0,82.872224,63.8048142710039,172.097378297316,,,35VLJ,S2A_MSIL2A_20240315T100031_R122_T35VLJ_20240315T133604
S2_FI_00012654,66295,2024-07-30,2.0,96.409792,43.8361377693381,167.640380591869,,,35VLJ,S2A_MSIL2A_20240730T095031_R079_T35VLJ_20240730T155453
S2_FI_00012655,66295,2024-07-30,2.0,96.409792,43.8361377693381,167.640380591869,,,35VLJ,S2A_MSIL2A_20240730T095031_R079_T35VLJ_20240730T155453
S2_FI_00012656,66295,2024-07-30,2.0,96.409792,43.8361377693381,167.640380591869,,,35VLJ,S2A_MSIL2A_20240730T095031_R079_T35VLJ_20240730T155453
S2_FI_00012657,66295,2024-07-30,2.0,96.409792,43.8361377693381,167.640380591869,,,35VLJ,S2A_MSIL2A_20240730T095031_R079_T35VLJ_20240730T155453
S2_FI_00012658,66295,2024-07-30,2.0,96.409792,43.8361377693381,167.640380591869,,,35VLJ,S2A_MSIL2A_20240730T095031_R079_T35VLJ_20240730T155453
S2_FI_00012659,66295,2024-07-30,2.0,96.409792,43.8361377693381,167.640380591869,,,35VLJ,S2A_MSIL2A_20240730T095031_R079_T35VLJ_20240730T155453
S2_FI_00012660,66295,2024-10-23,0.0,47.328827,73.4062234530193,176.478827789675,,,35VLJ,S2B_MSIL2A_20241023T095029_R079_T35VLJ_20241023T112106
S2_FI_00012661,66295,2024-10-23,0.0,47.328827,73.4062234530193,176.478827789675,,,35VLJ,S2B_MSIL2A_20241023T095029_R079_T35VLJ_20241023T112106
S2_FI_00012662,66295,2024-10-23,0.0,47.328827,73.4062234530193,176.478827789675,,,35VLJ,S2B_MSIL2A_20241023T095029_R079_T35VLJ_20241023T112106
S2_FI_00012663,66295,2024-10-23,0.0,47.328827,73.4062234530193,176.478827789675,,,35VLJ,S2B_MSIL2A_20241023T095029_R079_T35VLJ_20241023T112106
S2_FI_00012664,66295,2024-10-23,0.0,47.328827,73.4062234530193,176.478827789675,,,35VLJ,S2B_MSIL2A_20241023T095029_R079_T35VLJ_20241023T112106
S2_FI_00012665,66295,2024-10-23,0.0,47.328827,73.4062234530193,176.478827789675,,,35VLJ,S2B_MSIL2A_20241023T095029_R079_T35VLJ_20241023T112106
S2_FI_00013374,67655,2023-03-01,0.0,6.680426,68.9146493985903,169.197923131324,,,34VEN,S2A_MSIL2A_20230301T100021_R122_T34VEN_20240821T023929
S2_FI_00013375,67655,2023-03-01,0.0,6.680426,68.9146493985903,169.197923131324,,,34VEN,S2A_MSIL2A_20230301T100021_R122_T34VEN_20240821T023929
S2_FI_00013376,67655,2023-03-01,0.0,6.680426,68.9146493985903,169.197923131324,,,34VEN,S2A_MSIL2A_20230301T100021_R122_T34VEN_20240821T023929
S2_FI_00013377,67655,2023-03-01,0.0,6.680426,68.9146493985903,169.197923131324,,,34VEN,S2A_MSIL2A_20230301T100021_R122_T34VEN_20240821T023929
S2_FI_00013378,67655,2023-03-01,0.0,6.680426,68.9146493985903,169.197923131324,,,34VEN,S2A_MSIL2A_20230301T100021_R122_T34VEN_20240821T023929
S2_FI_00013379,67655,2023-03-01,0.0,6.680426,68.9146493985903,169.197923131324,,,34VEN,S2A_MSIL2A_20230301T100021_R122_T34VEN_20240821T023929
S2_FI_00013380,67655,2023-05-10,0.0,20.877337,43.4553524904583,171.438951755826,,,34VEN,S2A_MSIL2A_20230510T100031_R122_T34VEN_20230510T160858
S2_FI_00013381,67655,2023-05-10,0.0,20.877337,43.4553524904583,171.438951755826,,,34VEN,S2A_MSIL2A_20230510T100031_R122_T34VEN_20230510T160858
S2_FI_00013382,67655,2023-05-10,0.0,20.877337,43.4553524904583,171.438951755826,,,34VEN,S2A_MSIL2A_20230510T100031_R122_T34VEN_20230510T160858
S2_FI_00013383,67655,2023-05-10,0.0,20.877337,43.4553524904583,171.438951755826,,,34VEN,S2A_MSIL2A_20230510T100031_R122_T34VEN_20230510T160858
S2_FI_00013384,67655,2023-05-10,0.0,20.877337,43.4553524904583,171.438951755826,,,34VEN,S2A_MSIL2A_20230510T100031_R122_T34VEN_20230510T160858
S2_FI_00013385,67655,2023-05-10,0.0,20.877337,43.4553524904583,171.438951755826,,,34VEN,S2A_MSIL2A_20230510T100031_R122_T34VEN_20230510T160858
S2_FI_00013386,67655,2023-08-13,1.0,97.941905,46.5488635726561,168.948274582477,,,34VEN,S2B_MSIL2A_20230813T095559_R122_T34VEN_20241015T114308
S2_FI_00013387,67655,2023-08-13,1.0,97.941905,46.5488635726561,168.948274582477,,,34VEN,S2B_MSIL2A_20230813T095559_R122_T34VEN_20241015T114308
S2_FI_00013388,67655,2023-08-13,1.0,97.941905,46.5488635726561,168.948274582477,,,34VEN,S2B_MSIL2A_20230813T095559_R122_T34VEN_20241015T114308
S2_FI_00013389,67655,2023-08-13,1.0,97.941905,46.5488635726561,168.948274582477,,,34VEN,S2B_MSIL2A_20230813T095559_R122_T34VEN_20241015T114308
S2_FI_00013390,67655,2023-08-13,1.0,97.941905,46.5488635726561,168.948274582477,,,34VEN,S2B_MSIL2A_20230813T095559_R122_T34VEN_20241015T114308
S2_FI_00013391,67655,2023-08-13,1.0,97.941905,46.5488635726561,168.948274582477,,,34VEN,S2B_MSIL2A_20230813T095559_R122_T34VEN_20241015T114308
S2_FI_00013392,67655,2023-10-24,0.0,96.945083,72.7053607890008,174.244267573181,,,34VEN,S2A_MSIL2A_20231024T095051_R079_T34VEN_20241103T065503
S2_FI_00013393,67655,2023-10-24,0.0,96.945083,72.7053607890008,174.244267573181,,,34VEN,S2A_MSIL2A_20231024T095051_R079_T34VEN_20241103T065503
S2_FI_00013394,67655,2023-10-24,0.0,96.945083,72.7053607890008,174.244267573181,,,34VEN,S2A_MSIL2A_20231024T095051_R079_T34VEN_20241103T065503
S2_FI_00013395,67655,2023-10-24,0.0,96.945083,72.7053607890008,174.244267573181,,,34VEN,S2A_MSIL2A_20231024T095051_R079_T34VEN_20241103T065503
S2_FI_00013396,67655,2023-10-24,0.0,96.945083,72.7053607890008,174.244267573181,,,34VEN,S2A_MSIL2A_20231024T095051_R079_T34VEN_20241103T065503
S2_FI_00013397,67655,2023-10-24,0.0,96.945083,72.7053607890008,174.244267573181,,,34VEN,S2A_MSIL2A_20231024T095051_R079_T34VEN_20241103T065503
S2_FI_00013398,67655,2023-12-11,0.0,96.286607,83.9417986526449,175.058883517211,,,34VEN,S2B_MSIL2A_20231211T100319_R122_T34VEN_20231211T131547
S2_FI_00013399,67655,2023-12-11,0.0,96.286607,83.9417986526449,175.058883517211,,,34VEN,S2B_MSIL2A_20231211T100319_R122_T34VEN_20231211T131547
S2_FI_00013400,67655,2023-12-11,0.0,96.286607,83.9417986526449,175.058883517211,,,34VEN,S2B_MSIL2A_20231211T100319_R122_T34VEN_20231211T131547
S2_FI_00013401,67655,2023-12-11,0.0,96.286607,83.9417986526449,175.058883517211,,,34VEN,S2B_MSIL2A_20231211T100319_R122_T34VEN_20231211T131547
S2_FI_00013402,67655,2023-12-11,0.0,96.286607,83.9417986526449,175.058883517211,,,34VEN,S2B_MSIL2A_20231211T100319_R122_T34VEN_20231211T131547
S2_FI_00013403,67655,2023-12-11,0.0,96.286607,83.9417986526449,175.058883517211,,,34VEN,S2B_MSIL2A_20231211T100319_R122_T34VEN_20231211T131547
S2_FI_00013404,67655,2024-01-10,1.0,99.847806,83.1526189606557,171.705774545927,,,34VEN,S2B_MSIL2A_20240110T100309_R122_T34VEN_20240110T131200
S2_FI_00013405,67655,2024-01-10,1.0,99.847806,83.1526189606557,171.705774545927,,,34VEN,S2B_MSIL2A_20240110T100309_R122_T34VEN_20240110T131200
S2_FI_00013406,67655,2024-01-10,1.0,99.847806,83.1526189606557,171.705774545927,,,34VEN,S2B_MSIL2A_20240110T100309_R122_T34VEN_20240110T131200
S2_FI_00013407,67655,2024-01-10,1.0,99.847806,83.1526189606557,171.705774545927,,,34VEN,S2B_MSIL2A_20240110T100309_R122_T34VEN_20240110T131200
S2_FI_00013408,67655,2024-01-10,1.0,99.847806,83.1526189606557,171.705774545927,,,34VEN,S2B_MSIL2A_20240110T100309_R122_T34VEN_20240110T131200
S2_FI_00013409,67655,2024-01-10,1.0,99.847806,83.1526189606557,171.705774545927,,,34VEN,S2B_MSIL2A_20240110T100309_R122_T34VEN_20240110T131200
S2_FI_00013410,67655,2024-02-12,1.0,59.138125,74.9095189462948,171.839394281552,,,34VEN,S2B_MSIL2A_20240212T101039_R022_T34VEN_20240212T132202
S2_FI_00013411,67655,2024-02-12,1.0,59.138125,74.9095189462948,171.839394281552,,,34VEN,S2B_MSIL2A_20240212T101039_R022_T34VEN_20240212T132202
S2_FI_00013412,67655,2024-02-12,1.0,59.138125,74.9095189462948,171.839394281552,,,34VEN,S2B_MSIL2A_20240212T101039_R022_T34VEN_20240212T132202
S2_FI_00013413,67655,2024-02-12,1.0,59.138125,74.9095189462948,171.839394281552,,,34VEN,S2B_MSIL2A_20240212T101039_R022_T34VEN_20240212T132202
S2_FI_00013414,67655,2024-02-12,1.0,59.138125,74.9095189462948,171.839394281552,,,34VEN,S2B_MSIL2A_20240212T101039_R022_T34VEN_20240212T132202
S2_FI_00013415,67655,2024-02-12,1.0,59.138125,74.9095189462948,171.839394281552,,,34VEN,S2B_MSIL2A_20240212T101039_R022_T34VEN_20240212T132202
S2_FI_00013416,67655,2024-03-08,1.0,97.651124,65.694582909379,172.092954335781,,,34VEN,S2A_MSIL2A_20240308T100841_R022_T34VEN_20240308T130851
S2_FI_00013417,67655,2024-03-08,1.0,97.651124,65.694582909379,172.092954335781,,,34VEN,S2A_MSIL2A_20240308T100841_R022_T34VEN_20240308T130851
S2_FI_00013418,67655,2024-03-08,1.0,97.651124,65.694582909379,172.092954335781,,,34VEN,S2A_MSIL2A_20240308T100841_R022_T34VEN_20240308T130851
S2_FI_00013419,67655,2024-03-08,1.0,97.651124,65.694582909379,172.092954335781,,,34VEN,S2A_MSIL2A_20240308T100841_R022_T34VEN_20240308T130851
S2_FI_00013420,67655,2024-03-08,1.0,97.651124,65.694582909379,172.092954335781,,,34VEN,S2A_MSIL2A_20240308T100841_R022_T34VEN_20240308T130851
S2_FI_00013421,67655,2024-03-08,1.0,97.651124,65.694582909379,172.092954335781,,,34VEN,S2A_MSIL2A_20240308T100841_R022_T34VEN_20240308T130851
S2_FI_00013422,67655,2024-03-18,0.0,36.200002,61.7171783946532,172.563545855562,,,34VEN,S2A_MSIL2A_20240318T100731_R022_T34VEN_20240318T143243
S2_FI_00013423,67655,2024-03-18,0.0,36.200002,61.7171783946532,172.563545855562,,,34VEN,S2A_MSIL2A_20240318T100731_R022_T34VEN_20240318T143243
S2_FI_00013424,67655,2024-03-18,0.0,36.200002,61.7171783946532,172.563545855562,,,34VEN,S2A_MSIL2A_20240318T100731_R022_T34VEN_20240318T143243
S2_FI_00013425,67655,2024-03-18,0.0,36.200002,61.7171783946532,172.563545855562,,,34VEN,S2A_MSIL2A_20240318T100731_R022_T34VEN_20240318T143243
S2_FI_00013426,67655,2024-03-18,0.0,36.200002,61.7171783946532,172.563545855562,,,34VEN,S2A_MSIL2A_20240318T100731_R022_T34VEN_20240318T143243
S2_FI_00013427,67655,2024-03-18,0.0,36.200002,61.7171783946532,172.563545855562,,,34VEN,S2A_MSIL2A_20240318T100731_R022_T34VEN_20240318T143243
S2_FI_00013428,67655,2024-04-04,0.0,10.975799,55.1924173491004,170.5592239834,,,34VEN,S2A_MSIL2A_20240404T100021_R122_T34VEN_20240404T152622
S2_FI_00013429,67655,2024-04-04,0.0,10.975799,55.1924173491004,170.5592239834,,,34VEN,S2A_MSIL2A_20240404T100021_R122_T34VEN_20240404T152622
S2_FI_00013430,67655,2024-04-04,0.0,10.975799,55.1924173491004,170.5592239834,,,34VEN,S2A_MSIL2A_20240404T100021_R122_T34VEN_20240404T152622
S2_FI_00013431,67655,2024-04-04,0.0,10.975799,55.1924173491004,170.5592239834,,,34VEN,S2A_MSIL2A_20240404T100021_R122_T34VEN_20240404T152622
S2_FI_00013432,67655,2024-04-04,0.0,10.975799,55.1924173491004,170.5592239834,,,34VEN,S2A_MSIL2A_20240404T100021_R122_T34VEN_20240404T152622
S2_FI_00013433,67655,2024-04-04,0.0,10.975799,55.1924173491004,170.5592239834,,,34VEN,S2A_MSIL2A_20240404T100021_R122_T34VEN_20240404T152622
S2_FI_00013434,67655,2024-04-07,1.0,99.999934,53.879033067685,173.76448088567,,,34VEN,S2A_MSIL2A_20240407T100551_R022_T34VEN_20240407T172418
S2_FI_00013435,67655,2024-04-07,1.0,99.999934,53.879033067685,173.76448088567,,,34VEN,S2A_MSIL2A_20240407T100551_R022_T34VEN_20240407T172418
S2_FI_00013436,67655,2024-04-07,1.0,99.999934,53.879033067685,173.76448088567,,,34VEN,S2A_MSIL2A_20240407T100551_R022_T34VEN_20240407T172418
S2_FI_00013437,67655,2024-04-07,1.0,99.999934,53.879033067685,173.76448088567,,,34VEN,S2A_MSIL2A_20240407T100551_R022_T34VEN_20240407T172418
S2_FI_00013438,67655,2024-04-07,1.0,99.999934,53.879033067685,173.76448088567,,,34VEN,S2A_MSIL2A_20240407T100551_R022_T34VEN_20240407T172418
S2_FI_00013439,67655,2024-04-07,1.0,99.999934,53.879033067685,173.76448088567,,,34VEN,S2A_MSIL2A_20240407T100551_R022_T34VEN_20240407T172418
S2_FI_00013440,67655,2024-04-14,1.0,97.901613,51.4478176958893,171.044875865816,,,34VEN,S2A_MSIL2A_20240414T100031_R122_T34VEN_20240414T143555
S2_FI_00013441,67655,2024-04-14,1.0,97.901613,51.4478176958893,171.044875865816,,,34VEN,S2A_MSIL2A_20240414T100031_R122_T34VEN_20240414T143555
S2_FI_00013442,67655,2024-04-14,1.0,97.901613,51.4478176958893,171.044875865816,,,34VEN,S2A_MSIL2A_20240414T100031_R122_T34VEN_20240414T143555
S2_FI_00013443,67655,2024-04-14,1.0,97.901613,51.4478176958893,171.044875865816,,,34VEN,S2A_MSIL2A_20240414T100031_R122_T34VEN_20240414T143555
S2_FI_00013444,67655,2024-04-14,1.0,97.901613,51.4478176958893,171.044875865816,,,34VEN,S2A_MSIL2A_20240414T100031_R122_T34VEN_20240414T143555
S2_FI_00013445,67655,2024-04-14,1.0,97.901613,51.4478176958893,171.044875865816,,,34VEN,S2A_MSIL2A_20240414T100031_R122_T34VEN_20240414T143555
S2_FI_00013446,67655,2024-04-24,0.0,77.659208,47.9850621414599,171.382567205399,,,34VEN,S2A_MSIL2A_20240424T100031_R122_T34VEN_20240424T152924
S2_FI_00013447,67655,2024-04-24,0.0,77.659208,47.9850621414599,171.382567205399,,,34VEN,S2A_MSIL2A_20240424T100031_R122_T34VEN_20240424T152924
S2_FI_00013448,67655,2024-04-24,0.0,77.659208,47.9850621414599,171.382567205399,,,34VEN,S2A_MSIL2A_20240424T100031_R122_T34VEN_20240424T152924
S2_FI_00013449,67655,2024-04-24,0.0,77.659208,47.9850621414599,171.382567205399,,,34VEN,S2A_MSIL2A_20240424T100031_R122_T34VEN_20240424T152924
S2_FI_00013450,67655,2024-04-24,0.0,77.659208,47.9850621414599,171.382567205399,,,34VEN,S2A_MSIL2A_20240424T100031_R122_T34VEN_20240424T152924
S2_FI_00013451,67655,2024-04-24,0.0,77.659208,47.9850621414599,171.382567205399,,,34VEN,S2A_MSIL2A_20240424T100031_R122_T34VEN_20240424T152924
S2_FI_00013452,67655,2024-04-29,0.0,100.0,46.3887894420113,171.459490705773,,,34VEN,S2B_MSIL2A_20240429T095549_R122_T34VEN_20240429T142223
S2_FI_00013453,67655,2024-04-29,0.0,100.0,46.3887894420113,171.459490705773,,,34VEN,S2B_MSIL2A_20240429T095549_R122_T34VEN_20240429T142223
S2_FI_00013454,67655,2024-04-29,0.0,100.0,46.3887894420113,171.459490705773,,,34VEN,S2B_MSIL2A_20240429T095549_R122_T34VEN_20240429T142223
S2_FI_00013455,67655,2024-04-29,0.0,100.0,46.3887894420113,171.459490705773,,,34VEN,S2B_MSIL2A_20240429T095549_R122_T34VEN_20240429T142223
S2_FI_00013456,67655,2024-04-29,0.0,100.0,46.3887894420113,171.459490705773,,,34VEN,S2B_MSIL2A_20240429T095549_R122_T34VEN_20240429T142223
S2_FI_00013457,67655,2024-04-29,0.0,100.0,46.3887894420113,171.459490705773,,,34VEN,S2B_MSIL2A_20240429T095549_R122_T34VEN_20240429T142223
S2_FI_00013458,67655,2024-05-07,0.0,9.36747,43.9080980370777,174.911781061403,,,34VEN,S2A_MSIL2A_20240507T100601_R022_T34VEN_20240507T155339
S2_FI_00013459,67655,2024-05-07,0.0,9.36747,43.9080980370777,174.911781061403,,,34VEN,S2A_MSIL2A_20240507T100601_R022_T34VEN_20240507T155339
S2_FI_00013460,67655,2024-05-07,0.0,9.36747,43.9080980370777,174.911781061403,,,34VEN,S2A_MSIL2A_20240507T100601_R022_T34VEN_20240507T155339
S2_FI_00013461,67655,2024-05-07,0.0,9.36747,43.9080980370777,174.911781061403,,,34VEN,S2A_MSIL2A_20240507T100601_R022_T34VEN_20240507T155339
S2_FI_00013462,67655,2024-05-07,0.0,9.36747,43.9080980370777,174.911781061403,,,34VEN,S2A_MSIL2A_20240507T100601_R022_T34VEN_20240507T155339
S2_FI_00013463,67655,2024-05-07,0.0,9.36747,43.9080980370777,174.911781061403,,,34VEN,S2A_MSIL2A_20240507T100601_R022_T34VEN_20240507T155339
S2_FI_00013464,67655,2024-05-14,0.0,58.041942,42.2663677247592,171.348181670994,,,34VEN,S2A_MSIL2A_20240514T100031_R122_T34VEN_20240514T140519
S2_FI_00013465,67655,2024-05-14,0.0,58.041942,42.2663677247592,171.348181670994,,,34VEN,S2A_MSIL2A_20240514T100031_R122_T34VEN_20240514T140519
S2_FI_00013466,67655,2024-05-14,0.0,58.041942,42.2663677247592,171.348181670994,,,34VEN,S2A_MSIL2A_20240514T100031_R122_T34VEN_20240514T140519
S2_FI_00013467,67655,2024-05-14,0.0,58.041942,42.2663677247592,171.348181670994,,,34VEN,S2A_MSIL2A_20240514T100031_R122_T34VEN_20240514T140519
S2_FI_00013468,67655,2024-05-14,0.0,58.041942,42.2663677247592,171.348181670994,,,34VEN,S2A_MSIL2A_20240514T100031_R122_T34VEN_20240514T140519
S2_FI_00013469,67655,2024-05-14,0.0,58.041942,42.2663677247592,171.348181670994,,,34VEN,S2A_MSIL2A_20240514T100031_R122_T34VEN_20240514T140519
S2_FI_00013470,67655,2024-05-19,1.0,1.646609,41.1538219802786,171.136359447518,,,34VEN,S2B_MSIL2A_20240519T095549_R122_T34VEN_20240519T140724
S2_FI_00013471,67655,2024-05-19,1.0,1.646609,41.1538219802786,171.136359447518,,,34VEN,S2B_MSIL2A_20240519T095549_R122_T34VEN_20240519T140724
S2_FI_00013472,67655,2024-05-19,1.0,1.646609,41.1538219802786,171.136359447518,,,34VEN,S2B_MSIL2A_20240519T095549_R122_T34VEN_20240519T140724
S2_FI_00013473,67655,2024-05-19,1.0,1.646609,41.1538219802786,171.136359447518,,,34VEN,S2B_MSIL2A_20240519T095549_R122_T34VEN_20240519T140724
S2_FI_00013474,67655,2024-05-19,1.0,1.646609,41.1538219802786,171.136359447518,,,34VEN,S2B_MSIL2A_20240519T095549_R122_T34VEN_20240519T140724
S2_FI_00013475,67655,2024-05-19,1.0,1.646609,41.1538219802786,171.136359447518,,,34VEN,S2B_MSIL2A_20240519T095549_R122_T34VEN_20240519T140724
S2_FI_00013476,67655,2024-05-27,1.0,9.496728,39.5184585027338,174.338730056577,,,34VEN,S2A_MSIL2A_20240527T100601_R022_T34VEN_20240527T171509
S2_FI_00013477,67655,2024-05-27,1.0,9.496728,39.5184585027338,174.338730056577,,,34VEN,S2A_MSIL2A_20240527T100601_R022_T34VEN_20240527T171509
S2_FI_00013478,67655,2024-05-27,1.0,9.496728,39.5184585027338,174.338730056577,,,34VEN,S2A_MSIL2A_20240527T100601_R022_T34VEN_20240527T171509
S2_FI_00013479,67655,2024-05-27,1.0,9.496728,39.5184585027338,174.338730056577,,,34VEN,S2A_MSIL2A_20240527T100601_R022_T34VEN_20240527T171509
S2_FI_00013480,67655,2024-05-27,1.0,9.496728,39.5184585027338,174.338730056577,,,34VEN,S2A_MSIL2A_20240527T100601_R022_T34VEN_20240527T171509
S2_FI_00013481,67655,2024-05-27,1.0,9.496728,39.5184585027338,174.338730056577,,,34VEN,S2A_MSIL2A_20240527T100601_R022_T34VEN_20240527T171509
S2_FI_00013482,67655,2024-06-16,1.0,99.200791,37.613074887719,172.845623298738,,,34VEN,S2A_MSIL2A_20240616T100601_R022_T34VEN_20240616T170641
S2_FI_00013483,67655,2024-06-16,1.0,99.200791,37.613074887719,172.845623298738,,,34VEN,S2A_MSIL2A_20240616T100601_R022_T34VEN_20240616T170641
S2_FI_00013484,67655,2024-06-16,1.0,99.200791,37.613074887719,172.845623298738,,,34VEN,S2A_MSIL2A_20240616T100601_R022_T34VEN_20240616T170641
S2_FI_00013485,67655,2024-06-16,1.0,99.200791,37.613074887719,172.845623298738,,,34VEN,S2A_MSIL2A_20240616T100601_R022_T34VEN_20240616T170641
S2_FI_00013486,67655,2024-06-16,1.0,99.200791,37.613074887719,172.845623298738,,,34VEN,S2A_MSIL2A_20240616T100601_R022_T34VEN_20240616T170641
S2_FI_00013487,67655,2024-06-16,1.0,99.200791,37.613074887719,172.845623298738,,,34VEN,S2A_MSIL2A_20240616T100601_R022_T34VEN_20240616T170641
S2_FI_00013488,67655,2024-07-15,0.0,56.427103,40.1844003767202,163.937388516131,,,34VEN,S2B_MSIL2A_20240715T094549_R079_T34VEN_20240715T135225
S2_FI_00013489,67655,2024-07-15,0.0,56.427103,40.1844003767202,163.937388516131,,,34VEN,S2B_MSIL2A_20240715T094549_R079_T34VEN_20240715T135225
S2_FI_00013490,67655,2024-07-15,0.0,56.427103,40.1844003767202,163.937388516131,,,34VEN,S2B_MSIL2A_20240715T094549_R079_T34VEN_20240715T135225
S2_FI_00013491,67655,2024-07-15,0.0,56.427103,40.1844003767202,163.937388516131,,,34VEN,S2B_MSIL2A_20240715T094549_R079_T34VEN_20240715T135225
S2_FI_00013492,67655,2024-07-15,0.0,56.427103,40.1844003767202,163.937388516131,,,34VEN,S2B_MSIL2A_20240715T094549_R079_T34VEN_20240715T135225
S2_FI_00013493,67655,2024-07-15,0.0,56.427103,40.1844003767202,163.937388516131,,,34VEN,S2B_MSIL2A_20240715T094549_R079_T34VEN_20240715T135225
S2_FI_00013494,67655,2024-08-12,1.0,97.805858,46.4789978153325,168.901575257218,,,34VEN,S2A_MSIL2A_20240812T100031_R122_T34VEN_20240812T140649
S2_FI_00013495,67655,2024-08-12,1.0,97.805858,46.4789978153325,168.901575257218,,,34VEN,S2A_MSIL2A_20240812T100031_R122_T34VEN_20240812T140649
S2_FI_00013496,67655,2024-08-12,1.0,97.805858,46.4789978153325,168.901575257218,,,34VEN,S2A_MSIL2A_20240812T100031_R122_T34VEN_20240812T140649
S2_FI_00013497,67655,2024-08-12,1.0,97.805858,46.4789978153325,168.901575257218,,,34VEN,S2A_MSIL2A_20240812T100031_R122_T34VEN_20240812T140649
S2_FI_00013498,67655,2024-08-12,1.0,97.805858,46.4789978153325,168.901575257218,,,34VEN,S2A_MSIL2A_20240812T100031_R122_T34VEN_20240812T140649
S2_FI_00013499,67655,2024-08-12,1.0,97.805858,46.4789978153325,168.901575257218,,,34VEN,S2A_MSIL2A_20240812T100031_R122_T34VEN_20240812T140649
S2_FI_00013500,67655,2024-08-25,1.0,60.593408,50.470068515378,173.532500111311,,,34VEN,S2A_MSIL2A_20240825T100551_R022_T34VEN_20240825T162201
S2_FI_00013501,67655,2024-08-25,1.0,60.593408,50.470068515378,173.532500111311,,,34VEN,S2A_MSIL2A_20240825T100551_R022_T34VEN_20240825T162201
S2_FI_00013502,67655,2024-08-25,1.0,60.593408,50.470068515378,173.532500111311,,,34VEN,S2A_MSIL2A_20240825T100551_R022_T34VEN_20240825T162201
S2_FI_00013503,67655,2024-08-25,1.0,60.593408,50.470068515378,173.532500111311,,,34VEN,S2A_MSIL2A_20240825T100551_R022_T34VEN_20240825T162201
S2_FI_00013504,67655,2024-08-25,1.0,60.593408,50.470068515378,173.532500111311,,,34VEN,S2A_MSIL2A_20240825T100551_R022_T34VEN_20240825T162201
S2_FI_00013505,67655,2024-08-25,1.0,60.593408,50.470068515378,173.532500111311,,,34VEN,S2A_MSIL2A_20240825T100551_R022_T34VEN_20240825T162201
S2_FI_00013506,67655,2024-09-09,0.0,31.269073,55.8724960288687,175.360698214372,,,34VEN,S2B_MSIL2A_20240909T100559_R022_T34VEN_20240909T134240
S2_FI_00013507,67655,2024-09-09,0.0,31.269073,55.8724960288687,175.360698214372,,,34VEN,S2B_MSIL2A_20240909T100559_R022_T34VEN_20240909T134240
S2_FI_00013508,67655,2024-09-09,0.0,31.269073,55.8724960288687,175.360698214372,,,34VEN,S2B_MSIL2A_20240909T100559_R022_T34VEN_20240909T134240
S2_FI_00013509,67655,2024-09-09,0.0,31.269073,55.8724960288687,175.360698214372,,,34VEN,S2B_MSIL2A_20240909T100559_R022_T34VEN_20240909T134240
S2_FI_00013510,67655,2024-09-09,0.0,31.269073,55.8724960288687,175.360698214372,,,34VEN,S2B_MSIL2A_20240909T100559_R022_T34VEN_20240909T134240
S2_FI_00013511,67655,2024-09-09,0.0,31.269073,55.8724960288687,175.360698214372,,,34VEN,S2B_MSIL2A_20240909T100559_R022_T34VEN_20240909T134240
S2_FI_00013512,67655,2024-09-24,1.0,80.039948,61.6102683014987,177.131892880869,,,34VEN,S2A_MSIL2A_20240924T100741_R022_T34VEN_20240924T122746
S2_FI_00013513,67655,2024-09-24,1.0,80.039948,61.6102683014987,177.131892880869,,,34VEN,S2A_MSIL2A_20240924T100741_R022_T34VEN_20240924T122746
S2_FI_00013514,67655,2024-09-24,1.0,80.039948,61.6102683014987,177.131892880869,,,34VEN,S2A_MSIL2A_20240924T100741_R022_T34VEN_20240924T122746
S2_FI_00013515,67655,2024-09-24,1.0,80.039948,61.6102683014987,177.131892880869,,,34VEN,S2A_MSIL2A_20240924T100741_R022_T34VEN_20240924T122746
S2_FI_00013516,67655,2024-09-24,1.0,80.039948,61.6102683014987,177.131892880869,,,34VEN,S2A_MSIL2A_20240924T100741_R022_T34VEN_20240924T122746
S2_FI_00013517,67655,2024-09-24,1.0,80.039948,61.6102683014987,177.131892880869,,,34VEN,S2A_MSIL2A_20240924T100741_R022_T34VEN_20240924T122746
S2_FI_00013518,67655,2024-10-09,0.0,100.0,67.3806778574502,178.536404929611,,,34VEN,S2B_MSIL2A_20241009T100829_R022_T34VEN_20241009T132806
S2_FI_00013519,67655,2024-10-09,0.0,100.0,67.3806778574502,178.536404929611,,,34VEN,S2B_MSIL2A_20241009T100829_R022_T34VEN_20241009T132806
S2_FI_00013520,67655,2024-10-09,0.0,100.0,67.3806778574502,178.536404929611,,,34VEN,S2B_MSIL2A_20241009T100829_R022_T34VEN_20241009T132806
S2_FI_00013521,67655,2024-10-09,0.0,100.0,67.3806778574502,178.536404929611,,,34VEN,S2B_MSIL2A_20241009T100829_R022_T34VEN_20241009T132806
S2_FI_00013522,67655,2024-10-09,0.0,100.0,67.3806778574502,178.536404929611,,,34VEN,S2B_MSIL2A_20241009T100829_R022_T34VEN_20241009T132806
S2_FI_00013523,67655,2024-10-09,0.0,100.0,67.3806778574502,178.536404929611,,,34VEN,S2B_MSIL2A_20241009T100829_R022_T34VEN_20241009T132806
S2_FI_00013524,67655,2024-10-14,0.0,80.99606,69.2516681404028,178.89384977155,,,34VEN,S2A_MSIL2A_20241014T101021_R022_T34VEN_20241014T122144
S2_FI_00013525,67655,2024-10-14,0.0,80.99606,69.2516681404028,178.89384977155,,,34VEN,S2A_MSIL2A_20241014T101021_R022_T34VEN_20241014T122144
S2_FI_00013526,67655,2024-10-14,0.0,80.99606,69.2516681404028,178.89384977155,,,34VEN,S2A_MSIL2A_20241014T101021_R022_T34VEN_20241014T122144
S2_FI_00013527,67655,2024-10-14,0.0,80.99606,69.2516681404028,178.89384977155,,,34VEN,S2A_MSIL2A_20241014T101021_R022_T34VEN_20241014T122144
S2_FI_00013528,67655,2024-10-14,0.0,80.99606,69.2516681404028,178.89384977155,,,34VEN,S2A_MSIL2A_20241014T101021_R022_T34VEN_20241014T122144
S2_FI_00013529,67655,2024-10-14,0.0,80.99606,69.2516681404028,178.89384977155,,,34VEN,S2A_MSIL2A_20241014T101021_R022_T34VEN_20241014T122144
S2_FI_00013530,67655,2024-10-29,0.0,67.557937,74.522402951084,179.512231733419,,,34VEN,S2B_MSIL2A_20241029T101039_R022_T34VEN_20241029T112818
S2_FI_00013531,67655,2024-10-29,0.0,67.557937,74.522402951084,179.512231733419,,,34VEN,S2B_MSIL2A_20241029T101039_R022_T34VEN_20241029T112818
S2_FI_00013532,67655,2024-10-29,0.0,67.557937,74.522402951084,179.512231733419,,,34VEN,S2B_MSIL2A_20241029T101039_R022_T34VEN_20241029T112818
S2_FI_00013533,67655,2024-10-29,0.0,67.557937,74.522402951084,179.512231733419,,,34VEN,S2B_MSIL2A_20241029T101039_R022_T34VEN_20241029T112818
S2_FI_00013534,67655,2024-10-29,0.0,67.557937,74.522402951084,179.512231733419,,,34VEN,S2B_MSIL2A_20241029T101039_R022_T34VEN_20241029T112818
S2_FI_00013535,67655,2024-10-29,0.0,67.557937,74.522402951084,179.512231733419,,,34VEN,S2B_MSIL2A_20241029T101039_R022_T34VEN_20241029T112818
S2_FI_00013536,67655,2024-11-03,1.0,99.857521,76.1195875199034,179.541876007632,,,34VEN,S2A_MSIL2A_20241103T101201_R022_T34VEN_20241103T122857
S2_FI_00013537,67655,2024-11-03,1.0,99.857521,76.1195875199034,179.541876007632,,,34VEN,S2A_MSIL2A_20241103T101201_R022_T34VEN_20241103T122857
S2_FI_00013538,67655,2024-11-03,1.0,99.857521,76.1195875199034,179.541876007632,,,34VEN,S2A_MSIL2A_20241103T101201_R022_T34VEN_20241103T122857
S2_FI_00013539,67655,2024-11-03,1.0,99.857521,76.1195875199034,179.541876007632,,,34VEN,S2A_MSIL2A_20241103T101201_R022_T34VEN_20241103T122857
S2_FI_00013540,67655,2024-11-03,1.0,99.857521,76.1195875199034,179.541876007632,,,34VEN,S2A_MSIL2A_20241103T101201_R022_T34VEN_20241103T122857
S2_FI_00013541,67655,2024-11-03,1.0,99.857521,76.1195875199034,179.541876007632,,,34VEN,S2A_MSIL2A_20241103T101201_R022_T34VEN_20241103T122857
S2_FI_00013542,67655,2024-11-18,0.0,44.559044,80.229922223916,179.154905506319,,,34VEN,S2B_MSIL2A_20241118T101219_R022_T34VEN_20241118T113501
S2_FI_00013543,67655,2024-11-18,0.0,44.559044,80.229922223916,179.154905506319,,,34VEN,S2B_MSIL2A_20241118T101219_R022_T34VEN_20241118T113501
S2_FI_00013544,67655,2024-11-18,0.0,44.559044,80.229922223916,179.154905506319,,,34VEN,S2B_MSIL2A_20241118T101219_R022_T34VEN_20241118T113501
S2_FI_00013545,67655,2024-11-18,0.0,44.559044,80.229922223916,179.154905506319,,,34VEN,S2B_MSIL2A_20241118T101219_R022_T34VEN_20241118T113501
S2_FI_00013546,67655,2024-11-18,0.0,44.559044,80.229922223916,179.154905506319,,,34VEN,S2B_MSIL2A_20241118T101219_R022_T34VEN_20241118T113501
S2_FI_00013547,67655,2024-11-18,0.0,44.559044,80.229922223916,179.154905506319,,,34VEN,S2B_MSIL2A_20241118T101219_R022_T34VEN_20241118T113501
S2_FI_00013548,67655,2024-12-08,2.0,99.991137,83.6517184487988,177.606336596562,,,34VEN,S2B_MSIL2A_20241208T101329_R022_T34VEN_20241208T125855
S2_FI_00013549,67655,2024-12-08,2.0,99.991137,83.6517184487988,177.606336596562,,,34VEN,S2B_MSIL2A_20241208T101329_R022_T34VEN_20241208T125855
S2_FI_00013550,67655,2024-12-08,2.0,99.991137,83.6517184487988,177.606336596562,,,34VEN,S2B_MSIL2A_20241208T101329_R022_T34VEN_20241208T125855
S2_FI_00013551,67655,2024-12-08,2.0,99.991137,83.6517184487988,177.606336596562,,,34VEN,S2B_MSIL2A_20241208T101329_R022_T34VEN_20241208T125855
S2_FI_00013552,67655,2024-12-08,2.0,99.991137,83.6517184487988,177.606336596562,,,34VEN,S2B_MSIL2A_20241208T101329_R022_T34VEN_20241208T125855
S2_FI_00013553,67655,2024-12-08,2.0,99.991137,83.6517184487988,177.606336596562,,,34VEN,S2B_MSIL2A_20241208T101329_R022_T34VEN_20241208T125855
S2_FI_00013638,70605,2023-01-15,3.0,99.999899,83.8809922863711,174.899002613801,,,35VMK,S2B_MSIL2A_20230115T100249_R122_T35VMK_20240811T112331
S2_FI_00013639,70605,2023-01-15,3.0,99.999899,83.8809922863711,174.899002613801,,,35VMK,S2B_MSIL2A_20230115T100249_R122_T35VMK_20240811T112331
S2_FI_00013640,70605,2023-01-15,3.0,99.999899,83.8809922863711,174.899002613801,,,35VMK,S2B_MSIL2A_20230115T100249_R122_T35VMK_20240811T112331
S2_FI_00013641,70605,2023-01-15,3.0,99.999899,83.8809922863711,174.899002613801,,,35VMK,S2B_MSIL2A_20230115T100249_R122_T35VMK_20240811T112331
S2_FI_00013642,70605,2023-01-15,3.0,99.999899,83.8809922863711,174.899002613801,,,35VMK,S2B_MSIL2A_20230115T100249_R122_T35VMK_20240811T112331
S2_FI_00013643,70605,2023-01-15,3.0,99.999899,83.8809922863711,174.899002613801,,,35VMK,S2B_MSIL2A_20230115T100249_R122_T35VMK_20240811T112331
S2_FI_00013644,70605,2023-03-16,1.0,3.916359,64.5260596879314,174.167113623527,,,35VMK,S2B_MSIL2A_20230316T100029_R122_T35VMK_20240806T010023
S2_FI_00013645,70605,2023-03-16,1.0,3.916359,64.5260596879314,174.167113623527,,,35VMK,S2B_MSIL2A_20230316T100029_R122_T35VMK_20240806T010023
S2_FI_00013646,70605,2023-03-16,1.0,3.916359,64.5260596879314,174.167113623527,,,35VMK,S2B_MSIL2A_20230316T100029_R122_T35VMK_20240806T010023
S2_FI_00013647,70605,2023-03-16,1.0,3.916359,64.5260596879314,174.167113623527,,,35VMK,S2B_MSIL2A_20230316T100029_R122_T35VMK_20240806T010023
S2_FI_00013648,70605,2023-03-16,1.0,3.916359,64.5260596879314,174.167113623527,,,35VMK,S2B_MSIL2A_20230316T100029_R122_T35VMK_20240806T010023
S2_FI_00013649,70605,2023-03-16,1.0,3.916359,64.5260596879314,174.167113623527,,,35VMK,S2B_MSIL2A_20230316T100029_R122_T35VMK_20240806T010023
S2_FI_00013650,70605,2023-03-28,1.0,100.0,59.8936982416921,172.030047156878,,,35VMK,S2A_MSIL2A_20230328T095031_R079_T35VMK_20240829T134810
S2_FI_00013651,70605,2023-03-28,1.0,100.0,59.8936982416921,172.030047156878,,,35VMK,S2A_MSIL2A_20230328T095031_R079_T35VMK_20240829T134810
S2_FI_00013652,70605,2023-03-28,1.0,100.0,59.8936982416921,172.030047156878,,,35VMK,S2A_MSIL2A_20230328T095031_R079_T35VMK_20240829T134810
S2_FI_00013653,70605,2023-03-28,1.0,100.0,59.8936982416921,172.030047156878,,,35VMK,S2A_MSIL2A_20230328T095031_R079_T35VMK_20240829T134810
S2_FI_00013654,70605,2023-03-28,1.0,100.0,59.8936982416921,172.030047156878,,,35VMK,S2A_MSIL2A_20230328T095031_R079_T35VMK_20240829T134810
S2_FI_00013655,70605,2023-03-28,1.0,100.0,59.8936982416921,172.030047156878,,,35VMK,S2A_MSIL2A_20230328T095031_R079_T35VMK_20240829T134810
S2_FI_00013656,70605,2023-04-05,1.0,28.585112,56.6531054869059,175.484592100716,,,35VMK,S2B_MSIL2A_20230405T100029_R122_T35VMK_20240830T025509
S2_FI_00013657,70605,2023-04-05,1.0,28.585112,56.6531054869059,175.484592100716,,,35VMK,S2B_MSIL2A_20230405T100029_R122_T35VMK_20240830T025509
S2_FI_00013658,70605,2023-04-05,1.0,28.585112,56.6531054869059,175.484592100716,,,35VMK,S2B_MSIL2A_20230405T100029_R122_T35VMK_20240830T025509
S2_FI_00013659,70605,2023-04-05,1.0,28.585112,56.6531054869059,175.484592100716,,,35VMK,S2B_MSIL2A_20230405T100029_R122_T35VMK_20240830T025509
S2_FI_00013660,70605,2023-04-05,1.0,28.585112,56.6531054869059,175.484592100716,,,35VMK,S2B_MSIL2A_20230405T100029_R122_T35VMK_20240830T025509
S2_FI_00013661,70605,2023-04-05,1.0,28.585112,56.6531054869059,175.484592100716,,,35VMK,S2B_MSIL2A_20230405T100029_R122_T35VMK_20240830T025509
S2_FI_00013662,70605,2023-04-10,1.0,34.537539,54.7676395360456,175.809566662136,,,35VMK,S2A_MSIL2A_20230410T100031_R122_T35VMK_20230410T162108
S2_FI_00013663,70605,2023-04-10,1.0,34.537539,54.7676395360456,175.809566662136,,,35VMK,S2A_MSIL2A_20230410T100031_R122_T35VMK_20230410T162108
S2_FI_00013664,70605,2023-04-10,1.0,34.537539,54.7676395360456,175.809566662136,,,35VMK,S2A_MSIL2A_20230410T100031_R122_T35VMK_20230410T162108
S2_FI_00013665,70605,2023-04-10,1.0,34.537539,54.7676395360456,175.809566662136,,,35VMK,S2A_MSIL2A_20230410T100031_R122_T35VMK_20230410T162108
S2_FI_00013666,70605,2023-04-10,1.0,34.537539,54.7676395360456,175.809566662136,,,35VMK,S2A_MSIL2A_20230410T100031_R122_T35VMK_20230410T162108
S2_FI_00013667,70605,2023-04-10,1.0,34.537539,54.7676395360456,175.809566662136,,,35VMK,S2A_MSIL2A_20230410T100031_R122_T35VMK_20230410T162108
S2_FI_00013668,70605,2023-04-20,0.0,100.0,51.1772209495297,176.400834591816,,,35VMK,S2A_MSIL2A_20230420T100021_R122_T35VMK_20240901T024713
S2_FI_00013669,70605,2023-04-20,0.0,100.0,51.1772209495297,176.400834591816,,,35VMK,S2A_MSIL2A_20230420T100021_R122_T35VMK_20240901T024713
S2_FI_00013670,70605,2023-04-20,0.0,100.0,51.1772209495297,176.400834591816,,,35VMK,S2A_MSIL2A_20230420T100021_R122_T35VMK_20240901T024713
S2_FI_00013671,70605,2023-04-20,0.0,100.0,51.1772209495297,176.400834591816,,,35VMK,S2A_MSIL2A_20230420T100021_R122_T35VMK_20240901T024713
S2_FI_00013672,70605,2023-04-20,0.0,100.0,51.1772209495297,176.400834591816,,,35VMK,S2A_MSIL2A_20230420T100021_R122_T35VMK_20240901T024713
S2_FI_00013673,70605,2023-04-20,0.0,100.0,51.1772209495297,176.400834591816,,,35VMK,S2A_MSIL2A_20230420T100021_R122_T35VMK_20240901T024713
S2_FI_00013674,70605,2023-04-25,1.0,99.843442,49.4962820544751,176.658762569672,,,35VMK,S2B_MSIL2A_20230425T100029_R122_T35VMK_20240901T190605
S2_FI_00013675,70605,2023-04-25,1.0,99.843442,49.4962820544751,176.658762569672,,,35VMK,S2B_MSIL2A_20230425T100029_R122_T35VMK_20240901T190605
S2_FI_00013676,70605,2023-04-25,1.0,99.843442,49.4962820544751,176.658762569672,,,35VMK,S2B_MSIL2A_20230425T100029_R122_T35VMK_20240901T190605
S2_FI_00013677,70605,2023-04-25,1.0,99.843442,49.4962820544751,176.658762569672,,,35VMK,S2B_MSIL2A_20230425T100029_R122_T35VMK_20240901T190605
S2_FI_00013678,70605,2023-04-25,1.0,99.843442,49.4962820544751,176.658762569672,,,35VMK,S2B_MSIL2A_20230425T100029_R122_T35VMK_20240901T190605
S2_FI_00013679,70605,2023-04-25,1.0,99.843442,49.4962820544751,176.658762569672,,,35VMK,S2B_MSIL2A_20230425T100029_R122_T35VMK_20240901T190605
S2_FI_00013680,70605,2023-05-05,1.0,80.366457,46.4240824211008,176.976221098907,,,35VMK,S2B_MSIL2A_20230505T100029_R122_T35VMK_20230505T132658
S2_FI_00013681,70605,2023-05-05,1.0,80.366457,46.4240824211008,176.976221098907,,,35VMK,S2B_MSIL2A_20230505T100029_R122_T35VMK_20230505T132658
S2_FI_00013682,70605,2023-05-05,1.0,80.366457,46.4240824211008,176.976221098907,,,35VMK,S2B_MSIL2A_20230505T100029_R122_T35VMK_20230505T132658
S2_FI_00013683,70605,2023-05-05,1.0,80.366457,46.4240824211008,176.976221098907,,,35VMK,S2B_MSIL2A_20230505T100029_R122_T35VMK_20230505T132658
S2_FI_00013684,70605,2023-05-05,1.0,80.366457,46.4240824211008,176.976221098907,,,35VMK,S2B_MSIL2A_20230505T100029_R122_T35VMK_20230505T132658
S2_FI_00013685,70605,2023-05-05,1.0,80.366457,46.4240824211008,176.976221098907,,,35VMK,S2B_MSIL2A_20230505T100029_R122_T35VMK_20230505T132658
S2_FI_00013686,70605,2023-05-07,1.0,3.162677,45.9570470218966,173.674981721764,,,35VMK,S2A_MSIL2A_20230507T095031_R079_T35VMK_20240907T000712
S2_FI_00013687,70605,2023-05-07,1.0,3.162677,45.9570470218966,173.674981721764,,,35VMK,S2A_MSIL2A_20230507T095031_R079_T35VMK_20240907T000712
S2_FI_00013688,70605,2023-05-07,1.0,3.162677,45.9570470218966,173.674981721764,,,35VMK,S2A_MSIL2A_20230507T095031_R079_T35VMK_20240907T000712
S2_FI_00013689,70605,2023-05-07,1.0,3.162677,45.9570470218966,173.674981721764,,,35VMK,S2A_MSIL2A_20230507T095031_R079_T35VMK_20240907T000712
S2_FI_00013690,70605,2023-05-07,1.0,3.162677,45.9570470218966,173.674981721764,,,35VMK,S2A_MSIL2A_20230507T095031_R079_T35VMK_20240907T000712
S2_FI_00013691,70605,2023-05-07,1.0,3.162677,45.9570470218966,173.674981721764,,,35VMK,S2A_MSIL2A_20230507T095031_R079_T35VMK_20240907T000712
S2_FI_00013692,70605,2023-05-17,0.0,99.927074,43.4412645027603,173.552075138069,,,35VMK,S2A_MSIL2A_20230517T095031_R079_T35VMK_20230517T152454
S2_FI_00013693,70605,2023-05-17,0.0,99.927074,43.4412645027603,173.552075138069,,,35VMK,S2A_MSIL2A_20230517T095031_R079_T35VMK_20230517T152454
S2_FI_00013694,70605,2023-05-17,0.0,99.927074,43.4412645027603,173.552075138069,,,35VMK,S2A_MSIL2A_20230517T095031_R079_T35VMK_20230517T152454
S2_FI_00013695,70605,2023-05-17,0.0,99.927074,43.4412645027603,173.552075138069,,,35VMK,S2A_MSIL2A_20230517T095031_R079_T35VMK_20230517T152454
S2_FI_00013696,70605,2023-05-17,0.0,99.927074,43.4412645027603,173.552075138069,,,35VMK,S2A_MSIL2A_20230517T095031_R079_T35VMK_20230517T152454
S2_FI_00013697,70605,2023-05-17,0.0,99.927074,43.4412645027603,173.552075138069,,,35VMK,S2A_MSIL2A_20230517T095031_R079_T35VMK_20230517T152454
S2_FI_00013698,70605,2023-06-06,1.0,83.017653,40.1480125798991,172.478287300211,,,35VMK,S2A_MSIL2A_20230606T095031_R079_T35VMK_20240928T023512
S2_FI_00013699,70605,2023-06-06,1.0,83.017653,40.1480125798991,172.478287300211,,,35VMK,S2A_MSIL2A_20230606T095031_R079_T35VMK_20240928T023512
S2_FI_00013700,70605,2023-06-06,1.0,83.017653,40.1480125798991,172.478287300211,,,35VMK,S2A_MSIL2A_20230606T095031_R079_T35VMK_20240928T023512
S2_FI_00013701,70605,2023-06-06,1.0,83.017653,40.1480125798991,172.478287300211,,,35VMK,S2A_MSIL2A_20230606T095031_R079_T35VMK_20240928T023512
S2_FI_00013702,70605,2023-06-06,1.0,83.017653,40.1480125798991,172.478287300211,,,35VMK,S2A_MSIL2A_20230606T095031_R079_T35VMK_20240928T023512
S2_FI_00013703,70605,2023-06-06,1.0,83.017653,40.1480125798991,172.478287300211,,,35VMK,S2A_MSIL2A_20230606T095031_R079_T35VMK_20240928T023512
S2_FI_00013704,70605,2023-07-04,1.0,97.791415,39.8590489598199,173.973205622694,,,35VMK,S2B_MSIL2A_20230704T095559_R122_T35VMK_20230704T142438
S2_FI_00013705,70605,2023-07-04,1.0,97.791415,39.8590489598199,173.973205622694,,,35VMK,S2B_MSIL2A_20230704T095559_R122_T35VMK_20230704T142438
S2_FI_00013706,70605,2023-07-04,1.0,97.791415,39.8590489598199,173.973205622694,,,35VMK,S2B_MSIL2A_20230704T095559_R122_T35VMK_20230704T142438
S2_FI_00013707,70605,2023-07-04,1.0,97.791415,39.8590489598199,173.973205622694,,,35VMK,S2B_MSIL2A_20230704T095559_R122_T35VMK_20230704T142438
S2_FI_00013708,70605,2023-07-04,1.0,97.791415,39.8590489598199,173.973205622694,,,35VMK,S2B_MSIL2A_20230704T095559_R122_T35VMK_20230704T142438
S2_FI_00013709,70605,2023-07-04,1.0,97.791415,39.8590489598199,173.973205622694,,,35VMK,S2B_MSIL2A_20230704T095559_R122_T35VMK_20230704T142438
S2_FI_00013710,70605,2023-08-08,0.0,89.234585,46.5942090697923,174.020588536019,,,35VMK,S2A_MSIL2A_20230808T100031_R122_T35VMK_20241021T205631
S2_FI_00013711,70605,2023-08-08,0.0,89.234585,46.5942090697923,174.020588536019,,,35VMK,S2A_MSIL2A_20230808T100031_R122_T35VMK_20241021T205631
S2_FI_00013712,70605,2023-08-08,0.0,89.234585,46.5942090697923,174.020588536019,,,35VMK,S2A_MSIL2A_20230808T100031_R122_T35VMK_20241021T205631
S2_FI_00013713,70605,2023-08-08,0.0,89.234585,46.5942090697923,174.020588536019,,,35VMK,S2A_MSIL2A_20230808T100031_R122_T35VMK_20241021T205631
S2_FI_00013714,70605,2023-08-08,0.0,89.234585,46.5942090697923,174.020588536019,,,35VMK,S2A_MSIL2A_20230808T100031_R122_T35VMK_20241021T205631
S2_FI_00013715,70605,2023-08-08,0.0,89.234585,46.5942090697923,174.020588536019,,,35VMK,S2A_MSIL2A_20230808T100031_R122_T35VMK_20241021T205631
S2_FI_00013716,70605,2023-08-23,1.0,76.249367,51.25234660665,175.252184507666,,,35VMK,S2B_MSIL2A_20230823T095559_R122_T35VMK_20241019T191513
S2_FI_00013717,70605,2023-08-23,1.0,76.249367,51.25234660665,175.252184507666,,,35VMK,S2B_MSIL2A_20230823T095559_R122_T35VMK_20241019T191513
S2_FI_00013718,70605,2023-08-23,1.0,76.249367,51.25234660665,175.252184507666,,,35VMK,S2B_MSIL2A_20230823T095559_R122_T35VMK_20241019T191513
S2_FI_00013719,70605,2023-08-23,1.0,76.249367,51.25234660665,175.252184507666,,,35VMK,S2B_MSIL2A_20230823T095559_R122_T35VMK_20241019T191513
S2_FI_00013720,70605,2023-08-23,1.0,76.249367,51.25234660665,175.252184507666,,,35VMK,S2B_MSIL2A_20230823T095559_R122_T35VMK_20241019T191513
S2_FI_00013721,70605,2023-08-23,1.0,76.249367,51.25234660665,175.252184507666,,,35VMK,S2B_MSIL2A_20230823T095559_R122_T35VMK_20241019T191513
S2_FI_00013722,70605,2023-09-07,1.0,60.371482,56.583564337053,176.878752253627,,,35VMK,S2A_MSIL2A_20230907T100031_R122_T35VMK_20240825T180015
S2_FI_00013723,70605,2023-09-07,1.0,60.371482,56.583564337053,176.878752253627,,,35VMK,S2A_MSIL2A_20230907T100031_R122_T35VMK_20240825T180015
S2_FI_00013724,70605,2023-09-07,1.0,60.371482,56.583564337053,176.878752253627,,,35VMK,S2A_MSIL2A_20230907T100031_R122_T35VMK_20240825T180015
S2_FI_00013725,70605,2023-09-07,1.0,60.371482,56.583564337053,176.878752253627,,,35VMK,S2A_MSIL2A_20230907T100031_R122_T35VMK_20240825T180015
S2_FI_00013726,70605,2023-09-07,1.0,60.371482,56.583564337053,176.878752253627,,,35VMK,S2A_MSIL2A_20230907T100031_R122_T35VMK_20240825T180015
S2_FI_00013727,70605,2023-09-07,1.0,60.371482,56.583564337053,176.878752253627,,,35VMK,S2A_MSIL2A_20230907T100031_R122_T35VMK_20240825T180015
S2_FI_00013728,70605,2023-09-19,1.0,98.004895,61.2084412831177,175.365267892006,,,35VMK,S2B_MSIL2A_20230919T094659_R079_T35VMK_20241105T173809
S2_FI_00013729,70605,2023-09-19,1.0,98.004895,61.2084412831177,175.365267892006,,,35VMK,S2B_MSIL2A_20230919T094659_R079_T35VMK_20241105T173809
S2_FI_00013730,70605,2023-09-19,1.0,98.004895,61.2084412831177,175.365267892006,,,35VMK,S2B_MSIL2A_20230919T094659_R079_T35VMK_20241105T173809
S2_FI_00013731,70605,2023-09-19,1.0,98.004895,61.2084412831177,175.365267892006,,,35VMK,S2B_MSIL2A_20230919T094659_R079_T35VMK_20241105T173809
S2_FI_00013732,70605,2023-09-19,1.0,98.004895,61.2084412831177,175.365267892006,,,35VMK,S2B_MSIL2A_20230919T094659_R079_T35VMK_20241105T173809
S2_FI_00013733,70605,2023-09-19,1.0,98.004895,61.2084412831177,175.365267892006,,,35VMK,S2B_MSIL2A_20230919T094659_R079_T35VMK_20241105T173809
S2_FI_00013734,70605,2023-10-04,0.0,99.997872,66.9923697949443,176.969972190074,,,35VMK,S2A_MSIL2A_20231004T095031_R079_T35VMK_20241102T075339
S2_FI_00013735,70605,2023-10-04,0.0,99.997872,66.9923697949443,176.969972190074,,,35VMK,S2A_MSIL2A_20231004T095031_R079_T35VMK_20241102T075339
S2_FI_00013736,70605,2023-10-04,0.0,99.997872,66.9923697949443,176.969972190074,,,35VMK,S2A_MSIL2A_20231004T095031_R079_T35VMK_20241102T075339
S2_FI_00013737,70605,2023-10-04,0.0,99.997872,66.9923697949443,176.969972190074,,,35VMK,S2A_MSIL2A_20231004T095031_R079_T35VMK_20241102T075339
S2_FI_00013738,70605,2023-10-04,0.0,99.997872,66.9923697949443,176.969972190074,,,35VMK,S2A_MSIL2A_20231004T095031_R079_T35VMK_20241102T075339
S2_FI_00013739,70605,2023-10-04,0.0,99.997872,66.9923697949443,176.969972190074,,,35VMK,S2A_MSIL2A_20231004T095031_R079_T35VMK_20241102T075339
S2_FI_00013740,70605,2023-10-17,1.0,87.370598,71.8668594237488,180.553646696915,,,35VMK,S2A_MSIL2A_20231017T100031_R122_T35VMK_20241102T145708
S2_FI_00013741,70605,2023-10-17,1.0,87.370598,71.8668594237488,180.553646696915,,,35VMK,S2A_MSIL2A_20231017T100031_R122_T35VMK_20241102T145708
S2_FI_00013742,70605,2023-10-17,1.0,87.370598,71.8668594237488,180.553646696915,,,35VMK,S2A_MSIL2A_20231017T100031_R122_T35VMK_20241102T145708
S2_FI_00013743,70605,2023-10-17,1.0,87.370598,71.8668594237488,180.553646696915,,,35VMK,S2A_MSIL2A_20231017T100031_R122_T35VMK_20241102T145708
S2_FI_00013744,70605,2023-10-17,1.0,87.370598,71.8668594237488,180.553646696915,,,35VMK,S2A_MSIL2A_20231017T100031_R122_T35VMK_20241102T145708
S2_FI_00013745,70605,2023-10-17,1.0,87.370598,71.8668594237488,180.553646696915,,,35VMK,S2A_MSIL2A_20231017T100031_R122_T35VMK_20241102T145708
S2_FI_00013746,70605,2023-11-01,1.0,99.999851,77.0470497965636,180.99983802258,,,35VMK,S2B_MSIL2A_20231101T100059_R122_T35VMK_20241109T023454
S2_FI_00013747,70605,2023-11-01,1.0,99.999851,77.0470497965636,180.99983802258,,,35VMK,S2B_MSIL2A_20231101T100059_R122_T35VMK_20241109T023454
S2_FI_00013748,70605,2023-11-01,1.0,99.999851,77.0470497965636,180.99983802258,,,35VMK,S2B_MSIL2A_20231101T100059_R122_T35VMK_20241109T023454
S2_FI_00013749,70605,2023-11-01,1.0,99.999851,77.0470497965636,180.99983802258,,,35VMK,S2B_MSIL2A_20231101T100059_R122_T35VMK_20241109T023454
S2_FI_00013750,70605,2023-11-01,1.0,99.999851,77.0470497965636,180.99983802258,,,35VMK,S2B_MSIL2A_20231101T100059_R122_T35VMK_20241109T023454
S2_FI_00013751,70605,2023-11-01,1.0,99.999851,77.0470497965636,180.99983802258,,,35VMK,S2B_MSIL2A_20231101T100059_R122_T35VMK_20241109T023454
S2_FI_00013752,70605,,,,,,,,,
S2_FI_00013753,70605,,,,,,,,,
S2_FI_00013754,70605,,,,,,,,,
S2_FI_00013755,70605,,,,,,,,,
S2_FI_00013756,70605,,,,,,,,,
S2_FI_00013757,70605,,,,,,,,,
S2_FI_00013758,70605,,,,,,,,,
S2_FI_00013759,70605,,,,,,,,,
S2_FI_00013760,70605,,,,,,,,,
S2_FI_00013761,70605,,,,,,,,,
S2_FI_00013762,70605,,,,,,,,,
S2_FI_00013763,70605,,,,,,,,,
S2_FI_00013764,70605,2024-02-01,0.0,93.498325,80.1363628840911,171.289770409058,,,35VMK,S2A_MSIL2A_20240201T095231_R079_T35VMK_20240201T120915
S2_FI_00013765,70605,2024-02-01,0.0,93.498325,80.1363628840911,171.289770409058,,,35VMK,S2A_MSIL2A_20240201T095231_R079_T35VMK_20240201T120915
S2_FI_00013766,70605,2024-02-01,0.0,93.498325,80.1363628840911,171.289770409058,,,35VMK,S2A_MSIL2A_20240201T095231_R079_T35VMK_20240201T120915
S2_FI_00013767,70605,2024-02-01,0.0,93.498325,80.1363628840911,171.289770409058,,,35VMK,S2A_MSIL2A_20240201T095231_R079_T35VMK_20240201T120915
S2_FI_00013768,70605,2024-02-01,0.0,93.498325,80.1363628840911,171.289770409058,,,35VMK,S2A_MSIL2A_20240201T095231_R079_T35VMK_20240201T120915
S2_FI_00013769,70605,2024-02-01,0.0,93.498325,80.1363628840911,171.289770409058,,,35VMK,S2A_MSIL2A_20240201T095231_R079_T35VMK_20240201T120915
S2_FI_00013770,70605,2024-02-19,1.0,99.781054,74.1951031112383,173.307656413991,,,35VMK,S2B_MSIL2A_20240219T095949_R122_T35VMK_20240219T144726
S2_FI_00013771,70605,2024-02-19,1.0,99.781054,74.1951031112383,173.307656413991,,,35VMK,S2B_MSIL2A_20240219T095949_R122_T35VMK_20240219T144726
S2_FI_00013772,70605,2024-02-19,1.0,99.781054,74.1951031112383,173.307656413991,,,35VMK,S2B_MSIL2A_20240219T095949_R122_T35VMK_20240219T144726
S2_FI_00013773,70605,2024-02-19,1.0,99.781054,74.1951031112383,173.307656413991,,,35VMK,S2B_MSIL2A_20240219T095949_R122_T35VMK_20240219T144726
S2_FI_00013774,70605,2024-02-19,1.0,99.781054,74.1951031112383,173.307656413991,,,35VMK,S2B_MSIL2A_20240219T095949_R122_T35VMK_20240219T144726
S2_FI_00013775,70605,2024-02-19,1.0,99.781054,74.1951031112383,173.307656413991,,,35VMK,S2B_MSIL2A_20240219T095949_R122_T35VMK_20240219T144726
S2_FI_00013776,70605,2024-03-25,0.0,99.430686,60.6447323179264,174.767431289187,,,35VMK,S2A_MSIL2A_20240325T100031_R122_T35VMK_20240325T140930
S2_FI_00013777,70605,2024-03-25,0.0,99.430686,60.6447323179264,174.767431289187,,,35VMK,S2A_MSIL2A_20240325T100031_R122_T35VMK_20240325T140930
S2_FI_00013778,70605,2024-03-25,0.0,99.430686,60.6447323179264,174.767431289187,,,35VMK,S2A_MSIL2A_20240325T100031_R122_T35VMK_20240325T140930
S2_FI_00013779,70605,2024-03-25,0.0,99.430686,60.6447323179264,174.767431289187,,,35VMK,S2A_MSIL2A_20240325T100031_R122_T35VMK_20240325T140930
S2_FI_00013780,70605,2024-03-25,0.0,99.430686,60.6447323179264,174.767431289187,,,35VMK,S2A_MSIL2A_20240325T100031_R122_T35VMK_20240325T140930
S2_FI_00013781,70605,2024-03-25,0.0,99.430686,60.6447323179264,174.767431289187,,,35VMK,S2A_MSIL2A_20240325T100031_R122_T35VMK_20240325T140930
S2_FI_00013782,70605,2024-04-01,1.0,98.966902,58.0291478296115,172.314840428733,,,35VMK,S2A_MSIL2A_20240401T095031_R079_T35VMK_20240401T132422
S2_FI_00013783,70605,2024-04-01,1.0,98.966902,58.0291478296115,172.314840428733,,,35VMK,S2A_MSIL2A_20240401T095031_R079_T35VMK_20240401T132422
S2_FI_00013784,70605,2024-04-01,1.0,98.966902,58.0291478296115,172.314840428733,,,35VMK,S2A_MSIL2A_20240401T095031_R079_T35VMK_20240401T132422
S2_FI_00013785,70605,2024-04-01,1.0,98.966902,58.0291478296115,172.314840428733,,,35VMK,S2A_MSIL2A_20240401T095031_R079_T35VMK_20240401T132422
S2_FI_00013786,70605,2024-04-01,1.0,98.966902,58.0291478296115,172.314840428733,,,35VMK,S2A_MSIL2A_20240401T095031_R079_T35VMK_20240401T132422
S2_FI_00013787,70605,2024-04-01,1.0,98.966902,58.0291478296115,172.314840428733,,,35VMK,S2A_MSIL2A_20240401T095031_R079_T35VMK_20240401T132422
S2_FI_00013788,70605,2024-04-09,1.0,10.633017,54.8567121059704,175.789011533752,,,35VMK,S2B_MSIL2A_20240409T095549_R122_T35VMK_20240411T002540
S2_FI_00013789,70605,2024-04-09,1.0,10.633017,54.8567121059704,175.789011533752,,,35VMK,S2B_MSIL2A_20240409T095549_R122_T35VMK_20240411T002540
S2_FI_00013790,70605,2024-04-09,1.0,10.633017,54.8567121059704,175.789011533752,,,35VMK,S2B_MSIL2A_20240409T095549_R122_T35VMK_20240411T002540
S2_FI_00013791,70605,2024-04-09,1.0,10.633017,54.8567121059704,175.789011533752,,,35VMK,S2B_MSIL2A_20240409T095549_R122_T35VMK_20240411T002540
S2_FI_00013792,70605,2024-04-09,1.0,10.633017,54.8567121059704,175.789011533752,,,35VMK,S2B_MSIL2A_20240409T095549_R122_T35VMK_20240411T002540
S2_FI_00013793,70605,2024-04-09,1.0,10.633017,54.8567121059704,175.789011533752,,,35VMK,S2B_MSIL2A_20240409T095549_R122_T35VMK_20240411T002540
S2_FI_00013794,70605,2024-04-14,1.0,4.068765,53.0233061745281,176.119605539014,,,35VMK,S2A_MSIL2A_20240414T100031_R122_T35VMK_20240414T143604
S2_FI_00013795,70605,2024-04-14,1.0,4.068765,53.0233061745281,176.119605539014,,,35VMK,S2A_MSIL2A_20240414T100031_R122_T35VMK_20240414T143604
S2_FI_00013796,70605,2024-04-14,1.0,4.068765,53.0233061745281,176.119605539014,,,35VMK,S2A_MSIL2A_20240414T100031_R122_T35VMK_20240414T143604
S2_FI_00013797,70605,2024-04-14,1.0,4.068765,53.0233061745281,176.119605539014,,,35VMK,S2A_MSIL2A_20240414T100031_R122_T35VMK_20240414T143604
S2_FI_00013798,70605,2024-04-14,1.0,4.068765,53.0233061745281,176.119605539014,,,35VMK,S2A_MSIL2A_20240414T100031_R122_T35VMK_20240414T143604
S2_FI_00013799,70605,2024-04-14,1.0,4.068765,53.0233061745281,176.119605539014,,,35VMK,S2A_MSIL2A_20240414T100031_R122_T35VMK_20240414T143604
S2_FI_00013800,70605,2024-04-24,1.0,98.271722,49.5762276862802,176.655470865602,,,35VMK,S2A_MSIL2A_20240424T100031_R122_T35VMK_20240424T155528
S2_FI_00013801,70605,2024-04-24,1.0,98.271722,49.5762276862802,176.655470865602,,,35VMK,S2A_MSIL2A_20240424T100031_R122_T35VMK_20240424T155528
S2_FI_00013802,70605,2024-04-24,1.0,98.271722,49.5762276862802,176.655470865602,,,35VMK,S2A_MSIL2A_20240424T100031_R122_T35VMK_20240424T155528
S2_FI_00013803,70605,2024-04-24,1.0,98.271722,49.5762276862802,176.655470865602,,,35VMK,S2A_MSIL2A_20240424T100031_R122_T35VMK_20240424T155528
S2_FI_00013804,70605,2024-04-24,1.0,98.271722,49.5762276862802,176.655470865602,,,35VMK,S2A_MSIL2A_20240424T100031_R122_T35VMK_20240424T155528
S2_FI_00013805,70605,2024-04-24,1.0,98.271722,49.5762276862802,176.655470865602,,,35VMK,S2A_MSIL2A_20240424T100031_R122_T35VMK_20240424T155528
S2_FI_00013806,70605,2024-04-29,0.0,56.187767,47.9844984531904,176.832361810983,,,35VMK,S2B_MSIL2A_20240429T095549_R122_T35VMK_20240429T142014
S2_FI_00013807,70605,2024-04-29,0.0,56.187767,47.9844984531904,176.832361810983,,,35VMK,S2B_MSIL2A_20240429T095549_R122_T35VMK_20240429T142014
S2_FI_00013808,70605,2024-04-29,0.0,56.187767,47.9844984531904,176.832361810983,,,35VMK,S2B_MSIL2A_20240429T095549_R122_T35VMK_20240429T142014
S2_FI_00013809,70605,2024-04-29,0.0,56.187767,47.9844984531904,176.832361810983,,,35VMK,S2B_MSIL2A_20240429T095549_R122_T35VMK_20240429T142014
S2_FI_00013810,70605,2024-04-29,0.0,56.187767,47.9844984531904,176.832361810983,,,35VMK,S2B_MSIL2A_20240429T095549_R122_T35VMK_20240429T142014
S2_FI_00013811,70605,2024-04-29,0.0,56.187767,47.9844984531904,176.832361810983,,,35VMK,S2B_MSIL2A_20240429T095549_R122_T35VMK_20240429T142014
S2_FI_00013812,70605,2024-05-06,0.0,99.097812,46.0239722144116,173.68143657355,,,35VMK,S2B_MSIL2A_20240506T094549_R079_T35VMK_20240506T131841
S2_FI_00013813,70605,2024-05-06,0.0,99.097812,46.0239722144116,173.68143657355,,,35VMK,S2B_MSIL2A_20240506T094549_R079_T35VMK_20240506T131841
S2_FI_00013814,70605,2024-05-06,0.0,99.097812,46.0239722144116,173.68143657355,,,35VMK,S2B_MSIL2A_20240506T094549_R079_T35VMK_20240506T131841
S2_FI_00013815,70605,2024-05-06,0.0,99.097812,46.0239722144116,173.68143657355,,,35VMK,S2B_MSIL2A_20240506T094549_R079_T35VMK_20240506T131841
S2_FI_00013816,70605,2024-05-06,0.0,99.097812,46.0239722144116,173.68143657355,,,35VMK,S2B_MSIL2A_20240506T094549_R079_T35VMK_20240506T131841
S2_FI_00013817,70605,2024-05-06,0.0,99.097812,46.0239722144116,173.68143657355,,,35VMK,S2B_MSIL2A_20240506T094549_R079_T35VMK_20240506T131841
S2_FI_00013818,70605,2024-05-14,1.0,72.88323,43.8633566131234,177.013398360277,,,35VMK,S2A_MSIL2A_20240514T100031_R122_T35VMK_20240514T141048
S2_FI_00013819,70605,2024-05-14,1.0,72.88323,43.8633566131234,177.013398360277,,,35VMK,S2A_MSIL2A_20240514T100031_R122_T35VMK_20240514T141048
S2_FI_00013820,70605,2024-05-14,1.0,72.88323,43.8633566131234,177.013398360277,,,35VMK,S2A_MSIL2A_20240514T100031_R122_T35VMK_20240514T141048
S2_FI_00013821,70605,2024-05-14,1.0,72.88323,43.8633566131234,177.013398360277,,,35VMK,S2A_MSIL2A_20240514T100031_R122_T35VMK_20240514T141048
S2_FI_00013822,70605,2024-05-14,1.0,72.88323,43.8633566131234,177.013398360277,,,35VMK,S2A_MSIL2A_20240514T100031_R122_T35VMK_20240514T141048
S2_FI_00013823,70605,2024-05-14,1.0,72.88323,43.8633566131234,177.013398360277,,,35VMK,S2A_MSIL2A_20240514T100031_R122_T35VMK_20240514T141048
S2_FI_00013824,70605,2024-06-03,0.0,5.354365,40.2779094307803,176.207994092974,,,35VMK,S2A_MSIL2A_20240603T100031_R122_T35VMK_20240603T151656
S2_FI_00013825,70605,2024-06-03,0.0,5.354365,40.2779094307803,176.207994092974,,,35VMK,S2A_MSIL2A_20240603T100031_R122_T35VMK_20240603T151656
S2_FI_00013826,70605,2024-06-03,0.0,5.354365,40.2779094307803,176.207994092974,,,35VMK,S2A_MSIL2A_20240603T100031_R122_T35VMK_20240603T151656
S2_FI_00013827,70605,2024-06-03,0.0,5.354365,40.2779094307803,176.207994092974,,,35VMK,S2A_MSIL2A_20240603T100031_R122_T35VMK_20240603T151656
S2_FI_00013828,70605,2024-06-03,0.0,5.354365,40.2779094307803,176.207994092974,,,35VMK,S2A_MSIL2A_20240603T100031_R122_T35VMK_20240603T151656
S2_FI_00013829,70605,2024-06-03,0.0,5.354365,40.2779094307803,176.207994092974,,,35VMK,S2A_MSIL2A_20240603T100031_R122_T35VMK_20240603T151656
S2_FI_00013830,70605,2024-07-03,1.0,99.911219,39.8372556138774,173.981802206408,,,35VMK,S2A_MSIL2A_20240703T100031_R122_T35VMK_20240705T172248
S2_FI_00013831,70605,2024-07-03,1.0,99.911219,39.8372556138774,173.981802206408,,,35VMK,S2A_MSIL2A_20240703T100031_R122_T35VMK_20240705T172248
S2_FI_00013832,70605,2024-07-03,1.0,99.911219,39.8372556138774,173.981802206408,,,35VMK,S2A_MSIL2A_20240703T100031_R122_T35VMK_20240705T172248
S2_FI_00013833,70605,2024-07-03,1.0,99.911219,39.8372556138774,173.981802206408,,,35VMK,S2A_MSIL2A_20240703T100031_R122_T35VMK_20240705T172248
S2_FI_00013834,70605,2024-07-03,1.0,99.911219,39.8372556138774,173.981802206408,,,35VMK,S2A_MSIL2A_20240703T100031_R122_T35VMK_20240705T172248
S2_FI_00013835,70605,2024-07-03,1.0,99.911219,39.8372556138774,173.981802206408,,,35VMK,S2A_MSIL2A_20240703T100031_R122_T35VMK_20240705T172248
S2_FI_00013836,70605,2024-08-07,1.0,5.082323,46.5267843182762,173.998806672022,,,35VMK,S2B_MSIL2A_20240807T095549_R122_T35VMK_20240807T132638
S2_FI_00013837,70605,2024-08-07,1.0,5.082323,46.5267843182762,173.998806672022,,,35VMK,S2B_MSIL2A_20240807T095549_R122_T35VMK_20240807T132638
S2_FI_00013838,70605,2024-08-07,1.0,5.082323,46.5267843182762,173.998806672022,,,35VMK,S2B_MSIL2A_20240807T095549_R122_T35VMK_20240807T132638
S2_FI_00013839,70605,2024-08-07,1.0,5.082323,46.5267843182762,173.998806672022,,,35VMK,S2B_MSIL2A_20240807T095549_R122_T35VMK_20240807T132638
S2_FI_00013840,70605,2024-08-07,1.0,5.082323,46.5267843182762,173.998806672022,,,35VMK,S2B_MSIL2A_20240807T095549_R122_T35VMK_20240807T132638
S2_FI_00013841,70605,2024-08-07,1.0,5.082323,46.5267843182762,173.998806672022,,,35VMK,S2B_MSIL2A_20240807T095549_R122_T35VMK_20240807T132638
S2_FI_00013842,70605,2024-08-22,1.0,99.905425,51.1707259342086,175.197442754837,,,35VMK,S2A_MSIL2A_20240822T100021_R122_T35VMK_20240822T153650
S2_FI_00013843,70605,2024-08-22,1.0,99.905425,51.1707259342086,175.197442754837,,,35VMK,S2A_MSIL2A_20240822T100021_R122_T35VMK_20240822T153650
S2_FI_00013844,70605,2024-08-22,1.0,99.905425,51.1707259342086,175.197442754837,,,35VMK,S2A_MSIL2A_20240822T100021_R122_T35VMK_20240822T153650
S2_FI_00013845,70605,2024-08-22,1.0,99.905425,51.1707259342086,175.197442754837,,,35VMK,S2A_MSIL2A_20240822T100021_R122_T35VMK_20240822T153650
S2_FI_00013846,70605,2024-08-22,1.0,99.905425,51.1707259342086,175.197442754837,,,35VMK,S2A_MSIL2A_20240822T100021_R122_T35VMK_20240822T153650
S2_FI_00013847,70605,2024-08-22,1.0,99.905425,51.1707259342086,175.197442754837,,,35VMK,S2A_MSIL2A_20240822T100021_R122_T35VMK_20240822T153650
S2_FI_00013848,70605,2024-09-03,0.0,99.779165,55.4859625266848,173.502380997187,,,35VMK,S2B_MSIL2A_20240903T094549_R079_T35VMK_20240903T121539
S2_FI_00013849,70605,2024-09-03,0.0,99.779165,55.4859625266848,173.502380997187,,,35VMK,S2B_MSIL2A_20240903T094549_R079_T35VMK_20240903T121539
S2_FI_00013850,70605,2024-09-03,0.0,99.779165,55.4859625266848,173.502380997187,,,35VMK,S2B_MSIL2A_20240903T094549_R079_T35VMK_20240903T121539
S2_FI_00013851,70605,2024-09-03,0.0,99.779165,55.4859625266848,173.502380997187,,,35VMK,S2B_MSIL2A_20240903T094549_R079_T35VMK_20240903T121539
S2_FI_00013852,70605,2024-09-03,0.0,99.779165,55.4859625266848,173.502380997187,,,35VMK,S2B_MSIL2A_20240903T094549_R079_T35VMK_20240903T121539
S2_FI_00013853,70605,2024-09-03,0.0,99.779165,55.4859625266848,173.502380997187,,,35VMK,S2B_MSIL2A_20240903T094549_R079_T35VMK_20240903T121539
S2_FI_00013854,70605,2024-09-06,1.0,1.478883,56.4950623394249,176.836163079055,,,35VMK,S2B_MSIL2A_20240906T095549_R122_T35VMK_20240906T141204
S2_FI_00013855,70605,2024-09-06,1.0,1.478883,56.4950623394249,176.836163079055,,,35VMK,S2B_MSIL2A_20240906T095549_R122_T35VMK_20240906T141204
S2_FI_00013856,70605,2024-09-06,1.0,1.478883,56.4950623394249,176.836163079055,,,35VMK,S2B_MSIL2A_20240906T095549_R122_T35VMK_20240906T141204
S2_FI_00013857,70605,2024-09-06,1.0,1.478883,56.4950623394249,176.836163079055,,,35VMK,S2B_MSIL2A_20240906T095549_R122_T35VMK_20240906T141204
S2_FI_00013858,70605,2024-09-06,1.0,1.478883,56.4950623394249,176.836163079055,,,35VMK,S2B_MSIL2A_20240906T095549_R122_T35VMK_20240906T141204
S2_FI_00013859,70605,2024-09-06,1.0,1.478883,56.4950623394249,176.836163079055,,,35VMK,S2B_MSIL2A_20240906T095549_R122_T35VMK_20240906T141204
S2_FI_00013860,70605,2024-09-21,3.0,49.584892,62.2134572325845,178.495665514824,,,35VMK,S2A_MSIL2A_20240921T100031_R122_T35VMK_20240921T123352
S2_FI_00013861,70605,2024-09-21,3.0,49.584892,62.2134572325845,178.495665514824,,,35VMK,S2A_MSIL2A_20240921T100031_R122_T35VMK_20240921T123352
S2_FI_00013862,70605,2024-09-21,3.0,49.584892,62.2134572325845,178.495665514824,,,35VMK,S2A_MSIL2A_20240921T100031_R122_T35VMK_20240921T123352
S2_FI_00013863,70605,2024-09-21,3.0,49.584892,62.2134572325845,178.495665514824,,,35VMK,S2A_MSIL2A_20240921T100031_R122_T35VMK_20240921T123352
S2_FI_00013864,70605,2024-09-21,3.0,49.584892,62.2134572325845,178.495665514824,,,35VMK,S2A_MSIL2A_20240921T100031_R122_T35VMK_20240921T123352
S2_FI_00013865,70605,2024-09-21,3.0,49.584892,62.2134572325845,178.495665514824,,,35VMK,S2A_MSIL2A_20240921T100031_R122_T35VMK_20240921T123352
S2_FI_00013866,70605,2024-10-16,1.0,89.317209,71.7779964914835,180.546672402792,,,35VMK,S2B_MSIL2A_20241016T100029_R122_T35VMK_20241016T141503
S2_FI_00013867,70605,2024-10-16,1.0,89.317209,71.7779964914835,180.546672402792,,,35VMK,S2B_MSIL2A_20241016T100029_R122_T35VMK_20241016T141503
S2_FI_00013868,70605,2024-10-16,1.0,89.317209,71.7779964914835,180.546672402792,,,35VMK,S2B_MSIL2A_20241016T100029_R122_T35VMK_20241016T141503
S2_FI_00013869,70605,2024-10-16,1.0,89.317209,71.7779964914835,180.546672402792,,,35VMK,S2B_MSIL2A_20241016T100029_R122_T35VMK_20241016T141503
S2_FI_00013870,70605,2024-10-16,1.0,89.317209,71.7779964914835,180.546672402792,,,35VMK,S2B_MSIL2A_20241016T100029_R122_T35VMK_20241016T141503
S2_FI_00013871,70605,2024-10-16,1.0,89.317209,71.7779964914835,180.546672402792,,,35VMK,S2B_MSIL2A_20241016T100029_R122_T35VMK_20241016T141503
S2_FI_00013872,70605,2024-10-31,1.0,72.772723,76.9697618653169,180.989925682967,,,35VMK,S2A_MSIL2A_20241031T100141_R122_T35VMK_20241031T121400
S2_FI_00013873,70605,2024-10-31,1.0,72.772723,76.9697618653169,180.989925682967,,,35VMK,S2A_MSIL2A_20241031T100141_R122_T35VMK_20241031T121400
S2_FI_00013874,70605,2024-10-31,1.0,72.772723,76.9697618653169,180.989925682967,,,35VMK,S2A_MSIL2A_20241031T100141_R122_T35VMK_20241031T121400
S2_FI_00013875,70605,2024-10-31,1.0,72.772723,76.9697618653169,180.989925682967,,,35VMK,S2A_MSIL2A_20241031T100141_R122_T35VMK_20241031T121400
S2_FI_00013876,70605,2024-10-31,1.0,72.772723,76.9697618653169,180.989925682967,,,35VMK,S2A_MSIL2A_20241031T100141_R122_T35VMK_20241031T121400
S2_FI_00013877,70605,2024-10-31,1.0,72.772723,76.9697618653169,180.989925682967,,,35VMK,S2A_MSIL2A_20241031T100141_R122_T35VMK_20241031T121400
S2_FI_00013878,70605,,,,,,,,,
S2_FI_00013879,70605,,,,,,,,,
S2_FI_00013880,70605,,,,,,,,,
S2_FI_00013881,70605,,,,,,,,,
S2_FI_00013882,70605,,,,,,,,,
S2_FI_00013883,70605,,,,,,,,,
S2_FI_00014226,7418,2023-01-18,1.0,76.868552,82.4898137131683,173.223889690228,,,34VEP,S2B_MSIL2A_20230118T101239_R022_T34VEP_20240809T052213
S2_FI_00014227,7418,2023-01-18,1.0,76.868552,82.4898137131683,173.223889690228,,,34VEP,S2B_MSIL2A_20230118T101239_R022_T34VEP_20240809T052213
S2_FI_00014228,7418,2023-01-18,1.0,76.868552,82.4898137131683,173.223889690228,,,34VEP,S2B_MSIL2A_20230118T101239_R022_T34VEP_20240809T052213
S2_FI_00014229,7418,2023-01-18,1.0,76.868552,82.4898137131683,173.223889690228,,,34VEP,S2B_MSIL2A_20230118T101239_R022_T34VEP_20240809T052213
S2_FI_00014230,7418,2023-01-18,1.0,76.868552,82.4898137131683,173.223889690228,,,34VEP,S2B_MSIL2A_20230118T101239_R022_T34VEP_20240809T052213
S2_FI_00014231,7418,2023-01-18,1.0,76.868552,82.4898137131683,173.223889690228,,,34VEP,S2B_MSIL2A_20230118T101239_R022_T34VEP_20240809T052213
S2_FI_00014232,7418,2023-02-07,1.0,99.987513,77.3294791836248,171.973576684488,,,34VEP,S2B_MSIL2A_20230207T101109_R022_T34VEP_20240813T003502
S2_FI_00014233,7418,2023-02-07,1.0,99.987513,77.3294791836248,171.973576684488,,,34VEP,S2B_MSIL2A_20230207T101109_R022_T34VEP_20240813T003502
S2_FI_00014234,7418,2023-02-07,1.0,99.987513,77.3294791836248,171.973576684488,,,34VEP,S2B_MSIL2A_20230207T101109_R022_T34VEP_20240813T003502
S2_FI_00014235,7418,2023-02-07,1.0,99.987513,77.3294791836248,171.973576684488,,,34VEP,S2B_MSIL2A_20230207T101109_R022_T34VEP_20240813T003502
S2_FI_00014236,7418,2023-02-07,1.0,99.987513,77.3294791836248,171.973576684488,,,34VEP,S2B_MSIL2A_20230207T101109_R022_T34VEP_20240813T003502
S2_FI_00014237,7418,2023-02-07,1.0,99.987513,77.3294791836248,171.973576684488,,,34VEP,S2B_MSIL2A_20230207T101109_R022_T34VEP_20240813T003502
S2_FI_00014238,7418,2023-03-01,0.0,59.484625,69.7988582230216,169.228951631671,,,34VEP,S2A_MSIL2A_20230301T100021_R122_T34VEP_20240821T023929
S2_FI_00014239,7418,2023-03-01,0.0,59.484625,69.7988582230216,169.228951631671,,,34VEP,S2A_MSIL2A_20230301T100021_R122_T34VEP_20240821T023929
S2_FI_00014240,7418,2023-03-01,0.0,59.484625,69.7988582230216,169.228951631671,,,34VEP,S2A_MSIL2A_20230301T100021_R122_T34VEP_20240821T023929
S2_FI_00014241,7418,2023-03-01,0.0,59.484625,69.7988582230216,169.228951631671,,,34VEP,S2A_MSIL2A_20230301T100021_R122_T34VEP_20240821T023929
S2_FI_00014242,7418,2023-03-01,0.0,59.484625,69.7988582230216,169.228951631671,,,34VEP,S2A_MSIL2A_20230301T100021_R122_T34VEP_20240821T023929
S2_FI_00014243,7418,2023-03-01,0.0,59.484625,69.7988582230216,169.228951631671,,,34VEP,S2A_MSIL2A_20230301T100021_R122_T34VEP_20240821T023929
S2_FI_00014244,7418,2023-04-25,1.0,95.54854,48.7945443341598,171.46021663668,,,34VEP,S2B_MSIL2A_20230425T100029_R122_T34VEP_20240901T190605
S2_FI_00014245,7418,2023-04-25,1.0,95.54854,48.7945443341598,171.46021663668,,,34VEP,S2B_MSIL2A_20230425T100029_R122_T34VEP_20240901T190605
S2_FI_00014246,7418,2023-04-25,1.0,95.54854,48.7945443341598,171.46021663668,,,34VEP,S2B_MSIL2A_20230425T100029_R122_T34VEP_20240901T190605
S2_FI_00014247,7418,2023-04-25,1.0,95.54854,48.7945443341598,171.46021663668,,,34VEP,S2B_MSIL2A_20230425T100029_R122_T34VEP_20240901T190605
S2_FI_00014248,7418,2023-04-25,1.0,95.54854,48.7945443341598,171.46021663668,,,34VEP,S2B_MSIL2A_20230425T100029_R122_T34VEP_20240901T190605
S2_FI_00014249,7418,2023-04-25,1.0,95.54854,48.7945443341598,171.46021663668,,,34VEP,S2B_MSIL2A_20230425T100029_R122_T34VEP_20240901T190605
S2_FI_00014250,7418,2023-05-10,0.0,72.270763,44.3449359812387,171.53512699838,,,34VEP,S2A_MSIL2A_20230510T100031_R122_T34VEP_20230510T154642
S2_FI_00014251,7418,2023-05-10,0.0,72.270763,44.3449359812387,171.53512699838,,,34VEP,S2A_MSIL2A_20230510T100031_R122_T34VEP_20230510T154642
S2_FI_00014252,7418,2023-05-10,0.0,72.270763,44.3449359812387,171.53512699838,,,34VEP,S2A_MSIL2A_20230510T100031_R122_T34VEP_20230510T154642
S2_FI_00014253,7418,2023-05-10,0.0,72.270763,44.3449359812387,171.53512699838,,,34VEP,S2A_MSIL2A_20230510T100031_R122_T34VEP_20230510T154642
S2_FI_00014254,7418,2023-05-10,0.0,72.270763,44.3449359812387,171.53512699838,,,34VEP,S2A_MSIL2A_20230510T100031_R122_T34VEP_20230510T154642
S2_FI_00014255,7418,2023-05-10,0.0,72.270763,44.3449359812387,171.53512699838,,,34VEP,S2A_MSIL2A_20230510T100031_R122_T34VEP_20230510T154642
S2_FI_00014256,7418,2023-06-19,0.0,8.138002,38.6482368556986,169.087563798082,,,34VEP,S2A_MSIL2A_20230619T100031_R122_T34VEP_20240911T192325
S2_FI_00014257,7418,2023-06-19,0.0,8.138002,38.6482368556986,169.087563798082,,,34VEP,S2A_MSIL2A_20230619T100031_R122_T34VEP_20240911T192325
S2_FI_00014258,7418,2023-06-19,0.0,8.138002,38.6482368556986,169.087563798082,,,34VEP,S2A_MSIL2A_20230619T100031_R122_T34VEP_20240911T192325
S2_FI_00014259,7418,2023-06-19,0.0,8.138002,38.6482368556986,169.087563798082,,,34VEP,S2A_MSIL2A_20230619T100031_R122_T34VEP_20240911T192325
S2_FI_00014260,7418,2023-06-19,0.0,8.138002,38.6482368556986,169.087563798082,,,34VEP,S2A_MSIL2A_20230619T100031_R122_T34VEP_20240911T192325
S2_FI_00014261,7418,2023-06-19,0.0,8.138002,38.6482368556986,169.087563798082,,,34VEP,S2A_MSIL2A_20230619T100031_R122_T34VEP_20240911T192325
S2_FI_00014262,7418,2023-07-02,1.0,88.309169,38.8880286019112,171.793918227488,,,34VEP,S2A_MSIL2A_20230702T100601_R022_T34VEP_20230702T173902
S2_FI_00014263,7418,2023-07-02,1.0,88.309169,38.8880286019112,171.793918227488,,,34VEP,S2A_MSIL2A_20230702T100601_R022_T34VEP_20230702T173902
S2_FI_00014264,7418,2023-07-02,1.0,88.309169,38.8880286019112,171.793918227488,,,34VEP,S2A_MSIL2A_20230702T100601_R022_T34VEP_20230702T173902
S2_FI_00014265,7418,2023-07-02,1.0,88.309169,38.8880286019112,171.793918227488,,,34VEP,S2A_MSIL2A_20230702T100601_R022_T34VEP_20230702T173902
S2_FI_00014266,7418,2023-07-02,1.0,88.309169,38.8880286019112,171.793918227488,,,34VEP,S2A_MSIL2A_20230702T100601_R022_T34VEP_20230702T173902
S2_FI_00014267,7418,2023-07-02,1.0,88.309169,38.8880286019112,171.793918227488,,,34VEP,S2A_MSIL2A_20230702T100601_R022_T34VEP_20230702T173902
S2_FI_00014268,7418,2023-08-08,0.0,53.356594,45.9862392269788,168.61523089298,,,34VEP,S2A_MSIL2A_20230808T100031_R122_T34VEP_20241021T205631
S2_FI_00014269,7418,2023-08-08,0.0,53.356594,45.9862392269788,168.61523089298,,,34VEP,S2A_MSIL2A_20230808T100031_R122_T34VEP_20241021T205631
S2_FI_00014270,7418,2023-08-08,0.0,53.356594,45.9862392269788,168.61523089298,,,34VEP,S2A_MSIL2A_20230808T100031_R122_T34VEP_20241021T205631
S2_FI_00014271,7418,2023-08-08,0.0,53.356594,45.9862392269788,168.61523089298,,,34VEP,S2A_MSIL2A_20230808T100031_R122_T34VEP_20241021T205631
S2_FI_00014272,7418,2023-08-08,0.0,53.356594,45.9862392269788,168.61523089298,,,34VEP,S2A_MSIL2A_20230808T100031_R122_T34VEP_20241021T205631
S2_FI_00014273,7418,2023-08-08,0.0,53.356594,45.9862392269788,168.61523089298,,,34VEP,S2A_MSIL2A_20230808T100031_R122_T34VEP_20241021T205631
S2_FI_00014274,7418,2023-09-05,0.0,99.959463,55.0015724754116,174.810989701847,,,34VEP,S2B_MSIL2A_20230905T100559_R022_T34VEP_20241102T142635
S2_FI_00014275,7418,2023-09-05,0.0,99.959463,55.0015724754116,174.810989701847,,,34VEP,S2B_MSIL2A_20230905T100559_R022_T34VEP_20241102T142635
S2_FI_00014276,7418,2023-09-05,0.0,99.959463,55.0015724754116,174.810989701847,,,34VEP,S2B_MSIL2A_20230905T100559_R022_T34VEP_20241102T142635
S2_FI_00014277,7418,2023-09-05,0.0,99.959463,55.0015724754116,174.810989701847,,,34VEP,S2B_MSIL2A_20230905T100559_R022_T34VEP_20241102T142635
S2_FI_00014278,7418,2023-09-05,0.0,99.959463,55.0015724754116,174.810989701847,,,34VEP,S2B_MSIL2A_20230905T100559_R022_T34VEP_20241102T142635
S2_FI_00014279,7418,2023-09-05,0.0,99.959463,55.0015724754116,174.810989701847,,,34VEP,S2B_MSIL2A_20230905T100559_R022_T34VEP_20241102T142635
S2_FI_00014280,7418,2023-10-10,1.0,99.999768,68.367940458684,178.536048393169,,,34VEP,S2A_MSIL2A_20231010T100931_R022_T34VEP_20231010T163649
S2_FI_00014281,7418,2023-10-10,1.0,99.999768,68.367940458684,178.536048393169,,,34VEP,S2A_MSIL2A_20231010T100931_R022_T34VEP_20231010T163649
S2_FI_00014282,7418,2023-10-10,1.0,99.999768,68.367940458684,178.536048393169,,,34VEP,S2A_MSIL2A_20231010T100931_R022_T34VEP_20231010T163649
S2_FI_00014283,7418,2023-10-10,1.0,99.999768,68.367940458684,178.536048393169,,,34VEP,S2A_MSIL2A_20231010T100931_R022_T34VEP_20231010T163649
S2_FI_00014284,7418,2023-10-10,1.0,99.999768,68.367940458684,178.536048393169,,,34VEP,S2A_MSIL2A_20231010T100931_R022_T34VEP_20231010T163649
S2_FI_00014285,7418,2023-10-10,1.0,99.999768,68.367940458684,178.536048393169,,,34VEP,S2A_MSIL2A_20231010T100931_R022_T34VEP_20231010T163649
S2_FI_00014286,7418,2023-11-04,2.0,100.0,77.0905472918077,179.531858625193,,,34VEP,S2B_MSIL2A_20231104T101119_R022_T34VEP_20241106T192118
S2_FI_00014287,7418,2023-11-04,2.0,100.0,77.0905472918077,179.531858625193,,,34VEP,S2B_MSIL2A_20231104T101119_R022_T34VEP_20241106T192118
S2_FI_00014288,7418,2023-11-04,2.0,100.0,77.0905472918077,179.531858625193,,,34VEP,S2B_MSIL2A_20231104T101119_R022_T34VEP_20241106T192118
S2_FI_00014289,7418,2023-11-04,2.0,100.0,77.0905472918077,179.531858625193,,,34VEP,S2B_MSIL2A_20231104T101119_R022_T34VEP_20241106T192118
S2_FI_00014290,7418,2023-11-04,2.0,100.0,77.0905472918077,179.531858625193,,,34VEP,S2B_MSIL2A_20231104T101119_R022_T34VEP_20241106T192118
S2_FI_00014291,7418,2023-11-04,2.0,100.0,77.0905472918077,179.531858625193,,,34VEP,S2B_MSIL2A_20231104T101119_R022_T34VEP_20241106T192118
S2_FI_00014292,7418,2023-12-11,1.0,98.008066,84.8369443445079,175.038274252162,,,34VEP,S2B_MSIL2A_20231211T100319_R122_T34VEP_20231211T131336
S2_FI_00014293,7418,2023-12-11,1.0,98.008066,84.8369443445079,175.038274252162,,,34VEP,S2B_MSIL2A_20231211T100319_R122_T34VEP_20231211T131336
S2_FI_00014294,7418,2023-12-11,1.0,98.008066,84.8369443445079,175.038274252162,,,34VEP,S2B_MSIL2A_20231211T100319_R122_T34VEP_20231211T131336
S2_FI_00014295,7418,2023-12-11,1.0,98.008066,84.8369443445079,175.038274252162,,,34VEP,S2B_MSIL2A_20231211T100319_R122_T34VEP_20231211T131336
S2_FI_00014296,7418,2023-12-11,1.0,98.008066,84.8369443445079,175.038274252162,,,34VEP,S2B_MSIL2A_20231211T100319_R122_T34VEP_20231211T131336
S2_FI_00014297,7418,2023-12-11,1.0,98.008066,84.8369443445079,175.038274252162,,,34VEP,S2B_MSIL2A_20231211T100319_R122_T34VEP_20231211T131336
S2_FI_00014298,7418,2024-01-22,0.0,100.0,82.089681143348,168.162788320976,,,34VEP,S2A_MSIL2A_20240122T095311_R079_T34VEP_20240122T120554
S2_FI_00014299,7418,2024-01-22,0.0,100.0,82.089681143348,168.162788320976,,,34VEP,S2A_MSIL2A_20240122T095311_R079_T34VEP_20240122T120554
S2_FI_00014300,7418,2024-01-22,0.0,100.0,82.089681143348,168.162788320976,,,34VEP,S2A_MSIL2A_20240122T095311_R079_T34VEP_20240122T120554
S2_FI_00014301,7418,2024-01-22,0.0,100.0,82.089681143348,168.162788320976,,,34VEP,S2A_MSIL2A_20240122T095311_R079_T34VEP_20240122T120554
S2_FI_00014302,7418,2024-01-22,0.0,100.0,82.089681143348,168.162788320976,,,34VEP,S2A_MSIL2A_20240122T095311_R079_T34VEP_20240122T120554
S2_FI_00014303,7418,2024-01-22,0.0,100.0,82.089681143348,168.162788320976,,,34VEP,S2A_MSIL2A_20240122T095311_R079_T34VEP_20240122T120554
S2_FI_00014304,7418,2024-02-12,1.0,81.246114,75.7997665483889,171.842900270493,,,34VEP,S2B_MSIL2A_20240212T101039_R022_T34VEP_20240212T141849
S2_FI_00014305,7418,2024-02-12,1.0,81.246114,75.7997665483889,171.842900270493,,,34VEP,S2B_MSIL2A_20240212T101039_R022_T34VEP_20240212T141849
S2_FI_00014306,7418,2024-02-12,1.0,81.246114,75.7997665483889,171.842900270493,,,34VEP,S2B_MSIL2A_20240212T101039_R022_T34VEP_20240212T141849
S2_FI_00014307,7418,2024-02-12,1.0,81.246114,75.7997665483889,171.842900270493,,,34VEP,S2B_MSIL2A_20240212T101039_R022_T34VEP_20240212T141849
S2_FI_00014308,7418,2024-02-12,1.0,81.246114,75.7997665483889,171.842900270493,,,34VEP,S2B_MSIL2A_20240212T101039_R022_T34VEP_20240212T141849
S2_FI_00014309,7418,2024-02-12,1.0,81.246114,75.7997665483889,171.842900270493,,,34VEP,S2B_MSIL2A_20240212T101039_R022_T34VEP_20240212T141849
S2_FI_00014310,7418,2024-03-20,0.0,86.799222,61.9923928304087,169.881383142699,,,34VEP,S2B_MSIL2A_20240320T095649_R122_T34VEP_20240320T155730
S2_FI_00014311,7418,2024-03-20,0.0,86.799222,61.9923928304087,169.881383142699,,,34VEP,S2B_MSIL2A_20240320T095649_R122_T34VEP_20240320T155730
S2_FI_00014312,7418,2024-03-20,0.0,86.799222,61.9923928304087,169.881383142699,,,34VEP,S2B_MSIL2A_20240320T095649_R122_T34VEP_20240320T155730
S2_FI_00014313,7418,2024-03-20,0.0,86.799222,61.9923928304087,169.881383142699,,,34VEP,S2B_MSIL2A_20240320T095649_R122_T34VEP_20240320T155730
S2_FI_00014314,7418,2024-03-20,0.0,86.799222,61.9923928304087,169.881383142699,,,34VEP,S2B_MSIL2A_20240320T095649_R122_T34VEP_20240320T155730
S2_FI_00014315,7418,2024-03-20,0.0,86.799222,61.9923928304087,169.881383142699,,,34VEP,S2B_MSIL2A_20240320T095649_R122_T34VEP_20240320T155730
S2_FI_00014316,7418,2024-04-14,1.0,90.465784,52.3365586561301,171.115811831045,,,34VEP,S2A_MSIL2A_20240414T100031_R122_T34VEP_20240414T144049
S2_FI_00014317,7418,2024-04-14,1.0,90.465784,52.3365586561301,171.115811831045,,,34VEP,S2A_MSIL2A_20240414T100031_R122_T34VEP_20240414T144049
S2_FI_00014318,7418,2024-04-14,1.0,90.465784,52.3365586561301,171.115811831045,,,34VEP,S2A_MSIL2A_20240414T100031_R122_T34VEP_20240414T144049
S2_FI_00014319,7418,2024-04-14,1.0,90.465784,52.3365586561301,171.115811831045,,,34VEP,S2A_MSIL2A_20240414T100031_R122_T34VEP_20240414T144049
S2_FI_00014320,7418,2024-04-14,1.0,90.465784,52.3365586561301,171.115811831045,,,34VEP,S2A_MSIL2A_20240414T100031_R122_T34VEP_20240414T144049
S2_FI_00014321,7418,2024-04-14,1.0,90.465784,52.3365586561301,171.115811831045,,,34VEP,S2A_MSIL2A_20240414T100031_R122_T34VEP_20240414T144049
S2_FI_00014322,7418,2024-05-27,1.0,25.560319,40.4128081248812,174.400757481772,,,34VEP,S2A_MSIL2A_20240527T100601_R022_T34VEP_20240527T171515
S2_FI_00014323,7418,2024-05-27,1.0,25.560319,40.4128081248812,174.400757481772,,,34VEP,S2A_MSIL2A_20240527T100601_R022_T34VEP_20240527T171515
S2_FI_00014324,7418,2024-05-27,1.0,25.560319,40.4128081248812,174.400757481772,,,34VEP,S2A_MSIL2A_20240527T100601_R022_T34VEP_20240527T171515
S2_FI_00014325,7418,2024-05-27,1.0,25.560319,40.4128081248812,174.400757481772,,,34VEP,S2A_MSIL2A_20240527T100601_R022_T34VEP_20240527T171515
S2_FI_00014326,7418,2024-05-27,1.0,25.560319,40.4128081248812,174.400757481772,,,34VEP,S2A_MSIL2A_20240527T100601_R022_T34VEP_20240527T171515
S2_FI_00014327,7418,2024-05-27,1.0,25.560319,40.4128081248812,174.400757481772,,,34VEP,S2A_MSIL2A_20240527T100601_R022_T34VEP_20240527T171515
S2_FI_00014328,7418,2024-06-11,1.0,75.556362,38.7287154625017,173.339687175919,,,34VEP,S2B_MSIL2A_20240611T100559_R022_T34VEP_20240611T141826
S2_FI_00014329,7418,2024-06-11,1.0,75.556362,38.7287154625017,173.339687175919,,,34VEP,S2B_MSIL2A_20240611T100559_R022_T34VEP_20240611T141826
S2_FI_00014330,7418,2024-06-11,1.0,75.556362,38.7287154625017,173.339687175919,,,34VEP,S2B_MSIL2A_20240611T100559_R022_T34VEP_20240611T141826
S2_FI_00014331,7418,2024-06-11,1.0,75.556362,38.7287154625017,173.339687175919,,,34VEP,S2B_MSIL2A_20240611T100559_R022_T34VEP_20240611T141826
S2_FI_00014332,7418,2024-06-11,1.0,75.556362,38.7287154625017,173.339687175919,,,34VEP,S2B_MSIL2A_20240611T100559_R022_T34VEP_20240611T141826
S2_FI_00014333,7418,2024-06-11,1.0,75.556362,38.7287154625017,173.339687175919,,,34VEP,S2B_MSIL2A_20240611T100559_R022_T34VEP_20240611T141826
S2_FI_00014334,7418,2024-07-18,0.0,88.63005,41.2812832556805,167.701073902495,,,34VEP,S2B_MSIL2A_20240718T095549_R122_T34VEP_20240718T124833
S2_FI_00014335,7418,2024-07-18,0.0,88.63005,41.2812832556805,167.701073902495,,,34VEP,S2B_MSIL2A_20240718T095549_R122_T34VEP_20240718T124833
S2_FI_00014336,7418,2024-07-18,0.0,88.63005,41.2812832556805,167.701073902495,,,34VEP,S2B_MSIL2A_20240718T095549_R122_T34VEP_20240718T124833
S2_FI_00014337,7418,2024-07-18,0.0,88.63005,41.2812832556805,167.701073902495,,,34VEP,S2B_MSIL2A_20240718T095549_R122_T34VEP_20240718T124833
S2_FI_00014338,7418,2024-07-18,0.0,88.63005,41.2812832556805,167.701073902495,,,34VEP,S2B_MSIL2A_20240718T095549_R122_T34VEP_20240718T124833
S2_FI_00014339,7418,2024-07-18,0.0,88.63005,41.2812832556805,167.701073902495,,,34VEP,S2B_MSIL2A_20240718T095549_R122_T34VEP_20240718T124833
S2_FI_00014340,7418,2024-08-15,0.0,98.169428,48.0894334977451,172.557916088327,,,34VEP,S2A_MSIL2A_20240815T100551_R022_T34VEP_20240815T151050
S2_FI_00014341,7418,2024-08-15,0.0,98.169428,48.0894334977451,172.557916088327,,,34VEP,S2A_MSIL2A_20240815T100551_R022_T34VEP_20240815T151050
S2_FI_00014342,7418,2024-08-15,0.0,98.169428,48.0894334977451,172.557916088327,,,34VEP,S2A_MSIL2A_20240815T100551_R022_T34VEP_20240815T151050
S2_FI_00014343,7418,2024-08-15,0.0,98.169428,48.0894334977451,172.557916088327,,,34VEP,S2A_MSIL2A_20240815T100551_R022_T34VEP_20240815T151050
S2_FI_00014344,7418,2024-08-15,0.0,98.169428,48.0894334977451,172.557916088327,,,34VEP,S2A_MSIL2A_20240815T100551_R022_T34VEP_20240815T151050
S2_FI_00014345,7418,2024-08-15,0.0,98.169428,48.0894334977451,172.557916088327,,,34VEP,S2A_MSIL2A_20240815T100551_R022_T34VEP_20240815T151050
S2_FI_00014346,7418,2024-09-03,0.0,14.81982,54.8874321950899,168.60439938109,,,34VEP,S2B_MSIL2A_20240903T094549_R079_T34VEP_20240903T123335
S2_FI_00014347,7418,2024-09-03,0.0,14.81982,54.8874321950899,168.60439938109,,,34VEP,S2B_MSIL2A_20240903T094549_R079_T34VEP_20240903T123335
S2_FI_00014348,7418,2024-09-03,0.0,14.81982,54.8874321950899,168.60439938109,,,34VEP,S2B_MSIL2A_20240903T094549_R079_T34VEP_20240903T123335
S2_FI_00014349,7418,2024-09-03,0.0,14.81982,54.8874321950899,168.60439938109,,,34VEP,S2B_MSIL2A_20240903T094549_R079_T34VEP_20240903T123335
S2_FI_00014350,7418,2024-09-03,0.0,14.81982,54.8874321950899,168.60439938109,,,34VEP,S2B_MSIL2A_20240903T094549_R079_T34VEP_20240903T123335
S2_FI_00014351,7418,2024-09-03,0.0,14.81982,54.8874321950899,168.60439938109,,,34VEP,S2B_MSIL2A_20240903T094549_R079_T34VEP_20240903T123335
S2_FI_00014352,7418,2024-10-09,1.0,100.0,68.2779367021971,178.513901096081,,,34VEP,S2B_MSIL2A_20241009T100829_R022_T34VEP_20241009T132806
S2_FI_00014353,7418,2024-10-09,1.0,100.0,68.2779367021971,178.513901096081,,,34VEP,S2B_MSIL2A_20241009T100829_R022_T34VEP_20241009T132806
S2_FI_00014354,7418,2024-10-09,1.0,100.0,68.2779367021971,178.513901096081,,,34VEP,S2B_MSIL2A_20241009T100829_R022_T34VEP_20241009T132806
S2_FI_00014355,7418,2024-10-09,1.0,100.0,68.2779367021971,178.513901096081,,,34VEP,S2B_MSIL2A_20241009T100829_R022_T34VEP_20241009T132806
S2_FI_00014356,7418,2024-10-09,1.0,100.0,68.2779367021971,178.513901096081,,,34VEP,S2B_MSIL2A_20241009T100829_R022_T34VEP_20241009T132806
S2_FI_00014357,7418,2024-10-09,1.0,100.0,68.2779367021971,178.513901096081,,,34VEP,S2B_MSIL2A_20241009T100829_R022_T34VEP_20241009T132806
S2_FI_00014358,7418,2024-11-13,0.0,94.22307,79.884283843279,179.340349034897,,,34VEP,S2A_MSIL2A_20241113T101251_R022_T34VEP_20241113T111750
S2_FI_00014359,7418,2024-11-13,0.0,94.22307,79.884283843279,179.340349034897,,,34VEP,S2A_MSIL2A_20241113T101251_R022_T34VEP_20241113T111750
S2_FI_00014360,7418,2024-11-13,0.0,94.22307,79.884283843279,179.340349034897,,,34VEP,S2A_MSIL2A_20241113T101251_R022_T34VEP_20241113T111750
S2_FI_00014361,7418,2024-11-13,0.0,94.22307,79.884283843279,179.340349034897,,,34VEP,S2A_MSIL2A_20241113T101251_R022_T34VEP_20241113T111750
S2_FI_00014362,7418,2024-11-13,0.0,94.22307,79.884283843279,179.340349034897,,,34VEP,S2A_MSIL2A_20241113T101251_R022_T34VEP_20241113T111750
S2_FI_00014363,7418,2024-11-13,0.0,94.22307,79.884283843279,179.340349034897,,,34VEP,S2A_MSIL2A_20241113T101251_R022_T34VEP_20241113T111750
S2_FI_00014364,7418,2024-12-08,1.0,100.0,84.5487522268504,177.58269186222,,,34VEP,S2B_MSIL2A_20241208T101329_R022_T34VEP_20241208T125855
S2_FI_00014365,7418,2024-12-08,1.0,100.0,84.5487522268504,177.58269186222,,,34VEP,S2B_MSIL2A_20241208T101329_R022_T34VEP_20241208T125855
S2_FI_00014366,7418,2024-12-08,1.0,100.0,84.5487522268504,177.58269186222,,,34VEP,S2B_MSIL2A_20241208T101329_R022_T34VEP_20241208T125855
S2_FI_00014367,7418,2024-12-08,1.0,100.0,84.5487522268504,177.58269186222,,,34VEP,S2B_MSIL2A_20241208T101329_R022_T34VEP_20241208T125855
S2_FI_00014368,7418,2024-12-08,1.0,100.0,84.5487522268504,177.58269186222,,,34VEP,S2B_MSIL2A_20241208T101329_R022_T34VEP_20241208T125855
S2_FI_00014369,7418,2024-12-08,1.0,100.0,84.5487522268504,177.58269186222,,,34VEP,S2B_MSIL2A_20241208T101329_R022_T34VEP_20241208T125855
S2_FI_00014874,7913,2023-03-13,1.0,49.81432,64.2069140625996,169.323779031239,,,35VLH,S2B_MSIL2A_20230313T095039_R079_T35VLH_20240819T180634
S2_FI_00014875,7913,2023-03-13,1.0,49.81432,64.2069140625996,169.323779031239,,,35VLH,S2B_MSIL2A_20230313T095039_R079_T35VLH_20240819T180634
S2_FI_00014876,7913,2023-03-13,1.0,49.81432,64.2069140625996,169.323779031239,,,35VLH,S2B_MSIL2A_20230313T095039_R079_T35VLH_20240819T180634
S2_FI_00014877,7913,2023-03-13,1.0,49.81432,64.2069140625996,169.323779031239,,,35VLH,S2B_MSIL2A_20230313T095039_R079_T35VLH_20240819T180634
S2_FI_00014878,7913,2023-03-13,1.0,49.81432,64.2069140625996,169.323779031239,,,35VLH,S2B_MSIL2A_20230313T095039_R079_T35VLH_20240819T180634
S2_FI_00014879,7913,2023-03-13,1.0,49.81432,64.2069140625996,169.323779031239,,,35VLH,S2B_MSIL2A_20230313T095039_R079_T35VLH_20240819T180634
S2_FI_00014880,7913,2023-08-23,1.0,75.295115,49.5231508905695,173.002020311373,,,35VLH,S2B_MSIL2A_20230823T095559_R122_T35VLH_20241019T191513
S2_FI_00014881,7913,2023-08-23,1.0,75.295115,49.5231508905695,173.002020311373,,,35VLH,S2B_MSIL2A_20230823T095559_R122_T35VLH_20241019T191513
S2_FI_00014882,7913,2023-08-23,1.0,75.295115,49.5231508905695,173.002020311373,,,35VLH,S2B_MSIL2A_20230823T095559_R122_T35VLH_20241019T191513
S2_FI_00014883,7913,2023-08-23,1.0,75.295115,49.5231508905695,173.002020311373,,,35VLH,S2B_MSIL2A_20230823T095559_R122_T35VLH_20241019T191513
S2_FI_00014884,7913,2023-08-23,1.0,75.295115,49.5231508905695,173.002020311373,,,35VLH,S2B_MSIL2A_20230823T095559_R122_T35VLH_20241019T191513
S2_FI_00014885,7913,2023-08-23,1.0,75.295115,49.5231508905695,173.002020311373,,,35VLH,S2B_MSIL2A_20230823T095559_R122_T35VLH_20241019T191513
S2_FI_00014886,7913,2023-10-12,1.0,94.666356,68.2004784175352,178.515506115675,,,35VLH,S2B_MSIL2A_20231012T095849_R122_T35VLH_20241102T165148
S2_FI_00014887,7913,2023-10-12,1.0,94.666356,68.2004784175352,178.515506115675,,,35VLH,S2B_MSIL2A_20231012T095849_R122_T35VLH_20241102T165148
S2_FI_00014888,7913,2023-10-12,1.0,94.666356,68.2004784175352,178.515506115675,,,35VLH,S2B_MSIL2A_20231012T095849_R122_T35VLH_20241102T165148
S2_FI_00014889,7913,2023-10-12,1.0,94.666356,68.2004784175352,178.515506115675,,,35VLH,S2B_MSIL2A_20231012T095849_R122_T35VLH_20241102T165148
S2_FI_00014890,7913,2023-10-12,1.0,94.666356,68.2004784175352,178.515506115675,,,35VLH,S2B_MSIL2A_20231012T095849_R122_T35VLH_20241102T165148
S2_FI_00014891,7913,2023-10-12,1.0,94.666356,68.2004784175352,178.515506115675,,,35VLH,S2B_MSIL2A_20231012T095849_R122_T35VLH_20241102T165148
S2_FI_00014892,7913,2024-03-12,1.0,15.361214,64.3030432132939,169.291235393259,,,35VLH,S2A_MSIL2A_20240312T095031_R079_T35VLH_20240313T153452
S2_FI_00014893,7913,2024-03-12,1.0,15.361214,64.3030432132939,169.291235393259,,,35VLH,S2A_MSIL2A_20240312T095031_R079_T35VLH_20240313T153452
S2_FI_00014894,7913,2024-03-12,1.0,15.361214,64.3030432132939,169.291235393259,,,35VLH,S2A_MSIL2A_20240312T095031_R079_T35VLH_20240313T153452
S2_FI_00014895,7913,2024-03-12,1.0,15.361214,64.3030432132939,169.291235393259,,,35VLH,S2A_MSIL2A_20240312T095031_R079_T35VLH_20240313T153452
S2_FI_00014896,7913,2024-03-12,1.0,15.361214,64.3030432132939,169.291235393259,,,35VLH,S2A_MSIL2A_20240312T095031_R079_T35VLH_20240313T153452
S2_FI_00014897,7913,2024-03-12,1.0,15.361214,64.3030432132939,169.291235393259,,,35VLH,S2A_MSIL2A_20240312T095031_R079_T35VLH_20240313T153452
S2_FI_00014898,7913,2024-08-12,1.0,91.598296,46.2702619804069,171.960180287986,,,35VLH,S2A_MSIL2A_20240812T100031_R122_T35VLH_20240812T140649
S2_FI_00014899,7913,2024-08-12,1.0,91.598296,46.2702619804069,171.960180287986,,,35VLH,S2A_MSIL2A_20240812T100031_R122_T35VLH_20240812T140649
S2_FI_00014900,7913,2024-08-12,1.0,91.598296,46.2702619804069,171.960180287986,,,35VLH,S2A_MSIL2A_20240812T100031_R122_T35VLH_20240812T140649
S2_FI_00014901,7913,2024-08-12,1.0,91.598296,46.2702619804069,171.960180287986,,,35VLH,S2A_MSIL2A_20240812T100031_R122_T35VLH_20240812T140649
S2_FI_00014902,7913,2024-08-12,1.0,91.598296,46.2702619804069,171.960180287986,,,35VLH,S2A_MSIL2A_20240812T100031_R122_T35VLH_20240812T140649
S2_FI_00014903,7913,2024-08-12,1.0,91.598296,46.2702619804069,171.960180287986,,,35VLH,S2A_MSIL2A_20240812T100031_R122_T35VLH_20240812T140649
S2_FI_00014904,7913,2024-10-31,1.0,99.99997,75.1488606627807,179.344475055582,,,35VLH,S2A_MSIL2A_20241031T100141_R122_T35VLH_20241031T121400
S2_FI_00014905,7913,2024-10-31,1.0,99.99997,75.1488606627807,179.344475055582,,,35VLH,S2A_MSIL2A_20241031T100141_R122_T35VLH_20241031T121400
S2_FI_00014906,7913,2024-10-31,1.0,99.99997,75.1488606627807,179.344475055582,,,35VLH,S2A_MSIL2A_20241031T100141_R122_T35VLH_20241031T121400
S2_FI_00014907,7913,2024-10-31,1.0,99.99997,75.1488606627807,179.344475055582,,,35VLH,S2A_MSIL2A_20241031T100141_R122_T35VLH_20241031T121400
S2_FI_00014908,7913,2024-10-31,1.0,99.99997,75.1488606627807,179.344475055582,,,35VLH,S2A_MSIL2A_20241031T100141_R122_T35VLH_20241031T121400
S2_FI_00014909,7913,2024-10-31,1.0,99.99997,75.1488606627807,179.344475055582,,,35VLH,S2A_MSIL2A_20241031T100141_R122_T35VLH_20241031T121400
S2_FI_00014946,8007,2023-01-15,3.0,99.999988,83.0497425403128,173.214975142444,,,35VLJ,S2B_MSIL2A_20230115T100249_R122_T35VLJ_20240811T112331
S2_FI_00014947,8007,2023-01-15,3.0,99.999988,83.0497425403128,173.214975142444,,,35VLJ,S2B_MSIL2A_20230115T100249_R122_T35VLJ_20240811T112331
S2_FI_00014948,8007,2023-01-15,3.0,99.999988,83.0497425403128,173.214975142444,,,35VLJ,S2B_MSIL2A_20230115T100249_R122_T35VLJ_20240811T112331
S2_FI_00014949,8007,2023-01-15,3.0,99.999988,83.0497425403128,173.214975142444,,,35VLJ,S2B_MSIL2A_20230115T100249_R122_T35VLJ_20240811T112331
S2_FI_00014950,8007,2023-01-15,3.0,99.999988,83.0497425403128,173.214975142444,,,35VLJ,S2B_MSIL2A_20230115T100249_R122_T35VLJ_20240811T112331
S2_FI_00014951,8007,2023-01-15,3.0,99.999988,83.0497425403128,173.214975142444,,,35VLJ,S2B_MSIL2A_20230115T100249_R122_T35VLJ_20240811T112331
S2_FI_00014952,8007,2023-02-06,0.0,23.879403,77.8333312589369,169.274101247388,,,35VLJ,S2A_MSIL2A_20230206T095201_R079_T35VLJ_20240731T235028
S2_FI_00014953,8007,2023-02-06,0.0,23.879403,77.8333312589369,169.274101247388,,,35VLJ,S2A_MSIL2A_20230206T095201_R079_T35VLJ_20240731T235028
S2_FI_00014954,8007,2023-02-06,0.0,23.879403,77.8333312589369,169.274101247388,,,35VLJ,S2A_MSIL2A_20230206T095201_R079_T35VLJ_20240731T235028
S2_FI_00014955,8007,2023-02-06,0.0,23.879403,77.8333312589369,169.274101247388,,,35VLJ,S2A_MSIL2A_20230206T095201_R079_T35VLJ_20240731T235028
S2_FI_00014956,8007,2023-02-06,0.0,23.879403,77.8333312589369,169.274101247388,,,35VLJ,S2A_MSIL2A_20230206T095201_R079_T35VLJ_20240731T235028
S2_FI_00014957,8007,2023-02-06,0.0,23.879403,77.8333312589369,169.274101247388,,,35VLJ,S2A_MSIL2A_20230206T095201_R079_T35VLJ_20240731T235028
S2_FI_00014958,8007,2023-03-13,0.0,40.769318,65.0999050259356,169.253101288157,,,35VLJ,S2B_MSIL2A_20230313T095039_R079_T35VLJ_20240819T180634
S2_FI_00014959,8007,2023-03-13,0.0,40.769318,65.0999050259356,169.253101288157,,,35VLJ,S2B_MSIL2A_20230313T095039_R079_T35VLJ_20240819T180634
S2_FI_00014960,8007,2023-03-13,0.0,40.769318,65.0999050259356,169.253101288157,,,35VLJ,S2B_MSIL2A_20230313T095039_R079_T35VLJ_20240819T180634
S2_FI_00014961,8007,2023-03-13,0.0,40.769318,65.0999050259356,169.253101288157,,,35VLJ,S2B_MSIL2A_20230313T095039_R079_T35VLJ_20240819T180634
S2_FI_00014962,8007,2023-03-13,0.0,40.769318,65.0999050259356,169.253101288157,,,35VLJ,S2B_MSIL2A_20230313T095039_R079_T35VLJ_20240819T180634
S2_FI_00014963,8007,2023-03-13,0.0,40.769318,65.0999050259356,169.253101288157,,,35VLJ,S2B_MSIL2A_20230313T095039_R079_T35VLJ_20240819T180634
S2_FI_00014964,8007,2023-04-05,1.0,53.753448,55.8164590734542,173.291873466939,,,35VLJ,S2B_MSIL2A_20230405T100029_R122_T35VLJ_20240830T025509
S2_FI_00014965,8007,2023-04-05,1.0,53.753448,55.8164590734542,173.291873466939,,,35VLJ,S2B_MSIL2A_20230405T100029_R122_T35VLJ_20240830T025509
S2_FI_00014966,8007,2023-04-05,1.0,53.753448,55.8164590734542,173.291873466939,,,35VLJ,S2B_MSIL2A_20230405T100029_R122_T35VLJ_20240830T025509
S2_FI_00014967,8007,2023-04-05,1.0,53.753448,55.8164590734542,173.291873466939,,,35VLJ,S2B_MSIL2A_20230405T100029_R122_T35VLJ_20240830T025509
S2_FI_00014968,8007,2023-04-05,1.0,53.753448,55.8164590734542,173.291873466939,,,35VLJ,S2B_MSIL2A_20230405T100029_R122_T35VLJ_20240830T025509
S2_FI_00014969,8007,2023-04-05,1.0,53.753448,55.8164590734542,173.291873466939,,,35VLJ,S2B_MSIL2A_20230405T100029_R122_T35VLJ_20240830T025509
S2_FI_00014970,8007,2023-04-17,1.0,32.140383,51.5360090945353,170.81962007652,,,35VLJ,S2A_MSIL2A_20230417T095031_R079_T35VLJ_20240902T191342
S2_FI_00014971,8007,2023-04-17,1.0,32.140383,51.5360090945353,170.81962007652,,,35VLJ,S2A_MSIL2A_20230417T095031_R079_T35VLJ_20240902T191342
S2_FI_00014972,8007,2023-04-17,1.0,32.140383,51.5360090945353,170.81962007652,,,35VLJ,S2A_MSIL2A_20230417T095031_R079_T35VLJ_20240902T191342
S2_FI_00014973,8007,2023-04-17,1.0,32.140383,51.5360090945353,170.81962007652,,,35VLJ,S2A_MSIL2A_20230417T095031_R079_T35VLJ_20240902T191342
S2_FI_00014974,8007,2023-04-17,1.0,32.140383,51.5360090945353,170.81962007652,,,35VLJ,S2A_MSIL2A_20230417T095031_R079_T35VLJ_20240902T191342
S2_FI_00014975,8007,2023-04-17,1.0,32.140383,51.5360090945353,170.81962007652,,,35VLJ,S2A_MSIL2A_20230417T095031_R079_T35VLJ_20240902T191342
S2_FI_00014976,8007,2023-05-10,1.0,36.016598,44.1954077317626,174.525005679305,,,35VLJ,S2A_MSIL2A_20230510T100031_R122_T35VLJ_20230510T154649
S2_FI_00014977,8007,2023-05-10,1.0,36.016598,44.1954077317626,174.525005679305,,,35VLJ,S2A_MSIL2A_20230510T100031_R122_T35VLJ_20230510T154649
S2_FI_00014978,8007,2023-05-10,1.0,36.016598,44.1954077317626,174.525005679305,,,35VLJ,S2A_MSIL2A_20230510T100031_R122_T35VLJ_20230510T154649
S2_FI_00014979,8007,2023-05-10,1.0,36.016598,44.1954077317626,174.525005679305,,,35VLJ,S2A_MSIL2A_20230510T100031_R122_T35VLJ_20230510T154649
S2_FI_00014980,8007,2023-05-10,1.0,36.016598,44.1954077317626,174.525005679305,,,35VLJ,S2A_MSIL2A_20230510T100031_R122_T35VLJ_20230510T154649
S2_FI_00014981,8007,2023-05-10,1.0,36.016598,44.1954077317626,174.525005679305,,,35VLJ,S2A_MSIL2A_20230510T100031_R122_T35VLJ_20230510T154649
S2_FI_00014982,8007,2023-05-12,0.0,20.816298,43.8301283004094,171.109758987433,,,35VLJ,S2B_MSIL2A_20230512T094549_R079_T35VLJ_20230512T142150
S2_FI_00014983,8007,2023-05-12,0.0,20.816298,43.8301283004094,171.109758987433,,,35VLJ,S2B_MSIL2A_20230512T094549_R079_T35VLJ_20230512T142150
S2_FI_00014984,8007,2023-05-12,0.0,20.816298,43.8301283004094,171.109758987433,,,35VLJ,S2B_MSIL2A_20230512T094549_R079_T35VLJ_20230512T142150
S2_FI_00014985,8007,2023-05-12,0.0,20.816298,43.8301283004094,171.109758987433,,,35VLJ,S2B_MSIL2A_20230512T094549_R079_T35VLJ_20230512T142150
S2_FI_00014986,8007,2023-05-12,0.0,20.816298,43.8301283004094,171.109758987433,,,35VLJ,S2B_MSIL2A_20230512T094549_R079_T35VLJ_20230512T142150
S2_FI_00014987,8007,2023-05-12,0.0,20.816298,43.8301283004094,171.109758987433,,,35VLJ,S2B_MSIL2A_20230512T094549_R079_T35VLJ_20230512T142150
S2_FI_00014988,8007,2023-05-30,1.0,81.931794,40.0584669178937,173.846467339039,,,35VLJ,S2A_MSIL2A_20230530T100031_R122_T35VLJ_20240906T093135
S2_FI_00014989,8007,2023-05-30,1.0,81.931794,40.0584669178937,173.846467339039,,,35VLJ,S2A_MSIL2A_20230530T100031_R122_T35VLJ_20240906T093135
S2_FI_00014990,8007,2023-05-30,1.0,81.931794,40.0584669178937,173.846467339039,,,35VLJ,S2A_MSIL2A_20230530T100031_R122_T35VLJ_20240906T093135
S2_FI_00014991,8007,2023-05-30,1.0,81.931794,40.0584669178937,173.846467339039,,,35VLJ,S2A_MSIL2A_20230530T100031_R122_T35VLJ_20240906T093135
S2_FI_00014992,8007,2023-05-30,1.0,81.931794,40.0584669178937,173.846467339039,,,35VLJ,S2A_MSIL2A_20230530T100031_R122_T35VLJ_20240906T093135
S2_FI_00014993,8007,2023-05-30,1.0,81.931794,40.0584669178937,173.846467339039,,,35VLJ,S2A_MSIL2A_20230530T100031_R122_T35VLJ_20240906T093135
S2_FI_00014994,8007,2023-06-11,1.0,3.351784,38.9533763105329,169.332419884166,,,35VLJ,S2B_MSIL2A_20230611T094549_R079_T35VLJ_20240909T132336
S2_FI_00014995,8007,2023-06-11,1.0,3.351784,38.9533763105329,169.332419884166,,,35VLJ,S2B_MSIL2A_20230611T094549_R079_T35VLJ_20240909T132336
S2_FI_00014996,8007,2023-06-11,1.0,3.351784,38.9533763105329,169.332419884166,,,35VLJ,S2B_MSIL2A_20230611T094549_R079_T35VLJ_20240909T132336
S2_FI_00014997,8007,2023-06-11,1.0,3.351784,38.9533763105329,169.332419884166,,,35VLJ,S2B_MSIL2A_20230611T094549_R079_T35VLJ_20240909T132336
S2_FI_00014998,8007,2023-06-11,1.0,3.351784,38.9533763105329,169.332419884166,,,35VLJ,S2B_MSIL2A_20230611T094549_R079_T35VLJ_20240909T132336
S2_FI_00014999,8007,2023-06-11,1.0,3.351784,38.9533763105329,169.332419884166,,,35VLJ,S2B_MSIL2A_20230611T094549_R079_T35VLJ_20240909T132336
S2_FI_00015000,8007,2023-06-19,0.0,0.000362,38.4568838568806,172.304536577093,,,35VLJ,S2A_MSIL2A_20230619T100031_R122_T35VLJ_20240911T192325
S2_FI_00015001,8007,2023-06-19,0.0,0.000362,38.4568838568806,172.304536577093,,,35VLJ,S2A_MSIL2A_20230619T100031_R122_T35VLJ_20240911T192325
S2_FI_00015002,8007,2023-06-19,0.0,0.000362,38.4568838568806,172.304536577093,,,35VLJ,S2A_MSIL2A_20230619T100031_R122_T35VLJ_20240911T192325
S2_FI_00015003,8007,2023-06-19,0.0,0.000362,38.4568838568806,172.304536577093,,,35VLJ,S2A_MSIL2A_20230619T100031_R122_T35VLJ_20240911T192325
S2_FI_00015004,8007,2023-06-19,0.0,0.000362,38.4568838568806,172.304536577093,,,35VLJ,S2A_MSIL2A_20230619T100031_R122_T35VLJ_20240911T192325
S2_FI_00015005,8007,2023-06-19,0.0,0.000362,38.4568838568806,172.304536577093,,,35VLJ,S2A_MSIL2A_20230619T100031_R122_T35VLJ_20240911T192325
S2_FI_00015006,8007,2023-07-04,1.0,99.757421,39.0514071463864,171.247060706078,,,35VLJ,S2B_MSIL2A_20230704T095559_R122_T35VLJ_20230704T142440
S2_FI_00015007,8007,2023-07-04,1.0,99.757421,39.0514071463864,171.247060706078,,,35VLJ,S2B_MSIL2A_20230704T095559_R122_T35VLJ_20230704T142440
S2_FI_00015008,8007,2023-07-04,1.0,99.757421,39.0514071463864,171.247060706078,,,35VLJ,S2B_MSIL2A_20230704T095559_R122_T35VLJ_20230704T142440
S2_FI_00015009,8007,2023-07-04,1.0,99.757421,39.0514071463864,171.247060706078,,,35VLJ,S2B_MSIL2A_20230704T095559_R122_T35VLJ_20230704T142440
S2_FI_00015010,8007,2023-07-04,1.0,99.757421,39.0514071463864,171.247060706078,,,35VLJ,S2B_MSIL2A_20230704T095559_R122_T35VLJ_20230704T142440
S2_FI_00015011,8007,2023-07-04,1.0,99.757421,39.0514071463864,171.247060706078,,,35VLJ,S2B_MSIL2A_20230704T095559_R122_T35VLJ_20230704T142440
S2_FI_00015012,8007,2023-07-19,1.0,43.154007,41.1080368262074,170.798383926463,,,35VLJ,S2A_MSIL2A_20230719T100031_R122_T35VLJ_20241021T091658
S2_FI_00015013,8007,2023-07-19,1.0,43.154007,41.1080368262074,170.798383926463,,,35VLJ,S2A_MSIL2A_20230719T100031_R122_T35VLJ_20241021T091658
S2_FI_00015014,8007,2023-07-19,1.0,43.154007,41.1080368262074,170.798383926463,,,35VLJ,S2A_MSIL2A_20230719T100031_R122_T35VLJ_20241021T091658
S2_FI_00015015,8007,2023-07-19,1.0,43.154007,41.1080368262074,170.798383926463,,,35VLJ,S2A_MSIL2A_20230719T100031_R122_T35VLJ_20241021T091658
S2_FI_00015016,8007,2023-07-19,1.0,43.154007,41.1080368262074,170.798383926463,,,35VLJ,S2A_MSIL2A_20230719T100031_R122_T35VLJ_20241021T091658
S2_FI_00015017,8007,2023-07-19,1.0,43.154007,41.1080368262074,170.798383926463,,,35VLJ,S2A_MSIL2A_20230719T100031_R122_T35VLJ_20241021T091658
S2_FI_00015018,8007,2023-08-08,1.0,48.147443,45.7838318370432,171.538401648431,,,35VLJ,S2A_MSIL2A_20230808T100031_R122_T35VLJ_20241021T205631
S2_FI_00015019,8007,2023-08-08,1.0,48.147443,45.7838318370432,171.538401648431,,,35VLJ,S2A_MSIL2A_20230808T100031_R122_T35VLJ_20241021T205631
S2_FI_00015020,8007,2023-08-08,1.0,48.147443,45.7838318370432,171.538401648431,,,35VLJ,S2A_MSIL2A_20230808T100031_R122_T35VLJ_20241021T205631
S2_FI_00015021,8007,2023-08-08,1.0,48.147443,45.7838318370432,171.538401648431,,,35VLJ,S2A_MSIL2A_20230808T100031_R122_T35VLJ_20241021T205631
S2_FI_00015022,8007,2023-08-08,1.0,48.147443,45.7838318370432,171.538401648431,,,35VLJ,S2A_MSIL2A_20230808T100031_R122_T35VLJ_20241021T205631
S2_FI_00015023,8007,2023-08-08,1.0,48.147443,45.7838318370432,171.538401648431,,,35VLJ,S2A_MSIL2A_20230808T100031_R122_T35VLJ_20241021T205631
S2_FI_00015024,8007,2023-08-23,1.0,84.519714,50.4206969263074,172.921775590153,,,35VLJ,S2B_MSIL2A_20230823T095559_R122_T35VLJ_20241019T191513
S2_FI_00015025,8007,2023-08-23,1.0,84.519714,50.4206969263074,172.921775590153,,,35VLJ,S2B_MSIL2A_20230823T095559_R122_T35VLJ_20241019T191513
S2_FI_00015026,8007,2023-08-23,1.0,84.519714,50.4206969263074,172.921775590153,,,35VLJ,S2B_MSIL2A_20230823T095559_R122_T35VLJ_20241019T191513
S2_FI_00015027,8007,2023-08-23,1.0,84.519714,50.4206969263074,172.921775590153,,,35VLJ,S2B_MSIL2A_20230823T095559_R122_T35VLJ_20241019T191513
S2_FI_00015028,8007,2023-08-23,1.0,84.519714,50.4206969263074,172.921775590153,,,35VLJ,S2B_MSIL2A_20230823T095559_R122_T35VLJ_20241019T191513
S2_FI_00015029,8007,2023-08-23,1.0,84.519714,50.4206969263074,172.921775590153,,,35VLJ,S2B_MSIL2A_20230823T095559_R122_T35VLJ_20241019T191513
S2_FI_00015030,8007,2023-09-07,0.0,31.82686,55.7248748239423,174.698098881602,,,35VLJ,S2A_MSIL2A_20230907T100031_R122_T35VLJ_20230907T173545
S2_FI_00015031,8007,2023-09-07,0.0,31.82686,55.7248748239423,174.698098881602,,,35VLJ,S2A_MSIL2A_20230907T100031_R122_T35VLJ_20230907T173545
S2_FI_00015032,8007,2023-09-07,0.0,31.82686,55.7248748239423,174.698098881602,,,35VLJ,S2A_MSIL2A_20230907T100031_R122_T35VLJ_20230907T173545
S2_FI_00015033,8007,2023-09-07,0.0,31.82686,55.7248748239423,174.698098881602,,,35VLJ,S2A_MSIL2A_20230907T100031_R122_T35VLJ_20230907T173545
S2_FI_00015034,8007,2023-09-07,0.0,31.82686,55.7248748239423,174.698098881602,,,35VLJ,S2A_MSIL2A_20230907T100031_R122_T35VLJ_20230907T173545
S2_FI_00015035,8007,2023-09-07,0.0,31.82686,55.7248748239423,174.698098881602,,,35VLJ,S2A_MSIL2A_20230907T100031_R122_T35VLJ_20230907T173545
S2_FI_00015036,8007,2023-09-17,1.0,66.434783,59.4988024250846,175.900989810303,,,35VLJ,S2A_MSIL2A_20230917T100031_R122_T35VLJ_20241101T051059
S2_FI_00015037,8007,2023-09-17,1.0,66.434783,59.4988024250846,175.900989810303,,,35VLJ,S2A_MSIL2A_20230917T100031_R122_T35VLJ_20241101T051059
S2_FI_00015038,8007,2023-09-17,1.0,66.434783,59.4988024250846,175.900989810303,,,35VLJ,S2A_MSIL2A_20230917T100031_R122_T35VLJ_20241101T051059
S2_FI_00015039,8007,2023-09-17,1.0,66.434783,59.4988024250846,175.900989810303,,,35VLJ,S2A_MSIL2A_20230917T100031_R122_T35VLJ_20241101T051059
S2_FI_00015040,8007,2023-09-17,1.0,66.434783,59.4988024250846,175.900989810303,,,35VLJ,S2A_MSIL2A_20230917T100031_R122_T35VLJ_20241101T051059
S2_FI_00015041,8007,2023-09-17,1.0,66.434783,59.4988024250846,175.900989810303,,,35VLJ,S2A_MSIL2A_20230917T100031_R122_T35VLJ_20241101T051059
S2_FI_00015042,8007,2023-10-02,0.0,33.980876,65.2889265762046,177.530605843456,,,35VLJ,S2B_MSIL2A_20231002T095739_R122_T35VLJ_20231002T182945
S2_FI_00015043,8007,2023-10-02,0.0,33.980876,65.2889265762046,177.530605843456,,,35VLJ,S2B_MSIL2A_20231002T095739_R122_T35VLJ_20231002T182945
S2_FI_00015044,8007,2023-10-02,0.0,33.980876,65.2889265762046,177.530605843456,,,35VLJ,S2B_MSIL2A_20231002T095739_R122_T35VLJ_20231002T182945
S2_FI_00015045,8007,2023-10-02,0.0,33.980876,65.2889265762046,177.530605843456,,,35VLJ,S2B_MSIL2A_20231002T095739_R122_T35VLJ_20231002T182945
S2_FI_00015046,8007,2023-10-02,0.0,33.980876,65.2889265762046,177.530605843456,,,35VLJ,S2B_MSIL2A_20231002T095739_R122_T35VLJ_20231002T182945
S2_FI_00015047,8007,2023-10-02,0.0,33.980876,65.2889265762046,177.530605843456,,,35VLJ,S2B_MSIL2A_20231002T095739_R122_T35VLJ_20231002T182945
S2_FI_00015048,8007,2023-10-27,1.0,93.492365,74.4762771151366,179.120987083992,,,35VLJ,S2A_MSIL2A_20231027T100111_R122_T35VLJ_20241103T225758
S2_FI_00015049,8007,2023-10-27,1.0,93.492365,74.4762771151366,179.120987083992,,,35VLJ,S2A_MSIL2A_20231027T100111_R122_T35VLJ_20241103T225758
S2_FI_00015050,8007,2023-10-27,1.0,93.492365,74.4762771151366,179.120987083992,,,35VLJ,S2A_MSIL2A_20231027T100111_R122_T35VLJ_20241103T225758
S2_FI_00015051,8007,2023-10-27,1.0,93.492365,74.4762771151366,179.120987083992,,,35VLJ,S2A_MSIL2A_20231027T100111_R122_T35VLJ_20241103T225758
S2_FI_00015052,8007,2023-10-27,1.0,93.492365,74.4762771151366,179.120987083992,,,35VLJ,S2A_MSIL2A_20231027T100111_R122_T35VLJ_20241103T225758
S2_FI_00015053,8007,2023-10-27,1.0,93.492365,74.4762771151366,179.120987083992,,,35VLJ,S2A_MSIL2A_20231027T100111_R122_T35VLJ_20241103T225758
S2_FI_00015054,8007,2023-11-08,1.0,93.324697,78.3051126983115,176.767030596035,,,35VLJ,S2B_MSIL2A_20231108T095129_R079_T35VLJ_20231108T131948
S2_FI_00015055,8007,2023-11-08,1.0,93.324697,78.3051126983115,176.767030596035,,,35VLJ,S2B_MSIL2A_20231108T095129_R079_T35VLJ_20231108T131948
S2_FI_00015056,8007,2023-11-08,1.0,93.324697,78.3051126983115,176.767030596035,,,35VLJ,S2B_MSIL2A_20231108T095129_R079_T35VLJ_20231108T131948
S2_FI_00015057,8007,2023-11-08,1.0,93.324697,78.3051126983115,176.767030596035,,,35VLJ,S2B_MSIL2A_20231108T095129_R079_T35VLJ_20231108T131948
S2_FI_00015058,8007,2023-11-08,1.0,93.324697,78.3051126983115,176.767030596035,,,35VLJ,S2B_MSIL2A_20231108T095129_R079_T35VLJ_20231108T131948
S2_FI_00015059,8007,2023-11-08,1.0,93.324697,78.3051126983115,176.767030596035,,,35VLJ,S2B_MSIL2A_20231108T095129_R079_T35VLJ_20231108T131948
S2_FI_00015060,8007,2023-11-08,0.0,93.324697,78.3051126983115,176.767030596035,,,35VLJ,S2B_MSIL2A_20231108T095129_R079_T35VLJ_20231108T131948
S2_FI_00015061,8007,2023-11-08,0.0,93.324697,78.3051126983115,176.767030596035,,,35VLJ,S2B_MSIL2A_20231108T095129_R079_T35VLJ_20231108T131948
S2_FI_00015062,8007,2023-11-08,0.0,93.324697,78.3051126983115,176.767030596035,,,35VLJ,S2B_MSIL2A_20231108T095129_R079_T35VLJ_20231108T131948
S2_FI_00015063,8007,2023-11-08,0.0,93.324697,78.3051126983115,176.767030596035,,,35VLJ,S2B_MSIL2A_20231108T095129_R079_T35VLJ_20231108T131948
S2_FI_00015064,8007,2023-11-08,0.0,93.324697,78.3051126983115,176.767030596035,,,35VLJ,S2B_MSIL2A_20231108T095129_R079_T35VLJ_20231108T131948
S2_FI_00015065,8007,2023-11-08,0.0,93.324697,78.3051126983115,176.767030596035,,,35VLJ,S2B_MSIL2A_20231108T095129_R079_T35VLJ_20231108T131948
S2_FI_00015066,8007,2023-12-08,3.0,98.162311,84.5281124487286,175.062211306021,,,35VLJ,S2B_MSIL2A_20231208T095309_R079_T35VLJ_20241109T122848
S2_FI_00015067,8007,2023-12-08,3.0,98.162311,84.5281124487286,175.062211306021,,,35VLJ,S2B_MSIL2A_20231208T095309_R079_T35VLJ_20241109T122848
S2_FI_00015068,8007,2023-12-08,3.0,98.162311,84.5281124487286,175.062211306021,,,35VLJ,S2B_MSIL2A_20231208T095309_R079_T35VLJ_20241109T122848
S2_FI_00015069,8007,2023-12-08,3.0,98.162311,84.5281124487286,175.062211306021,,,35VLJ,S2B_MSIL2A_20231208T095309_R079_T35VLJ_20241109T122848
S2_FI_00015070,8007,2023-12-08,3.0,98.162311,84.5281124487286,175.062211306021,,,35VLJ,S2B_MSIL2A_20231208T095309_R079_T35VLJ_20241109T122848
S2_FI_00015071,8007,2023-12-08,3.0,98.162311,84.5281124487286,175.062211306021,,,35VLJ,S2B_MSIL2A_20231208T095309_R079_T35VLJ_20241109T122848
S2_FI_00015072,8007,2023-12-08,5.0,98.162311,84.5281124487286,175.062211306021,,,35VLJ,S2B_MSIL2A_20231208T095309_R079_T35VLJ_20241109T122848
S2_FI_00015073,8007,2023-12-08,5.0,98.162311,84.5281124487286,175.062211306021,,,35VLJ,S2B_MSIL2A_20231208T095309_R079_T35VLJ_20241109T122848
S2_FI_00015074,8007,2023-12-08,5.0,98.162311,84.5281124487286,175.062211306021,,,35VLJ,S2B_MSIL2A_20231208T095309_R079_T35VLJ_20241109T122848
S2_FI_00015075,8007,2023-12-08,5.0,98.162311,84.5281124487286,175.062211306021,,,35VLJ,S2B_MSIL2A_20231208T095309_R079_T35VLJ_20241109T122848
S2_FI_00015076,8007,2023-12-08,5.0,98.162311,84.5281124487286,175.062211306021,,,35VLJ,S2B_MSIL2A_20231208T095309_R079_T35VLJ_20241109T122848
S2_FI_00015077,8007,2023-12-08,5.0,98.162311,84.5281124487286,175.062211306021,,,35VLJ,S2B_MSIL2A_20231208T095309_R079_T35VLJ_20241109T122848
S2_FI_00015078,8007,2024-01-22,0.0,100.0,81.8715318176066,170.242241068142,,,35VLJ,S2A_MSIL2A_20240122T095311_R079_T35VLJ_20240122T120739
S2_FI_00015079,8007,2024-01-22,0.0,100.0,81.8715318176066,170.242241068142,,,35VLJ,S2A_MSIL2A_20240122T095311_R079_T35VLJ_20240122T120739
S2_FI_00015080,8007,2024-01-22,0.0,100.0,81.8715318176066,170.242241068142,,,35VLJ,S2A_MSIL2A_20240122T095311_R079_T35VLJ_20240122T120739
S2_FI_00015081,8007,2024-01-22,0.0,100.0,81.8715318176066,170.242241068142,,,35VLJ,S2A_MSIL2A_20240122T095311_R079_T35VLJ_20240122T120739
S2_FI_00015082,8007,2024-01-22,0.0,100.0,81.8715318176066,170.242241068142,,,35VLJ,S2A_MSIL2A_20240122T095311_R079_T35VLJ_20240122T120739
S2_FI_00015083,8007,2024-01-22,0.0,100.0,81.8715318176066,170.242241068142,,,35VLJ,S2A_MSIL2A_20240122T095311_R079_T35VLJ_20240122T120739
S2_FI_00015084,8007,2024-01-22,1.0,100.0,81.8715318176066,170.242241068142,,,35VLJ,S2A_MSIL2A_20240122T095311_R079_T35VLJ_20240122T120739
S2_FI_00015085,8007,2024-01-22,1.0,100.0,81.8715318176066,170.242241068142,,,35VLJ,S2A_MSIL2A_20240122T095311_R079_T35VLJ_20240122T120739
S2_FI_00015086,8007,2024-01-22,1.0,100.0,81.8715318176066,170.242241068142,,,35VLJ,S2A_MSIL2A_20240122T095311_R079_T35VLJ_20240122T120739
S2_FI_00015087,8007,2024-01-22,1.0,100.0,81.8715318176066,170.242241068142,,,35VLJ,S2A_MSIL2A_20240122T095311_R079_T35VLJ_20240122T120739
S2_FI_00015088,8007,2024-01-22,1.0,100.0,81.8715318176066,170.242241068142,,,35VLJ,S2A_MSIL2A_20240122T095311_R079_T35VLJ_20240122T120739
S2_FI_00015089,8007,2024-01-22,1.0,100.0,81.8715318176066,170.242241068142,,,35VLJ,S2A_MSIL2A_20240122T095311_R079_T35VLJ_20240122T120739
S2_FI_00015090,8007,2024-02-14,1.0,99.895048,75.1302312263122,171.491724087838,,,35VLJ,S2A_MSIL2A_20240214T100121_R122_T35VLJ_20240214T135103
S2_FI_00015091,8007,2024-02-14,1.0,99.895048,75.1302312263122,171.491724087838,,,35VLJ,S2A_MSIL2A_20240214T100121_R122_T35VLJ_20240214T135103
S2_FI_00015092,8007,2024-02-14,1.0,99.895048,75.1302312263122,171.491724087838,,,35VLJ,S2A_MSIL2A_20240214T100121_R122_T35VLJ_20240214T135103
S2_FI_00015093,8007,2024-02-14,1.0,99.895048,75.1302312263122,171.491724087838,,,35VLJ,S2A_MSIL2A_20240214T100121_R122_T35VLJ_20240214T135103
S2_FI_00015094,8007,2024-02-14,1.0,99.895048,75.1302312263122,171.491724087838,,,35VLJ,S2A_MSIL2A_20240214T100121_R122_T35VLJ_20240214T135103
S2_FI_00015095,8007,2024-02-14,1.0,99.895048,75.1302312263122,171.491724087838,,,35VLJ,S2A_MSIL2A_20240214T100121_R122_T35VLJ_20240214T135103
S2_FI_00015096,8007,2024-02-14,0.0,99.895048,75.1302312263122,171.491724087838,,,35VLJ,S2A_MSIL2A_20240214T100121_R122_T35VLJ_20240214T135103
S2_FI_00015097,8007,2024-02-14,0.0,99.895048,75.1302312263122,171.491724087838,,,35VLJ,S2A_MSIL2A_20240214T100121_R122_T35VLJ_20240214T135103
S2_FI_00015098,8007,2024-02-14,0.0,99.895048,75.1302312263122,171.491724087838,,,35VLJ,S2A_MSIL2A_20240214T100121_R122_T35VLJ_20240214T135103
S2_FI_00015099,8007,2024-02-14,0.0,99.895048,75.1302312263122,171.491724087838,,,35VLJ,S2A_MSIL2A_20240214T100121_R122_T35VLJ_20240214T135103
S2_FI_00015100,8007,2024-02-14,0.0,99.895048,75.1302312263122,171.491724087838,,,35VLJ,S2A_MSIL2A_20240214T100121_R122_T35VLJ_20240214T135103
S2_FI_00015101,8007,2024-02-14,0.0,99.895048,75.1302312263122,171.491724087838,,,35VLJ,S2A_MSIL2A_20240214T100121_R122_T35VLJ_20240214T135103
S2_FI_00015102,8007,2024-03-12,1.0,45.066407,65.1959775338422,169.220566364221,,,35VLJ,S2A_MSIL2A_20240312T095031_R079_T35VLJ_20240313T153808
S2_FI_00015103,8007,2024-03-12,1.0,45.066407,65.1959775338422,169.220566364221,,,35VLJ,S2A_MSIL2A_20240312T095031_R079_T35VLJ_20240313T153808
S2_FI_00015104,8007,2024-03-12,1.0,45.066407,65.1959775338422,169.220566364221,,,35VLJ,S2A_MSIL2A_20240312T095031_R079_T35VLJ_20240313T153808
S2_FI_00015105,8007,2024-03-12,1.0,45.066407,65.1959775338422,169.220566364221,,,35VLJ,S2A_MSIL2A_20240312T095031_R079_T35VLJ_20240313T153808
S2_FI_00015106,8007,2024-03-12,1.0,45.066407,65.1959775338422,169.220566364221,,,35VLJ,S2A_MSIL2A_20240312T095031_R079_T35VLJ_20240313T153808
S2_FI_00015107,8007,2024-03-12,1.0,45.066407,65.1959775338422,169.220566364221,,,35VLJ,S2A_MSIL2A_20240312T095031_R079_T35VLJ_20240313T153808
S2_FI_00015108,8007,2024-03-15,1.0,82.872224,63.8048142710039,172.097378297316,,,35VLJ,S2A_MSIL2A_20240315T100031_R122_T35VLJ_20240315T133604
S2_FI_00015109,8007,2024-03-15,1.0,82.872224,63.8048142710039,172.097378297316,,,35VLJ,S2A_MSIL2A_20240315T100031_R122_T35VLJ_20240315T133604
S2_FI_00015110,8007,2024-03-15,1.0,82.872224,63.8048142710039,172.097378297316,,,35VLJ,S2A_MSIL2A_20240315T100031_R122_T35VLJ_20240315T133604
S2_FI_00015111,8007,2024-03-15,1.0,82.872224,63.8048142710039,172.097378297316,,,35VLJ,S2A_MSIL2A_20240315T100031_R122_T35VLJ_20240315T133604
S2_FI_00015112,8007,2024-03-15,1.0,82.872224,63.8048142710039,172.097378297316,,,35VLJ,S2A_MSIL2A_20240315T100031_R122_T35VLJ_20240315T133604
S2_FI_00015113,8007,2024-03-15,1.0,82.872224,63.8048142710039,172.097378297316,,,35VLJ,S2A_MSIL2A_20240315T100031_R122_T35VLJ_20240315T133604
S2_FI_00015114,8007,2024-04-16,0.0,99.627751,51.6202453998074,170.817005100887,,,35VLJ,S2B_MSIL2A_20240416T094549_R079_T35VLJ_20240416T131114
S2_FI_00015115,8007,2024-04-16,0.0,99.627751,51.6202453998074,170.817005100887,,,35VLJ,S2B_MSIL2A_20240416T094549_R079_T35VLJ_20240416T131114
S2_FI_00015116,8007,2024-04-16,0.0,99.627751,51.6202453998074,170.817005100887,,,35VLJ,S2B_MSIL2A_20240416T094549_R079_T35VLJ_20240416T131114
S2_FI_00015117,8007,2024-04-16,0.0,99.627751,51.6202453998074,170.817005100887,,,35VLJ,S2B_MSIL2A_20240416T094549_R079_T35VLJ_20240416T131114
S2_FI_00015118,8007,2024-04-16,0.0,99.627751,51.6202453998074,170.817005100887,,,35VLJ,S2B_MSIL2A_20240416T094549_R079_T35VLJ_20240416T131114
S2_FI_00015119,8007,2024-04-16,0.0,99.627751,51.6202453998074,170.817005100887,,,35VLJ,S2B_MSIL2A_20240416T094549_R079_T35VLJ_20240416T131114
S2_FI_00015120,8007,2024-04-19,1.0,99.320173,50.4093778225741,174.084140085723,,,35VLJ,S2B_MSIL2A_20240419T095549_R122_T35VLJ_20240419T124335
S2_FI_00015121,8007,2024-04-19,1.0,99.320173,50.4093778225741,174.084140085723,,,35VLJ,S2B_MSIL2A_20240419T095549_R122_T35VLJ_20240419T124335
S2_FI_00015122,8007,2024-04-19,1.0,99.320173,50.4093778225741,174.084140085723,,,35VLJ,S2B_MSIL2A_20240419T095549_R122_T35VLJ_20240419T124335
S2_FI_00015123,8007,2024-04-19,1.0,99.320173,50.4093778225741,174.084140085723,,,35VLJ,S2B_MSIL2A_20240419T095549_R122_T35VLJ_20240419T124335
S2_FI_00015124,8007,2024-04-19,1.0,99.320173,50.4093778225741,174.084140085723,,,35VLJ,S2B_MSIL2A_20240419T095549_R122_T35VLJ_20240419T124335
S2_FI_00015125,8007,2024-04-19,1.0,99.320173,50.4093778225741,174.084140085723,,,35VLJ,S2B_MSIL2A_20240419T095549_R122_T35VLJ_20240419T124335
S2_FI_00015126,8007,2024-05-16,0.0,0.475713,42.694647771805,170.942433510157,,,35VLJ,S2B_MSIL2A_20240516T094549_R079_T35VLJ_20240516T142116
S2_FI_00015127,8007,2024-05-16,0.0,0.475713,42.694647771805,170.942433510157,,,35VLJ,S2B_MSIL2A_20240516T094549_R079_T35VLJ_20240516T142116
S2_FI_00015128,8007,2024-05-16,0.0,0.475713,42.694647771805,170.942433510157,,,35VLJ,S2B_MSIL2A_20240516T094549_R079_T35VLJ_20240516T142116
S2_FI_00015129,8007,2024-05-16,0.0,0.475713,42.694647771805,170.942433510157,,,35VLJ,S2B_MSIL2A_20240516T094549_R079_T35VLJ_20240516T142116
S2_FI_00015130,8007,2024-05-16,0.0,0.475713,42.694647771805,170.942433510157,,,35VLJ,S2B_MSIL2A_20240516T094549_R079_T35VLJ_20240516T142116
S2_FI_00015131,8007,2024-05-16,0.0,0.475713,42.694647771805,170.942433510157,,,35VLJ,S2B_MSIL2A_20240516T094549_R079_T35VLJ_20240516T142116
S2_FI_00015132,8007,2024-05-26,1.0,26.121178,40.7297817741628,170.463770844989,,,35VLJ,S2B_MSIL2A_20240526T094549_R079_T35VLJ_20240526T131459
S2_FI_00015133,8007,2024-05-26,1.0,26.121178,40.7297817741628,170.463770844989,,,35VLJ,S2B_MSIL2A_20240526T094549_R079_T35VLJ_20240526T131459
S2_FI_00015134,8007,2024-05-26,1.0,26.121178,40.7297817741628,170.463770844989,,,35VLJ,S2B_MSIL2A_20240526T094549_R079_T35VLJ_20240526T131459
S2_FI_00015135,8007,2024-05-26,1.0,26.121178,40.7297817741628,170.463770844989,,,35VLJ,S2B_MSIL2A_20240526T094549_R079_T35VLJ_20240526T131459
S2_FI_00015136,8007,2024-05-26,1.0,26.121178,40.7297817741628,170.463770844989,,,35VLJ,S2B_MSIL2A_20240526T094549_R079_T35VLJ_20240526T131459
S2_FI_00015137,8007,2024-05-26,1.0,26.121178,40.7297817741628,170.463770844989,,,35VLJ,S2B_MSIL2A_20240526T094549_R079_T35VLJ_20240526T131459
S2_FI_00015138,8007,2024-06-03,0.0,16.334292,39.4335586691604,173.537171261424,,,35VLJ,S2A_MSIL2A_20240603T100031_R122_T35VLJ_20240603T151837
S2_FI_00015139,8007,2024-06-03,0.0,16.334292,39.4335586691604,173.537171261424,,,35VLJ,S2A_MSIL2A_20240603T100031_R122_T35VLJ_20240603T151837
S2_FI_00015140,8007,2024-06-03,0.0,16.334292,39.4335586691604,173.537171261424,,,35VLJ,S2A_MSIL2A_20240603T100031_R122_T35VLJ_20240603T151837
S2_FI_00015141,8007,2024-06-03,0.0,16.334292,39.4335586691604,173.537171261424,,,35VLJ,S2A_MSIL2A_20240603T100031_R122_T35VLJ_20240603T151837
S2_FI_00015142,8007,2024-06-03,0.0,16.334292,39.4335586691604,173.537171261424,,,35VLJ,S2A_MSIL2A_20240603T100031_R122_T35VLJ_20240603T151837
S2_FI_00015143,8007,2024-06-03,0.0,16.334292,39.4335586691604,173.537171261424,,,35VLJ,S2A_MSIL2A_20240603T100031_R122_T35VLJ_20240603T151837
S2_FI_00015144,8007,2024-06-13,1.0,71.400172,38.6123718906826,172.754163234801,,,35VLJ,S2A_MSIL2A_20240613T100031_R122_T35VLJ_20240613T171226
S2_FI_00015145,8007,2024-06-13,1.0,71.400172,38.6123718906826,172.754163234801,,,35VLJ,S2A_MSIL2A_20240613T100031_R122_T35VLJ_20240613T171226
S2_FI_00015146,8007,2024-06-13,1.0,71.400172,38.6123718906826,172.754163234801,,,35VLJ,S2A_MSIL2A_20240613T100031_R122_T35VLJ_20240613T171226
S2_FI_00015147,8007,2024-06-13,1.0,71.400172,38.6123718906826,172.754163234801,,,35VLJ,S2A_MSIL2A_20240613T100031_R122_T35VLJ_20240613T171226
S2_FI_00015148,8007,2024-06-13,1.0,71.400172,38.6123718906826,172.754163234801,,,35VLJ,S2A_MSIL2A_20240613T100031_R122_T35VLJ_20240613T171226
S2_FI_00015149,8007,2024-06-13,1.0,71.400172,38.6123718906826,172.754163234801,,,35VLJ,S2A_MSIL2A_20240613T100031_R122_T35VLJ_20240613T171226
S2_FI_00015150,8007,2024-07-18,0.0,50.844723,41.0641687036532,170.798154495803,,,35VLJ,S2B_MSIL2A_20240718T095549_R122_T35VLJ_20240718T132453
S2_FI_00015151,8007,2024-07-18,0.0,50.844723,41.0641687036532,170.798154495803,,,35VLJ,S2B_MSIL2A_20240718T095549_R122_T35VLJ_20240718T132453
S2_FI_00015152,8007,2024-07-18,0.0,50.844723,41.0641687036532,170.798154495803,,,35VLJ,S2B_MSIL2A_20240718T095549_R122_T35VLJ_20240718T132453
S2_FI_00015153,8007,2024-07-18,0.0,50.844723,41.0641687036532,170.798154495803,,,35VLJ,S2B_MSIL2A_20240718T095549_R122_T35VLJ_20240718T132453
S2_FI_00015154,8007,2024-07-18,0.0,50.844723,41.0641687036532,170.798154495803,,,35VLJ,S2B_MSIL2A_20240718T095549_R122_T35VLJ_20240718T132453
S2_FI_00015155,8007,2024-07-18,0.0,50.844723,41.0641687036532,170.798154495803,,,35VLJ,S2B_MSIL2A_20240718T095549_R122_T35VLJ_20240718T132453
S2_FI_00015156,8007,2024-07-18,1.0,50.844723,41.0641687036532,170.798154495803,,,35VLJ,S2B_MSIL2A_20240718T095549_R122_T35VLJ_20240718T132453
S2_FI_00015157,8007,2024-07-18,1.0,50.844723,41.0641687036532,170.798154495803,,,35VLJ,S2B_MSIL2A_20240718T095549_R122_T35VLJ_20240718T132453
S2_FI_00015158,8007,2024-07-18,1.0,50.844723,41.0641687036532,170.798154495803,,,35VLJ,S2B_MSIL2A_20240718T095549_R122_T35VLJ_20240718T132453
S2_FI_00015159,8007,2024-07-18,1.0,50.844723,41.0641687036532,170.798154495803,,,35VLJ,S2B_MSIL2A_20240718T095549_R122_T35VLJ_20240718T132453
S2_FI_00015160,8007,2024-07-18,1.0,50.844723,41.0641687036532,170.798154495803,,,35VLJ,S2B_MSIL2A_20240718T095549_R122_T35VLJ_20240718T132453
S2_FI_00015161,8007,2024-07-18,1.0,50.844723,41.0641687036532,170.798154495803,,,35VLJ,S2B_MSIL2A_20240718T095549_R122_T35VLJ_20240718T132453
S2_FI_00015162,8007,2024-08-07,1.0,27.44292,45.7167831134075,171.514218657527,,,35VLJ,S2B_MSIL2A_20240807T095549_R122_T35VLJ_20240807T132638
S2_FI_00015163,8007,2024-08-07,1.0,27.44292,45.7167831134075,171.514218657527,,,35VLJ,S2B_MSIL2A_20240807T095549_R122_T35VLJ_20240807T132638
S2_FI_00015164,8007,2024-08-07,1.0,27.44292,45.7167831134075,171.514218657527,,,35VLJ,S2B_MSIL2A_20240807T095549_R122_T35VLJ_20240807T132638
S2_FI_00015165,8007,2024-08-07,1.0,27.44292,45.7167831134075,171.514218657527,,,35VLJ,S2B_MSIL2A_20240807T095549_R122_T35VLJ_20240807T132638
S2_FI_00015166,8007,2024-08-07,1.0,27.44292,45.7167831134075,171.514218657527,,,35VLJ,S2B_MSIL2A_20240807T095549_R122_T35VLJ_20240807T132638
S2_FI_00015167,8007,2024-08-07,1.0,27.44292,45.7167831134075,171.514218657527,,,35VLJ,S2B_MSIL2A_20240807T095549_R122_T35VLJ_20240807T132638
S2_FI_00015168,8007,2024-08-12,0.0,69.39677,47.1668515470985,171.899742934577,,,35VLJ,S2A_MSIL2A_20240812T100031_R122_T35VLJ_20240812T140649
S2_FI_00015169,8007,2024-08-12,0.0,69.39677,47.1668515470985,171.899742934577,,,35VLJ,S2A_MSIL2A_20240812T100031_R122_T35VLJ_20240812T140649
S2_FI_00015170,8007,2024-08-12,0.0,69.39677,47.1668515470985,171.899742934577,,,35VLJ,S2A_MSIL2A_20240812T100031_R122_T35VLJ_20240812T140649
S2_FI_00015171,8007,2024-08-12,0.0,69.39677,47.1668515470985,171.899742934577,,,35VLJ,S2A_MSIL2A_20240812T100031_R122_T35VLJ_20240812T140649
S2_FI_00015172,8007,2024-08-12,0.0,69.39677,47.1668515470985,171.899742934577,,,35VLJ,S2A_MSIL2A_20240812T100031_R122_T35VLJ_20240812T140649
S2_FI_00015173,8007,2024-08-12,0.0,69.39677,47.1668515470985,171.899742934577,,,35VLJ,S2A_MSIL2A_20240812T100031_R122_T35VLJ_20240812T140649
S2_FI_00015174,8007,2024-09-01,1.0,0.0,53.8129747968926,174.030588408783,,,35VLJ,S2A_MSIL2A_20240901T100031_R122_T35VLJ_20240901T152250
S2_FI_00015175,8007,2024-09-01,1.0,0.0,53.8129747968926,174.030588408783,,,35VLJ,S2A_MSIL2A_20240901T100031_R122_T35VLJ_20240901T152250
S2_FI_00015176,8007,2024-09-01,1.0,0.0,53.8129747968926,174.030588408783,,,35VLJ,S2A_MSIL2A_20240901T100031_R122_T35VLJ_20240901T152250
S2_FI_00015177,8007,2024-09-01,1.0,0.0,53.8129747968926,174.030588408783,,,35VLJ,S2A_MSIL2A_20240901T100031_R122_T35VLJ_20240901T152250
S2_FI_00015178,8007,2024-09-01,1.0,0.0,53.8129747968926,174.030588408783,,,35VLJ,S2A_MSIL2A_20240901T100031_R122_T35VLJ_20240901T152250
S2_FI_00015179,8007,2024-09-01,1.0,0.0,53.8129747968926,174.030588408783,,,35VLJ,S2A_MSIL2A_20240901T100031_R122_T35VLJ_20240901T152250
S2_FI_00015180,8007,2024-09-21,2.0,21.388982,61.3287470564563,176.448951096871,,,35VLJ,S2A_MSIL2A_20240921T100031_R122_T35VLJ_20240921T123352
S2_FI_00015181,8007,2024-09-21,2.0,21.388982,61.3287470564563,176.448951096871,,,35VLJ,S2A_MSIL2A_20240921T100031_R122_T35VLJ_20240921T123352
S2_FI_00015182,8007,2024-09-21,2.0,21.388982,61.3287470564563,176.448951096871,,,35VLJ,S2A_MSIL2A_20240921T100031_R122_T35VLJ_20240921T123352
S2_FI_00015183,8007,2024-09-21,2.0,21.388982,61.3287470564563,176.448951096871,,,35VLJ,S2A_MSIL2A_20240921T100031_R122_T35VLJ_20240921T123352
S2_FI_00015184,8007,2024-09-21,2.0,21.388982,61.3287470564563,176.448951096871,,,35VLJ,S2A_MSIL2A_20240921T100031_R122_T35VLJ_20240921T123352
S2_FI_00015185,8007,2024-09-21,2.0,21.388982,61.3287470564563,176.448951096871,,,35VLJ,S2A_MSIL2A_20240921T100031_R122_T35VLJ_20240921T123352
S2_FI_00015186,8007,2024-10-11,1.0,95.355904,69.0089443517074,178.344576999128,,,35VLJ,S2A_MSIL2A_20241011T100021_R122_T35VLJ_20241011T124243
S2_FI_00015187,8007,2024-10-11,1.0,95.355904,69.0089443517074,178.344576999128,,,35VLJ,S2A_MSIL2A_20241011T100021_R122_T35VLJ_20241011T124243
S2_FI_00015188,8007,2024-10-11,1.0,95.355904,69.0089443517074,178.344576999128,,,35VLJ,S2A_MSIL2A_20241011T100021_R122_T35VLJ_20241011T124243
S2_FI_00015189,8007,2024-10-11,1.0,95.355904,69.0089443517074,178.344576999128,,,35VLJ,S2A_MSIL2A_20241011T100021_R122_T35VLJ_20241011T124243
S2_FI_00015190,8007,2024-10-11,1.0,95.355904,69.0089443517074,178.344576999128,,,35VLJ,S2A_MSIL2A_20241011T100021_R122_T35VLJ_20241011T124243
S2_FI_00015191,8007,2024-10-11,1.0,95.355904,69.0089443517074,178.344576999128,,,35VLJ,S2A_MSIL2A_20241011T100021_R122_T35VLJ_20241011T124243
S2_FI_00015192,8007,2024-10-16,0.0,65.094846,70.8612642844774,178.684859270117,,,35VLJ,S2B_MSIL2A_20241016T100029_R122_T35VLJ_20241016T141503
S2_FI_00015193,8007,2024-10-16,0.0,65.094846,70.8612642844774,178.684859270117,,,35VLJ,S2B_MSIL2A_20241016T100029_R122_T35VLJ_20241016T141503
S2_FI_00015194,8007,2024-10-16,0.0,65.094846,70.8612642844774,178.684859270117,,,35VLJ,S2B_MSIL2A_20241016T100029_R122_T35VLJ_20241016T141503
S2_FI_00015195,8007,2024-10-16,0.0,65.094846,70.8612642844774,178.684859270117,,,35VLJ,S2B_MSIL2A_20241016T100029_R122_T35VLJ_20241016T141503
S2_FI_00015196,8007,2024-10-16,0.0,65.094846,70.8612642844774,178.684859270117,,,35VLJ,S2B_MSIL2A_20241016T100029_R122_T35VLJ_20241016T141503
S2_FI_00015197,8007,2024-10-16,0.0,65.094846,70.8612642844774,178.684859270117,,,35VLJ,S2B_MSIL2A_20241016T100029_R122_T35VLJ_20241016T141503
S2_FI_00015198,8007,2024-11-05,1.0,99.992478,77.6034272201244,179.20104044909,,,35VLJ,S2B_MSIL2A_20241105T100109_R122_T35VLJ_20241105T111000
S2_FI_00015199,8007,2024-11-05,1.0,99.992478,77.6034272201244,179.20104044909,,,35VLJ,S2B_MSIL2A_20241105T100109_R122_T35VLJ_20241105T111000
S2_FI_00015200,8007,2024-11-05,1.0,99.992478,77.6034272201244,179.20104044909,,,35VLJ,S2B_MSIL2A_20241105T100109_R122_T35VLJ_20241105T111000
S2_FI_00015201,8007,2024-11-05,1.0,99.992478,77.6034272201244,179.20104044909,,,35VLJ,S2B_MSIL2A_20241105T100109_R122_T35VLJ_20241105T111000
S2_FI_00015202,8007,2024-11-05,1.0,99.992478,77.6034272201244,179.20104044909,,,35VLJ,S2B_MSIL2A_20241105T100109_R122_T35VLJ_20241105T111000
S2_FI_00015203,8007,2024-11-05,1.0,99.992478,77.6034272201244,179.20104044909,,,35VLJ,S2B_MSIL2A_20241105T100109_R122_T35VLJ_20241105T111000
S2_FI_00015204,8007,2024-11-15,1.0,99.999654,80.3748829640228,178.971593166846,,,35VLJ,S2B_MSIL2A_20241115T100159_R122_T35VLJ_20241115T111626
S2_FI_00015205,8007,2024-11-15,1.0,99.999654,80.3748829640228,178.971593166846,,,35VLJ,S2B_MSIL2A_20241115T100159_R122_T35VLJ_20241115T111626
S2_FI_00015206,8007,2024-11-15,1.0,99.999654,80.3748829640228,178.971593166846,,,35VLJ,S2B_MSIL2A_20241115T100159_R122_T35VLJ_20241115T111626
S2_FI_00015207,8007,2024-11-15,1.0,99.999654,80.3748829640228,178.971593166846,,,35VLJ,S2B_MSIL2A_20241115T100159_R122_T35VLJ_20241115T111626
S2_FI_00015208,8007,2024-11-15,1.0,99.999654,80.3748829640228,178.971593166846,,,35VLJ,S2B_MSIL2A_20241115T100159_R122_T35VLJ_20241115T111626
S2_FI_00015209,8007,2024-11-15,1.0,99.999654,80.3748829640228,178.971593166846,,,35VLJ,S2B_MSIL2A_20241115T100159_R122_T35VLJ_20241115T111626
S2_FI_00015210,8007,2024-12-12,1.0,0.690605,84.9679478561467,174.59951356848,,,35VLJ,S2B_MSIL2A_20241212T095319_R079_T35VLJ_20241212T115616
S2_FI_00015211,8007,2024-12-12,1.0,0.690605,84.9679478561467,174.59951356848,,,35VLJ,S2B_MSIL2A_20241212T095319_R079_T35VLJ_20241212T115616
S2_FI_00015212,8007,2024-12-12,1.0,0.690605,84.9679478561467,174.59951356848,,,35VLJ,S2B_MSIL2A_20241212T095319_R079_T35VLJ_20241212T115616
S2_FI_00015213,8007,2024-12-12,1.0,0.690605,84.9679478561467,174.59951356848,,,35VLJ,S2B_MSIL2A_20241212T095319_R079_T35VLJ_20241212T115616
S2_FI_00015214,8007,2024-12-12,1.0,0.690605,84.9679478561467,174.59951356848,,,35VLJ,S2B_MSIL2A_20241212T095319_R079_T35VLJ_20241212T115616
S2_FI_00015215,8007,2024-12-12,1.0,0.690605,84.9679478561467,174.59951356848,,,35VLJ,S2B_MSIL2A_20241212T095319_R079_T35VLJ_20241212T115616
S2_FI_00015216,8007,,,,,,,,,
S2_FI_00015217,8007,,,,,,,,,
S2_FI_00015218,8007,,,,,,,,,
S2_FI_00015219,8007,,,,,,,,,
S2_FI_00015220,8007,,,,,,,,,
S2_FI_00015221,8007,,,,,,,,,
S2_FI_00017124,82944,2023-01-17,1.0,99.999994,81.9880545556269,170.342910553696,,,34VFN,S2A_MSIL2A_20230117T095331_R079_T34VFN_20240726T234226
S2_FI_00017125,82944,2023-01-17,1.0,99.999994,81.9880545556269,170.342910553696,,,34VFN,S2A_MSIL2A_20230117T095331_R079_T34VFN_20240726T234226
S2_FI_00017126,82944,2023-01-17,1.0,99.999994,81.9880545556269,170.342910553696,,,34VFN,S2A_MSIL2A_20230117T095331_R079_T34VFN_20240726T234226
S2_FI_00017127,82944,2023-01-17,1.0,99.999994,81.9880545556269,170.342910553696,,,34VFN,S2A_MSIL2A_20230117T095331_R079_T34VFN_20240726T234226
S2_FI_00017128,82944,2023-01-17,1.0,99.999994,81.9880545556269,170.342910553696,,,34VFN,S2A_MSIL2A_20230117T095331_R079_T34VFN_20240726T234226
S2_FI_00017129,82944,2023-01-17,1.0,99.999994,81.9880545556269,170.342910553696,,,34VFN,S2A_MSIL2A_20230117T095331_R079_T34VFN_20240726T234226
S2_FI_00017130,82944,2023-01-22,1.0,99.420148,80.9590810892409,169.897828953418,,,34VFN,S2B_MSIL2A_20230122T095219_R079_T34VFN_20230123T190146
S2_FI_00017131,82944,2023-01-22,1.0,99.420148,80.9590810892409,169.897828953418,,,34VFN,S2B_MSIL2A_20230122T095219_R079_T34VFN_20230123T190146
S2_FI_00017132,82944,2023-01-22,1.0,99.420148,80.9590810892409,169.897828953418,,,34VFN,S2B_MSIL2A_20230122T095219_R079_T34VFN_20230123T190146
S2_FI_00017133,82944,2023-01-22,1.0,99.420148,80.9590810892409,169.897828953418,,,34VFN,S2B_MSIL2A_20230122T095219_R079_T34VFN_20230123T190146
S2_FI_00017134,82944,2023-01-22,1.0,99.420148,80.9590810892409,169.897828953418,,,34VFN,S2B_MSIL2A_20230122T095219_R079_T34VFN_20230123T190146
S2_FI_00017135,82944,2023-01-22,1.0,99.420148,80.9590810892409,169.897828953418,,,34VFN,S2B_MSIL2A_20230122T095219_R079_T34VFN_20230123T190146
S2_FI_00017136,82944,2023-03-21,0.0,19.17458,60.8450337345808,171.912914991431,,,34VFN,S2A_MSIL2A_20230321T100031_R122_T34VFN_20240826T215434
S2_FI_00017137,82944,2023-03-21,0.0,19.17458,60.8450337345808,171.912914991431,,,34VFN,S2A_MSIL2A_20230321T100031_R122_T34VFN_20240826T215434
S2_FI_00017138,82944,2023-03-21,0.0,19.17458,60.8450337345808,171.912914991431,,,34VFN,S2A_MSIL2A_20230321T100031_R122_T34VFN_20240826T215434
S2_FI_00017139,82944,2023-03-21,0.0,19.17458,60.8450337345808,171.912914991431,,,34VFN,S2A_MSIL2A_20230321T100031_R122_T34VFN_20240826T215434
S2_FI_00017140,82944,2023-03-21,0.0,19.17458,60.8450337345808,171.912914991431,,,34VFN,S2A_MSIL2A_20230321T100031_R122_T34VFN_20240826T215434
S2_FI_00017141,82944,2023-03-21,0.0,19.17458,60.8450337345808,171.912914991431,,,34VFN,S2A_MSIL2A_20230321T100031_R122_T34VFN_20240826T215434
S2_FI_00017142,82944,2023-03-26,1.0,99.752736,58.8521041974911,172.210971289927,,,34VFN,S2B_MSIL2A_20230326T100029_R122_T34VFN_20240826T080134
S2_FI_00017143,82944,2023-03-26,1.0,99.752736,58.8521041974911,172.210971289927,,,34VFN,S2B_MSIL2A_20230326T100029_R122_T34VFN_20240826T080134
S2_FI_00017144,82944,2023-03-26,1.0,99.752736,58.8521041974911,172.210971289927,,,34VFN,S2B_MSIL2A_20230326T100029_R122_T34VFN_20240826T080134
S2_FI_00017145,82944,2023-03-26,1.0,99.752736,58.8521041974911,172.210971289927,,,34VFN,S2B_MSIL2A_20230326T100029_R122_T34VFN_20240826T080134
S2_FI_00017146,82944,2023-03-26,1.0,99.752736,58.8521041974911,172.210971289927,,,34VFN,S2B_MSIL2A_20230326T100029_R122_T34VFN_20240826T080134
S2_FI_00017147,82944,2023-03-26,1.0,99.752736,58.8521041974911,172.210971289927,,,34VFN,S2B_MSIL2A_20230326T100029_R122_T34VFN_20240826T080134
S2_FI_00017148,82944,2023-04-25,1.0,47.861052,47.7641640786583,173.764858521446,,,34VFN,S2B_MSIL2A_20230425T100029_R122_T34VFN_20240901T190605
S2_FI_00017149,82944,2023-04-25,1.0,47.861052,47.7641640786583,173.764858521446,,,34VFN,S2B_MSIL2A_20230425T100029_R122_T34VFN_20240901T190605
S2_FI_00017150,82944,2023-04-25,1.0,47.861052,47.7641640786583,173.764858521446,,,34VFN,S2B_MSIL2A_20230425T100029_R122_T34VFN_20240901T190605
S2_FI_00017151,82944,2023-04-25,1.0,47.861052,47.7641640786583,173.764858521446,,,34VFN,S2B_MSIL2A_20230425T100029_R122_T34VFN_20240901T190605
S2_FI_00017152,82944,2023-04-25,1.0,47.861052,47.7641640786583,173.764858521446,,,34VFN,S2B_MSIL2A_20230425T100029_R122_T34VFN_20240901T190605
S2_FI_00017153,82944,2023-04-25,1.0,47.861052,47.7641640786583,173.764858521446,,,34VFN,S2B_MSIL2A_20230425T100029_R122_T34VFN_20240901T190605
S2_FI_00017154,82944,2023-05-02,1.0,99.990553,45.7309689210895,170.584731279071,,,34VFN,S2B_MSIL2A_20230502T095029_R079_T34VFN_20240902T030627
S2_FI_00017155,82944,2023-05-02,1.0,99.990553,45.7309689210895,170.584731279071,,,34VFN,S2B_MSIL2A_20230502T095029_R079_T34VFN_20240902T030627
S2_FI_00017156,82944,2023-05-02,1.0,99.990553,45.7309689210895,170.584731279071,,,34VFN,S2B_MSIL2A_20230502T095029_R079_T34VFN_20240902T030627
S2_FI_00017157,82944,2023-05-02,1.0,99.990553,45.7309689210895,170.584731279071,,,34VFN,S2B_MSIL2A_20230502T095029_R079_T34VFN_20240902T030627
S2_FI_00017158,82944,2023-05-02,1.0,99.990553,45.7309689210895,170.584731279071,,,34VFN,S2B_MSIL2A_20230502T095029_R079_T34VFN_20240902T030627
S2_FI_00017159,82944,2023-05-02,1.0,99.990553,45.7309689210895,170.584731279071,,,34VFN,S2B_MSIL2A_20230502T095029_R079_T34VFN_20240902T030627
S2_FI_00017160,82944,2023-05-10,0.0,13.221435,43.3163388318382,173.956915940472,,,34VFN,S2A_MSIL2A_20230510T100031_R122_T34VFN_20230510T160725
S2_FI_00017161,82944,2023-05-10,0.0,13.221435,43.3163388318382,173.956915940472,,,34VFN,S2A_MSIL2A_20230510T100031_R122_T34VFN_20230510T160725
S2_FI_00017162,82944,2023-05-10,0.0,13.221435,43.3163388318382,173.956915940472,,,34VFN,S2A_MSIL2A_20230510T100031_R122_T34VFN_20230510T160725
S2_FI_00017163,82944,2023-05-10,0.0,13.221435,43.3163388318382,173.956915940472,,,34VFN,S2A_MSIL2A_20230510T100031_R122_T34VFN_20230510T160725
S2_FI_00017164,82944,2023-05-10,0.0,13.221435,43.3163388318382,173.956915940472,,,34VFN,S2A_MSIL2A_20230510T100031_R122_T34VFN_20230510T160725
S2_FI_00017165,82944,2023-05-10,0.0,13.221435,43.3163388318382,173.956915940472,,,34VFN,S2A_MSIL2A_20230510T100031_R122_T34VFN_20230510T160725
S2_FI_00017166,82944,2023-05-17,0.0,85.928202,41.7782184438989,170.312358699052,,,34VFN,S2A_MSIL2A_20230517T095031_R079_T34VFN_20230517T152659
S2_FI_00017167,82944,2023-05-17,0.0,85.928202,41.7782184438989,170.312358699052,,,34VFN,S2A_MSIL2A_20230517T095031_R079_T34VFN_20230517T152659
S2_FI_00017168,82944,2023-05-17,0.0,85.928202,41.7782184438989,170.312358699052,,,34VFN,S2A_MSIL2A_20230517T095031_R079_T34VFN_20230517T152659
S2_FI_00017169,82944,2023-05-17,0.0,85.928202,41.7782184438989,170.312358699052,,,34VFN,S2A_MSIL2A_20230517T095031_R079_T34VFN_20230517T152659
S2_FI_00017170,82944,2023-05-17,0.0,85.928202,41.7782184438989,170.312358699052,,,34VFN,S2A_MSIL2A_20230517T095031_R079_T34VFN_20230517T152659
S2_FI_00017171,82944,2023-05-17,0.0,85.928202,41.7782184438989,170.312358699052,,,34VFN,S2A_MSIL2A_20230517T095031_R079_T34VFN_20230517T152659
S2_FI_00017172,82944,2023-05-25,1.0,61.769503,39.9938420012293,173.525522278161,,,34VFN,S2B_MSIL2A_20230525T095559_R122_T34VFN_20240908T101427
S2_FI_00017173,82944,2023-05-25,1.0,61.769503,39.9938420012293,173.525522278161,,,34VFN,S2B_MSIL2A_20230525T095559_R122_T34VFN_20240908T101427
S2_FI_00017174,82944,2023-05-25,1.0,61.769503,39.9938420012293,173.525522278161,,,34VFN,S2B_MSIL2A_20230525T095559_R122_T34VFN_20240908T101427
S2_FI_00017175,82944,2023-05-25,1.0,61.769503,39.9938420012293,173.525522278161,,,34VFN,S2B_MSIL2A_20230525T095559_R122_T34VFN_20240908T101427
S2_FI_00017176,82944,2023-05-25,1.0,61.769503,39.9938420012293,173.525522278161,,,34VFN,S2B_MSIL2A_20230525T095559_R122_T34VFN_20240908T101427
S2_FI_00017177,82944,2023-05-25,1.0,61.769503,39.9938420012293,173.525522278161,,,34VFN,S2B_MSIL2A_20230525T095559_R122_T34VFN_20240908T101427
S2_FI_00017178,82944,2023-05-30,1.0,50.444746,39.1826260555151,173.223652132146,,,34VFN,S2A_MSIL2A_20230530T100031_R122_T34VFN_20240906T093135
S2_FI_00017179,82944,2023-05-30,1.0,50.444746,39.1826260555151,173.223652132146,,,34VFN,S2A_MSIL2A_20230530T100031_R122_T34VFN_20240906T093135
S2_FI_00017180,82944,2023-05-30,1.0,50.444746,39.1826260555151,173.223652132146,,,34VFN,S2A_MSIL2A_20230530T100031_R122_T34VFN_20240906T093135
S2_FI_00017181,82944,2023-05-30,1.0,50.444746,39.1826260555151,173.223652132146,,,34VFN,S2A_MSIL2A_20230530T100031_R122_T34VFN_20240906T093135
S2_FI_00017182,82944,2023-05-30,1.0,50.444746,39.1826260555151,173.223652132146,,,34VFN,S2A_MSIL2A_20230530T100031_R122_T34VFN_20240906T093135
S2_FI_00017183,82944,2023-05-30,1.0,50.444746,39.1826260555151,173.223652132146,,,34VFN,S2A_MSIL2A_20230530T100031_R122_T34VFN_20240906T093135
S2_FI_00017184,82944,2023-06-04,1.0,95.501947,38.5316995286017,172.875037806166,,,34VFN,S2B_MSIL2A_20230604T095559_R122_T34VFN_20240926T190423
S2_FI_00017185,82944,2023-06-04,1.0,95.501947,38.5316995286017,172.875037806166,,,34VFN,S2B_MSIL2A_20230604T095559_R122_T34VFN_20240926T190423
S2_FI_00017186,82944,2023-06-04,1.0,95.501947,38.5316995286017,172.875037806166,,,34VFN,S2B_MSIL2A_20230604T095559_R122_T34VFN_20240926T190423
S2_FI_00017187,82944,2023-06-04,1.0,95.501947,38.5316995286017,172.875037806166,,,34VFN,S2B_MSIL2A_20230604T095559_R122_T34VFN_20240926T190423
S2_FI_00017188,82944,2023-06-04,1.0,95.501947,38.5316995286017,172.875037806166,,,34VFN,S2B_MSIL2A_20230604T095559_R122_T34VFN_20240926T190423
S2_FI_00017189,82944,2023-06-04,1.0,95.501947,38.5316995286017,172.875037806166,,,34VFN,S2B_MSIL2A_20230604T095559_R122_T34VFN_20240926T190423
S2_FI_00017190,82944,2023-06-14,1.0,7.667405,37.7311203757671,172.06497846399,,,34VFN,S2B_MSIL2A_20230614T095559_R122_T34VFN_20240909T201410
S2_FI_00017191,82944,2023-06-14,1.0,7.667405,37.7311203757671,172.06497846399,,,34VFN,S2B_MSIL2A_20230614T095559_R122_T34VFN_20240909T201410
S2_FI_00017192,82944,2023-06-14,1.0,7.667405,37.7311203757671,172.06497846399,,,34VFN,S2B_MSIL2A_20230614T095559_R122_T34VFN_20240909T201410
S2_FI_00017193,82944,2023-06-14,1.0,7.667405,37.7311203757671,172.06497846399,,,34VFN,S2B_MSIL2A_20230614T095559_R122_T34VFN_20240909T201410
S2_FI_00017194,82944,2023-06-14,1.0,7.667405,37.7311203757671,172.06497846399,,,34VFN,S2B_MSIL2A_20230614T095559_R122_T34VFN_20240909T201410
S2_FI_00017195,82944,2023-06-14,1.0,7.667405,37.7311203757671,172.06497846399,,,34VFN,S2B_MSIL2A_20230614T095559_R122_T34VFN_20240909T201410
S2_FI_00017196,82944,2023-08-08,1.0,75.513136,44.9194129193108,170.939681065579,,,34VFN,S2A_MSIL2A_20230808T100031_R122_T34VFN_20241021T205631
S2_FI_00017197,82944,2023-08-08,1.0,75.513136,44.9194129193108,170.939681065579,,,34VFN,S2A_MSIL2A_20230808T100031_R122_T34VFN_20241021T205631
S2_FI_00017198,82944,2023-08-08,1.0,75.513136,44.9194129193108,170.939681065579,,,34VFN,S2A_MSIL2A_20230808T100031_R122_T34VFN_20241021T205631
S2_FI_00017199,82944,2023-08-08,1.0,75.513136,44.9194129193108,170.939681065579,,,34VFN,S2A_MSIL2A_20230808T100031_R122_T34VFN_20241021T205631
S2_FI_00017200,82944,2023-08-08,1.0,75.513136,44.9194129193108,170.939681065579,,,34VFN,S2A_MSIL2A_20230808T100031_R122_T34VFN_20241021T205631
S2_FI_00017201,82944,2023-08-08,1.0,75.513136,44.9194129193108,170.939681065579,,,34VFN,S2A_MSIL2A_20230808T100031_R122_T34VFN_20241021T205631
S2_FI_00017202,82944,2023-08-15,0.0,6.333466,47.1898321182539,168.262968713632,,,34VFN,S2A_MSIL2A_20230815T095031_R079_T34VFN_20241014T195621
S2_FI_00017203,82944,2023-08-15,0.0,6.333466,47.1898321182539,168.262968713632,,,34VFN,S2A_MSIL2A_20230815T095031_R079_T34VFN_20241014T195621
S2_FI_00017204,82944,2023-08-15,0.0,6.333466,47.1898321182539,168.262968713632,,,34VFN,S2A_MSIL2A_20230815T095031_R079_T34VFN_20241014T195621
S2_FI_00017205,82944,2023-08-15,0.0,6.333466,47.1898321182539,168.262968713632,,,34VFN,S2A_MSIL2A_20230815T095031_R079_T34VFN_20241014T195621
S2_FI_00017206,82944,2023-08-15,0.0,6.333466,47.1898321182539,168.262968713632,,,34VFN,S2A_MSIL2A_20230815T095031_R079_T34VFN_20241014T195621
S2_FI_00017207,82944,2023-08-15,0.0,6.333466,47.1898321182539,168.262968713632,,,34VFN,S2A_MSIL2A_20230815T095031_R079_T34VFN_20241014T195621
S2_FI_00017208,82944,2023-08-23,1.0,77.956307,49.5491309153447,172.385599125314,,,34VFN,S2B_MSIL2A_20230823T095559_R122_T34VFN_20241019T191513
S2_FI_00017209,82944,2023-08-23,1.0,77.956307,49.5491309153447,172.385599125314,,,34VFN,S2B_MSIL2A_20230823T095559_R122_T34VFN_20241019T191513
S2_FI_00017210,82944,2023-08-23,1.0,77.956307,49.5491309153447,172.385599125314,,,34VFN,S2B_MSIL2A_20230823T095559_R122_T34VFN_20241019T191513
S2_FI_00017211,82944,2023-08-23,1.0,77.956307,49.5491309153447,172.385599125314,,,34VFN,S2B_MSIL2A_20230823T095559_R122_T34VFN_20241019T191513
S2_FI_00017212,82944,2023-08-23,1.0,77.956307,49.5491309153447,172.385599125314,,,34VFN,S2B_MSIL2A_20230823T095559_R122_T34VFN_20241019T191513
S2_FI_00017213,82944,2023-08-23,1.0,77.956307,49.5491309153447,172.385599125314,,,34VFN,S2B_MSIL2A_20230823T095559_R122_T34VFN_20241019T191513
S2_FI_00017214,82944,2023-08-30,0.0,100.0,52.1278340007711,170.102790847063,,,34VFN,S2B_MSIL2A_20230830T094549_R079_T34VFN_20241022T104510
S2_FI_00017215,82944,2023-08-30,0.0,100.0,52.1278340007711,170.102790847063,,,34VFN,S2B_MSIL2A_20230830T094549_R079_T34VFN_20241022T104510
S2_FI_00017216,82944,2023-08-30,0.0,100.0,52.1278340007711,170.102790847063,,,34VFN,S2B_MSIL2A_20230830T094549_R079_T34VFN_20241022T104510
S2_FI_00017217,82944,2023-08-30,0.0,100.0,52.1278340007711,170.102790847063,,,34VFN,S2B_MSIL2A_20230830T094549_R079_T34VFN_20241022T104510
S2_FI_00017218,82944,2023-08-30,0.0,100.0,52.1278340007711,170.102790847063,,,34VFN,S2B_MSIL2A_20230830T094549_R079_T34VFN_20241022T104510
S2_FI_00017219,82944,2023-08-30,0.0,100.0,52.1278340007711,170.102790847063,,,34VFN,S2B_MSIL2A_20230830T094549_R079_T34VFN_20241022T104510
S2_FI_00017220,82944,2023-09-04,0.0,90.013081,53.9051115437492,170.786858125223,,,34VFN,S2A_MSIL2A_20230904T095031_R079_T34VFN_20241017T204831
S2_FI_00017221,82944,2023-09-04,0.0,90.013081,53.9051115437492,170.786858125223,,,34VFN,S2A_MSIL2A_20230904T095031_R079_T34VFN_20241017T204831
S2_FI_00017222,82944,2023-09-04,0.0,90.013081,53.9051115437492,170.786858125223,,,34VFN,S2A_MSIL2A_20230904T095031_R079_T34VFN_20241017T204831
S2_FI_00017223,82944,2023-09-04,0.0,90.013081,53.9051115437492,170.786858125223,,,34VFN,S2A_MSIL2A_20230904T095031_R079_T34VFN_20241017T204831
S2_FI_00017224,82944,2023-09-04,0.0,90.013081,53.9051115437492,170.786858125223,,,34VFN,S2A_MSIL2A_20230904T095031_R079_T34VFN_20241017T204831
S2_FI_00017225,82944,2023-09-04,0.0,90.013081,53.9051115437492,170.786858125223,,,34VFN,S2A_MSIL2A_20230904T095031_R079_T34VFN_20241017T204831
S2_FI_00017226,82944,2023-09-12,0.0,71.081847,56.7128538216697,174.84193775218,,,34VFN,S2B_MSIL2A_20230912T095609_R122_T34VFN_20241103T122113
S2_FI_00017227,82944,2023-09-12,0.0,71.081847,56.7128538216697,174.84193775218,,,34VFN,S2B_MSIL2A_20230912T095609_R122_T34VFN_20241103T122113
S2_FI_00017228,82944,2023-09-12,0.0,71.081847,56.7128538216697,174.84193775218,,,34VFN,S2B_MSIL2A_20230912T095609_R122_T34VFN_20241103T122113
S2_FI_00017229,82944,2023-09-12,0.0,71.081847,56.7128538216697,174.84193775218,,,34VFN,S2B_MSIL2A_20230912T095609_R122_T34VFN_20241103T122113
S2_FI_00017230,82944,2023-09-12,0.0,71.081847,56.7128538216697,174.84193775218,,,34VFN,S2B_MSIL2A_20230912T095609_R122_T34VFN_20241103T122113
S2_FI_00017231,82944,2023-09-12,0.0,71.081847,56.7128538216697,174.84193775218,,,34VFN,S2B_MSIL2A_20230912T095609_R122_T34VFN_20241103T122113
S2_FI_00017232,82944,2023-09-19,1.0,98.836362,59.4996999981239,172.811754870017,,,34VFN,S2B_MSIL2A_20230919T094659_R079_T34VFN_20241105T173809
S2_FI_00017233,82944,2023-09-19,1.0,98.836362,59.4996999981239,172.811754870017,,,34VFN,S2B_MSIL2A_20230919T094659_R079_T34VFN_20241105T173809
S2_FI_00017234,82944,2023-09-19,1.0,98.836362,59.4996999981239,172.811754870017,,,34VFN,S2B_MSIL2A_20230919T094659_R079_T34VFN_20241105T173809
S2_FI_00017235,82944,2023-09-19,1.0,98.836362,59.4996999981239,172.811754870017,,,34VFN,S2B_MSIL2A_20230919T094659_R079_T34VFN_20241105T173809
S2_FI_00017236,82944,2023-09-19,1.0,98.836362,59.4996999981239,172.811754870017,,,34VFN,S2B_MSIL2A_20230919T094659_R079_T34VFN_20241105T173809
S2_FI_00017237,82944,2023-09-19,1.0,98.836362,59.4996999981239,172.811754870017,,,34VFN,S2B_MSIL2A_20230919T094659_R079_T34VFN_20241105T173809
S2_FI_00017238,82944,2023-09-24,1.0,50.363946,61.4147104395555,173.442275747424,,,34VFN,S2A_MSIL2A_20230924T095031_R079_T34VFN_20230924T160943
S2_FI_00017239,82944,2023-09-24,1.0,50.363946,61.4147104395555,173.442275747424,,,34VFN,S2A_MSIL2A_20230924T095031_R079_T34VFN_20230924T160943
S2_FI_00017240,82944,2023-09-24,1.0,50.363946,61.4147104395555,173.442275747424,,,34VFN,S2A_MSIL2A_20230924T095031_R079_T34VFN_20230924T160943
S2_FI_00017241,82944,2023-09-24,1.0,50.363946,61.4147104395555,173.442275747424,,,34VFN,S2A_MSIL2A_20230924T095031_R079_T34VFN_20230924T160943
S2_FI_00017242,82944,2023-09-24,1.0,50.363946,61.4147104395555,173.442275747424,,,34VFN,S2A_MSIL2A_20230924T095031_R079_T34VFN_20230924T160943
S2_FI_00017243,82944,2023-09-24,1.0,50.363946,61.4147104395555,173.442275747424,,,34VFN,S2A_MSIL2A_20230924T095031_R079_T34VFN_20230924T160943
S2_FI_00017244,82944,2023-10-02,1.0,66.625607,64.3975087554514,177.131525083527,,,34VFN,S2B_MSIL2A_20231002T095739_R122_T34VFN_20241102T072035
S2_FI_00017245,82944,2023-10-02,1.0,66.625607,64.3975087554514,177.131525083527,,,34VFN,S2B_MSIL2A_20231002T095739_R122_T34VFN_20241102T072035
S2_FI_00017246,82944,2023-10-02,1.0,66.625607,64.3975087554514,177.131525083527,,,34VFN,S2B_MSIL2A_20231002T095739_R122_T34VFN_20241102T072035
S2_FI_00017247,82944,2023-10-02,1.0,66.625607,64.3975087554514,177.131525083527,,,34VFN,S2B_MSIL2A_20231002T095739_R122_T34VFN_20241102T072035
S2_FI_00017248,82944,2023-10-02,1.0,66.625607,64.3975087554514,177.131525083527,,,34VFN,S2B_MSIL2A_20231002T095739_R122_T34VFN_20241102T072035
S2_FI_00017249,82944,2023-10-02,1.0,66.625607,64.3975087554514,177.131525083527,,,34VFN,S2B_MSIL2A_20231002T095739_R122_T34VFN_20241102T072035
S2_FI_00017250,82944,2023-10-09,0.0,41.939399,67.1468217659975,175.078342253139,,,34VFN,S2B_MSIL2A_20231009T094819_R079_T34VFN_20241108T113811
S2_FI_00017251,82944,2023-10-09,0.0,41.939399,67.1468217659975,175.078342253139,,,34VFN,S2B_MSIL2A_20231009T094819_R079_T34VFN_20241108T113811
S2_FI_00017252,82944,2023-10-09,0.0,41.939399,67.1468217659975,175.078342253139,,,34VFN,S2B_MSIL2A_20231009T094819_R079_T34VFN_20241108T113811
S2_FI_00017253,82944,2023-10-09,0.0,41.939399,67.1468217659975,175.078342253139,,,34VFN,S2B_MSIL2A_20231009T094819_R079_T34VFN_20241108T113811
S2_FI_00017254,82944,2023-10-09,0.0,41.939399,67.1468217659975,175.078342253139,,,34VFN,S2B_MSIL2A_20231009T094819_R079_T34VFN_20241108T113811
S2_FI_00017255,82944,2023-10-09,0.0,41.939399,67.1468217659975,175.078342253139,,,34VFN,S2B_MSIL2A_20231009T094819_R079_T34VFN_20241108T113811
S2_FI_00017256,82944,2023-10-17,1.0,69.306821,70.0545243963871,178.324672598628,,,34VFN,S2A_MSIL2A_20231017T100031_R122_T34VFN_20241102T145708
S2_FI_00017257,82944,2023-10-17,1.0,69.306821,70.0545243963871,178.324672598628,,,34VFN,S2A_MSIL2A_20231017T100031_R122_T34VFN_20241102T145708
S2_FI_00017258,82944,2023-10-17,1.0,69.306821,70.0545243963871,178.324672598628,,,34VFN,S2A_MSIL2A_20231017T100031_R122_T34VFN_20241102T145708
S2_FI_00017259,82944,2023-10-17,1.0,69.306821,70.0545243963871,178.324672598628,,,34VFN,S2A_MSIL2A_20231017T100031_R122_T34VFN_20241102T145708
S2_FI_00017260,82944,2023-10-17,1.0,69.306821,70.0545243963871,178.324672598628,,,34VFN,S2A_MSIL2A_20231017T100031_R122_T34VFN_20241102T145708
S2_FI_00017261,82944,2023-10-17,1.0,69.306821,70.0545243963871,178.324672598628,,,34VFN,S2A_MSIL2A_20231017T100031_R122_T34VFN_20241102T145708
S2_FI_00017262,82944,2023-10-24,0.0,99.490684,72.6043220617853,176.112021516902,,,34VFN,S2A_MSIL2A_20231024T095051_R079_T34VFN_20241103T065503
S2_FI_00017263,82944,2023-10-24,0.0,99.490684,72.6043220617853,176.112021516902,,,34VFN,S2A_MSIL2A_20231024T095051_R079_T34VFN_20241103T065503
S2_FI_00017264,82944,2023-10-24,0.0,99.490684,72.6043220617853,176.112021516902,,,34VFN,S2A_MSIL2A_20231024T095051_R079_T34VFN_20241103T065503
S2_FI_00017265,82944,2023-10-24,0.0,99.490684,72.6043220617853,176.112021516902,,,34VFN,S2A_MSIL2A_20231024T095051_R079_T34VFN_20241103T065503
S2_FI_00017266,82944,2023-10-24,0.0,99.490684,72.6043220617853,176.112021516902,,,34VFN,S2A_MSIL2A_20231024T095051_R079_T34VFN_20241103T065503
S2_FI_00017267,82944,2023-10-24,0.0,99.490684,72.6043220617853,176.112021516902,,,34VFN,S2A_MSIL2A_20231024T095051_R079_T34VFN_20241103T065503
S2_FI_00017268,82944,2023-11-01,0.0,99.964756,75.2258469120621,178.875621689373,,,34VFN,S2B_MSIL2A_20231101T100059_R122_T34VFN_20241109T023454
S2_FI_00017269,82944,2023-11-01,0.0,99.964756,75.2258469120621,178.875621689373,,,34VFN,S2B_MSIL2A_20231101T100059_R122_T34VFN_20241109T023454
S2_FI_00017270,82944,2023-11-01,0.0,99.964756,75.2258469120621,178.875621689373,,,34VFN,S2B_MSIL2A_20231101T100059_R122_T34VFN_20241109T023454
S2_FI_00017271,82944,2023-11-01,0.0,99.964756,75.2258469120621,178.875621689373,,,34VFN,S2B_MSIL2A_20231101T100059_R122_T34VFN_20241109T023454
S2_FI_00017272,82944,2023-11-01,0.0,99.964756,75.2258469120621,178.875621689373,,,34VFN,S2B_MSIL2A_20231101T100059_R122_T34VFN_20241109T023454
S2_FI_00017273,82944,2023-11-01,0.0,99.964756,75.2258469120621,178.875621689373,,,34VFN,S2B_MSIL2A_20231101T100059_R122_T34VFN_20241109T023454
S2_FI_00017274,82944,2023-11-08,2.0,97.299761,77.41641797595,176.418584876976,,,34VFN,S2B_MSIL2A_20231108T095129_R079_T34VFN_20231108T131948
S2_FI_00017275,82944,2023-11-08,2.0,97.299761,77.41641797595,176.418584876976,,,34VFN,S2B_MSIL2A_20231108T095129_R079_T34VFN_20231108T131948
S2_FI_00017276,82944,2023-11-08,2.0,97.299761,77.41641797595,176.418584876976,,,34VFN,S2B_MSIL2A_20231108T095129_R079_T34VFN_20231108T131948
S2_FI_00017277,82944,2023-11-08,2.0,97.299761,77.41641797595,176.418584876976,,,34VFN,S2B_MSIL2A_20231108T095129_R079_T34VFN_20231108T131948
S2_FI_00017278,82944,2023-11-08,2.0,97.299761,77.41641797595,176.418584876976,,,34VFN,S2B_MSIL2A_20231108T095129_R079_T34VFN_20231108T131948
S2_FI_00017279,82944,2023-11-08,2.0,97.299761,77.41641797595,176.418584876976,,,34VFN,S2B_MSIL2A_20231108T095129_R079_T34VFN_20231108T131948
S2_FI_00017280,82944,2023-11-16,1.0,73.997486,79.5395766949454,178.632353508152,,,34VFN,S2A_MSIL2A_20231116T100301_R122_T34VFN_20231116T151744
S2_FI_00017281,82944,2023-11-16,1.0,73.997486,79.5395766949454,178.632353508152,,,34VFN,S2A_MSIL2A_20231116T100301_R122_T34VFN_20231116T151744
S2_FI_00017282,82944,2023-11-16,1.0,73.997486,79.5395766949454,178.632353508152,,,34VFN,S2A_MSIL2A_20231116T100301_R122_T34VFN_20231116T151744
S2_FI_00017283,82944,2023-11-16,1.0,73.997486,79.5395766949454,178.632353508152,,,34VFN,S2A_MSIL2A_20231116T100301_R122_T34VFN_20231116T151744
S2_FI_00017284,82944,2023-11-16,1.0,73.997486,79.5395766949454,178.632353508152,,,34VFN,S2A_MSIL2A_20231116T100301_R122_T34VFN_20231116T151744
S2_FI_00017285,82944,2023-11-16,1.0,73.997486,79.5395766949454,178.632353508152,,,34VFN,S2A_MSIL2A_20231116T100301_R122_T34VFN_20231116T151744
S2_FI_00017286,82944,2023-11-21,1.0,98.968786,80.7219174424558,178.383296794495,,,34VFN,S2B_MSIL2A_20231121T100229_R122_T34VFN_20231121T130924
S2_FI_00017287,82944,2023-11-21,1.0,98.968786,80.7219174424558,178.383296794495,,,34VFN,S2B_MSIL2A_20231121T100229_R122_T34VFN_20231121T130924
S2_FI_00017288,82944,2023-11-21,1.0,98.968786,80.7219174424558,178.383296794495,,,34VFN,S2B_MSIL2A_20231121T100229_R122_T34VFN_20231121T130924
S2_FI_00017289,82944,2023-11-21,1.0,98.968786,80.7219174424558,178.383296794495,,,34VFN,S2B_MSIL2A_20231121T100229_R122_T34VFN_20231121T130924
S2_FI_00017290,82944,2023-11-21,1.0,98.968786,80.7219174424558,178.383296794495,,,34VFN,S2B_MSIL2A_20231121T100229_R122_T34VFN_20231121T130924
S2_FI_00017291,82944,2023-11-21,1.0,98.968786,80.7219174424558,178.383296794495,,,34VFN,S2B_MSIL2A_20231121T100229_R122_T34VFN_20231121T130924
S2_FI_00017292,82944,2024-03-27,1.0,99.442005,58.3531503245276,169.383471261531,,,34VFN,S2B_MSIL2A_20240327T094619_R079_T34VFN_20240330T010717
S2_FI_00017293,82944,2024-03-27,1.0,99.442005,58.3531503245276,169.383471261531,,,34VFN,S2B_MSIL2A_20240327T094619_R079_T34VFN_20240330T010717
S2_FI_00017294,82944,2024-03-27,1.0,99.442005,58.3531503245276,169.383471261531,,,34VFN,S2B_MSIL2A_20240327T094619_R079_T34VFN_20240330T010717
S2_FI_00017295,82944,2024-03-27,1.0,99.442005,58.3531503245276,169.383471261531,,,34VFN,S2B_MSIL2A_20240327T094619_R079_T34VFN_20240330T010717
S2_FI_00017296,82944,2024-03-27,1.0,99.442005,58.3531503245276,169.383471261531,,,34VFN,S2B_MSIL2A_20240327T094619_R079_T34VFN_20240330T010717
S2_FI_00017297,82944,2024-03-27,1.0,99.442005,58.3531503245276,169.383471261531,,,34VFN,S2B_MSIL2A_20240327T094619_R079_T34VFN_20240330T010717
S2_FI_00017298,82944,2024-04-04,0.0,33.454043,55.0375309456332,172.758867987855,,,34VFN,S2A_MSIL2A_20240404T100021_R122_T34VFN_20240404T152700
S2_FI_00017299,82944,2024-04-04,0.0,33.454043,55.0375309456332,172.758867987855,,,34VFN,S2A_MSIL2A_20240404T100021_R122_T34VFN_20240404T152700
S2_FI_00017300,82944,2024-04-04,0.0,33.454043,55.0375309456332,172.758867987855,,,34VFN,S2A_MSIL2A_20240404T100021_R122_T34VFN_20240404T152700
S2_FI_00017301,82944,2024-04-04,0.0,33.454043,55.0375309456332,172.758867987855,,,34VFN,S2A_MSIL2A_20240404T100021_R122_T34VFN_20240404T152700
S2_FI_00017302,82944,2024-04-04,0.0,33.454043,55.0375309456332,172.758867987855,,,34VFN,S2A_MSIL2A_20240404T100021_R122_T34VFN_20240404T152700
S2_FI_00017303,82944,2024-04-04,0.0,33.454043,55.0375309456332,172.758867987855,,,34VFN,S2A_MSIL2A_20240404T100021_R122_T34VFN_20240404T152700
S2_FI_00017304,82944,2024-04-11,0.0,10.72685,52.5768081765766,170.072753111344,,,34VFN,S2A_MSIL2A_20240411T095031_R079_T34VFN_20240411T153502
S2_FI_00017305,82944,2024-04-11,0.0,10.72685,52.5768081765766,170.072753111344,,,34VFN,S2A_MSIL2A_20240411T095031_R079_T34VFN_20240411T153502
S2_FI_00017306,82944,2024-04-11,0.0,10.72685,52.5768081765766,170.072753111344,,,34VFN,S2A_MSIL2A_20240411T095031_R079_T34VFN_20240411T153502
S2_FI_00017307,82944,2024-04-11,0.0,10.72685,52.5768081765766,170.072753111344,,,34VFN,S2A_MSIL2A_20240411T095031_R079_T34VFN_20240411T153502
S2_FI_00017308,82944,2024-04-11,0.0,10.72685,52.5768081765766,170.072753111344,,,34VFN,S2A_MSIL2A_20240411T095031_R079_T34VFN_20240411T153502
S2_FI_00017309,82944,2024-04-11,0.0,10.72685,52.5768081765766,170.072753111344,,,34VFN,S2A_MSIL2A_20240411T095031_R079_T34VFN_20240411T153502
S2_FI_00017310,82944,2024-04-16,1.0,99.796039,50.7594121094617,170.26542684257,,,34VFN,S2B_MSIL2A_20240416T094549_R079_T34VFN_20240416T125935
S2_FI_00017311,82944,2024-04-16,1.0,99.796039,50.7594121094617,170.26542684257,,,34VFN,S2B_MSIL2A_20240416T094549_R079_T34VFN_20240416T125935
S2_FI_00017312,82944,2024-04-16,1.0,99.796039,50.7594121094617,170.26542684257,,,34VFN,S2B_MSIL2A_20240416T094549_R079_T34VFN_20240416T125935
S2_FI_00017313,82944,2024-04-16,1.0,99.796039,50.7594121094617,170.26542684257,,,34VFN,S2B_MSIL2A_20240416T094549_R079_T34VFN_20240416T125935
S2_FI_00017314,82944,2024-04-16,1.0,99.796039,50.7594121094617,170.26542684257,,,34VFN,S2B_MSIL2A_20240416T094549_R079_T34VFN_20240416T125935
S2_FI_00017315,82944,2024-04-16,1.0,99.796039,50.7594121094617,170.26542684257,,,34VFN,S2B_MSIL2A_20240416T094549_R079_T34VFN_20240416T125935
S2_FI_00017316,82944,2024-04-24,1.0,77.070391,47.8441481154235,173.764376102791,,,34VFN,S2A_MSIL2A_20240424T100031_R122_T34VFN_20240424T152353
S2_FI_00017317,82944,2024-04-24,1.0,77.070391,47.8441481154235,173.764376102791,,,34VFN,S2A_MSIL2A_20240424T100031_R122_T34VFN_20240424T152353
S2_FI_00017318,82944,2024-04-24,1.0,77.070391,47.8441481154235,173.764376102791,,,34VFN,S2A_MSIL2A_20240424T100031_R122_T34VFN_20240424T152353
S2_FI_00017319,82944,2024-04-24,1.0,77.070391,47.8441481154235,173.764376102791,,,34VFN,S2A_MSIL2A_20240424T100031_R122_T34VFN_20240424T152353
S2_FI_00017320,82944,2024-04-24,1.0,77.070391,47.8441481154235,173.764376102791,,,34VFN,S2A_MSIL2A_20240424T100031_R122_T34VFN_20240424T152353
S2_FI_00017321,82944,2024-04-24,1.0,77.070391,47.8441481154235,173.764376102791,,,34VFN,S2A_MSIL2A_20240424T100031_R122_T34VFN_20240424T152353
S2_FI_00017322,82944,2024-04-29,0.0,99.997634,46.2494020177486,173.887009910432,,,34VFN,S2B_MSIL2A_20240429T095549_R122_T34VFN_20240429T142101
S2_FI_00017323,82944,2024-04-29,0.0,99.997634,46.2494020177486,173.887009910432,,,34VFN,S2B_MSIL2A_20240429T095549_R122_T34VFN_20240429T142101
S2_FI_00017324,82944,2024-04-29,0.0,99.997634,46.2494020177486,173.887009910432,,,34VFN,S2B_MSIL2A_20240429T095549_R122_T34VFN_20240429T142101
S2_FI_00017325,82944,2024-04-29,0.0,99.997634,46.2494020177486,173.887009910432,,,34VFN,S2B_MSIL2A_20240429T095549_R122_T34VFN_20240429T142101
S2_FI_00017326,82944,2024-04-29,0.0,99.997634,46.2494020177486,173.887009910432,,,34VFN,S2B_MSIL2A_20240429T095549_R122_T34VFN_20240429T142101
S2_FI_00017327,82944,2024-04-29,0.0,99.997634,46.2494020177486,173.887009910432,,,34VFN,S2B_MSIL2A_20240429T095549_R122_T34VFN_20240429T142101
S2_FI_00017328,82944,2024-05-06,0.0,50.573885,44.3567506674784,170.564900498567,,,34VFN,S2B_MSIL2A_20240506T094549_R079_T34VFN_20240506T131842
S2_FI_00017329,82944,2024-05-06,0.0,50.573885,44.3567506674784,170.564900498567,,,34VFN,S2B_MSIL2A_20240506T094549_R079_T34VFN_20240506T131842
S2_FI_00017330,82944,2024-05-06,0.0,50.573885,44.3567506674784,170.564900498567,,,34VFN,S2B_MSIL2A_20240506T094549_R079_T34VFN_20240506T131842
S2_FI_00017331,82944,2024-05-06,0.0,50.573885,44.3567506674784,170.564900498567,,,34VFN,S2B_MSIL2A_20240506T094549_R079_T34VFN_20240506T131842
S2_FI_00017332,82944,2024-05-06,0.0,50.573885,44.3567506674784,170.564900498567,,,34VFN,S2B_MSIL2A_20240506T094549_R079_T34VFN_20240506T131842
S2_FI_00017333,82944,2024-05-06,0.0,50.573885,44.3567506674784,170.564900498567,,,34VFN,S2B_MSIL2A_20240506T094549_R079_T34VFN_20240506T131842
S2_FI_00017334,82944,2024-05-14,1.0,77.373952,42.1262638545868,173.905422462224,,,34VFN,S2A_MSIL2A_20240514T100031_R122_T34VFN_20240514T141105
S2_FI_00017335,82944,2024-05-14,1.0,77.373952,42.1262638545868,173.905422462224,,,34VFN,S2A_MSIL2A_20240514T100031_R122_T34VFN_20240514T141105
S2_FI_00017336,82944,2024-05-14,1.0,77.373952,42.1262638545868,173.905422462224,,,34VFN,S2A_MSIL2A_20240514T100031_R122_T34VFN_20240514T141105
S2_FI_00017337,82944,2024-05-14,1.0,77.373952,42.1262638545868,173.905422462224,,,34VFN,S2A_MSIL2A_20240514T100031_R122_T34VFN_20240514T141105
S2_FI_00017338,82944,2024-05-14,1.0,77.373952,42.1262638545868,173.905422462224,,,34VFN,S2A_MSIL2A_20240514T100031_R122_T34VFN_20240514T141105
S2_FI_00017339,82944,2024-05-14,1.0,77.373952,42.1262638545868,173.905422462224,,,34VFN,S2A_MSIL2A_20240514T100031_R122_T34VFN_20240514T141105
S2_FI_00017340,82944,2024-05-19,1.0,2.535725,41.010766732641,173.731682892616,,,34VFN,S2B_MSIL2A_20240519T095549_R122_T34VFN_20240519T140726
S2_FI_00017341,82944,2024-05-19,1.0,2.535725,41.010766732641,173.731682892616,,,34VFN,S2B_MSIL2A_20240519T095549_R122_T34VFN_20240519T140726
S2_FI_00017342,82944,2024-05-19,1.0,2.535725,41.010766732641,173.731682892616,,,34VFN,S2B_MSIL2A_20240519T095549_R122_T34VFN_20240519T140726
S2_FI_00017343,82944,2024-05-19,1.0,2.535725,41.010766732641,173.731682892616,,,34VFN,S2B_MSIL2A_20240519T095549_R122_T34VFN_20240519T140726
S2_FI_00017344,82944,2024-05-19,1.0,2.535725,41.010766732641,173.731682892616,,,34VFN,S2B_MSIL2A_20240519T095549_R122_T34VFN_20240519T140726
S2_FI_00017345,82944,2024-05-19,1.0,2.535725,41.010766732641,173.731682892616,,,34VFN,S2B_MSIL2A_20240519T095549_R122_T34VFN_20240519T140726
S2_FI_00017346,82944,2024-05-26,1.0,38.425449,39.8712586537314,169.788262990336,,,34VFN,S2B_MSIL2A_20240526T094549_R079_T34VFN_20240526T131501
S2_FI_00017347,82944,2024-05-26,1.0,38.425449,39.8712586537314,169.788262990336,,,34VFN,S2B_MSIL2A_20240526T094549_R079_T34VFN_20240526T131501
S2_FI_00017348,82944,2024-05-26,1.0,38.425449,39.8712586537314,169.788262990336,,,34VFN,S2B_MSIL2A_20240526T094549_R079_T34VFN_20240526T131501
S2_FI_00017349,82944,2024-05-26,1.0,38.425449,39.8712586537314,169.788262990336,,,34VFN,S2B_MSIL2A_20240526T094549_R079_T34VFN_20240526T131501
S2_FI_00017350,82944,2024-05-26,1.0,38.425449,39.8712586537314,169.788262990336,,,34VFN,S2B_MSIL2A_20240526T094549_R079_T34VFN_20240526T131501
S2_FI_00017351,82944,2024-05-26,1.0,38.425449,39.8712586537314,169.788262990336,,,34VFN,S2B_MSIL2A_20240526T094549_R079_T34VFN_20240526T131501
S2_FI_00017352,82944,2024-06-03,0.0,37.555951,38.5592019040076,172.901183424766,,,34VFN,S2A_MSIL2A_20240603T100031_R122_T34VFN_20240603T151842
S2_FI_00017353,82944,2024-06-03,0.0,37.555951,38.5592019040076,172.901183424766,,,34VFN,S2A_MSIL2A_20240603T100031_R122_T34VFN_20240603T151842
S2_FI_00017354,82944,2024-06-03,0.0,37.555951,38.5592019040076,172.901183424766,,,34VFN,S2A_MSIL2A_20240603T100031_R122_T34VFN_20240603T151842
S2_FI_00017355,82944,2024-06-03,0.0,37.555951,38.5592019040076,172.901183424766,,,34VFN,S2A_MSIL2A_20240603T100031_R122_T34VFN_20240603T151842
S2_FI_00017356,82944,2024-06-03,0.0,37.555951,38.5592019040076,172.901183424766,,,34VFN,S2A_MSIL2A_20240603T100031_R122_T34VFN_20240603T151842
S2_FI_00017357,82944,2024-06-03,0.0,37.555951,38.5592019040076,172.901183424766,,,34VFN,S2A_MSIL2A_20240603T100031_R122_T34VFN_20240603T151842
S2_FI_00017358,82944,2024-06-13,0.0,53.02496,37.7418697538041,172.092797367004,,,34VFN,S2A_MSIL2A_20240613T100031_R122_T34VFN_20240613T171046
S2_FI_00017359,82944,2024-06-13,0.0,53.02496,37.7418697538041,172.092797367004,,,34VFN,S2A_MSIL2A_20240613T100031_R122_T34VFN_20240613T171046
S2_FI_00017360,82944,2024-06-13,0.0,53.02496,37.7418697538041,172.092797367004,,,34VFN,S2A_MSIL2A_20240613T100031_R122_T34VFN_20240613T171046
S2_FI_00017361,82944,2024-06-13,0.0,53.02496,37.7418697538041,172.092797367004,,,34VFN,S2A_MSIL2A_20240613T100031_R122_T34VFN_20240613T171046
S2_FI_00017362,82944,2024-06-13,0.0,53.02496,37.7418697538041,172.092797367004,,,34VFN,S2A_MSIL2A_20240613T100031_R122_T34VFN_20240613T171046
S2_FI_00017363,82944,2024-06-13,0.0,53.02496,37.7418697538041,172.092797367004,,,34VFN,S2A_MSIL2A_20240613T100031_R122_T34VFN_20240613T171046
S2_FI_00017364,82944,2024-06-18,1.0,19.786757,37.5919953999468,171.646946325988,,,34VFN,S2B_MSIL2A_20240618T095549_R122_T34VFN_20240618T131021
S2_FI_00017365,82944,2024-06-18,1.0,19.786757,37.5919953999468,171.646946325988,,,34VFN,S2B_MSIL2A_20240618T095549_R122_T34VFN_20240618T131021
S2_FI_00017366,82944,2024-06-18,1.0,19.786757,37.5919953999468,171.646946325988,,,34VFN,S2B_MSIL2A_20240618T095549_R122_T34VFN_20240618T131021
S2_FI_00017367,82944,2024-06-18,1.0,19.786757,37.5919953999468,171.646946325988,,,34VFN,S2B_MSIL2A_20240618T095549_R122_T34VFN_20240618T131021
S2_FI_00017368,82944,2024-06-18,1.0,19.786757,37.5919953999468,171.646946325988,,,34VFN,S2B_MSIL2A_20240618T095549_R122_T34VFN_20240618T131021
S2_FI_00017369,82944,2024-06-18,1.0,19.786757,37.5919953999468,171.646946325988,,,34VFN,S2B_MSIL2A_20240618T095549_R122_T34VFN_20240618T131021
S2_FI_00017370,82944,2024-09-01,1.0,0.0,52.9360821841682,173.534105830086,,,34VFN,S2A_MSIL2A_20240901T100031_R122_T34VFN_20240901T152250
S2_FI_00017371,82944,2024-09-01,1.0,0.0,52.9360821841682,173.534105830086,,,34VFN,S2A_MSIL2A_20240901T100031_R122_T34VFN_20240901T152250
S2_FI_00017372,82944,2024-09-01,1.0,0.0,52.9360821841682,173.534105830086,,,34VFN,S2A_MSIL2A_20240901T100031_R122_T34VFN_20240901T152250
S2_FI_00017373,82944,2024-09-01,1.0,0.0,52.9360821841682,173.534105830086,,,34VFN,S2A_MSIL2A_20240901T100031_R122_T34VFN_20240901T152250
S2_FI_00017374,82944,2024-09-01,1.0,0.0,52.9360821841682,173.534105830086,,,34VFN,S2A_MSIL2A_20240901T100031_R122_T34VFN_20240901T152250
S2_FI_00017375,82944,2024-09-01,1.0,0.0,52.9360821841682,173.534105830086,,,34VFN,S2A_MSIL2A_20240901T100031_R122_T34VFN_20240901T152250
S2_FI_00017376,82944,2024-09-08,1.0,3.258164,55.6469467487937,171.410500705376,,,34VFN,S2A_MSIL2A_20240908T095031_R079_T34VFN_20240908T131845
S2_FI_00017377,82944,2024-09-08,1.0,3.258164,55.6469467487937,171.410500705376,,,34VFN,S2A_MSIL2A_20240908T095031_R079_T34VFN_20240908T131845
S2_FI_00017378,82944,2024-09-08,1.0,3.258164,55.6469467487937,171.410500705376,,,34VFN,S2A_MSIL2A_20240908T095031_R079_T34VFN_20240908T131845
S2_FI_00017379,82944,2024-09-08,1.0,3.258164,55.6469467487937,171.410500705376,,,34VFN,S2A_MSIL2A_20240908T095031_R079_T34VFN_20240908T131845
S2_FI_00017380,82944,2024-09-08,1.0,3.258164,55.6469467487937,171.410500705376,,,34VFN,S2A_MSIL2A_20240908T095031_R079_T34VFN_20240908T131845
S2_FI_00017381,82944,2024-09-08,1.0,3.258164,55.6469467487937,171.410500705376,,,34VFN,S2A_MSIL2A_20240908T095031_R079_T34VFN_20240908T131845
S2_FI_00017382,82944,2024-09-11,5.0,61.36241,56.6238038329744,174.785136725499,,,34VFN,S2A_MSIL2A_20240911T100021_R122_T34VFN_20240911T143249
S2_FI_00017383,82944,2024-09-11,5.0,61.36241,56.6238038329744,174.785136725499,,,34VFN,S2A_MSIL2A_20240911T100021_R122_T34VFN_20240911T143249
S2_FI_00017384,82944,2024-09-11,5.0,61.36241,56.6238038329744,174.785136725499,,,34VFN,S2A_MSIL2A_20240911T100021_R122_T34VFN_20240911T143249
S2_FI_00017385,82944,2024-09-11,5.0,61.36241,56.6238038329744,174.785136725499,,,34VFN,S2A_MSIL2A_20240911T100021_R122_T34VFN_20240911T143249
S2_FI_00017386,82944,2024-09-11,5.0,61.36241,56.6238038329744,174.785136725499,,,34VFN,S2A_MSIL2A_20240911T100021_R122_T34VFN_20240911T143249
S2_FI_00017387,82944,2024-09-11,5.0,61.36241,56.6238038329744,174.785136725499,,,34VFN,S2A_MSIL2A_20240911T100021_R122_T34VFN_20240911T143249
S2_FI_00017388,82944,2024-09-26,1.0,75.996274,62.3733427786013,176.579259247985,,,34VFN,S2B_MSIL2A_20240926T100029_R122_T34VFN_20240926T123056
S2_FI_00017389,82944,2024-09-26,1.0,75.996274,62.3733427786013,176.579259247985,,,34VFN,S2B_MSIL2A_20240926T100029_R122_T34VFN_20240926T123056
S2_FI_00017390,82944,2024-09-26,1.0,75.996274,62.3733427786013,176.579259247985,,,34VFN,S2B_MSIL2A_20240926T100029_R122_T34VFN_20240926T123056
S2_FI_00017391,82944,2024-09-26,1.0,75.996274,62.3733427786013,176.579259247985,,,34VFN,S2B_MSIL2A_20240926T100029_R122_T34VFN_20240926T123056
S2_FI_00017392,82944,2024-09-26,1.0,75.996274,62.3733427786013,176.579259247985,,,34VFN,S2B_MSIL2A_20240926T100029_R122_T34VFN_20240926T123056
S2_FI_00017393,82944,2024-09-26,1.0,75.996274,62.3733427786013,176.579259247985,,,34VFN,S2B_MSIL2A_20240926T100029_R122_T34VFN_20240926T123056
S2_FI_00017394,82944,2024-10-03,0.0,6.761401,65.1577787091234,174.562547774515,,,34VFN,S2B_MSIL2A_20241003T095029_R079_T34VFN_20241003T125412
S2_FI_00017395,82944,2024-10-03,0.0,6.761401,65.1577787091234,174.562547774515,,,34VFN,S2B_MSIL2A_20241003T095029_R079_T34VFN_20241003T125412
S2_FI_00017396,82944,2024-10-03,0.0,6.761401,65.1577787091234,174.562547774515,,,34VFN,S2B_MSIL2A_20241003T095029_R079_T34VFN_20241003T125412
S2_FI_00017397,82944,2024-10-03,0.0,6.761401,65.1577787091234,174.562547774515,,,34VFN,S2B_MSIL2A_20241003T095029_R079_T34VFN_20241003T125412
S2_FI_00017398,82944,2024-10-03,0.0,6.761401,65.1577787091234,174.562547774515,,,34VFN,S2B_MSIL2A_20241003T095029_R079_T34VFN_20241003T125412
S2_FI_00017399,82944,2024-10-03,0.0,6.761401,65.1577787091234,174.562547774515,,,34VFN,S2B_MSIL2A_20241003T095029_R079_T34VFN_20241003T125412
S2_FI_00017400,82944,2024-10-08,1.0,98.697972,67.057654732864,175.040326915577,,,34VFN,S2A_MSIL2A_20241008T095031_R079_T34VFN_20241008T124449
S2_FI_00017401,82944,2024-10-08,1.0,98.697972,67.057654732864,175.040326915577,,,34VFN,S2A_MSIL2A_20241008T095031_R079_T34VFN_20241008T124449
S2_FI_00017402,82944,2024-10-08,1.0,98.697972,67.057654732864,175.040326915577,,,34VFN,S2A_MSIL2A_20241008T095031_R079_T34VFN_20241008T124449
S2_FI_00017403,82944,2024-10-08,1.0,98.697972,67.057654732864,175.040326915577,,,34VFN,S2A_MSIL2A_20241008T095031_R079_T34VFN_20241008T124449
S2_FI_00017404,82944,2024-10-08,1.0,98.697972,67.057654732864,175.040326915577,,,34VFN,S2A_MSIL2A_20241008T095031_R079_T34VFN_20241008T124449
S2_FI_00017405,82944,2024-10-08,1.0,98.697972,67.057654732864,175.040326915577,,,34VFN,S2A_MSIL2A_20241008T095031_R079_T34VFN_20241008T124449
S2_FI_00017406,82944,2024-10-16,0.0,25.709349,69.9658026857895,178.315855260168,,,34VFN,S2B_MSIL2A_20241016T100029_R122_T34VFN_20241016T141503
S2_FI_00017407,82944,2024-10-16,0.0,25.709349,69.9658026857895,178.315855260168,,,34VFN,S2B_MSIL2A_20241016T100029_R122_T34VFN_20241016T141503
S2_FI_00017408,82944,2024-10-16,0.0,25.709349,69.9658026857895,178.315855260168,,,34VFN,S2B_MSIL2A_20241016T100029_R122_T34VFN_20241016T141503
S2_FI_00017409,82944,2024-10-16,0.0,25.709349,69.9658026857895,178.315855260168,,,34VFN,S2B_MSIL2A_20241016T100029_R122_T34VFN_20241016T141503
S2_FI_00017410,82944,2024-10-16,0.0,25.709349,69.9658026857895,178.315855260168,,,34VFN,S2B_MSIL2A_20241016T100029_R122_T34VFN_20241016T141503
S2_FI_00017411,82944,2024-10-16,0.0,25.709349,69.9658026857895,178.315855260168,,,34VFN,S2B_MSIL2A_20241016T100029_R122_T34VFN_20241016T141503
S2_FI_00017412,82944,2024-10-21,1.0,99.985725,71.7641024098206,178.580336959585,,,34VFN,S2A_MSIL2A_20241021T100041_R122_T34VFN_20241021T123351
S2_FI_00017413,82944,2024-10-21,1.0,99.985725,71.7641024098206,178.580336959585,,,34VFN,S2A_MSIL2A_20241021T100041_R122_T34VFN_20241021T123351
S2_FI_00017414,82944,2024-10-21,1.0,99.985725,71.7641024098206,178.580336959585,,,34VFN,S2A_MSIL2A_20241021T100041_R122_T34VFN_20241021T123351
S2_FI_00017415,82944,2024-10-21,1.0,99.985725,71.7641024098206,178.580336959585,,,34VFN,S2A_MSIL2A_20241021T100041_R122_T34VFN_20241021T123351
S2_FI_00017416,82944,2024-10-21,1.0,99.985725,71.7641024098206,178.580336959585,,,34VFN,S2A_MSIL2A_20241021T100041_R122_T34VFN_20241021T123351
S2_FI_00017417,82944,2024-10-21,1.0,99.985725,71.7641024098206,178.580336959585,,,34VFN,S2A_MSIL2A_20241021T100041_R122_T34VFN_20241021T123351
S2_FI_00017418,82944,2024-10-31,1.0,99.999988,75.1487475048454,178.864189800965,,,34VFN,S2A_MSIL2A_20241031T100141_R122_T34VFN_20241031T121400
S2_FI_00017419,82944,2024-10-31,1.0,99.999988,75.1487475048454,178.864189800965,,,34VFN,S2A_MSIL2A_20241031T100141_R122_T34VFN_20241031T121400
S2_FI_00017420,82944,2024-10-31,1.0,99.999988,75.1487475048454,178.864189800965,,,34VFN,S2A_MSIL2A_20241031T100141_R122_T34VFN_20241031T121400
S2_FI_00017421,82944,2024-10-31,1.0,99.999988,75.1487475048454,178.864189800965,,,34VFN,S2A_MSIL2A_20241031T100141_R122_T34VFN_20241031T121400
S2_FI_00017422,82944,2024-10-31,1.0,99.999988,75.1487475048454,178.864189800965,,,34VFN,S2A_MSIL2A_20241031T100141_R122_T34VFN_20241031T121400
S2_FI_00017423,82944,2024-10-31,1.0,99.999988,75.1487475048454,178.864189800965,,,34VFN,S2A_MSIL2A_20241031T100141_R122_T34VFN_20241031T121400
S2_FI_00017424,82944,2024-11-05,0.0,91.926992,76.7062507086417,178.858058550279,,,34VFN,S2B_MSIL2A_20241105T100109_R122_T34VFN_20241105T111000
S2_FI_00017425,82944,2024-11-05,0.0,91.926992,76.7062507086417,178.858058550279,,,34VFN,S2B_MSIL2A_20241105T100109_R122_T34VFN_20241105T111000
S2_FI_00017426,82944,2024-11-05,0.0,91.926992,76.7062507086417,178.858058550279,,,34VFN,S2B_MSIL2A_20241105T100109_R122_T34VFN_20241105T111000
S2_FI_00017427,82944,2024-11-05,0.0,91.926992,76.7062507086417,178.858058550279,,,34VFN,S2B_MSIL2A_20241105T100109_R122_T34VFN_20241105T111000
S2_FI_00017428,82944,2024-11-05,0.0,91.926992,76.7062507086417,178.858058550279,,,34VFN,S2B_MSIL2A_20241105T100109_R122_T34VFN_20241105T111000
S2_FI_00017429,82944,2024-11-05,0.0,91.926992,76.7062507086417,178.858058550279,,,34VFN,S2B_MSIL2A_20241105T100109_R122_T34VFN_20241105T111000
S2_FI_00017430,82944,2024-11-15,1.0,100.0,79.4784163561448,178.637098811308,,,34VFN,S2B_MSIL2A_20241115T100159_R122_T34VFN_20241115T111626
S2_FI_00017431,82944,2024-11-15,1.0,100.0,79.4784163561448,178.637098811308,,,34VFN,S2B_MSIL2A_20241115T100159_R122_T34VFN_20241115T111626
S2_FI_00017432,82944,2024-11-15,1.0,100.0,79.4784163561448,178.637098811308,,,34VFN,S2B_MSIL2A_20241115T100159_R122_T34VFN_20241115T111626
S2_FI_00017433,82944,2024-11-15,1.0,100.0,79.4784163561448,178.637098811308,,,34VFN,S2B_MSIL2A_20241115T100159_R122_T34VFN_20241115T111626
S2_FI_00017434,82944,2024-11-15,1.0,100.0,79.4784163561448,178.637098811308,,,34VFN,S2B_MSIL2A_20241115T100159_R122_T34VFN_20241115T111626
S2_FI_00017435,82944,2024-11-15,1.0,100.0,79.4784163561448,178.637098811308,,,34VFN,S2B_MSIL2A_20241115T100159_R122_T34VFN_20241115T111626
S2_FI_00017436,82944,2024-11-20,1.0,99.59048,80.6668449747404,178.413891837562,,,34VFN,S2A_MSIL2A_20241120T100321_R122_T34VFN_20241120T105950
S2_FI_00017437,82944,2024-11-20,1.0,99.59048,80.6668449747404,178.413891837562,,,34VFN,S2A_MSIL2A_20241120T100321_R122_T34VFN_20241120T105950
S2_FI_00017438,82944,2024-11-20,1.0,99.59048,80.6668449747404,178.413891837562,,,34VFN,S2A_MSIL2A_20241120T100321_R122_T34VFN_20241120T105950
S2_FI_00017439,82944,2024-11-20,1.0,99.59048,80.6668449747404,178.413891837562,,,34VFN,S2A_MSIL2A_20241120T100321_R122_T34VFN_20241120T105950
S2_FI_00017440,82944,2024-11-20,1.0,99.59048,80.6668449747404,178.413891837562,,,34VFN,S2A_MSIL2A_20241120T100321_R122_T34VFN_20241120T105950
S2_FI_00017441,82944,2024-11-20,1.0,99.59048,80.6668449747404,178.413891837562,,,34VFN,S2A_MSIL2A_20241120T100321_R122_T34VFN_20241120T105950
S2_FI_00017442,82944,2024-11-25,0.0,100.0,81.7073871836634,178.108730548211,,,34VFN,S2B_MSIL2A_20241125T100249_R122_T34VFN_20241125T112426
S2_FI_00017443,82944,2024-11-25,0.0,100.0,81.7073871836634,178.108730548211,,,34VFN,S2B_MSIL2A_20241125T100249_R122_T34VFN_20241125T112426
S2_FI_00017444,82944,2024-11-25,0.0,100.0,81.7073871836634,178.108730548211,,,34VFN,S2B_MSIL2A_20241125T100249_R122_T34VFN_20241125T112426
S2_FI_00017445,82944,2024-11-25,0.0,100.0,81.7073871836634,178.108730548211,,,34VFN,S2B_MSIL2A_20241125T100249_R122_T34VFN_20241125T112426
S2_FI_00017446,82944,2024-11-25,0.0,100.0,81.7073871836634,178.108730548211,,,34VFN,S2B_MSIL2A_20241125T100249_R122_T34VFN_20241125T112426
S2_FI_00017447,82944,2024-11-25,0.0,100.0,81.7073871836634,178.108730548211,,,34VFN,S2B_MSIL2A_20241125T100249_R122_T34VFN_20241125T112426
S2_FI_00017448,82944,2024-12-05,1.0,94.95824,83.2991415879981,177.27398509475,,,34VFN,S2B_MSIL2A_20241205T100319_R122_T34VFN_20241205T102543
S2_FI_00017449,82944,2024-12-05,1.0,94.95824,83.2991415879981,177.27398509475,,,34VFN,S2B_MSIL2A_20241205T100319_R122_T34VFN_20241205T102543
S2_FI_00017450,82944,2024-12-05,1.0,94.95824,83.2991415879981,177.27398509475,,,34VFN,S2B_MSIL2A_20241205T100319_R122_T34VFN_20241205T102543
S2_FI_00017451,82944,2024-12-05,1.0,94.95824,83.2991415879981,177.27398509475,,,34VFN,S2B_MSIL2A_20241205T100319_R122_T34VFN_20241205T102543
S2_FI_00017452,82944,2024-12-05,1.0,94.95824,83.2991415879981,177.27398509475,,,34VFN,S2B_MSIL2A_20241205T100319_R122_T34VFN_20241205T102543
S2_FI_00017453,82944,2024-12-05,1.0,94.95824,83.2991415879981,177.27398509475,,,34VFN,S2B_MSIL2A_20241205T100319_R122_T34VFN_20241205T102543
S2_FI_00017454,82944,2024-12-12,0.0,0.182581,84.0880676280382,174.273940101586,,,34VFN,S2B_MSIL2A_20241212T095319_R079_T34VFN_20241212T115616
S2_FI_00017455,82944,2024-12-12,0.0,0.182581,84.0880676280382,174.273940101586,,,34VFN,S2B_MSIL2A_20241212T095319_R079_T34VFN_20241212T115616
S2_FI_00017456,82944,2024-12-12,0.0,0.182581,84.0880676280382,174.273940101586,,,34VFN,S2B_MSIL2A_20241212T095319_R079_T34VFN_20241212T115616
S2_FI_00017457,82944,2024-12-12,0.0,0.182581,84.0880676280382,174.273940101586,,,34VFN,S2B_MSIL2A_20241212T095319_R079_T34VFN_20241212T115616
S2_FI_00017458,82944,2024-12-12,0.0,0.182581,84.0880676280382,174.273940101586,,,34VFN,S2B_MSIL2A_20241212T095319_R079_T34VFN_20241212T115616
S2_FI_00017459,82944,2024-12-12,0.0,0.182581,84.0880676280382,174.273940101586,,,34VFN,S2B_MSIL2A_20241212T095319_R079_T34VFN_20241212T115616
S2_FI_00017460,82944,2024-12-15,1.0,88.189662,84.1767677964896,176.251850995077,,,34VFN,S2B_MSIL2A_20241215T100329_R122_T34VFN_20241215T130133
S2_FI_00017461,82944,2024-12-15,1.0,88.189662,84.1767677964896,176.251850995077,,,34VFN,S2B_MSIL2A_20241215T100329_R122_T34VFN_20241215T130133
S2_FI_00017462,82944,2024-12-15,1.0,88.189662,84.1767677964896,176.251850995077,,,34VFN,S2B_MSIL2A_20241215T100329_R122_T34VFN_20241215T130133
S2_FI_00017463,82944,2024-12-15,1.0,88.189662,84.1767677964896,176.251850995077,,,34VFN,S2B_MSIL2A_20241215T100329_R122_T34VFN_20241215T130133
S2_FI_00017464,82944,2024-12-15,1.0,88.189662,84.1767677964896,176.251850995077,,,34VFN,S2B_MSIL2A_20241215T100329_R122_T34VFN_20241215T130133
S2_FI_00017465,82944,2024-12-15,1.0,88.189662,84.1767677964896,176.251850995077,,,34VFN,S2B_MSIL2A_20241215T100329_R122_T34VFN_20241215T130133
S2_FI_00017466,82944,2025-01-01,2.0,99.975675,84.0694038354647,172.008294364336,,,34VFN,S2B_MSIL2A_20250101T095319_R079_T34VFN_20250101T120948
S2_FI_00017467,82944,2025-01-01,2.0,99.975675,84.0694038354647,172.008294364336,,,34VFN,S2B_MSIL2A_20250101T095319_R079_T34VFN_20250101T120948
S2_FI_00017468,82944,2025-01-01,2.0,99.975675,84.0694038354647,172.008294364336,,,34VFN,S2B_MSIL2A_20250101T095319_R079_T34VFN_20250101T120948
S2_FI_00017469,82944,2025-01-01,2.0,99.975675,84.0694038354647,172.008294364336,,,34VFN,S2B_MSIL2A_20250101T095319_R079_T34VFN_20250101T120948
S2_FI_00017470,82944,2025-01-01,2.0,99.975675,84.0694038354647,172.008294364336,,,34VFN,S2B_MSIL2A_20250101T095319_R079_T34VFN_20250101T120948
S2_FI_00017471,82944,2025-01-01,2.0,99.975675,84.0694038354647,172.008294364336,,,34VFN,S2B_MSIL2A_20250101T095319_R079_T34VFN_20250101T120948
S2_FI_00017724,8640,2023-01-15,2.0,99.999988,83.0497425403128,173.214975142444,,,35VLJ,S2B_MSIL2A_20230115T100249_R122_T35VLJ_20240811T112331
S2_FI_00017725,8640,2023-01-15,2.0,99.999988,83.0497425403128,173.214975142444,,,35VLJ,S2B_MSIL2A_20230115T100249_R122_T35VLJ_20240811T112331
S2_FI_00017726,8640,2023-01-15,2.0,99.999988,83.0497425403128,173.214975142444,,,35VLJ,S2B_MSIL2A_20230115T100249_R122_T35VLJ_20240811T112331
S2_FI_00017727,8640,2023-01-15,2.0,99.999988,83.0497425403128,173.214975142444,,,35VLJ,S2B_MSIL2A_20230115T100249_R122_T35VLJ_20240811T112331
S2_FI_00017728,8640,2023-01-15,2.0,99.999988,83.0497425403128,173.214975142444,,,35VLJ,S2B_MSIL2A_20230115T100249_R122_T35VLJ_20240811T112331
S2_FI_00017729,8640,2023-01-15,2.0,99.999988,83.0497425403128,173.214975142444,,,35VLJ,S2B_MSIL2A_20230115T100249_R122_T35VLJ_20240811T112331
S2_FI_00017730,8640,2023-01-22,3.0,99.59448,81.817305106914,170.247464300293,,,35VLJ,S2B_MSIL2A_20230122T095219_R079_T35VLJ_20230123T184309
S2_FI_00017731,8640,2023-01-22,3.0,99.59448,81.817305106914,170.247464300293,,,35VLJ,S2B_MSIL2A_20230122T095219_R079_T35VLJ_20230123T184309
S2_FI_00017732,8640,2023-01-22,3.0,99.59448,81.817305106914,170.247464300293,,,35VLJ,S2B_MSIL2A_20230122T095219_R079_T35VLJ_20230123T184309
S2_FI_00017733,8640,2023-01-22,3.0,99.59448,81.817305106914,170.247464300293,,,35VLJ,S2B_MSIL2A_20230122T095219_R079_T35VLJ_20230123T184309
S2_FI_00017734,8640,2023-01-22,3.0,99.59448,81.817305106914,170.247464300293,,,35VLJ,S2B_MSIL2A_20230122T095219_R079_T35VLJ_20230123T184309
S2_FI_00017735,8640,2023-01-22,3.0,99.59448,81.817305106914,170.247464300293,,,35VLJ,S2B_MSIL2A_20230122T095219_R079_T35VLJ_20230123T184309
S2_FI_00017736,8640,2023-02-06,0.0,23.879403,77.8333312589369,169.274101247388,,,35VLJ,S2A_MSIL2A_20230206T095201_R079_T35VLJ_20240731T235028
S2_FI_00017737,8640,2023-02-06,0.0,23.879403,77.8333312589369,169.274101247388,,,35VLJ,S2A_MSIL2A_20230206T095201_R079_T35VLJ_20240731T235028
S2_FI_00017738,8640,2023-02-06,0.0,23.879403,77.8333312589369,169.274101247388,,,35VLJ,S2A_MSIL2A_20230206T095201_R079_T35VLJ_20240731T235028
S2_FI_00017739,8640,2023-02-06,0.0,23.879403,77.8333312589369,169.274101247388,,,35VLJ,S2A_MSIL2A_20230206T095201_R079_T35VLJ_20240731T235028
S2_FI_00017740,8640,2023-02-06,0.0,23.879403,77.8333312589369,169.274101247388,,,35VLJ,S2A_MSIL2A_20230206T095201_R079_T35VLJ_20240731T235028
S2_FI_00017741,8640,2023-02-06,0.0,23.879403,77.8333312589369,169.274101247388,,,35VLJ,S2A_MSIL2A_20230206T095201_R079_T35VLJ_20240731T235028
S2_FI_00017742,8640,2023-02-14,0.0,84.901136,75.0501789464474,171.497788396864,,,35VLJ,S2B_MSIL2A_20230214T100029_R122_T35VLJ_20240812T190154
S2_FI_00017743,8640,2023-02-14,0.0,84.901136,75.0501789464474,171.497788396864,,,35VLJ,S2B_MSIL2A_20230214T100029_R122_T35VLJ_20240812T190154
S2_FI_00017744,8640,2023-02-14,0.0,84.901136,75.0501789464474,171.497788396864,,,35VLJ,S2B_MSIL2A_20230214T100029_R122_T35VLJ_20240812T190154
S2_FI_00017745,8640,2023-02-14,0.0,84.901136,75.0501789464474,171.497788396864,,,35VLJ,S2B_MSIL2A_20230214T100029_R122_T35VLJ_20240812T190154
S2_FI_00017746,8640,2023-02-14,0.0,84.901136,75.0501789464474,171.497788396864,,,35VLJ,S2B_MSIL2A_20230214T100029_R122_T35VLJ_20240812T190154
S2_FI_00017747,8640,2023-02-14,0.0,84.901136,75.0501789464474,171.497788396864,,,35VLJ,S2B_MSIL2A_20230214T100029_R122_T35VLJ_20240812T190154
S2_FI_00017748,8640,2023-03-08,1.0,88.92557,67.0850199371305,169.052599924492,,,35VLJ,S2A_MSIL2A_20230308T095031_R079_T35VLJ_20240822T165158
S2_FI_00017749,8640,2023-03-08,1.0,88.92557,67.0850199371305,169.052599924492,,,35VLJ,S2A_MSIL2A_20230308T095031_R079_T35VLJ_20240822T165158
S2_FI_00017750,8640,2023-03-08,1.0,88.92557,67.0850199371305,169.052599924492,,,35VLJ,S2A_MSIL2A_20230308T095031_R079_T35VLJ_20240822T165158
S2_FI_00017751,8640,2023-03-08,1.0,88.92557,67.0850199371305,169.052599924492,,,35VLJ,S2A_MSIL2A_20230308T095031_R079_T35VLJ_20240822T165158
S2_FI_00017752,8640,2023-03-08,1.0,88.92557,67.0850199371305,169.052599924492,,,35VLJ,S2A_MSIL2A_20230308T095031_R079_T35VLJ_20240822T165158
S2_FI_00017753,8640,2023-03-08,1.0,88.92557,67.0850199371305,169.052599924492,,,35VLJ,S2A_MSIL2A_20230308T095031_R079_T35VLJ_20240822T165158
S2_FI_00017754,8640,2023-03-13,0.0,40.769318,65.0999050259356,169.253101288157,,,35VLJ,S2B_MSIL2A_20230313T095039_R079_T35VLJ_20240819T180634
S2_FI_00017755,8640,2023-03-13,0.0,40.769318,65.0999050259356,169.253101288157,,,35VLJ,S2B_MSIL2A_20230313T095039_R079_T35VLJ_20240819T180634
S2_FI_00017756,8640,2023-03-13,0.0,40.769318,65.0999050259356,169.253101288157,,,35VLJ,S2B_MSIL2A_20230313T095039_R079_T35VLJ_20240819T180634
S2_FI_00017757,8640,2023-03-13,0.0,40.769318,65.0999050259356,169.253101288157,,,35VLJ,S2B_MSIL2A_20230313T095039_R079_T35VLJ_20240819T180634
S2_FI_00017758,8640,2023-03-13,0.0,40.769318,65.0999050259356,169.253101288157,,,35VLJ,S2B_MSIL2A_20230313T095039_R079_T35VLJ_20240819T180634
S2_FI_00017759,8640,2023-03-13,0.0,40.769318,65.0999050259356,169.253101288157,,,35VLJ,S2B_MSIL2A_20230313T095039_R079_T35VLJ_20240819T180634
S2_FI_00017760,8640,2023-04-05,1.0,53.753448,55.8164590734542,173.291873466939,,,35VLJ,S2B_MSIL2A_20230405T100029_R122_T35VLJ_20240830T025509
S2_FI_00017761,8640,2023-04-05,1.0,53.753448,55.8164590734542,173.291873466939,,,35VLJ,S2B_MSIL2A_20230405T100029_R122_T35VLJ_20240830T025509
S2_FI_00017762,8640,2023-04-05,1.0,53.753448,55.8164590734542,173.291873466939,,,35VLJ,S2B_MSIL2A_20230405T100029_R122_T35VLJ_20240830T025509
S2_FI_00017763,8640,2023-04-05,1.0,53.753448,55.8164590734542,173.291873466939,,,35VLJ,S2B_MSIL2A_20230405T100029_R122_T35VLJ_20240830T025509
S2_FI_00017764,8640,2023-04-05,1.0,53.753448,55.8164590734542,173.291873466939,,,35VLJ,S2B_MSIL2A_20230405T100029_R122_T35VLJ_20240830T025509
S2_FI_00017765,8640,2023-04-05,1.0,53.753448,55.8164590734542,173.291873466939,,,35VLJ,S2B_MSIL2A_20230405T100029_R122_T35VLJ_20240830T025509
S2_FI_00017766,8640,2023-04-17,1.0,32.140383,51.5360090945353,170.81962007652,,,35VLJ,S2A_MSIL2A_20230417T095031_R079_T35VLJ_20240902T191342
S2_FI_00017767,8640,2023-04-17,1.0,32.140383,51.5360090945353,170.81962007652,,,35VLJ,S2A_MSIL2A_20230417T095031_R079_T35VLJ_20240902T191342
S2_FI_00017768,8640,2023-04-17,1.0,32.140383,51.5360090945353,170.81962007652,,,35VLJ,S2A_MSIL2A_20230417T095031_R079_T35VLJ_20240902T191342
S2_FI_00017769,8640,2023-04-17,1.0,32.140383,51.5360090945353,170.81962007652,,,35VLJ,S2A_MSIL2A_20230417T095031_R079_T35VLJ_20240902T191342
S2_FI_00017770,8640,2023-04-17,1.0,32.140383,51.5360090945353,170.81962007652,,,35VLJ,S2A_MSIL2A_20230417T095031_R079_T35VLJ_20240902T191342
S2_FI_00017771,8640,2023-04-17,1.0,32.140383,51.5360090945353,170.81962007652,,,35VLJ,S2A_MSIL2A_20230417T095031_R079_T35VLJ_20240902T191342
S2_FI_00017772,8640,2023-05-02,0.0,99.995065,46.5936290994348,171.179865990513,,,35VLJ,S2B_MSIL2A_20230502T095029_R079_T35VLJ_20240902T030627
S2_FI_00017773,8640,2023-05-02,0.0,99.995065,46.5936290994348,171.179865990513,,,35VLJ,S2B_MSIL2A_20230502T095029_R079_T35VLJ_20240902T030627
S2_FI_00017774,8640,2023-05-02,0.0,99.995065,46.5936290994348,171.179865990513,,,35VLJ,S2B_MSIL2A_20230502T095029_R079_T35VLJ_20240902T030627
S2_FI_00017775,8640,2023-05-02,0.0,99.995065,46.5936290994348,171.179865990513,,,35VLJ,S2B_MSIL2A_20230502T095029_R079_T35VLJ_20240902T030627
S2_FI_00017776,8640,2023-05-02,0.0,99.995065,46.5936290994348,171.179865990513,,,35VLJ,S2B_MSIL2A_20230502T095029_R079_T35VLJ_20240902T030627
S2_FI_00017777,8640,2023-05-02,0.0,99.995065,46.5936290994348,171.179865990513,,,35VLJ,S2B_MSIL2A_20230502T095029_R079_T35VLJ_20240902T030627
S2_FI_00017778,8640,2023-05-30,1.0,81.931794,40.0584669178937,173.846467339039,,,35VLJ,S2A_MSIL2A_20230530T100031_R122_T35VLJ_20240906T093135
S2_FI_00017779,8640,2023-05-30,1.0,81.931794,40.0584669178937,173.846467339039,,,35VLJ,S2A_MSIL2A_20230530T100031_R122_T35VLJ_20240906T093135
S2_FI_00017780,8640,2023-05-30,1.0,81.931794,40.0584669178937,173.846467339039,,,35VLJ,S2A_MSIL2A_20230530T100031_R122_T35VLJ_20240906T093135
S2_FI_00017781,8640,2023-05-30,1.0,81.931794,40.0584669178937,173.846467339039,,,35VLJ,S2A_MSIL2A_20230530T100031_R122_T35VLJ_20240906T093135
S2_FI_00017782,8640,2023-05-30,1.0,81.931794,40.0584669178937,173.846467339039,,,35VLJ,S2A_MSIL2A_20230530T100031_R122_T35VLJ_20240906T093135
S2_FI_00017783,8640,2023-05-30,1.0,81.931794,40.0584669178937,173.846467339039,,,35VLJ,S2A_MSIL2A_20230530T100031_R122_T35VLJ_20240906T093135
S2_FI_00017784,8640,2023-06-04,1.0,94.481611,39.4059300060787,173.511959373119,,,35VLJ,S2B_MSIL2A_20230604T095559_R122_T35VLJ_20240926T190423
S2_FI_00017785,8640,2023-06-04,1.0,94.481611,39.4059300060787,173.511959373119,,,35VLJ,S2B_MSIL2A_20230604T095559_R122_T35VLJ_20240926T190423
S2_FI_00017786,8640,2023-06-04,1.0,94.481611,39.4059300060787,173.511959373119,,,35VLJ,S2B_MSIL2A_20230604T095559_R122_T35VLJ_20240926T190423
S2_FI_00017787,8640,2023-06-04,1.0,94.481611,39.4059300060787,173.511959373119,,,35VLJ,S2B_MSIL2A_20230604T095559_R122_T35VLJ_20240926T190423
S2_FI_00017788,8640,2023-06-04,1.0,94.481611,39.4059300060787,173.511959373119,,,35VLJ,S2B_MSIL2A_20230604T095559_R122_T35VLJ_20240926T190423
S2_FI_00017789,8640,2023-06-04,1.0,94.481611,39.4059300060787,173.511959373119,,,35VLJ,S2B_MSIL2A_20230604T095559_R122_T35VLJ_20240926T190423
S2_FI_00017790,8640,2023-06-19,0.0,0.000362,38.4568838568806,172.304536577093,,,35VLJ,S2A_MSIL2A_20230619T100031_R122_T35VLJ_20240911T192325
S2_FI_00017791,8640,2023-06-19,0.0,0.000362,38.4568838568806,172.304536577093,,,35VLJ,S2A_MSIL2A_20230619T100031_R122_T35VLJ_20240911T192325
S2_FI_00017792,8640,2023-06-19,0.0,0.000362,38.4568838568806,172.304536577093,,,35VLJ,S2A_MSIL2A_20230619T100031_R122_T35VLJ_20240911T192325
S2_FI_00017793,8640,2023-06-19,0.0,0.000362,38.4568838568806,172.304536577093,,,35VLJ,S2A_MSIL2A_20230619T100031_R122_T35VLJ_20240911T192325
S2_FI_00017794,8640,2023-06-19,0.0,0.000362,38.4568838568806,172.304536577093,,,35VLJ,S2A_MSIL2A_20230619T100031_R122_T35VLJ_20240911T192325
S2_FI_00017795,8640,2023-06-19,0.0,0.000362,38.4568838568806,172.304536577093,,,35VLJ,S2A_MSIL2A_20230619T100031_R122_T35VLJ_20240911T192325
S2_FI_00017796,8640,2023-07-04,0.0,99.757421,39.0514071463864,171.247060706078,,,35VLJ,S2B_MSIL2A_20230704T095559_R122_T35VLJ_20230704T142440
S2_FI_00017797,8640,2023-07-04,0.0,99.757421,39.0514071463864,171.247060706078,,,35VLJ,S2B_MSIL2A_20230704T095559_R122_T35VLJ_20230704T142440
S2_FI_00017798,8640,2023-07-04,0.0,99.757421,39.0514071463864,171.247060706078,,,35VLJ,S2B_MSIL2A_20230704T095559_R122_T35VLJ_20230704T142440
S2_FI_00017799,8640,2023-07-04,0.0,99.757421,39.0514071463864,171.247060706078,,,35VLJ,S2B_MSIL2A_20230704T095559_R122_T35VLJ_20230704T142440
S2_FI_00017800,8640,2023-07-04,0.0,99.757421,39.0514071463864,171.247060706078,,,35VLJ,S2B_MSIL2A_20230704T095559_R122_T35VLJ_20230704T142440
S2_FI_00017801,8640,2023-07-04,0.0,99.757421,39.0514071463864,171.247060706078,,,35VLJ,S2B_MSIL2A_20230704T095559_R122_T35VLJ_20230704T142440
S2_FI_00017802,8640,2023-07-19,1.0,43.154007,41.1080368262074,170.798383926463,,,35VLJ,S2A_MSIL2A_20230719T100031_R122_T35VLJ_20241021T091658
S2_FI_00017803,8640,2023-07-19,1.0,43.154007,41.1080368262074,170.798383926463,,,35VLJ,S2A_MSIL2A_20230719T100031_R122_T35VLJ_20241021T091658
S2_FI_00017804,8640,2023-07-19,1.0,43.154007,41.1080368262074,170.798383926463,,,35VLJ,S2A_MSIL2A_20230719T100031_R122_T35VLJ_20241021T091658
S2_FI_00017805,8640,2023-07-19,1.0,43.154007,41.1080368262074,170.798383926463,,,35VLJ,S2A_MSIL2A_20230719T100031_R122_T35VLJ_20241021T091658
S2_FI_00017806,8640,2023-07-19,1.0,43.154007,41.1080368262074,170.798383926463,,,35VLJ,S2A_MSIL2A_20230719T100031_R122_T35VLJ_20241021T091658
S2_FI_00017807,8640,2023-07-19,1.0,43.154007,41.1080368262074,170.798383926463,,,35VLJ,S2A_MSIL2A_20230719T100031_R122_T35VLJ_20241021T091658
S2_FI_00017808,8640,2023-08-03,1.0,92.344683,44.4347540061353,171.217053254216,,,35VLJ,S2B_MSIL2A_20230803T095559_R122_T35VLJ_20241026T140731
S2_FI_00017809,8640,2023-08-03,1.0,92.344683,44.4347540061353,171.217053254216,,,35VLJ,S2B_MSIL2A_20230803T095559_R122_T35VLJ_20241026T140731
S2_FI_00017810,8640,2023-08-03,1.0,92.344683,44.4347540061353,171.217053254216,,,35VLJ,S2B_MSIL2A_20230803T095559_R122_T35VLJ_20241026T140731
S2_FI_00017811,8640,2023-08-03,1.0,92.344683,44.4347540061353,171.217053254216,,,35VLJ,S2B_MSIL2A_20230803T095559_R122_T35VLJ_20241026T140731
S2_FI_00017812,8640,2023-08-03,1.0,92.344683,44.4347540061353,171.217053254216,,,35VLJ,S2B_MSIL2A_20230803T095559_R122_T35VLJ_20241026T140731
S2_FI_00017813,8640,2023-08-03,1.0,92.344683,44.4347540061353,171.217053254216,,,35VLJ,S2B_MSIL2A_20230803T095559_R122_T35VLJ_20241026T140731
S2_FI_00017814,8640,2023-08-18,1.0,93.731779,48.7866598582156,172.41002364452,,,35VLJ,S2A_MSIL2A_20230818T100031_R122_T35VLJ_20241024T211815
S2_FI_00017815,8640,2023-08-18,1.0,93.731779,48.7866598582156,172.41002364452,,,35VLJ,S2A_MSIL2A_20230818T100031_R122_T35VLJ_20241024T211815
S2_FI_00017816,8640,2023-08-18,1.0,93.731779,48.7866598582156,172.41002364452,,,35VLJ,S2A_MSIL2A_20230818T100031_R122_T35VLJ_20241024T211815
S2_FI_00017817,8640,2023-08-18,1.0,93.731779,48.7866598582156,172.41002364452,,,35VLJ,S2A_MSIL2A_20230818T100031_R122_T35VLJ_20241024T211815
S2_FI_00017818,8640,2023-08-18,1.0,93.731779,48.7866598582156,172.41002364452,,,35VLJ,S2A_MSIL2A_20230818T100031_R122_T35VLJ_20241024T211815
S2_FI_00017819,8640,2023-08-18,1.0,93.731779,48.7866598582156,172.41002364452,,,35VLJ,S2A_MSIL2A_20230818T100031_R122_T35VLJ_20241024T211815
S2_FI_00017820,8640,2023-09-07,0.0,31.82686,55.7248748239423,174.698098881602,,,35VLJ,S2A_MSIL2A_20230907T100031_R122_T35VLJ_20230907T173545
S2_FI_00017821,8640,2023-09-07,0.0,31.82686,55.7248748239423,174.698098881602,,,35VLJ,S2A_MSIL2A_20230907T100031_R122_T35VLJ_20230907T173545
S2_FI_00017822,8640,2023-09-07,0.0,31.82686,55.7248748239423,174.698098881602,,,35VLJ,S2A_MSIL2A_20230907T100031_R122_T35VLJ_20230907T173545
S2_FI_00017823,8640,2023-09-07,0.0,31.82686,55.7248748239423,174.698098881602,,,35VLJ,S2A_MSIL2A_20230907T100031_R122_T35VLJ_20230907T173545
S2_FI_00017824,8640,2023-09-07,0.0,31.82686,55.7248748239423,174.698098881602,,,35VLJ,S2A_MSIL2A_20230907T100031_R122_T35VLJ_20230907T173545
S2_FI_00017825,8640,2023-09-07,0.0,31.82686,55.7248748239423,174.698098881602,,,35VLJ,S2A_MSIL2A_20230907T100031_R122_T35VLJ_20230907T173545
S2_FI_00017826,8640,2023-09-19,0.0,99.998921,60.3731468667038,173.271275721943,,,35VLJ,S2B_MSIL2A_20230919T094659_R079_T35VLJ_20241105T173809
S2_FI_00017827,8640,2023-09-19,0.0,99.998921,60.3731468667038,173.271275721943,,,35VLJ,S2B_MSIL2A_20230919T094659_R079_T35VLJ_20241105T173809
S2_FI_00017828,8640,2023-09-19,0.0,99.998921,60.3731468667038,173.271275721943,,,35VLJ,S2B_MSIL2A_20230919T094659_R079_T35VLJ_20241105T173809
S2_FI_00017829,8640,2023-09-19,0.0,99.998921,60.3731468667038,173.271275721943,,,35VLJ,S2B_MSIL2A_20230919T094659_R079_T35VLJ_20241105T173809
S2_FI_00017830,8640,2023-09-19,0.0,99.998921,60.3731468667038,173.271275721943,,,35VLJ,S2B_MSIL2A_20230919T094659_R079_T35VLJ_20241105T173809
S2_FI_00017831,8640,2023-09-19,0.0,99.998921,60.3731468667038,173.271275721943,,,35VLJ,S2B_MSIL2A_20230919T094659_R079_T35VLJ_20241105T173809
S2_FI_00017832,8640,2023-10-04,0.0,84.338909,66.1306365818006,175.002281805695,,,35VLJ,S2A_MSIL2A_20231004T095031_R079_T35VLJ_20231004T151007
S2_FI_00017833,8640,2023-10-04,0.0,84.338909,66.1306365818006,175.002281805695,,,35VLJ,S2A_MSIL2A_20231004T095031_R079_T35VLJ_20231004T151007
S2_FI_00017834,8640,2023-10-04,0.0,84.338909,66.1306365818006,175.002281805695,,,35VLJ,S2A_MSIL2A_20231004T095031_R079_T35VLJ_20231004T151007
S2_FI_00017835,8640,2023-10-04,0.0,84.338909,66.1306365818006,175.002281805695,,,35VLJ,S2A_MSIL2A_20231004T095031_R079_T35VLJ_20231004T151007
S2_FI_00017836,8640,2023-10-04,0.0,84.338909,66.1306365818006,175.002281805695,,,35VLJ,S2A_MSIL2A_20231004T095031_R079_T35VLJ_20231004T151007
S2_FI_00017837,8640,2023-10-04,0.0,84.338909,66.1306365818006,175.002281805695,,,35VLJ,S2A_MSIL2A_20231004T095031_R079_T35VLJ_20231004T151007
S2_FI_00017838,8640,2023-10-09,0.0,24.984132,68.0302604041041,175.478268554585,,,35VLJ,S2B_MSIL2A_20231009T094819_R079_T35VLJ_20231009T143616
S2_FI_00017839,8640,2023-10-09,0.0,24.984132,68.0302604041041,175.478268554585,,,35VLJ,S2B_MSIL2A_20231009T094819_R079_T35VLJ_20231009T143616
S2_FI_00017840,8640,2023-10-09,0.0,24.984132,68.0302604041041,175.478268554585,,,35VLJ,S2B_MSIL2A_20231009T094819_R079_T35VLJ_20231009T143616
S2_FI_00017841,8640,2023-10-09,0.0,24.984132,68.0302604041041,175.478268554585,,,35VLJ,S2B_MSIL2A_20231009T094819_R079_T35VLJ_20231009T143616
S2_FI_00017842,8640,2023-10-09,0.0,24.984132,68.0302604041041,175.478268554585,,,35VLJ,S2B_MSIL2A_20231009T094819_R079_T35VLJ_20231009T143616
S2_FI_00017843,8640,2023-10-09,0.0,24.984132,68.0302604041041,175.478268554585,,,35VLJ,S2B_MSIL2A_20231009T094819_R079_T35VLJ_20231009T143616
S2_FI_00017844,8640,2023-11-08,2.0,93.324697,78.3051126983115,176.767030596035,,,35VLJ,S2B_MSIL2A_20231108T095129_R079_T35VLJ_20231108T131948
S2_FI_00017845,8640,2023-11-08,2.0,93.324697,78.3051126983115,176.767030596035,,,35VLJ,S2B_MSIL2A_20231108T095129_R079_T35VLJ_20231108T131948
S2_FI_00017846,8640,2023-11-08,2.0,93.324697,78.3051126983115,176.767030596035,,,35VLJ,S2B_MSIL2A_20231108T095129_R079_T35VLJ_20231108T131948
S2_FI_00017847,8640,2023-11-08,2.0,93.324697,78.3051126983115,176.767030596035,,,35VLJ,S2B_MSIL2A_20231108T095129_R079_T35VLJ_20231108T131948
S2_FI_00017848,8640,2023-11-08,2.0,93.324697,78.3051126983115,176.767030596035,,,35VLJ,S2B_MSIL2A_20231108T095129_R079_T35VLJ_20231108T131948
S2_FI_00017849,8640,2023-11-08,2.0,93.324697,78.3051126983115,176.767030596035,,,35VLJ,S2B_MSIL2A_20231108T095129_R079_T35VLJ_20231108T131948
S2_FI_00017850,8640,2023-11-13,1.0,99.504757,79.7022990853435,176.669311703308,,,35VLJ,S2A_MSIL2A_20231113T095241_R079_T35VLJ_20240902T130246
S2_FI_00017851,8640,2023-11-13,1.0,99.504757,79.7022990853435,176.669311703308,,,35VLJ,S2A_MSIL2A_20231113T095241_R079_T35VLJ_20240902T130246
S2_FI_00017852,8640,2023-11-13,1.0,99.504757,79.7022990853435,176.669311703308,,,35VLJ,S2A_MSIL2A_20231113T095241_R079_T35VLJ_20240902T130246
S2_FI_00017853,8640,2023-11-13,1.0,99.504757,79.7022990853435,176.669311703308,,,35VLJ,S2A_MSIL2A_20231113T095241_R079_T35VLJ_20240902T130246
S2_FI_00017854,8640,2023-11-13,1.0,99.504757,79.7022990853435,176.669311703308,,,35VLJ,S2A_MSIL2A_20231113T095241_R079_T35VLJ_20240902T130246
S2_FI_00017855,8640,2023-11-13,1.0,99.504757,79.7022990853435,176.669311703308,,,35VLJ,S2A_MSIL2A_20231113T095241_R079_T35VLJ_20240902T130246
S2_FI_00017856,8640,2023-12-08,5.0,98.162311,84.5281124487286,175.062211306021,,,35VLJ,S2B_MSIL2A_20231208T095309_R079_T35VLJ_20241109T122848
S2_FI_00017857,8640,2023-12-08,5.0,98.162311,84.5281124487286,175.062211306021,,,35VLJ,S2B_MSIL2A_20231208T095309_R079_T35VLJ_20241109T122848
S2_FI_00017858,8640,2023-12-08,5.0,98.162311,84.5281124487286,175.062211306021,,,35VLJ,S2B_MSIL2A_20231208T095309_R079_T35VLJ_20241109T122848
S2_FI_00017859,8640,2023-12-08,5.0,98.162311,84.5281124487286,175.062211306021,,,35VLJ,S2B_MSIL2A_20231208T095309_R079_T35VLJ_20241109T122848
S2_FI_00017860,8640,2023-12-08,5.0,98.162311,84.5281124487286,175.062211306021,,,35VLJ,S2B_MSIL2A_20231208T095309_R079_T35VLJ_20241109T122848
S2_FI_00017861,8640,2023-12-08,5.0,98.162311,84.5281124487286,175.062211306021,,,35VLJ,S2B_MSIL2A_20231208T095309_R079_T35VLJ_20241109T122848
S2_FI_00017862,8640,2024-01-10,0.0,99.965495,83.8873843847503,173.734316282301,,,35VLJ,S2B_MSIL2A_20240110T100309_R122_T35VLJ_20240110T131158
S2_FI_00017863,8640,2024-01-10,0.0,99.965495,83.8873843847503,173.734316282301,,,35VLJ,S2B_MSIL2A_20240110T100309_R122_T35VLJ_20240110T131158
S2_FI_00017864,8640,2024-01-10,0.0,99.965495,83.8873843847503,173.734316282301,,,35VLJ,S2B_MSIL2A_20240110T100309_R122_T35VLJ_20240110T131158
S2_FI_00017865,8640,2024-01-10,0.0,99.965495,83.8873843847503,173.734316282301,,,35VLJ,S2B_MSIL2A_20240110T100309_R122_T35VLJ_20240110T131158
S2_FI_00017866,8640,2024-01-10,0.0,99.965495,83.8873843847503,173.734316282301,,,35VLJ,S2B_MSIL2A_20240110T100309_R122_T35VLJ_20240110T131158
S2_FI_00017867,8640,2024-01-10,0.0,99.965495,83.8873843847503,173.734316282301,,,35VLJ,S2B_MSIL2A_20240110T100309_R122_T35VLJ_20240110T131158
S2_FI_00017868,8640,2024-01-22,1.0,100.0,81.8715318176066,170.242241068142,,,35VLJ,S2A_MSIL2A_20240122T095311_R079_T35VLJ_20240122T120739
S2_FI_00017869,8640,2024-01-22,1.0,100.0,81.8715318176066,170.242241068142,,,35VLJ,S2A_MSIL2A_20240122T095311_R079_T35VLJ_20240122T120739
S2_FI_00017870,8640,2024-01-22,1.0,100.0,81.8715318176066,170.242241068142,,,35VLJ,S2A_MSIL2A_20240122T095311_R079_T35VLJ_20240122T120739
S2_FI_00017871,8640,2024-01-22,1.0,100.0,81.8715318176066,170.242241068142,,,35VLJ,S2A_MSIL2A_20240122T095311_R079_T35VLJ_20240122T120739
S2_FI_00017872,8640,2024-01-22,1.0,100.0,81.8715318176066,170.242241068142,,,35VLJ,S2A_MSIL2A_20240122T095311_R079_T35VLJ_20240122T120739
S2_FI_00017873,8640,2024-01-22,1.0,100.0,81.8715318176066,170.242241068142,,,35VLJ,S2A_MSIL2A_20240122T095311_R079_T35VLJ_20240122T120739
S2_FI_00017874,8640,2024-02-14,1.0,99.895048,75.1302312263122,171.491724087838,,,35VLJ,S2A_MSIL2A_20240214T100121_R122_T35VLJ_20240214T135103
S2_FI_00017875,8640,2024-02-14,1.0,99.895048,75.1302312263122,171.491724087838,,,35VLJ,S2A_MSIL2A_20240214T100121_R122_T35VLJ_20240214T135103
S2_FI_00017876,8640,2024-02-14,1.0,99.895048,75.1302312263122,171.491724087838,,,35VLJ,S2A_MSIL2A_20240214T100121_R122_T35VLJ_20240214T135103
S2_FI_00017877,8640,2024-02-14,1.0,99.895048,75.1302312263122,171.491724087838,,,35VLJ,S2A_MSIL2A_20240214T100121_R122_T35VLJ_20240214T135103
S2_FI_00017878,8640,2024-02-14,1.0,99.895048,75.1302312263122,171.491724087838,,,35VLJ,S2A_MSIL2A_20240214T100121_R122_T35VLJ_20240214T135103
S2_FI_00017879,8640,2024-02-14,1.0,99.895048,75.1302312263122,171.491724087838,,,35VLJ,S2A_MSIL2A_20240214T100121_R122_T35VLJ_20240214T135103
S2_FI_00017880,8640,2024-02-14,0.0,99.895048,75.1302312263122,171.491724087838,,,35VLJ,S2A_MSIL2A_20240214T100121_R122_T35VLJ_20240214T135103
S2_FI_00017881,8640,2024-02-14,0.0,99.895048,75.1302312263122,171.491724087838,,,35VLJ,S2A_MSIL2A_20240214T100121_R122_T35VLJ_20240214T135103
S2_FI_00017882,8640,2024-02-14,0.0,99.895048,75.1302312263122,171.491724087838,,,35VLJ,S2A_MSIL2A_20240214T100121_R122_T35VLJ_20240214T135103
S2_FI_00017883,8640,2024-02-14,0.0,99.895048,75.1302312263122,171.491724087838,,,35VLJ,S2A_MSIL2A_20240214T100121_R122_T35VLJ_20240214T135103
S2_FI_00017884,8640,2024-02-14,0.0,99.895048,75.1302312263122,171.491724087838,,,35VLJ,S2A_MSIL2A_20240214T100121_R122_T35VLJ_20240214T135103
S2_FI_00017885,8640,2024-02-14,0.0,99.895048,75.1302312263122,171.491724087838,,,35VLJ,S2A_MSIL2A_20240214T100121_R122_T35VLJ_20240214T135103
S2_FI_00017886,8640,2024-03-07,0.0,99.54403,67.1800868354877,169.038948341924,,,35VLJ,S2B_MSIL2A_20240307T094739_R079_T35VLJ_20240307T141112
S2_FI_00017887,8640,2024-03-07,0.0,99.54403,67.1800868354877,169.038948341924,,,35VLJ,S2B_MSIL2A_20240307T094739_R079_T35VLJ_20240307T141112
S2_FI_00017888,8640,2024-03-07,0.0,99.54403,67.1800868354877,169.038948341924,,,35VLJ,S2B_MSIL2A_20240307T094739_R079_T35VLJ_20240307T141112
S2_FI_00017889,8640,2024-03-07,0.0,99.54403,67.1800868354877,169.038948341924,,,35VLJ,S2B_MSIL2A_20240307T094739_R079_T35VLJ_20240307T141112
S2_FI_00017890,8640,2024-03-07,0.0,99.54403,67.1800868354877,169.038948341924,,,35VLJ,S2B_MSIL2A_20240307T094739_R079_T35VLJ_20240307T141112
S2_FI_00017891,8640,2024-03-07,0.0,99.54403,67.1800868354877,169.038948341924,,,35VLJ,S2B_MSIL2A_20240307T094739_R079_T35VLJ_20240307T141112
S2_FI_00017892,8640,2024-03-20,0.0,99.598247,61.8086734593292,172.361800548776,,,35VLJ,S2B_MSIL2A_20240320T095649_R122_T35VLJ_20240320T152325
S2_FI_00017893,8640,2024-03-20,0.0,99.598247,61.8086734593292,172.361800548776,,,35VLJ,S2B_MSIL2A_20240320T095649_R122_T35VLJ_20240320T152325
S2_FI_00017894,8640,2024-03-20,0.0,99.598247,61.8086734593292,172.361800548776,,,35VLJ,S2B_MSIL2A_20240320T095649_R122_T35VLJ_20240320T152325
S2_FI_00017895,8640,2024-03-20,0.0,99.598247,61.8086734593292,172.361800548776,,,35VLJ,S2B_MSIL2A_20240320T095649_R122_T35VLJ_20240320T152325
S2_FI_00017896,8640,2024-03-20,0.0,99.598247,61.8086734593292,172.361800548776,,,35VLJ,S2B_MSIL2A_20240320T095649_R122_T35VLJ_20240320T152325
S2_FI_00017897,8640,2024-03-20,0.0,99.598247,61.8086734593292,172.361800548776,,,35VLJ,S2B_MSIL2A_20240320T095649_R122_T35VLJ_20240320T152325
S2_FI_00017898,8640,2024-04-16,1.0,99.627751,51.6202453998074,170.817005100887,,,35VLJ,S2B_MSIL2A_20240416T094549_R079_T35VLJ_20240416T131114
S2_FI_00017899,8640,2024-04-16,1.0,99.627751,51.6202453998074,170.817005100887,,,35VLJ,S2B_MSIL2A_20240416T094549_R079_T35VLJ_20240416T131114
S2_FI_00017900,8640,2024-04-16,1.0,99.627751,51.6202453998074,170.817005100887,,,35VLJ,S2B_MSIL2A_20240416T094549_R079_T35VLJ_20240416T131114
S2_FI_00017901,8640,2024-04-16,1.0,99.627751,51.6202453998074,170.817005100887,,,35VLJ,S2B_MSIL2A_20240416T094549_R079_T35VLJ_20240416T131114
S2_FI_00017902,8640,2024-04-16,1.0,99.627751,51.6202453998074,170.817005100887,,,35VLJ,S2B_MSIL2A_20240416T094549_R079_T35VLJ_20240416T131114
S2_FI_00017903,8640,2024-04-16,1.0,99.627751,51.6202453998074,170.817005100887,,,35VLJ,S2B_MSIL2A_20240416T094549_R079_T35VLJ_20240416T131114
S2_FI_00017904,8640,2024-04-19,1.0,99.320173,50.4093778225741,174.084140085723,,,35VLJ,S2B_MSIL2A_20240419T095549_R122_T35VLJ_20240419T124335
S2_FI_00017905,8640,2024-04-19,1.0,99.320173,50.4093778225741,174.084140085723,,,35VLJ,S2B_MSIL2A_20240419T095549_R122_T35VLJ_20240419T124335
S2_FI_00017906,8640,2024-04-19,1.0,99.320173,50.4093778225741,174.084140085723,,,35VLJ,S2B_MSIL2A_20240419T095549_R122_T35VLJ_20240419T124335
S2_FI_00017907,8640,2024-04-19,1.0,99.320173,50.4093778225741,174.084140085723,,,35VLJ,S2B_MSIL2A_20240419T095549_R122_T35VLJ_20240419T124335
S2_FI_00017908,8640,2024-04-19,1.0,99.320173,50.4093778225741,174.084140085723,,,35VLJ,S2B_MSIL2A_20240419T095549_R122_T35VLJ_20240419T124335
S2_FI_00017909,8640,2024-04-19,1.0,99.320173,50.4093778225741,174.084140085723,,,35VLJ,S2B_MSIL2A_20240419T095549_R122_T35VLJ_20240419T124335
S2_FI_00017910,8640,2024-05-16,0.0,0.475713,42.694647771805,170.942433510157,,,35VLJ,S2B_MSIL2A_20240516T094549_R079_T35VLJ_20240516T142116
S2_FI_00017911,8640,2024-05-16,0.0,0.475713,42.694647771805,170.942433510157,,,35VLJ,S2B_MSIL2A_20240516T094549_R079_T35VLJ_20240516T142116
S2_FI_00017912,8640,2024-05-16,0.0,0.475713,42.694647771805,170.942433510157,,,35VLJ,S2B_MSIL2A_20240516T094549_R079_T35VLJ_20240516T142116
S2_FI_00017913,8640,2024-05-16,0.0,0.475713,42.694647771805,170.942433510157,,,35VLJ,S2B_MSIL2A_20240516T094549_R079_T35VLJ_20240516T142116
S2_FI_00017914,8640,2024-05-16,0.0,0.475713,42.694647771805,170.942433510157,,,35VLJ,S2B_MSIL2A_20240516T094549_R079_T35VLJ_20240516T142116
S2_FI_00017915,8640,2024-05-16,0.0,0.475713,42.694647771805,170.942433510157,,,35VLJ,S2B_MSIL2A_20240516T094549_R079_T35VLJ_20240516T142116
S2_FI_00017916,8640,2024-05-29,1.0,16.865024,40.0956190365202,173.846310855874,,,35VLJ,S2B_MSIL2A_20240529T095549_R122_T35VLJ_20240529T171711
S2_FI_00017917,8640,2024-05-29,1.0,16.865024,40.0956190365202,173.846310855874,,,35VLJ,S2B_MSIL2A_20240529T095549_R122_T35VLJ_20240529T171711
S2_FI_00017918,8640,2024-05-29,1.0,16.865024,40.0956190365202,173.846310855874,,,35VLJ,S2B_MSIL2A_20240529T095549_R122_T35VLJ_20240529T171711
S2_FI_00017919,8640,2024-05-29,1.0,16.865024,40.0956190365202,173.846310855874,,,35VLJ,S2B_MSIL2A_20240529T095549_R122_T35VLJ_20240529T171711
S2_FI_00017920,8640,2024-05-29,1.0,16.865024,40.0956190365202,173.846310855874,,,35VLJ,S2B_MSIL2A_20240529T095549_R122_T35VLJ_20240529T171711
S2_FI_00017921,8640,2024-05-29,1.0,16.865024,40.0956190365202,173.846310855874,,,35VLJ,S2B_MSIL2A_20240529T095549_R122_T35VLJ_20240529T171711
S2_FI_00017922,8640,2024-06-13,1.0,71.400172,38.6123718906826,172.754163234801,,,35VLJ,S2A_MSIL2A_20240613T100031_R122_T35VLJ_20240613T171226
S2_FI_00017923,8640,2024-06-13,1.0,71.400172,38.6123718906826,172.754163234801,,,35VLJ,S2A_MSIL2A_20240613T100031_R122_T35VLJ_20240613T171226
S2_FI_00017924,8640,2024-06-13,1.0,71.400172,38.6123718906826,172.754163234801,,,35VLJ,S2A_MSIL2A_20240613T100031_R122_T35VLJ_20240613T171226
S2_FI_00017925,8640,2024-06-13,1.0,71.400172,38.6123718906826,172.754163234801,,,35VLJ,S2A_MSIL2A_20240613T100031_R122_T35VLJ_20240613T171226
S2_FI_00017926,8640,2024-06-13,1.0,71.400172,38.6123718906826,172.754163234801,,,35VLJ,S2A_MSIL2A_20240613T100031_R122_T35VLJ_20240613T171226
S2_FI_00017927,8640,2024-06-13,1.0,71.400172,38.6123718906826,172.754163234801,,,35VLJ,S2A_MSIL2A_20240613T100031_R122_T35VLJ_20240613T171226
S2_FI_00017928,8640,2024-06-18,1.0,25.479308,38.4602910445996,172.318835693322,,,35VLJ,S2B_MSIL2A_20240618T095549_R122_T35VLJ_20240618T131026
S2_FI_00017929,8640,2024-06-18,1.0,25.479308,38.4602910445996,172.318835693322,,,35VLJ,S2B_MSIL2A_20240618T095549_R122_T35VLJ_20240618T131026
S2_FI_00017930,8640,2024-06-18,1.0,25.479308,38.4602910445996,172.318835693322,,,35VLJ,S2B_MSIL2A_20240618T095549_R122_T35VLJ_20240618T131026
S2_FI_00017931,8640,2024-06-18,1.0,25.479308,38.4602910445996,172.318835693322,,,35VLJ,S2B_MSIL2A_20240618T095549_R122_T35VLJ_20240618T131026
S2_FI_00017932,8640,2024-06-18,1.0,25.479308,38.4602910445996,172.318835693322,,,35VLJ,S2B_MSIL2A_20240618T095549_R122_T35VLJ_20240618T131026
S2_FI_00017933,8640,2024-06-18,1.0,25.479308,38.4602910445996,172.318835693322,,,35VLJ,S2B_MSIL2A_20240618T095549_R122_T35VLJ_20240618T131026
S2_FI_00017934,8640,2024-07-18,0.0,50.844723,41.0641687036532,170.798154495803,,,35VLJ,S2B_MSIL2A_20240718T095549_R122_T35VLJ_20240718T132453
S2_FI_00017935,8640,2024-07-18,0.0,50.844723,41.0641687036532,170.798154495803,,,35VLJ,S2B_MSIL2A_20240718T095549_R122_T35VLJ_20240718T132453
S2_FI_00017936,8640,2024-07-18,0.0,50.844723,41.0641687036532,170.798154495803,,,35VLJ,S2B_MSIL2A_20240718T095549_R122_T35VLJ_20240718T132453
S2_FI_00017937,8640,2024-07-18,0.0,50.844723,41.0641687036532,170.798154495803,,,35VLJ,S2B_MSIL2A_20240718T095549_R122_T35VLJ_20240718T132453
S2_FI_00017938,8640,2024-07-18,0.0,50.844723,41.0641687036532,170.798154495803,,,35VLJ,S2B_MSIL2A_20240718T095549_R122_T35VLJ_20240718T132453
S2_FI_00017939,8640,2024-07-18,0.0,50.844723,41.0641687036532,170.798154495803,,,35VLJ,S2B_MSIL2A_20240718T095549_R122_T35VLJ_20240718T132453
S2_FI_00017940,8640,2024-07-23,1.0,14.193885,42.0366565012757,170.82932162878,,,35VLJ,S2A_MSIL2A_20240723T100031_R122_T35VLJ_20240723T132758
S2_FI_00017941,8640,2024-07-23,1.0,14.193885,42.0366565012757,170.82932162878,,,35VLJ,S2A_MSIL2A_20240723T100031_R122_T35VLJ_20240723T132758
S2_FI_00017942,8640,2024-07-23,1.0,14.193885,42.0366565012757,170.82932162878,,,35VLJ,S2A_MSIL2A_20240723T100031_R122_T35VLJ_20240723T132758
S2_FI_00017943,8640,2024-07-23,1.0,14.193885,42.0366565012757,170.82932162878,,,35VLJ,S2A_MSIL2A_20240723T100031_R122_T35VLJ_20240723T132758
S2_FI_00017944,8640,2024-07-23,1.0,14.193885,42.0366565012757,170.82932162878,,,35VLJ,S2A_MSIL2A_20240723T100031_R122_T35VLJ_20240723T132758
S2_FI_00017945,8640,2024-07-23,1.0,14.193885,42.0366565012757,170.82932162878,,,35VLJ,S2A_MSIL2A_20240723T100031_R122_T35VLJ_20240723T132758
S2_FI_00017946,8640,2024-08-07,0.0,27.44292,45.7167831134075,171.514218657527,,,35VLJ,S2B_MSIL2A_20240807T095549_R122_T35VLJ_20240807T132638
S2_FI_00017947,8640,2024-08-07,0.0,27.44292,45.7167831134075,171.514218657527,,,35VLJ,S2B_MSIL2A_20240807T095549_R122_T35VLJ_20240807T132638
S2_FI_00017948,8640,2024-08-07,0.0,27.44292,45.7167831134075,171.514218657527,,,35VLJ,S2B_MSIL2A_20240807T095549_R122_T35VLJ_20240807T132638
S2_FI_00017949,8640,2024-08-07,0.0,27.44292,45.7167831134075,171.514218657527,,,35VLJ,S2B_MSIL2A_20240807T095549_R122_T35VLJ_20240807T132638
S2_FI_00017950,8640,2024-08-07,0.0,27.44292,45.7167831134075,171.514218657527,,,35VLJ,S2B_MSIL2A_20240807T095549_R122_T35VLJ_20240807T132638
S2_FI_00017951,8640,2024-08-07,0.0,27.44292,45.7167831134075,171.514218657527,,,35VLJ,S2B_MSIL2A_20240807T095549_R122_T35VLJ_20240807T132638
S2_FI_00017952,8640,2024-08-27,1.0,76.038224,52.042825600938,173.449954931491,,,35VLJ,S2B_MSIL2A_20240827T095549_R122_T35VLJ_20240827T130925
S2_FI_00017953,8640,2024-08-27,1.0,76.038224,52.042825600938,173.449954931491,,,35VLJ,S2B_MSIL2A_20240827T095549_R122_T35VLJ_20240827T130925
S2_FI_00017954,8640,2024-08-27,1.0,76.038224,52.042825600938,173.449954931491,,,35VLJ,S2B_MSIL2A_20240827T095549_R122_T35VLJ_20240827T130925
S2_FI_00017955,8640,2024-08-27,1.0,76.038224,52.042825600938,173.449954931491,,,35VLJ,S2B_MSIL2A_20240827T095549_R122_T35VLJ_20240827T130925
S2_FI_00017956,8640,2024-08-27,1.0,76.038224,52.042825600938,173.449954931491,,,35VLJ,S2B_MSIL2A_20240827T095549_R122_T35VLJ_20240827T130925
S2_FI_00017957,8640,2024-08-27,1.0,76.038224,52.042825600938,173.449954931491,,,35VLJ,S2B_MSIL2A_20240827T095549_R122_T35VLJ_20240827T130925
S2_FI_00017958,8640,2024-09-01,1.0,0.0,53.8129747968926,174.030588408783,,,35VLJ,S2A_MSIL2A_20240901T100031_R122_T35VLJ_20240901T152250
S2_FI_00017959,8640,2024-09-01,1.0,0.0,53.8129747968926,174.030588408783,,,35VLJ,S2A_MSIL2A_20240901T100031_R122_T35VLJ_20240901T152250
S2_FI_00017960,8640,2024-09-01,1.0,0.0,53.8129747968926,174.030588408783,,,35VLJ,S2A_MSIL2A_20240901T100031_R122_T35VLJ_20240901T152250
S2_FI_00017961,8640,2024-09-01,1.0,0.0,53.8129747968926,174.030588408783,,,35VLJ,S2A_MSIL2A_20240901T100031_R122_T35VLJ_20240901T152250
S2_FI_00017962,8640,2024-09-01,1.0,0.0,53.8129747968926,174.030588408783,,,35VLJ,S2A_MSIL2A_20240901T100031_R122_T35VLJ_20240901T152250
S2_FI_00017963,8640,2024-09-01,1.0,0.0,53.8129747968926,174.030588408783,,,35VLJ,S2A_MSIL2A_20240901T100031_R122_T35VLJ_20240901T152250
S2_FI_00017964,8640,2024-09-21,2.0,21.388982,61.3287470564563,176.448951096871,,,35VLJ,S2A_MSIL2A_20240921T100031_R122_T35VLJ_20240921T123352
S2_FI_00017965,8640,2024-09-21,2.0,21.388982,61.3287470564563,176.448951096871,,,35VLJ,S2A_MSIL2A_20240921T100031_R122_T35VLJ_20240921T123352
S2_FI_00017966,8640,2024-09-21,2.0,21.388982,61.3287470564563,176.448951096871,,,35VLJ,S2A_MSIL2A_20240921T100031_R122_T35VLJ_20240921T123352
S2_FI_00017967,8640,2024-09-21,2.0,21.388982,61.3287470564563,176.448951096871,,,35VLJ,S2A_MSIL2A_20240921T100031_R122_T35VLJ_20240921T123352
S2_FI_00017968,8640,2024-09-21,2.0,21.388982,61.3287470564563,176.448951096871,,,35VLJ,S2A_MSIL2A_20240921T100031_R122_T35VLJ_20240921T123352
S2_FI_00017969,8640,2024-09-21,2.0,21.388982,61.3287470564563,176.448951096871,,,35VLJ,S2A_MSIL2A_20240921T100031_R122_T35VLJ_20240921T123352
S2_FI_00017970,8640,2024-10-11,1.0,95.355904,69.0089443517074,178.344576999128,,,35VLJ,S2A_MSIL2A_20241011T100021_R122_T35VLJ_20241011T124243
S2_FI_00017971,8640,2024-10-11,1.0,95.355904,69.0089443517074,178.344576999128,,,35VLJ,S2A_MSIL2A_20241011T100021_R122_T35VLJ_20241011T124243
S2_FI_00017972,8640,2024-10-11,1.0,95.355904,69.0089443517074,178.344576999128,,,35VLJ,S2A_MSIL2A_20241011T100021_R122_T35VLJ_20241011T124243
S2_FI_00017973,8640,2024-10-11,1.0,95.355904,69.0089443517074,178.344576999128,,,35VLJ,S2A_MSIL2A_20241011T100021_R122_T35VLJ_20241011T124243
S2_FI_00017974,8640,2024-10-11,1.0,95.355904,69.0089443517074,178.344576999128,,,35VLJ,S2A_MSIL2A_20241011T100021_R122_T35VLJ_20241011T124243
S2_FI_00017975,8640,2024-10-11,1.0,95.355904,69.0089443517074,178.344576999128,,,35VLJ,S2A_MSIL2A_20241011T100021_R122_T35VLJ_20241011T124243
S2_FI_00017976,8640,2024-10-16,1.0,65.094846,70.8612642844774,178.684859270117,,,35VLJ,S2B_MSIL2A_20241016T100029_R122_T35VLJ_20241016T141503
S2_FI_00017977,8640,2024-10-16,1.0,65.094846,70.8612642844774,178.684859270117,,,35VLJ,S2B_MSIL2A_20241016T100029_R122_T35VLJ_20241016T141503
S2_FI_00017978,8640,2024-10-16,1.0,65.094846,70.8612642844774,178.684859270117,,,35VLJ,S2B_MSIL2A_20241016T100029_R122_T35VLJ_20241016T141503
S2_FI_00017979,8640,2024-10-16,1.0,65.094846,70.8612642844774,178.684859270117,,,35VLJ,S2B_MSIL2A_20241016T100029_R122_T35VLJ_20241016T141503
S2_FI_00017980,8640,2024-10-16,1.0,65.094846,70.8612642844774,178.684859270117,,,35VLJ,S2B_MSIL2A_20241016T100029_R122_T35VLJ_20241016T141503
S2_FI_00017981,8640,2024-10-16,1.0,65.094846,70.8612642844774,178.684859270117,,,35VLJ,S2B_MSIL2A_20241016T100029_R122_T35VLJ_20241016T141503
S2_FI_00017982,8640,2024-11-05,1.0,99.992478,77.6034272201244,179.20104044909,,,35VLJ,S2B_MSIL2A_20241105T100109_R122_T35VLJ_20241105T111000
S2_FI_00017983,8640,2024-11-05,1.0,99.992478,77.6034272201244,179.20104044909,,,35VLJ,S2B_MSIL2A_20241105T100109_R122_T35VLJ_20241105T111000
S2_FI_00017984,8640,2024-11-05,1.0,99.992478,77.6034272201244,179.20104044909,,,35VLJ,S2B_MSIL2A_20241105T100109_R122_T35VLJ_20241105T111000
S2_FI_00017985,8640,2024-11-05,1.0,99.992478,77.6034272201244,179.20104044909,,,35VLJ,S2B_MSIL2A_20241105T100109_R122_T35VLJ_20241105T111000
S2_FI_00017986,8640,2024-11-05,1.0,99.992478,77.6034272201244,179.20104044909,,,35VLJ,S2B_MSIL2A_20241105T100109_R122_T35VLJ_20241105T111000
S2_FI_00017987,8640,2024-11-05,1.0,99.992478,77.6034272201244,179.20104044909,,,35VLJ,S2B_MSIL2A_20241105T100109_R122_T35VLJ_20241105T111000
S2_FI_00017988,8640,2024-11-15,1.0,99.999654,80.3748829640228,178.971593166846,,,35VLJ,S2B_MSIL2A_20241115T100159_R122_T35VLJ_20241115T111626
S2_FI_00017989,8640,2024-11-15,1.0,99.999654,80.3748829640228,178.971593166846,,,35VLJ,S2B_MSIL2A_20241115T100159_R122_T35VLJ_20241115T111626
S2_FI_00017990,8640,2024-11-15,1.0,99.999654,80.3748829640228,178.971593166846,,,35VLJ,S2B_MSIL2A_20241115T100159_R122_T35VLJ_20241115T111626
S2_FI_00017991,8640,2024-11-15,1.0,99.999654,80.3748829640228,178.971593166846,,,35VLJ,S2B_MSIL2A_20241115T100159_R122_T35VLJ_20241115T111626
S2_FI_00017992,8640,2024-11-15,1.0,99.999654,80.3748829640228,178.971593166846,,,35VLJ,S2B_MSIL2A_20241115T100159_R122_T35VLJ_20241115T111626
S2_FI_00017993,8640,2024-11-15,1.0,99.999654,80.3748829640228,178.971593166846,,,35VLJ,S2B_MSIL2A_20241115T100159_R122_T35VLJ_20241115T111626
S2_FI_00017994,8640,2024-12-12,1.0,0.690605,84.9679478561467,174.59951356848,,,35VLJ,S2B_MSIL2A_20241212T095319_R079_T35VLJ_20241212T115616
S2_FI_00017995,8640,2024-12-12,1.0,0.690605,84.9679478561467,174.59951356848,,,35VLJ,S2B_MSIL2A_20241212T095319_R079_T35VLJ_20241212T115616
S2_FI_00017996,8640,2024-12-12,1.0,0.690605,84.9679478561467,174.59951356848,,,35VLJ,S2B_MSIL2A_20241212T095319_R079_T35VLJ_20241212T115616
S2_FI_00017997,8640,2024-12-12,1.0,0.690605,84.9679478561467,174.59951356848,,,35VLJ,S2B_MSIL2A_20241212T095319_R079_T35VLJ_20241212T115616
S2_FI_00017998,8640,2024-12-12,1.0,0.690605,84.9679478561467,174.59951356848,,,35VLJ,S2B_MSIL2A_20241212T095319_R079_T35VLJ_20241212T115616
S2_FI_00017999,8640,2024-12-12,1.0,0.690605,84.9679478561467,174.59951356848,,,35VLJ,S2B_MSIL2A_20241212T095319_R079_T35VLJ_20241212T115616
S2_FI_00018000,8640,2024-12-12,5.0,0.690605,84.9679478561467,174.59951356848,,,35VLJ,S2B_MSIL2A_20241212T095319_R079_T35VLJ_20241212T115616
S2_FI_00018001,8640,2024-12-12,5.0,0.690605,84.9679478561467,174.59951356848,,,35VLJ,S2B_MSIL2A_20241212T095319_R079_T35VLJ_20241212T115616
S2_FI_00018002,8640,2024-12-12,5.0,0.690605,84.9679478561467,174.59951356848,,,35VLJ,S2B_MSIL2A_20241212T095319_R079_T35VLJ_20241212T115616
S2_FI_00018003,8640,2024-12-12,5.0,0.690605,84.9679478561467,174.59951356848,,,35VLJ,S2B_MSIL2A_20241212T095319_R079_T35VLJ_20241212T115616
S2_FI_00018004,8640,2024-12-12,5.0,0.690605,84.9679478561467,174.59951356848,,,35VLJ,S2B_MSIL2A_20241212T095319_R079_T35VLJ_20241212T115616
S2_FI_00018005,8640,2024-12-12,5.0,0.690605,84.9679478561467,174.59951356848,,,35VLJ,S2B_MSIL2A_20241212T095319_R079_T35VLJ_20241212T115616
S2_FI_00018006,8713,2023-03-14,0.0,99.748027,64.3805582301505,174.401188975227,,,34VFP,S2A_MSIL2A_20230314T101021_R022_T34VFP_20240820T194151
S2_FI_00018007,8713,2023-03-14,0.0,99.748027,64.3805582301505,174.401188975227,,,34VFP,S2A_MSIL2A_20230314T101021_R022_T34VFP_20240820T194151
S2_FI_00018008,8713,2023-03-14,0.0,99.748027,64.3805582301505,174.401188975227,,,34VFP,S2A_MSIL2A_20230314T101021_R022_T34VFP_20240820T194151
S2_FI_00018009,8713,2023-03-14,0.0,99.748027,64.3805582301505,174.401188975227,,,34VFP,S2A_MSIL2A_20230314T101021_R022_T34VFP_20240820T194151
S2_FI_00018010,8713,2023-03-14,0.0,99.748027,64.3805582301505,174.401188975227,,,34VFP,S2A_MSIL2A_20230314T101021_R022_T34VFP_20240820T194151
S2_FI_00018011,8713,2023-03-14,0.0,99.748027,64.3805582301505,174.401188975227,,,34VFP,S2A_MSIL2A_20230314T101021_R022_T34VFP_20240820T194151
S2_FI_00018012,8713,2023-08-06,1.0,99.998033,45.1012380227723,174.326725689895,,,34VFP,S2B_MSIL2A_20230806T100559_R022_T34VFP_20241027T161929
S2_FI_00018013,8713,2023-08-06,1.0,99.998033,45.1012380227723,174.326725689895,,,34VFP,S2B_MSIL2A_20230806T100559_R022_T34VFP_20241027T161929
S2_FI_00018014,8713,2023-08-06,1.0,99.998033,45.1012380227723,174.326725689895,,,34VFP,S2B_MSIL2A_20230806T100559_R022_T34VFP_20241027T161929
S2_FI_00018015,8713,2023-08-06,1.0,99.998033,45.1012380227723,174.326725689895,,,34VFP,S2B_MSIL2A_20230806T100559_R022_T34VFP_20241027T161929
S2_FI_00018016,8713,2023-08-06,1.0,99.998033,45.1012380227723,174.326725689895,,,34VFP,S2B_MSIL2A_20230806T100559_R022_T34VFP_20241027T161929
S2_FI_00018017,8713,2023-08-06,1.0,99.998033,45.1012380227723,174.326725689895,,,34VFP,S2B_MSIL2A_20230806T100559_R022_T34VFP_20241027T161929
S2_FI_00018018,8713,2023-10-04,0.0,73.674798,66.1404973421713,174.651496546469,,,34VFP,S2A_MSIL2A_20231004T095031_R079_T34VFP_20231004T161800
S2_FI_00018019,8713,2023-10-04,0.0,73.674798,66.1404973421713,174.651496546469,,,34VFP,S2A_MSIL2A_20231004T095031_R079_T34VFP_20231004T161800
S2_FI_00018020,8713,2023-10-04,0.0,73.674798,66.1404973421713,174.651496546469,,,34VFP,S2A_MSIL2A_20231004T095031_R079_T34VFP_20231004T161800
S2_FI_00018021,8713,2023-10-04,0.0,73.674798,66.1404973421713,174.651496546469,,,34VFP,S2A_MSIL2A_20231004T095031_R079_T34VFP_20231004T161800
S2_FI_00018022,8713,2023-10-04,0.0,73.674798,66.1404973421713,174.651496546469,,,34VFP,S2A_MSIL2A_20231004T095031_R079_T34VFP_20231004T161800
S2_FI_00018023,8713,2023-10-04,0.0,73.674798,66.1404973421713,174.651496546469,,,34VFP,S2A_MSIL2A_20231004T095031_R079_T34VFP_20231004T161800
S2_FI_00018024,8713,2024-03-07,0.0,99.540055,67.2057020260981,168.692273814544,,,34VFP,S2B_MSIL2A_20240307T094739_R079_T34VFP_20240307T132815
S2_FI_00018025,8713,2024-03-07,0.0,99.540055,67.2057020260981,168.692273814544,,,34VFP,S2B_MSIL2A_20240307T094739_R079_T34VFP_20240307T132815
S2_FI_00018026,8713,2024-03-07,0.0,99.540055,67.2057020260981,168.692273814544,,,34VFP,S2B_MSIL2A_20240307T094739_R079_T34VFP_20240307T132815
S2_FI_00018027,8713,2024-03-07,0.0,99.540055,67.2057020260981,168.692273814544,,,34VFP,S2B_MSIL2A_20240307T094739_R079_T34VFP_20240307T132815
S2_FI_00018028,8713,2024-03-07,0.0,99.540055,67.2057020260981,168.692273814544,,,34VFP,S2B_MSIL2A_20240307T094739_R079_T34VFP_20240307T132815
S2_FI_00018029,8713,2024-03-07,0.0,99.540055,67.2057020260981,168.692273814544,,,34VFP,S2B_MSIL2A_20240307T094739_R079_T34VFP_20240307T132815
S2_FI_00018030,8713,2024-08-20,1.0,21.190122,49.5702753580302,175.447055015708,,,34VFP,S2B_MSIL2A_20240820T100559_R022_T34VFP_20240820T130319
S2_FI_00018031,8713,2024-08-20,1.0,21.190122,49.5702753580302,175.447055015708,,,34VFP,S2B_MSIL2A_20240820T100559_R022_T34VFP_20240820T130319
S2_FI_00018032,8713,2024-08-20,1.0,21.190122,49.5702753580302,175.447055015708,,,34VFP,S2B_MSIL2A_20240820T100559_R022_T34VFP_20240820T130319
S2_FI_00018033,8713,2024-08-20,1.0,21.190122,49.5702753580302,175.447055015708,,,34VFP,S2B_MSIL2A_20240820T100559_R022_T34VFP_20240820T130319
S2_FI_00018034,8713,2024-08-20,1.0,21.190122,49.5702753580302,175.447055015708,,,34VFP,S2B_MSIL2A_20240820T100559_R022_T34VFP_20240820T130319
S2_FI_00018035,8713,2024-08-20,1.0,21.190122,49.5702753580302,175.447055015708,,,34VFP,S2B_MSIL2A_20240820T100559_R022_T34VFP_20240820T130319
S2_FI_00018036,8713,2024-10-03,0.0,4.197381,66.0489907451403,174.624833324822,,,34VFP,S2B_MSIL2A_20241003T095029_R079_T34VFP_20241003T125412
S2_FI_00018037,8713,2024-10-03,0.0,4.197381,66.0489907451403,174.624833324822,,,34VFP,S2B_MSIL2A_20241003T095029_R079_T34VFP_20241003T125412
S2_FI_00018038,8713,2024-10-03,0.0,4.197381,66.0489907451403,174.624833324822,,,34VFP,S2B_MSIL2A_20241003T095029_R079_T34VFP_20241003T125412
S2_FI_00018039,8713,2024-10-03,0.0,4.197381,66.0489907451403,174.624833324822,,,34VFP,S2B_MSIL2A_20241003T095029_R079_T34VFP_20241003T125412
S2_FI_00018040,8713,2024-10-03,0.0,4.197381,66.0489907451403,174.624833324822,,,34VFP,S2B_MSIL2A_20241003T095029_R079_T34VFP_20241003T125412
S2_FI_00018041,8713,2024-10-03,0.0,4.197381,66.0489907451403,174.624833324822,,,34VFP,S2B_MSIL2A_20241003T095029_R079_T34VFP_20241003T125412
S2_FI_00018042,8848,2023-03-01,1.0,59.484625,69.7988582230216,169.228951631671,,,34VEP,S2A_MSIL2A_20230301T100021_R122_T34VEP_20240821T023929
S2_FI_00018043,8848,2023-03-01,1.0,59.484625,69.7988582230216,169.228951631671,,,34VEP,S2A_MSIL2A_20230301T100021_R122_T34VEP_20240821T023929
S2_FI_00018044,8848,2023-03-01,1.0,59.484625,69.7988582230216,169.228951631671,,,34VEP,S2A_MSIL2A_20230301T100021_R122_T34VEP_20240821T023929
S2_FI_00018045,8848,2023-03-01,1.0,59.484625,69.7988582230216,169.228951631671,,,34VEP,S2A_MSIL2A_20230301T100021_R122_T34VEP_20240821T023929
S2_FI_00018046,8848,2023-03-01,1.0,59.484625,69.7988582230216,169.228951631671,,,34VEP,S2A_MSIL2A_20230301T100021_R122_T34VEP_20240821T023929
S2_FI_00018047,8848,2023-03-01,1.0,59.484625,69.7988582230216,169.228951631671,,,34VEP,S2A_MSIL2A_20230301T100021_R122_T34VEP_20240821T023929
S2_FI_00018048,8848,2023-08-28,0.0,99.998498,52.2936024429453,170.764354845309,,,34VEP,S2A_MSIL2A_20230828T100031_R122_T34VEP_20241018T065117
S2_FI_00018049,8848,2023-08-28,0.0,99.998498,52.2936024429453,170.764354845309,,,34VEP,S2A_MSIL2A_20230828T100031_R122_T34VEP_20241018T065117
S2_FI_00018050,8848,2023-08-28,0.0,99.998498,52.2936024429453,170.764354845309,,,34VEP,S2A_MSIL2A_20230828T100031_R122_T34VEP_20241018T065117
S2_FI_00018051,8848,2023-08-28,0.0,99.998498,52.2936024429453,170.764354845309,,,34VEP,S2A_MSIL2A_20230828T100031_R122_T34VEP_20241018T065117
S2_FI_00018052,8848,2023-08-28,0.0,99.998498,52.2936024429453,170.764354845309,,,34VEP,S2A_MSIL2A_20230828T100031_R122_T34VEP_20241018T065117
S2_FI_00018053,8848,2023-08-28,0.0,99.998498,52.2936024429453,170.764354845309,,,34VEP,S2A_MSIL2A_20230828T100031_R122_T34VEP_20241018T065117
S2_FI_00018054,8848,2024-03-10,1.0,63.784415,65.9874062973662,169.458328331947,,,34VEP,S2B_MSIL2A_20240310T095729_R122_T34VEP_20240310T141740
S2_FI_00018055,8848,2024-03-10,1.0,63.784415,65.9874062973662,169.458328331947,,,34VEP,S2B_MSIL2A_20240310T095729_R122_T34VEP_20240310T141740
S2_FI_00018056,8848,2024-03-10,1.0,63.784415,65.9874062973662,169.458328331947,,,34VEP,S2B_MSIL2A_20240310T095729_R122_T34VEP_20240310T141740
S2_FI_00018057,8848,2024-03-10,1.0,63.784415,65.9874062973662,169.458328331947,,,34VEP,S2B_MSIL2A_20240310T095729_R122_T34VEP_20240310T141740
S2_FI_00018058,8848,2024-03-10,1.0,63.784415,65.9874062973662,169.458328331947,,,34VEP,S2B_MSIL2A_20240310T095729_R122_T34VEP_20240310T141740
S2_FI_00018059,8848,2024-03-10,1.0,63.784415,65.9874062973662,169.458328331947,,,34VEP,S2B_MSIL2A_20240310T095729_R122_T34VEP_20240310T141740
S2_FI_00018060,8848,2024-08-15,0.0,98.169428,48.0894334977451,172.557916088327,,,34VEP,S2A_MSIL2A_20240815T100551_R022_T34VEP_20240815T151050
S2_FI_00018061,8848,2024-08-15,0.0,98.169428,48.0894334977451,172.557916088327,,,34VEP,S2A_MSIL2A_20240815T100551_R022_T34VEP_20240815T151050
S2_FI_00018062,8848,2024-08-15,0.0,98.169428,48.0894334977451,172.557916088327,,,34VEP,S2A_MSIL2A_20240815T100551_R022_T34VEP_20240815T151050
S2_FI_00018063,8848,2024-08-15,0.0,98.169428,48.0894334977451,172.557916088327,,,34VEP,S2A_MSIL2A_20240815T100551_R022_T34VEP_20240815T151050
S2_FI_00018064,8848,2024-08-15,0.0,98.169428,48.0894334977451,172.557916088327,,,34VEP,S2A_MSIL2A_20240815T100551_R022_T34VEP_20240815T151050
S2_FI_00018065,8848,2024-08-15,0.0,98.169428,48.0894334977451,172.557916088327,,,34VEP,S2A_MSIL2A_20240815T100551_R022_T34VEP_20240815T151050
S2_FI_00018066,8848,2024-10-03,0.0,2.393833,66.1752737537094,172.582523136906,,,34VEP,S2B_MSIL2A_20241003T095029_R079_T34VEP_20241003T125412
S2_FI_00018067,8848,2024-10-03,0.0,2.393833,66.1752737537094,172.582523136906,,,34VEP,S2B_MSIL2A_20241003T095029_R079_T34VEP_20241003T125412
S2_FI_00018068,8848,2024-10-03,0.0,2.393833,66.1752737537094,172.582523136906,,,34VEP,S2B_MSIL2A_20241003T095029_R079_T34VEP_20241003T125412
S2_FI_00018069,8848,2024-10-03,0.0,2.393833,66.1752737537094,172.582523136906,,,34VEP,S2B_MSIL2A_20241003T095029_R079_T34VEP_20241003T125412
S2_FI_00018070,8848,2024-10-03,0.0,2.393833,66.1752737537094,172.582523136906,,,34VEP,S2B_MSIL2A_20241003T095029_R079_T34VEP_20241003T125412
S2_FI_00018071,8848,2024-10-03,0.0,2.393833,66.1752737537094,172.582523136906,,,34VEP,S2B_MSIL2A_20241003T095029_R079_T34VEP_20241003T125412
S2_FI_00018462,893,2023-01-17,0.0,99.998492,81.057419740992,170.896563095908,,,35VLG,S2A_MSIL2A_20230117T095331_R079_T35VLG_20240726T234226
S2_FI_00018463,893,2023-01-17,0.0,99.998492,81.057419740992,170.896563095908,,,35VLG,S2A_MSIL2A_20230117T095331_R079_T35VLG_20240726T234226
S2_FI_00018464,893,2023-01-17,0.0,99.998492,81.057419740992,170.896563095908,,,35VLG,S2A_MSIL2A_20230117T095331_R079_T35VLG_20240726T234226
S2_FI_00018465,893,2023-01-17,0.0,99.998492,81.057419740992,170.896563095908,,,35VLG,S2A_MSIL2A_20230117T095331_R079_T35VLG_20240726T234226
S2_FI_00018466,893,2023-01-17,0.0,99.998492,81.057419740992,170.896563095908,,,35VLG,S2A_MSIL2A_20230117T095331_R079_T35VLG_20240726T234226
S2_FI_00018467,893,2023-01-17,0.0,99.998492,81.057419740992,170.896563095908,,,35VLG,S2A_MSIL2A_20230117T095331_R079_T35VLG_20240726T234226
S2_FI_00018468,893,2023-02-01,1.0,96.349394,77.509940957072,169.719507963828,,,35VLG,S2B_MSIL2A_20230201T095129_R079_T35VLG_20240816T111333
S2_FI_00018469,893,2023-02-01,1.0,96.349394,77.509940957072,169.719507963828,,,35VLG,S2B_MSIL2A_20230201T095129_R079_T35VLG_20240816T111333
S2_FI_00018470,893,2023-02-01,1.0,96.349394,77.509940957072,169.719507963828,,,35VLG,S2B_MSIL2A_20230201T095129_R079_T35VLG_20240816T111333
S2_FI_00018471,893,2023-02-01,1.0,96.349394,77.509940957072,169.719507963828,,,35VLG,S2B_MSIL2A_20230201T095129_R079_T35VLG_20240816T111333
S2_FI_00018472,893,2023-02-01,1.0,96.349394,77.509940957072,169.719507963828,,,35VLG,S2B_MSIL2A_20230201T095129_R079_T35VLG_20240816T111333
S2_FI_00018473,893,2023-02-01,1.0,96.349394,77.509940957072,169.719507963828,,,35VLG,S2B_MSIL2A_20230201T095129_R079_T35VLG_20240816T111333
S2_FI_00018474,893,2023-02-13,0.0,99.999863,74.067609036821,166.683599295421,,,35VLG,S2A_MSIL2A_20230213T094111_R036_T35VLG_20230213T183749
S2_FI_00018475,893,2023-02-13,0.0,99.999863,74.067609036821,166.683599295421,,,35VLG,S2A_MSIL2A_20230213T094111_R036_T35VLG_20230213T183749
S2_FI_00018476,893,2023-02-13,0.0,99.999863,74.067609036821,166.683599295421,,,35VLG,S2A_MSIL2A_20230213T094111_R036_T35VLG_20230213T183749
S2_FI_00018477,893,2023-02-13,0.0,99.999863,74.067609036821,166.683599295421,,,35VLG,S2A_MSIL2A_20230213T094111_R036_T35VLG_20230213T183749
S2_FI_00018478,893,2023-02-13,0.0,99.999863,74.067609036821,166.683599295421,,,35VLG,S2A_MSIL2A_20230213T094111_R036_T35VLG_20230213T183749
S2_FI_00018479,893,2023-02-13,0.0,99.999863,74.067609036821,166.683599295421,,,35VLG,S2A_MSIL2A_20230213T094111_R036_T35VLG_20230213T183749
S2_FI_00018480,893,2023-02-26,2.0,11.408235,69.1581214131101,169.041647821454,,,35VLG,S2A_MSIL2A_20230226T095031_R079_T35VLG_20240818T195336
S2_FI_00018481,893,2023-02-26,2.0,11.408235,69.1581214131101,169.041647821454,,,35VLG,S2A_MSIL2A_20230226T095031_R079_T35VLG_20240818T195336
S2_FI_00018482,893,2023-02-26,2.0,11.408235,69.1581214131101,169.041647821454,,,35VLG,S2A_MSIL2A_20230226T095031_R079_T35VLG_20240818T195336
S2_FI_00018483,893,2023-02-26,2.0,11.408235,69.1581214131101,169.041647821454,,,35VLG,S2A_MSIL2A_20230226T095031_R079_T35VLG_20240818T195336
S2_FI_00018484,893,2023-02-26,2.0,11.408235,69.1581214131101,169.041647821454,,,35VLG,S2A_MSIL2A_20230226T095031_R079_T35VLG_20240818T195336
S2_FI_00018485,893,2023-02-26,2.0,11.408235,69.1581214131101,169.041647821454,,,35VLG,S2A_MSIL2A_20230226T095031_R079_T35VLG_20240818T195336
S2_FI_00018486,893,2023-03-13,0.0,41.157684,63.3131977946506,169.387478186532,,,35VLG,S2B_MSIL2A_20230313T095039_R079_T35VLG_20240819T180634
S2_FI_00018487,893,2023-03-13,0.0,41.157684,63.3131977946506,169.387478186532,,,35VLG,S2B_MSIL2A_20230313T095039_R079_T35VLG_20240819T180634
S2_FI_00018488,893,2023-03-13,0.0,41.157684,63.3131977946506,169.387478186532,,,35VLG,S2B_MSIL2A_20230313T095039_R079_T35VLG_20240819T180634
S2_FI_00018489,893,2023-03-13,0.0,41.157684,63.3131977946506,169.387478186532,,,35VLG,S2B_MSIL2A_20230313T095039_R079_T35VLG_20240819T180634
S2_FI_00018490,893,2023-03-13,0.0,41.157684,63.3131977946506,169.387478186532,,,35VLG,S2B_MSIL2A_20230313T095039_R079_T35VLG_20240819T180634
S2_FI_00018491,893,2023-03-13,0.0,41.157684,63.3131977946506,169.387478186532,,,35VLG,S2B_MSIL2A_20230313T095039_R079_T35VLG_20240819T180634
S2_FI_00018492,893,2023-03-28,0.0,53.383666,57.3248654933334,169.999108049784,,,35VLG,S2A_MSIL2A_20230328T095031_R079_T35VLG_20240829T134810
S2_FI_00018493,893,2023-03-28,0.0,53.383666,57.3248654933334,169.999108049784,,,35VLG,S2A_MSIL2A_20230328T095031_R079_T35VLG_20240829T134810
S2_FI_00018494,893,2023-03-28,0.0,53.383666,57.3248654933334,169.999108049784,,,35VLG,S2A_MSIL2A_20230328T095031_R079_T35VLG_20240829T134810
S2_FI_00018495,893,2023-03-28,0.0,53.383666,57.3248654933334,169.999108049784,,,35VLG,S2A_MSIL2A_20230328T095031_R079_T35VLG_20240829T134810
S2_FI_00018496,893,2023-03-28,0.0,53.383666,57.3248654933334,169.999108049784,,,35VLG,S2A_MSIL2A_20230328T095031_R079_T35VLG_20240829T134810
S2_FI_00018497,893,2023-03-28,0.0,53.383666,57.3248654933334,169.999108049784,,,35VLG,S2A_MSIL2A_20230328T095031_R079_T35VLG_20240829T134810
S2_FI_00018498,893,2023-04-12,0.0,27.784055,51.5574149139497,170.733617616003,,,35VLG,S2B_MSIL2A_20230412T095029_R079_T35VLG_20240828T091729
S2_FI_00018499,893,2023-04-12,0.0,27.784055,51.5574149139497,170.733617616003,,,35VLG,S2B_MSIL2A_20230412T095029_R079_T35VLG_20240828T091729
S2_FI_00018500,893,2023-04-12,0.0,27.784055,51.5574149139497,170.733617616003,,,35VLG,S2B_MSIL2A_20230412T095029_R079_T35VLG_20240828T091729
S2_FI_00018501,893,2023-04-12,0.0,27.784055,51.5574149139497,170.733617616003,,,35VLG,S2B_MSIL2A_20230412T095029_R079_T35VLG_20240828T091729
S2_FI_00018502,893,2023-04-12,0.0,27.784055,51.5574149139497,170.733617616003,,,35VLG,S2B_MSIL2A_20230412T095029_R079_T35VLG_20240828T091729
S2_FI_00018503,893,2023-04-12,0.0,27.784055,51.5574149139497,170.733617616003,,,35VLG,S2B_MSIL2A_20230412T095029_R079_T35VLG_20240828T091729
S2_FI_00018504,893,2023-04-24,1.0,53.37612,47.5640480001205,167.851844159322,,,35VLG,S2A_MSIL2A_20230424T094031_R036_T35VLG_20240831T183412
S2_FI_00018505,893,2023-04-24,1.0,53.37612,47.5640480001205,167.851844159322,,,35VLG,S2A_MSIL2A_20230424T094031_R036_T35VLG_20240831T183412
S2_FI_00018506,893,2023-04-24,1.0,53.37612,47.5640480001205,167.851844159322,,,35VLG,S2A_MSIL2A_20230424T094031_R036_T35VLG_20240831T183412
S2_FI_00018507,893,2023-04-24,1.0,53.37612,47.5640480001205,167.851844159322,,,35VLG,S2A_MSIL2A_20230424T094031_R036_T35VLG_20240831T183412
S2_FI_00018508,893,2023-04-24,1.0,53.37612,47.5640480001205,167.851844159322,,,35VLG,S2A_MSIL2A_20230424T094031_R036_T35VLG_20240831T183412
S2_FI_00018509,893,2023-04-24,1.0,53.37612,47.5640480001205,167.851844159322,,,35VLG,S2A_MSIL2A_20230424T094031_R036_T35VLG_20240831T183412
S2_FI_00018510,893,2023-05-09,0.0,67.21766,43.0452754897563,167.763010440521,,,35VLG,S2B_MSIL2A_20230509T093549_R036_T35VLG_20230509T141237
S2_FI_00018511,893,2023-05-09,0.0,67.21766,43.0452754897563,167.763010440521,,,35VLG,S2B_MSIL2A_20230509T093549_R036_T35VLG_20230509T141237
S2_FI_00018512,893,2023-05-09,0.0,67.21766,43.0452754897563,167.763010440521,,,35VLG,S2B_MSIL2A_20230509T093549_R036_T35VLG_20230509T141237
S2_FI_00018513,893,2023-05-09,0.0,67.21766,43.0452754897563,167.763010440521,,,35VLG,S2B_MSIL2A_20230509T093549_R036_T35VLG_20230509T141237
S2_FI_00018514,893,2023-05-09,0.0,67.21766,43.0452754897563,167.763010440521,,,35VLG,S2B_MSIL2A_20230509T093549_R036_T35VLG_20230509T141237
S2_FI_00018515,893,2023-05-09,0.0,67.21766,43.0452754897563,167.763010440521,,,35VLG,S2B_MSIL2A_20230509T093549_R036_T35VLG_20230509T141237
S2_FI_00018516,893,2023-05-22,1.0,26.995331,39.7968088777802,170.80377687481,,,35VLG,S2B_MSIL2A_20230522T094549_R079_T35VLG_20230522T142439
S2_FI_00018517,893,2023-05-22,1.0,26.995331,39.7968088777802,170.80377687481,,,35VLG,S2B_MSIL2A_20230522T094549_R079_T35VLG_20230522T142439
S2_FI_00018518,893,2023-05-22,1.0,26.995331,39.7968088777802,170.80377687481,,,35VLG,S2B_MSIL2A_20230522T094549_R079_T35VLG_20230522T142439
S2_FI_00018519,893,2023-05-22,1.0,26.995331,39.7968088777802,170.80377687481,,,35VLG,S2B_MSIL2A_20230522T094549_R079_T35VLG_20230522T142439
S2_FI_00018520,893,2023-05-22,1.0,26.995331,39.7968088777802,170.80377687481,,,35VLG,S2B_MSIL2A_20230522T094549_R079_T35VLG_20230522T142439
S2_FI_00018521,893,2023-05-22,1.0,26.995331,39.7968088777802,170.80377687481,,,35VLG,S2B_MSIL2A_20230522T094549_R079_T35VLG_20230522T142439
S2_FI_00018522,893,2023-06-06,0.0,79.402512,37.5774198252006,169.729742048407,,,35VLG,S2A_MSIL2A_20230606T095031_R079_T35VLG_20240928T023512
S2_FI_00018523,893,2023-06-06,0.0,79.402512,37.5774198252006,169.729742048407,,,35VLG,S2A_MSIL2A_20230606T095031_R079_T35VLG_20240928T023512
S2_FI_00018524,893,2023-06-06,0.0,79.402512,37.5774198252006,169.729742048407,,,35VLG,S2A_MSIL2A_20230606T095031_R079_T35VLG_20240928T023512
S2_FI_00018525,893,2023-06-06,0.0,79.402512,37.5774198252006,169.729742048407,,,35VLG,S2A_MSIL2A_20230606T095031_R079_T35VLG_20240928T023512
S2_FI_00018526,893,2023-06-06,0.0,79.402512,37.5774198252006,169.729742048407,,,35VLG,S2A_MSIL2A_20230606T095031_R079_T35VLG_20240928T023512
S2_FI_00018527,893,2023-06-06,0.0,79.402512,37.5774198252006,169.729742048407,,,35VLG,S2A_MSIL2A_20230606T095031_R079_T35VLG_20240928T023512
S2_FI_00018528,893,2023-06-21,1.0,2.656371,36.8628741780885,168.419521921244,,,35VLG,S2B_MSIL2A_20230621T094549_R079_T35VLG_20241120T230517
S2_FI_00018529,893,2023-06-21,1.0,2.656371,36.8628741780885,168.419521921244,,,35VLG,S2B_MSIL2A_20230621T094549_R079_T35VLG_20241120T230517
S2_FI_00018530,893,2023-06-21,1.0,2.656371,36.8628741780885,168.419521921244,,,35VLG,S2B_MSIL2A_20230621T094549_R079_T35VLG_20241120T230517
S2_FI_00018531,893,2023-06-21,1.0,2.656371,36.8628741780885,168.419521921244,,,35VLG,S2B_MSIL2A_20230621T094549_R079_T35VLG_20241120T230517
S2_FI_00018532,893,2023-06-21,1.0,2.656371,36.8628741780885,168.419521921244,,,35VLG,S2B_MSIL2A_20230621T094549_R079_T35VLG_20241120T230517
S2_FI_00018533,893,2023-06-21,1.0,2.656371,36.8628741780885,168.419521921244,,,35VLG,S2B_MSIL2A_20230621T094549_R079_T35VLG_20241120T230517
S2_FI_00018534,893,2023-07-03,1.0,73.467076,37.7079012136989,163.849234744238,,,35VLG,S2A_MSIL2A_20230703T094041_R036_T35VLG_20230703T161320
S2_FI_00018535,893,2023-07-03,1.0,73.467076,37.7079012136989,163.849234744238,,,35VLG,S2A_MSIL2A_20230703T094041_R036_T35VLG_20230703T161320
S2_FI_00018536,893,2023-07-03,1.0,73.467076,37.7079012136989,163.849234744238,,,35VLG,S2A_MSIL2A_20230703T094041_R036_T35VLG_20230703T161320
S2_FI_00018537,893,2023-07-03,1.0,73.467076,37.7079012136989,163.849234744238,,,35VLG,S2A_MSIL2A_20230703T094041_R036_T35VLG_20230703T161320
S2_FI_00018538,893,2023-07-03,1.0,73.467076,37.7079012136989,163.849234744238,,,35VLG,S2A_MSIL2A_20230703T094041_R036_T35VLG_20230703T161320
S2_FI_00018539,893,2023-07-03,1.0,73.467076,37.7079012136989,163.849234744238,,,35VLG,S2A_MSIL2A_20230703T094041_R036_T35VLG_20230703T161320
S2_FI_00018540,893,2023-07-18,0.0,64.510328,39.6877161895814,163.576103310774,,,35VLG,S2B_MSIL2A_20230718T093549_R036_T35VLG_20230718T140522
S2_FI_00018541,893,2023-07-18,0.0,64.510328,39.6877161895814,163.576103310774,,,35VLG,S2B_MSIL2A_20230718T093549_R036_T35VLG_20230718T140522
S2_FI_00018542,893,2023-07-18,0.0,64.510328,39.6877161895814,163.576103310774,,,35VLG,S2B_MSIL2A_20230718T093549_R036_T35VLG_20230718T140522
S2_FI_00018543,893,2023-07-18,0.0,64.510328,39.6877161895814,163.576103310774,,,35VLG,S2B_MSIL2A_20230718T093549_R036_T35VLG_20230718T140522
S2_FI_00018544,893,2023-07-18,0.0,64.510328,39.6877161895814,163.576103310774,,,35VLG,S2B_MSIL2A_20230718T093549_R036_T35VLG_20230718T140522
S2_FI_00018545,893,2023-07-18,0.0,64.510328,39.6877161895814,163.576103310774,,,35VLG,S2B_MSIL2A_20230718T093549_R036_T35VLG_20230718T140522
S2_FI_00018546,893,2023-08-15,0.0,0.034768,46.2544367485073,168.906221087896,,,35VLG,S2A_MSIL2A_20230815T095031_R079_T35VLG_20241014T195621
S2_FI_00018547,893,2023-08-15,0.0,0.034768,46.2544367485073,168.906221087896,,,35VLG,S2A_MSIL2A_20230815T095031_R079_T35VLG_20241014T195621
S2_FI_00018548,893,2023-08-15,0.0,0.034768,46.2544367485073,168.906221087896,,,35VLG,S2A_MSIL2A_20230815T095031_R079_T35VLG_20241014T195621
S2_FI_00018549,893,2023-08-15,0.0,0.034768,46.2544367485073,168.906221087896,,,35VLG,S2A_MSIL2A_20230815T095031_R079_T35VLG_20241014T195621
S2_FI_00018550,893,2023-08-15,0.0,0.034768,46.2544367485073,168.906221087896,,,35VLG,S2A_MSIL2A_20230815T095031_R079_T35VLG_20241014T195621
S2_FI_00018551,893,2023-08-15,0.0,0.034768,46.2544367485073,168.906221087896,,,35VLG,S2A_MSIL2A_20230815T095031_R079_T35VLG_20241014T195621
S2_FI_00018552,893,2023-08-30,1.0,99.968934,51.1967616514482,170.751824065952,,,35VLG,S2B_MSIL2A_20230830T094549_R079_T35VLG_20241022T104510
S2_FI_00018553,893,2023-08-30,1.0,99.968934,51.1967616514482,170.751824065952,,,35VLG,S2B_MSIL2A_20230830T094549_R079_T35VLG_20241022T104510
S2_FI_00018554,893,2023-08-30,1.0,99.968934,51.1967616514482,170.751824065952,,,35VLG,S2B_MSIL2A_20230830T094549_R079_T35VLG_20241022T104510
S2_FI_00018555,893,2023-08-30,1.0,99.968934,51.1967616514482,170.751824065952,,,35VLG,S2B_MSIL2A_20230830T094549_R079_T35VLG_20241022T104510
S2_FI_00018556,893,2023-08-30,1.0,99.968934,51.1967616514482,170.751824065952,,,35VLG,S2B_MSIL2A_20230830T094549_R079_T35VLG_20241022T104510
S2_FI_00018557,893,2023-08-30,1.0,99.968934,51.1967616514482,170.751824065952,,,35VLG,S2B_MSIL2A_20230830T094549_R079_T35VLG_20241022T104510
S2_FI_00018558,893,2023-09-11,1.0,87.86279,55.7454266476791,169.393225171859,,,35VLG,S2A_MSIL2A_20230911T094041_R036_T35VLG_20241105T090327
S2_FI_00018559,893,2023-09-11,1.0,87.86279,55.7454266476791,169.393225171859,,,35VLG,S2A_MSIL2A_20230911T094041_R036_T35VLG_20241105T090327
S2_FI_00018560,893,2023-09-11,1.0,87.86279,55.7454266476791,169.393225171859,,,35VLG,S2A_MSIL2A_20230911T094041_R036_T35VLG_20241105T090327
S2_FI_00018561,893,2023-09-11,1.0,87.86279,55.7454266476791,169.393225171859,,,35VLG,S2A_MSIL2A_20230911T094041_R036_T35VLG_20241105T090327
S2_FI_00018562,893,2023-09-11,1.0,87.86279,55.7454266476791,169.393225171859,,,35VLG,S2A_MSIL2A_20230911T094041_R036_T35VLG_20241105T090327
S2_FI_00018563,893,2023-09-11,1.0,87.86279,55.7454266476791,169.393225171859,,,35VLG,S2A_MSIL2A_20230911T094041_R036_T35VLG_20241105T090327
S2_FI_00018564,893,2023-09-26,0.0,49.510443,61.4140083247479,171.498684685067,,,35VLG,S2B_MSIL2A_20230926T093659_R036_T35VLG_20241106T125907
S2_FI_00018565,893,2023-09-26,0.0,49.510443,61.4140083247479,171.498684685067,,,35VLG,S2B_MSIL2A_20230926T093659_R036_T35VLG_20241106T125907
S2_FI_00018566,893,2023-09-26,0.0,49.510443,61.4140083247479,171.498684685067,,,35VLG,S2B_MSIL2A_20230926T093659_R036_T35VLG_20241106T125907
S2_FI_00018567,893,2023-09-26,0.0,49.510443,61.4140083247479,171.498684685067,,,35VLG,S2B_MSIL2A_20230926T093659_R036_T35VLG_20241106T125907
S2_FI_00018568,893,2023-09-26,0.0,49.510443,61.4140083247479,171.498684685067,,,35VLG,S2B_MSIL2A_20230926T093659_R036_T35VLG_20241106T125907
S2_FI_00018569,893,2023-09-26,0.0,49.510443,61.4140083247479,171.498684685067,,,35VLG,S2B_MSIL2A_20230926T093659_R036_T35VLG_20241106T125907
S2_FI_00018570,893,2023-10-09,1.0,88.952726,66.2321746825569,175.708110847714,,,35VLG,S2B_MSIL2A_20231009T094819_R079_T35VLG_20231009T161626
S2_FI_00018571,893,2023-10-09,1.0,88.952726,66.2321746825569,175.708110847714,,,35VLG,S2B_MSIL2A_20231009T094819_R079_T35VLG_20231009T161626
S2_FI_00018572,893,2023-10-09,1.0,88.952726,66.2321746825569,175.708110847714,,,35VLG,S2B_MSIL2A_20231009T094819_R079_T35VLG_20231009T161626
S2_FI_00018573,893,2023-10-09,1.0,88.952726,66.2321746825569,175.708110847714,,,35VLG,S2B_MSIL2A_20231009T094819_R079_T35VLG_20231009T161626
S2_FI_00018574,893,2023-10-09,1.0,88.952726,66.2321746825569,175.708110847714,,,35VLG,S2B_MSIL2A_20231009T094819_R079_T35VLG_20231009T161626
S2_FI_00018575,893,2023-10-09,1.0,88.952726,66.2321746825569,175.708110847714,,,35VLG,S2B_MSIL2A_20231009T094819_R079_T35VLG_20231009T161626
S2_FI_00018576,893,2023-10-24,0.0,62.685651,71.6939159714332,176.722091182206,,,35VLG,S2A_MSIL2A_20231024T095051_R079_T35VLG_20241103T065503
S2_FI_00018577,893,2023-10-24,0.0,62.685651,71.6939159714332,176.722091182206,,,35VLG,S2A_MSIL2A_20231024T095051_R079_T35VLG_20241103T065503
S2_FI_00018578,893,2023-10-24,0.0,62.685651,71.6939159714332,176.722091182206,,,35VLG,S2A_MSIL2A_20231024T095051_R079_T35VLG_20241103T065503
S2_FI_00018579,893,2023-10-24,0.0,62.685651,71.6939159714332,176.722091182206,,,35VLG,S2A_MSIL2A_20231024T095051_R079_T35VLG_20241103T065503
S2_FI_00018580,893,2023-10-24,0.0,62.685651,71.6939159714332,176.722091182206,,,35VLG,S2A_MSIL2A_20231024T095051_R079_T35VLG_20241103T065503
S2_FI_00018581,893,2023-10-24,0.0,62.685651,71.6939159714332,176.722091182206,,,35VLG,S2A_MSIL2A_20231024T095051_R079_T35VLG_20241103T065503
S2_FI_00018582,893,2023-11-08,1.0,87.803823,76.5072876958007,177.007494737742,,,35VLG,S2B_MSIL2A_20231108T095129_R079_T35VLG_20241107T005008
S2_FI_00018583,893,2023-11-08,1.0,87.803823,76.5072876958007,177.007494737742,,,35VLG,S2B_MSIL2A_20231108T095129_R079_T35VLG_20241107T005008
S2_FI_00018584,893,2023-11-08,1.0,87.803823,76.5072876958007,177.007494737742,,,35VLG,S2B_MSIL2A_20231108T095129_R079_T35VLG_20241107T005008
S2_FI_00018585,893,2023-11-08,1.0,87.803823,76.5072876958007,177.007494737742,,,35VLG,S2B_MSIL2A_20231108T095129_R079_T35VLG_20241107T005008
S2_FI_00018586,893,2023-11-08,1.0,87.803823,76.5072876958007,177.007494737742,,,35VLG,S2B_MSIL2A_20231108T095129_R079_T35VLG_20241107T005008
S2_FI_00018587,893,2023-11-08,1.0,87.803823,76.5072876958007,177.007494737742,,,35VLG,S2B_MSIL2A_20231108T095129_R079_T35VLG_20241107T005008
S2_FI_00018588,893,2023-11-20,1.0,98.211408,79.7407302925521,174.251737237061,,,35VLG,S2A_MSIL2A_20231120T094301_R036_T35VLG_20231121T091129
S2_FI_00018589,893,2023-11-20,1.0,98.211408,79.7407302925521,174.251737237061,,,35VLG,S2A_MSIL2A_20231120T094301_R036_T35VLG_20231121T091129
S2_FI_00018590,893,2023-11-20,1.0,98.211408,79.7407302925521,174.251737237061,,,35VLG,S2A_MSIL2A_20231120T094301_R036_T35VLG_20231121T091129
S2_FI_00018591,893,2023-11-20,1.0,98.211408,79.7407302925521,174.251737237061,,,35VLG,S2A_MSIL2A_20231120T094301_R036_T35VLG_20231121T091129
S2_FI_00018592,893,2023-11-20,1.0,98.211408,79.7407302925521,174.251737237061,,,35VLG,S2A_MSIL2A_20231120T094301_R036_T35VLG_20231121T091129
S2_FI_00018593,893,2023-11-20,1.0,98.211408,79.7407302925521,174.251737237061,,,35VLG,S2A_MSIL2A_20231120T094301_R036_T35VLG_20231121T091129
S2_FI_00018594,893,2023-12-05,1.0,32.882121,82.488071220093,173.253446755199,,,35VLG,S2B_MSIL2A_20231205T094259_R036_T35VLG_20240904T045623
S2_FI_00018595,893,2023-12-05,1.0,32.882121,82.488071220093,173.253446755199,,,35VLG,S2B_MSIL2A_20231205T094259_R036_T35VLG_20240904T045623
S2_FI_00018596,893,2023-12-05,1.0,32.882121,82.488071220093,173.253446755199,,,35VLG,S2B_MSIL2A_20231205T094259_R036_T35VLG_20240904T045623
S2_FI_00018597,893,2023-12-05,1.0,32.882121,82.488071220093,173.253446755199,,,35VLG,S2B_MSIL2A_20231205T094259_R036_T35VLG_20240904T045623
S2_FI_00018598,893,2023-12-05,1.0,32.882121,82.488071220093,173.253446755199,,,35VLG,S2B_MSIL2A_20231205T094259_R036_T35VLG_20240904T045623
S2_FI_00018599,893,2023-12-05,1.0,32.882121,82.488071220093,173.253446755199,,,35VLG,S2B_MSIL2A_20231205T094259_R036_T35VLG_20240904T045623
S2_FI_00018600,893,2023-12-18,1.0,98.635012,83.4599657228615,174.253188622984,,,35VLG,S2B_MSIL2A_20231218T095329_R079_T35VLG_20231220T094406
S2_FI_00018601,893,2023-12-18,1.0,98.635012,83.4599657228615,174.253188622984,,,35VLG,S2B_MSIL2A_20231218T095329_R079_T35VLG_20231220T094406
S2_FI_00018602,893,2023-12-18,1.0,98.635012,83.4599657228615,174.253188622984,,,35VLG,S2B_MSIL2A_20231218T095329_R079_T35VLG_20231220T094406
S2_FI_00018603,893,2023-12-18,1.0,98.635012,83.4599657228615,174.253188622984,,,35VLG,S2B_MSIL2A_20231218T095329_R079_T35VLG_20231220T094406
S2_FI_00018604,893,2023-12-18,1.0,98.635012,83.4599657228615,174.253188622984,,,35VLG,S2B_MSIL2A_20231218T095329_R079_T35VLG_20231220T094406
S2_FI_00018605,893,2023-12-18,1.0,98.635012,83.4599657228615,174.253188622984,,,35VLG,S2B_MSIL2A_20231218T095329_R079_T35VLG_20231220T094406
S2_FI_00018606,893,2024-01-04,1.0,80.312955,83.142747652928,169.996450595065,,,35VLG,S2B_MSIL2A_20240104T094319_R036_T35VLG_20240104T130835
S2_FI_00018607,893,2024-01-04,1.0,80.312955,83.142747652928,169.996450595065,,,35VLG,S2B_MSIL2A_20240104T094319_R036_T35VLG_20240104T130835
S2_FI_00018608,893,2024-01-04,1.0,80.312955,83.142747652928,169.996450595065,,,35VLG,S2B_MSIL2A_20240104T094319_R036_T35VLG_20240104T130835
S2_FI_00018609,893,2024-01-04,1.0,80.312955,83.142747652928,169.996450595065,,,35VLG,S2B_MSIL2A_20240104T094319_R036_T35VLG_20240104T130835
S2_FI_00018610,893,2024-01-04,1.0,80.312955,83.142747652928,169.996450595065,,,35VLG,S2B_MSIL2A_20240104T094319_R036_T35VLG_20240104T130835
S2_FI_00018611,893,2024-01-04,1.0,80.312955,83.142747652928,169.996450595065,,,35VLG,S2B_MSIL2A_20240104T094319_R036_T35VLG_20240104T130835
S2_FI_00018612,893,2024-01-17,1.0,61.042386,81.1011247927409,170.924779474466,,,35VLG,S2B_MSIL2A_20240117T095239_R079_T35VLG_20240117T132500
S2_FI_00018613,893,2024-01-17,1.0,61.042386,81.1011247927409,170.924779474466,,,35VLG,S2B_MSIL2A_20240117T095239_R079_T35VLG_20240117T132500
S2_FI_00018614,893,2024-01-17,1.0,61.042386,81.1011247927409,170.924779474466,,,35VLG,S2B_MSIL2A_20240117T095239_R079_T35VLG_20240117T132500
S2_FI_00018615,893,2024-01-17,1.0,61.042386,81.1011247927409,170.924779474466,,,35VLG,S2B_MSIL2A_20240117T095239_R079_T35VLG_20240117T132500
S2_FI_00018616,893,2024-01-17,1.0,61.042386,81.1011247927409,170.924779474466,,,35VLG,S2B_MSIL2A_20240117T095239_R079_T35VLG_20240117T132500
S2_FI_00018617,893,2024-01-17,1.0,61.042386,81.1011247927409,170.924779474466,,,35VLG,S2B_MSIL2A_20240117T095239_R079_T35VLG_20240117T132500
S2_FI_00018618,893,2024-02-01,2.0,32.794449,77.5778676228547,169.727597234593,,,35VLG,S2A_MSIL2A_20240201T095231_R079_T35VLG_20240201T105954
S2_FI_00018619,893,2024-02-01,2.0,32.794449,77.5778676228547,169.727597234593,,,35VLG,S2A_MSIL2A_20240201T095231_R079_T35VLG_20240201T105954
S2_FI_00018620,893,2024-02-01,2.0,32.794449,77.5778676228547,169.727597234593,,,35VLG,S2A_MSIL2A_20240201T095231_R079_T35VLG_20240201T105954
S2_FI_00018621,893,2024-02-01,2.0,32.794449,77.5778676228547,169.727597234593,,,35VLG,S2A_MSIL2A_20240201T095231_R079_T35VLG_20240201T105954
S2_FI_00018622,893,2024-02-01,2.0,32.794449,77.5778676228547,169.727597234593,,,35VLG,S2A_MSIL2A_20240201T095231_R079_T35VLG_20240201T105954
S2_FI_00018623,893,2024-02-01,2.0,32.794449,77.5778676228547,169.727597234593,,,35VLG,S2A_MSIL2A_20240201T095231_R079_T35VLG_20240201T105954
S2_FI_00018624,893,2024-02-13,0.0,99.793732,74.1450847596869,166.69881216307,,,35VLG,S2B_MSIL2A_20240213T094029_R036_T35VLG_20240213T121637
S2_FI_00018625,893,2024-02-13,0.0,99.793732,74.1450847596869,166.69881216307,,,35VLG,S2B_MSIL2A_20240213T094029_R036_T35VLG_20240213T121637
S2_FI_00018626,893,2024-02-13,0.0,99.793732,74.1450847596869,166.69881216307,,,35VLG,S2B_MSIL2A_20240213T094029_R036_T35VLG_20240213T121637
S2_FI_00018627,893,2024-02-13,0.0,99.793732,74.1450847596869,166.69881216307,,,35VLG,S2B_MSIL2A_20240213T094029_R036_T35VLG_20240213T121637
S2_FI_00018628,893,2024-02-13,0.0,99.793732,74.1450847596869,166.69881216307,,,35VLG,S2B_MSIL2A_20240213T094029_R036_T35VLG_20240213T121637
S2_FI_00018629,893,2024-02-13,0.0,99.793732,74.1450847596869,166.69881216307,,,35VLG,S2B_MSIL2A_20240213T094029_R036_T35VLG_20240213T121637
S2_FI_00018630,893,2024-02-26,1.0,99.389046,69.2478995193105,169.04699251795,,,35VLG,S2B_MSIL2A_20240226T094859_R079_T35VLG_20240226T132112
S2_FI_00018631,893,2024-02-26,1.0,99.389046,69.2478995193105,169.04699251795,,,35VLG,S2B_MSIL2A_20240226T094859_R079_T35VLG_20240226T132112
S2_FI_00018632,893,2024-02-26,1.0,99.389046,69.2478995193105,169.04699251795,,,35VLG,S2B_MSIL2A_20240226T094859_R079_T35VLG_20240226T132112
S2_FI_00018633,893,2024-02-26,1.0,99.389046,69.2478995193105,169.04699251795,,,35VLG,S2B_MSIL2A_20240226T094859_R079_T35VLG_20240226T132112
S2_FI_00018634,893,2024-02-26,1.0,99.389046,69.2478995193105,169.04699251795,,,35VLG,S2B_MSIL2A_20240226T094859_R079_T35VLG_20240226T132112
S2_FI_00018635,893,2024-02-26,1.0,99.389046,69.2478995193105,169.04699251795,,,35VLG,S2B_MSIL2A_20240226T094859_R079_T35VLG_20240226T132112
S2_FI_00018636,893,2024-03-12,0.0,6.59682,63.4093857868034,169.354889287837,,,35VLG,S2A_MSIL2A_20240312T095031_R079_T35VLG_20240313T144409
S2_FI_00018637,893,2024-03-12,0.0,6.59682,63.4093857868034,169.354889287837,,,35VLG,S2A_MSIL2A_20240312T095031_R079_T35VLG_20240313T144409
S2_FI_00018638,893,2024-03-12,0.0,6.59682,63.4093857868034,169.354889287837,,,35VLG,S2A_MSIL2A_20240312T095031_R079_T35VLG_20240313T144409
S2_FI_00018639,893,2024-03-12,0.0,6.59682,63.4093857868034,169.354889287837,,,35VLG,S2A_MSIL2A_20240312T095031_R079_T35VLG_20240313T144409
S2_FI_00018640,893,2024-03-12,0.0,6.59682,63.4093857868034,169.354889287837,,,35VLG,S2A_MSIL2A_20240312T095031_R079_T35VLG_20240313T144409
S2_FI_00018641,893,2024-03-12,0.0,6.59682,63.4093857868034,169.354889287837,,,35VLG,S2A_MSIL2A_20240312T095031_R079_T35VLG_20240313T144409
S2_FI_00018642,893,2024-03-27,1.0,66.87603,57.4201297090293,170.000597009895,,,35VLG,S2B_MSIL2A_20240327T094619_R079_T35VLG_20240330T010754
S2_FI_00018643,893,2024-03-27,1.0,66.87603,57.4201297090293,170.000597009895,,,35VLG,S2B_MSIL2A_20240327T094619_R079_T35VLG_20240330T010754
S2_FI_00018644,893,2024-03-27,1.0,66.87603,57.4201297090293,170.000597009895,,,35VLG,S2B_MSIL2A_20240327T094619_R079_T35VLG_20240330T010754
S2_FI_00018645,893,2024-03-27,1.0,66.87603,57.4201297090293,170.000597009895,,,35VLG,S2B_MSIL2A_20240327T094619_R079_T35VLG_20240330T010754
S2_FI_00018646,893,2024-03-27,1.0,66.87603,57.4201297090293,170.000597009895,,,35VLG,S2B_MSIL2A_20240327T094619_R079_T35VLG_20240330T010754
S2_FI_00018647,893,2024-03-27,1.0,66.87603,57.4201297090293,170.000597009895,,,35VLG,S2B_MSIL2A_20240327T094619_R079_T35VLG_20240330T010754
S2_FI_00018648,893,2024-04-08,1.0,0.874158,53.0075043027488,167.491259070768,,,35VLG,S2A_MSIL2A_20240408T094031_R036_T35VLG_20240410T215036
S2_FI_00018649,893,2024-04-08,1.0,0.874158,53.0075043027488,167.491259070768,,,35VLG,S2A_MSIL2A_20240408T094031_R036_T35VLG_20240410T215036
S2_FI_00018650,893,2024-04-08,1.0,0.874158,53.0075043027488,167.491259070768,,,35VLG,S2A_MSIL2A_20240408T094031_R036_T35VLG_20240410T215036
S2_FI_00018651,893,2024-04-08,1.0,0.874158,53.0075043027488,167.491259070768,,,35VLG,S2A_MSIL2A_20240408T094031_R036_T35VLG_20240410T215036
S2_FI_00018652,893,2024-04-08,1.0,0.874158,53.0075043027488,167.491259070768,,,35VLG,S2A_MSIL2A_20240408T094031_R036_T35VLG_20240410T215036
S2_FI_00018653,893,2024-04-08,1.0,0.874158,53.0075043027488,167.491259070768,,,35VLG,S2A_MSIL2A_20240408T094031_R036_T35VLG_20240410T215036
S2_FI_00018654,893,2024-04-21,1.0,99.933046,48.0864285028644,171.101365652404,,,35VLG,S2A_MSIL2A_20240421T095031_R079_T35VLG_20240421T151618
S2_FI_00018655,893,2024-04-21,1.0,99.933046,48.0864285028644,171.101365652404,,,35VLG,S2A_MSIL2A_20240421T095031_R079_T35VLG_20240421T151618
S2_FI_00018656,893,2024-04-21,1.0,99.933046,48.0864285028644,171.101365652404,,,35VLG,S2A_MSIL2A_20240421T095031_R079_T35VLG_20240421T151618
S2_FI_00018657,893,2024-04-21,1.0,99.933046,48.0864285028644,171.101365652404,,,35VLG,S2A_MSIL2A_20240421T095031_R079_T35VLG_20240421T151618
S2_FI_00018658,893,2024-04-21,1.0,99.933046,48.0864285028644,171.101365652404,,,35VLG,S2A_MSIL2A_20240421T095031_R079_T35VLG_20240421T151618
S2_FI_00018659,893,2024-04-21,1.0,99.933046,48.0864285028644,171.101365652404,,,35VLG,S2A_MSIL2A_20240421T095031_R079_T35VLG_20240421T151618
S2_FI_00018660,893,2024-04-23,0.0,99.98045,47.6449030857987,167.852548516585,,,35VLG,S2B_MSIL2A_20240423T093549_R036_T35VLG_20240423T132153
S2_FI_00018661,893,2024-04-23,0.0,99.98045,47.6449030857987,167.852548516585,,,35VLG,S2B_MSIL2A_20240423T093549_R036_T35VLG_20240423T132153
S2_FI_00018662,893,2024-04-23,0.0,99.98045,47.6449030857987,167.852548516585,,,35VLG,S2B_MSIL2A_20240423T093549_R036_T35VLG_20240423T132153
S2_FI_00018663,893,2024-04-23,0.0,99.98045,47.6449030857987,167.852548516585,,,35VLG,S2B_MSIL2A_20240423T093549_R036_T35VLG_20240423T132153
S2_FI_00018664,893,2024-04-23,0.0,99.98045,47.6449030857987,167.852548516585,,,35VLG,S2B_MSIL2A_20240423T093549_R036_T35VLG_20240423T132153
S2_FI_00018665,893,2024-04-23,0.0,99.98045,47.6449030857987,167.852548516585,,,35VLG,S2B_MSIL2A_20240423T093549_R036_T35VLG_20240423T132153
S2_FI_00018666,893,2024-06-17,1.0,60.621285,37.1700023231381,164.940597618455,,,35VLG,S2A_MSIL2A_20240617T094041_R036_T35VLG_20240617T154247
S2_FI_00018667,893,2024-06-17,1.0,60.621285,37.1700023231381,164.940597618455,,,35VLG,S2A_MSIL2A_20240617T094041_R036_T35VLG_20240617T154247
S2_FI_00018668,893,2024-06-17,1.0,60.621285,37.1700023231381,164.940597618455,,,35VLG,S2A_MSIL2A_20240617T094041_R036_T35VLG_20240617T154247
S2_FI_00018669,893,2024-06-17,1.0,60.621285,37.1700023231381,164.940597618455,,,35VLG,S2A_MSIL2A_20240617T094041_R036_T35VLG_20240617T154247
S2_FI_00018670,893,2024-06-17,1.0,60.621285,37.1700023231381,164.940597618455,,,35VLG,S2A_MSIL2A_20240617T094041_R036_T35VLG_20240617T154247
S2_FI_00018671,893,2024-06-17,1.0,60.621285,37.1700023231381,164.940597618455,,,35VLG,S2A_MSIL2A_20240617T094041_R036_T35VLG_20240617T154247
S2_FI_00018672,893,2024-07-02,0.0,59.637356,37.686644798997,163.861555249376,,,35VLG,S2B_MSIL2A_20240702T093549_R036_T35VLG_20240702T131941
S2_FI_00018673,893,2024-07-02,0.0,59.637356,37.686644798997,163.861555249376,,,35VLG,S2B_MSIL2A_20240702T093549_R036_T35VLG_20240702T131941
S2_FI_00018674,893,2024-07-02,0.0,59.637356,37.686644798997,163.861555249376,,,35VLG,S2B_MSIL2A_20240702T093549_R036_T35VLG_20240702T131941
S2_FI_00018675,893,2024-07-02,0.0,59.637356,37.686644798997,163.861555249376,,,35VLG,S2B_MSIL2A_20240702T093549_R036_T35VLG_20240702T131941
S2_FI_00018676,893,2024-07-02,0.0,59.637356,37.686644798997,163.861555249376,,,35VLG,S2B_MSIL2A_20240702T093549_R036_T35VLG_20240702T131941
S2_FI_00018677,893,2024-07-02,0.0,59.637356,37.686644798997,163.861555249376,,,35VLG,S2B_MSIL2A_20240702T093549_R036_T35VLG_20240702T131941
S2_FI_00018678,893,2024-07-15,1.0,30.483812,38.9938528266126,167.185008847541,,,35VLG,S2B_MSIL2A_20240715T094549_R079_T35VLG_20240715T135254
S2_FI_00018679,893,2024-07-15,1.0,30.483812,38.9938528266126,167.185008847541,,,35VLG,S2B_MSIL2A_20240715T094549_R079_T35VLG_20240715T135254
S2_FI_00018680,893,2024-07-15,1.0,30.483812,38.9938528266126,167.185008847541,,,35VLG,S2B_MSIL2A_20240715T094549_R079_T35VLG_20240715T135254
S2_FI_00018681,893,2024-07-15,1.0,30.483812,38.9938528266126,167.185008847541,,,35VLG,S2B_MSIL2A_20240715T094549_R079_T35VLG_20240715T135254
S2_FI_00018682,893,2024-07-15,1.0,30.483812,38.9938528266126,167.185008847541,,,35VLG,S2B_MSIL2A_20240715T094549_R079_T35VLG_20240715T135254
S2_FI_00018683,893,2024-07-15,1.0,30.483812,38.9938528266126,167.185008847541,,,35VLG,S2B_MSIL2A_20240715T094549_R079_T35VLG_20240715T135254
S2_FI_00018684,893,2024-07-30,0.0,30.616364,42.0564876052585,167.597060292907,,,35VLG,S2A_MSIL2A_20240730T095031_R079_T35VLG_20240730T155453
S2_FI_00018685,893,2024-07-30,0.0,30.616364,42.0564876052585,167.597060292907,,,35VLG,S2A_MSIL2A_20240730T095031_R079_T35VLG_20240730T155453
S2_FI_00018686,893,2024-07-30,0.0,30.616364,42.0564876052585,167.597060292907,,,35VLG,S2A_MSIL2A_20240730T095031_R079_T35VLG_20240730T155453
S2_FI_00018687,893,2024-07-30,0.0,30.616364,42.0564876052585,167.597060292907,,,35VLG,S2A_MSIL2A_20240730T095031_R079_T35VLG_20240730T155453
S2_FI_00018688,893,2024-07-30,0.0,30.616364,42.0564876052585,167.597060292907,,,35VLG,S2A_MSIL2A_20240730T095031_R079_T35VLG_20240730T155453
S2_FI_00018689,893,2024-07-30,0.0,30.616364,42.0564876052585,167.597060292907,,,35VLG,S2A_MSIL2A_20240730T095031_R079_T35VLG_20240730T155453
S2_FI_00018690,893,2024-08-14,1.0,5.671302,46.1817732862948,168.871319468815,,,35VLG,S2B_MSIL2A_20240814T094549_R079_T35VLG_20240814T123852
S2_FI_00018691,893,2024-08-14,1.0,5.671302,46.1817732862948,168.871319468815,,,35VLG,S2B_MSIL2A_20240814T094549_R079_T35VLG_20240814T123852
S2_FI_00018692,893,2024-08-14,1.0,5.671302,46.1817732862948,168.871319468815,,,35VLG,S2B_MSIL2A_20240814T094549_R079_T35VLG_20240814T123852
S2_FI_00018693,893,2024-08-14,1.0,5.671302,46.1817732862948,168.871319468815,,,35VLG,S2B_MSIL2A_20240814T094549_R079_T35VLG_20240814T123852
S2_FI_00018694,893,2024-08-14,1.0,5.671302,46.1817732862948,168.871319468815,,,35VLG,S2B_MSIL2A_20240814T094549_R079_T35VLG_20240814T123852
S2_FI_00018695,893,2024-08-14,1.0,5.671302,46.1817732862948,168.871319468815,,,35VLG,S2B_MSIL2A_20240814T094549_R079_T35VLG_20240814T123852
S2_FI_00018696,893,2024-08-26,1.0,15.836982,50.3171706962014,167.11101249449,,,35VLG,S2A_MSIL2A_20240826T094031_R036_T35VLG_20240826T134251
S2_FI_00018697,893,2024-08-26,1.0,15.836982,50.3171706962014,167.11101249449,,,35VLG,S2A_MSIL2A_20240826T094031_R036_T35VLG_20240826T134251
S2_FI_00018698,893,2024-08-26,1.0,15.836982,50.3171706962014,167.11101249449,,,35VLG,S2A_MSIL2A_20240826T094031_R036_T35VLG_20240826T134251
S2_FI_00018699,893,2024-08-26,1.0,15.836982,50.3171706962014,167.11101249449,,,35VLG,S2A_MSIL2A_20240826T094031_R036_T35VLG_20240826T134251
S2_FI_00018700,893,2024-08-26,1.0,15.836982,50.3171706962014,167.11101249449,,,35VLG,S2A_MSIL2A_20240826T094031_R036_T35VLG_20240826T134251
S2_FI_00018701,893,2024-08-26,1.0,15.836982,50.3171706962014,167.11101249449,,,35VLG,S2A_MSIL2A_20240826T094031_R036_T35VLG_20240826T134251
S2_FI_00018702,893,2024-09-08,2.0,5.605648,54.719527129625,172.060063031439,,,35VLG,S2A_MSIL2A_20240908T095031_R079_T35VLG_20240908T131845
S2_FI_00018703,893,2024-09-08,2.0,5.605648,54.719527129625,172.060063031439,,,35VLG,S2A_MSIL2A_20240908T095031_R079_T35VLG_20240908T131845
S2_FI_00018704,893,2024-09-08,2.0,5.605648,54.719527129625,172.060063031439,,,35VLG,S2A_MSIL2A_20240908T095031_R079_T35VLG_20240908T131845
S2_FI_00018705,893,2024-09-08,2.0,5.605648,54.719527129625,172.060063031439,,,35VLG,S2A_MSIL2A_20240908T095031_R079_T35VLG_20240908T131845
S2_FI_00018706,893,2024-09-08,2.0,5.605648,54.719527129625,172.060063031439,,,35VLG,S2A_MSIL2A_20240908T095031_R079_T35VLG_20240908T131845
S2_FI_00018707,893,2024-09-08,2.0,5.605648,54.719527129625,172.060063031439,,,35VLG,S2A_MSIL2A_20240908T095031_R079_T35VLG_20240908T131845
S2_FI_00018708,893,2024-09-23,1.0,88.60563,60.3999926359126,174.039999260556,,,35VLG,S2B_MSIL2A_20240923T095029_R079_T35VLG_20240923T110403
S2_FI_00018709,893,2024-09-23,1.0,88.60563,60.3999926359126,174.039999260556,,,35VLG,S2B_MSIL2A_20240923T095029_R079_T35VLG_20240923T110403
S2_FI_00018710,893,2024-09-23,1.0,88.60563,60.3999926359126,174.039999260556,,,35VLG,S2B_MSIL2A_20240923T095029_R079_T35VLG_20240923T110403
S2_FI_00018711,893,2024-09-23,1.0,88.60563,60.3999926359126,174.039999260556,,,35VLG,S2B_MSIL2A_20240923T095029_R079_T35VLG_20240923T110403
S2_FI_00018712,893,2024-09-23,1.0,88.60563,60.3999926359126,174.039999260556,,,35VLG,S2B_MSIL2A_20240923T095029_R079_T35VLG_20240923T110403
S2_FI_00018713,893,2024-09-23,1.0,88.60563,60.3999926359126,174.039999260556,,,35VLG,S2B_MSIL2A_20240923T095029_R079_T35VLG_20240923T110403
S2_FI_00018714,893,2024-10-08,0.0,96.714222,66.1428550607872,175.670286937115,,,35VLG,S2A_MSIL2A_20241008T095031_R079_T35VLG_20241008T124449
S2_FI_00018715,893,2024-10-08,0.0,96.714222,66.1428550607872,175.670286937115,,,35VLG,S2A_MSIL2A_20241008T095031_R079_T35VLG_20241008T124449
S2_FI_00018716,893,2024-10-08,0.0,96.714222,66.1428550607872,175.670286937115,,,35VLG,S2A_MSIL2A_20241008T095031_R079_T35VLG_20241008T124449
S2_FI_00018717,893,2024-10-08,0.0,96.714222,66.1428550607872,175.670286937115,,,35VLG,S2A_MSIL2A_20241008T095031_R079_T35VLG_20241008T124449
S2_FI_00018718,893,2024-10-08,0.0,96.714222,66.1428550607872,175.670286937115,,,35VLG,S2A_MSIL2A_20241008T095031_R079_T35VLG_20241008T124449
S2_FI_00018719,893,2024-10-08,0.0,96.714222,66.1428550607872,175.670286937115,,,35VLG,S2A_MSIL2A_20241008T095031_R079_T35VLG_20241008T124449
S2_FI_00018720,893,2024-10-23,1.0,0.248908,71.6082703733938,176.719448293117,,,35VLG,S2B_MSIL2A_20241023T095029_R079_T35VLG_20241023T112106
S2_FI_00018721,893,2024-10-23,1.0,0.248908,71.6082703733938,176.719448293117,,,35VLG,S2B_MSIL2A_20241023T095029_R079_T35VLG_20241023T112106
S2_FI_00018722,893,2024-10-23,1.0,0.248908,71.6082703733938,176.719448293117,,,35VLG,S2B_MSIL2A_20241023T095029_R079_T35VLG_20241023T112106
S2_FI_00018723,893,2024-10-23,1.0,0.248908,71.6082703733938,176.719448293117,,,35VLG,S2B_MSIL2A_20241023T095029_R079_T35VLG_20241023T112106
S2_FI_00018724,893,2024-10-23,1.0,0.248908,71.6082703733938,176.719448293117,,,35VLG,S2B_MSIL2A_20241023T095029_R079_T35VLG_20241023T112106
S2_FI_00018725,893,2024-10-23,1.0,0.248908,71.6082703733938,176.719448293117,,,35VLG,S2B_MSIL2A_20241023T095029_R079_T35VLG_20241023T112106
S2_FI_00018726,893,2024-11-04,1.0,56.429392,75.6321438322743,174.51817349111,,,35VLG,S2A_MSIL2A_20241104T094151_R036_T35VLG_20241104T105348
S2_FI_00018727,893,2024-11-04,1.0,56.429392,75.6321438322743,174.51817349111,,,35VLG,S2A_MSIL2A_20241104T094151_R036_T35VLG_20241104T105348
S2_FI_00018728,893,2024-11-04,1.0,56.429392,75.6321438322743,174.51817349111,,,35VLG,S2A_MSIL2A_20241104T094151_R036_T35VLG_20241104T105348
S2_FI_00018729,893,2024-11-04,1.0,56.429392,75.6321438322743,174.51817349111,,,35VLG,S2A_MSIL2A_20241104T094151_R036_T35VLG_20241104T105348
S2_FI_00018730,893,2024-11-04,1.0,56.429392,75.6321438322743,174.51817349111,,,35VLG,S2A_MSIL2A_20241104T094151_R036_T35VLG_20241104T105348
S2_FI_00018731,893,2024-11-04,1.0,56.429392,75.6321438322743,174.51817349111,,,35VLG,S2A_MSIL2A_20241104T094151_R036_T35VLG_20241104T105348
S2_FI_00018732,893,2024-11-19,0.0,38.870567,79.68330888724,174.275215045686,,,35VLG,S2B_MSIL2A_20241119T094209_R036_T35VLG_20241119T111954
S2_FI_00018733,893,2024-11-19,0.0,38.870567,79.68330888724,174.275215045686,,,35VLG,S2B_MSIL2A_20241119T094209_R036_T35VLG_20241119T111954
S2_FI_00018734,893,2024-11-19,0.0,38.870567,79.68330888724,174.275215045686,,,35VLG,S2B_MSIL2A_20241119T094209_R036_T35VLG_20241119T111954
S2_FI_00018735,893,2024-11-19,0.0,38.870567,79.68330888724,174.275215045686,,,35VLG,S2B_MSIL2A_20241119T094209_R036_T35VLG_20241119T111954
S2_FI_00018736,893,2024-11-19,0.0,38.870567,79.68330888724,174.275215045686,,,35VLG,S2B_MSIL2A_20241119T094209_R036_T35VLG_20241119T111954
S2_FI_00018737,893,2024-11-19,0.0,38.870567,79.68330888724,174.275215045686,,,35VLG,S2B_MSIL2A_20241119T094209_R036_T35VLG_20241119T111954
S2_FI_00018738,893,2024-11-29,4.0,97.223538,81.6929262975441,173.69603640498,,,35VLG,S2B_MSIL2A_20241129T094249_R036_T35VLG_20241129T105900
S2_FI_00018739,893,2024-11-29,4.0,97.223538,81.6929262975441,173.69603640498,,,35VLG,S2B_MSIL2A_20241129T094249_R036_T35VLG_20241129T105900
S2_FI_00018740,893,2024-11-29,4.0,97.223538,81.6929262975441,173.69603640498,,,35VLG,S2B_MSIL2A_20241129T094249_R036_T35VLG_20241129T105900
S2_FI_00018741,893,2024-11-29,4.0,97.223538,81.6929262975441,173.69603640498,,,35VLG,S2B_MSIL2A_20241129T094249_R036_T35VLG_20241129T105900
S2_FI_00018742,893,2024-11-29,4.0,97.223538,81.6929262975441,173.69603640498,,,35VLG,S2B_MSIL2A_20241129T094249_R036_T35VLG_20241129T105900
S2_FI_00018743,893,2024-11-29,4.0,97.223538,81.6929262975441,173.69603640498,,,35VLG,S2B_MSIL2A_20241129T094249_R036_T35VLG_20241129T105900
S2_FI_00018744,893,2024-12-19,2.0,99.979246,83.6636882354498,171.765471908655,,,35VLG,S2B_MSIL2A_20241219T094329_R036_T35VLG_20241219T111250
S2_FI_00018745,893,2024-12-19,2.0,99.979246,83.6636882354498,171.765471908655,,,35VLG,S2B_MSIL2A_20241219T094329_R036_T35VLG_20241219T111250
S2_FI_00018746,893,2024-12-19,2.0,99.979246,83.6636882354498,171.765471908655,,,35VLG,S2B_MSIL2A_20241219T094329_R036_T35VLG_20241219T111250
S2_FI_00018747,893,2024-12-19,2.0,99.979246,83.6636882354498,171.765471908655,,,35VLG,S2B_MSIL2A_20241219T094329_R036_T35VLG_20241219T111250
S2_FI_00018748,893,2024-12-19,2.0,99.979246,83.6636882354498,171.765471908655,,,35VLG,S2B_MSIL2A_20241219T094329_R036_T35VLG_20241219T111250
S2_FI_00018749,893,2024-12-19,2.0,99.979246,83.6636882354498,171.765471908655,,,35VLG,S2B_MSIL2A_20241219T094329_R036_T35VLG_20241219T111250
S2_FI_00019350,96933,2024-10-14,1.0,99.688309,71.0466452757793,178.846067506722,,,34VEQ,S2A_MSIL2A_20241014T101021_R022_T34VEQ_20241014T122144
S2_FI_00019351,96933,2024-10-14,1.0,99.688309,71.0466452757793,178.846067506722,,,34VEQ,S2A_MSIL2A_20241014T101021_R022_T34VEQ_20241014T122144
S2_FI_00019352,96933,2024-10-14,1.0,99.688309,71.0466452757793,178.846067506722,,,34VEQ,S2A_MSIL2A_20241014T101021_R022_T34VEQ_20241014T122144
S2_FI_00019353,96933,2024-10-14,1.0,99.688309,71.0466452757793,178.846067506722,,,34VEQ,S2A_MSIL2A_20241014T101021_R022_T34VEQ_20241014T122144
S2_FI_00019354,96933,2024-10-14,1.0,99.688309,71.0466452757793,178.846067506722,,,34VEQ,S2A_MSIL2A_20241014T101021_R022_T34VEQ_20241014T122144
S2_FI_00019355,96933,2024-10-14,1.0,99.688309,71.0466452757793,178.846067506722,,,34VEQ,S2A_MSIL2A_20241014T101021_R022_T34VEQ_20241014T122144
S2_FI_00019356,96933,2024-11-05,0.0,71.759546,78.5581346686022,177.021255991343,,,34VEQ,S2B_MSIL2A_20241105T100109_R122_T34VEQ_20241105T111000
S2_FI_00019357,96933,2024-11-05,0.0,71.759546,78.5581346686022,177.021255991343,,,34VEQ,S2B_MSIL2A_20241105T100109_R122_T34VEQ_20241105T111000
S2_FI_00019358,96933,2024-11-05,0.0,71.759546,78.5581346686022,177.021255991343,,,34VEQ,S2B_MSIL2A_20241105T100109_R122_T34VEQ_20241105T111000
S2_FI_00019359,96933,2024-11-05,0.0,71.759546,78.5581346686022,177.021255991343,,,34VEQ,S2B_MSIL2A_20241105T100109_R122_T34VEQ_20241105T111000
S2_FI_00019360,96933,2024-11-05,0.0,71.759546,78.5581346686022,177.021255991343,,,34VEQ,S2B_MSIL2A_20241105T100109_R122_T34VEQ_20241105T111000
S2_FI_00019361,96933,2024-11-05,0.0,71.759546,78.5581346686022,177.021255991343,,,34VEQ,S2B_MSIL2A_20241105T100109_R122_T34VEQ_20241105T111000
S2_FI_00019362,96933,,,,,,,,,
S2_FI_00019363,96933,,,,,,,,,
S2_FI_00019364,96933,,,,,,,,,
S2_FI_00019365,96933,,,,,,,,,
S2_FI_00019366,96933,,,,,,,,,
S2_FI_00019367,96933,,,,,,,,,
