sample_id,station_id,lake_id,sample_date,lat,lon,chl_a,tn,tp,turbidity,conductivity
FI_00000144,10937,Nuijamaanjärvi,2023-01-10,60.95454402242739,28.56703697930222,,520.0,16.0,1.6,15.0
FI_00000145,10937,Nuijamaanjärvi,2023-01-10,60.95454402242739,28.56703697930222,,520.0,16.0,1.6,15.0
FI_00000146,10937,Nuijamaanjärvi,2023-01-10,60.95454402242739,28.56703697930222,,520.0,16.0,1.6,15.0
FI_00000147,10937,Nuijamaanjärvi,2023-01-10,60.95454402242739,28.56703697930222,,520.0,16.0,1.6,15.0
FI_00000148,10937,Nuijamaanjärvi,2023-01-10,60.95454402242739,28.56703697930222,,520.0,16.0,1.6,15.0
FI_00000149,10937,Nuijamaanjärvi,2023-01-10,60.95454402242739,28.56703697930222,,520.0,16.0,1.6,15.0
FI_00000150,10937,Nuijamaanjärvi,2023-02-07,60.95454402242739,28.56703697930222,,540.0,15.5,2.065,15.0
FI_00000151,10937,Nuijamaanjärvi,2023-02-07,60.95454402242739,28.56703697930222,,540.0,15.5,2.065,15.0
FI_00000152,10937,Nuijamaanjärvi,2023-02-07,60.95454402242739,28.56703697930222,,540.0,15.5,2.065,15.0
FI_00000153,10937,Nuijamaanjärvi,2023-02-07,60.95454402242739,28.56703697930222,,540.0,15.5,2.065,15.0
FI_00000154,10937,Nuijamaanjärvi,2023-02-07,60.95454402242739,28.56703697930222,,540.0,15.5,2.065,15.0
FI_00000155,10937,Nuijamaanjärvi,2023-02-07,60.95454402242739,28.56703697930222,,540.0,15.5,2.065,15.0
FI_00000156,10937,Nuijamaanjärvi,2023-03-01,60.95454402242739,28.56703697930222,,540.0,15.0,1.505,15.0
FI_00000157,10937,Nuijamaanjärvi,2023-03-01,60.95454402242739,28.56703697930222,,540.0,15.0,1.505,15.0
FI_00000158,10937,Nuijamaanjärvi,2023-03-01,60.95454402242739,28.56703697930222,,540.0,15.0,1.505,15.0
FI_00000159,10937,Nuijamaanjärvi,2023-03-01,60.95454402242739,28.56703697930222,,540.0,15.0,1.505,15.0
FI_00000160,10937,Nuijamaanjärvi,2023-03-01,60.95454402242739,28.56703697930222,,540.0,15.0,1.505,15.0
FI_00000161,10937,Nuijamaanjärvi,2023-03-01,60.95454402242739,28.56703697930222,,540.0,15.0,1.505,15.0
FI_00000162,10937,Nuijamaanjärvi,2023-04-04,60.95454402242739,28.56703697930222,3.7000000000000006,640.0,19.5,0.8400000000000002,15.5
FI_00000163,10937,Nuijamaanjärvi,2023-04-04,60.95454402242739,28.56703697930222,3.7000000000000006,640.0,19.5,0.8400000000000002,15.5
FI_00000164,10937,Nuijamaanjärvi,2023-04-04,60.95454402242739,28.56703697930222,3.7000000000000006,640.0,19.5,0.8400000000000002,15.5
FI_00000165,10937,Nuijamaanjärvi,2023-04-04,60.95454402242739,28.56703697930222,3.7000000000000006,640.0,19.5,0.8400000000000002,15.5
FI_00000166,10937,Nuijamaanjärvi,2023-04-04,60.95454402242739,28.56703697930222,3.7000000000000006,640.0,19.5,0.8400000000000002,15.5
FI_00000167,10937,Nuijamaanjärvi,2023-04-04,60.95454402242739,28.56703697930222,3.7000000000000006,640.0,19.5,0.8400000000000002,15.5
FI_00000168,10937,Nuijamaanjärvi,2023-05-16,60.95454402242739,28.56703697930222,9.5,550.0,18.0,2.75,12.0
FI_00000169,10937,Nuijamaanjärvi,2023-05-16,60.95454402242739,28.56703697930222,9.5,550.0,18.0,2.75,12.0
FI_00000170,10937,Nuijamaanjärvi,2023-05-16,60.95454402242739,28.56703697930222,9.5,550.0,18.0,2.75,12.0
FI_00000171,10937,Nuijamaanjärvi,2023-05-16,60.95454402242739,28.56703697930222,9.5,550.0,18.0,2.75,12.0
FI_00000172,10937,Nuijamaanjärvi,2023-05-16,60.95454402242739,28.56703697930222,9.5,550.0,18.0,2.75,12.0
FI_00000173,10937,Nuijamaanjärvi,2023-05-16,60.95454402242739,28.56703697930222,9.5,550.0,18.0,2.75,12.0
FI_00000174,10937,Nuijamaanjärvi,2023-06-07,60.95454402242739,28.56703697930222,6.5,585.0,14.5,2.65,12.5
FI_00000175,10937,Nuijamaanjärvi,2023-06-07,60.95454402242739,28.56703697930222,6.5,585.0,14.5,2.65,12.5
FI_00000176,10937,Nuijamaanjärvi,2023-06-07,60.95454402242739,28.56703697930222,6.5,585.0,14.5,2.65,12.5
FI_00000177,10937,Nuijamaanjärvi,2023-06-07,60.95454402242739,28.56703697930222,6.5,585.0,14.5,2.65,12.5
FI_00000178,10937,Nuijamaanjärvi,2023-06-07,60.95454402242739,28.56703697930222,6.5,585.0,14.5,2.65,12.5
FI_00000179,10937,Nuijamaanjärvi,2023-06-07,60.95454402242739,28.56703697930222,6.5,585.0,14.5,2.65,12.5
FI_00000180,10937,Nuijamaanjärvi,2023-07-04,60.95454402242739,28.56703697930222,3.4,500.0,17.0,3.4500000000000006,13.0
FI_00000181,10937,Nuijamaanjärvi,2023-07-04,60.95454402242739,28.56703697930222,3.4,500.0,17.0,3.4500000000000006,13.0
FI_00000182,10937,Nuijamaanjärvi,2023-07-04,60.95454402242739,28.56703697930222,3.4,500.0,17.0,3.4500000000000006,13.0
FI_00000183,10937,Nuijamaanjärvi,2023-07-04,60.95454402242739,28.56703697930222,3.4,500.0,17.0,3.4500000000000006,13.0
FI_00000184,10937,Nuijamaanjärvi,2023-07-04,60.95454402242739,28.56703697930222,3.4,500.0,17.0,3.4500000000000006,13.0
FI_00000185,10937,Nuijamaanjärvi,2023-07-04,60.95454402242739,28.56703697930222,3.4,500.0,17.0,3.4500000000000006,13.0
FI_00000186,10937,Nuijamaanjärvi,2023-08-01,60.95454402242739,28.56703697930222,5.7,500.0,30.0,6.7,13.5
FI_00000187,10937,Nuijamaanjärvi,2023-08-01,60.95454402242739,28.56703697930222,5.7,500.0,30.0,6.7,13.5
FI_00000188,10937,Nuijamaanjärvi,2023-08-01,60.95454402242739,28.56703697930222,5.7,500.0,30.0,6.7,13.5
FI_00000189,10937,Nuijamaanjärvi,2023-08-01,60.95454402242739,28.56703697930222,5.7,500.0,30.0,6.7,13.5
FI_00000190,10937,Nuijamaanjärvi,2023-08-01,60.95454402242739,28.56703697930222,5.7,500.0,30.0,6.7,13.5
FI_00000191,10937,Nuijamaanjärvi,2023-08-01,60.95454402242739,28.56703697930222,5.7,500.0,30.0,6.7,13.5
FI_00000192,10937,Nuijamaanjärvi,2023-09-05,60.95454402242739,28.56703697930222,6.400000000000001,295.0,48.0,4.85,14.0
FI_00000193,10937,Nuijamaanjärvi,2023-09-05,60.95454402242739,28.56703697930222,6.400000000000001,295.0,48.0,4.85,14.0
FI_00000194,10937,Nuijamaanjärvi,2023-09-05,60.95454402242739,28.56703697930222,6.400000000000001,295.0,48.0,4.85,14.0
FI_00000195,10937,Nuijamaanjärvi,2023-09-05,60.95454402242739,28.56703697930222,6.400000000000001,295.0,48.0,4.85,14.0
FI_00000196,10937,Nuijamaanjärvi,2023-09-05,60.95454402242739,28.56703697930222,6.400000000000001,295.0,48.0,4.85,14.0
FI_00000197,10937,Nuijamaanjärvi,2023-09-05,60.95454402242739,28.56703697930222,6.400000000000001,295.0,48.0,4.85,14.0
FI_00000198,10937,Nuijamaanjärvi,2023-10-03,60.95454402242739,28.56703697930222,6.5,355.0,17.0,2.4,14.0
FI_00000199,10937,Nuijamaanjärvi,2023-10-03,60.95454402242739,28.56703697930222,6.5,355.0,17.0,2.4,14.0
FI_00000200,10937,Nuijamaanjärvi,2023-10-03,60.95454402242739,28.56703697930222,6.5,355.0,17.0,2.4,14.0
FI_00000201,10937,Nuijamaanjärvi,2023-10-03,60.95454402242739,28.56703697930222,6.5,355.0,17.0,2.4,14.0
FI_00000202,10937,Nuijamaanjärvi,2023-10-03,60.95454402242739,28.56703697930222,6.5,355.0,17.0,2.4,14.0
FI_00000203,10937,Nuijamaanjärvi,2023-10-03,60.95454402242739,28.56703697930222,6.5,355.0,17.0,2.4,14.0
FI_00000204,10937,Nuijamaanjärvi,2023-11-01,60.95454402242739,28.56703697930222,,440.0,17.0,2.7999999999999994,14.0
FI_00000205,10937,Nuijamaanjärvi,2023-11-01,60.95454402242739,28.56703697930222,,440.0,17.0,2.7999999999999994,14.0
FI_00000206,10937,Nuijamaanjärvi,2023-11-01,60.95454402242739,28.56703697930222,,440.0,17.0,2.7999999999999994,14.0
FI_00000207,10937,Nuijamaanjärvi,2023-11-01,60.95454402242739,28.56703697930222,,440.0,17.0,2.7999999999999994,14.0
FI_00000208,10937,Nuijamaanjärvi,2023-11-01,60.95454402242739,28.56703697930222,,440.0,17.0,2.7999999999999994,14.0
FI_00000209,10937,Nuijamaanjärvi,2023-11-01,60.95454402242739,28.56703697930222,,440.0,17.0,2.7999999999999994,14.0
FI_00000210,10937,Nuijamaanjärvi,2023-12-12,60.95454402242739,28.56703697930222,,550.0,18.5,2.9,14.0
FI_00000211,10937,Nuijamaanjärvi,2023-12-12,60.95454402242739,28.56703697930222,,550.0,18.5,2.9,14.0
FI_00000212,10937,Nuijamaanjärvi,2023-12-12,60.95454402242739,28.56703697930222,,550.0,18.5,2.9,14.0
FI_00000213,10937,Nuijamaanjärvi,2023-12-12,60.95454402242739,28.56703697930222,,550.0,18.5,2.9,14.0
FI_00000214,10937,Nuijamaanjärvi,2023-12-12,60.95454402242739,28.56703697930222,,550.0,18.5,2.9,14.0
FI_00000215,10937,Nuijamaanjärvi,2023-12-12,60.95454402242739,28.56703697930222,,550.0,18.5,2.9,14.0
FI_00000216,10937,Nuijamaanjärvi,2024-01-10,60.95454402242739,28.56703697930222,,605.0,18.0,2.4,17.0
FI_00000217,10937,Nuijamaanjärvi,2024-01-10,60.95454402242739,28.56703697930222,,605.0,18.0,2.4,17.0
FI_00000218,10937,Nuijamaanjärvi,2024-01-10,60.95454402242739,28.56703697930222,,605.0,18.0,2.4,17.0
FI_00000219,10937,Nuijamaanjärvi,2024-01-10,60.95454402242739,28.56703697930222,,605.0,18.0,2.4,17.0
FI_00000220,10937,Nuijamaanjärvi,2024-01-10,60.95454402242739,28.56703697930222,,605.0,18.0,2.4,17.0
FI_00000221,10937,Nuijamaanjärvi,2024-01-10,60.95454402242739,28.56703697930222,,605.0,18.0,2.4,17.0
FI_00000222,10937,Nuijamaanjärvi,2024-02-06,60.95454402242739,28.56703697930222,,605.0,17.0,1.9,18.0
FI_00000223,10937,Nuijamaanjärvi,2024-02-06,60.95454402242739,28.56703697930222,,605.0,17.0,1.9,18.0
FI_00000224,10937,Nuijamaanjärvi,2024-02-06,60.95454402242739,28.56703697930222,,605.0,17.0,1.9,18.0
FI_00000225,10937,Nuijamaanjärvi,2024-02-06,60.95454402242739,28.56703697930222,,605.0,17.0,1.9,18.0
FI_00000226,10937,Nuijamaanjärvi,2024-02-06,60.95454402242739,28.56703697930222,,605.0,17.0,1.9,18.0
FI_00000227,10937,Nuijamaanjärvi,2024-02-06,60.95454402242739,28.56703697930222,,605.0,17.0,1.9,18.0
FI_00000228,10937,Nuijamaanjärvi,2024-03-05,60.95454402242739,28.56703697930222,,605.0,21.5,2.25,18.5
FI_00000229,10937,Nuijamaanjärvi,2024-03-05,60.95454402242739,28.56703697930222,,605.0,21.5,2.25,18.5
FI_00000230,10937,Nuijamaanjärvi,2024-03-05,60.95454402242739,28.56703697930222,,605.0,21.5,2.25,18.5
FI_00000231,10937,Nuijamaanjärvi,2024-03-05,60.95454402242739,28.56703697930222,,605.0,21.5,2.25,18.5
FI_00000232,10937,Nuijamaanjärvi,2024-03-05,60.95454402242739,28.56703697930222,,605.0,21.5,2.25,18.5
FI_00000233,10937,Nuijamaanjärvi,2024-03-05,60.95454402242739,28.56703697930222,,605.0,21.5,2.25,18.5
FI_00000234,10937,Nuijamaanjärvi,2024-04-02,60.95454402242739,28.56703697930222,11.0,605.0,24.0,3.0,16.0
FI_00000235,10937,Nuijamaanjärvi,2024-04-02,60.95454402242739,28.56703697930222,11.0,605.0,24.0,3.0,16.0
FI_00000236,10937,Nuijamaanjärvi,2024-04-02,60.95454402242739,28.56703697930222,11.0,605.0,24.0,3.0,16.0
FI_00000237,10937,Nuijamaanjärvi,2024-04-02,60.95454402242739,28.56703697930222,11.0,605.0,24.0,3.0,16.0
FI_00000238,10937,Nuijamaanjärvi,2024-04-02,60.95454402242739,28.56703697930222,11.0,605.0,24.0,3.0,16.0
FI_00000239,10937,Nuijamaanjärvi,2024-04-02,60.95454402242739,28.56703697930222,11.0,605.0,24.0,3.0,16.0
FI_00000240,10937,Nuijamaanjärvi,2024-05-07,60.95454402242739,28.56703697930222,4.2,635.0,21.5,4.1000000000000005,13.0
FI_00000241,10937,Nuijamaanjärvi,2024-05-07,60.95454402242739,28.56703697930222,4.2,635.0,21.5,4.1000000000000005,13.0
FI_00000242,10937,Nuijamaanjärvi,2024-05-07,60.95454402242739,28.56703697930222,4.2,635.0,21.5,4.1000000000000005,13.0
FI_00000243,10937,Nuijamaanjärvi,2024-05-07,60.95454402242739,28.56703697930222,4.2,635.0,21.5,4.1000000000000005,13.0
FI_00000244,10937,Nuijamaanjärvi,2024-05-07,60.95454402242739,28.56703697930222,4.2,635.0,21.5,4.1000000000000005,13.0
FI_00000245,10937,Nuijamaanjärvi,2024-05-07,60.95454402242739,28.56703697930222,4.2,635.0,21.5,4.1000000000000005,13.0
FI_00000246,10937,Nuijamaanjärvi,2024-06-04,60.95454402242739,28.56703697930222,2.9,625.0,16.0,3.1,13.5
FI_00000247,10937,Nuijamaanjärvi,2024-06-04,60.95454402242739,28.56703697930222,2.9,625.0,16.0,3.1,13.5
FI_00000248,10937,Nuijamaanjärvi,2024-06-04,60.95454402242739,28.56703697930222,2.9,625.0,16.0,3.1,13.5
FI_00000249,10937,Nuijamaanjärvi,2024-06-04,60.95454402242739,28.56703697930222,2.9,625.0,16.0,3.1,13.5
FI_00000250,10937,Nuijamaanjärvi,2024-06-04,60.95454402242739,28.56703697930222,2.9,625.0,16.0,3.1,13.5
FI_00000251,10937,Nuijamaanjärvi,2024-06-04,60.95454402242739,28.56703697930222,2.9,625.0,16.0,3.1,13.5
FI_00000252,10937,Nuijamaanjärvi,2024-07-02,60.95454402242739,28.56703697930222,8.1,575.0,18.5,3.35,14.5
FI_00000253,10937,Nuijamaanjärvi,2024-07-02,60.95454402242739,28.56703697930222,8.1,575.0,18.5,3.35,14.5
FI_00000254,10937,Nuijamaanjärvi,2024-07-02,60.95454402242739,28.56703697930222,8.1,575.0,18.5,3.35,14.5
FI_00000255,10937,Nuijamaanjärvi,2024-07-02,60.95454402242739,28.56703697930222,8.1,575.0,18.5,3.35,14.5
FI_00000256,10937,Nuijamaanjärvi,2024-07-02,60.95454402242739,28.56703697930222,8.1,575.0,18.5,3.35,14.5
FI_00000257,10937,Nuijamaanjärvi,2024-07-02,60.95454402242739,28.56703697930222,8.1,575.0,18.5,3.35,14.5
FI_00000258,10937,Nuijamaanjärvi,2024-08-06,60.95454402242739,28.56703697930222,6.5,505.0,26.0,8.450000000000001,14.5
FI_00000259,10937,Nuijamaanjärvi,2024-08-06,60.95454402242739,28.56703697930222,6.5,505.0,26.0,8.450000000000001,14.5
FI_00000260,10937,Nuijamaanjärvi,2024-08-06,60.95454402242739,28.56703697930222,6.5,505.0,26.0,8.450000000000001,14.5
FI_00000261,10937,Nuijamaanjärvi,2024-08-06,60.95454402242739,28.56703697930222,6.5,505.0,26.0,8.450000000000001,14.5
FI_00000262,10937,Nuijamaanjärvi,2024-08-06,60.95454402242739,28.56703697930222,6.5,505.0,26.0,8.450000000000001,14.5
FI_00000263,10937,Nuijamaanjärvi,2024-08-06,60.95454402242739,28.56703697930222,6.5,505.0,26.0,8.450000000000001,14.5
FI_00000264,10937,Nuijamaanjärvi,2024-09-03,60.95454402242739,28.56703697930222,6.099999999999999,530.0,76.5,7.95,15.0
FI_00000265,10937,Nuijamaanjärvi,2024-09-03,60.95454402242739,28.56703697930222,6.099999999999999,530.0,76.5,7.95,15.0
FI_00000266,10937,Nuijamaanjärvi,2024-09-03,60.95454402242739,28.56703697930222,6.099999999999999,530.0,76.5,7.95,15.0
FI_00000267,10937,Nuijamaanjärvi,2024-09-03,60.95454402242739,28.56703697930222,6.099999999999999,530.0,76.5,7.95,15.0
FI_00000268,10937,Nuijamaanjärvi,2024-09-03,60.95454402242739,28.56703697930222,6.099999999999999,530.0,76.5,7.95,15.0
FI_00000269,10937,Nuijamaanjärvi,2024-09-03,60.95454402242739,28.56703697930222,6.099999999999999,530.0,76.5,7.95,15.0
FI_00000270,10937,Nuijamaanjärvi,2024-10-01,60.95454402242739,28.56703697930222,6.2,390.0,19.5,3.75,15.0
FI_00000271,10937,Nuijamaanjärvi,2024-10-01,60.95454402242739,28.56703697930222,6.2,390.0,19.5,3.75,15.0
FI_00000272,10937,Nuijamaanjärvi,2024-10-01,60.95454402242739,28.56703697930222,6.2,390.0,19.5,3.75,15.0
FI_00000273,10937,Nuijamaanjärvi,2024-10-01,60.95454402242739,28.56703697930222,6.2,390.0,19.5,3.75,15.0
FI_00000274,10937,Nuijamaanjärvi,2024-10-01,60.95454402242739,28.56703697930222,6.2,390.0,19.5,3.75,15.0
FI_00000275,10937,Nuijamaanjärvi,2024-10-01,60.95454402242739,28.56703697930222,6.2,390.0,19.5,3.75,15.0
FI_00000276,10937,Nuijamaanjärvi,2024-11-06,60.95454402242739,28.56703697930222,,350.0,14.5,2.65,15.0
FI_00000277,10937,Nuijamaanjärvi,2024-11-06,60.95454402242739,28.56703697930222,,350.0,14.5,2.65,15.0
FI_00000278,10937,Nuijamaanjärvi,2024-11-06,60.95454402242739,28.56703697930222,,350.0,14.5,2.65,15.0
FI_00000279,10937,Nuijamaanjärvi,2024-11-06,60.95454402242739,28.56703697930222,,350.0,14.5,2.65,15.0
FI_00000280,10937,Nuijamaanjärvi,2024-11-06,60.95454402242739,28.56703697930222,,350.0,14.5,2.65,15.0
FI_00000281,10937,Nuijamaanjärvi,2024-11-06,60.95454402242739,28.56703697930222,,350.0,14.5,2.65,15.0
FI_00000282,10937,Nuijamaanjärvi,2024-12-03,60.95454402242739,28.56703697930222,,400.0,12.0,2.15,15.0
FI_00000283,10937,Nuijamaanjärvi,2024-12-03,60.95454402242739,28.56703697930222,,400.0,12.0,2.15,15.0
FI_00000284,10937,Nuijamaanjärvi,2024-12-03,60.95454402242739,28.56703697930222,,400.0,12.0,2.15,15.0
FI_00000285,10937,Nuijamaanjärvi,2024-12-03,60.95454402242739,28.56703697930222,,400.0,12.0,2.15,15.0
FI_00000286,10937,Nuijamaanjärvi,2024-12-03,60.95454402242739,28.56703697930222,,400.0,12.0,2.15,15.0
FI_00000287,10937,Nuijamaanjärvi,2024-12-03,60.95454402242739,28.56703697930222,,400.0,12.0,2.15,15.0
FI_00000756,1340,1340,2023-02-08,60.34327199678209,24.040244014001765,,1300.0,40.0,13.0,7.7
FI_00000757,1340,1340,2023-02-08,60.34327199678209,24.040244014001765,,1300.0,40.0,13.0,7.7
FI_00000758,1340,1340,2023-02-08,60.34327199678209,24.040244014001765,,1300.0,40.0,13.0,7.7
FI_00000759,1340,1340,2023-02-08,60.34327199678209,24.040244014001765,,1300.0,40.0,13.0,7.7
FI_00000760,1340,1340,2023-02-08,60.34327199678209,24.040244014001765,,1300.0,40.0,13.0,7.7
FI_00000761,1340,1340,2023-02-08,60.34327199678209,24.040244014001765,,1300.0,40.0,13.0,7.7
FI_00000762,1340,1340,2023-03-22,60.34327199678209,24.040244014001765,,1600.0,54.0,20.0,8.6
FI_00000763,1340,1340,2023-03-22,60.34327199678209,24.040244014001765,,1600.0,54.0,20.0,8.6
FI_00000764,1340,1340,2023-03-22,60.34327199678209,24.040244014001765,,1600.0,54.0,20.0,8.6
FI_00000765,1340,1340,2023-03-22,60.34327199678209,24.040244014001765,,1600.0,54.0,20.0,8.6
FI_00000766,1340,1340,2023-03-22,60.34327199678209,24.040244014001765,,1600.0,54.0,20.0,8.6
FI_00000767,1340,1340,2023-03-22,60.34327199678209,24.040244014001765,,1600.0,54.0,20.0,8.6
FI_00000768,1340,1340,2023-04-12,60.34327199678209,24.040244014001765,,1300.0,47.0,20.0,7.8
FI_00000769,1340,1340,2023-04-12,60.34327199678209,24.040244014001765,,1300.0,47.0,20.0,7.8
FI_00000770,1340,1340,2023-04-12,60.34327199678209,24.040244014001765,,1300.0,47.0,20.0,7.8
FI_00000771,1340,1340,2023-04-12,60.34327199678209,24.040244014001765,,1300.0,47.0,20.0,7.8
FI_00000772,1340,1340,2023-04-12,60.34327199678209,24.040244014001765,,1300.0,47.0,20.0,7.8
FI_00000773,1340,1340,2023-04-12,60.34327199678209,24.040244014001765,,1300.0,47.0,20.0,7.8
FI_00000774,1340,1340,2023-05-09,60.34327199678209,24.040244014001765,,920.0,43.0,13.0,7.5
FI_00000775,1340,1340,2023-05-09,60.34327199678209,24.040244014001765,,920.0,43.0,13.0,7.5
FI_00000776,1340,1340,2023-05-09,60.34327199678209,24.040244014001765,,920.0,43.0,13.0,7.5
FI_00000777,1340,1340,2023-05-09,60.34327199678209,24.040244014001765,,920.0,43.0,13.0,7.5
FI_00000778,1340,1340,2023-05-09,60.34327199678209,24.040244014001765,,920.0,43.0,13.0,7.5
FI_00000779,1340,1340,2023-05-09,60.34327199678209,24.040244014001765,,920.0,43.0,13.0,7.5
FI_00000780,1340,1340,2023-06-06,60.34327199678209,24.040244014001765,,710.0,40.0,10.0,8.9
FI_00000781,1340,1340,2023-06-06,60.34327199678209,24.040244014001765,,710.0,40.0,10.0,8.9
FI_00000782,1340,1340,2023-06-06,60.34327199678209,24.040244014001765,,710.0,40.0,10.0,8.9
FI_00000783,1340,1340,2023-06-06,60.34327199678209,24.040244014001765,,710.0,40.0,10.0,8.9
FI_00000784,1340,1340,2023-06-06,60.34327199678209,24.040244014001765,,710.0,40.0,10.0,8.9
FI_00000785,1340,1340,2023-06-06,60.34327199678209,24.040244014001765,,710.0,40.0,10.0,8.9
FI_00000786,1340,1340,2023-08-30,60.34327199678209,24.040244014001765,,760.0,67.0,12.0,9.8
FI_00000787,1340,1340,2023-08-30,60.34327199678209,24.040244014001765,,760.0,67.0,12.0,9.8
FI_00000788,1340,1340,2023-08-30,60.34327199678209,24.040244014001765,,760.0,67.0,12.0,9.8
FI_00000789,1340,1340,2023-08-30,60.34327199678209,24.040244014001765,,760.0,67.0,12.0,9.8
FI_00000790,1340,1340,2023-08-30,60.34327199678209,24.040244014001765,,760.0,67.0,12.0,9.8
FI_00000791,1340,1340,2023-08-30,60.34327199678209,24.040244014001765,,760.0,67.0,12.0,9.8
FI_00000792,1340,1340,2023-09-27,60.34327199678209,24.040244014001765,,700.0,54.0,9.6,9.8
FI_00000793,1340,1340,2023-09-27,60.34327199678209,24.040244014001765,,700.0,54.0,9.6,9.8
FI_00000794,1340,1340,2023-09-27,60.34327199678209,24.040244014001765,,700.0,54.0,9.6,9.8
FI_00000795,1340,1340,2023-09-27,60.34327199678209,24.040244014001765,,700.0,54.0,9.6,9.8
FI_00000796,1340,1340,2023-09-27,60.34327199678209,24.040244014001765,,700.0,54.0,9.6,9.8
FI_00000797,1340,1340,2023-09-27,60.34327199678209,24.040244014001765,,700.0,54.0,9.6,9.8
FI_00000798,1340,1340,2023-10-12,60.34327199678209,24.040244014001765,,1800.0,88.0,26.0,11.0
FI_00000799,1340,1340,2023-10-12,60.34327199678209,24.040244014001765,,1800.0,88.0,26.0,11.0
FI_00000800,1340,1340,2023-10-12,60.34327199678209,24.040244014001765,,1800.0,88.0,26.0,11.0
FI_00000801,1340,1340,2023-10-12,60.34327199678209,24.040244014001765,,1800.0,88.0,26.0,11.0
FI_00000802,1340,1340,2023-10-12,60.34327199678209,24.040244014001765,,1800.0,88.0,26.0,11.0
FI_00000803,1340,1340,2023-10-12,60.34327199678209,24.040244014001765,,1800.0,88.0,26.0,11.0
FI_00000804,1340,1340,2023-11-15,60.34327199678209,24.040244014001765,,1600.0,81.0,32.0,9.3
FI_00000805,1340,1340,2023-11-15,60.34327199678209,24.040244014001765,,1600.0,81.0,32.0,9.3
FI_00000806,1340,1340,2023-11-15,60.34327199678209,24.040244014001765,,1600.0,81.0,32.0,9.3
FI_00000807,1340,1340,2023-11-15,60.34327199678209,24.040244014001765,,1600.0,81.0,32.0,9.3
FI_00000808,1340,1340,2023-11-15,60.34327199678209,24.040244014001765,,1600.0,81.0,32.0,9.3
FI_00000809,1340,1340,2023-11-15,60.34327199678209,24.040244014001765,,1600.0,81.0,32.0,9.3
FI_00000810,1340,1340,2023-12-07,60.34327199678209,24.040244014001765,,1400.0,50.0,11.0,9.3
FI_00000811,1340,1340,2023-12-07,60.34327199678209,24.040244014001765,,1400.0,50.0,11.0,9.3
FI_00000812,1340,1340,2023-12-07,60.34327199678209,24.040244014001765,,1400.0,50.0,11.0,9.3
FI_00000813,1340,1340,2023-12-07,60.34327199678209,24.040244014001765,,1400.0,50.0,11.0,9.3
FI_00000814,1340,1340,2023-12-07,60.34327199678209,24.040244014001765,,1400.0,50.0,11.0,9.3
FI_00000815,1340,1340,2023-12-07,60.34327199678209,24.040244014001765,,1400.0,50.0,11.0,9.3
FI_00000816,1340,1340,2024-02-21,60.34327199678209,24.040244014001765,,1400.0,42.0,13.0,10.0
FI_00000817,1340,1340,2024-02-21,60.34327199678209,24.040244014001765,,1400.0,42.0,13.0,10.0
FI_00000818,1340,1340,2024-02-21,60.34327199678209,24.040244014001765,,1400.0,42.0,13.0,10.0
FI_00000819,1340,1340,2024-02-21,60.34327199678209,24.040244014001765,,1400.0,42.0,13.0,10.0
FI_00000820,1340,1340,2024-02-21,60.34327199678209,24.040244014001765,,1400.0,42.0,13.0,10.0
FI_00000821,1340,1340,2024-02-21,60.34327199678209,24.040244014001765,,1400.0,42.0,13.0,10.0
FI_00000822,1340,1340,2024-03-06,60.34327199678209,24.040244014001765,,1600.0,49.0,15.0,9.5
FI_00000823,1340,1340,2024-03-06,60.34327199678209,24.040244014001765,,1600.0,49.0,15.0,9.5
FI_00000824,1340,1340,2024-03-06,60.34327199678209,24.040244014001765,,1600.0,49.0,15.0,9.5
FI_00000825,1340,1340,2024-03-06,60.34327199678209,24.040244014001765,,1600.0,49.0,15.0,9.5
FI_00000826,1340,1340,2024-03-06,60.34327199678209,24.040244014001765,,1600.0,49.0,15.0,9.5
FI_00000827,1340,1340,2024-03-06,60.34327199678209,24.040244014001765,,1600.0,49.0,15.0,9.5
FI_00000828,1340,1340,2024-04-02,60.34327199678209,24.040244014001765,,1500.0,60.0,20.0,8.1
FI_00000829,1340,1340,2024-04-02,60.34327199678209,24.040244014001765,,1500.0,60.0,20.0,8.1
FI_00000830,1340,1340,2024-04-02,60.34327199678209,24.040244014001765,,1500.0,60.0,20.0,8.1
FI_00000831,1340,1340,2024-04-02,60.34327199678209,24.040244014001765,,1500.0,60.0,20.0,8.1
FI_00000832,1340,1340,2024-04-02,60.34327199678209,24.040244014001765,,1500.0,60.0,20.0,8.1
FI_00000833,1340,1340,2024-04-02,60.34327199678209,24.040244014001765,,1500.0,60.0,20.0,8.1
FI_00000834,1340,1340,2024-05-02,60.34327199678209,24.040244014001765,,900.0,44.0,12.0,6.900000000000001
FI_00000835,1340,1340,2024-05-02,60.34327199678209,24.040244014001765,,900.0,44.0,12.0,6.900000000000001
FI_00000836,1340,1340,2024-05-02,60.34327199678209,24.040244014001765,,900.0,44.0,12.0,6.900000000000001
FI_00000837,1340,1340,2024-05-02,60.34327199678209,24.040244014001765,,900.0,44.0,12.0,6.900000000000001
FI_00000838,1340,1340,2024-05-02,60.34327199678209,24.040244014001765,,900.0,44.0,12.0,6.900000000000001
FI_00000839,1340,1340,2024-05-02,60.34327199678209,24.040244014001765,,900.0,44.0,12.0,6.900000000000001
FI_00000840,1340,1340,2024-06-04,60.34327199678209,24.040244014001765,,1600.0,86.0,34.0,9.3
FI_00000841,1340,1340,2024-06-04,60.34327199678209,24.040244014001765,,1600.0,86.0,34.0,9.3
FI_00000842,1340,1340,2024-06-04,60.34327199678209,24.040244014001765,,1600.0,86.0,34.0,9.3
FI_00000843,1340,1340,2024-06-04,60.34327199678209,24.040244014001765,,1600.0,86.0,34.0,9.3
FI_00000844,1340,1340,2024-06-04,60.34327199678209,24.040244014001765,,1600.0,86.0,34.0,9.3
FI_00000845,1340,1340,2024-06-04,60.34327199678209,24.040244014001765,,1600.0,86.0,34.0,9.3
FI_00000846,1340,1340,2024-08-06,60.34327199678209,24.040244014001765,,530.0,50.0,12.0,9.3
FI_00000847,1340,1340,2024-08-06,60.34327199678209,24.040244014001765,,530.0,50.0,12.0,9.3
FI_00000848,1340,1340,2024-08-06,60.34327199678209,24.040244014001765,,530.0,50.0,12.0,9.3
FI_00000849,1340,1340,2024-08-06,60.34327199678209,24.040244014001765,,530.0,50.0,12.0,9.3
FI_00000850,1340,1340,2024-08-06,60.34327199678209,24.040244014001765,,530.0,50.0,12.0,9.3
FI_00000851,1340,1340,2024-08-06,60.34327199678209,24.040244014001765,,530.0,50.0,12.0,9.3
FI_00000852,1340,1340,2024-10-28,60.34327199678209,24.040244014001765,,920.0,46.0,9.5,10.0
FI_00000853,1340,1340,2024-10-28,60.34327199678209,24.040244014001765,,920.0,46.0,9.5,10.0
FI_00000854,1340,1340,2024-10-28,60.34327199678209,24.040244014001765,,920.0,46.0,9.5,10.0
FI_00000855,1340,1340,2024-10-28,60.34327199678209,24.040244014001765,,920.0,46.0,9.5,10.0
FI_00000856,1340,1340,2024-10-28,60.34327199678209,24.040244014001765,,920.0,46.0,9.5,10.0
FI_00000857,1340,1340,2024-10-28,60.34327199678209,24.040244014001765,,920.0,46.0,9.5,10.0
FI_00000858,1340,1340,2024-11-18,60.34327199678209,24.040244014001765,,1200.0,47.0,11.0,11.0
FI_00000859,1340,1340,2024-11-18,60.34327199678209,24.040244014001765,,1200.0,47.0,11.0,11.0
FI_00000860,1340,1340,2024-11-18,60.34327199678209,24.040244014001765,,1200.0,47.0,11.0,11.0
FI_00000861,1340,1340,2024-11-18,60.34327199678209,24.040244014001765,,1200.0,47.0,11.0,11.0
FI_00000862,1340,1340,2024-11-18,60.34327199678209,24.040244014001765,,1200.0,47.0,11.0,11.0
FI_00000863,1340,1340,2024-11-18,60.34327199678209,24.040244014001765,,1200.0,47.0,11.0,11.0
FI_00000864,1340,1340,2024-12-04,60.34327199678209,24.040244014001765,,1800.0,65.0,20.0,10.0
FI_00000865,1340,1340,2024-12-04,60.34327199678209,24.040244014001765,,1800.0,65.0,20.0,10.0
FI_00000866,1340,1340,2024-12-04,60.34327199678209,24.040244014001765,,1800.0,65.0,20.0,10.0
FI_00000867,1340,1340,2024-12-04,60.34327199678209,24.040244014001765,,1800.0,65.0,20.0,10.0
FI_00000868,1340,1340,2024-12-04,60.34327199678209,24.040244014001765,,1800.0,65.0,20.0,10.0
FI_00000869,1340,1340,2024-12-04,60.34327199678209,24.040244014001765,,1800.0,65.0,20.0,10.0
FI_00001032,18170,18170,2023-01-12,63.728776901271246,26.38240528354664,,840.0,59.0,11.0,
FI_00001033,18170,18170,2023-01-12,63.728776901271246,26.38240528354664,,840.0,59.0,11.0,
FI_00001034,18170,18170,2023-01-12,63.728776901271246,26.38240528354664,,840.0,59.0,11.0,
FI_00001035,18170,18170,2023-01-12,63.728776901271246,26.38240528354664,,840.0,59.0,11.0,
FI_00001036,18170,18170,2023-01-12,63.728776901271246,26.38240528354664,,840.0,59.0,11.0,
FI_00001037,18170,18170,2023-01-12,63.728776901271246,26.38240528354664,,840.0,59.0,11.0,
FI_00001038,18170,18170,2023-02-13,63.728776901271246,26.38240528354664,,830.0,51.0,8.9,
FI_00001039,18170,18170,2023-02-13,63.728776901271246,26.38240528354664,,830.0,51.0,8.9,
FI_00001040,18170,18170,2023-02-13,63.728776901271246,26.38240528354664,,830.0,51.0,8.9,
FI_00001041,18170,18170,2023-02-13,63.728776901271246,26.38240528354664,,830.0,51.0,8.9,
FI_00001042,18170,18170,2023-02-13,63.728776901271246,26.38240528354664,,830.0,51.0,8.9,
FI_00001043,18170,18170,2023-02-13,63.728776901271246,26.38240528354664,,830.0,51.0,8.9,
FI_00001044,18170,18170,2023-03-16,63.728776901271246,26.38240528354664,,1100.0,46.0,13.0,9.1
FI_00001045,18170,18170,2023-03-16,63.728776901271246,26.38240528354664,,1100.0,46.0,13.0,9.1
FI_00001046,18170,18170,2023-03-16,63.728776901271246,26.38240528354664,,1100.0,46.0,13.0,9.1
FI_00001047,18170,18170,2023-03-16,63.728776901271246,26.38240528354664,,1100.0,46.0,13.0,9.1
FI_00001048,18170,18170,2023-03-16,63.728776901271246,26.38240528354664,,1100.0,46.0,13.0,9.1
FI_00001049,18170,18170,2023-03-16,63.728776901271246,26.38240528354664,,1100.0,46.0,13.0,9.1
FI_00001050,18170,18170,2023-04-05,63.728776901271246,26.38240528354664,,830.0,67.0,13.0,
FI_00001051,18170,18170,2023-04-05,63.728776901271246,26.38240528354664,,830.0,67.0,13.0,
FI_00001052,18170,18170,2023-04-05,63.728776901271246,26.38240528354664,,830.0,67.0,13.0,
FI_00001053,18170,18170,2023-04-05,63.728776901271246,26.38240528354664,,830.0,67.0,13.0,
FI_00001054,18170,18170,2023-04-05,63.728776901271246,26.38240528354664,,830.0,67.0,13.0,
FI_00001055,18170,18170,2023-04-05,63.728776901271246,26.38240528354664,,830.0,67.0,13.0,
FI_00001056,18170,18170,2023-04-12,63.728776901271246,26.38240528354664,,1500.0,81.0,14.0,
FI_00001057,18170,18170,2023-04-12,63.728776901271246,26.38240528354664,,1500.0,81.0,14.0,
FI_00001058,18170,18170,2023-04-12,63.728776901271246,26.38240528354664,,1500.0,81.0,14.0,
FI_00001059,18170,18170,2023-04-12,63.728776901271246,26.38240528354664,,1500.0,81.0,14.0,
FI_00001060,18170,18170,2023-04-12,63.728776901271246,26.38240528354664,,1500.0,81.0,14.0,
FI_00001061,18170,18170,2023-04-12,63.728776901271246,26.38240528354664,,1500.0,81.0,14.0,
FI_00001062,18170,18170,2023-04-19,63.728776901271246,26.38240528354664,,2500.0,73.0,14.0,
FI_00001063,18170,18170,2023-04-19,63.728776901271246,26.38240528354664,,2500.0,73.0,14.0,
FI_00001064,18170,18170,2023-04-19,63.728776901271246,26.38240528354664,,2500.0,73.0,14.0,
FI_00001065,18170,18170,2023-04-19,63.728776901271246,26.38240528354664,,2500.0,73.0,14.0,
FI_00001066,18170,18170,2023-04-19,63.728776901271246,26.38240528354664,,2500.0,73.0,14.0,
FI_00001067,18170,18170,2023-04-19,63.728776901271246,26.38240528354664,,2500.0,73.0,14.0,
FI_00001068,18170,18170,2023-04-24,63.728776901271246,26.38240528354664,,3200.0,77.0,16.0,
FI_00001069,18170,18170,2023-04-24,63.728776901271246,26.38240528354664,,3200.0,77.0,16.0,
FI_00001070,18170,18170,2023-04-24,63.728776901271246,26.38240528354664,,3200.0,77.0,16.0,
FI_00001071,18170,18170,2023-04-24,63.728776901271246,26.38240528354664,,3200.0,77.0,16.0,
FI_00001072,18170,18170,2023-04-24,63.728776901271246,26.38240528354664,,3200.0,77.0,16.0,
FI_00001073,18170,18170,2023-04-24,63.728776901271246,26.38240528354664,,3200.0,77.0,16.0,
FI_00001074,18170,18170,2023-05-03,63.728776901271246,26.38240528354664,,1700.0,72.0,22.0,
FI_00001075,18170,18170,2023-05-03,63.728776901271246,26.38240528354664,,1700.0,72.0,22.0,
FI_00001076,18170,18170,2023-05-03,63.728776901271246,26.38240528354664,,1700.0,72.0,22.0,
FI_00001077,18170,18170,2023-05-03,63.728776901271246,26.38240528354664,,1700.0,72.0,22.0,
FI_00001078,18170,18170,2023-05-03,63.728776901271246,26.38240528354664,,1700.0,72.0,22.0,
FI_00001079,18170,18170,2023-05-03,63.728776901271246,26.38240528354664,,1700.0,72.0,22.0,
FI_00001080,18170,18170,2023-05-10,63.728776901271246,26.38240528354664,,1200.0,44.0,14.0,
FI_00001081,18170,18170,2023-05-10,63.728776901271246,26.38240528354664,,1200.0,44.0,14.0,
FI_00001082,18170,18170,2023-05-10,63.728776901271246,26.38240528354664,,1200.0,44.0,14.0,
FI_00001083,18170,18170,2023-05-10,63.728776901271246,26.38240528354664,,1200.0,44.0,14.0,
FI_00001084,18170,18170,2023-05-10,63.728776901271246,26.38240528354664,,1200.0,44.0,14.0,
FI_00001085,18170,18170,2023-05-10,63.728776901271246,26.38240528354664,,1200.0,44.0,14.0,
FI_00001086,18170,18170,2023-05-16,63.728776901271246,26.38240528354664,,1000.0,31.0,9.3,3.2999999999999994
FI_00001087,18170,18170,2023-05-16,63.728776901271246,26.38240528354664,,1000.0,31.0,9.3,3.2999999999999994
FI_00001088,18170,18170,2023-05-16,63.728776901271246,26.38240528354664,,1000.0,31.0,9.3,3.2999999999999994
FI_00001089,18170,18170,2023-05-16,63.728776901271246,26.38240528354664,,1000.0,31.0,9.3,3.2999999999999994
FI_00001090,18170,18170,2023-05-16,63.728776901271246,26.38240528354664,,1000.0,31.0,9.3,3.2999999999999994
FI_00001091,18170,18170,2023-05-16,63.728776901271246,26.38240528354664,,1000.0,31.0,9.3,3.2999999999999994
FI_00001092,18170,18170,2023-05-22,63.728776901271246,26.38240528354664,,900.0,51.0,9.0,
FI_00001093,18170,18170,2023-05-22,63.728776901271246,26.38240528354664,,900.0,51.0,9.0,
FI_00001094,18170,18170,2023-05-22,63.728776901271246,26.38240528354664,,900.0,51.0,9.0,
FI_00001095,18170,18170,2023-05-22,63.728776901271246,26.38240528354664,,900.0,51.0,9.0,
FI_00001096,18170,18170,2023-05-22,63.728776901271246,26.38240528354664,,900.0,51.0,9.0,
FI_00001097,18170,18170,2023-05-22,63.728776901271246,26.38240528354664,,900.0,51.0,9.0,
FI_00001098,18170,18170,2023-05-31,63.728776901271246,26.38240528354664,,850.0,52.0,7.3,
FI_00001099,18170,18170,2023-05-31,63.728776901271246,26.38240528354664,,850.0,52.0,7.3,
FI_00001100,18170,18170,2023-05-31,63.728776901271246,26.38240528354664,,850.0,52.0,7.3,
FI_00001101,18170,18170,2023-05-31,63.728776901271246,26.38240528354664,,850.0,52.0,7.3,
FI_00001102,18170,18170,2023-05-31,63.728776901271246,26.38240528354664,,850.0,52.0,7.3,
FI_00001103,18170,18170,2023-05-31,63.728776901271246,26.38240528354664,,850.0,52.0,7.3,
FI_00001104,18170,18170,2023-06-19,63.728776901271246,26.38240528354664,,750.0,70.0,4.9,
FI_00001105,18170,18170,2023-06-19,63.728776901271246,26.38240528354664,,750.0,70.0,4.9,
FI_00001106,18170,18170,2023-06-19,63.728776901271246,26.38240528354664,,750.0,70.0,4.9,
FI_00001107,18170,18170,2023-06-19,63.728776901271246,26.38240528354664,,750.0,70.0,4.9,
FI_00001108,18170,18170,2023-06-19,63.728776901271246,26.38240528354664,,750.0,70.0,4.9,
FI_00001109,18170,18170,2023-06-19,63.728776901271246,26.38240528354664,,750.0,70.0,4.9,
FI_00001110,18170,18170,2023-07-18,63.728776901271246,26.38240528354664,,1000.0,94.0,8.8,
FI_00001111,18170,18170,2023-07-18,63.728776901271246,26.38240528354664,,1000.0,94.0,8.8,
FI_00001112,18170,18170,2023-07-18,63.728776901271246,26.38240528354664,,1000.0,94.0,8.8,
FI_00001113,18170,18170,2023-07-18,63.728776901271246,26.38240528354664,,1000.0,94.0,8.8,
FI_00001114,18170,18170,2023-07-18,63.728776901271246,26.38240528354664,,1000.0,94.0,8.8,
FI_00001115,18170,18170,2023-07-18,63.728776901271246,26.38240528354664,,1000.0,94.0,8.8,
FI_00001116,18170,18170,2023-08-17,63.728776901271246,26.38240528354664,,1100.0,58.5,9.5,6.5
FI_00001117,18170,18170,2023-08-17,63.728776901271246,26.38240528354664,,1100.0,58.5,9.5,6.5
FI_00001118,18170,18170,2023-08-17,63.728776901271246,26.38240528354664,,1100.0,58.5,9.5,6.5
FI_00001119,18170,18170,2023-08-17,63.728776901271246,26.38240528354664,,1100.0,58.5,9.5,6.5
FI_00001120,18170,18170,2023-08-17,63.728776901271246,26.38240528354664,,1100.0,58.5,9.5,6.5
FI_00001121,18170,18170,2023-08-17,63.728776901271246,26.38240528354664,,1100.0,58.5,9.5,6.5
FI_00001122,18170,18170,2023-08-28,63.728776901271246,26.38240528354664,,870.0,91.0,10.0,
FI_00001123,18170,18170,2023-08-28,63.728776901271246,26.38240528354664,,870.0,91.0,10.0,
FI_00001124,18170,18170,2023-08-28,63.728776901271246,26.38240528354664,,870.0,91.0,10.0,
FI_00001125,18170,18170,2023-08-28,63.728776901271246,26.38240528354664,,870.0,91.0,10.0,
FI_00001126,18170,18170,2023-08-28,63.728776901271246,26.38240528354664,,870.0,91.0,10.0,
FI_00001127,18170,18170,2023-08-28,63.728776901271246,26.38240528354664,,870.0,91.0,10.0,
FI_00001128,18170,18170,2023-09-12,63.728776901271246,26.38240528354664,,900.0,78.0,7.3,
FI_00001129,18170,18170,2023-09-12,63.728776901271246,26.38240528354664,,900.0,78.0,7.3,
FI_00001130,18170,18170,2023-09-12,63.728776901271246,26.38240528354664,,900.0,78.0,7.3,
FI_00001131,18170,18170,2023-09-12,63.728776901271246,26.38240528354664,,900.0,78.0,7.3,
FI_00001132,18170,18170,2023-09-12,63.728776901271246,26.38240528354664,,900.0,78.0,7.3,
FI_00001133,18170,18170,2023-09-12,63.728776901271246,26.38240528354664,,900.0,78.0,7.3,
FI_00001134,18170,18170,2023-09-27,63.728776901271246,26.38240528354664,,1100.0,66.0,5.8,
FI_00001135,18170,18170,2023-09-27,63.728776901271246,26.38240528354664,,1100.0,66.0,5.8,
FI_00001136,18170,18170,2023-09-27,63.728776901271246,26.38240528354664,,1100.0,66.0,5.8,
FI_00001137,18170,18170,2023-09-27,63.728776901271246,26.38240528354664,,1100.0,66.0,5.8,
FI_00001138,18170,18170,2023-09-27,63.728776901271246,26.38240528354664,,1100.0,66.0,5.8,
FI_00001139,18170,18170,2023-09-27,63.728776901271246,26.38240528354664,,1100.0,66.0,5.8,
FI_00001140,18170,18170,2023-10-09,63.728776901271246,26.38240528354664,,1200.0,40.0,7.2,4.4
FI_00001141,18170,18170,2023-10-09,63.728776901271246,26.38240528354664,,1200.0,40.0,7.2,4.4
FI_00001142,18170,18170,2023-10-09,63.728776901271246,26.38240528354664,,1200.0,40.0,7.2,4.4
FI_00001143,18170,18170,2023-10-09,63.728776901271246,26.38240528354664,,1200.0,40.0,7.2,4.4
FI_00001144,18170,18170,2023-10-09,63.728776901271246,26.38240528354664,,1200.0,40.0,7.2,4.4
FI_00001145,18170,18170,2023-10-09,63.728776901271246,26.38240528354664,,1200.0,40.0,7.2,4.4
FI_00001146,18170,18170,2023-10-24,63.728776901271246,26.38240528354664,,970.0,48.0,5.599999999999999,
FI_00001147,18170,18170,2023-10-24,63.728776901271246,26.38240528354664,,970.0,48.0,5.599999999999999,
FI_00001148,18170,18170,2023-10-24,63.728776901271246,26.38240528354664,,970.0,48.0,5.599999999999999,
FI_00001149,18170,18170,2023-10-24,63.728776901271246,26.38240528354664,,970.0,48.0,5.599999999999999,
FI_00001150,18170,18170,2023-10-24,63.728776901271246,26.38240528354664,,970.0,48.0,5.599999999999999,
FI_00001151,18170,18170,2023-10-24,63.728776901271246,26.38240528354664,,970.0,48.0,5.599999999999999,
FI_00001152,18170,18170,2023-11-08,63.728776901271246,26.38240528354664,,1500.0,110.0,24.0,
FI_00001153,18170,18170,2023-11-08,63.728776901271246,26.38240528354664,,1500.0,110.0,24.0,
FI_00001154,18170,18170,2023-11-08,63.728776901271246,26.38240528354664,,1500.0,110.0,24.0,
FI_00001155,18170,18170,2023-11-08,63.728776901271246,26.38240528354664,,1500.0,110.0,24.0,
FI_00001156,18170,18170,2023-11-08,63.728776901271246,26.38240528354664,,1500.0,110.0,24.0,
FI_00001157,18170,18170,2023-11-08,63.728776901271246,26.38240528354664,,1500.0,110.0,24.0,
FI_00001158,18170,18170,2023-11-22,63.728776901271246,26.38240528354664,,870.0,37.5,6.900000000000001,5.7
FI_00001159,18170,18170,2023-11-22,63.728776901271246,26.38240528354664,,870.0,37.5,6.900000000000001,5.7
FI_00001160,18170,18170,2023-11-22,63.728776901271246,26.38240528354664,,870.0,37.5,6.900000000000001,5.7
FI_00001161,18170,18170,2023-11-22,63.728776901271246,26.38240528354664,,870.0,37.5,6.900000000000001,5.7
FI_00001162,18170,18170,2023-11-22,63.728776901271246,26.38240528354664,,870.0,37.5,6.900000000000001,5.7
FI_00001163,18170,18170,2023-11-22,63.728776901271246,26.38240528354664,,870.0,37.5,6.900000000000001,5.7
FI_00001164,18170,18170,2023-12-13,63.728776901271246,26.38240528354664,,780.0,54.0,8.9,
FI_00001165,18170,18170,2023-12-13,63.728776901271246,26.38240528354664,,780.0,54.0,8.9,
FI_00001166,18170,18170,2023-12-13,63.728776901271246,26.38240528354664,,780.0,54.0,8.9,
FI_00001167,18170,18170,2023-12-13,63.728776901271246,26.38240528354664,,780.0,54.0,8.9,
FI_00001168,18170,18170,2023-12-13,63.728776901271246,26.38240528354664,,780.0,54.0,8.9,
FI_00001169,18170,18170,2023-12-13,63.728776901271246,26.38240528354664,,780.0,54.0,8.9,
FI_00001170,18170,18170,2024-01-08,63.728776901271246,26.38240528354664,,840.0,71.0,11.0,
FI_00001171,18170,18170,2024-01-08,63.728776901271246,26.38240528354664,,840.0,71.0,11.0,
FI_00001172,18170,18170,2024-01-08,63.728776901271246,26.38240528354664,,840.0,71.0,11.0,
FI_00001173,18170,18170,2024-01-08,63.728776901271246,26.38240528354664,,840.0,71.0,11.0,
FI_00001174,18170,18170,2024-01-08,63.728776901271246,26.38240528354664,,840.0,71.0,11.0,
FI_00001175,18170,18170,2024-01-08,63.728776901271246,26.38240528354664,,840.0,71.0,11.0,
FI_00001176,18170,18170,2024-02-14,63.728776901271246,26.38240528354664,,1100.0,90.0,15.0,
FI_00001177,18170,18170,2024-02-14,63.728776901271246,26.38240528354664,,1100.0,90.0,15.0,
FI_00001178,18170,18170,2024-02-14,63.728776901271246,26.38240528354664,,1100.0,90.0,15.0,
FI_00001179,18170,18170,2024-02-14,63.728776901271246,26.38240528354664,,1100.0,90.0,15.0,
FI_00001180,18170,18170,2024-02-14,63.728776901271246,26.38240528354664,,1100.0,90.0,15.0,
FI_00001181,18170,18170,2024-02-14,63.728776901271246,26.38240528354664,,1100.0,90.0,15.0,
FI_00001182,18170,18170,2024-03-11,63.728776901271246,26.38240528354664,,940.0,49.0,15.0,8.9
FI_00001183,18170,18170,2024-03-11,63.728776901271246,26.38240528354664,,940.0,49.0,15.0,8.9
FI_00001184,18170,18170,2024-03-11,63.728776901271246,26.38240528354664,,940.0,49.0,15.0,8.9
FI_00001185,18170,18170,2024-03-11,63.728776901271246,26.38240528354664,,940.0,49.0,15.0,8.9
FI_00001186,18170,18170,2024-03-11,63.728776901271246,26.38240528354664,,940.0,49.0,15.0,8.9
FI_00001187,18170,18170,2024-03-11,63.728776901271246,26.38240528354664,,940.0,49.0,15.0,8.9
FI_00001188,18170,18170,2024-04-02,63.728776901271246,26.38240528354664,,3000.0,100.0,22.0,
FI_00001189,18170,18170,2024-04-02,63.728776901271246,26.38240528354664,,3000.0,100.0,22.0,
FI_00001190,18170,18170,2024-04-02,63.728776901271246,26.38240528354664,,3000.0,100.0,22.0,
FI_00001191,18170,18170,2024-04-02,63.728776901271246,26.38240528354664,,3000.0,100.0,22.0,
FI_00001192,18170,18170,2024-04-02,63.728776901271246,26.38240528354664,,3000.0,100.0,22.0,
FI_00001193,18170,18170,2024-04-02,63.728776901271246,26.38240528354664,,3000.0,100.0,22.0,
FI_00001194,18170,18170,2024-04-09,63.728776901271246,26.38240528354664,,3300.0,93.0,12.0,
FI_00001195,18170,18170,2024-04-09,63.728776901271246,26.38240528354664,,3300.0,93.0,12.0,
FI_00001196,18170,18170,2024-04-09,63.728776901271246,26.38240528354664,,3300.0,93.0,12.0,
FI_00001197,18170,18170,2024-04-09,63.728776901271246,26.38240528354664,,3300.0,93.0,12.0,
FI_00001198,18170,18170,2024-04-09,63.728776901271246,26.38240528354664,,3300.0,93.0,12.0,
FI_00001199,18170,18170,2024-04-09,63.728776901271246,26.38240528354664,,3300.0,93.0,12.0,
FI_00001200,18170,18170,2024-04-17,63.728776901271246,26.38240528354664,,1900.0,75.0,18.0,
FI_00001201,18170,18170,2024-04-17,63.728776901271246,26.38240528354664,,1900.0,75.0,18.0,
FI_00001202,18170,18170,2024-04-17,63.728776901271246,26.38240528354664,,1900.0,75.0,18.0,
FI_00001203,18170,18170,2024-04-17,63.728776901271246,26.38240528354664,,1900.0,75.0,18.0,
FI_00001204,18170,18170,2024-04-17,63.728776901271246,26.38240528354664,,1900.0,75.0,18.0,
FI_00001205,18170,18170,2024-04-17,63.728776901271246,26.38240528354664,,1900.0,75.0,18.0,
FI_00001206,18170,18170,2024-04-22,63.728776901271246,26.38240528354664,,1500.0,43.0,6.099999999999999,
FI_00001207,18170,18170,2024-04-22,63.728776901271246,26.38240528354664,,1500.0,43.0,6.099999999999999,
FI_00001208,18170,18170,2024-04-22,63.728776901271246,26.38240528354664,,1500.0,43.0,6.099999999999999,
FI_00001209,18170,18170,2024-04-22,63.728776901271246,26.38240528354664,,1500.0,43.0,6.099999999999999,
FI_00001210,18170,18170,2024-04-22,63.728776901271246,26.38240528354664,,1500.0,43.0,6.099999999999999,
FI_00001211,18170,18170,2024-04-22,63.728776901271246,26.38240528354664,,1500.0,43.0,6.099999999999999,
FI_00001212,18170,18170,2024-04-29,63.728776901271246,26.38240528354664,,1700.0,88.0,19.0,
FI_00001213,18170,18170,2024-04-29,63.728776901271246,26.38240528354664,,1700.0,88.0,19.0,
FI_00001214,18170,18170,2024-04-29,63.728776901271246,26.38240528354664,,1700.0,88.0,19.0,
FI_00001215,18170,18170,2024-04-29,63.728776901271246,26.38240528354664,,1700.0,88.0,19.0,
FI_00001216,18170,18170,2024-04-29,63.728776901271246,26.38240528354664,,1700.0,88.0,19.0,
FI_00001217,18170,18170,2024-04-29,63.728776901271246,26.38240528354664,,1700.0,88.0,19.0,
FI_00001218,18170,18170,2024-05-06,63.728776901271246,26.38240528354664,,1100.0,50.0,7.8,
FI_00001219,18170,18170,2024-05-06,63.728776901271246,26.38240528354664,,1100.0,50.0,7.8,
FI_00001220,18170,18170,2024-05-06,63.728776901271246,26.38240528354664,,1100.0,50.0,7.8,
FI_00001221,18170,18170,2024-05-06,63.728776901271246,26.38240528354664,,1100.0,50.0,7.8,
FI_00001222,18170,18170,2024-05-06,63.728776901271246,26.38240528354664,,1100.0,50.0,7.8,
FI_00001223,18170,18170,2024-05-06,63.728776901271246,26.38240528354664,,1100.0,50.0,7.8,
FI_00001224,18170,18170,2024-05-15,63.728776901271246,26.38240528354664,,1100.0,29.0,6.8,2.7000000000000006
FI_00001225,18170,18170,2024-05-15,63.728776901271246,26.38240528354664,,1100.0,29.0,6.8,2.7000000000000006
FI_00001226,18170,18170,2024-05-15,63.728776901271246,26.38240528354664,,1100.0,29.0,6.8,2.7000000000000006
FI_00001227,18170,18170,2024-05-15,63.728776901271246,26.38240528354664,,1100.0,29.0,6.8,2.7000000000000006
FI_00001228,18170,18170,2024-05-15,63.728776901271246,26.38240528354664,,1100.0,29.0,6.8,2.7000000000000006
FI_00001229,18170,18170,2024-05-15,63.728776901271246,26.38240528354664,,1100.0,29.0,6.8,2.7000000000000006
FI_00001230,18170,18170,2024-05-22,63.728776901271246,26.38240528354664,,950.0,46.0,8.0,
FI_00001231,18170,18170,2024-05-22,63.728776901271246,26.38240528354664,,950.0,46.0,8.0,
FI_00001232,18170,18170,2024-05-22,63.728776901271246,26.38240528354664,,950.0,46.0,8.0,
FI_00001233,18170,18170,2024-05-22,63.728776901271246,26.38240528354664,,950.0,46.0,8.0,
FI_00001234,18170,18170,2024-05-22,63.728776901271246,26.38240528354664,,950.0,46.0,8.0,
FI_00001235,18170,18170,2024-05-22,63.728776901271246,26.38240528354664,,950.0,46.0,8.0,
FI_00001236,18170,18170,2024-05-27,63.728776901271246,26.38240528354664,,910.0,60.0,9.0,
FI_00001237,18170,18170,2024-05-27,63.728776901271246,26.38240528354664,,910.0,60.0,9.0,
FI_00001238,18170,18170,2024-05-27,63.728776901271246,26.38240528354664,,910.0,60.0,9.0,
FI_00001239,18170,18170,2024-05-27,63.728776901271246,26.38240528354664,,910.0,60.0,9.0,
FI_00001240,18170,18170,2024-05-27,63.728776901271246,26.38240528354664,,910.0,60.0,9.0,
FI_00001241,18170,18170,2024-05-27,63.728776901271246,26.38240528354664,,910.0,60.0,9.0,
FI_00001242,18170,18170,2024-06-19,63.728776901271246,26.38240528354664,,960.0,87.0,18.0,
FI_00001243,18170,18170,2024-06-19,63.728776901271246,26.38240528354664,,960.0,87.0,18.0,
FI_00001244,18170,18170,2024-06-19,63.728776901271246,26.38240528354664,,960.0,87.0,18.0,
FI_00001245,18170,18170,2024-06-19,63.728776901271246,26.38240528354664,,960.0,87.0,18.0,
FI_00001246,18170,18170,2024-06-19,63.728776901271246,26.38240528354664,,960.0,87.0,18.0,
FI_00001247,18170,18170,2024-06-19,63.728776901271246,26.38240528354664,,960.0,87.0,18.0,
FI_00001248,18170,18170,2024-07-16,63.728776901271246,26.38240528354664,,1500.0,120.0,19.0,
FI_00001249,18170,18170,2024-07-16,63.728776901271246,26.38240528354664,,1500.0,120.0,19.0,
FI_00001250,18170,18170,2024-07-16,63.728776901271246,26.38240528354664,,1500.0,120.0,19.0,
FI_00001251,18170,18170,2024-07-16,63.728776901271246,26.38240528354664,,1500.0,120.0,19.0,
FI_00001252,18170,18170,2024-07-16,63.728776901271246,26.38240528354664,,1500.0,120.0,19.0,
FI_00001253,18170,18170,2024-07-16,63.728776901271246,26.38240528354664,,1500.0,120.0,19.0,
FI_00001254,18170,18170,2024-08-07,63.728776901271246,26.38240528354664,,1200.0,76.0,12.0,7.599999999999999
FI_00001255,18170,18170,2024-08-07,63.728776901271246,26.38240528354664,,1200.0,76.0,12.0,7.599999999999999
FI_00001256,18170,18170,2024-08-07,63.728776901271246,26.38240528354664,,1200.0,76.0,12.0,7.599999999999999
FI_00001257,18170,18170,2024-08-07,63.728776901271246,26.38240528354664,,1200.0,76.0,12.0,7.599999999999999
FI_00001258,18170,18170,2024-08-07,63.728776901271246,26.38240528354664,,1200.0,76.0,12.0,7.599999999999999
FI_00001259,18170,18170,2024-08-07,63.728776901271246,26.38240528354664,,1200.0,76.0,12.0,7.599999999999999
FI_00001260,18170,18170,2024-08-28,63.728776901271246,26.38240528354664,,800.0,84.0,11.0,
FI_00001261,18170,18170,2024-08-28,63.728776901271246,26.38240528354664,,800.0,84.0,11.0,
FI_00001262,18170,18170,2024-08-28,63.728776901271246,26.38240528354664,,800.0,84.0,11.0,
FI_00001263,18170,18170,2024-08-28,63.728776901271246,26.38240528354664,,800.0,84.0,11.0,
FI_00001264,18170,18170,2024-08-28,63.728776901271246,26.38240528354664,,800.0,84.0,11.0,
FI_00001265,18170,18170,2024-08-28,63.728776901271246,26.38240528354664,,800.0,84.0,11.0,
FI_00001266,18170,18170,2024-09-12,63.728776901271246,26.38240528354664,,820.0,84.0,7.5,
FI_00001267,18170,18170,2024-09-12,63.728776901271246,26.38240528354664,,820.0,84.0,7.5,
FI_00001268,18170,18170,2024-09-12,63.728776901271246,26.38240528354664,,820.0,84.0,7.5,
FI_00001269,18170,18170,2024-09-12,63.728776901271246,26.38240528354664,,820.0,84.0,7.5,
FI_00001270,18170,18170,2024-09-12,63.728776901271246,26.38240528354664,,820.0,84.0,7.5,
FI_00001271,18170,18170,2024-09-12,63.728776901271246,26.38240528354664,,820.0,84.0,7.5,
FI_00001272,18170,18170,2024-09-25,63.728776901271246,26.38240528354664,,1200.0,69.0,6.900000000000001,
FI_00001273,18170,18170,2024-09-25,63.728776901271246,26.38240528354664,,1200.0,69.0,6.900000000000001,
FI_00001274,18170,18170,2024-09-25,63.728776901271246,26.38240528354664,,1200.0,69.0,6.900000000000001,
FI_00001275,18170,18170,2024-09-25,63.728776901271246,26.38240528354664,,1200.0,69.0,6.900000000000001,
FI_00001276,18170,18170,2024-09-25,63.728776901271246,26.38240528354664,,1200.0,69.0,6.900000000000001,
FI_00001277,18170,18170,2024-09-25,63.728776901271246,26.38240528354664,,1200.0,69.0,6.900000000000001,
FI_00001278,18170,18170,2024-10-08,63.728776901271246,26.38240528354664,,1100.0,41.5,7.599999999999999,5.1
FI_00001279,18170,18170,2024-10-08,63.728776901271246,26.38240528354664,,1100.0,41.5,7.599999999999999,5.1
FI_00001280,18170,18170,2024-10-08,63.728776901271246,26.38240528354664,,1100.0,41.5,7.599999999999999,5.1
FI_00001281,18170,18170,2024-10-08,63.728776901271246,26.38240528354664,,1100.0,41.5,7.599999999999999,5.1
FI_00001282,18170,18170,2024-10-08,63.728776901271246,26.38240528354664,,1100.0,41.5,7.599999999999999,5.1
FI_00001283,18170,18170,2024-10-08,63.728776901271246,26.38240528354664,,1100.0,41.5,7.599999999999999,5.1
FI_00001284,18170,18170,2024-10-24,63.728776901271246,26.38240528354664,,1100.0,61.0,7.3,
FI_00001285,18170,18170,2024-10-24,63.728776901271246,26.38240528354664,,1100.0,61.0,7.3,
FI_00001286,18170,18170,2024-10-24,63.728776901271246,26.38240528354664,,1100.0,61.0,7.3,
FI_00001287,18170,18170,2024-10-24,63.728776901271246,26.38240528354664,,1100.0,61.0,7.3,
FI_00001288,18170,18170,2024-10-24,63.728776901271246,26.38240528354664,,1100.0,61.0,7.3,
FI_00001289,18170,18170,2024-10-24,63.728776901271246,26.38240528354664,,1100.0,61.0,7.3,
FI_00001290,18170,18170,2024-11-04,63.728776901271246,26.38240528354664,,890.0,61.0,6.900000000000001,
FI_00001291,18170,18170,2024-11-04,63.728776901271246,26.38240528354664,,890.0,61.0,6.900000000000001,
FI_00001292,18170,18170,2024-11-04,63.728776901271246,26.38240528354664,,890.0,61.0,6.900000000000001,
FI_00001293,18170,18170,2024-11-04,63.728776901271246,26.38240528354664,,890.0,61.0,6.900000000000001,
FI_00001294,18170,18170,2024-11-04,63.728776901271246,26.38240528354664,,890.0,61.0,6.900000000000001,
FI_00001295,18170,18170,2024-11-04,63.728776901271246,26.38240528354664,,890.0,61.0,6.900000000000001,
FI_00001296,18170,18170,2024-11-18,63.728776901271246,26.38240528354664,,980.0,40.5,11.0,6.0
FI_00001297,18170,18170,2024-11-18,63.728776901271246,26.38240528354664,,980.0,40.5,11.0,6.0
FI_00001298,18170,18170,2024-11-18,63.728776901271246,26.38240528354664,,980.0,40.5,11.0,6.0
FI_00001299,18170,18170,2024-11-18,63.728776901271246,26.38240528354664,,980.0,40.5,11.0,6.0
FI_00001300,18170,18170,2024-11-18,63.728776901271246,26.38240528354664,,980.0,40.5,11.0,6.0
FI_00001301,18170,18170,2024-11-18,63.728776901271246,26.38240528354664,,980.0,40.5,11.0,6.0
FI_00001302,18170,18170,2024-12-10,63.728776901271246,26.38240528354664,,900.0,40.0,6.2,
FI_00001303,18170,18170,2024-12-10,63.728776901271246,26.38240528354664,,900.0,40.0,6.2,
FI_00001304,18170,18170,2024-12-10,63.728776901271246,26.38240528354664,,900.0,40.0,6.2,
FI_00001305,18170,18170,2024-12-10,63.728776901271246,26.38240528354664,,900.0,40.0,6.2,
FI_00001306,18170,18170,2024-12-10,63.728776901271246,26.38240528354664,,900.0,40.0,6.2,
FI_00001307,18170,18170,2024-12-10,63.728776901271246,26.38240528354664,,900.0,40.0,6.2,
FI_00001602,21036,Lampaanjärvi,2023-02-06,63.37357965354919,26.93740523239453,,573.3333333333334,15.0,1.4633333333333334,4.133333333333334
FI_00001603,21036,Lampaanjärvi,2023-02-06,63.37357965354919,26.93740523239453,,573.3333333333334,15.0,1.4633333333333334,4.133333333333334
FI_00001604,21036,Lampaanjärvi,2023-02-06,63.37357965354919,26.93740523239453,,573.3333333333334,15.0,1.4633333333333334,4.133333333333334
FI_00001605,21036,Lampaanjärvi,2023-02-06,63.37357965354919,26.93740523239453,,573.3333333333334,15.0,1.4633333333333334,4.133333333333334
FI_00001606,21036,Lampaanjärvi,2023-02-06,63.37357965354919,26.93740523239453,,573.3333333333334,15.0,1.4633333333333334,4.133333333333334
FI_00001607,21036,Lampaanjärvi,2023-02-06,63.37357965354919,26.93740523239453,,573.3333333333334,15.0,1.4633333333333334,4.133333333333334
FI_00001608,21036,Lampaanjärvi,2023-07-27,63.37357965354919,26.93740523239453,4.5,563.3333333333334,24.33333333333333,3.8,5.533333333333333
FI_00001609,21036,Lampaanjärvi,2023-07-27,63.37357965354919,26.93740523239453,4.5,563.3333333333334,24.33333333333333,3.8,5.533333333333333
FI_00001610,21036,Lampaanjärvi,2023-07-27,63.37357965354919,26.93740523239453,4.5,563.3333333333334,24.33333333333333,3.8,5.533333333333333
FI_00001611,21036,Lampaanjärvi,2023-07-27,63.37357965354919,26.93740523239453,4.5,563.3333333333334,24.33333333333333,3.8,5.533333333333333
FI_00001612,21036,Lampaanjärvi,2023-07-27,63.37357965354919,26.93740523239453,4.5,563.3333333333334,24.33333333333333,3.8,5.533333333333333
FI_00001613,21036,Lampaanjärvi,2023-07-27,63.37357965354919,26.93740523239453,4.5,563.3333333333334,24.33333333333333,3.8,5.533333333333333
FI_00001614,21036,Lampaanjärvi,2023-10-17,63.37357965354919,26.93740523239453,,545.0,22.5,2.4,3.2999999999999994
FI_00001615,21036,Lampaanjärvi,2023-10-17,63.37357965354919,26.93740523239453,,545.0,22.5,2.4,3.2999999999999994
FI_00001616,21036,Lampaanjärvi,2023-10-17,63.37357965354919,26.93740523239453,,545.0,22.5,2.4,3.2999999999999994
FI_00001617,21036,Lampaanjärvi,2023-10-17,63.37357965354919,26.93740523239453,,545.0,22.5,2.4,3.2999999999999994
FI_00001618,21036,Lampaanjärvi,2023-10-17,63.37357965354919,26.93740523239453,,545.0,22.5,2.4,3.2999999999999994
FI_00001619,21036,Lampaanjärvi,2023-10-17,63.37357965354919,26.93740523239453,,545.0,22.5,2.4,3.2999999999999994
FI_00002166,25333,Ylä-Raatinen,2023-03-09,62.38975272116826,26.502964737993462,,800.0,15.0,1.5,6.400000000000001
FI_00002167,25333,Ylä-Raatinen,2023-03-09,62.38975272116826,26.502964737993462,,800.0,15.0,1.5,6.400000000000001
FI_00002168,25333,Ylä-Raatinen,2023-03-09,62.38975272116826,26.502964737993462,,800.0,15.0,1.5,6.400000000000001
FI_00002169,25333,Ylä-Raatinen,2023-03-09,62.38975272116826,26.502964737993462,,800.0,15.0,1.5,6.400000000000001
FI_00002170,25333,Ylä-Raatinen,2023-03-09,62.38975272116826,26.502964737993462,,800.0,15.0,1.5,6.400000000000001
FI_00002171,25333,Ylä-Raatinen,2023-03-09,62.38975272116826,26.502964737993462,,800.0,15.0,1.5,6.400000000000001
FI_00002172,25333,Ylä-Raatinen,2023-06-15,62.38975272116826,26.502964737993462,9.5,670.0,30.0,2.7999999999999994,4.6
FI_00002173,25333,Ylä-Raatinen,2023-06-15,62.38975272116826,26.502964737993462,9.5,670.0,30.0,2.7999999999999994,4.6
FI_00002174,25333,Ylä-Raatinen,2023-06-15,62.38975272116826,26.502964737993462,9.5,670.0,30.0,2.7999999999999994,4.6
FI_00002175,25333,Ylä-Raatinen,2023-06-15,62.38975272116826,26.502964737993462,9.5,670.0,30.0,2.7999999999999994,4.6
FI_00002176,25333,Ylä-Raatinen,2023-06-15,62.38975272116826,26.502964737993462,9.5,670.0,30.0,2.7999999999999994,4.6
FI_00002177,25333,Ylä-Raatinen,2023-06-15,62.38975272116826,26.502964737993462,9.5,670.0,30.0,2.7999999999999994,4.6
FI_00002178,25333,Ylä-Raatinen,2023-08-17,62.38975272116826,26.502964737993462,15.0,650.0,27.0,3.1,4.9
FI_00002179,25333,Ylä-Raatinen,2023-08-17,62.38975272116826,26.502964737993462,15.0,650.0,27.0,3.1,4.9
FI_00002180,25333,Ylä-Raatinen,2023-08-17,62.38975272116826,26.502964737993462,15.0,650.0,27.0,3.1,4.9
FI_00002181,25333,Ylä-Raatinen,2023-08-17,62.38975272116826,26.502964737993462,15.0,650.0,27.0,3.1,4.9
FI_00002182,25333,Ylä-Raatinen,2023-08-17,62.38975272116826,26.502964737993462,15.0,650.0,27.0,3.1,4.9
FI_00002183,25333,Ylä-Raatinen,2023-08-17,62.38975272116826,26.502964737993462,15.0,650.0,27.0,3.1,4.9
FI_00002220,25801,Naula-Meronen,2023-03-01,62.35261377830921,25.25452363987298,,900.0,33.0,1.6000000000000003,3.2999999999999994
FI_00002221,25801,Naula-Meronen,2023-03-01,62.35261377830921,25.25452363987298,,900.0,33.0,1.6000000000000003,3.2999999999999994
FI_00002222,25801,Naula-Meronen,2023-03-01,62.35261377830921,25.25452363987298,,900.0,33.0,1.6000000000000003,3.2999999999999994
FI_00002223,25801,Naula-Meronen,2023-03-01,62.35261377830921,25.25452363987298,,900.0,33.0,1.6000000000000003,3.2999999999999994
FI_00002224,25801,Naula-Meronen,2023-03-01,62.35261377830921,25.25452363987298,,900.0,33.0,1.6000000000000003,3.2999999999999994
FI_00002225,25801,Naula-Meronen,2023-03-01,62.35261377830921,25.25452363987298,,900.0,33.0,1.6000000000000003,3.2999999999999994
FI_00002226,25801,Naula-Meronen,2023-06-14,62.35261377830921,25.25452363987298,11.0,600.0,35.0,2.4,2.5
FI_00002227,25801,Naula-Meronen,2023-06-14,62.35261377830921,25.25452363987298,11.0,600.0,35.0,2.4,2.5
FI_00002228,25801,Naula-Meronen,2023-06-14,62.35261377830921,25.25452363987298,11.0,600.0,35.0,2.4,2.5
FI_00002229,25801,Naula-Meronen,2023-06-14,62.35261377830921,25.25452363987298,11.0,600.0,35.0,2.4,2.5
FI_00002230,25801,Naula-Meronen,2023-06-14,62.35261377830921,25.25452363987298,11.0,600.0,35.0,2.4,2.5
FI_00002231,25801,Naula-Meronen,2023-06-14,62.35261377830921,25.25452363987298,11.0,600.0,35.0,2.4,2.5
FI_00002232,25801,Naula-Meronen,2023-08-09,62.35261377830921,25.25452363987298,12.0,770.0,43.0,2.5,2.6
FI_00002233,25801,Naula-Meronen,2023-08-09,62.35261377830921,25.25452363987298,12.0,770.0,43.0,2.5,2.6
FI_00002234,25801,Naula-Meronen,2023-08-09,62.35261377830921,25.25452363987298,12.0,770.0,43.0,2.5,2.6
FI_00002235,25801,Naula-Meronen,2023-08-09,62.35261377830921,25.25452363987298,12.0,770.0,43.0,2.5,2.6
FI_00002236,25801,Naula-Meronen,2023-08-09,62.35261377830921,25.25452363987298,12.0,770.0,43.0,2.5,2.6
FI_00002237,25801,Naula-Meronen,2023-08-09,62.35261377830921,25.25452363987298,12.0,770.0,43.0,2.5,2.6
FI_00002736,3070,3070,2023-02-27,60.27666591305194,25.8540110333008,1.2,690.0,30.0,1.3666666666666665,856.6666666666666
FI_00002737,3070,3070,2023-02-27,60.27666591305194,25.8540110333008,1.2,690.0,30.0,1.3666666666666665,856.6666666666666
FI_00002738,3070,3070,2023-02-27,60.27666591305194,25.8540110333008,1.2,690.0,30.0,1.3666666666666665,856.6666666666666
FI_00002739,3070,3070,2023-02-27,60.27666591305194,25.8540110333008,1.2,690.0,30.0,1.3666666666666665,856.6666666666666
FI_00002740,3070,3070,2023-02-27,60.27666591305194,25.8540110333008,1.2,690.0,30.0,1.3666666666666665,856.6666666666666
FI_00002741,3070,3070,2023-02-27,60.27666591305194,25.8540110333008,1.2,690.0,30.0,1.3666666666666665,856.6666666666666
FI_00002742,3070,3070,2023-08-09,60.27666591305194,25.8540110333008,8.2,490.0,42.0,3.866666666666666,940.0
FI_00002743,3070,3070,2023-08-09,60.27666591305194,25.8540110333008,8.2,490.0,42.0,3.866666666666666,940.0
FI_00002744,3070,3070,2023-08-09,60.27666591305194,25.8540110333008,8.2,490.0,42.0,3.866666666666666,940.0
FI_00002745,3070,3070,2023-08-09,60.27666591305194,25.8540110333008,8.2,490.0,42.0,3.866666666666666,940.0
FI_00002746,3070,3070,2023-08-09,60.27666591305194,25.8540110333008,8.2,490.0,42.0,3.866666666666666,940.0
FI_00002747,3070,3070,2023-08-09,60.27666591305194,25.8540110333008,8.2,490.0,42.0,3.866666666666666,940.0
FI_00002748,3070,3070,2023-09-04,60.27666591305194,25.8540110333008,12.0,,47.0,5.0,906.6666666666666
FI_00002749,3070,3070,2023-09-04,60.27666591305194,25.8540110333008,12.0,,47.0,5.0,906.6666666666666
FI_00002750,3070,3070,2023-09-04,60.27666591305194,25.8540110333008,12.0,,47.0,5.0,906.6666666666666
FI_00002751,3070,3070,2023-09-04,60.27666591305194,25.8540110333008,12.0,,47.0,5.0,906.6666666666666
FI_00002752,3070,3070,2023-09-04,60.27666591305194,25.8540110333008,12.0,,47.0,5.0,906.6666666666666
FI_00002753,3070,3070,2023-09-04,60.27666591305194,25.8540110333008,12.0,,47.0,5.0,906.6666666666666
FI_00002754,3070,3070,2024-02-05,60.27666591305194,25.8540110333008,1.0,470.0,35.0,0.6533333333333333,813.3333333333334
FI_00002755,3070,3070,2024-02-05,60.27666591305194,25.8540110333008,1.0,470.0,35.0,0.6533333333333333,813.3333333333334
FI_00002756,3070,3070,2024-02-05,60.27666591305194,25.8540110333008,1.0,470.0,35.0,0.6533333333333333,813.3333333333334
FI_00002757,3070,3070,2024-02-05,60.27666591305194,25.8540110333008,1.0,470.0,35.0,0.6533333333333333,813.3333333333334
FI_00002758,3070,3070,2024-02-05,60.27666591305194,25.8540110333008,1.0,470.0,35.0,0.6533333333333333,813.3333333333334
FI_00002759,3070,3070,2024-02-05,60.27666591305194,25.8540110333008,1.0,470.0,35.0,0.6533333333333333,813.3333333333334
FI_00002760,3070,3070,2024-07-30,60.27666591305194,25.8540110333008,34.0,530.0,71.0,6.9,936.6666666666666
FI_00002761,3070,3070,2024-07-30,60.27666591305194,25.8540110333008,34.0,530.0,71.0,6.9,936.6666666666666
FI_00002762,3070,3070,2024-07-30,60.27666591305194,25.8540110333008,34.0,530.0,71.0,6.9,936.6666666666666
FI_00002763,3070,3070,2024-07-30,60.27666591305194,25.8540110333008,34.0,530.0,71.0,6.9,936.6666666666666
FI_00002764,3070,3070,2024-07-30,60.27666591305194,25.8540110333008,34.0,530.0,71.0,6.9,936.6666666666666
FI_00002765,3070,3070,2024-07-30,60.27666591305194,25.8540110333008,34.0,530.0,71.0,6.9,936.6666666666666
FI_00003132,3192,3192,2023-02-14,60.251166246767966,25.35316693838677,1.0,515.0,43.5,2.4,965.0
FI_00003133,3192,3192,2023-02-14,60.251166246767966,25.35316693838677,1.0,515.0,43.5,2.4,965.0
FI_00003134,3192,3192,2023-02-14,60.251166246767966,25.35316693838677,1.0,515.0,43.5,2.4,965.0
FI_00003135,3192,3192,2023-02-14,60.251166246767966,25.35316693838677,1.0,515.0,43.5,2.4,965.0
FI_00003136,3192,3192,2023-02-14,60.251166246767966,25.35316693838677,1.0,515.0,43.5,2.4,965.0
FI_00003137,3192,3192,2023-02-14,60.251166246767966,25.35316693838677,1.0,515.0,43.5,2.4,965.0
FI_00003138,3192,3192,2023-08-14,60.251166246767966,25.35316693838677,3.2999999999999994,350.0,37.0,1.9,995.0
FI_00003139,3192,3192,2023-08-14,60.251166246767966,25.35316693838677,3.2999999999999994,350.0,37.0,1.9,995.0
FI_00003140,3192,3192,2023-08-14,60.251166246767966,25.35316693838677,3.2999999999999994,350.0,37.0,1.9,995.0
FI_00003141,3192,3192,2023-08-14,60.251166246767966,25.35316693838677,3.2999999999999994,350.0,37.0,1.9,995.0
FI_00003142,3192,3192,2023-08-14,60.251166246767966,25.35316693838677,3.2999999999999994,350.0,37.0,1.9,995.0
FI_00003143,3192,3192,2023-08-14,60.251166246767966,25.35316693838677,3.2999999999999994,350.0,37.0,1.9,995.0
FI_00003144,3192,3192,2023-09-07,60.251166246767966,25.35316693838677,2.4,465.0,53.0,5.2,900.0
FI_00003145,3192,3192,2023-09-07,60.251166246767966,25.35316693838677,2.4,465.0,53.0,5.2,900.0
FI_00003146,3192,3192,2023-09-07,60.251166246767966,25.35316693838677,2.4,465.0,53.0,5.2,900.0
FI_00003147,3192,3192,2023-09-07,60.251166246767966,25.35316693838677,2.4,465.0,53.0,5.2,900.0
FI_00003148,3192,3192,2023-09-07,60.251166246767966,25.35316693838677,2.4,465.0,53.0,5.2,900.0
FI_00003149,3192,3192,2023-09-07,60.251166246767966,25.35316693838677,2.4,465.0,53.0,5.2,900.0
FI_00003150,3192,3192,2024-02-08,60.251166246767966,25.35316693838677,1.0,525.0,54.0,5.37,880.0
FI_00003151,3192,3192,2024-02-08,60.251166246767966,25.35316693838677,1.0,525.0,54.0,5.37,880.0
FI_00003152,3192,3192,2024-02-08,60.251166246767966,25.35316693838677,1.0,525.0,54.0,5.37,880.0
FI_00003153,3192,3192,2024-02-08,60.251166246767966,25.35316693838677,1.0,525.0,54.0,5.37,880.0
FI_00003154,3192,3192,2024-02-08,60.251166246767966,25.35316693838677,1.0,525.0,54.0,5.37,880.0
FI_00003155,3192,3192,2024-02-08,60.251166246767966,25.35316693838677,1.0,525.0,54.0,5.37,880.0
FI_00003156,3192,3192,2024-07-29,60.251166246767966,25.35316693838677,4.9,530.0,42.5,3.5500000000000003,985.0
FI_00003157,3192,3192,2024-07-29,60.251166246767966,25.35316693838677,4.9,530.0,42.5,3.5500000000000003,985.0
FI_00003158,3192,3192,2024-07-29,60.251166246767966,25.35316693838677,4.9,530.0,42.5,3.5500000000000003,985.0
FI_00003159,3192,3192,2024-07-29,60.251166246767966,25.35316693838677,4.9,530.0,42.5,3.5500000000000003,985.0
FI_00003160,3192,3192,2024-07-29,60.251166246767966,25.35316693838677,4.9,530.0,42.5,3.5500000000000003,985.0
FI_00003161,3192,3192,2024-07-29,60.251166246767966,25.35316693838677,4.9,530.0,42.5,3.5500000000000003,985.0
FI_00003600,36218,36218,2023-01-18,66.14746634401799,26.16056580356087,,590.0,30.0,6.8,
FI_00003601,36218,36218,2023-01-18,66.14746634401799,26.16056580356087,,590.0,30.0,6.8,
FI_00003602,36218,36218,2023-01-18,66.14746634401799,26.16056580356087,,590.0,30.0,6.8,
FI_00003603,36218,36218,2023-01-18,66.14746634401799,26.16056580356087,,590.0,30.0,6.8,
FI_00003604,36218,36218,2023-01-18,66.14746634401799,26.16056580356087,,590.0,30.0,6.8,
FI_00003605,36218,36218,2023-01-18,66.14746634401799,26.16056580356087,,590.0,30.0,6.8,
FI_00003606,36218,36218,2023-02-22,66.14746634401799,26.16056580356087,,460.0,25.0,6.8,
FI_00003607,36218,36218,2023-02-22,66.14746634401799,26.16056580356087,,460.0,25.0,6.8,
FI_00003608,36218,36218,2023-02-22,66.14746634401799,26.16056580356087,,460.0,25.0,6.8,
FI_00003609,36218,36218,2023-02-22,66.14746634401799,26.16056580356087,,460.0,25.0,6.8,
FI_00003610,36218,36218,2023-02-22,66.14746634401799,26.16056580356087,,460.0,25.0,6.8,
FI_00003611,36218,36218,2023-02-22,66.14746634401799,26.16056580356087,,460.0,25.0,6.8,
FI_00003612,36218,36218,2023-03-13,66.14746634401799,26.16056580356087,,520.0,34.0,8.7,
FI_00003613,36218,36218,2023-03-13,66.14746634401799,26.16056580356087,,520.0,34.0,8.7,
FI_00003614,36218,36218,2023-03-13,66.14746634401799,26.16056580356087,,520.0,34.0,8.7,
FI_00003615,36218,36218,2023-03-13,66.14746634401799,26.16056580356087,,520.0,34.0,8.7,
FI_00003616,36218,36218,2023-03-13,66.14746634401799,26.16056580356087,,520.0,34.0,8.7,
FI_00003617,36218,36218,2023-03-13,66.14746634401799,26.16056580356087,,520.0,34.0,8.7,
FI_00003618,36218,36218,2023-04-03,66.14746634401799,26.16056580356087,,700.0,39.0,12.0,
FI_00003619,36218,36218,2023-04-03,66.14746634401799,26.16056580356087,,700.0,39.0,12.0,
FI_00003620,36218,36218,2023-04-03,66.14746634401799,26.16056580356087,,700.0,39.0,12.0,
FI_00003621,36218,36218,2023-04-03,66.14746634401799,26.16056580356087,,700.0,39.0,12.0,
FI_00003622,36218,36218,2023-04-03,66.14746634401799,26.16056580356087,,700.0,39.0,12.0,
FI_00003623,36218,36218,2023-04-03,66.14746634401799,26.16056580356087,,700.0,39.0,12.0,
FI_00003624,36218,36218,2023-04-18,66.14746634401799,26.16056580356087,,610.0,40.0,11.0,
FI_00003625,36218,36218,2023-04-18,66.14746634401799,26.16056580356087,,610.0,40.0,11.0,
FI_00003626,36218,36218,2023-04-18,66.14746634401799,26.16056580356087,,610.0,40.0,11.0,
FI_00003627,36218,36218,2023-04-18,66.14746634401799,26.16056580356087,,610.0,40.0,11.0,
FI_00003628,36218,36218,2023-04-18,66.14746634401799,26.16056580356087,,610.0,40.0,11.0,
FI_00003629,36218,36218,2023-04-18,66.14746634401799,26.16056580356087,,610.0,40.0,11.0,
FI_00003630,36218,36218,2023-04-24,66.14746634401799,26.16056580356087,,730.0,36.0,6.400000000000001,
FI_00003631,36218,36218,2023-04-24,66.14746634401799,26.16056580356087,,730.0,36.0,6.400000000000001,
FI_00003632,36218,36218,2023-04-24,66.14746634401799,26.16056580356087,,730.0,36.0,6.400000000000001,
FI_00003633,36218,36218,2023-04-24,66.14746634401799,26.16056580356087,,730.0,36.0,6.400000000000001,
FI_00003634,36218,36218,2023-04-24,66.14746634401799,26.16056580356087,,730.0,36.0,6.400000000000001,
FI_00003635,36218,36218,2023-04-24,66.14746634401799,26.16056580356087,,730.0,36.0,6.400000000000001,
FI_00003636,36218,36218,2023-05-04,66.14746634401799,26.16056580356087,,540.0,24.0,1.7,
FI_00003637,36218,36218,2023-05-04,66.14746634401799,26.16056580356087,,540.0,24.0,1.7,
FI_00003638,36218,36218,2023-05-04,66.14746634401799,26.16056580356087,,540.0,24.0,1.7,
FI_00003639,36218,36218,2023-05-04,66.14746634401799,26.16056580356087,,540.0,24.0,1.7,
FI_00003640,36218,36218,2023-05-04,66.14746634401799,26.16056580356087,,540.0,24.0,1.7,
FI_00003641,36218,36218,2023-05-04,66.14746634401799,26.16056580356087,,540.0,24.0,1.7,
FI_00003642,36218,36218,2023-05-09,66.14746634401799,26.16056580356087,,440.0,29.0,2.0,
FI_00003643,36218,36218,2023-05-09,66.14746634401799,26.16056580356087,,440.0,29.0,2.0,
FI_00003644,36218,36218,2023-05-09,66.14746634401799,26.16056580356087,,440.0,29.0,2.0,
FI_00003645,36218,36218,2023-05-09,66.14746634401799,26.16056580356087,,440.0,29.0,2.0,
FI_00003646,36218,36218,2023-05-09,66.14746634401799,26.16056580356087,,440.0,29.0,2.0,
FI_00003647,36218,36218,2023-05-09,66.14746634401799,26.16056580356087,,440.0,29.0,2.0,
FI_00003648,36218,36218,2023-05-15,66.14746634401799,26.16056580356087,,440.0,19.0,1.3,
FI_00003649,36218,36218,2023-05-15,66.14746634401799,26.16056580356087,,440.0,19.0,1.3,
FI_00003650,36218,36218,2023-05-15,66.14746634401799,26.16056580356087,,440.0,19.0,1.3,
FI_00003651,36218,36218,2023-05-15,66.14746634401799,26.16056580356087,,440.0,19.0,1.3,
FI_00003652,36218,36218,2023-05-15,66.14746634401799,26.16056580356087,,440.0,19.0,1.3,
FI_00003653,36218,36218,2023-05-15,66.14746634401799,26.16056580356087,,440.0,19.0,1.3,
FI_00003654,36218,36218,2023-05-25,66.14746634401799,26.16056580356087,,590.0,32.0,2.9,
FI_00003655,36218,36218,2023-05-25,66.14746634401799,26.16056580356087,,590.0,32.0,2.9,
FI_00003656,36218,36218,2023-05-25,66.14746634401799,26.16056580356087,,590.0,32.0,2.9,
FI_00003657,36218,36218,2023-05-25,66.14746634401799,26.16056580356087,,590.0,32.0,2.9,
FI_00003658,36218,36218,2023-05-25,66.14746634401799,26.16056580356087,,590.0,32.0,2.9,
FI_00003659,36218,36218,2023-05-25,66.14746634401799,26.16056580356087,,590.0,32.0,2.9,
FI_00003660,36218,36218,2023-05-29,66.14746634401799,26.16056580356087,,590.0,28.0,2.7999999999999994,
FI_00003661,36218,36218,2023-05-29,66.14746634401799,26.16056580356087,,590.0,28.0,2.7999999999999994,
FI_00003662,36218,36218,2023-05-29,66.14746634401799,26.16056580356087,,590.0,28.0,2.7999999999999994,
FI_00003663,36218,36218,2023-05-29,66.14746634401799,26.16056580356087,,590.0,28.0,2.7999999999999994,
FI_00003664,36218,36218,2023-05-29,66.14746634401799,26.16056580356087,,590.0,28.0,2.7999999999999994,
FI_00003665,36218,36218,2023-05-29,66.14746634401799,26.16056580356087,,590.0,28.0,2.7999999999999994,
FI_00003666,36218,36218,2023-06-06,66.14746634401799,26.16056580356087,,450.0,23.0,3.1,
FI_00003667,36218,36218,2023-06-06,66.14746634401799,26.16056580356087,,450.0,23.0,3.1,
FI_00003668,36218,36218,2023-06-06,66.14746634401799,26.16056580356087,,450.0,23.0,3.1,
FI_00003669,36218,36218,2023-06-06,66.14746634401799,26.16056580356087,,450.0,23.0,3.1,
FI_00003670,36218,36218,2023-06-06,66.14746634401799,26.16056580356087,,450.0,23.0,3.1,
FI_00003671,36218,36218,2023-06-06,66.14746634401799,26.16056580356087,,450.0,23.0,3.1,
FI_00003672,36218,36218,2023-06-19,66.14746634401799,26.16056580356087,,530.0,31.0,3.9,
FI_00003673,36218,36218,2023-06-19,66.14746634401799,26.16056580356087,,530.0,31.0,3.9,
FI_00003674,36218,36218,2023-06-19,66.14746634401799,26.16056580356087,,530.0,31.0,3.9,
FI_00003675,36218,36218,2023-06-19,66.14746634401799,26.16056580356087,,530.0,31.0,3.9,
FI_00003676,36218,36218,2023-06-19,66.14746634401799,26.16056580356087,,530.0,31.0,3.9,
FI_00003677,36218,36218,2023-06-19,66.14746634401799,26.16056580356087,,530.0,31.0,3.9,
FI_00003678,36218,36218,2023-07-04,66.14746634401799,26.16056580356087,,640.0,42.0,4.5,
FI_00003679,36218,36218,2023-07-04,66.14746634401799,26.16056580356087,,640.0,42.0,4.5,
FI_00003680,36218,36218,2023-07-04,66.14746634401799,26.16056580356087,,640.0,42.0,4.5,
FI_00003681,36218,36218,2023-07-04,66.14746634401799,26.16056580356087,,640.0,42.0,4.5,
FI_00003682,36218,36218,2023-07-04,66.14746634401799,26.16056580356087,,640.0,42.0,4.5,
FI_00003683,36218,36218,2023-07-04,66.14746634401799,26.16056580356087,,640.0,42.0,4.5,
FI_00003684,36218,36218,2023-08-14,66.14746634401799,26.16056580356087,,960.0,54.0,5.1,
FI_00003685,36218,36218,2023-08-14,66.14746634401799,26.16056580356087,,960.0,54.0,5.1,
FI_00003686,36218,36218,2023-08-14,66.14746634401799,26.16056580356087,,960.0,54.0,5.1,
FI_00003687,36218,36218,2023-08-14,66.14746634401799,26.16056580356087,,960.0,54.0,5.1,
FI_00003688,36218,36218,2023-08-14,66.14746634401799,26.16056580356087,,960.0,54.0,5.1,
FI_00003689,36218,36218,2023-08-14,66.14746634401799,26.16056580356087,,960.0,54.0,5.1,
FI_00003690,36218,36218,2023-08-28,66.14746634401799,26.16056580356087,,720.0,46.0,6.099999999999999,
FI_00003691,36218,36218,2023-08-28,66.14746634401799,26.16056580356087,,720.0,46.0,6.099999999999999,
FI_00003692,36218,36218,2023-08-28,66.14746634401799,26.16056580356087,,720.0,46.0,6.099999999999999,
FI_00003693,36218,36218,2023-08-28,66.14746634401799,26.16056580356087,,720.0,46.0,6.099999999999999,
FI_00003694,36218,36218,2023-08-28,66.14746634401799,26.16056580356087,,720.0,46.0,6.099999999999999,
FI_00003695,36218,36218,2023-08-28,66.14746634401799,26.16056580356087,,720.0,46.0,6.099999999999999,
FI_00003696,36218,36218,2023-09-12,66.14746634401799,26.16056580356087,,680.0,42.0,4.7,
FI_00003697,36218,36218,2023-09-12,66.14746634401799,26.16056580356087,,680.0,42.0,4.7,
FI_00003698,36218,36218,2023-09-12,66.14746634401799,26.16056580356087,,680.0,42.0,4.7,
FI_00003699,36218,36218,2023-09-12,66.14746634401799,26.16056580356087,,680.0,42.0,4.7,
FI_00003700,36218,36218,2023-09-12,66.14746634401799,26.16056580356087,,680.0,42.0,4.7,
FI_00003701,36218,36218,2023-09-12,66.14746634401799,26.16056580356087,,680.0,42.0,4.7,
FI_00003702,36218,36218,2023-09-25,66.14746634401799,26.16056580356087,,780.0,30.0,2.3,
FI_00003703,36218,36218,2023-09-25,66.14746634401799,26.16056580356087,,780.0,30.0,2.3,
FI_00003704,36218,36218,2023-09-25,66.14746634401799,26.16056580356087,,780.0,30.0,2.3,
FI_00003705,36218,36218,2023-09-25,66.14746634401799,26.16056580356087,,780.0,30.0,2.3,
FI_00003706,36218,36218,2023-09-25,66.14746634401799,26.16056580356087,,780.0,30.0,2.3,
FI_00003707,36218,36218,2023-09-25,66.14746634401799,26.16056580356087,,780.0,30.0,2.3,
FI_00003708,36218,36218,2023-10-10,66.14746634401799,26.16056580356087,,650.0,27.0,2.7999999999999994,
FI_00003709,36218,36218,2023-10-10,66.14746634401799,26.16056580356087,,650.0,27.0,2.7999999999999994,
FI_00003710,36218,36218,2023-10-10,66.14746634401799,26.16056580356087,,650.0,27.0,2.7999999999999994,
FI_00003711,36218,36218,2023-10-10,66.14746634401799,26.16056580356087,,650.0,27.0,2.7999999999999994,
FI_00003712,36218,36218,2023-10-10,66.14746634401799,26.16056580356087,,650.0,27.0,2.7999999999999994,
FI_00003713,36218,36218,2023-10-10,66.14746634401799,26.16056580356087,,650.0,27.0,2.7999999999999994,
FI_00003714,36218,36218,2023-10-23,66.14746634401799,26.16056580356087,,520.0,21.0,2.4,
FI_00003715,36218,36218,2023-10-23,66.14746634401799,26.16056580356087,,520.0,21.0,2.4,
FI_00003716,36218,36218,2023-10-23,66.14746634401799,26.16056580356087,,520.0,21.0,2.4,
FI_00003717,36218,36218,2023-10-23,66.14746634401799,26.16056580356087,,520.0,21.0,2.4,
FI_00003718,36218,36218,2023-10-23,66.14746634401799,26.16056580356087,,520.0,21.0,2.4,
FI_00003719,36218,36218,2023-10-23,66.14746634401799,26.16056580356087,,520.0,21.0,2.4,
FI_00003720,36218,36218,2023-11-09,66.14746634401799,26.16056580356087,,640.0,34.0,5.599999999999999,
FI_00003721,36218,36218,2023-11-09,66.14746634401799,26.16056580356087,,640.0,34.0,5.599999999999999,
FI_00003722,36218,36218,2023-11-09,66.14746634401799,26.16056580356087,,640.0,34.0,5.599999999999999,
FI_00003723,36218,36218,2023-11-09,66.14746634401799,26.16056580356087,,640.0,34.0,5.599999999999999,
FI_00003724,36218,36218,2023-11-09,66.14746634401799,26.16056580356087,,640.0,34.0,5.599999999999999,
FI_00003725,36218,36218,2023-11-09,66.14746634401799,26.16056580356087,,640.0,34.0,5.599999999999999,
FI_00003726,36218,36218,2023-12-07,66.14746634401799,26.16056580356087,,670.0,34.0,8.6,
FI_00003727,36218,36218,2023-12-07,66.14746634401799,26.16056580356087,,670.0,34.0,8.6,
FI_00003728,36218,36218,2023-12-07,66.14746634401799,26.16056580356087,,670.0,34.0,8.6,
FI_00003729,36218,36218,2023-12-07,66.14746634401799,26.16056580356087,,670.0,34.0,8.6,
FI_00003730,36218,36218,2023-12-07,66.14746634401799,26.16056580356087,,670.0,34.0,8.6,
FI_00003731,36218,36218,2023-12-07,66.14746634401799,26.16056580356087,,670.0,34.0,8.6,
FI_00003732,36218,36218,2024-01-16,66.14746634401799,26.16056580356087,,700.0,35.0,9.6,
FI_00003733,36218,36218,2024-01-16,66.14746634401799,26.16056580356087,,700.0,35.0,9.6,
FI_00003734,36218,36218,2024-01-16,66.14746634401799,26.16056580356087,,700.0,35.0,9.6,
FI_00003735,36218,36218,2024-01-16,66.14746634401799,26.16056580356087,,700.0,35.0,9.6,
FI_00003736,36218,36218,2024-01-16,66.14746634401799,26.16056580356087,,700.0,35.0,9.6,
FI_00003737,36218,36218,2024-01-16,66.14746634401799,26.16056580356087,,700.0,35.0,9.6,
FI_00003738,36218,36218,2024-02-02,66.14746634401799,26.16056580356087,,700.0,32.0,11.0,
FI_00003739,36218,36218,2024-02-02,66.14746634401799,26.16056580356087,,700.0,32.0,11.0,
FI_00003740,36218,36218,2024-02-02,66.14746634401799,26.16056580356087,,700.0,32.0,11.0,
FI_00003741,36218,36218,2024-02-02,66.14746634401799,26.16056580356087,,700.0,32.0,11.0,
FI_00003742,36218,36218,2024-02-02,66.14746634401799,26.16056580356087,,700.0,32.0,11.0,
FI_00003743,36218,36218,2024-02-02,66.14746634401799,26.16056580356087,,700.0,32.0,11.0,
FI_00003744,36218,36218,2024-03-07,66.14746634401799,26.16056580356087,,760.0,37.0,12.0,
FI_00003745,36218,36218,2024-03-07,66.14746634401799,26.16056580356087,,760.0,37.0,12.0,
FI_00003746,36218,36218,2024-03-07,66.14746634401799,26.16056580356087,,760.0,37.0,12.0,
FI_00003747,36218,36218,2024-03-07,66.14746634401799,26.16056580356087,,760.0,37.0,12.0,
FI_00003748,36218,36218,2024-03-07,66.14746634401799,26.16056580356087,,760.0,37.0,12.0,
FI_00003749,36218,36218,2024-03-07,66.14746634401799,26.16056580356087,,760.0,37.0,12.0,
FI_00003750,36218,36218,2024-04-04,66.14746634401799,26.16056580356087,,800.0,43.0,11.0,
FI_00003751,36218,36218,2024-04-04,66.14746634401799,26.16056580356087,,800.0,43.0,11.0,
FI_00003752,36218,36218,2024-04-04,66.14746634401799,26.16056580356087,,800.0,43.0,11.0,
FI_00003753,36218,36218,2024-04-04,66.14746634401799,26.16056580356087,,800.0,43.0,11.0,
FI_00003754,36218,36218,2024-04-04,66.14746634401799,26.16056580356087,,800.0,43.0,11.0,
FI_00003755,36218,36218,2024-04-04,66.14746634401799,26.16056580356087,,800.0,43.0,11.0,
FI_00003756,36218,36218,2024-04-10,66.14746634401799,26.16056580356087,,790.0,40.0,12.0,8.4
FI_00003757,36218,36218,2024-04-10,66.14746634401799,26.16056580356087,,790.0,40.0,12.0,8.4
FI_00003758,36218,36218,2024-04-10,66.14746634401799,26.16056580356087,,790.0,40.0,12.0,8.4
FI_00003759,36218,36218,2024-04-10,66.14746634401799,26.16056580356087,,790.0,40.0,12.0,8.4
FI_00003760,36218,36218,2024-04-10,66.14746634401799,26.16056580356087,,790.0,40.0,12.0,8.4
FI_00003761,36218,36218,2024-04-10,66.14746634401799,26.16056580356087,,790.0,40.0,12.0,8.4
FI_00003762,36218,36218,2024-04-15,66.14746634401799,26.16056580356087,,830.0,46.0,10.0,
FI_00003763,36218,36218,2024-04-15,66.14746634401799,26.16056580356087,,830.0,46.0,10.0,
FI_00003764,36218,36218,2024-04-15,66.14746634401799,26.16056580356087,,830.0,46.0,10.0,
FI_00003765,36218,36218,2024-04-15,66.14746634401799,26.16056580356087,,830.0,46.0,10.0,
FI_00003766,36218,36218,2024-04-15,66.14746634401799,26.16056580356087,,830.0,46.0,10.0,
FI_00003767,36218,36218,2024-04-15,66.14746634401799,26.16056580356087,,830.0,46.0,10.0,
FI_00003768,36218,36218,2024-04-24,66.14746634401799,26.16056580356087,,810.0,46.0,4.1,
FI_00003769,36218,36218,2024-04-24,66.14746634401799,26.16056580356087,,810.0,46.0,4.1,
FI_00003770,36218,36218,2024-04-24,66.14746634401799,26.16056580356087,,810.0,46.0,4.1,
FI_00003771,36218,36218,2024-04-24,66.14746634401799,26.16056580356087,,810.0,46.0,4.1,
FI_00003772,36218,36218,2024-04-24,66.14746634401799,26.16056580356087,,810.0,46.0,4.1,
FI_00003773,36218,36218,2024-04-24,66.14746634401799,26.16056580356087,,810.0,46.0,4.1,
FI_00003774,36218,36218,2024-04-30,66.14746634401799,26.16056580356087,,640.0,31.0,3.2999999999999994,
FI_00003775,36218,36218,2024-04-30,66.14746634401799,26.16056580356087,,640.0,31.0,3.2999999999999994,
FI_00003776,36218,36218,2024-04-30,66.14746634401799,26.16056580356087,,640.0,31.0,3.2999999999999994,
FI_00003777,36218,36218,2024-04-30,66.14746634401799,26.16056580356087,,640.0,31.0,3.2999999999999994,
FI_00003778,36218,36218,2024-04-30,66.14746634401799,26.16056580356087,,640.0,31.0,3.2999999999999994,
FI_00003779,36218,36218,2024-04-30,66.14746634401799,26.16056580356087,,640.0,31.0,3.2999999999999994,
FI_00003780,36218,36218,2024-05-07,66.14746634401799,26.16056580356087,,480.0,22.0,2.4,
FI_00003781,36218,36218,2024-05-07,66.14746634401799,26.16056580356087,,480.0,22.0,2.4,
FI_00003782,36218,36218,2024-05-07,66.14746634401799,26.16056580356087,,480.0,22.0,2.4,
FI_00003783,36218,36218,2024-05-07,66.14746634401799,26.16056580356087,,480.0,22.0,2.4,
FI_00003784,36218,36218,2024-05-07,66.14746634401799,26.16056580356087,,480.0,22.0,2.4,
FI_00003785,36218,36218,2024-05-07,66.14746634401799,26.16056580356087,,480.0,22.0,2.4,
FI_00003786,36218,36218,2024-05-15,66.14746634401799,26.16056580356087,,440.0,22.0,1.5,
FI_00003787,36218,36218,2024-05-15,66.14746634401799,26.16056580356087,,440.0,22.0,1.5,
FI_00003788,36218,36218,2024-05-15,66.14746634401799,26.16056580356087,,440.0,22.0,1.5,
FI_00003789,36218,36218,2024-05-15,66.14746634401799,26.16056580356087,,440.0,22.0,1.5,
FI_00003790,36218,36218,2024-05-15,66.14746634401799,26.16056580356087,,440.0,22.0,1.5,
FI_00003791,36218,36218,2024-05-15,66.14746634401799,26.16056580356087,,440.0,22.0,1.5,
FI_00003792,36218,36218,2024-05-21,66.14746634401799,26.16056580356087,,520.0,23.0,2.4,
FI_00003793,36218,36218,2024-05-21,66.14746634401799,26.16056580356087,,520.0,23.0,2.4,
FI_00003794,36218,36218,2024-05-21,66.14746634401799,26.16056580356087,,520.0,23.0,2.4,
FI_00003795,36218,36218,2024-05-21,66.14746634401799,26.16056580356087,,520.0,23.0,2.4,
FI_00003796,36218,36218,2024-05-21,66.14746634401799,26.16056580356087,,520.0,23.0,2.4,
FI_00003797,36218,36218,2024-05-21,66.14746634401799,26.16056580356087,,520.0,23.0,2.4,
FI_00003798,36218,36218,2024-05-27,66.14746634401799,26.16056580356087,,550.0,35.0,3.1,
FI_00003799,36218,36218,2024-05-27,66.14746634401799,26.16056580356087,,550.0,35.0,3.1,
FI_00003800,36218,36218,2024-05-27,66.14746634401799,26.16056580356087,,550.0,35.0,3.1,
FI_00003801,36218,36218,2024-05-27,66.14746634401799,26.16056580356087,,550.0,35.0,3.1,
FI_00003802,36218,36218,2024-05-27,66.14746634401799,26.16056580356087,,550.0,35.0,3.1,
FI_00003803,36218,36218,2024-05-27,66.14746634401799,26.16056580356087,,550.0,35.0,3.1,
FI_00003804,36218,36218,2024-06-03,66.14746634401799,26.16056580356087,,630.0,39.0,5.0,
FI_00003805,36218,36218,2024-06-03,66.14746634401799,26.16056580356087,,630.0,39.0,5.0,
FI_00003806,36218,36218,2024-06-03,66.14746634401799,26.16056580356087,,630.0,39.0,5.0,
FI_00003807,36218,36218,2024-06-03,66.14746634401799,26.16056580356087,,630.0,39.0,5.0,
FI_00003808,36218,36218,2024-06-03,66.14746634401799,26.16056580356087,,630.0,39.0,5.0,
FI_00003809,36218,36218,2024-06-03,66.14746634401799,26.16056580356087,,630.0,39.0,5.0,
FI_00003810,36218,36218,2024-06-18,66.14746634401799,26.16056580356087,,525.0,24.5,2.5500000000000003,2.5
FI_00003811,36218,36218,2024-06-18,66.14746634401799,26.16056580356087,,525.0,24.5,2.5500000000000003,2.5
FI_00003812,36218,36218,2024-06-18,66.14746634401799,26.16056580356087,,525.0,24.5,2.5500000000000003,2.5
FI_00003813,36218,36218,2024-06-18,66.14746634401799,26.16056580356087,,525.0,24.5,2.5500000000000003,2.5
FI_00003814,36218,36218,2024-06-18,66.14746634401799,26.16056580356087,,525.0,24.5,2.5500000000000003,2.5
FI_00003815,36218,36218,2024-06-18,66.14746634401799,26.16056580356087,,525.0,24.5,2.5500000000000003,2.5
FI_00003816,36218,36218,2024-07-24,66.14746634401799,26.16056580356087,,780.0,52.0,5.599999999999999,
FI_00003817,36218,36218,2024-07-24,66.14746634401799,26.16056580356087,,780.0,52.0,5.599999999999999,
FI_00003818,36218,36218,2024-07-24,66.14746634401799,26.16056580356087,,780.0,52.0,5.599999999999999,
FI_00003819,36218,36218,2024-07-24,66.14746634401799,26.16056580356087,,780.0,52.0,5.599999999999999,
FI_00003820,36218,36218,2024-07-24,66.14746634401799,26.16056580356087,,780.0,52.0,5.599999999999999,
FI_00003821,36218,36218,2024-07-24,66.14746634401799,26.16056580356087,,780.0,52.0,5.599999999999999,
FI_00003822,36218,36218,2024-08-15,66.14746634401799,26.16056580356087,,670.0,47.0,4.3,
FI_00003823,36218,36218,2024-08-15,66.14746634401799,26.16056580356087,,670.0,47.0,4.3,
FI_00003824,36218,36218,2024-08-15,66.14746634401799,26.16056580356087,,670.0,47.0,4.3,
FI_00003825,36218,36218,2024-08-15,66.14746634401799,26.16056580356087,,670.0,47.0,4.3,
FI_00003826,36218,36218,2024-08-15,66.14746634401799,26.16056580356087,,670.0,47.0,4.3,
FI_00003827,36218,36218,2024-08-15,66.14746634401799,26.16056580356087,,670.0,47.0,4.3,
FI_00003828,36218,36218,2024-08-26,66.14746634401799,26.16056580356087,,565.0,54.5,7.15,6.599999999999999
FI_00003829,36218,36218,2024-08-26,66.14746634401799,26.16056580356087,,565.0,54.5,7.15,6.599999999999999
FI_00003830,36218,36218,2024-08-26,66.14746634401799,26.16056580356087,,565.0,54.5,7.15,6.599999999999999
FI_00003831,36218,36218,2024-08-26,66.14746634401799,26.16056580356087,,565.0,54.5,7.15,6.599999999999999
FI_00003832,36218,36218,2024-08-26,66.14746634401799,26.16056580356087,,565.0,54.5,7.15,6.599999999999999
FI_00003833,36218,36218,2024-08-26,66.14746634401799,26.16056580356087,,565.0,54.5,7.15,6.599999999999999
FI_00003834,36218,36218,2024-09-12,66.14746634401799,26.16056580356087,,510.0,37.0,5.3,
FI_00003835,36218,36218,2024-09-12,66.14746634401799,26.16056580356087,,510.0,37.0,5.3,
FI_00003836,36218,36218,2024-09-12,66.14746634401799,26.16056580356087,,510.0,37.0,5.3,
FI_00003837,36218,36218,2024-09-12,66.14746634401799,26.16056580356087,,510.0,37.0,5.3,
FI_00003838,36218,36218,2024-09-12,66.14746634401799,26.16056580356087,,510.0,37.0,5.3,
FI_00003839,36218,36218,2024-09-12,66.14746634401799,26.16056580356087,,510.0,37.0,5.3,
FI_00003840,36218,36218,2024-09-23,66.14746634401799,26.16056580356087,,645.0,47.0,7.699999999999999,5.400000000000001
FI_00003841,36218,36218,2024-09-23,66.14746634401799,26.16056580356087,,645.0,47.0,7.699999999999999,5.400000000000001
FI_00003842,36218,36218,2024-09-23,66.14746634401799,26.16056580356087,,645.0,47.0,7.699999999999999,5.400000000000001
FI_00003843,36218,36218,2024-09-23,66.14746634401799,26.16056580356087,,645.0,47.0,7.699999999999999,5.400000000000001
FI_00003844,36218,36218,2024-09-23,66.14746634401799,26.16056580356087,,645.0,47.0,7.699999999999999,5.400000000000001
FI_00003845,36218,36218,2024-09-23,66.14746634401799,26.16056580356087,,645.0,47.0,7.699999999999999,5.400000000000001
FI_00003846,36218,36218,2024-10-07,66.14746634401799,26.16056580356087,,440.0,23.0,3.2000000000000006,
FI_00003847,36218,36218,2024-10-07,66.14746634401799,26.16056580356087,,440.0,23.0,3.2000000000000006,
FI_00003848,36218,36218,2024-10-07,66.14746634401799,26.16056580356087,,440.0,23.0,3.2000000000000006,
FI_00003849,36218,36218,2024-10-07,66.14746634401799,26.16056580356087,,440.0,23.0,3.2000000000000006,
FI_00003850,36218,36218,2024-10-07,66.14746634401799,26.16056580356087,,440.0,23.0,3.2000000000000006,
FI_00003851,36218,36218,2024-10-07,66.14746634401799,26.16056580356087,,440.0,23.0,3.2000000000000006,
FI_00003852,36218,36218,2024-10-21,66.14746634401799,26.16056580356087,,550.0,20.0,2.7000000000000006,
FI_00003853,36218,36218,2024-10-21,66.14746634401799,26.16056580356087,,550.0,20.0,2.7000000000000006,
FI_00003854,36218,36218,2024-10-21,66.14746634401799,26.16056580356087,,550.0,20.0,2.7000000000000006,
FI_00003855,36218,36218,2024-10-21,66.14746634401799,26.16056580356087,,550.0,20.0,2.7000000000000006,
FI_00003856,36218,36218,2024-10-21,66.14746634401799,26.16056580356087,,550.0,20.0,2.7000000000000006,
FI_00003857,36218,36218,2024-10-21,66.14746634401799,26.16056580356087,,550.0,20.0,2.7000000000000006,
FI_00003858,36218,36218,2024-11-07,66.14746634401799,26.16056580356087,,530.0,18.0,2.3,
FI_00003859,36218,36218,2024-11-07,66.14746634401799,26.16056580356087,,530.0,18.0,2.3,
FI_00003860,36218,36218,2024-11-07,66.14746634401799,26.16056580356087,,530.0,18.0,2.3,
FI_00003861,36218,36218,2024-11-07,66.14746634401799,26.16056580356087,,530.0,18.0,2.3,
FI_00003862,36218,36218,2024-11-07,66.14746634401799,26.16056580356087,,530.0,18.0,2.3,
FI_00003863,36218,36218,2024-11-07,66.14746634401799,26.16056580356087,,530.0,18.0,2.3,
FI_00003864,36218,36218,2024-12-03,66.14746634401799,26.16056580356087,,500.0,24.0,3.7000000000000006,
FI_00003865,36218,36218,2024-12-03,66.14746634401799,26.16056580356087,,500.0,24.0,3.7000000000000006,
FI_00003866,36218,36218,2024-12-03,66.14746634401799,26.16056580356087,,500.0,24.0,3.7000000000000006,
FI_00003867,36218,36218,2024-12-03,66.14746634401799,26.16056580356087,,500.0,24.0,3.7000000000000006,
FI_00003868,36218,36218,2024-12-03,66.14746634401799,26.16056580356087,,500.0,24.0,3.7000000000000006,
FI_00003869,36218,36218,2024-12-03,66.14746634401799,26.16056580356087,,500.0,24.0,3.7000000000000006,
FI_00004014,3698,3698,2023-02-13,60.060895486883744,23.2419979373732,6.900000000000001,533.3333333333334,28.33333333333333,2.2,922.5
FI_00004015,3698,3698,2023-02-13,60.060895486883744,23.2419979373732,6.900000000000001,533.3333333333334,28.33333333333333,2.2,922.5
FI_00004016,3698,3698,2023-02-13,60.060895486883744,23.2419979373732,6.900000000000001,533.3333333333334,28.33333333333333,2.2,922.5
FI_00004017,3698,3698,2023-02-13,60.060895486883744,23.2419979373732,6.900000000000001,533.3333333333334,28.33333333333333,2.2,922.5
FI_00004018,3698,3698,2023-02-13,60.060895486883744,23.2419979373732,6.900000000000001,533.3333333333334,28.33333333333333,2.2,922.5
FI_00004019,3698,3698,2023-02-13,60.060895486883744,23.2419979373732,6.900000000000001,533.3333333333334,28.33333333333333,2.2,922.5
FI_00004020,3698,3698,2023-07-31,60.060895486883744,23.2419979373732,1.2,450.0,61.66666666666666,2.72,897.5
FI_00004021,3698,3698,2023-07-31,60.060895486883744,23.2419979373732,1.2,450.0,61.66666666666666,2.72,897.5
FI_00004022,3698,3698,2023-07-31,60.060895486883744,23.2419979373732,1.2,450.0,61.66666666666666,2.72,897.5
FI_00004023,3698,3698,2023-07-31,60.060895486883744,23.2419979373732,1.2,450.0,61.66666666666666,2.72,897.5
FI_00004024,3698,3698,2023-07-31,60.060895486883744,23.2419979373732,1.2,450.0,61.66666666666666,2.72,897.5
FI_00004025,3698,3698,2023-07-31,60.060895486883744,23.2419979373732,1.2,450.0,61.66666666666666,2.72,897.5
FI_00004026,3698,3698,2024-02-22,60.060895486883744,23.2419979373732,1.3999999999999997,536.6666666666666,29.666666666666668,1.1700000000000002,907.5
FI_00004027,3698,3698,2024-02-22,60.060895486883744,23.2419979373732,1.3999999999999997,536.6666666666666,29.666666666666668,1.1700000000000002,907.5
FI_00004028,3698,3698,2024-02-22,60.060895486883744,23.2419979373732,1.3999999999999997,536.6666666666666,29.666666666666668,1.1700000000000002,907.5
FI_00004029,3698,3698,2024-02-22,60.060895486883744,23.2419979373732,1.3999999999999997,536.6666666666666,29.666666666666668,1.1700000000000002,907.5
FI_00004030,3698,3698,2024-02-22,60.060895486883744,23.2419979373732,1.3999999999999997,536.6666666666666,29.666666666666668,1.1700000000000002,907.5
FI_00004031,3698,3698,2024-02-22,60.060895486883744,23.2419979373732,1.3999999999999997,536.6666666666666,29.666666666666668,1.1700000000000002,907.5
FI_00004032,3698,3698,2024-07-31,60.060895486883744,23.2419979373732,4.1,366.6666666666667,36.333333333333336,1.155,842.5
FI_00004033,3698,3698,2024-07-31,60.060895486883744,23.2419979373732,4.1,366.6666666666667,36.333333333333336,1.155,842.5
FI_00004034,3698,3698,2024-07-31,60.060895486883744,23.2419979373732,4.1,366.6666666666667,36.333333333333336,1.155,842.5
FI_00004035,3698,3698,2024-07-31,60.060895486883744,23.2419979373732,4.1,366.6666666666667,36.333333333333336,1.155,842.5
FI_00004036,3698,3698,2024-07-31,60.060895486883744,23.2419979373732,4.1,366.6666666666667,36.333333333333336,1.155,842.5
FI_00004037,3698,3698,2024-07-31,60.060895486883744,23.2419979373732,4.1,366.6666666666667,36.333333333333336,1.155,842.5
FI_00004038,3700,3700,2023-02-13,60.06661571857302,23.20595386104933,7.099999999999999,670.0,27.666666666666668,2.0875,925.0
FI_00004039,3700,3700,2023-02-13,60.06661571857302,23.20595386104933,7.099999999999999,670.0,27.666666666666668,2.0875,925.0
FI_00004040,3700,3700,2023-02-13,60.06661571857302,23.20595386104933,7.099999999999999,670.0,27.666666666666668,2.0875,925.0
FI_00004041,3700,3700,2023-02-13,60.06661571857302,23.20595386104933,7.099999999999999,670.0,27.666666666666668,2.0875,925.0
FI_00004042,3700,3700,2023-02-13,60.06661571857302,23.20595386104933,7.099999999999999,670.0,27.666666666666668,2.0875,925.0
FI_00004043,3700,3700,2023-02-13,60.06661571857302,23.20595386104933,7.099999999999999,670.0,27.666666666666668,2.0875,925.0
FI_00004044,3700,3700,2023-07-31,60.06661571857302,23.20595386104933,2.2,360.0,35.0,1.855,900.0
FI_00004045,3700,3700,2023-07-31,60.06661571857302,23.20595386104933,2.2,360.0,35.0,1.855,900.0
FI_00004046,3700,3700,2023-07-31,60.06661571857302,23.20595386104933,2.2,360.0,35.0,1.855,900.0
FI_00004047,3700,3700,2023-07-31,60.06661571857302,23.20595386104933,2.2,360.0,35.0,1.855,900.0
FI_00004048,3700,3700,2023-07-31,60.06661571857302,23.20595386104933,2.2,360.0,35.0,1.855,900.0
FI_00004049,3700,3700,2023-07-31,60.06661571857302,23.20595386104933,2.2,360.0,35.0,1.855,900.0
FI_00004050,3700,3700,2024-02-22,60.06661571857302,23.20595386104933,1.0,626.6666666666666,30.666666666666668,1.3475,885.0
FI_00004051,3700,3700,2024-02-22,60.06661571857302,23.20595386104933,1.0,626.6666666666666,30.666666666666668,1.3475,885.0
FI_00004052,3700,3700,2024-02-22,60.06661571857302,23.20595386104933,1.0,626.6666666666666,30.666666666666668,1.3475,885.0
FI_00004053,3700,3700,2024-02-22,60.06661571857302,23.20595386104933,1.0,626.6666666666666,30.666666666666668,1.3475,885.0
FI_00004054,3700,3700,2024-02-22,60.06661571857302,23.20595386104933,1.0,626.6666666666666,30.666666666666668,1.3475,885.0
FI_00004055,3700,3700,2024-02-22,60.06661571857302,23.20595386104933,1.0,626.6666666666666,30.666666666666668,1.3475,885.0
FI_00004056,3700,3700,2024-07-31,60.06661571857302,23.20595386104933,3.0,396.6666666666667,16.666666666666668,1.3075,837.5
FI_00004057,3700,3700,2024-07-31,60.06661571857302,23.20595386104933,3.0,396.6666666666667,16.666666666666668,1.3075,837.5
FI_00004058,3700,3700,2024-07-31,60.06661571857302,23.20595386104933,3.0,396.6666666666667,16.666666666666668,1.3075,837.5
FI_00004059,3700,3700,2024-07-31,60.06661571857302,23.20595386104933,3.0,396.6666666666667,16.666666666666668,1.3075,837.5
FI_00004060,3700,3700,2024-07-31,60.06661571857302,23.20595386104933,3.0,396.6666666666667,16.666666666666668,1.3075,837.5
FI_00004061,3700,3700,2024-07-31,60.06661571857302,23.20595386104933,3.0,396.6666666666667,16.666666666666668,1.3075,837.5
FI_00004560,42344,42344,2023-01-16,60.871883214383296,22.40960975140388,,3600.0,126.5,98.0,8.6
FI_00004561,42344,42344,2023-01-16,60.871883214383296,22.40960975140388,,3600.0,126.5,98.0,8.6
FI_00004562,42344,42344,2023-01-16,60.871883214383296,22.40960975140388,,3600.0,126.5,98.0,8.6
FI_00004563,42344,42344,2023-01-16,60.871883214383296,22.40960975140388,,3600.0,126.5,98.0,8.6
FI_00004564,42344,42344,2023-01-16,60.871883214383296,22.40960975140388,,3600.0,126.5,98.0,8.6
FI_00004565,42344,42344,2023-01-16,60.871883214383296,22.40960975140388,,3600.0,126.5,98.0,8.6
FI_00004566,42344,42344,2023-02-07,60.871883214383296,22.40960975140388,,2000.0,39.0,16.0,10.0
FI_00004567,42344,42344,2023-02-07,60.871883214383296,22.40960975140388,,2000.0,39.0,16.0,10.0
FI_00004568,42344,42344,2023-02-07,60.871883214383296,22.40960975140388,,2000.0,39.0,16.0,10.0
FI_00004569,42344,42344,2023-02-07,60.871883214383296,22.40960975140388,,2000.0,39.0,16.0,10.0
FI_00004570,42344,42344,2023-02-07,60.871883214383296,22.40960975140388,,2000.0,39.0,16.0,10.0
FI_00004571,42344,42344,2023-02-07,60.871883214383296,22.40960975140388,,2000.0,39.0,16.0,10.0
FI_00004572,42344,42344,2023-03-06,60.871883214383296,22.40960975140388,,1600.0,44.0,15.0,11.0
FI_00004573,42344,42344,2023-03-06,60.871883214383296,22.40960975140388,,1600.0,44.0,15.0,11.0
FI_00004574,42344,42344,2023-03-06,60.871883214383296,22.40960975140388,,1600.0,44.0,15.0,11.0
FI_00004575,42344,42344,2023-03-06,60.871883214383296,22.40960975140388,,1600.0,44.0,15.0,11.0
FI_00004576,42344,42344,2023-03-06,60.871883214383296,22.40960975140388,,1600.0,44.0,15.0,11.0
FI_00004577,42344,42344,2023-03-06,60.871883214383296,22.40960975140388,,1600.0,44.0,15.0,11.0
FI_00004578,42344,42344,2023-04-11,60.871883214383296,22.40960975140388,,3300.0,69.0,56.0,11.0
FI_00004579,42344,42344,2023-04-11,60.871883214383296,22.40960975140388,,3300.0,69.0,56.0,11.0
FI_00004580,42344,42344,2023-04-11,60.871883214383296,22.40960975140388,,3300.0,69.0,56.0,11.0
FI_00004581,42344,42344,2023-04-11,60.871883214383296,22.40960975140388,,3300.0,69.0,56.0,11.0
FI_00004582,42344,42344,2023-04-11,60.871883214383296,22.40960975140388,,3300.0,69.0,56.0,11.0
FI_00004583,42344,42344,2023-04-11,60.871883214383296,22.40960975140388,,3300.0,69.0,56.0,11.0
FI_00004584,42344,42344,2023-05-15,60.871883214383296,22.40960975140388,,1500.0,65.0,20.0,9.9
FI_00004585,42344,42344,2023-05-15,60.871883214383296,22.40960975140388,,1500.0,65.0,20.0,9.9
FI_00004586,42344,42344,2023-05-15,60.871883214383296,22.40960975140388,,1500.0,65.0,20.0,9.9
FI_00004587,42344,42344,2023-05-15,60.871883214383296,22.40960975140388,,1500.0,65.0,20.0,9.9
FI_00004588,42344,42344,2023-05-15,60.871883214383296,22.40960975140388,,1500.0,65.0,20.0,9.9
FI_00004589,42344,42344,2023-05-15,60.871883214383296,22.40960975140388,,1500.0,65.0,20.0,9.9
FI_00004590,42344,42344,2023-06-12,60.871883214383296,22.40960975140388,,880.0,61.0,5.8,13.0
FI_00004591,42344,42344,2023-06-12,60.871883214383296,22.40960975140388,,880.0,61.0,5.8,13.0
FI_00004592,42344,42344,2023-06-12,60.871883214383296,22.40960975140388,,880.0,61.0,5.8,13.0
FI_00004593,42344,42344,2023-06-12,60.871883214383296,22.40960975140388,,880.0,61.0,5.8,13.0
FI_00004594,42344,42344,2023-06-12,60.871883214383296,22.40960975140388,,880.0,61.0,5.8,13.0
FI_00004595,42344,42344,2023-06-12,60.871883214383296,22.40960975140388,,880.0,61.0,5.8,13.0
FI_00004596,42344,42344,2023-07-03,60.871883214383296,22.40960975140388,,970.0,101.0,5.8,13.0
FI_00004597,42344,42344,2023-07-03,60.871883214383296,22.40960975140388,,970.0,101.0,5.8,13.0
FI_00004598,42344,42344,2023-07-03,60.871883214383296,22.40960975140388,,970.0,101.0,5.8,13.0
FI_00004599,42344,42344,2023-07-03,60.871883214383296,22.40960975140388,,970.0,101.0,5.8,13.0
FI_00004600,42344,42344,2023-07-03,60.871883214383296,22.40960975140388,,970.0,101.0,5.8,13.0
FI_00004601,42344,42344,2023-07-03,60.871883214383296,22.40960975140388,,970.0,101.0,5.8,13.0
FI_00004602,42344,42344,2023-08-14,60.871883214383296,22.40960975140388,,920.0,102.5,5.3,18.0
FI_00004603,42344,42344,2023-08-14,60.871883214383296,22.40960975140388,,920.0,102.5,5.3,18.0
FI_00004604,42344,42344,2023-08-14,60.871883214383296,22.40960975140388,,920.0,102.5,5.3,18.0
FI_00004605,42344,42344,2023-08-14,60.871883214383296,22.40960975140388,,920.0,102.5,5.3,18.0
FI_00004606,42344,42344,2023-08-14,60.871883214383296,22.40960975140388,,920.0,102.5,5.3,18.0
FI_00004607,42344,42344,2023-08-14,60.871883214383296,22.40960975140388,,920.0,102.5,5.3,18.0
FI_00004608,42344,42344,2023-09-04,60.871883214383296,22.40960975140388,,1800.0,84.0,31.0,11.0
FI_00004609,42344,42344,2023-09-04,60.871883214383296,22.40960975140388,,1800.0,84.0,31.0,11.0
FI_00004610,42344,42344,2023-09-04,60.871883214383296,22.40960975140388,,1800.0,84.0,31.0,11.0
FI_00004611,42344,42344,2023-09-04,60.871883214383296,22.40960975140388,,1800.0,84.0,31.0,11.0
FI_00004612,42344,42344,2023-09-04,60.871883214383296,22.40960975140388,,1800.0,84.0,31.0,11.0
FI_00004613,42344,42344,2023-09-04,60.871883214383296,22.40960975140388,,1800.0,84.0,31.0,11.0
FI_00004614,42344,42344,2023-10-24,60.871883214383296,22.40960975140388,,2100.0,68.0,17.0,11.0
FI_00004615,42344,42344,2023-10-24,60.871883214383296,22.40960975140388,,2100.0,68.0,17.0,11.0
FI_00004616,42344,42344,2023-10-24,60.871883214383296,22.40960975140388,,2100.0,68.0,17.0,11.0
FI_00004617,42344,42344,2023-10-24,60.871883214383296,22.40960975140388,,2100.0,68.0,17.0,11.0
FI_00004618,42344,42344,2023-10-24,60.871883214383296,22.40960975140388,,2100.0,68.0,17.0,11.0
FI_00004619,42344,42344,2023-10-24,60.871883214383296,22.40960975140388,,2100.0,68.0,17.0,11.0
FI_00004620,42344,42344,2023-11-13,60.871883214383296,22.40960975140388,,2500.0,119.5,75.0,9.1
FI_00004621,42344,42344,2023-11-13,60.871883214383296,22.40960975140388,,2500.0,119.5,75.0,9.1
FI_00004622,42344,42344,2023-11-13,60.871883214383296,22.40960975140388,,2500.0,119.5,75.0,9.1
FI_00004623,42344,42344,2023-11-13,60.871883214383296,22.40960975140388,,2500.0,119.5,75.0,9.1
FI_00004624,42344,42344,2023-11-13,60.871883214383296,22.40960975140388,,2500.0,119.5,75.0,9.1
FI_00004625,42344,42344,2023-11-13,60.871883214383296,22.40960975140388,,2500.0,119.5,75.0,9.1
FI_00004626,42344,42344,2023-12-11,60.871883214383296,22.40960975140388,,1600.0,65.0,20.0,10.0
FI_00004627,42344,42344,2023-12-11,60.871883214383296,22.40960975140388,,1600.0,65.0,20.0,10.0
FI_00004628,42344,42344,2023-12-11,60.871883214383296,22.40960975140388,,1600.0,65.0,20.0,10.0
FI_00004629,42344,42344,2023-12-11,60.871883214383296,22.40960975140388,,1600.0,65.0,20.0,10.0
FI_00004630,42344,42344,2023-12-11,60.871883214383296,22.40960975140388,,1600.0,65.0,20.0,10.0
FI_00004631,42344,42344,2023-12-11,60.871883214383296,22.40960975140388,,1600.0,65.0,20.0,10.0
FI_00004632,42344,42344,2024-01-08,60.871883214383296,22.40960975140388,,1700.0,98.5,21.0,12.0
FI_00004633,42344,42344,2024-01-08,60.871883214383296,22.40960975140388,,1700.0,98.5,21.0,12.0
FI_00004634,42344,42344,2024-01-08,60.871883214383296,22.40960975140388,,1700.0,98.5,21.0,12.0
FI_00004635,42344,42344,2024-01-08,60.871883214383296,22.40960975140388,,1700.0,98.5,21.0,12.0
FI_00004636,42344,42344,2024-01-08,60.871883214383296,22.40960975140388,,1700.0,98.5,21.0,12.0
FI_00004637,42344,42344,2024-01-08,60.871883214383296,22.40960975140388,,1700.0,98.5,21.0,12.0
FI_00004638,42344,42344,2024-02-12,60.871883214383296,22.40960975140388,,1700.0,63.0,21.0,12.0
FI_00004639,42344,42344,2024-02-12,60.871883214383296,22.40960975140388,,1700.0,63.0,21.0,12.0
FI_00004640,42344,42344,2024-02-12,60.871883214383296,22.40960975140388,,1700.0,63.0,21.0,12.0
FI_00004641,42344,42344,2024-02-12,60.871883214383296,22.40960975140388,,1700.0,63.0,21.0,12.0
FI_00004642,42344,42344,2024-02-12,60.871883214383296,22.40960975140388,,1700.0,63.0,21.0,12.0
FI_00004643,42344,42344,2024-02-12,60.871883214383296,22.40960975140388,,1700.0,63.0,21.0,12.0
FI_00004644,42344,42344,2024-03-06,60.871883214383296,22.40960975140388,,2100.0,79.0,20.0,9.6
FI_00004645,42344,42344,2024-03-06,60.871883214383296,22.40960975140388,,2100.0,79.0,20.0,9.6
FI_00004646,42344,42344,2024-03-06,60.871883214383296,22.40960975140388,,2100.0,79.0,20.0,9.6
FI_00004647,42344,42344,2024-03-06,60.871883214383296,22.40960975140388,,2100.0,79.0,20.0,9.6
FI_00004648,42344,42344,2024-03-06,60.871883214383296,22.40960975140388,,2100.0,79.0,20.0,9.6
FI_00004649,42344,42344,2024-03-06,60.871883214383296,22.40960975140388,,2100.0,79.0,20.0,9.6
FI_00004650,42344,42344,2024-04-22,60.871883214383296,22.40960975140388,,1400.0,50.5,19.0,8.4
FI_00004651,42344,42344,2024-04-22,60.871883214383296,22.40960975140388,,1400.0,50.5,19.0,8.4
FI_00004652,42344,42344,2024-04-22,60.871883214383296,22.40960975140388,,1400.0,50.5,19.0,8.4
FI_00004653,42344,42344,2024-04-22,60.871883214383296,22.40960975140388,,1400.0,50.5,19.0,8.4
FI_00004654,42344,42344,2024-04-22,60.871883214383296,22.40960975140388,,1400.0,50.5,19.0,8.4
FI_00004655,42344,42344,2024-04-22,60.871883214383296,22.40960975140388,,1400.0,50.5,19.0,8.4
FI_00004656,42344,42344,2024-05-14,60.871883214383296,22.40960975140388,,1400.0,65.0,18.0,10.0
FI_00004657,42344,42344,2024-05-14,60.871883214383296,22.40960975140388,,1400.0,65.0,18.0,10.0
FI_00004658,42344,42344,2024-05-14,60.871883214383296,22.40960975140388,,1400.0,65.0,18.0,10.0
FI_00004659,42344,42344,2024-05-14,60.871883214383296,22.40960975140388,,1400.0,65.0,18.0,10.0
FI_00004660,42344,42344,2024-05-14,60.871883214383296,22.40960975140388,,1400.0,65.0,18.0,10.0
FI_00004661,42344,42344,2024-05-14,60.871883214383296,22.40960975140388,,1400.0,65.0,18.0,10.0
FI_00004662,42344,42344,2024-06-26,60.871883214383296,22.40960975140388,,3000.0,84.5,5.1,15.0
FI_00004663,42344,42344,2024-06-26,60.871883214383296,22.40960975140388,,3000.0,84.5,5.1,15.0
FI_00004664,42344,42344,2024-06-26,60.871883214383296,22.40960975140388,,3000.0,84.5,5.1,15.0
FI_00004665,42344,42344,2024-06-26,60.871883214383296,22.40960975140388,,3000.0,84.5,5.1,15.0
FI_00004666,42344,42344,2024-06-26,60.871883214383296,22.40960975140388,,3000.0,84.5,5.1,15.0
FI_00004667,42344,42344,2024-06-26,60.871883214383296,22.40960975140388,,3000.0,84.5,5.1,15.0
FI_00004668,42344,42344,2024-07-02,60.871883214383296,22.40960975140388,,2200.0,115.0,6.3,15.0
FI_00004669,42344,42344,2024-07-02,60.871883214383296,22.40960975140388,,2200.0,115.0,6.3,15.0
FI_00004670,42344,42344,2024-07-02,60.871883214383296,22.40960975140388,,2200.0,115.0,6.3,15.0
FI_00004671,42344,42344,2024-07-02,60.871883214383296,22.40960975140388,,2200.0,115.0,6.3,15.0
FI_00004672,42344,42344,2024-07-02,60.871883214383296,22.40960975140388,,2200.0,115.0,6.3,15.0
FI_00004673,42344,42344,2024-07-02,60.871883214383296,22.40960975140388,,2200.0,115.0,6.3,15.0
FI_00004674,42344,42344,2024-08-20,60.871883214383296,22.40960975140388,,1600.0,190.0,8.8,15.0
FI_00004675,42344,42344,2024-08-20,60.871883214383296,22.40960975140388,,1600.0,190.0,8.8,15.0
FI_00004676,42344,42344,2024-08-20,60.871883214383296,22.40960975140388,,1600.0,190.0,8.8,15.0
FI_00004677,42344,42344,2024-08-20,60.871883214383296,22.40960975140388,,1600.0,190.0,8.8,15.0
FI_00004678,42344,42344,2024-08-20,60.871883214383296,22.40960975140388,,1600.0,190.0,8.8,15.0
FI_00004679,42344,42344,2024-08-20,60.871883214383296,22.40960975140388,,1600.0,190.0,8.8,15.0
FI_00004680,42344,42344,2024-09-03,60.871883214383296,22.40960975140388,,2500.0,134.0,11.0,16.0
FI_00004681,42344,42344,2024-09-03,60.871883214383296,22.40960975140388,,2500.0,134.0,11.0,16.0
FI_00004682,42344,42344,2024-09-03,60.871883214383296,22.40960975140388,,2500.0,134.0,11.0,16.0
FI_00004683,42344,42344,2024-09-03,60.871883214383296,22.40960975140388,,2500.0,134.0,11.0,16.0
FI_00004684,42344,42344,2024-09-03,60.871883214383296,22.40960975140388,,2500.0,134.0,11.0,16.0
FI_00004685,42344,42344,2024-09-03,60.871883214383296,22.40960975140388,,2500.0,134.0,11.0,16.0
FI_00004686,42344,42344,2024-10-28,60.871883214383296,22.40960975140388,,2700.0,95.5,37.0,14.0
FI_00004687,42344,42344,2024-10-28,60.871883214383296,22.40960975140388,,2700.0,95.5,37.0,14.0
FI_00004688,42344,42344,2024-10-28,60.871883214383296,22.40960975140388,,2700.0,95.5,37.0,14.0
FI_00004689,42344,42344,2024-10-28,60.871883214383296,22.40960975140388,,2700.0,95.5,37.0,14.0
FI_00004690,42344,42344,2024-10-28,60.871883214383296,22.40960975140388,,2700.0,95.5,37.0,14.0
FI_00004691,42344,42344,2024-10-28,60.871883214383296,22.40960975140388,,2700.0,95.5,37.0,14.0
FI_00004692,42344,42344,2024-11-11,60.871883214383296,22.40960975140388,,3300.0,72.5,30.0,13.0
FI_00004693,42344,42344,2024-11-11,60.871883214383296,22.40960975140388,,3300.0,72.5,30.0,13.0
FI_00004694,42344,42344,2024-11-11,60.871883214383296,22.40960975140388,,3300.0,72.5,30.0,13.0
FI_00004695,42344,42344,2024-11-11,60.871883214383296,22.40960975140388,,3300.0,72.5,30.0,13.0
FI_00004696,42344,42344,2024-11-11,60.871883214383296,22.40960975140388,,3300.0,72.5,30.0,13.0
FI_00004697,42344,42344,2024-11-11,60.871883214383296,22.40960975140388,,3300.0,72.5,30.0,13.0
FI_00004698,42344,42344,2024-12-11,60.871883214383296,22.40960975140388,,2100.0,48.0,32.0,11.0
FI_00004699,42344,42344,2024-12-11,60.871883214383296,22.40960975140388,,2100.0,48.0,32.0,11.0
FI_00004700,42344,42344,2024-12-11,60.871883214383296,22.40960975140388,,2100.0,48.0,32.0,11.0
FI_00004701,42344,42344,2024-12-11,60.871883214383296,22.40960975140388,,2100.0,48.0,32.0,11.0
FI_00004702,42344,42344,2024-12-11,60.871883214383296,22.40960975140388,,2100.0,48.0,32.0,11.0
FI_00004703,42344,42344,2024-12-11,60.871883214383296,22.40960975140388,,2100.0,48.0,32.0,11.0
FI_00005610,49173,Yläjärvi,2023-02-13,63.742509416807785,26.78894568576091,,1100.0,80.0,9.3,5.900000000000001
FI_00005611,49173,Yläjärvi,2023-02-13,63.742509416807785,26.78894568576091,,1100.0,80.0,9.3,5.900000000000001
FI_00005612,49173,Yläjärvi,2023-02-13,63.742509416807785,26.78894568576091,,1100.0,80.0,9.3,5.900000000000001
FI_00005613,49173,Yläjärvi,2023-02-13,63.742509416807785,26.78894568576091,,1100.0,80.0,9.3,5.900000000000001
FI_00005614,49173,Yläjärvi,2023-02-13,63.742509416807785,26.78894568576091,,1100.0,80.0,9.3,5.900000000000001
FI_00005615,49173,Yläjärvi,2023-02-13,63.742509416807785,26.78894568576091,,1100.0,80.0,9.3,5.900000000000001
FI_00005616,49173,Yläjärvi,2023-07-26,63.742509416807785,26.78894568576091,25.0,1300.0,120.0,5.599999999999999,3.7000000000000006
FI_00005617,49173,Yläjärvi,2023-07-26,63.742509416807785,26.78894568576091,25.0,1300.0,120.0,5.599999999999999,3.7000000000000006
FI_00005618,49173,Yläjärvi,2023-07-26,63.742509416807785,26.78894568576091,25.0,1300.0,120.0,5.599999999999999,3.7000000000000006
FI_00005619,49173,Yläjärvi,2023-07-26,63.742509416807785,26.78894568576091,25.0,1300.0,120.0,5.599999999999999,3.7000000000000006
FI_00005620,49173,Yläjärvi,2023-07-26,63.742509416807785,26.78894568576091,25.0,1300.0,120.0,5.599999999999999,3.7000000000000006
FI_00005621,49173,Yläjärvi,2023-07-26,63.742509416807785,26.78894568576091,25.0,1300.0,120.0,5.599999999999999,3.7000000000000006
FI_00005622,50330,50330,2023-02-16,59.89158065181677,23.68250100820626,1.0,356.6666666666667,30.0,0.7739999999999999,1100.0
FI_00005623,50330,50330,2023-02-16,59.89158065181677,23.68250100820626,1.0,356.6666666666667,30.0,0.7739999999999999,1100.0
FI_00005624,50330,50330,2023-02-16,59.89158065181677,23.68250100820626,1.0,356.6666666666667,30.0,0.7739999999999999,1100.0
FI_00005625,50330,50330,2023-02-16,59.89158065181677,23.68250100820626,1.0,356.6666666666667,30.0,0.7739999999999999,1100.0
FI_00005626,50330,50330,2023-02-16,59.89158065181677,23.68250100820626,1.0,356.6666666666667,30.0,0.7739999999999999,1100.0
FI_00005627,50330,50330,2023-02-16,59.89158065181677,23.68250100820626,1.0,356.6666666666667,30.0,0.7739999999999999,1100.0
FI_00005628,50330,50330,2023-07-31,59.89158065181677,23.68250100820626,1.5,270.0,36.333333333333336,0.782,1100.0
FI_00005629,50330,50330,2023-07-31,59.89158065181677,23.68250100820626,1.5,270.0,36.333333333333336,0.782,1100.0
FI_00005630,50330,50330,2023-07-31,59.89158065181677,23.68250100820626,1.5,270.0,36.333333333333336,0.782,1100.0
FI_00005631,50330,50330,2023-07-31,59.89158065181677,23.68250100820626,1.5,270.0,36.333333333333336,0.782,1100.0
FI_00005632,50330,50330,2023-07-31,59.89158065181677,23.68250100820626,1.5,270.0,36.333333333333336,0.782,1100.0
FI_00005633,50330,50330,2023-07-31,59.89158065181677,23.68250100820626,1.5,270.0,36.333333333333336,0.782,1100.0
FI_00005634,50330,50330,2023-09-05,59.89158065181677,23.68250100820626,3.2000000000000006,,77.0,1.108,1100.0
FI_00005635,50330,50330,2023-09-05,59.89158065181677,23.68250100820626,3.2000000000000006,,77.0,1.108,1100.0
FI_00005636,50330,50330,2023-09-05,59.89158065181677,23.68250100820626,3.2000000000000006,,77.0,1.108,1100.0
FI_00005637,50330,50330,2023-09-05,59.89158065181677,23.68250100820626,3.2000000000000006,,77.0,1.108,1100.0
FI_00005638,50330,50330,2023-09-05,59.89158065181677,23.68250100820626,3.2000000000000006,,77.0,1.108,1100.0
FI_00005639,50330,50330,2023-09-05,59.89158065181677,23.68250100820626,3.2000000000000006,,77.0,1.108,1100.0
FI_00005640,50330,50330,2024-08-05,59.89158065181677,23.68250100820626,3.6,306.6666666666667,38.66666666666666,1.112,1100.0
FI_00005641,50330,50330,2024-08-05,59.89158065181677,23.68250100820626,3.6,306.6666666666667,38.66666666666666,1.112,1100.0
FI_00005642,50330,50330,2024-08-05,59.89158065181677,23.68250100820626,3.6,306.6666666666667,38.66666666666666,1.112,1100.0
FI_00005643,50330,50330,2024-08-05,59.89158065181677,23.68250100820626,3.6,306.6666666666667,38.66666666666666,1.112,1100.0
FI_00005644,50330,50330,2024-08-05,59.89158065181677,23.68250100820626,3.6,306.6666666666667,38.66666666666666,1.112,1100.0
FI_00005645,50330,50330,2024-08-05,59.89158065181677,23.68250100820626,3.6,306.6666666666667,38.66666666666666,1.112,1100.0
FI_00005934,522,522,2023-01-16,60.59561650945124,25.263720864100428,,5700.0,150.0,140.0,14.0
FI_00005935,522,522,2023-01-16,60.59561650945124,25.263720864100428,,5700.0,150.0,140.0,14.0
FI_00005936,522,522,2023-01-16,60.59561650945124,25.263720864100428,,5700.0,150.0,140.0,14.0
FI_00005937,522,522,2023-01-16,60.59561650945124,25.263720864100428,,5700.0,150.0,140.0,14.0
FI_00005938,522,522,2023-01-16,60.59561650945124,25.263720864100428,,5700.0,150.0,140.0,14.0
FI_00005939,522,522,2023-01-16,60.59561650945124,25.263720864100428,,5700.0,150.0,140.0,14.0
FI_00005940,522,522,2023-03-22,60.59561650945124,25.263720864100428,,4500.0,92.0,47.0,16.0
FI_00005941,522,522,2023-03-22,60.59561650945124,25.263720864100428,,4500.0,92.0,47.0,16.0
FI_00005942,522,522,2023-03-22,60.59561650945124,25.263720864100428,,4500.0,92.0,47.0,16.0
FI_00005943,522,522,2023-03-22,60.59561650945124,25.263720864100428,,4500.0,92.0,47.0,16.0
FI_00005944,522,522,2023-03-22,60.59561650945124,25.263720864100428,,4500.0,92.0,47.0,16.0
FI_00005945,522,522,2023-03-22,60.59561650945124,25.263720864100428,,4500.0,92.0,47.0,16.0
FI_00005946,522,522,2023-04-17,60.59561650945124,25.263720864100428,,2200.0,51.0,25.0,9.0
FI_00005947,522,522,2023-04-17,60.59561650945124,25.263720864100428,,2200.0,51.0,25.0,9.0
FI_00005948,522,522,2023-04-17,60.59561650945124,25.263720864100428,,2200.0,51.0,25.0,9.0
FI_00005949,522,522,2023-04-17,60.59561650945124,25.263720864100428,,2200.0,51.0,25.0,9.0
FI_00005950,522,522,2023-04-17,60.59561650945124,25.263720864100428,,2200.0,51.0,25.0,9.0
FI_00005951,522,522,2023-04-17,60.59561650945124,25.263720864100428,,2200.0,51.0,25.0,9.0
FI_00005952,522,522,2023-07-06,60.59561650945124,25.263720864100428,,920.0,52.0,7.900000000000001,16.0
FI_00005953,522,522,2023-07-06,60.59561650945124,25.263720864100428,,920.0,52.0,7.900000000000001,16.0
FI_00005954,522,522,2023-07-06,60.59561650945124,25.263720864100428,,920.0,52.0,7.900000000000001,16.0
FI_00005955,522,522,2023-07-06,60.59561650945124,25.263720864100428,,920.0,52.0,7.900000000000001,16.0
FI_00005956,522,522,2023-07-06,60.59561650945124,25.263720864100428,,920.0,52.0,7.900000000000001,16.0
FI_00005957,522,522,2023-07-06,60.59561650945124,25.263720864100428,,920.0,52.0,7.900000000000001,16.0
FI_00005958,522,522,2023-08-29,60.59561650945124,25.263720864100428,,2200.0,120.0,39.0,13.0
FI_00005959,522,522,2023-08-29,60.59561650945124,25.263720864100428,,2200.0,120.0,39.0,13.0
FI_00005960,522,522,2023-08-29,60.59561650945124,25.263720864100428,,2200.0,120.0,39.0,13.0
FI_00005961,522,522,2023-08-29,60.59561650945124,25.263720864100428,,2200.0,120.0,39.0,13.0
FI_00005962,522,522,2023-08-29,60.59561650945124,25.263720864100428,,2200.0,120.0,39.0,13.0
FI_00005963,522,522,2023-08-29,60.59561650945124,25.263720864100428,,2200.0,120.0,39.0,13.0
FI_00005964,522,522,2023-10-04,60.59561650945124,25.263720864100428,,2600.0,200.0,110.0,14.0
FI_00005965,522,522,2023-10-04,60.59561650945124,25.263720864100428,,2600.0,200.0,110.0,14.0
FI_00005966,522,522,2023-10-04,60.59561650945124,25.263720864100428,,2600.0,200.0,110.0,14.0
FI_00005967,522,522,2023-10-04,60.59561650945124,25.263720864100428,,2600.0,200.0,110.0,14.0
FI_00005968,522,522,2023-10-04,60.59561650945124,25.263720864100428,,2600.0,200.0,110.0,14.0
FI_00005969,522,522,2023-10-04,60.59561650945124,25.263720864100428,,2600.0,200.0,110.0,14.0
FI_00005970,522,522,2024-02-07,60.59561650945124,25.263720864100428,,2600.0,60.0,17.0,16.0
FI_00005971,522,522,2024-02-07,60.59561650945124,25.263720864100428,,2600.0,60.0,17.0,16.0
FI_00005972,522,522,2024-02-07,60.59561650945124,25.263720864100428,,2600.0,60.0,17.0,16.0
FI_00005973,522,522,2024-02-07,60.59561650945124,25.263720864100428,,2600.0,60.0,17.0,16.0
FI_00005974,522,522,2024-02-07,60.59561650945124,25.263720864100428,,2600.0,60.0,17.0,16.0
FI_00005975,522,522,2024-02-07,60.59561650945124,25.263720864100428,,2600.0,60.0,17.0,16.0
FI_00005976,522,522,2024-02-26,60.59561650945124,25.263720864100428,,3600.0,120.0,40.0,13.0
FI_00005977,522,522,2024-02-26,60.59561650945124,25.263720864100428,,3600.0,120.0,40.0,13.0
FI_00005978,522,522,2024-02-26,60.59561650945124,25.263720864100428,,3600.0,120.0,40.0,13.0
FI_00005979,522,522,2024-02-26,60.59561650945124,25.263720864100428,,3600.0,120.0,40.0,13.0
FI_00005980,522,522,2024-02-26,60.59561650945124,25.263720864100428,,3600.0,120.0,40.0,13.0
FI_00005981,522,522,2024-02-26,60.59561650945124,25.263720864100428,,3600.0,120.0,40.0,13.0
FI_00005982,522,522,2024-04-11,60.59561650945124,25.263720864100428,,1900.0,88.0,41.0,8.3
FI_00005983,522,522,2024-04-11,60.59561650945124,25.263720864100428,,1900.0,88.0,41.0,8.3
FI_00005984,522,522,2024-04-11,60.59561650945124,25.263720864100428,,1900.0,88.0,41.0,8.3
FI_00005985,522,522,2024-04-11,60.59561650945124,25.263720864100428,,1900.0,88.0,41.0,8.3
FI_00005986,522,522,2024-04-11,60.59561650945124,25.263720864100428,,1900.0,88.0,41.0,8.3
FI_00005987,522,522,2024-04-11,60.59561650945124,25.263720864100428,,1900.0,88.0,41.0,8.3
FI_00005988,522,522,2024-06-04,60.59561650945124,25.263720864100428,,1100.0,65.0,12.0,13.0
FI_00005989,522,522,2024-06-04,60.59561650945124,25.263720864100428,,1100.0,65.0,12.0,13.0
FI_00005990,522,522,2024-06-04,60.59561650945124,25.263720864100428,,1100.0,65.0,12.0,13.0
FI_00005991,522,522,2024-06-04,60.59561650945124,25.263720864100428,,1100.0,65.0,12.0,13.0
FI_00005992,522,522,2024-06-04,60.59561650945124,25.263720864100428,,1100.0,65.0,12.0,13.0
FI_00005993,522,522,2024-06-04,60.59561650945124,25.263720864100428,,1100.0,65.0,12.0,13.0
FI_00005994,522,522,2024-08-05,60.59561650945124,25.263720864100428,,1600.0,110.0,40.0,13.0
FI_00005995,522,522,2024-08-05,60.59561650945124,25.263720864100428,,1600.0,110.0,40.0,13.0
FI_00005996,522,522,2024-08-05,60.59561650945124,25.263720864100428,,1600.0,110.0,40.0,13.0
FI_00005997,522,522,2024-08-05,60.59561650945124,25.263720864100428,,1600.0,110.0,40.0,13.0
FI_00005998,522,522,2024-08-05,60.59561650945124,25.263720864100428,,1600.0,110.0,40.0,13.0
FI_00005999,522,522,2024-08-05,60.59561650945124,25.263720864100428,,1600.0,110.0,40.0,13.0
FI_00006000,522,522,2024-09-05,60.59561650945124,25.263720864100428,,1500.0,76.0,10.0,16.0
FI_00006001,522,522,2024-09-05,60.59561650945124,25.263720864100428,,1500.0,76.0,10.0,16.0
FI_00006002,522,522,2024-09-05,60.59561650945124,25.263720864100428,,1500.0,76.0,10.0,16.0
FI_00006003,522,522,2024-09-05,60.59561650945124,25.263720864100428,,1500.0,76.0,10.0,16.0
FI_00006004,522,522,2024-09-05,60.59561650945124,25.263720864100428,,1500.0,76.0,10.0,16.0
FI_00006005,522,522,2024-09-05,60.59561650945124,25.263720864100428,,1500.0,76.0,10.0,16.0
FI_00006006,522,522,2024-11-05,60.59561650945124,25.263720864100428,,2900.0,99.0,40.0,16.0
FI_00006007,522,522,2024-11-05,60.59561650945124,25.263720864100428,,2900.0,99.0,40.0,16.0
FI_00006008,522,522,2024-11-05,60.59561650945124,25.263720864100428,,2900.0,99.0,40.0,16.0
FI_00006009,522,522,2024-11-05,60.59561650945124,25.263720864100428,,2900.0,99.0,40.0,16.0
FI_00006010,522,522,2024-11-05,60.59561650945124,25.263720864100428,,2900.0,99.0,40.0,16.0
FI_00006011,522,522,2024-11-05,60.59561650945124,25.263720864100428,,2900.0,99.0,40.0,16.0
FI_00006060,527,527,2023-01-16,60.62436493571757,25.298091760085416,,4400.0,140.0,16.0,13.0
FI_00006061,527,527,2023-01-16,60.62436493571757,25.298091760085416,,4400.0,140.0,16.0,13.0
FI_00006062,527,527,2023-01-16,60.62436493571757,25.298091760085416,,4400.0,140.0,16.0,13.0
FI_00006063,527,527,2023-01-16,60.62436493571757,25.298091760085416,,4400.0,140.0,16.0,13.0
FI_00006064,527,527,2023-01-16,60.62436493571757,25.298091760085416,,4400.0,140.0,16.0,13.0
FI_00006065,527,527,2023-01-16,60.62436493571757,25.298091760085416,,4400.0,140.0,16.0,13.0
FI_00006066,527,527,2023-03-22,60.62436493571757,25.298091760085416,,3400.0,80.0,47.0,17.0
FI_00006067,527,527,2023-03-22,60.62436493571757,25.298091760085416,,3400.0,80.0,47.0,17.0
FI_00006068,527,527,2023-03-22,60.62436493571757,25.298091760085416,,3400.0,80.0,47.0,17.0
FI_00006069,527,527,2023-03-22,60.62436493571757,25.298091760085416,,3400.0,80.0,47.0,17.0
FI_00006070,527,527,2023-03-22,60.62436493571757,25.298091760085416,,3400.0,80.0,47.0,17.0
FI_00006071,527,527,2023-03-22,60.62436493571757,25.298091760085416,,3400.0,80.0,47.0,17.0
FI_00006072,527,527,2023-04-17,60.62436493571757,25.298091760085416,,1800.0,46.0,24.0,9.2
FI_00006073,527,527,2023-04-17,60.62436493571757,25.298091760085416,,1800.0,46.0,24.0,9.2
FI_00006074,527,527,2023-04-17,60.62436493571757,25.298091760085416,,1800.0,46.0,24.0,9.2
FI_00006075,527,527,2023-04-17,60.62436493571757,25.298091760085416,,1800.0,46.0,24.0,9.2
FI_00006076,527,527,2023-04-17,60.62436493571757,25.298091760085416,,1800.0,46.0,24.0,9.2
FI_00006077,527,527,2023-04-17,60.62436493571757,25.298091760085416,,1800.0,46.0,24.0,9.2
FI_00006078,527,527,2023-07-06,60.62436493571757,25.298091760085416,,1200.0,60.0,16.0,18.0
FI_00006079,527,527,2023-07-06,60.62436493571757,25.298091760085416,,1200.0,60.0,16.0,18.0
FI_00006080,527,527,2023-07-06,60.62436493571757,25.298091760085416,,1200.0,60.0,16.0,18.0
FI_00006081,527,527,2023-07-06,60.62436493571757,25.298091760085416,,1200.0,60.0,16.0,18.0
FI_00006082,527,527,2023-07-06,60.62436493571757,25.298091760085416,,1200.0,60.0,16.0,18.0
FI_00006083,527,527,2023-07-06,60.62436493571757,25.298091760085416,,1200.0,60.0,16.0,18.0
FI_00006084,527,527,2023-08-29,60.62436493571757,25.298091760085416,,3400.0,180.0,120.0,17.0
FI_00006085,527,527,2023-08-29,60.62436493571757,25.298091760085416,,3400.0,180.0,120.0,17.0
FI_00006086,527,527,2023-08-29,60.62436493571757,25.298091760085416,,3400.0,180.0,120.0,17.0
FI_00006087,527,527,2023-08-29,60.62436493571757,25.298091760085416,,3400.0,180.0,120.0,17.0
FI_00006088,527,527,2023-08-29,60.62436493571757,25.298091760085416,,3400.0,180.0,120.0,17.0
FI_00006089,527,527,2023-08-29,60.62436493571757,25.298091760085416,,3400.0,180.0,120.0,17.0
FI_00006090,527,527,2023-10-05,60.62436493571757,25.298091760085416,,3400.0,220.0,130.0,14.0
FI_00006091,527,527,2023-10-05,60.62436493571757,25.298091760085416,,3400.0,220.0,130.0,14.0
FI_00006092,527,527,2023-10-05,60.62436493571757,25.298091760085416,,3400.0,220.0,130.0,14.0
FI_00006093,527,527,2023-10-05,60.62436493571757,25.298091760085416,,3400.0,220.0,130.0,14.0
FI_00006094,527,527,2023-10-05,60.62436493571757,25.298091760085416,,3400.0,220.0,130.0,14.0
FI_00006095,527,527,2023-10-05,60.62436493571757,25.298091760085416,,3400.0,220.0,130.0,14.0
FI_00006096,527,527,2024-02-07,60.62436493571757,25.298091760085416,,1900.0,56.0,19.0,19.0
FI_00006097,527,527,2024-02-07,60.62436493571757,25.298091760085416,,1900.0,56.0,19.0,19.0
FI_00006098,527,527,2024-02-07,60.62436493571757,25.298091760085416,,1900.0,56.0,19.0,19.0
FI_00006099,527,527,2024-02-07,60.62436493571757,25.298091760085416,,1900.0,56.0,19.0,19.0
FI_00006100,527,527,2024-02-07,60.62436493571757,25.298091760085416,,1900.0,56.0,19.0,19.0
FI_00006101,527,527,2024-02-07,60.62436493571757,25.298091760085416,,1900.0,56.0,19.0,19.0
FI_00006102,527,527,2024-02-26,60.62436493571757,25.298091760085416,,3000.0,100.0,35.0,16.0
FI_00006103,527,527,2024-02-26,60.62436493571757,25.298091760085416,,3000.0,100.0,35.0,16.0
FI_00006104,527,527,2024-02-26,60.62436493571757,25.298091760085416,,3000.0,100.0,35.0,16.0
FI_00006105,527,527,2024-02-26,60.62436493571757,25.298091760085416,,3000.0,100.0,35.0,16.0
FI_00006106,527,527,2024-02-26,60.62436493571757,25.298091760085416,,3000.0,100.0,35.0,16.0
FI_00006107,527,527,2024-02-26,60.62436493571757,25.298091760085416,,3000.0,100.0,35.0,16.0
FI_00006108,527,527,2024-04-11,60.62436493571757,25.298091760085416,,1800.0,74.0,43.0,8.3
FI_00006109,527,527,2024-04-11,60.62436493571757,25.298091760085416,,1800.0,74.0,43.0,8.3
FI_00006110,527,527,2024-04-11,60.62436493571757,25.298091760085416,,1800.0,74.0,43.0,8.3
FI_00006111,527,527,2024-04-11,60.62436493571757,25.298091760085416,,1800.0,74.0,43.0,8.3
FI_00006112,527,527,2024-04-11,60.62436493571757,25.298091760085416,,1800.0,74.0,43.0,8.3
FI_00006113,527,527,2024-04-11,60.62436493571757,25.298091760085416,,1800.0,74.0,43.0,8.3
FI_00006114,527,527,2024-06-04,60.62436493571757,25.298091760085416,,970.0,71.0,20.0,17.0
FI_00006115,527,527,2024-06-04,60.62436493571757,25.298091760085416,,970.0,71.0,20.0,17.0
FI_00006116,527,527,2024-06-04,60.62436493571757,25.298091760085416,,970.0,71.0,20.0,17.0
FI_00006117,527,527,2024-06-04,60.62436493571757,25.298091760085416,,970.0,71.0,20.0,17.0
FI_00006118,527,527,2024-06-04,60.62436493571757,25.298091760085416,,970.0,71.0,20.0,17.0
FI_00006119,527,527,2024-06-04,60.62436493571757,25.298091760085416,,970.0,71.0,20.0,17.0
FI_00006120,527,527,2024-08-05,60.62436493571757,25.298091760085416,,790.0,61.0,23.0,17.0
FI_00006121,527,527,2024-08-05,60.62436493571757,25.298091760085416,,790.0,61.0,23.0,17.0
FI_00006122,527,527,2024-08-05,60.62436493571757,25.298091760085416,,790.0,61.0,23.0,17.0
FI_00006123,527,527,2024-08-05,60.62436493571757,25.298091760085416,,790.0,61.0,23.0,17.0
FI_00006124,527,527,2024-08-05,60.62436493571757,25.298091760085416,,790.0,61.0,23.0,17.0
FI_00006125,527,527,2024-08-05,60.62436493571757,25.298091760085416,,790.0,61.0,23.0,17.0
FI_00006126,527,527,2024-09-05,60.62436493571757,25.298091760085416,,730.0,53.0,15.0,20.0
FI_00006127,527,527,2024-09-05,60.62436493571757,25.298091760085416,,730.0,53.0,15.0,20.0
FI_00006128,527,527,2024-09-05,60.62436493571757,25.298091760085416,,730.0,53.0,15.0,20.0
FI_00006129,527,527,2024-09-05,60.62436493571757,25.298091760085416,,730.0,53.0,15.0,20.0
FI_00006130,527,527,2024-09-05,60.62436493571757,25.298091760085416,,730.0,53.0,15.0,20.0
FI_00006131,527,527,2024-09-05,60.62436493571757,25.298091760085416,,730.0,53.0,15.0,20.0
FI_00006132,527,527,2024-11-05,60.62436493571757,25.298091760085416,,2400.0,110.0,52.0,16.0
FI_00006133,527,527,2024-11-05,60.62436493571757,25.298091760085416,,2400.0,110.0,52.0,16.0
FI_00006134,527,527,2024-11-05,60.62436493571757,25.298091760085416,,2400.0,110.0,52.0,16.0
FI_00006135,527,527,2024-11-05,60.62436493571757,25.298091760085416,,2400.0,110.0,52.0,16.0
FI_00006136,527,527,2024-11-05,60.62436493571757,25.298091760085416,,2400.0,110.0,52.0,16.0
FI_00006137,527,527,2024-11-05,60.62436493571757,25.298091760085416,,2400.0,110.0,52.0,16.0
FI_00007110,5448,5448,2023-02-14,62.9429063290842,21.266132639830616,,340.0,21.0,0.7866666666666666,900.6666666666666
FI_00007111,5448,5448,2023-02-14,62.9429063290842,21.266132639830616,,340.0,21.0,0.7866666666666666,900.6666666666666
FI_00007112,5448,5448,2023-02-14,62.9429063290842,21.266132639830616,,340.0,21.0,0.7866666666666666,900.6666666666666
FI_00007113,5448,5448,2023-02-14,62.9429063290842,21.266132639830616,,340.0,21.0,0.7866666666666666,900.6666666666666
FI_00007114,5448,5448,2023-02-14,62.9429063290842,21.266132639830616,,340.0,21.0,0.7866666666666666,900.6666666666666
FI_00007115,5448,5448,2023-02-14,62.9429063290842,21.266132639830616,,340.0,21.0,0.7866666666666666,900.6666666666666
FI_00007116,5448,5448,2023-07-17,62.9429063290842,21.266132639830616,5.2,240.0,19.5,2.3000000000000003,955.3333333333334
FI_00007117,5448,5448,2023-07-17,62.9429063290842,21.266132639830616,5.2,240.0,19.5,2.3000000000000003,955.3333333333334
FI_00007118,5448,5448,2023-07-17,62.9429063290842,21.266132639830616,5.2,240.0,19.5,2.3000000000000003,955.3333333333334
FI_00007119,5448,5448,2023-07-17,62.9429063290842,21.266132639830616,5.2,240.0,19.5,2.3000000000000003,955.3333333333334
FI_00007120,5448,5448,2023-07-17,62.9429063290842,21.266132639830616,5.2,240.0,19.5,2.3000000000000003,955.3333333333334
FI_00007121,5448,5448,2023-07-17,62.9429063290842,21.266132639830616,5.2,240.0,19.5,2.3000000000000003,955.3333333333334
FI_00007122,5448,5448,2023-08-30,62.9429063290842,21.266132639830616,13.0,320.0,27.0,2.4333333333333336,920.0
FI_00007123,5448,5448,2023-08-30,62.9429063290842,21.266132639830616,13.0,320.0,27.0,2.4333333333333336,920.0
FI_00007124,5448,5448,2023-08-30,62.9429063290842,21.266132639830616,13.0,320.0,27.0,2.4333333333333336,920.0
FI_00007125,5448,5448,2023-08-30,62.9429063290842,21.266132639830616,13.0,320.0,27.0,2.4333333333333336,920.0
FI_00007126,5448,5448,2023-08-30,62.9429063290842,21.266132639830616,13.0,320.0,27.0,2.4333333333333336,920.0
FI_00007127,5448,5448,2023-08-30,62.9429063290842,21.266132639830616,13.0,320.0,27.0,2.4333333333333336,920.0
FI_00007128,5448,5448,2024-02-13,62.9429063290842,21.266132639830616,,380.0,24.0,0.5433333333333333,948.6666666666666
FI_00007129,5448,5448,2024-02-13,62.9429063290842,21.266132639830616,,380.0,24.0,0.5433333333333333,948.6666666666666
FI_00007130,5448,5448,2024-02-13,62.9429063290842,21.266132639830616,,380.0,24.0,0.5433333333333333,948.6666666666666
FI_00007131,5448,5448,2024-02-13,62.9429063290842,21.266132639830616,,380.0,24.0,0.5433333333333333,948.6666666666666
FI_00007132,5448,5448,2024-02-13,62.9429063290842,21.266132639830616,,380.0,24.0,0.5433333333333333,948.6666666666666
FI_00007133,5448,5448,2024-02-13,62.9429063290842,21.266132639830616,,380.0,24.0,0.5433333333333333,948.6666666666666
FI_00007134,5448,5448,2024-07-18,62.9429063290842,21.266132639830616,9.9,260.0,19.5,2.7,916.6666666666666
FI_00007135,5448,5448,2024-07-18,62.9429063290842,21.266132639830616,9.9,260.0,19.5,2.7,916.6666666666666
FI_00007136,5448,5448,2024-07-18,62.9429063290842,21.266132639830616,9.9,260.0,19.5,2.7,916.6666666666666
FI_00007137,5448,5448,2024-07-18,62.9429063290842,21.266132639830616,9.9,260.0,19.5,2.7,916.6666666666666
FI_00007138,5448,5448,2024-07-18,62.9429063290842,21.266132639830616,9.9,260.0,19.5,2.7,916.6666666666666
FI_00007139,5448,5448,2024-07-18,62.9429063290842,21.266132639830616,9.9,260.0,19.5,2.7,916.6666666666666
FI_00007140,5448,5448,2024-08-27,62.9429063290842,21.266132639830616,5.5,250.0,19.5,2.766666666666667,846.6666666666666
FI_00007141,5448,5448,2024-08-27,62.9429063290842,21.266132639830616,5.5,250.0,19.5,2.766666666666667,846.6666666666666
FI_00007142,5448,5448,2024-08-27,62.9429063290842,21.266132639830616,5.5,250.0,19.5,2.766666666666667,846.6666666666666
FI_00007143,5448,5448,2024-08-27,62.9429063290842,21.266132639830616,5.5,250.0,19.5,2.766666666666667,846.6666666666666
FI_00007144,5448,5448,2024-08-27,62.9429063290842,21.266132639830616,5.5,250.0,19.5,2.766666666666667,846.6666666666666
FI_00007145,5448,5448,2024-08-27,62.9429063290842,21.266132639830616,5.5,250.0,19.5,2.766666666666667,846.6666666666666
FI_00007320,55517,55517,2023-01-23,63.09257147055156,21.882028833626435,,,,9.7,11.6
FI_00007321,55517,55517,2023-01-23,63.09257147055156,21.882028833626435,,,,9.7,11.6
FI_00007322,55517,55517,2023-01-23,63.09257147055156,21.882028833626435,,,,9.7,11.6
FI_00007323,55517,55517,2023-01-23,63.09257147055156,21.882028833626435,,,,9.7,11.6
FI_00007324,55517,55517,2023-01-23,63.09257147055156,21.882028833626435,,,,9.7,11.6
FI_00007325,55517,55517,2023-01-23,63.09257147055156,21.882028833626435,,,,9.7,11.6
FI_00007326,55517,55517,2023-02-20,63.09257147055156,21.882028833626435,,,,4.7,10.6
FI_00007327,55517,55517,2023-02-20,63.09257147055156,21.882028833626435,,,,4.7,10.6
FI_00007328,55517,55517,2023-02-20,63.09257147055156,21.882028833626435,,,,4.7,10.6
FI_00007329,55517,55517,2023-02-20,63.09257147055156,21.882028833626435,,,,4.7,10.6
FI_00007330,55517,55517,2023-02-20,63.09257147055156,21.882028833626435,,,,4.7,10.6
FI_00007331,55517,55517,2023-02-20,63.09257147055156,21.882028833626435,,,,4.7,10.6
FI_00007332,55517,55517,2023-03-20,63.09257147055156,21.882028833626435,,,,4.2,10.2
FI_00007333,55517,55517,2023-03-20,63.09257147055156,21.882028833626435,,,,4.2,10.2
FI_00007334,55517,55517,2023-03-20,63.09257147055156,21.882028833626435,,,,4.2,10.2
FI_00007335,55517,55517,2023-03-20,63.09257147055156,21.882028833626435,,,,4.2,10.2
FI_00007336,55517,55517,2023-03-20,63.09257147055156,21.882028833626435,,,,4.2,10.2
FI_00007337,55517,55517,2023-03-20,63.09257147055156,21.882028833626435,,,,4.2,10.2
FI_00007338,55517,55517,2023-04-17,63.09257147055156,21.882028833626435,,,,26.0,11.199999999999998
FI_00007339,55517,55517,2023-04-17,63.09257147055156,21.882028833626435,,,,26.0,11.199999999999998
FI_00007340,55517,55517,2023-04-17,63.09257147055156,21.882028833626435,,,,26.0,11.199999999999998
FI_00007341,55517,55517,2023-04-17,63.09257147055156,21.882028833626435,,,,26.0,11.199999999999998
FI_00007342,55517,55517,2023-04-17,63.09257147055156,21.882028833626435,,,,26.0,11.199999999999998
FI_00007343,55517,55517,2023-04-17,63.09257147055156,21.882028833626435,,,,26.0,11.199999999999998
FI_00007344,55517,55517,2023-05-15,63.09257147055156,21.882028833626435,,,,7.7,12.4
FI_00007345,55517,55517,2023-05-15,63.09257147055156,21.882028833626435,,,,7.7,12.4
FI_00007346,55517,55517,2023-05-15,63.09257147055156,21.882028833626435,,,,7.7,12.4
FI_00007347,55517,55517,2023-05-15,63.09257147055156,21.882028833626435,,,,7.7,12.4
FI_00007348,55517,55517,2023-05-15,63.09257147055156,21.882028833626435,,,,7.7,12.4
FI_00007349,55517,55517,2023-05-15,63.09257147055156,21.882028833626435,,,,7.7,12.4
FI_00007350,55517,55517,2023-06-12,63.09257147055156,21.882028833626435,,,,4.8,13.5
FI_00007351,55517,55517,2023-06-12,63.09257147055156,21.882028833626435,,,,4.8,13.5
FI_00007352,55517,55517,2023-06-12,63.09257147055156,21.882028833626435,,,,4.8,13.5
FI_00007353,55517,55517,2023-06-12,63.09257147055156,21.882028833626435,,,,4.8,13.5
FI_00007354,55517,55517,2023-06-12,63.09257147055156,21.882028833626435,,,,4.8,13.5
FI_00007355,55517,55517,2023-06-12,63.09257147055156,21.882028833626435,,,,4.8,13.5
FI_00007356,55517,55517,2023-07-03,63.09257147055156,21.882028833626435,,,,11.0,15.0
FI_00007357,55517,55517,2023-07-03,63.09257147055156,21.882028833626435,,,,11.0,15.0
FI_00007358,55517,55517,2023-07-03,63.09257147055156,21.882028833626435,,,,11.0,15.0
FI_00007359,55517,55517,2023-07-03,63.09257147055156,21.882028833626435,,,,11.0,15.0
FI_00007360,55517,55517,2023-07-03,63.09257147055156,21.882028833626435,,,,11.0,15.0
FI_00007361,55517,55517,2023-07-03,63.09257147055156,21.882028833626435,,,,11.0,15.0
FI_00007362,55517,55517,2023-08-21,63.09257147055156,21.882028833626435,,,,5.400000000000001,9.9
FI_00007363,55517,55517,2023-08-21,63.09257147055156,21.882028833626435,,,,5.400000000000001,9.9
FI_00007364,55517,55517,2023-08-21,63.09257147055156,21.882028833626435,,,,5.400000000000001,9.9
FI_00007365,55517,55517,2023-08-21,63.09257147055156,21.882028833626435,,,,5.400000000000001,9.9
FI_00007366,55517,55517,2023-08-21,63.09257147055156,21.882028833626435,,,,5.400000000000001,9.9
FI_00007367,55517,55517,2023-08-21,63.09257147055156,21.882028833626435,,,,5.400000000000001,9.9
FI_00007368,55517,55517,2023-09-18,63.09257147055156,21.882028833626435,,,,15.0,12.0
FI_00007369,55517,55517,2023-09-18,63.09257147055156,21.882028833626435,,,,15.0,12.0
FI_00007370,55517,55517,2023-09-18,63.09257147055156,21.882028833626435,,,,15.0,12.0
FI_00007371,55517,55517,2023-09-18,63.09257147055156,21.882028833626435,,,,15.0,12.0
FI_00007372,55517,55517,2023-09-18,63.09257147055156,21.882028833626435,,,,15.0,12.0
FI_00007373,55517,55517,2023-09-18,63.09257147055156,21.882028833626435,,,,15.0,12.0
FI_00007374,55517,55517,2023-10-16,63.09257147055156,21.882028833626435,,,,18.0,13.5
FI_00007375,55517,55517,2023-10-16,63.09257147055156,21.882028833626435,,,,18.0,13.5
FI_00007376,55517,55517,2023-10-16,63.09257147055156,21.882028833626435,,,,18.0,13.5
FI_00007377,55517,55517,2023-10-16,63.09257147055156,21.882028833626435,,,,18.0,13.5
FI_00007378,55517,55517,2023-10-16,63.09257147055156,21.882028833626435,,,,18.0,13.5
FI_00007379,55517,55517,2023-10-16,63.09257147055156,21.882028833626435,,,,18.0,13.5
FI_00007380,55517,55517,2023-11-13,63.09257147055156,21.882028833626435,,,,9.9,13.300000000000002
FI_00007381,55517,55517,2023-11-13,63.09257147055156,21.882028833626435,,,,9.9,13.300000000000002
FI_00007382,55517,55517,2023-11-13,63.09257147055156,21.882028833626435,,,,9.9,13.300000000000002
FI_00007383,55517,55517,2023-11-13,63.09257147055156,21.882028833626435,,,,9.9,13.300000000000002
FI_00007384,55517,55517,2023-11-13,63.09257147055156,21.882028833626435,,,,9.9,13.300000000000002
FI_00007385,55517,55517,2023-11-13,63.09257147055156,21.882028833626435,,,,9.9,13.300000000000002
FI_00007386,55517,55517,2023-12-11,63.09257147055156,21.882028833626435,,,,5.7,13.5
FI_00007387,55517,55517,2023-12-11,63.09257147055156,21.882028833626435,,,,5.7,13.5
FI_00007388,55517,55517,2023-12-11,63.09257147055156,21.882028833626435,,,,5.7,13.5
FI_00007389,55517,55517,2023-12-11,63.09257147055156,21.882028833626435,,,,5.7,13.5
FI_00007390,55517,55517,2023-12-11,63.09257147055156,21.882028833626435,,,,5.7,13.5
FI_00007391,55517,55517,2023-12-11,63.09257147055156,21.882028833626435,,,,5.7,13.5
FI_00007392,55517,55517,2024-01-08,63.09257147055156,21.882028833626435,,,,7.8,12.9
FI_00007393,55517,55517,2024-01-08,63.09257147055156,21.882028833626435,,,,7.8,12.9
FI_00007394,55517,55517,2024-01-08,63.09257147055156,21.882028833626435,,,,7.8,12.9
FI_00007395,55517,55517,2024-01-08,63.09257147055156,21.882028833626435,,,,7.8,12.9
FI_00007396,55517,55517,2024-01-08,63.09257147055156,21.882028833626435,,,,7.8,12.9
FI_00007397,55517,55517,2024-01-08,63.09257147055156,21.882028833626435,,,,7.8,12.9
FI_00007398,55517,55517,2024-02-06,63.09257147055156,21.882028833626435,,,,7.900000000000001,15.199999999999998
FI_00007399,55517,55517,2024-02-06,63.09257147055156,21.882028833626435,,,,7.900000000000001,15.199999999999998
FI_00007400,55517,55517,2024-02-06,63.09257147055156,21.882028833626435,,,,7.900000000000001,15.199999999999998
FI_00007401,55517,55517,2024-02-06,63.09257147055156,21.882028833626435,,,,7.900000000000001,15.199999999999998
FI_00007402,55517,55517,2024-02-06,63.09257147055156,21.882028833626435,,,,7.900000000000001,15.199999999999998
FI_00007403,55517,55517,2024-02-06,63.09257147055156,21.882028833626435,,,,7.900000000000001,15.199999999999998
FI_00007404,55517,55517,2024-03-04,63.09257147055156,21.882028833626435,,,,7.900000000000001,13.9
FI_00007405,55517,55517,2024-03-04,63.09257147055156,21.882028833626435,,,,7.900000000000001,13.9
FI_00007406,55517,55517,2024-03-04,63.09257147055156,21.882028833626435,,,,7.900000000000001,13.9
FI_00007407,55517,55517,2024-03-04,63.09257147055156,21.882028833626435,,,,7.900000000000001,13.9
FI_00007408,55517,55517,2024-03-04,63.09257147055156,21.882028833626435,,,,7.900000000000001,13.9
FI_00007409,55517,55517,2024-03-04,63.09257147055156,21.882028833626435,,,,7.900000000000001,13.9
FI_00007410,55517,55517,2024-04-02,63.09257147055156,21.882028833626435,,,,32.0,15.800000000000002
FI_00007411,55517,55517,2024-04-02,63.09257147055156,21.882028833626435,,,,32.0,15.800000000000002
FI_00007412,55517,55517,2024-04-02,63.09257147055156,21.882028833626435,,,,32.0,15.800000000000002
FI_00007413,55517,55517,2024-04-02,63.09257147055156,21.882028833626435,,,,32.0,15.800000000000002
FI_00007414,55517,55517,2024-04-02,63.09257147055156,21.882028833626435,,,,32.0,15.800000000000002
FI_00007415,55517,55517,2024-04-02,63.09257147055156,21.882028833626435,,,,32.0,15.800000000000002
FI_00007416,55517,55517,2024-04-29,63.09257147055156,21.882028833626435,,,,7.2,12.300000000000002
FI_00007417,55517,55517,2024-04-29,63.09257147055156,21.882028833626435,,,,7.2,12.300000000000002
FI_00007418,55517,55517,2024-04-29,63.09257147055156,21.882028833626435,,,,7.2,12.300000000000002
FI_00007419,55517,55517,2024-04-29,63.09257147055156,21.882028833626435,,,,7.2,12.300000000000002
FI_00007420,55517,55517,2024-04-29,63.09257147055156,21.882028833626435,,,,7.2,12.300000000000002
FI_00007421,55517,55517,2024-04-29,63.09257147055156,21.882028833626435,,,,7.2,12.300000000000002
FI_00007422,55517,55517,2024-05-27,63.09257147055156,21.882028833626435,,,,6.5,12.5
FI_00007423,55517,55517,2024-05-27,63.09257147055156,21.882028833626435,,,,6.5,12.5
FI_00007424,55517,55517,2024-05-27,63.09257147055156,21.882028833626435,,,,6.5,12.5
FI_00007425,55517,55517,2024-05-27,63.09257147055156,21.882028833626435,,,,6.5,12.5
FI_00007426,55517,55517,2024-05-27,63.09257147055156,21.882028833626435,,,,6.5,12.5
FI_00007427,55517,55517,2024-05-27,63.09257147055156,21.882028833626435,,,,6.5,12.5
FI_00007428,55517,55517,2024-06-24,63.09257147055156,21.882028833626435,,,,5.5,12.800000000000002
FI_00007429,55517,55517,2024-06-24,63.09257147055156,21.882028833626435,,,,5.5,12.800000000000002
FI_00007430,55517,55517,2024-06-24,63.09257147055156,21.882028833626435,,,,5.5,12.800000000000002
FI_00007431,55517,55517,2024-06-24,63.09257147055156,21.882028833626435,,,,5.5,12.800000000000002
FI_00007432,55517,55517,2024-06-24,63.09257147055156,21.882028833626435,,,,5.5,12.800000000000002
FI_00007433,55517,55517,2024-06-24,63.09257147055156,21.882028833626435,,,,5.5,12.800000000000002
FI_00007434,55517,55517,2024-07-31,63.09257147055156,21.882028833626435,,,,11.0,16.4
FI_00007435,55517,55517,2024-07-31,63.09257147055156,21.882028833626435,,,,11.0,16.4
FI_00007436,55517,55517,2024-07-31,63.09257147055156,21.882028833626435,,,,11.0,16.4
FI_00007437,55517,55517,2024-07-31,63.09257147055156,21.882028833626435,,,,11.0,16.4
FI_00007438,55517,55517,2024-07-31,63.09257147055156,21.882028833626435,,,,11.0,16.4
FI_00007439,55517,55517,2024-07-31,63.09257147055156,21.882028833626435,,,,11.0,16.4
FI_00007440,55517,55517,2024-08-04,63.09257147055156,21.882028833626435,,,,8.1,13.300000000000002
FI_00007441,55517,55517,2024-08-04,63.09257147055156,21.882028833626435,,,,8.1,13.300000000000002
FI_00007442,55517,55517,2024-08-04,63.09257147055156,21.882028833626435,,,,8.1,13.300000000000002
FI_00007443,55517,55517,2024-08-04,63.09257147055156,21.882028833626435,,,,8.1,13.300000000000002
FI_00007444,55517,55517,2024-08-04,63.09257147055156,21.882028833626435,,,,8.1,13.300000000000002
FI_00007445,55517,55517,2024-08-04,63.09257147055156,21.882028833626435,,,,8.1,13.300000000000002
FI_00007446,55517,55517,2024-09-23,63.09257147055156,21.882028833626435,,,,6.099999999999999,22.3
FI_00007447,55517,55517,2024-09-23,63.09257147055156,21.882028833626435,,,,6.099999999999999,22.3
FI_00007448,55517,55517,2024-09-23,63.09257147055156,21.882028833626435,,,,6.099999999999999,22.3
FI_00007449,55517,55517,2024-09-23,63.09257147055156,21.882028833626435,,,,6.099999999999999,22.3
FI_00007450,55517,55517,2024-09-23,63.09257147055156,21.882028833626435,,,,6.099999999999999,22.3
FI_00007451,55517,55517,2024-09-23,63.09257147055156,21.882028833626435,,,,6.099999999999999,22.3
FI_00007452,55517,55517,2024-10-21,63.09257147055156,21.882028833626435,,,,9.1,14.199999999999998
FI_00007453,55517,55517,2024-10-21,63.09257147055156,21.882028833626435,,,,9.1,14.199999999999998
FI_00007454,55517,55517,2024-10-21,63.09257147055156,21.882028833626435,,,,9.1,14.199999999999998
FI_00007455,55517,55517,2024-10-21,63.09257147055156,21.882028833626435,,,,9.1,14.199999999999998
FI_00007456,55517,55517,2024-10-21,63.09257147055156,21.882028833626435,,,,9.1,14.199999999999998
FI_00007457,55517,55517,2024-10-21,63.09257147055156,21.882028833626435,,,,9.1,14.199999999999998
FI_00007458,55517,55517,2024-11-18,63.09257147055156,21.882028833626435,,,,8.9,14.9
FI_00007459,55517,55517,2024-11-18,63.09257147055156,21.882028833626435,,,,8.9,14.9
FI_00007460,55517,55517,2024-11-18,63.09257147055156,21.882028833626435,,,,8.9,14.9
FI_00007461,55517,55517,2024-11-18,63.09257147055156,21.882028833626435,,,,8.9,14.9
FI_00007462,55517,55517,2024-11-18,63.09257147055156,21.882028833626435,,,,8.9,14.9
FI_00007463,55517,55517,2024-11-18,63.09257147055156,21.882028833626435,,,,8.9,14.9
FI_00007464,55517,55517,2024-12-18,63.09257147055156,21.882028833626435,,,,6.2,11.800000000000002
FI_00007465,55517,55517,2024-12-18,63.09257147055156,21.882028833626435,,,,6.2,11.800000000000002
FI_00007466,55517,55517,2024-12-18,63.09257147055156,21.882028833626435,,,,6.2,11.800000000000002
FI_00007467,55517,55517,2024-12-18,63.09257147055156,21.882028833626435,,,,6.2,11.800000000000002
FI_00007468,55517,55517,2024-12-18,63.09257147055156,21.882028833626435,,,,6.2,11.800000000000002
FI_00007469,55517,55517,2024-12-18,63.09257147055156,21.882028833626435,,,,6.2,11.800000000000002
FI_00008142,57891,57891,2023-02-14,59.914399495397326,23.751415367253223,1.0,413.3333333333333,32.333333333333336,1.165,1100.0
FI_00008143,57891,57891,2023-02-14,59.914399495397326,23.751415367253223,1.0,413.3333333333333,32.333333333333336,1.165,1100.0
FI_00008144,57891,57891,2023-02-14,59.914399495397326,23.751415367253223,1.0,413.3333333333333,32.333333333333336,1.165,1100.0
FI_00008145,57891,57891,2023-02-14,59.914399495397326,23.751415367253223,1.0,413.3333333333333,32.333333333333336,1.165,1100.0
FI_00008146,57891,57891,2023-02-14,59.914399495397326,23.751415367253223,1.0,413.3333333333333,32.333333333333336,1.165,1100.0
FI_00008147,57891,57891,2023-02-14,59.914399495397326,23.751415367253223,1.0,413.3333333333333,32.333333333333336,1.165,1100.0
FI_00008148,57891,57891,2023-07-31,59.914399495397326,23.751415367253223,1.9,260.0,39.333333333333336,0.95,1100.0
FI_00008149,57891,57891,2023-07-31,59.914399495397326,23.751415367253223,1.9,260.0,39.333333333333336,0.95,1100.0
FI_00008150,57891,57891,2023-07-31,59.914399495397326,23.751415367253223,1.9,260.0,39.333333333333336,0.95,1100.0
FI_00008151,57891,57891,2023-07-31,59.914399495397326,23.751415367253223,1.9,260.0,39.333333333333336,0.95,1100.0
FI_00008152,57891,57891,2023-07-31,59.914399495397326,23.751415367253223,1.9,260.0,39.333333333333336,0.95,1100.0
FI_00008153,57891,57891,2023-07-31,59.914399495397326,23.751415367253223,1.9,260.0,39.333333333333336,0.95,1100.0
FI_00008154,57891,57891,2023-09-05,59.914399495397326,23.751415367253223,4.6,,102.33333333333331,1.525,1100.0
FI_00008155,57891,57891,2023-09-05,59.914399495397326,23.751415367253223,4.6,,102.33333333333331,1.525,1100.0
FI_00008156,57891,57891,2023-09-05,59.914399495397326,23.751415367253223,4.6,,102.33333333333331,1.525,1100.0
FI_00008157,57891,57891,2023-09-05,59.914399495397326,23.751415367253223,4.6,,102.33333333333331,1.525,1100.0
FI_00008158,57891,57891,2023-09-05,59.914399495397326,23.751415367253223,4.6,,102.33333333333331,1.525,1100.0
FI_00008159,57891,57891,2023-09-05,59.914399495397326,23.751415367253223,4.6,,102.33333333333331,1.525,1100.0
FI_00008160,57891,57891,2024-02-15,59.914399495397326,23.751415367253223,1.0,350.0,37.333333333333336,0.7833333333333333,1183.3333333333333
FI_00008161,57891,57891,2024-02-15,59.914399495397326,23.751415367253223,1.0,350.0,37.333333333333336,0.7833333333333333,1183.3333333333333
FI_00008162,57891,57891,2024-02-15,59.914399495397326,23.751415367253223,1.0,350.0,37.333333333333336,0.7833333333333333,1183.3333333333333
FI_00008163,57891,57891,2024-02-15,59.914399495397326,23.751415367253223,1.0,350.0,37.333333333333336,0.7833333333333333,1183.3333333333333
FI_00008164,57891,57891,2024-02-15,59.914399495397326,23.751415367253223,1.0,350.0,37.333333333333336,0.7833333333333333,1183.3333333333333
FI_00008165,57891,57891,2024-02-15,59.914399495397326,23.751415367253223,1.0,350.0,37.333333333333336,0.7833333333333333,1183.3333333333333
FI_00008166,57891,57891,2024-08-06,59.914399495397326,23.751415367253223,1.3999999999999997,363.3333333333333,105.66666666666669,1.525,1100.0
FI_00008167,57891,57891,2024-08-06,59.914399495397326,23.751415367253223,1.3999999999999997,363.3333333333333,105.66666666666669,1.525,1100.0
FI_00008168,57891,57891,2024-08-06,59.914399495397326,23.751415367253223,1.3999999999999997,363.3333333333333,105.66666666666669,1.525,1100.0
FI_00008169,57891,57891,2024-08-06,59.914399495397326,23.751415367253223,1.3999999999999997,363.3333333333333,105.66666666666669,1.525,1100.0
FI_00008170,57891,57891,2024-08-06,59.914399495397326,23.751415367253223,1.3999999999999997,363.3333333333333,105.66666666666669,1.525,1100.0
FI_00008171,57891,57891,2024-08-06,59.914399495397326,23.751415367253223,1.3999999999999997,363.3333333333333,105.66666666666669,1.525,1100.0
FI_00008172,58845,Aurejärvi,2023-03-14,62.0222514818019,23.354213769827577,,673.3333333333334,37.63333333333334,2.803333333333333,2.6666666666666665
FI_00008173,58845,Aurejärvi,2023-03-14,62.0222514818019,23.354213769827577,,673.3333333333334,37.63333333333334,2.803333333333333,2.6666666666666665
FI_00008174,58845,Aurejärvi,2023-03-14,62.0222514818019,23.354213769827577,,673.3333333333334,37.63333333333334,2.803333333333333,2.6666666666666665
FI_00008175,58845,Aurejärvi,2023-03-14,62.0222514818019,23.354213769827577,,673.3333333333334,37.63333333333334,2.803333333333333,2.6666666666666665
FI_00008176,58845,Aurejärvi,2023-03-14,62.0222514818019,23.354213769827577,,673.3333333333334,37.63333333333334,2.803333333333333,2.6666666666666665
FI_00008177,58845,Aurejärvi,2023-03-14,62.0222514818019,23.354213769827577,,673.3333333333334,37.63333333333334,2.803333333333333,2.6666666666666665
FI_00008178,58845,Aurejärvi,2023-08-30,62.0222514818019,23.354213769827577,11.0,460.0,11.8,0.82,2.3
FI_00008179,58845,Aurejärvi,2023-08-30,62.0222514818019,23.354213769827577,11.0,460.0,11.8,0.82,2.3
FI_00008180,58845,Aurejärvi,2023-08-30,62.0222514818019,23.354213769827577,11.0,460.0,11.8,0.82,2.3
FI_00008181,58845,Aurejärvi,2023-08-30,62.0222514818019,23.354213769827577,11.0,460.0,11.8,0.82,2.3
FI_00008182,58845,Aurejärvi,2023-08-30,62.0222514818019,23.354213769827577,11.0,460.0,11.8,0.82,2.3
FI_00008183,58845,Aurejärvi,2023-08-30,62.0222514818019,23.354213769827577,11.0,460.0,11.8,0.82,2.3
FI_00008184,58845,Aurejärvi,2023-10-17,62.0222514818019,23.354213769827577,2.2,410.0,9.5,0.51,2.2
FI_00008185,58845,Aurejärvi,2023-10-17,62.0222514818019,23.354213769827577,2.2,410.0,9.5,0.51,2.2
FI_00008186,58845,Aurejärvi,2023-10-17,62.0222514818019,23.354213769827577,2.2,410.0,9.5,0.51,2.2
FI_00008187,58845,Aurejärvi,2023-10-17,62.0222514818019,23.354213769827577,2.2,410.0,9.5,0.51,2.2
FI_00008188,58845,Aurejärvi,2023-10-17,62.0222514818019,23.354213769827577,2.2,410.0,9.5,0.51,2.2
FI_00008189,58845,Aurejärvi,2023-10-17,62.0222514818019,23.354213769827577,2.2,410.0,9.5,0.51,2.2
FI_00008190,58845,Aurejärvi,2024-03-11,62.0222514818019,23.354213769827577,,643.3333333333334,35.666666666666664,3.1300000000000003,2.7
FI_00008191,58845,Aurejärvi,2024-03-11,62.0222514818019,23.354213769827577,,643.3333333333334,35.666666666666664,3.1300000000000003,2.7
FI_00008192,58845,Aurejärvi,2024-03-11,62.0222514818019,23.354213769827577,,643.3333333333334,35.666666666666664,3.1300000000000003,2.7
FI_00008193,58845,Aurejärvi,2024-03-11,62.0222514818019,23.354213769827577,,643.3333333333334,35.666666666666664,3.1300000000000003,2.7
FI_00008194,58845,Aurejärvi,2024-03-11,62.0222514818019,23.354213769827577,,643.3333333333334,35.666666666666664,3.1300000000000003,2.7
FI_00008195,58845,Aurejärvi,2024-03-11,62.0222514818019,23.354213769827577,,643.3333333333334,35.666666666666664,3.1300000000000003,2.7
FI_00008196,58845,Aurejärvi,2024-08-22,62.0222514818019,23.354213769827577,7.7,486.6666666666667,10.966666666666669,0.6433333333333333,2.233333333333333
FI_00008197,58845,Aurejärvi,2024-08-22,62.0222514818019,23.354213769827577,7.7,486.6666666666667,10.966666666666669,0.6433333333333333,2.233333333333333
FI_00008198,58845,Aurejärvi,2024-08-22,62.0222514818019,23.354213769827577,7.7,486.6666666666667,10.966666666666669,0.6433333333333333,2.233333333333333
FI_00008199,58845,Aurejärvi,2024-08-22,62.0222514818019,23.354213769827577,7.7,486.6666666666667,10.966666666666669,0.6433333333333333,2.233333333333333
FI_00008200,58845,Aurejärvi,2024-08-22,62.0222514818019,23.354213769827577,7.7,486.6666666666667,10.966666666666669,0.6433333333333333,2.233333333333333
FI_00008201,58845,Aurejärvi,2024-08-22,62.0222514818019,23.354213769827577,7.7,486.6666666666667,10.966666666666669,0.6433333333333333,2.233333333333333
FI_00008202,58845,Aurejärvi,2024-10-29,62.0222514818019,23.354213769827577,1.2,420.0,12.0,0.63,2.2
FI_00008203,58845,Aurejärvi,2024-10-29,62.0222514818019,23.354213769827577,1.2,420.0,12.0,0.63,2.2
FI_00008204,58845,Aurejärvi,2024-10-29,62.0222514818019,23.354213769827577,1.2,420.0,12.0,0.63,2.2
FI_00008205,58845,Aurejärvi,2024-10-29,62.0222514818019,23.354213769827577,1.2,420.0,12.0,0.63,2.2
FI_00008206,58845,Aurejärvi,2024-10-29,62.0222514818019,23.354213769827577,1.2,420.0,12.0,0.63,2.2
FI_00008207,58845,Aurejärvi,2024-10-29,62.0222514818019,23.354213769827577,1.2,420.0,12.0,0.63,2.2
FI_00008208,5985,5985,2023-02-14,62.974514912152245,21.108682358775145,,265.0,24.0,1.01,972.0
FI_00008209,5985,5985,2023-02-14,62.974514912152245,21.108682358775145,,265.0,24.0,1.01,972.0
FI_00008210,5985,5985,2023-02-14,62.974514912152245,21.108682358775145,,265.0,24.0,1.01,972.0
FI_00008211,5985,5985,2023-02-14,62.974514912152245,21.108682358775145,,265.0,24.0,1.01,972.0
FI_00008212,5985,5985,2023-02-14,62.974514912152245,21.108682358775145,,265.0,24.0,1.01,972.0
FI_00008213,5985,5985,2023-02-14,62.974514912152245,21.108682358775145,,265.0,24.0,1.01,972.0
FI_00008214,5985,5985,2023-07-18,62.974514912152245,21.108682358775145,3.0,295.0,15.0,1.3500000000000003,972.0
FI_00008215,5985,5985,2023-07-18,62.974514912152245,21.108682358775145,3.0,295.0,15.0,1.3500000000000003,972.0
FI_00008216,5985,5985,2023-07-18,62.974514912152245,21.108682358775145,3.0,295.0,15.0,1.3500000000000003,972.0
FI_00008217,5985,5985,2023-07-18,62.974514912152245,21.108682358775145,3.0,295.0,15.0,1.3500000000000003,972.0
FI_00008218,5985,5985,2023-07-18,62.974514912152245,21.108682358775145,3.0,295.0,15.0,1.3500000000000003,972.0
FI_00008219,5985,5985,2023-07-18,62.974514912152245,21.108682358775145,3.0,295.0,15.0,1.3500000000000003,972.0
FI_00008220,5985,5985,2023-08-30,62.974514912152245,21.108682358775145,2.7000000000000006,260.0,17.0,1.1,932.5
FI_00008221,5985,5985,2023-08-30,62.974514912152245,21.108682358775145,2.7000000000000006,260.0,17.0,1.1,932.5
FI_00008222,5985,5985,2023-08-30,62.974514912152245,21.108682358775145,2.7000000000000006,260.0,17.0,1.1,932.5
FI_00008223,5985,5985,2023-08-30,62.974514912152245,21.108682358775145,2.7000000000000006,260.0,17.0,1.1,932.5
FI_00008224,5985,5985,2023-08-30,62.974514912152245,21.108682358775145,2.7000000000000006,260.0,17.0,1.1,932.5
FI_00008225,5985,5985,2023-08-30,62.974514912152245,21.108682358775145,2.7000000000000006,260.0,17.0,1.1,932.5
FI_00008226,5985,5985,2024-02-13,62.974514912152245,21.108682358775145,,325.0,22.5,0.8649999999999999,999.5
FI_00008227,5985,5985,2024-02-13,62.974514912152245,21.108682358775145,,325.0,22.5,0.8649999999999999,999.5
FI_00008228,5985,5985,2024-02-13,62.974514912152245,21.108682358775145,,325.0,22.5,0.8649999999999999,999.5
FI_00008229,5985,5985,2024-02-13,62.974514912152245,21.108682358775145,,325.0,22.5,0.8649999999999999,999.5
FI_00008230,5985,5985,2024-02-13,62.974514912152245,21.108682358775145,,325.0,22.5,0.8649999999999999,999.5
FI_00008231,5985,5985,2024-02-13,62.974514912152245,21.108682358775145,,325.0,22.5,0.8649999999999999,999.5
FI_00008232,5985,5985,2024-07-18,62.974514912152245,21.108682358775145,5.7,245.0,17.0,1.5,914.5
FI_00008233,5985,5985,2024-07-18,62.974514912152245,21.108682358775145,5.7,245.0,17.0,1.5,914.5
FI_00008234,5985,5985,2024-07-18,62.974514912152245,21.108682358775145,5.7,245.0,17.0,1.5,914.5
FI_00008235,5985,5985,2024-07-18,62.974514912152245,21.108682358775145,5.7,245.0,17.0,1.5,914.5
FI_00008236,5985,5985,2024-07-18,62.974514912152245,21.108682358775145,5.7,245.0,17.0,1.5,914.5
FI_00008237,5985,5985,2024-07-18,62.974514912152245,21.108682358775145,5.7,245.0,17.0,1.5,914.5
FI_00008238,5985,5985,2024-08-27,62.974514912152245,21.108682358775145,4.7,250.0,20.5,4.05,860.0
FI_00008239,5985,5985,2024-08-27,62.974514912152245,21.108682358775145,4.7,250.0,20.5,4.05,860.0
FI_00008240,5985,5985,2024-08-27,62.974514912152245,21.108682358775145,4.7,250.0,20.5,4.05,860.0
FI_00008241,5985,5985,2024-08-27,62.974514912152245,21.108682358775145,4.7,250.0,20.5,4.05,860.0
FI_00008242,5985,5985,2024-08-27,62.974514912152245,21.108682358775145,4.7,250.0,20.5,4.05,860.0
FI_00008243,5985,5985,2024-08-27,62.974514912152245,21.108682358775145,4.7,250.0,20.5,4.05,860.0
FI_00008400,614,614,2023-01-03,60.30324526217449,24.940947885474305,,880.0,59.0,,31.0
FI_00008401,614,614,2023-01-03,60.30324526217449,24.940947885474305,,880.0,59.0,,31.0
FI_00008402,614,614,2023-01-03,60.30324526217449,24.940947885474305,,880.0,59.0,,31.0
FI_00008403,614,614,2023-01-03,60.30324526217449,24.940947885474305,,880.0,59.0,,31.0
FI_00008404,614,614,2023-01-03,60.30324526217449,24.940947885474305,,880.0,59.0,,31.0
FI_00008405,614,614,2023-01-03,60.30324526217449,24.940947885474305,,880.0,59.0,,31.0
FI_00008406,614,614,2023-01-17,60.30324526217449,24.940947885474305,,1300.0,24.0,,22.0
FI_00008407,614,614,2023-01-17,60.30324526217449,24.940947885474305,,1300.0,24.0,,22.0
FI_00008408,614,614,2023-01-17,60.30324526217449,24.940947885474305,,1300.0,24.0,,22.0
FI_00008409,614,614,2023-01-17,60.30324526217449,24.940947885474305,,1300.0,24.0,,22.0
FI_00008410,614,614,2023-01-17,60.30324526217449,24.940947885474305,,1300.0,24.0,,22.0
FI_00008411,614,614,2023-01-17,60.30324526217449,24.940947885474305,,1300.0,24.0,,22.0
FI_00008412,614,614,2023-01-31,60.30324526217449,24.940947885474305,,770.0,28.0,,26.0
FI_00008413,614,614,2023-01-31,60.30324526217449,24.940947885474305,,770.0,28.0,,26.0
FI_00008414,614,614,2023-01-31,60.30324526217449,24.940947885474305,,770.0,28.0,,26.0
FI_00008415,614,614,2023-01-31,60.30324526217449,24.940947885474305,,770.0,28.0,,26.0
FI_00008416,614,614,2023-01-31,60.30324526217449,24.940947885474305,,770.0,28.0,,26.0
FI_00008417,614,614,2023-01-31,60.30324526217449,24.940947885474305,,770.0,28.0,,26.0
FI_00008418,614,614,2023-02-14,60.30324526217449,24.940947885474305,,570.0,42.0,,40.0
FI_00008419,614,614,2023-02-14,60.30324526217449,24.940947885474305,,570.0,42.0,,40.0
FI_00008420,614,614,2023-02-14,60.30324526217449,24.940947885474305,,570.0,42.0,,40.0
FI_00008421,614,614,2023-02-14,60.30324526217449,24.940947885474305,,570.0,42.0,,40.0
FI_00008422,614,614,2023-02-14,60.30324526217449,24.940947885474305,,570.0,42.0,,40.0
FI_00008423,614,614,2023-02-14,60.30324526217449,24.940947885474305,,570.0,42.0,,40.0
FI_00008424,614,614,2023-02-28,60.30324526217449,24.940947885474305,,560.0,25.0,,33.0
FI_00008425,614,614,2023-02-28,60.30324526217449,24.940947885474305,,560.0,25.0,,33.0
FI_00008426,614,614,2023-02-28,60.30324526217449,24.940947885474305,,560.0,25.0,,33.0
FI_00008427,614,614,2023-02-28,60.30324526217449,24.940947885474305,,560.0,25.0,,33.0
FI_00008428,614,614,2023-02-28,60.30324526217449,24.940947885474305,,560.0,25.0,,33.0
FI_00008429,614,614,2023-02-28,60.30324526217449,24.940947885474305,,560.0,25.0,,33.0
FI_00008430,614,614,2023-03-14,60.30324526217449,24.940947885474305,,660.0,170.0,,30.0
FI_00008431,614,614,2023-03-14,60.30324526217449,24.940947885474305,,660.0,170.0,,30.0
FI_00008432,614,614,2023-03-14,60.30324526217449,24.940947885474305,,660.0,170.0,,30.0
FI_00008433,614,614,2023-03-14,60.30324526217449,24.940947885474305,,660.0,170.0,,30.0
FI_00008434,614,614,2023-03-14,60.30324526217449,24.940947885474305,,660.0,170.0,,30.0
FI_00008435,614,614,2023-03-14,60.30324526217449,24.940947885474305,,660.0,170.0,,30.0
FI_00008436,614,614,2023-03-28,60.30324526217449,24.940947885474305,,880.0,23.0,,28.0
FI_00008437,614,614,2023-03-28,60.30324526217449,24.940947885474305,,880.0,23.0,,28.0
FI_00008438,614,614,2023-03-28,60.30324526217449,24.940947885474305,,880.0,23.0,,28.0
FI_00008439,614,614,2023-03-28,60.30324526217449,24.940947885474305,,880.0,23.0,,28.0
FI_00008440,614,614,2023-03-28,60.30324526217449,24.940947885474305,,880.0,23.0,,28.0
FI_00008441,614,614,2023-03-28,60.30324526217449,24.940947885474305,,880.0,23.0,,28.0
FI_00008442,614,614,2023-04-11,60.30324526217449,24.940947885474305,,1200.0,23.0,,25.0
FI_00008443,614,614,2023-04-11,60.30324526217449,24.940947885474305,,1200.0,23.0,,25.0
FI_00008444,614,614,2023-04-11,60.30324526217449,24.940947885474305,,1200.0,23.0,,25.0
FI_00008445,614,614,2023-04-11,60.30324526217449,24.940947885474305,,1200.0,23.0,,25.0
FI_00008446,614,614,2023-04-11,60.30324526217449,24.940947885474305,,1200.0,23.0,,25.0
FI_00008447,614,614,2023-04-11,60.30324526217449,24.940947885474305,,1200.0,23.0,,25.0
FI_00008448,614,614,2023-04-25,60.30324526217449,24.940947885474305,,,130.0,,35.0
FI_00008449,614,614,2023-04-25,60.30324526217449,24.940947885474305,,,130.0,,35.0
FI_00008450,614,614,2023-04-25,60.30324526217449,24.940947885474305,,,130.0,,35.0
FI_00008451,614,614,2023-04-25,60.30324526217449,24.940947885474305,,,130.0,,35.0
FI_00008452,614,614,2023-04-25,60.30324526217449,24.940947885474305,,,130.0,,35.0
FI_00008453,614,614,2023-04-25,60.30324526217449,24.940947885474305,,,130.0,,35.0
FI_00008454,614,614,2023-05-09,60.30324526217449,24.940947885474305,,600.0,31.0,,30.0
FI_00008455,614,614,2023-05-09,60.30324526217449,24.940947885474305,,600.0,31.0,,30.0
FI_00008456,614,614,2023-05-09,60.30324526217449,24.940947885474305,,600.0,31.0,,30.0
FI_00008457,614,614,2023-05-09,60.30324526217449,24.940947885474305,,600.0,31.0,,30.0
FI_00008458,614,614,2023-05-09,60.30324526217449,24.940947885474305,,600.0,31.0,,30.0
FI_00008459,614,614,2023-05-09,60.30324526217449,24.940947885474305,,600.0,31.0,,30.0
FI_00008460,614,614,2023-05-23,60.30324526217449,24.940947885474305,,870.0,39.0,,26.0
FI_00008461,614,614,2023-05-23,60.30324526217449,24.940947885474305,,870.0,39.0,,26.0
FI_00008462,614,614,2023-05-23,60.30324526217449,24.940947885474305,,870.0,39.0,,26.0
FI_00008463,614,614,2023-05-23,60.30324526217449,24.940947885474305,,870.0,39.0,,26.0
FI_00008464,614,614,2023-05-23,60.30324526217449,24.940947885474305,,870.0,39.0,,26.0
FI_00008465,614,614,2023-05-23,60.30324526217449,24.940947885474305,,870.0,39.0,,26.0
FI_00008466,614,614,2023-06-06,60.30324526217449,24.940947885474305,,720.0,19.0,,34.0
FI_00008467,614,614,2023-06-06,60.30324526217449,24.940947885474305,,720.0,19.0,,34.0
FI_00008468,614,614,2023-06-06,60.30324526217449,24.940947885474305,,720.0,19.0,,34.0
FI_00008469,614,614,2023-06-06,60.30324526217449,24.940947885474305,,720.0,19.0,,34.0
FI_00008470,614,614,2023-06-06,60.30324526217449,24.940947885474305,,720.0,19.0,,34.0
FI_00008471,614,614,2023-06-06,60.30324526217449,24.940947885474305,,720.0,19.0,,34.0
FI_00008472,614,614,2023-06-20,60.30324526217449,24.940947885474305,,870.0,17.0,,36.0
FI_00008473,614,614,2023-06-20,60.30324526217449,24.940947885474305,,870.0,17.0,,36.0
FI_00008474,614,614,2023-06-20,60.30324526217449,24.940947885474305,,870.0,17.0,,36.0
FI_00008475,614,614,2023-06-20,60.30324526217449,24.940947885474305,,870.0,17.0,,36.0
FI_00008476,614,614,2023-06-20,60.30324526217449,24.940947885474305,,870.0,17.0,,36.0
FI_00008477,614,614,2023-06-20,60.30324526217449,24.940947885474305,,870.0,17.0,,36.0
FI_00008478,614,614,2023-07-04,60.30324526217449,24.940947885474305,,680.0,44.0,,20.0
FI_00008479,614,614,2023-07-04,60.30324526217449,24.940947885474305,,680.0,44.0,,20.0
FI_00008480,614,614,2023-07-04,60.30324526217449,24.940947885474305,,680.0,44.0,,20.0
FI_00008481,614,614,2023-07-04,60.30324526217449,24.940947885474305,,680.0,44.0,,20.0
FI_00008482,614,614,2023-07-04,60.30324526217449,24.940947885474305,,680.0,44.0,,20.0
FI_00008483,614,614,2023-07-04,60.30324526217449,24.940947885474305,,680.0,44.0,,20.0
FI_00008484,614,614,2023-07-18,60.30324526217449,24.940947885474305,,550.0,24.0,,32.0
FI_00008485,614,614,2023-07-18,60.30324526217449,24.940947885474305,,550.0,24.0,,32.0
FI_00008486,614,614,2023-07-18,60.30324526217449,24.940947885474305,,550.0,24.0,,32.0
FI_00008487,614,614,2023-07-18,60.30324526217449,24.940947885474305,,550.0,24.0,,32.0
FI_00008488,614,614,2023-07-18,60.30324526217449,24.940947885474305,,550.0,24.0,,32.0
FI_00008489,614,614,2023-07-18,60.30324526217449,24.940947885474305,,550.0,24.0,,32.0
FI_00008490,614,614,2023-08-01,60.30324526217449,24.940947885474305,,500.0,28.0,,22.0
FI_00008491,614,614,2023-08-01,60.30324526217449,24.940947885474305,,500.0,28.0,,22.0
FI_00008492,614,614,2023-08-01,60.30324526217449,24.940947885474305,,500.0,28.0,,22.0
FI_00008493,614,614,2023-08-01,60.30324526217449,24.940947885474305,,500.0,28.0,,22.0
FI_00008494,614,614,2023-08-01,60.30324526217449,24.940947885474305,,500.0,28.0,,22.0
FI_00008495,614,614,2023-08-01,60.30324526217449,24.940947885474305,,500.0,28.0,,22.0
FI_00008496,614,614,2023-08-08,60.30324526217449,24.940947885474305,,720.0,29.0,,29.0
FI_00008497,614,614,2023-08-08,60.30324526217449,24.940947885474305,,720.0,29.0,,29.0
FI_00008498,614,614,2023-08-08,60.30324526217449,24.940947885474305,,720.0,29.0,,29.0
FI_00008499,614,614,2023-08-08,60.30324526217449,24.940947885474305,,720.0,29.0,,29.0
FI_00008500,614,614,2023-08-08,60.30324526217449,24.940947885474305,,720.0,29.0,,29.0
FI_00008501,614,614,2023-08-08,60.30324526217449,24.940947885474305,,720.0,29.0,,29.0
FI_00008502,614,614,2023-08-15,60.30324526217449,24.940947885474305,,530.0,23.0,,30.0
FI_00008503,614,614,2023-08-15,60.30324526217449,24.940947885474305,,530.0,23.0,,30.0
FI_00008504,614,614,2023-08-15,60.30324526217449,24.940947885474305,,530.0,23.0,,30.0
FI_00008505,614,614,2023-08-15,60.30324526217449,24.940947885474305,,530.0,23.0,,30.0
FI_00008506,614,614,2023-08-15,60.30324526217449,24.940947885474305,,530.0,23.0,,30.0
FI_00008507,614,614,2023-08-15,60.30324526217449,24.940947885474305,,530.0,23.0,,30.0
FI_00008508,614,614,2023-08-29,60.30324526217449,24.940947885474305,,1700.0,44.0,,19.0
FI_00008509,614,614,2023-08-29,60.30324526217449,24.940947885474305,,1700.0,44.0,,19.0
FI_00008510,614,614,2023-08-29,60.30324526217449,24.940947885474305,,1700.0,44.0,,19.0
FI_00008511,614,614,2023-08-29,60.30324526217449,24.940947885474305,,1700.0,44.0,,19.0
FI_00008512,614,614,2023-08-29,60.30324526217449,24.940947885474305,,1700.0,44.0,,19.0
FI_00008513,614,614,2023-08-29,60.30324526217449,24.940947885474305,,1700.0,44.0,,19.0
FI_00008514,614,614,2023-09-12,60.30324526217449,24.940947885474305,,870.0,31.0,,28.0
FI_00008515,614,614,2023-09-12,60.30324526217449,24.940947885474305,,870.0,31.0,,28.0
FI_00008516,614,614,2023-09-12,60.30324526217449,24.940947885474305,,870.0,31.0,,28.0
FI_00008517,614,614,2023-09-12,60.30324526217449,24.940947885474305,,870.0,31.0,,28.0
FI_00008518,614,614,2023-09-12,60.30324526217449,24.940947885474305,,870.0,31.0,,28.0
FI_00008519,614,614,2023-09-12,60.30324526217449,24.940947885474305,,870.0,31.0,,28.0
FI_00008520,614,614,2023-09-26,60.30324526217449,24.940947885474305,,950.0,29.0,,47.0
FI_00008521,614,614,2023-09-26,60.30324526217449,24.940947885474305,,950.0,29.0,,47.0
FI_00008522,614,614,2023-09-26,60.30324526217449,24.940947885474305,,950.0,29.0,,47.0
FI_00008523,614,614,2023-09-26,60.30324526217449,24.940947885474305,,950.0,29.0,,47.0
FI_00008524,614,614,2023-09-26,60.30324526217449,24.940947885474305,,950.0,29.0,,47.0
FI_00008525,614,614,2023-09-26,60.30324526217449,24.940947885474305,,950.0,29.0,,47.0
FI_00008526,614,614,2023-10-10,60.30324526217449,24.940947885474305,,1200.0,30.0,,21.0
FI_00008527,614,614,2023-10-10,60.30324526217449,24.940947885474305,,1200.0,30.0,,21.0
FI_00008528,614,614,2023-10-10,60.30324526217449,24.940947885474305,,1200.0,30.0,,21.0
FI_00008529,614,614,2023-10-10,60.30324526217449,24.940947885474305,,1200.0,30.0,,21.0
FI_00008530,614,614,2023-10-10,60.30324526217449,24.940947885474305,,1200.0,30.0,,21.0
FI_00008531,614,614,2023-10-10,60.30324526217449,24.940947885474305,,1200.0,30.0,,21.0
FI_00008532,614,614,2023-10-24,60.30324526217449,24.940947885474305,,940.0,24.0,,25.0
FI_00008533,614,614,2023-10-24,60.30324526217449,24.940947885474305,,940.0,24.0,,25.0
FI_00008534,614,614,2023-10-24,60.30324526217449,24.940947885474305,,940.0,24.0,,25.0
FI_00008535,614,614,2023-10-24,60.30324526217449,24.940947885474305,,940.0,24.0,,25.0
FI_00008536,614,614,2023-10-24,60.30324526217449,24.940947885474305,,940.0,24.0,,25.0
FI_00008537,614,614,2023-10-24,60.30324526217449,24.940947885474305,,940.0,24.0,,25.0
FI_00008538,614,614,2023-11-07,60.30324526217449,24.940947885474305,,1000.0,43.0,,23.0
FI_00008539,614,614,2023-11-07,60.30324526217449,24.940947885474305,,1000.0,43.0,,23.0
FI_00008540,614,614,2023-11-07,60.30324526217449,24.940947885474305,,1000.0,43.0,,23.0
FI_00008541,614,614,2023-11-07,60.30324526217449,24.940947885474305,,1000.0,43.0,,23.0
FI_00008542,614,614,2023-11-07,60.30324526217449,24.940947885474305,,1000.0,43.0,,23.0
FI_00008543,614,614,2023-11-07,60.30324526217449,24.940947885474305,,1000.0,43.0,,23.0
FI_00008544,614,614,2023-11-21,60.30324526217449,24.940947885474305,,860.0,20.0,,25.0
FI_00008545,614,614,2023-11-21,60.30324526217449,24.940947885474305,,860.0,20.0,,25.0
FI_00008546,614,614,2023-11-21,60.30324526217449,24.940947885474305,,860.0,20.0,,25.0
FI_00008547,614,614,2023-11-21,60.30324526217449,24.940947885474305,,860.0,20.0,,25.0
FI_00008548,614,614,2023-11-21,60.30324526217449,24.940947885474305,,860.0,20.0,,25.0
FI_00008549,614,614,2023-11-21,60.30324526217449,24.940947885474305,,860.0,20.0,,25.0
FI_00008550,614,614,2023-12-04,60.30324526217449,24.940947885474305,,780.0,22.0,,27.0
FI_00008551,614,614,2023-12-04,60.30324526217449,24.940947885474305,,780.0,22.0,,27.0
FI_00008552,614,614,2023-12-04,60.30324526217449,24.940947885474305,,780.0,22.0,,27.0
FI_00008553,614,614,2023-12-04,60.30324526217449,24.940947885474305,,780.0,22.0,,27.0
FI_00008554,614,614,2023-12-04,60.30324526217449,24.940947885474305,,780.0,22.0,,27.0
FI_00008555,614,614,2023-12-04,60.30324526217449,24.940947885474305,,780.0,22.0,,27.0
FI_00008556,614,614,2023-12-19,60.30324526217449,24.940947885474305,,460.0,230.0,,41.0
FI_00008557,614,614,2023-12-19,60.30324526217449,24.940947885474305,,460.0,230.0,,41.0
FI_00008558,614,614,2023-12-19,60.30324526217449,24.940947885474305,,460.0,230.0,,41.0
FI_00008559,614,614,2023-12-19,60.30324526217449,24.940947885474305,,460.0,230.0,,41.0
FI_00008560,614,614,2023-12-19,60.30324526217449,24.940947885474305,,460.0,230.0,,41.0
FI_00008561,614,614,2023-12-19,60.30324526217449,24.940947885474305,,460.0,230.0,,41.0
FI_00008562,614,614,2024-01-03,60.30324526217449,24.940947885474305,,590.0,18.0,,34.0
FI_00008563,614,614,2024-01-03,60.30324526217449,24.940947885474305,,590.0,18.0,,34.0
FI_00008564,614,614,2024-01-03,60.30324526217449,24.940947885474305,,590.0,18.0,,34.0
FI_00008565,614,614,2024-01-03,60.30324526217449,24.940947885474305,,590.0,18.0,,34.0
FI_00008566,614,614,2024-01-03,60.30324526217449,24.940947885474305,,590.0,18.0,,34.0
FI_00008567,614,614,2024-01-03,60.30324526217449,24.940947885474305,,590.0,18.0,,34.0
FI_00008568,614,614,2024-01-07,60.30324526217449,24.940947885474305,,880.0,32.0,,33.0
FI_00008569,614,614,2024-01-07,60.30324526217449,24.940947885474305,,880.0,32.0,,33.0
FI_00008570,614,614,2024-01-07,60.30324526217449,24.940947885474305,,880.0,32.0,,33.0
FI_00008571,614,614,2024-01-07,60.30324526217449,24.940947885474305,,880.0,32.0,,33.0
FI_00008572,614,614,2024-01-07,60.30324526217449,24.940947885474305,,880.0,32.0,,33.0
FI_00008573,614,614,2024-01-07,60.30324526217449,24.940947885474305,,880.0,32.0,,33.0
FI_00008574,614,614,2024-01-16,60.30324526217449,24.940947885474305,,1000.0,14.0,,31.0
FI_00008575,614,614,2024-01-16,60.30324526217449,24.940947885474305,,1000.0,14.0,,31.0
FI_00008576,614,614,2024-01-16,60.30324526217449,24.940947885474305,,1000.0,14.0,,31.0
FI_00008577,614,614,2024-01-16,60.30324526217449,24.940947885474305,,1000.0,14.0,,31.0
FI_00008578,614,614,2024-01-16,60.30324526217449,24.940947885474305,,1000.0,14.0,,31.0
FI_00008579,614,614,2024-01-16,60.30324526217449,24.940947885474305,,1000.0,14.0,,31.0
FI_00008580,614,614,2024-01-30,60.30324526217449,24.940947885474305,,510.0,110.0,,83.0
FI_00008581,614,614,2024-01-30,60.30324526217449,24.940947885474305,,510.0,110.0,,83.0
FI_00008582,614,614,2024-01-30,60.30324526217449,24.940947885474305,,510.0,110.0,,83.0
FI_00008583,614,614,2024-01-30,60.30324526217449,24.940947885474305,,510.0,110.0,,83.0
FI_00008584,614,614,2024-01-30,60.30324526217449,24.940947885474305,,510.0,110.0,,83.0
FI_00008585,614,614,2024-01-30,60.30324526217449,24.940947885474305,,510.0,110.0,,83.0
FI_00008586,614,614,2024-02-13,60.30324526217449,24.940947885474305,,550.0,33.0,,36.0
FI_00008587,614,614,2024-02-13,60.30324526217449,24.940947885474305,,550.0,33.0,,36.0
FI_00008588,614,614,2024-02-13,60.30324526217449,24.940947885474305,,550.0,33.0,,36.0
FI_00008589,614,614,2024-02-13,60.30324526217449,24.940947885474305,,550.0,33.0,,36.0
FI_00008590,614,614,2024-02-13,60.30324526217449,24.940947885474305,,550.0,33.0,,36.0
FI_00008591,614,614,2024-02-13,60.30324526217449,24.940947885474305,,550.0,33.0,,36.0
FI_00008592,614,614,2024-02-20,60.30324526217449,24.940947885474305,,640.0,48.0,,32.0
FI_00008593,614,614,2024-02-20,60.30324526217449,24.940947885474305,,640.0,48.0,,32.0
FI_00008594,614,614,2024-02-20,60.30324526217449,24.940947885474305,,640.0,48.0,,32.0
FI_00008595,614,614,2024-02-20,60.30324526217449,24.940947885474305,,640.0,48.0,,32.0
FI_00008596,614,614,2024-02-20,60.30324526217449,24.940947885474305,,640.0,48.0,,32.0
FI_00008597,614,614,2024-02-20,60.30324526217449,24.940947885474305,,640.0,48.0,,32.0
FI_00008598,614,614,2024-02-27,60.30324526217449,24.940947885474305,,850.0,51.0,,26.0
FI_00008599,614,614,2024-02-27,60.30324526217449,24.940947885474305,,850.0,51.0,,26.0
FI_00008600,614,614,2024-02-27,60.30324526217449,24.940947885474305,,850.0,51.0,,26.0
FI_00008601,614,614,2024-02-27,60.30324526217449,24.940947885474305,,850.0,51.0,,26.0
FI_00008602,614,614,2024-02-27,60.30324526217449,24.940947885474305,,850.0,51.0,,26.0
FI_00008603,614,614,2024-02-27,60.30324526217449,24.940947885474305,,850.0,51.0,,26.0
FI_00008604,614,614,2024-03-12,60.30324526217449,24.940947885474305,,530.0,38.0,,33.0
FI_00008605,614,614,2024-03-12,60.30324526217449,24.940947885474305,,530.0,38.0,,33.0
FI_00008606,614,614,2024-03-12,60.30324526217449,24.940947885474305,,530.0,38.0,,33.0
FI_00008607,614,614,2024-03-12,60.30324526217449,24.940947885474305,,530.0,38.0,,33.0
FI_00008608,614,614,2024-03-12,60.30324526217449,24.940947885474305,,530.0,38.0,,33.0
FI_00008609,614,614,2024-03-12,60.30324526217449,24.940947885474305,,530.0,38.0,,33.0
FI_00008610,614,614,2024-03-26,60.30324526217449,24.940947885474305,,900.0,28.0,,27.0
FI_00008611,614,614,2024-03-26,60.30324526217449,24.940947885474305,,900.0,28.0,,27.0
FI_00008612,614,614,2024-03-26,60.30324526217449,24.940947885474305,,900.0,28.0,,27.0
FI_00008613,614,614,2024-03-26,60.30324526217449,24.940947885474305,,900.0,28.0,,27.0
FI_00008614,614,614,2024-03-26,60.30324526217449,24.940947885474305,,900.0,28.0,,27.0
FI_00008615,614,614,2024-03-26,60.30324526217449,24.940947885474305,,900.0,28.0,,27.0
FI_00008616,614,614,2024-04-03,60.30324526217449,24.940947885474305,,1300.0,32.0,,19.0
FI_00008617,614,614,2024-04-03,60.30324526217449,24.940947885474305,,1300.0,32.0,,19.0
FI_00008618,614,614,2024-04-03,60.30324526217449,24.940947885474305,,1300.0,32.0,,19.0
FI_00008619,614,614,2024-04-03,60.30324526217449,24.940947885474305,,1300.0,32.0,,19.0
FI_00008620,614,614,2024-04-03,60.30324526217449,24.940947885474305,,1300.0,32.0,,19.0
FI_00008621,614,614,2024-04-03,60.30324526217449,24.940947885474305,,1300.0,32.0,,19.0
FI_00008622,614,614,2024-04-09,60.30324526217449,24.940947885474305,,1100.0,150.0,,23.0
FI_00008623,614,614,2024-04-09,60.30324526217449,24.940947885474305,,1100.0,150.0,,23.0
FI_00008624,614,614,2024-04-09,60.30324526217449,24.940947885474305,,1100.0,150.0,,23.0
FI_00008625,614,614,2024-04-09,60.30324526217449,24.940947885474305,,1100.0,150.0,,23.0
FI_00008626,614,614,2024-04-09,60.30324526217449,24.940947885474305,,1100.0,150.0,,23.0
FI_00008627,614,614,2024-04-09,60.30324526217449,24.940947885474305,,1100.0,150.0,,23.0
FI_00008628,614,614,2024-04-23,60.30324526217449,24.940947885474305,,360.0,150.0,,110.0
FI_00008629,614,614,2024-04-23,60.30324526217449,24.940947885474305,,360.0,150.0,,110.0
FI_00008630,614,614,2024-04-23,60.30324526217449,24.940947885474305,,360.0,150.0,,110.0
FI_00008631,614,614,2024-04-23,60.30324526217449,24.940947885474305,,360.0,150.0,,110.0
FI_00008632,614,614,2024-04-23,60.30324526217449,24.940947885474305,,360.0,150.0,,110.0
FI_00008633,614,614,2024-04-23,60.30324526217449,24.940947885474305,,360.0,150.0,,110.0
FI_00008634,614,614,2024-05-07,60.30324526217449,24.940947885474305,,670.0,20.0,,32.0
FI_00008635,614,614,2024-05-07,60.30324526217449,24.940947885474305,,670.0,20.0,,32.0
FI_00008636,614,614,2024-05-07,60.30324526217449,24.940947885474305,,670.0,20.0,,32.0
FI_00008637,614,614,2024-05-07,60.30324526217449,24.940947885474305,,670.0,20.0,,32.0
FI_00008638,614,614,2024-05-07,60.30324526217449,24.940947885474305,,670.0,20.0,,32.0
FI_00008639,614,614,2024-05-07,60.30324526217449,24.940947885474305,,670.0,20.0,,32.0
FI_00008640,614,614,2024-05-21,60.30324526217449,24.940947885474305,,1000.0,13.0,,34.0
FI_00008641,614,614,2024-05-21,60.30324526217449,24.940947885474305,,1000.0,13.0,,34.0
FI_00008642,614,614,2024-05-21,60.30324526217449,24.940947885474305,,1000.0,13.0,,34.0
FI_00008643,614,614,2024-05-21,60.30324526217449,24.940947885474305,,1000.0,13.0,,34.0
FI_00008644,614,614,2024-05-21,60.30324526217449,24.940947885474305,,1000.0,13.0,,34.0
FI_00008645,614,614,2024-05-21,60.30324526217449,24.940947885474305,,1000.0,13.0,,34.0
FI_00008646,614,614,2024-06-04,60.30324526217449,24.940947885474305,,780.0,17.0,,38.0
FI_00008647,614,614,2024-06-04,60.30324526217449,24.940947885474305,,780.0,17.0,,38.0
FI_00008648,614,614,2024-06-04,60.30324526217449,24.940947885474305,,780.0,17.0,,38.0
FI_00008649,614,614,2024-06-04,60.30324526217449,24.940947885474305,,780.0,17.0,,38.0
FI_00008650,614,614,2024-06-04,60.30324526217449,24.940947885474305,,780.0,17.0,,38.0
FI_00008651,614,614,2024-06-04,60.30324526217449,24.940947885474305,,780.0,17.0,,38.0
FI_00008652,614,614,2024-06-19,60.30324526217449,24.940947885474305,,1200.0,19.0,,33.0
FI_00008653,614,614,2024-06-19,60.30324526217449,24.940947885474305,,1200.0,19.0,,33.0
FI_00008654,614,614,2024-06-19,60.30324526217449,24.940947885474305,,1200.0,19.0,,33.0
FI_00008655,614,614,2024-06-19,60.30324526217449,24.940947885474305,,1200.0,19.0,,33.0
FI_00008656,614,614,2024-06-19,60.30324526217449,24.940947885474305,,1200.0,19.0,,33.0
FI_00008657,614,614,2024-06-19,60.30324526217449,24.940947885474305,,1200.0,19.0,,33.0
FI_00008658,614,614,2024-07-02,60.30324526217449,24.940947885474305,,630.0,22.0,,35.0
FI_00008659,614,614,2024-07-02,60.30324526217449,24.940947885474305,,630.0,22.0,,35.0
FI_00008660,614,614,2024-07-02,60.30324526217449,24.940947885474305,,630.0,22.0,,35.0
FI_00008661,614,614,2024-07-02,60.30324526217449,24.940947885474305,,630.0,22.0,,35.0
FI_00008662,614,614,2024-07-02,60.30324526217449,24.940947885474305,,630.0,22.0,,35.0
FI_00008663,614,614,2024-07-02,60.30324526217449,24.940947885474305,,630.0,22.0,,35.0
FI_00008664,614,614,2024-07-09,60.30324526217449,24.940947885474305,,990.0,17.0,,27.0
FI_00008665,614,614,2024-07-09,60.30324526217449,24.940947885474305,,990.0,17.0,,27.0
FI_00008666,614,614,2024-07-09,60.30324526217449,24.940947885474305,,990.0,17.0,,27.0
FI_00008667,614,614,2024-07-09,60.30324526217449,24.940947885474305,,990.0,17.0,,27.0
FI_00008668,614,614,2024-07-09,60.30324526217449,24.940947885474305,,990.0,17.0,,27.0
FI_00008669,614,614,2024-07-09,60.30324526217449,24.940947885474305,,990.0,17.0,,27.0
FI_00008670,614,614,2024-07-16,60.30324526217449,24.940947885474305,,630.0,21.0,,33.0
FI_00008671,614,614,2024-07-16,60.30324526217449,24.940947885474305,,630.0,21.0,,33.0
FI_00008672,614,614,2024-07-16,60.30324526217449,24.940947885474305,,630.0,21.0,,33.0
FI_00008673,614,614,2024-07-16,60.30324526217449,24.940947885474305,,630.0,21.0,,33.0
FI_00008674,614,614,2024-07-16,60.30324526217449,24.940947885474305,,630.0,21.0,,33.0
FI_00008675,614,614,2024-07-16,60.30324526217449,24.940947885474305,,630.0,21.0,,33.0
FI_00008676,614,614,2024-07-30,60.30324526217449,24.940947885474305,,840.0,17.0,,35.0
FI_00008677,614,614,2024-07-30,60.30324526217449,24.940947885474305,,840.0,17.0,,35.0
FI_00008678,614,614,2024-07-30,60.30324526217449,24.940947885474305,,840.0,17.0,,35.0
FI_00008679,614,614,2024-07-30,60.30324526217449,24.940947885474305,,840.0,17.0,,35.0
FI_00008680,614,614,2024-07-30,60.30324526217449,24.940947885474305,,840.0,17.0,,35.0
FI_00008681,614,614,2024-07-30,60.30324526217449,24.940947885474305,,840.0,17.0,,35.0
FI_00008682,614,614,2024-08-13,60.30324526217449,24.940947885474305,,740.0,19.0,,20.0
FI_00008683,614,614,2024-08-13,60.30324526217449,24.940947885474305,,740.0,19.0,,20.0
FI_00008684,614,614,2024-08-13,60.30324526217449,24.940947885474305,,740.0,19.0,,20.0
FI_00008685,614,614,2024-08-13,60.30324526217449,24.940947885474305,,740.0,19.0,,20.0
FI_00008686,614,614,2024-08-13,60.30324526217449,24.940947885474305,,740.0,19.0,,20.0
FI_00008687,614,614,2024-08-13,60.30324526217449,24.940947885474305,,740.0,19.0,,20.0
FI_00008688,614,614,2024-08-27,60.30324526217449,24.940947885474305,,450.0,15.0,,34.0
FI_00008689,614,614,2024-08-27,60.30324526217449,24.940947885474305,,450.0,15.0,,34.0
FI_00008690,614,614,2024-08-27,60.30324526217449,24.940947885474305,,450.0,15.0,,34.0
FI_00008691,614,614,2024-08-27,60.30324526217449,24.940947885474305,,450.0,15.0,,34.0
FI_00008692,614,614,2024-08-27,60.30324526217449,24.940947885474305,,450.0,15.0,,34.0
FI_00008693,614,614,2024-08-27,60.30324526217449,24.940947885474305,,450.0,15.0,,34.0
FI_00008694,614,614,2024-09-11,60.30324526217449,24.940947885474305,,940.0,13.0,,33.0
FI_00008695,614,614,2024-09-11,60.30324526217449,24.940947885474305,,940.0,13.0,,33.0
FI_00008696,614,614,2024-09-11,60.30324526217449,24.940947885474305,,940.0,13.0,,33.0
FI_00008697,614,614,2024-09-11,60.30324526217449,24.940947885474305,,940.0,13.0,,33.0
FI_00008698,614,614,2024-09-11,60.30324526217449,24.940947885474305,,940.0,13.0,,33.0
FI_00008699,614,614,2024-09-11,60.30324526217449,24.940947885474305,,940.0,13.0,,33.0
FI_00008700,614,614,2024-09-24,60.30324526217449,24.940947885474305,,1400.0,13.0,,34.0
FI_00008701,614,614,2024-09-24,60.30324526217449,24.940947885474305,,1400.0,13.0,,34.0
FI_00008702,614,614,2024-09-24,60.30324526217449,24.940947885474305,,1400.0,13.0,,34.0
FI_00008703,614,614,2024-09-24,60.30324526217449,24.940947885474305,,1400.0,13.0,,34.0
FI_00008704,614,614,2024-09-24,60.30324526217449,24.940947885474305,,1400.0,13.0,,34.0
FI_00008705,614,614,2024-09-24,60.30324526217449,24.940947885474305,,1400.0,13.0,,34.0
FI_00008706,614,614,2024-10-08,60.30324526217449,24.940947885474305,,1100.0,20.0,,33.0
FI_00008707,614,614,2024-10-08,60.30324526217449,24.940947885474305,,1100.0,20.0,,33.0
FI_00008708,614,614,2024-10-08,60.30324526217449,24.940947885474305,,1100.0,20.0,,33.0
FI_00008709,614,614,2024-10-08,60.30324526217449,24.940947885474305,,1100.0,20.0,,33.0
FI_00008710,614,614,2024-10-08,60.30324526217449,24.940947885474305,,1100.0,20.0,,33.0
FI_00008711,614,614,2024-10-08,60.30324526217449,24.940947885474305,,1100.0,20.0,,33.0
FI_00008712,614,614,2024-10-23,60.30324526217449,24.940947885474305,,1000.0,23.0,,29.0
FI_00008713,614,614,2024-10-23,60.30324526217449,24.940947885474305,,1000.0,23.0,,29.0
FI_00008714,614,614,2024-10-23,60.30324526217449,24.940947885474305,,1000.0,23.0,,29.0
FI_00008715,614,614,2024-10-23,60.30324526217449,24.940947885474305,,1000.0,23.0,,29.0
FI_00008716,614,614,2024-10-23,60.30324526217449,24.940947885474305,,1000.0,23.0,,29.0
FI_00008717,614,614,2024-10-23,60.30324526217449,24.940947885474305,,1000.0,23.0,,29.0
FI_00008718,614,614,2024-11-05,60.30324526217449,24.940947885474305,,370.0,250.0,,67.0
FI_00008719,614,614,2024-11-05,60.30324526217449,24.940947885474305,,370.0,250.0,,67.0
FI_00008720,614,614,2024-11-05,60.30324526217449,24.940947885474305,,370.0,250.0,,67.0
FI_00008721,614,614,2024-11-05,60.30324526217449,24.940947885474305,,370.0,250.0,,67.0
FI_00008722,614,614,2024-11-05,60.30324526217449,24.940947885474305,,370.0,250.0,,67.0
FI_00008723,614,614,2024-11-05,60.30324526217449,24.940947885474305,,370.0,250.0,,67.0
FI_00008724,614,614,2024-11-20,60.30324526217449,24.940947885474305,,690.0,21.0,,29.0
FI_00008725,614,614,2024-11-20,60.30324526217449,24.940947885474305,,690.0,21.0,,29.0
FI_00008726,614,614,2024-11-20,60.30324526217449,24.940947885474305,,690.0,21.0,,29.0
FI_00008727,614,614,2024-11-20,60.30324526217449,24.940947885474305,,690.0,21.0,,29.0
FI_00008728,614,614,2024-11-20,60.30324526217449,24.940947885474305,,690.0,21.0,,29.0
FI_00008729,614,614,2024-11-20,60.30324526217449,24.940947885474305,,690.0,21.0,,29.0
FI_00008730,614,614,2024-12-04,60.30324526217449,24.940947885474305,,580.0,25.0,,18.0
FI_00008731,614,614,2024-12-04,60.30324526217449,24.940947885474305,,580.0,25.0,,18.0
FI_00008732,614,614,2024-12-04,60.30324526217449,24.940947885474305,,580.0,25.0,,18.0
FI_00008733,614,614,2024-12-04,60.30324526217449,24.940947885474305,,580.0,25.0,,18.0
FI_00008734,614,614,2024-12-04,60.30324526217449,24.940947885474305,,580.0,25.0,,18.0
FI_00008735,614,614,2024-12-04,60.30324526217449,24.940947885474305,,580.0,25.0,,18.0
FI_00008736,614,614,2024-12-10,60.30324526217449,24.940947885474305,,570.0,29.0,,32.0
FI_00008737,614,614,2024-12-10,60.30324526217449,24.940947885474305,,570.0,29.0,,32.0
FI_00008738,614,614,2024-12-10,60.30324526217449,24.940947885474305,,570.0,29.0,,32.0
FI_00008739,614,614,2024-12-10,60.30324526217449,24.940947885474305,,570.0,29.0,,32.0
FI_00008740,614,614,2024-12-10,60.30324526217449,24.940947885474305,,570.0,29.0,,32.0
FI_00008741,614,614,2024-12-10,60.30324526217449,24.940947885474305,,570.0,29.0,,32.0
FI_00008742,614,614,2024-12-17,60.30324526217449,24.940947885474305,,510.0,43.0,,43.0
FI_00008743,614,614,2024-12-17,60.30324526217449,24.940947885474305,,510.0,43.0,,43.0
FI_00008744,614,614,2024-12-17,60.30324526217449,24.940947885474305,,510.0,43.0,,43.0
FI_00008745,614,614,2024-12-17,60.30324526217449,24.940947885474305,,510.0,43.0,,43.0
FI_00008746,614,614,2024-12-17,60.30324526217449,24.940947885474305,,510.0,43.0,,43.0
FI_00008747,614,614,2024-12-17,60.30324526217449,24.940947885474305,,510.0,43.0,,43.0
FI_00008748,614,614,2024-12-23,60.30324526217449,24.940947885474305,,830.0,56.0,,26.0
FI_00008749,614,614,2024-12-23,60.30324526217449,24.940947885474305,,830.0,56.0,,26.0
FI_00008750,614,614,2024-12-23,60.30324526217449,24.940947885474305,,830.0,56.0,,26.0
FI_00008751,614,614,2024-12-23,60.30324526217449,24.940947885474305,,830.0,56.0,,26.0
FI_00008752,614,614,2024-12-23,60.30324526217449,24.940947885474305,,830.0,56.0,,26.0
FI_00008753,614,614,2024-12-23,60.30324526217449,24.940947885474305,,830.0,56.0,,26.0
FI_00008754,614,614,2024-12-31,60.30324526217449,24.940947885474305,,1100.0,34.0,,27.0
FI_00008755,614,614,2024-12-31,60.30324526217449,24.940947885474305,,1100.0,34.0,,27.0
FI_00008756,614,614,2024-12-31,60.30324526217449,24.940947885474305,,1100.0,34.0,,27.0
FI_00008757,614,614,2024-12-31,60.30324526217449,24.940947885474305,,1100.0,34.0,,27.0
FI_00008758,614,614,2024-12-31,60.30324526217449,24.940947885474305,,1100.0,34.0,,27.0
FI_00008759,614,614,2024-12-31,60.30324526217449,24.940947885474305,,1100.0,34.0,,27.0
FI_00008760,6169,6169,2023-01-12,60.391251055282986,23.13168429064944,,1900.0,,71.0,18.0
FI_00008761,6169,6169,2023-01-12,60.391251055282986,23.13168429064944,,1900.0,,71.0,18.0
FI_00008762,6169,6169,2023-01-12,60.391251055282986,23.13168429064944,,1900.0,,71.0,18.0
FI_00008763,6169,6169,2023-01-12,60.391251055282986,23.13168429064944,,1900.0,,71.0,18.0
FI_00008764,6169,6169,2023-01-12,60.391251055282986,23.13168429064944,,1900.0,,71.0,18.0
FI_00008765,6169,6169,2023-01-12,60.391251055282986,23.13168429064944,,1900.0,,71.0,18.0
FI_00008766,6169,6169,2023-02-02,60.391251055282986,23.13168429064944,,2100.0,,91.0,14.0
FI_00008767,6169,6169,2023-02-02,60.391251055282986,23.13168429064944,,2100.0,,91.0,14.0
FI_00008768,6169,6169,2023-02-02,60.391251055282986,23.13168429064944,,2100.0,,91.0,14.0
FI_00008769,6169,6169,2023-02-02,60.391251055282986,23.13168429064944,,2100.0,,91.0,14.0
FI_00008770,6169,6169,2023-02-02,60.391251055282986,23.13168429064944,,2100.0,,91.0,14.0
FI_00008771,6169,6169,2023-02-02,60.391251055282986,23.13168429064944,,2100.0,,91.0,14.0
FI_00008772,6169,6169,2023-03-02,60.391251055282986,23.13168429064944,,1200.0,,33.0,17.0
FI_00008773,6169,6169,2023-03-02,60.391251055282986,23.13168429064944,,1200.0,,33.0,17.0
FI_00008774,6169,6169,2023-03-02,60.391251055282986,23.13168429064944,,1200.0,,33.0,17.0
FI_00008775,6169,6169,2023-03-02,60.391251055282986,23.13168429064944,,1200.0,,33.0,17.0
FI_00008776,6169,6169,2023-03-02,60.391251055282986,23.13168429064944,,1200.0,,33.0,17.0
FI_00008777,6169,6169,2023-03-02,60.391251055282986,23.13168429064944,,1200.0,,33.0,17.0
FI_00008778,6169,6169,2023-03-16,60.391251055282986,23.13168429064944,,1800.0,,66.0,7.8
FI_00008779,6169,6169,2023-03-16,60.391251055282986,23.13168429064944,,1800.0,,66.0,7.8
FI_00008780,6169,6169,2023-03-16,60.391251055282986,23.13168429064944,,1800.0,,66.0,7.8
FI_00008781,6169,6169,2023-03-16,60.391251055282986,23.13168429064944,,1800.0,,66.0,7.8
FI_00008782,6169,6169,2023-03-16,60.391251055282986,23.13168429064944,,1800.0,,66.0,7.8
FI_00008783,6169,6169,2023-03-16,60.391251055282986,23.13168429064944,,1800.0,,66.0,7.8
FI_00008784,6169,6169,2023-04-03,60.391251055282986,23.13168429064944,,1800.0,,,16.0
FI_00008785,6169,6169,2023-04-03,60.391251055282986,23.13168429064944,,1800.0,,,16.0
FI_00008786,6169,6169,2023-04-03,60.391251055282986,23.13168429064944,,1800.0,,,16.0
FI_00008787,6169,6169,2023-04-03,60.391251055282986,23.13168429064944,,1800.0,,,16.0
FI_00008788,6169,6169,2023-04-03,60.391251055282986,23.13168429064944,,1800.0,,,16.0
FI_00008789,6169,6169,2023-04-03,60.391251055282986,23.13168429064944,,1800.0,,,16.0
FI_00008790,6169,6169,2023-04-12,60.391251055282986,23.13168429064944,,2400.0,,170.0,15.0
FI_00008791,6169,6169,2023-04-12,60.391251055282986,23.13168429064944,,2400.0,,170.0,15.0
FI_00008792,6169,6169,2023-04-12,60.391251055282986,23.13168429064944,,2400.0,,170.0,15.0
FI_00008793,6169,6169,2023-04-12,60.391251055282986,23.13168429064944,,2400.0,,170.0,15.0
FI_00008794,6169,6169,2023-04-12,60.391251055282986,23.13168429064944,,2400.0,,170.0,15.0
FI_00008795,6169,6169,2023-04-12,60.391251055282986,23.13168429064944,,2400.0,,170.0,15.0
FI_00008796,6169,6169,2023-04-20,60.391251055282986,23.13168429064944,,1400.0,,,13.0
FI_00008797,6169,6169,2023-04-20,60.391251055282986,23.13168429064944,,1400.0,,,13.0
FI_00008798,6169,6169,2023-04-20,60.391251055282986,23.13168429064944,,1400.0,,,13.0
FI_00008799,6169,6169,2023-04-20,60.391251055282986,23.13168429064944,,1400.0,,,13.0
FI_00008800,6169,6169,2023-04-20,60.391251055282986,23.13168429064944,,1400.0,,,13.0
FI_00008801,6169,6169,2023-04-20,60.391251055282986,23.13168429064944,,1400.0,,,13.0
FI_00008802,6169,6169,2023-04-24,60.391251055282986,23.13168429064944,,1500.0,,,14.0
FI_00008803,6169,6169,2023-04-24,60.391251055282986,23.13168429064944,,1500.0,,,14.0
FI_00008804,6169,6169,2023-04-24,60.391251055282986,23.13168429064944,,1500.0,,,14.0
FI_00008805,6169,6169,2023-04-24,60.391251055282986,23.13168429064944,,1500.0,,,14.0
FI_00008806,6169,6169,2023-04-24,60.391251055282986,23.13168429064944,,1500.0,,,14.0
FI_00008807,6169,6169,2023-04-24,60.391251055282986,23.13168429064944,,1500.0,,,14.0
FI_00008808,6169,6169,2023-05-11,60.391251055282986,23.13168429064944,,1500.0,,70.0,17.0
FI_00008809,6169,6169,2023-05-11,60.391251055282986,23.13168429064944,,1500.0,,70.0,17.0
FI_00008810,6169,6169,2023-05-11,60.391251055282986,23.13168429064944,,1500.0,,70.0,17.0
FI_00008811,6169,6169,2023-05-11,60.391251055282986,23.13168429064944,,1500.0,,70.0,17.0
FI_00008812,6169,6169,2023-05-11,60.391251055282986,23.13168429064944,,1500.0,,70.0,17.0
FI_00008813,6169,6169,2023-05-11,60.391251055282986,23.13168429064944,,1500.0,,70.0,17.0
FI_00008814,6169,6169,2023-05-24,60.391251055282986,23.13168429064944,,1300.0,,,19.0
FI_00008815,6169,6169,2023-05-24,60.391251055282986,23.13168429064944,,1300.0,,,19.0
FI_00008816,6169,6169,2023-05-24,60.391251055282986,23.13168429064944,,1300.0,,,19.0
FI_00008817,6169,6169,2023-05-24,60.391251055282986,23.13168429064944,,1300.0,,,19.0
FI_00008818,6169,6169,2023-05-24,60.391251055282986,23.13168429064944,,1300.0,,,19.0
FI_00008819,6169,6169,2023-05-24,60.391251055282986,23.13168429064944,,1300.0,,,19.0
FI_00008820,6169,6169,2023-06-01,60.391251055282986,23.13168429064944,,770.0,,31.0,20.0
FI_00008821,6169,6169,2023-06-01,60.391251055282986,23.13168429064944,,770.0,,31.0,20.0
FI_00008822,6169,6169,2023-06-01,60.391251055282986,23.13168429064944,,770.0,,31.0,20.0
FI_00008823,6169,6169,2023-06-01,60.391251055282986,23.13168429064944,,770.0,,31.0,20.0
FI_00008824,6169,6169,2023-06-01,60.391251055282986,23.13168429064944,,770.0,,31.0,20.0
FI_00008825,6169,6169,2023-06-01,60.391251055282986,23.13168429064944,,770.0,,31.0,20.0
FI_00008826,6169,6169,2023-07-03,60.391251055282986,23.13168429064944,,610.0,,31.0,24.0
FI_00008827,6169,6169,2023-07-03,60.391251055282986,23.13168429064944,,610.0,,31.0,24.0
FI_00008828,6169,6169,2023-07-03,60.391251055282986,23.13168429064944,,610.0,,31.0,24.0
FI_00008829,6169,6169,2023-07-03,60.391251055282986,23.13168429064944,,610.0,,31.0,24.0
FI_00008830,6169,6169,2023-07-03,60.391251055282986,23.13168429064944,,610.0,,31.0,24.0
FI_00008831,6169,6169,2023-07-03,60.391251055282986,23.13168429064944,,610.0,,31.0,24.0
FI_00008832,6169,6169,2023-08-01,60.391251055282986,23.13168429064944,,710.0,,29.0,20.0
FI_00008833,6169,6169,2023-08-01,60.391251055282986,23.13168429064944,,710.0,,29.0,20.0
FI_00008834,6169,6169,2023-08-01,60.391251055282986,23.13168429064944,,710.0,,29.0,20.0
FI_00008835,6169,6169,2023-08-01,60.391251055282986,23.13168429064944,,710.0,,29.0,20.0
FI_00008836,6169,6169,2023-08-01,60.391251055282986,23.13168429064944,,710.0,,29.0,20.0
FI_00008837,6169,6169,2023-08-01,60.391251055282986,23.13168429064944,,710.0,,29.0,20.0
FI_00008838,6169,6169,2023-09-21,60.391251055282986,23.13168429064944,,1600.0,,43.0,18.0
FI_00008839,6169,6169,2023-09-21,60.391251055282986,23.13168429064944,,1600.0,,43.0,18.0
FI_00008840,6169,6169,2023-09-21,60.391251055282986,23.13168429064944,,1600.0,,43.0,18.0
FI_00008841,6169,6169,2023-09-21,60.391251055282986,23.13168429064944,,1600.0,,43.0,18.0
FI_00008842,6169,6169,2023-09-21,60.391251055282986,23.13168429064944,,1600.0,,43.0,18.0
FI_00008843,6169,6169,2023-09-21,60.391251055282986,23.13168429064944,,1600.0,,43.0,18.0
FI_00008844,6169,6169,2023-10-09,60.391251055282986,23.13168429064944,,4000.0,,230.0,17.0
FI_00008845,6169,6169,2023-10-09,60.391251055282986,23.13168429064944,,4000.0,,230.0,17.0
FI_00008846,6169,6169,2023-10-09,60.391251055282986,23.13168429064944,,4000.0,,230.0,17.0
FI_00008847,6169,6169,2023-10-09,60.391251055282986,23.13168429064944,,4000.0,,230.0,17.0
FI_00008848,6169,6169,2023-10-09,60.391251055282986,23.13168429064944,,4000.0,,230.0,17.0
FI_00008849,6169,6169,2023-10-09,60.391251055282986,23.13168429064944,,4000.0,,230.0,17.0
FI_00008850,6169,6169,2023-10-23,60.391251055282986,23.13168429064944,,2000.0,,,17.0
FI_00008851,6169,6169,2023-10-23,60.391251055282986,23.13168429064944,,2000.0,,,17.0
FI_00008852,6169,6169,2023-10-23,60.391251055282986,23.13168429064944,,2000.0,,,17.0
FI_00008853,6169,6169,2023-10-23,60.391251055282986,23.13168429064944,,2000.0,,,17.0
FI_00008854,6169,6169,2023-10-23,60.391251055282986,23.13168429064944,,2000.0,,,17.0
FI_00008855,6169,6169,2023-10-23,60.391251055282986,23.13168429064944,,2000.0,,,17.0
FI_00008856,6169,6169,2023-11-02,60.391251055282986,23.13168429064944,,3800.0,,290.0,15.0
FI_00008857,6169,6169,2023-11-02,60.391251055282986,23.13168429064944,,3800.0,,290.0,15.0
FI_00008858,6169,6169,2023-11-02,60.391251055282986,23.13168429064944,,3800.0,,290.0,15.0
FI_00008859,6169,6169,2023-11-02,60.391251055282986,23.13168429064944,,3800.0,,290.0,15.0
FI_00008860,6169,6169,2023-11-02,60.391251055282986,23.13168429064944,,3800.0,,290.0,15.0
FI_00008861,6169,6169,2023-11-02,60.391251055282986,23.13168429064944,,3800.0,,290.0,15.0
FI_00008862,6169,6169,2023-11-22,60.391251055282986,23.13168429064944,,1700.0,,,15.0
FI_00008863,6169,6169,2023-11-22,60.391251055282986,23.13168429064944,,1700.0,,,15.0
FI_00008864,6169,6169,2023-11-22,60.391251055282986,23.13168429064944,,1700.0,,,15.0
FI_00008865,6169,6169,2023-11-22,60.391251055282986,23.13168429064944,,1700.0,,,15.0
FI_00008866,6169,6169,2023-11-22,60.391251055282986,23.13168429064944,,1700.0,,,15.0
FI_00008867,6169,6169,2023-11-22,60.391251055282986,23.13168429064944,,1700.0,,,15.0
FI_00008868,6169,6169,2023-12-13,60.391251055282986,23.13168429064944,,1200.0,,26.0,17.0
FI_00008869,6169,6169,2023-12-13,60.391251055282986,23.13168429064944,,1200.0,,26.0,17.0
FI_00008870,6169,6169,2023-12-13,60.391251055282986,23.13168429064944,,1200.0,,26.0,17.0
FI_00008871,6169,6169,2023-12-13,60.391251055282986,23.13168429064944,,1200.0,,26.0,17.0
FI_00008872,6169,6169,2023-12-13,60.391251055282986,23.13168429064944,,1200.0,,26.0,17.0
FI_00008873,6169,6169,2023-12-13,60.391251055282986,23.13168429064944,,1200.0,,26.0,17.0
FI_00008874,6169,6169,2024-01-10,60.391251055282986,23.13168429064944,,1300.0,,26.0,19.0
FI_00008875,6169,6169,2024-01-10,60.391251055282986,23.13168429064944,,1300.0,,26.0,19.0
FI_00008876,6169,6169,2024-01-10,60.391251055282986,23.13168429064944,,1300.0,,26.0,19.0
FI_00008877,6169,6169,2024-01-10,60.391251055282986,23.13168429064944,,1300.0,,26.0,19.0
FI_00008878,6169,6169,2024-01-10,60.391251055282986,23.13168429064944,,1300.0,,26.0,19.0
FI_00008879,6169,6169,2024-01-10,60.391251055282986,23.13168429064944,,1300.0,,26.0,19.0
FI_00008880,6169,6169,2024-02-14,60.391251055282986,23.13168429064944,,1800.0,,31.0,19.0
FI_00008881,6169,6169,2024-02-14,60.391251055282986,23.13168429064944,,1800.0,,31.0,19.0
FI_00008882,6169,6169,2024-02-14,60.391251055282986,23.13168429064944,,1800.0,,31.0,19.0
FI_00008883,6169,6169,2024-02-14,60.391251055282986,23.13168429064944,,1800.0,,31.0,19.0
FI_00008884,6169,6169,2024-02-14,60.391251055282986,23.13168429064944,,1800.0,,31.0,19.0
FI_00008885,6169,6169,2024-02-14,60.391251055282986,23.13168429064944,,1800.0,,31.0,19.0
FI_00008886,6169,6169,2024-03-04,60.391251055282986,23.13168429064944,,1600.0,,77.0,11.0
FI_00008887,6169,6169,2024-03-04,60.391251055282986,23.13168429064944,,1600.0,,77.0,11.0
FI_00008888,6169,6169,2024-03-04,60.391251055282986,23.13168429064944,,1600.0,,77.0,11.0
FI_00008889,6169,6169,2024-03-04,60.391251055282986,23.13168429064944,,1600.0,,77.0,11.0
FI_00008890,6169,6169,2024-03-04,60.391251055282986,23.13168429064944,,1600.0,,77.0,11.0
FI_00008891,6169,6169,2024-03-04,60.391251055282986,23.13168429064944,,1600.0,,77.0,11.0
FI_00008892,6169,6169,2024-03-19,60.391251055282986,23.13168429064944,,2500.0,,,9.6
FI_00008893,6169,6169,2024-03-19,60.391251055282986,23.13168429064944,,2500.0,,,9.6
FI_00008894,6169,6169,2024-03-19,60.391251055282986,23.13168429064944,,2500.0,,,9.6
FI_00008895,6169,6169,2024-03-19,60.391251055282986,23.13168429064944,,2500.0,,,9.6
FI_00008896,6169,6169,2024-03-19,60.391251055282986,23.13168429064944,,2500.0,,,9.6
FI_00008897,6169,6169,2024-03-19,60.391251055282986,23.13168429064944,,2500.0,,,9.6
FI_00008898,6169,6169,2024-04-03,60.391251055282986,23.13168429064944,,2200.0,,,12.0
FI_00008899,6169,6169,2024-04-03,60.391251055282986,23.13168429064944,,2200.0,,,12.0
FI_00008900,6169,6169,2024-04-03,60.391251055282986,23.13168429064944,,2200.0,,,12.0
FI_00008901,6169,6169,2024-04-03,60.391251055282986,23.13168429064944,,2200.0,,,12.0
FI_00008902,6169,6169,2024-04-03,60.391251055282986,23.13168429064944,,2200.0,,,12.0
FI_00008903,6169,6169,2024-04-03,60.391251055282986,23.13168429064944,,2200.0,,,12.0
FI_00008904,6169,6169,2024-04-11,60.391251055282986,23.13168429064944,,1800.0,,110.0,11.0
FI_00008905,6169,6169,2024-04-11,60.391251055282986,23.13168429064944,,1800.0,,110.0,11.0
FI_00008906,6169,6169,2024-04-11,60.391251055282986,23.13168429064944,,1800.0,,110.0,11.0
FI_00008907,6169,6169,2024-04-11,60.391251055282986,23.13168429064944,,1800.0,,110.0,11.0
FI_00008908,6169,6169,2024-04-11,60.391251055282986,23.13168429064944,,1800.0,,110.0,11.0
FI_00008909,6169,6169,2024-04-11,60.391251055282986,23.13168429064944,,1800.0,,110.0,11.0
FI_00008910,6169,6169,2024-04-17,60.391251055282986,23.13168429064944,,1700.0,,,12.0
FI_00008911,6169,6169,2024-04-17,60.391251055282986,23.13168429064944,,1700.0,,,12.0
FI_00008912,6169,6169,2024-04-17,60.391251055282986,23.13168429064944,,1700.0,,,12.0
FI_00008913,6169,6169,2024-04-17,60.391251055282986,23.13168429064944,,1700.0,,,12.0
FI_00008914,6169,6169,2024-04-17,60.391251055282986,23.13168429064944,,1700.0,,,12.0
FI_00008915,6169,6169,2024-04-17,60.391251055282986,23.13168429064944,,1700.0,,,12.0
FI_00008916,6169,6169,2024-04-25,60.391251055282986,23.13168429064944,,1600.0,,,15.0
FI_00008917,6169,6169,2024-04-25,60.391251055282986,23.13168429064944,,1600.0,,,15.0
FI_00008918,6169,6169,2024-04-25,60.391251055282986,23.13168429064944,,1600.0,,,15.0
FI_00008919,6169,6169,2024-04-25,60.391251055282986,23.13168429064944,,1600.0,,,15.0
FI_00008920,6169,6169,2024-04-25,60.391251055282986,23.13168429064944,,1600.0,,,15.0
FI_00008921,6169,6169,2024-04-25,60.391251055282986,23.13168429064944,,1600.0,,,15.0
FI_00008922,6169,6169,2024-05-13,60.391251055282986,23.13168429064944,,860.0,,38.0,16.0
FI_00008923,6169,6169,2024-05-13,60.391251055282986,23.13168429064944,,860.0,,38.0,16.0
FI_00008924,6169,6169,2024-05-13,60.391251055282986,23.13168429064944,,860.0,,38.0,16.0
FI_00008925,6169,6169,2024-05-13,60.391251055282986,23.13168429064944,,860.0,,38.0,16.0
FI_00008926,6169,6169,2024-05-13,60.391251055282986,23.13168429064944,,860.0,,38.0,16.0
FI_00008927,6169,6169,2024-05-13,60.391251055282986,23.13168429064944,,860.0,,38.0,16.0
FI_00008928,6169,6169,2024-05-29,60.391251055282986,23.13168429064944,,11000.0,,,18.0
FI_00008929,6169,6169,2024-05-29,60.391251055282986,23.13168429064944,,11000.0,,,18.0
FI_00008930,6169,6169,2024-05-29,60.391251055282986,23.13168429064944,,11000.0,,,18.0
FI_00008931,6169,6169,2024-05-29,60.391251055282986,23.13168429064944,,11000.0,,,18.0
FI_00008932,6169,6169,2024-05-29,60.391251055282986,23.13168429064944,,11000.0,,,18.0
FI_00008933,6169,6169,2024-05-29,60.391251055282986,23.13168429064944,,11000.0,,,18.0
FI_00008934,6169,6169,2024-06-12,60.391251055282986,23.13168429064944,,1200.0,,55.0,20.0
FI_00008935,6169,6169,2024-06-12,60.391251055282986,23.13168429064944,,1200.0,,55.0,20.0
FI_00008936,6169,6169,2024-06-12,60.391251055282986,23.13168429064944,,1200.0,,55.0,20.0
FI_00008937,6169,6169,2024-06-12,60.391251055282986,23.13168429064944,,1200.0,,55.0,20.0
FI_00008938,6169,6169,2024-06-12,60.391251055282986,23.13168429064944,,1200.0,,55.0,20.0
FI_00008939,6169,6169,2024-06-12,60.391251055282986,23.13168429064944,,1200.0,,55.0,20.0
FI_00008940,6169,6169,2024-07-23,60.391251055282986,23.13168429064944,,580.0,,25.0,21.0
FI_00008941,6169,6169,2024-07-23,60.391251055282986,23.13168429064944,,580.0,,25.0,21.0
FI_00008942,6169,6169,2024-07-23,60.391251055282986,23.13168429064944,,580.0,,25.0,21.0
FI_00008943,6169,6169,2024-07-23,60.391251055282986,23.13168429064944,,580.0,,25.0,21.0
FI_00008944,6169,6169,2024-07-23,60.391251055282986,23.13168429064944,,580.0,,25.0,21.0
FI_00008945,6169,6169,2024-07-23,60.391251055282986,23.13168429064944,,580.0,,25.0,21.0
FI_00008946,6169,6169,2024-08-08,60.391251055282986,23.13168429064944,,860.0,,41.0,18.0
FI_00008947,6169,6169,2024-08-08,60.391251055282986,23.13168429064944,,860.0,,41.0,18.0
FI_00008948,6169,6169,2024-08-08,60.391251055282986,23.13168429064944,,860.0,,41.0,18.0
FI_00008949,6169,6169,2024-08-08,60.391251055282986,23.13168429064944,,860.0,,41.0,18.0
FI_00008950,6169,6169,2024-08-08,60.391251055282986,23.13168429064944,,860.0,,41.0,18.0
FI_00008951,6169,6169,2024-08-08,60.391251055282986,23.13168429064944,,860.0,,41.0,18.0
FI_00008952,6169,6169,2024-09-02,60.391251055282986,23.13168429064944,,810.0,,36.0,19.0
FI_00008953,6169,6169,2024-09-02,60.391251055282986,23.13168429064944,,810.0,,36.0,19.0
FI_00008954,6169,6169,2024-09-02,60.391251055282986,23.13168429064944,,810.0,,36.0,19.0
FI_00008955,6169,6169,2024-09-02,60.391251055282986,23.13168429064944,,810.0,,36.0,19.0
FI_00008956,6169,6169,2024-09-02,60.391251055282986,23.13168429064944,,810.0,,36.0,19.0
FI_00008957,6169,6169,2024-09-02,60.391251055282986,23.13168429064944,,810.0,,36.0,19.0
FI_00008958,6169,6169,2024-10-08,60.391251055282986,23.13168429064944,,1900.0,,85.0,20.0
FI_00008959,6169,6169,2024-10-08,60.391251055282986,23.13168429064944,,1900.0,,85.0,20.0
FI_00008960,6169,6169,2024-10-08,60.391251055282986,23.13168429064944,,1900.0,,85.0,20.0
FI_00008961,6169,6169,2024-10-08,60.391251055282986,23.13168429064944,,1900.0,,85.0,20.0
FI_00008962,6169,6169,2024-10-08,60.391251055282986,23.13168429064944,,1900.0,,85.0,20.0
FI_00008963,6169,6169,2024-10-08,60.391251055282986,23.13168429064944,,1900.0,,85.0,20.0
FI_00008964,6169,6169,2024-10-23,60.391251055282986,23.13168429064944,,1800.0,,,20.0
FI_00008965,6169,6169,2024-10-23,60.391251055282986,23.13168429064944,,1800.0,,,20.0
FI_00008966,6169,6169,2024-10-23,60.391251055282986,23.13168429064944,,1800.0,,,20.0
FI_00008967,6169,6169,2024-10-23,60.391251055282986,23.13168429064944,,1800.0,,,20.0
FI_00008968,6169,6169,2024-10-23,60.391251055282986,23.13168429064944,,1800.0,,,20.0
FI_00008969,6169,6169,2024-10-23,60.391251055282986,23.13168429064944,,1800.0,,,20.0
FI_00008970,6169,6169,2024-11-06,60.391251055282986,23.13168429064944,,3400.0,,160.0,18.0
FI_00008971,6169,6169,2024-11-06,60.391251055282986,23.13168429064944,,3400.0,,160.0,18.0
FI_00008972,6169,6169,2024-11-06,60.391251055282986,23.13168429064944,,3400.0,,160.0,18.0
FI_00008973,6169,6169,2024-11-06,60.391251055282986,23.13168429064944,,3400.0,,160.0,18.0
FI_00008974,6169,6169,2024-11-06,60.391251055282986,23.13168429064944,,3400.0,,160.0,18.0
FI_00008975,6169,6169,2024-11-06,60.391251055282986,23.13168429064944,,3400.0,,160.0,18.0
FI_00008976,6169,6169,2024-11-26,60.391251055282986,23.13168429064944,,3400.0,,,10.0
FI_00008977,6169,6169,2024-11-26,60.391251055282986,23.13168429064944,,3400.0,,,10.0
FI_00008978,6169,6169,2024-11-26,60.391251055282986,23.13168429064944,,3400.0,,,10.0
FI_00008979,6169,6169,2024-11-26,60.391251055282986,23.13168429064944,,3400.0,,,10.0
FI_00008980,6169,6169,2024-11-26,60.391251055282986,23.13168429064944,,3400.0,,,10.0
FI_00008981,6169,6169,2024-11-26,60.391251055282986,23.13168429064944,,3400.0,,,10.0
FI_00008982,6169,6169,2024-12-12,60.391251055282986,23.13168429064944,,1600.0,,44.0,18.0
FI_00008983,6169,6169,2024-12-12,60.391251055282986,23.13168429064944,,1600.0,,44.0,18.0
FI_00008984,6169,6169,2024-12-12,60.391251055282986,23.13168429064944,,1600.0,,44.0,18.0
FI_00008985,6169,6169,2024-12-12,60.391251055282986,23.13168429064944,,1600.0,,44.0,18.0
FI_00008986,6169,6169,2024-12-12,60.391251055282986,23.13168429064944,,1600.0,,44.0,18.0
FI_00008987,6169,6169,2024-12-12,60.391251055282986,23.13168429064944,,1600.0,,44.0,18.0
FI_00011520,6245,6245,2023-03-14,60.65910360942693,22.59541519281401,,1400.0,81.0,29.0,15.0
FI_00011521,6245,6245,2023-03-14,60.65910360942693,22.59541519281401,,1400.0,81.0,29.0,15.0
FI_00011522,6245,6245,2023-03-14,60.65910360942693,22.59541519281401,,1400.0,81.0,29.0,15.0
FI_00011523,6245,6245,2023-03-14,60.65910360942693,22.59541519281401,,1400.0,81.0,29.0,15.0
FI_00011524,6245,6245,2023-03-14,60.65910360942693,22.59541519281401,,1400.0,81.0,29.0,15.0
FI_00011525,6245,6245,2023-03-14,60.65910360942693,22.59541519281401,,1400.0,81.0,29.0,15.0
FI_00011526,6245,6245,2023-04-18,60.65910360942693,22.59541519281401,,1900.0,90.0,43.0,10.0
FI_00011527,6245,6245,2023-04-18,60.65910360942693,22.59541519281401,,1900.0,90.0,43.0,10.0
FI_00011528,6245,6245,2023-04-18,60.65910360942693,22.59541519281401,,1900.0,90.0,43.0,10.0
FI_00011529,6245,6245,2023-04-18,60.65910360942693,22.59541519281401,,1900.0,90.0,43.0,10.0
FI_00011530,6245,6245,2023-04-18,60.65910360942693,22.59541519281401,,1900.0,90.0,43.0,10.0
FI_00011531,6245,6245,2023-04-18,60.65910360942693,22.59541519281401,,1900.0,90.0,43.0,10.0
FI_00011532,6245,6245,2023-07-31,60.65910360942693,22.59541519281401,8.2,660.0,59.0,5.7,22.0
FI_00011533,6245,6245,2023-07-31,60.65910360942693,22.59541519281401,8.2,660.0,59.0,5.7,22.0
FI_00011534,6245,6245,2023-07-31,60.65910360942693,22.59541519281401,8.2,660.0,59.0,5.7,22.0
FI_00011535,6245,6245,2023-07-31,60.65910360942693,22.59541519281401,8.2,660.0,59.0,5.7,22.0
FI_00011536,6245,6245,2023-07-31,60.65910360942693,22.59541519281401,8.2,660.0,59.0,5.7,22.0
FI_00011537,6245,6245,2023-07-31,60.65910360942693,22.59541519281401,8.2,660.0,59.0,5.7,22.0
FI_00011538,6245,6245,2024-02-14,60.65910360942693,22.59541519281401,,1900.0,110.0,30.0,16.0
FI_00011539,6245,6245,2024-02-14,60.65910360942693,22.59541519281401,,1900.0,110.0,30.0,16.0
FI_00011540,6245,6245,2024-02-14,60.65910360942693,22.59541519281401,,1900.0,110.0,30.0,16.0
FI_00011541,6245,6245,2024-02-14,60.65910360942693,22.59541519281401,,1900.0,110.0,30.0,16.0
FI_00011542,6245,6245,2024-02-14,60.65910360942693,22.59541519281401,,1900.0,110.0,30.0,16.0
FI_00011543,6245,6245,2024-02-14,60.65910360942693,22.59541519281401,,1900.0,110.0,30.0,16.0
FI_00011544,6245,6245,2024-04-09,60.65910360942693,22.59541519281401,,2100.0,160.0,85.0,11.0
FI_00011545,6245,6245,2024-04-09,60.65910360942693,22.59541519281401,,2100.0,160.0,85.0,11.0
FI_00011546,6245,6245,2024-04-09,60.65910360942693,22.59541519281401,,2100.0,160.0,85.0,11.0
FI_00011547,6245,6245,2024-04-09,60.65910360942693,22.59541519281401,,2100.0,160.0,85.0,11.0
FI_00011548,6245,6245,2024-04-09,60.65910360942693,22.59541519281401,,2100.0,160.0,85.0,11.0
FI_00011549,6245,6245,2024-04-09,60.65910360942693,22.59541519281401,,2100.0,160.0,85.0,11.0
FI_00011550,6245,6245,2024-07-29,60.65910360942693,22.59541519281401,14.0,1100.0,140.0,26.0,17.0
FI_00011551,6245,6245,2024-07-29,60.65910360942693,22.59541519281401,14.0,1100.0,140.0,26.0,17.0
FI_00011552,6245,6245,2024-07-29,60.65910360942693,22.59541519281401,14.0,1100.0,140.0,26.0,17.0
FI_00011553,6245,6245,2024-07-29,60.65910360942693,22.59541519281401,14.0,1100.0,140.0,26.0,17.0
FI_00011554,6245,6245,2024-07-29,60.65910360942693,22.59541519281401,14.0,1100.0,140.0,26.0,17.0
FI_00011555,6245,6245,2024-07-29,60.65910360942693,22.59541519281401,14.0,1100.0,140.0,26.0,17.0
FI_00011556,6259,6259,2023-05-10,60.55716525045524,22.01525060373232,,1600.0,72.0,34.0,16.0
FI_00011557,6259,6259,2023-05-10,60.55716525045524,22.01525060373232,,1600.0,72.0,34.0,16.0
FI_00011558,6259,6259,2023-05-10,60.55716525045524,22.01525060373232,,1600.0,72.0,34.0,16.0
FI_00011559,6259,6259,2023-05-10,60.55716525045524,22.01525060373232,,1600.0,72.0,34.0,16.0
FI_00011560,6259,6259,2023-05-10,60.55716525045524,22.01525060373232,,1600.0,72.0,34.0,16.0
FI_00011561,6259,6259,2023-05-10,60.55716525045524,22.01525060373232,,1600.0,72.0,34.0,16.0
FI_00011562,6259,6259,2023-08-14,60.55716525045524,22.01525060373232,,1400.0,120.0,25.0,28.0
FI_00011563,6259,6259,2023-08-14,60.55716525045524,22.01525060373232,,1400.0,120.0,25.0,28.0
FI_00011564,6259,6259,2023-08-14,60.55716525045524,22.01525060373232,,1400.0,120.0,25.0,28.0
FI_00011565,6259,6259,2023-08-14,60.55716525045524,22.01525060373232,,1400.0,120.0,25.0,28.0
FI_00011566,6259,6259,2023-08-14,60.55716525045524,22.01525060373232,,1400.0,120.0,25.0,28.0
FI_00011567,6259,6259,2023-08-14,60.55716525045524,22.01525060373232,,1400.0,120.0,25.0,28.0
FI_00011568,6259,6259,2023-10-24,60.55716525045524,22.01525060373232,,2100.0,45.0,18.0,18.0
FI_00011569,6259,6259,2023-10-24,60.55716525045524,22.01525060373232,,2100.0,45.0,18.0,18.0
FI_00011570,6259,6259,2023-10-24,60.55716525045524,22.01525060373232,,2100.0,45.0,18.0,18.0
FI_00011571,6259,6259,2023-10-24,60.55716525045524,22.01525060373232,,2100.0,45.0,18.0,18.0
FI_00011572,6259,6259,2023-10-24,60.55716525045524,22.01525060373232,,2100.0,45.0,18.0,18.0
FI_00011573,6259,6259,2023-10-24,60.55716525045524,22.01525060373232,,2100.0,45.0,18.0,18.0
FI_00011574,6259,6259,2024-01-11,60.55716525045524,22.01525060373232,,1600.0,59.0,23.0,29.0
FI_00011575,6259,6259,2024-01-11,60.55716525045524,22.01525060373232,,1600.0,59.0,23.0,29.0
FI_00011576,6259,6259,2024-01-11,60.55716525045524,22.01525060373232,,1600.0,59.0,23.0,29.0
FI_00011577,6259,6259,2024-01-11,60.55716525045524,22.01525060373232,,1600.0,59.0,23.0,29.0
FI_00011578,6259,6259,2024-01-11,60.55716525045524,22.01525060373232,,1600.0,59.0,23.0,29.0
FI_00011579,6259,6259,2024-01-11,60.55716525045524,22.01525060373232,,1600.0,59.0,23.0,29.0
FI_00011580,6259,6259,2024-03-07,60.55716525045524,22.01525060373232,,1600.0,71.0,26.0,12.0
FI_00011581,6259,6259,2024-03-07,60.55716525045524,22.01525060373232,,1600.0,71.0,26.0,12.0
FI_00011582,6259,6259,2024-03-07,60.55716525045524,22.01525060373232,,1600.0,71.0,26.0,12.0
FI_00011583,6259,6259,2024-03-07,60.55716525045524,22.01525060373232,,1600.0,71.0,26.0,12.0
FI_00011584,6259,6259,2024-03-07,60.55716525045524,22.01525060373232,,1600.0,71.0,26.0,12.0
FI_00011585,6259,6259,2024-03-07,60.55716525045524,22.01525060373232,,1600.0,71.0,26.0,12.0
FI_00011586,6259,6259,2024-05-14,60.55716525045524,22.01525060373232,,1300.0,100.0,29.0,16.0
FI_00011587,6259,6259,2024-05-14,60.55716525045524,22.01525060373232,,1300.0,100.0,29.0,16.0
FI_00011588,6259,6259,2024-05-14,60.55716525045524,22.01525060373232,,1300.0,100.0,29.0,16.0
FI_00011589,6259,6259,2024-05-14,60.55716525045524,22.01525060373232,,1300.0,100.0,29.0,16.0
FI_00011590,6259,6259,2024-05-14,60.55716525045524,22.01525060373232,,1300.0,100.0,29.0,16.0
FI_00011591,6259,6259,2024-05-14,60.55716525045524,22.01525060373232,,1300.0,100.0,29.0,16.0
FI_00011592,6259,6259,2024-08-20,60.55716525045524,22.01525060373232,,1300.0,100.0,19.0,14.0
FI_00011593,6259,6259,2024-08-20,60.55716525045524,22.01525060373232,,1300.0,100.0,19.0,14.0
FI_00011594,6259,6259,2024-08-20,60.55716525045524,22.01525060373232,,1300.0,100.0,19.0,14.0
FI_00011595,6259,6259,2024-08-20,60.55716525045524,22.01525060373232,,1300.0,100.0,19.0,14.0
FI_00011596,6259,6259,2024-08-20,60.55716525045524,22.01525060373232,,1300.0,100.0,19.0,14.0
FI_00011597,6259,6259,2024-08-20,60.55716525045524,22.01525060373232,,1300.0,100.0,19.0,14.0
FI_00011598,6259,6259,2024-10-29,60.55716525045524,22.01525060373232,,3000.0,210.0,140.0,15.0
FI_00011599,6259,6259,2024-10-29,60.55716525045524,22.01525060373232,,3000.0,210.0,140.0,15.0
FI_00011600,6259,6259,2024-10-29,60.55716525045524,22.01525060373232,,3000.0,210.0,140.0,15.0
FI_00011601,6259,6259,2024-10-29,60.55716525045524,22.01525060373232,,3000.0,210.0,140.0,15.0
FI_00011602,6259,6259,2024-10-29,60.55716525045524,22.01525060373232,,3000.0,210.0,140.0,15.0
FI_00011603,6259,6259,2024-10-29,60.55716525045524,22.01525060373232,,3000.0,210.0,140.0,15.0
FI_00011604,6259,6259,2024-12-10,60.55716525045524,22.01525060373232,,2100.0,54.0,28.0,16.0
FI_00011605,6259,6259,2024-12-10,60.55716525045524,22.01525060373232,,2100.0,54.0,28.0,16.0
FI_00011606,6259,6259,2024-12-10,60.55716525045524,22.01525060373232,,2100.0,54.0,28.0,16.0
FI_00011607,6259,6259,2024-12-10,60.55716525045524,22.01525060373232,,2100.0,54.0,28.0,16.0
FI_00011608,6259,6259,2024-12-10,60.55716525045524,22.01525060373232,,2100.0,54.0,28.0,16.0
FI_00011609,6259,6259,2024-12-10,60.55716525045524,22.01525060373232,,2100.0,54.0,28.0,16.0
FI_00011706,6283,6283,2023-03-01,60.648567712739215,21.85705202966486,,1250.0,22.73333333333333,8.200000000000001,13.0
FI_00011707,6283,6283,2023-03-01,60.648567712739215,21.85705202966486,,1250.0,22.73333333333333,8.200000000000001,13.0
FI_00011708,6283,6283,2023-03-01,60.648567712739215,21.85705202966486,,1250.0,22.73333333333333,8.200000000000001,13.0
FI_00011709,6283,6283,2023-03-01,60.648567712739215,21.85705202966486,,1250.0,22.73333333333333,8.200000000000001,13.0
FI_00011710,6283,6283,2023-03-01,60.648567712739215,21.85705202966486,,1250.0,22.73333333333333,8.200000000000001,13.0
FI_00011711,6283,6283,2023-03-01,60.648567712739215,21.85705202966486,,1250.0,22.73333333333333,8.200000000000001,13.0
FI_00011712,6283,6283,2023-05-10,60.648567712739215,21.85705202966486,,1200.0,22.2,10.0,10.0
FI_00011713,6283,6283,2023-05-10,60.648567712739215,21.85705202966486,,1200.0,22.2,10.0,10.0
FI_00011714,6283,6283,2023-05-10,60.648567712739215,21.85705202966486,,1200.0,22.2,10.0,10.0
FI_00011715,6283,6283,2023-05-10,60.648567712739215,21.85705202966486,,1200.0,22.2,10.0,10.0
FI_00011716,6283,6283,2023-05-10,60.648567712739215,21.85705202966486,,1200.0,22.2,10.0,10.0
FI_00011717,6283,6283,2023-05-10,60.648567712739215,21.85705202966486,,1200.0,22.2,10.0,10.0
FI_00011718,6283,6283,2023-07-13,60.648567712739215,21.85705202966486,,1400.0,93.0,16.0,40.0
FI_00011719,6283,6283,2023-07-13,60.648567712739215,21.85705202966486,,1400.0,93.0,16.0,40.0
FI_00011720,6283,6283,2023-07-13,60.648567712739215,21.85705202966486,,1400.0,93.0,16.0,40.0
FI_00011721,6283,6283,2023-07-13,60.648567712739215,21.85705202966486,,1400.0,93.0,16.0,40.0
FI_00011722,6283,6283,2023-07-13,60.648567712739215,21.85705202966486,,1400.0,93.0,16.0,40.0
FI_00011723,6283,6283,2023-07-13,60.648567712739215,21.85705202966486,,1400.0,93.0,16.0,40.0
FI_00011724,6283,6283,2023-08-14,60.648567712739215,21.85705202966486,,1400.0,49.0,9.6,16.0
FI_00011725,6283,6283,2023-08-14,60.648567712739215,21.85705202966486,,1400.0,49.0,9.6,16.0
FI_00011726,6283,6283,2023-08-14,60.648567712739215,21.85705202966486,,1400.0,49.0,9.6,16.0
FI_00011727,6283,6283,2023-08-14,60.648567712739215,21.85705202966486,,1400.0,49.0,9.6,16.0
FI_00011728,6283,6283,2023-08-14,60.648567712739215,21.85705202966486,,1400.0,49.0,9.6,16.0
FI_00011729,6283,6283,2023-08-14,60.648567712739215,21.85705202966486,,1400.0,49.0,9.6,16.0
FI_00011730,6283,6283,2023-10-24,60.648567712739215,21.85705202966486,,1800.0,30.5,6.599999999999999,12.0
FI_00011731,6283,6283,2023-10-24,60.648567712739215,21.85705202966486,,1800.0,30.5,6.599999999999999,12.0
FI_00011732,6283,6283,2023-10-24,60.648567712739215,21.85705202966486,,1800.0,30.5,6.599999999999999,12.0
FI_00011733,6283,6283,2023-10-24,60.648567712739215,21.85705202966486,,1800.0,30.5,6.599999999999999,12.0
FI_00011734,6283,6283,2023-10-24,60.648567712739215,21.85705202966486,,1800.0,30.5,6.599999999999999,12.0
FI_00011735,6283,6283,2023-10-24,60.648567712739215,21.85705202966486,,1800.0,30.5,6.599999999999999,12.0
FI_00011736,6283,6283,2023-12-11,60.648567712739215,21.85705202966486,,1200.0,22.5,8.8,10.0
FI_00011737,6283,6283,2023-12-11,60.648567712739215,21.85705202966486,,1200.0,22.5,8.8,10.0
FI_00011738,6283,6283,2023-12-11,60.648567712739215,21.85705202966486,,1200.0,22.5,8.8,10.0
FI_00011739,6283,6283,2023-12-11,60.648567712739215,21.85705202966486,,1200.0,22.5,8.8,10.0
FI_00011740,6283,6283,2023-12-11,60.648567712739215,21.85705202966486,,1200.0,22.5,8.8,10.0
FI_00011741,6283,6283,2023-12-11,60.648567712739215,21.85705202966486,,1200.0,22.5,8.8,10.0
FI_00011742,6283,6283,2024-02-13,60.648567712739215,21.85705202966486,,1700.0,52.0,9.5,14.0
FI_00011743,6283,6283,2024-02-13,60.648567712739215,21.85705202966486,,1700.0,52.0,9.5,14.0
FI_00011744,6283,6283,2024-02-13,60.648567712739215,21.85705202966486,,1700.0,52.0,9.5,14.0
FI_00011745,6283,6283,2024-02-13,60.648567712739215,21.85705202966486,,1700.0,52.0,9.5,14.0
FI_00011746,6283,6283,2024-02-13,60.648567712739215,21.85705202966486,,1700.0,52.0,9.5,14.0
FI_00011747,6283,6283,2024-02-13,60.648567712739215,21.85705202966486,,1700.0,52.0,9.5,14.0
FI_00011748,6283,6283,2024-03-07,60.648567712739215,21.85705202966486,,1900.0,28.0,10.0,9.4
FI_00011749,6283,6283,2024-03-07,60.648567712739215,21.85705202966486,,1900.0,28.0,10.0,9.4
FI_00011750,6283,6283,2024-03-07,60.648567712739215,21.85705202966486,,1900.0,28.0,10.0,9.4
FI_00011751,6283,6283,2024-03-07,60.648567712739215,21.85705202966486,,1900.0,28.0,10.0,9.4
FI_00011752,6283,6283,2024-03-07,60.648567712739215,21.85705202966486,,1900.0,28.0,10.0,9.4
FI_00011753,6283,6283,2024-03-07,60.648567712739215,21.85705202966486,,1900.0,28.0,10.0,9.4
FI_00011754,6283,6283,2024-07-29,60.648567712739215,21.85705202966486,3.2000000000000006,1100.0,96.0,21.0,14.0
FI_00011755,6283,6283,2024-07-29,60.648567712739215,21.85705202966486,3.2000000000000006,1100.0,96.0,21.0,14.0
FI_00011756,6283,6283,2024-07-29,60.648567712739215,21.85705202966486,3.2000000000000006,1100.0,96.0,21.0,14.0
FI_00011757,6283,6283,2024-07-29,60.648567712739215,21.85705202966486,3.2000000000000006,1100.0,96.0,21.0,14.0
FI_00011758,6283,6283,2024-07-29,60.648567712739215,21.85705202966486,3.2000000000000006,1100.0,96.0,21.0,14.0
FI_00011759,6283,6283,2024-07-29,60.648567712739215,21.85705202966486,3.2000000000000006,1100.0,96.0,21.0,14.0
FI_00011952,6378,Pyhäjärvi,2023-01-17,61.106198662249,22.16967397324879,,390.0,4.6,0.64,9.4
FI_00011953,6378,Pyhäjärvi,2023-01-17,61.106198662249,22.16967397324879,,390.0,4.6,0.64,9.4
FI_00011954,6378,Pyhäjärvi,2023-01-17,61.106198662249,22.16967397324879,,390.0,4.6,0.64,9.4
FI_00011955,6378,Pyhäjärvi,2023-01-17,61.106198662249,22.16967397324879,,390.0,4.6,0.64,9.4
FI_00011956,6378,Pyhäjärvi,2023-01-17,61.106198662249,22.16967397324879,,390.0,4.6,0.64,9.4
FI_00011957,6378,Pyhäjärvi,2023-01-17,61.106198662249,22.16967397324879,,390.0,4.6,0.64,9.4
FI_00011958,6378,Pyhäjärvi,2023-02-07,61.106198662249,22.16967397324879,,350.0,7.0,0.55,9.9
FI_00011959,6378,Pyhäjärvi,2023-02-07,61.106198662249,22.16967397324879,,350.0,7.0,0.55,9.9
FI_00011960,6378,Pyhäjärvi,2023-02-07,61.106198662249,22.16967397324879,,350.0,7.0,0.55,9.9
FI_00011961,6378,Pyhäjärvi,2023-02-07,61.106198662249,22.16967397324879,,350.0,7.0,0.55,9.9
FI_00011962,6378,Pyhäjärvi,2023-02-07,61.106198662249,22.16967397324879,,350.0,7.0,0.55,9.9
FI_00011963,6378,Pyhäjärvi,2023-02-07,61.106198662249,22.16967397324879,,350.0,7.0,0.55,9.9
FI_00011964,6378,Pyhäjärvi,2023-03-01,61.106198662249,22.16967397324879,,390.0,11.0,0.85,10.0
FI_00011965,6378,Pyhäjärvi,2023-03-01,61.106198662249,22.16967397324879,,390.0,11.0,0.85,10.0
FI_00011966,6378,Pyhäjärvi,2023-03-01,61.106198662249,22.16967397324879,,390.0,11.0,0.85,10.0
FI_00011967,6378,Pyhäjärvi,2023-03-01,61.106198662249,22.16967397324879,,390.0,11.0,0.85,10.0
FI_00011968,6378,Pyhäjärvi,2023-03-01,61.106198662249,22.16967397324879,,390.0,11.0,0.85,10.0
FI_00011969,6378,Pyhäjärvi,2023-03-01,61.106198662249,22.16967397324879,,390.0,11.0,0.85,10.0
FI_00011970,6378,Pyhäjärvi,2023-04-11,61.106198662249,22.16967397324879,,390.0,5.900000000000001,0.53,9.5
FI_00011971,6378,Pyhäjärvi,2023-04-11,61.106198662249,22.16967397324879,,390.0,5.900000000000001,0.53,9.5
FI_00011972,6378,Pyhäjärvi,2023-04-11,61.106198662249,22.16967397324879,,390.0,5.900000000000001,0.53,9.5
FI_00011973,6378,Pyhäjärvi,2023-04-11,61.106198662249,22.16967397324879,,390.0,5.900000000000001,0.53,9.5
FI_00011974,6378,Pyhäjärvi,2023-04-11,61.106198662249,22.16967397324879,,390.0,5.900000000000001,0.53,9.5
FI_00011975,6378,Pyhäjärvi,2023-04-11,61.106198662249,22.16967397324879,,390.0,5.900000000000001,0.53,9.5
FI_00011976,6378,Pyhäjärvi,2023-04-25,61.106198662249,22.16967397324879,,400.0,12.0,1.7,8.8
FI_00011977,6378,Pyhäjärvi,2023-04-25,61.106198662249,22.16967397324879,,400.0,12.0,1.7,8.8
FI_00011978,6378,Pyhäjärvi,2023-04-25,61.106198662249,22.16967397324879,,400.0,12.0,1.7,8.8
FI_00011979,6378,Pyhäjärvi,2023-04-25,61.106198662249,22.16967397324879,,400.0,12.0,1.7,8.8
FI_00011980,6378,Pyhäjärvi,2023-04-25,61.106198662249,22.16967397324879,,400.0,12.0,1.7,8.8
FI_00011981,6378,Pyhäjärvi,2023-04-25,61.106198662249,22.16967397324879,,400.0,12.0,1.7,8.8
FI_00011982,6378,Pyhäjärvi,2023-05-15,61.106198662249,22.16967397324879,,440.0,17.0,2.0,8.9
FI_00011983,6378,Pyhäjärvi,2023-05-15,61.106198662249,22.16967397324879,,440.0,17.0,2.0,8.9
FI_00011984,6378,Pyhäjärvi,2023-05-15,61.106198662249,22.16967397324879,,440.0,17.0,2.0,8.9
FI_00011985,6378,Pyhäjärvi,2023-05-15,61.106198662249,22.16967397324879,,440.0,17.0,2.0,8.9
FI_00011986,6378,Pyhäjärvi,2023-05-15,61.106198662249,22.16967397324879,,440.0,17.0,2.0,8.9
FI_00011987,6378,Pyhäjärvi,2023-05-15,61.106198662249,22.16967397324879,,440.0,17.0,2.0,8.9
FI_00011988,6378,Pyhäjärvi,2023-06-12,61.106198662249,22.16967397324879,,400.0,16.0,2.1,9.4
FI_00011989,6378,Pyhäjärvi,2023-06-12,61.106198662249,22.16967397324879,,400.0,16.0,2.1,9.4
FI_00011990,6378,Pyhäjärvi,2023-06-12,61.106198662249,22.16967397324879,,400.0,16.0,2.1,9.4
FI_00011991,6378,Pyhäjärvi,2023-06-12,61.106198662249,22.16967397324879,,400.0,16.0,2.1,9.4
FI_00011992,6378,Pyhäjärvi,2023-06-12,61.106198662249,22.16967397324879,,400.0,16.0,2.1,9.4
FI_00011993,6378,Pyhäjärvi,2023-06-12,61.106198662249,22.16967397324879,,400.0,16.0,2.1,9.4
FI_00011994,6378,Pyhäjärvi,2023-07-10,61.106198662249,22.16967397324879,,360.0,,1.8,9.0
FI_00011995,6378,Pyhäjärvi,2023-07-10,61.106198662249,22.16967397324879,,360.0,,1.8,9.0
FI_00011996,6378,Pyhäjärvi,2023-07-10,61.106198662249,22.16967397324879,,360.0,,1.8,9.0
FI_00011997,6378,Pyhäjärvi,2023-07-10,61.106198662249,22.16967397324879,,360.0,,1.8,9.0
FI_00011998,6378,Pyhäjärvi,2023-07-10,61.106198662249,22.16967397324879,,360.0,,1.8,9.0
FI_00011999,6378,Pyhäjärvi,2023-07-10,61.106198662249,22.16967397324879,,360.0,,1.8,9.0
FI_00012000,6378,Pyhäjärvi,2023-08-14,61.106198662249,22.16967397324879,,350.0,14.0,1.8,9.2
FI_00012001,6378,Pyhäjärvi,2023-08-14,61.106198662249,22.16967397324879,,350.0,14.0,1.8,9.2
FI_00012002,6378,Pyhäjärvi,2023-08-14,61.106198662249,22.16967397324879,,350.0,14.0,1.8,9.2
FI_00012003,6378,Pyhäjärvi,2023-08-14,61.106198662249,22.16967397324879,,350.0,14.0,1.8,9.2
FI_00012004,6378,Pyhäjärvi,2023-08-14,61.106198662249,22.16967397324879,,350.0,14.0,1.8,9.2
FI_00012005,6378,Pyhäjärvi,2023-08-14,61.106198662249,22.16967397324879,,350.0,14.0,1.8,9.2
FI_00012006,6378,Pyhäjärvi,2023-09-11,61.106198662249,22.16967397324879,,320.0,12.0,1.2,9.1
FI_00012007,6378,Pyhäjärvi,2023-09-11,61.106198662249,22.16967397324879,,320.0,12.0,1.2,9.1
FI_00012008,6378,Pyhäjärvi,2023-09-11,61.106198662249,22.16967397324879,,320.0,12.0,1.2,9.1
FI_00012009,6378,Pyhäjärvi,2023-09-11,61.106198662249,22.16967397324879,,320.0,12.0,1.2,9.1
FI_00012010,6378,Pyhäjärvi,2023-09-11,61.106198662249,22.16967397324879,,320.0,12.0,1.2,9.1
FI_00012011,6378,Pyhäjärvi,2023-09-11,61.106198662249,22.16967397324879,,320.0,12.0,1.2,9.1
FI_00012012,6378,Pyhäjärvi,2023-10-23,61.106198662249,22.16967397324879,,340.0,11.0,1.2,9.2
FI_00012013,6378,Pyhäjärvi,2023-10-23,61.106198662249,22.16967397324879,,340.0,11.0,1.2,9.2
FI_00012014,6378,Pyhäjärvi,2023-10-23,61.106198662249,22.16967397324879,,340.0,11.0,1.2,9.2
FI_00012015,6378,Pyhäjärvi,2023-10-23,61.106198662249,22.16967397324879,,340.0,11.0,1.2,9.2
FI_00012016,6378,Pyhäjärvi,2023-10-23,61.106198662249,22.16967397324879,,340.0,11.0,1.2,9.2
FI_00012017,6378,Pyhäjärvi,2023-10-23,61.106198662249,22.16967397324879,,340.0,11.0,1.2,9.2
FI_00012018,6378,Pyhäjärvi,2023-11-20,61.106198662249,22.16967397324879,,410.0,13.0,0.92,10.0
FI_00012019,6378,Pyhäjärvi,2023-11-20,61.106198662249,22.16967397324879,,410.0,13.0,0.92,10.0
FI_00012020,6378,Pyhäjärvi,2023-11-20,61.106198662249,22.16967397324879,,410.0,13.0,0.92,10.0
FI_00012021,6378,Pyhäjärvi,2023-11-20,61.106198662249,22.16967397324879,,410.0,13.0,0.92,10.0
FI_00012022,6378,Pyhäjärvi,2023-11-20,61.106198662249,22.16967397324879,,410.0,13.0,0.92,10.0
FI_00012023,6378,Pyhäjärvi,2023-11-20,61.106198662249,22.16967397324879,,410.0,13.0,0.92,10.0
FI_00012024,6378,Pyhäjärvi,2023-12-11,61.106198662249,22.16967397324879,,350.0,13.0,1.9,9.8
FI_00012025,6378,Pyhäjärvi,2023-12-11,61.106198662249,22.16967397324879,,350.0,13.0,1.9,9.8
FI_00012026,6378,Pyhäjärvi,2023-12-11,61.106198662249,22.16967397324879,,350.0,13.0,1.9,9.8
FI_00012027,6378,Pyhäjärvi,2023-12-11,61.106198662249,22.16967397324879,,350.0,13.0,1.9,9.8
FI_00012028,6378,Pyhäjärvi,2023-12-11,61.106198662249,22.16967397324879,,350.0,13.0,1.9,9.8
FI_00012029,6378,Pyhäjärvi,2023-12-11,61.106198662249,22.16967397324879,,350.0,13.0,1.9,9.8
FI_00012030,6378,Pyhäjärvi,2024-01-08,61.106198662249,22.16967397324879,,390.0,9.5,0.67,9.5
FI_00012031,6378,Pyhäjärvi,2024-01-08,61.106198662249,22.16967397324879,,390.0,9.5,0.67,9.5
FI_00012032,6378,Pyhäjärvi,2024-01-08,61.106198662249,22.16967397324879,,390.0,9.5,0.67,9.5
FI_00012033,6378,Pyhäjärvi,2024-01-08,61.106198662249,22.16967397324879,,390.0,9.5,0.67,9.5
FI_00012034,6378,Pyhäjärvi,2024-01-08,61.106198662249,22.16967397324879,,390.0,9.5,0.67,9.5
FI_00012035,6378,Pyhäjärvi,2024-01-08,61.106198662249,22.16967397324879,,390.0,9.5,0.67,9.5
FI_00012036,6378,Pyhäjärvi,2024-02-13,61.106198662249,22.16967397324879,,400.0,14.0,0.77,10.0
FI_00012037,6378,Pyhäjärvi,2024-02-13,61.106198662249,22.16967397324879,,400.0,14.0,0.77,10.0
FI_00012038,6378,Pyhäjärvi,2024-02-13,61.106198662249,22.16967397324879,,400.0,14.0,0.77,10.0
FI_00012039,6378,Pyhäjärvi,2024-02-13,61.106198662249,22.16967397324879,,400.0,14.0,0.77,10.0
FI_00012040,6378,Pyhäjärvi,2024-02-13,61.106198662249,22.16967397324879,,400.0,14.0,0.77,10.0
FI_00012041,6378,Pyhäjärvi,2024-02-13,61.106198662249,22.16967397324879,,400.0,14.0,0.77,10.0
FI_00012042,6378,Pyhäjärvi,2024-03-06,61.106198662249,22.16967397324879,,430.0,11.0,0.9499999999999998,10.0
FI_00012043,6378,Pyhäjärvi,2024-03-06,61.106198662249,22.16967397324879,,430.0,11.0,0.9499999999999998,10.0
FI_00012044,6378,Pyhäjärvi,2024-03-06,61.106198662249,22.16967397324879,,430.0,11.0,0.9499999999999998,10.0
FI_00012045,6378,Pyhäjärvi,2024-03-06,61.106198662249,22.16967397324879,,430.0,11.0,0.9499999999999998,10.0
FI_00012046,6378,Pyhäjärvi,2024-03-06,61.106198662249,22.16967397324879,,430.0,11.0,0.9499999999999998,10.0
FI_00012047,6378,Pyhäjärvi,2024-03-06,61.106198662249,22.16967397324879,,430.0,11.0,0.9499999999999998,10.0
FI_00012048,6378,Pyhäjärvi,2024-04-04,61.106198662249,22.16967397324879,,710.0,17.0,2.0,9.8
FI_00012049,6378,Pyhäjärvi,2024-04-04,61.106198662249,22.16967397324879,,710.0,17.0,2.0,9.8
FI_00012050,6378,Pyhäjärvi,2024-04-04,61.106198662249,22.16967397324879,,710.0,17.0,2.0,9.8
FI_00012051,6378,Pyhäjärvi,2024-04-04,61.106198662249,22.16967397324879,,710.0,17.0,2.0,9.8
FI_00012052,6378,Pyhäjärvi,2024-04-04,61.106198662249,22.16967397324879,,710.0,17.0,2.0,9.8
FI_00012053,6378,Pyhäjärvi,2024-04-04,61.106198662249,22.16967397324879,,710.0,17.0,2.0,9.8
FI_00012054,6378,Pyhäjärvi,2024-04-29,61.106198662249,22.16967397324879,,400.0,29.0,1.8,8.7
FI_00012055,6378,Pyhäjärvi,2024-04-29,61.106198662249,22.16967397324879,,400.0,29.0,1.8,8.7
FI_00012056,6378,Pyhäjärvi,2024-04-29,61.106198662249,22.16967397324879,,400.0,29.0,1.8,8.7
FI_00012057,6378,Pyhäjärvi,2024-04-29,61.106198662249,22.16967397324879,,400.0,29.0,1.8,8.7
FI_00012058,6378,Pyhäjärvi,2024-04-29,61.106198662249,22.16967397324879,,400.0,29.0,1.8,8.7
FI_00012059,6378,Pyhäjärvi,2024-04-29,61.106198662249,22.16967397324879,,400.0,29.0,1.8,8.7
FI_00012060,6378,Pyhäjärvi,2024-05-14,61.106198662249,22.16967397324879,,400.0,11.0,1.8,9.2
FI_00012061,6378,Pyhäjärvi,2024-05-14,61.106198662249,22.16967397324879,,400.0,11.0,1.8,9.2
FI_00012062,6378,Pyhäjärvi,2024-05-14,61.106198662249,22.16967397324879,,400.0,11.0,1.8,9.2
FI_00012063,6378,Pyhäjärvi,2024-05-14,61.106198662249,22.16967397324879,,400.0,11.0,1.8,9.2
FI_00012064,6378,Pyhäjärvi,2024-05-14,61.106198662249,22.16967397324879,,400.0,11.0,1.8,9.2
FI_00012065,6378,Pyhäjärvi,2024-05-14,61.106198662249,22.16967397324879,,400.0,11.0,1.8,9.2
FI_00012066,6378,Pyhäjärvi,2024-06-26,61.106198662249,22.16967397324879,,430.0,18.0,1.9,9.0
FI_00012067,6378,Pyhäjärvi,2024-06-26,61.106198662249,22.16967397324879,,430.0,18.0,1.9,9.0
FI_00012068,6378,Pyhäjärvi,2024-06-26,61.106198662249,22.16967397324879,,430.0,18.0,1.9,9.0
FI_00012069,6378,Pyhäjärvi,2024-06-26,61.106198662249,22.16967397324879,,430.0,18.0,1.9,9.0
FI_00012070,6378,Pyhäjärvi,2024-06-26,61.106198662249,22.16967397324879,,430.0,18.0,1.9,9.0
FI_00012071,6378,Pyhäjärvi,2024-06-26,61.106198662249,22.16967397324879,,430.0,18.0,1.9,9.0
FI_00012072,6378,Pyhäjärvi,2024-07-15,61.106198662249,22.16967397324879,,410.0,23.0,3.2000000000000006,9.1
FI_00012073,6378,Pyhäjärvi,2024-07-15,61.106198662249,22.16967397324879,,410.0,23.0,3.2000000000000006,9.1
FI_00012074,6378,Pyhäjärvi,2024-07-15,61.106198662249,22.16967397324879,,410.0,23.0,3.2000000000000006,9.1
FI_00012075,6378,Pyhäjärvi,2024-07-15,61.106198662249,22.16967397324879,,410.0,23.0,3.2000000000000006,9.1
FI_00012076,6378,Pyhäjärvi,2024-07-15,61.106198662249,22.16967397324879,,410.0,23.0,3.2000000000000006,9.1
FI_00012077,6378,Pyhäjärvi,2024-07-15,61.106198662249,22.16967397324879,,410.0,23.0,3.2000000000000006,9.1
FI_00012078,6378,Pyhäjärvi,2024-08-20,61.106198662249,22.16967397324879,,460.0,20.0,3.7000000000000006,9.1
FI_00012079,6378,Pyhäjärvi,2024-08-20,61.106198662249,22.16967397324879,,460.0,20.0,3.7000000000000006,9.1
FI_00012080,6378,Pyhäjärvi,2024-08-20,61.106198662249,22.16967397324879,,460.0,20.0,3.7000000000000006,9.1
FI_00012081,6378,Pyhäjärvi,2024-08-20,61.106198662249,22.16967397324879,,460.0,20.0,3.7000000000000006,9.1
FI_00012082,6378,Pyhäjärvi,2024-08-20,61.106198662249,22.16967397324879,,460.0,20.0,3.7000000000000006,9.1
FI_00012083,6378,Pyhäjärvi,2024-08-20,61.106198662249,22.16967397324879,,460.0,20.0,3.7000000000000006,9.1
FI_00012084,6378,Pyhäjärvi,2024-09-23,61.106198662249,22.16967397324879,,470.0,18.0,3.9,9.0
FI_00012085,6378,Pyhäjärvi,2024-09-23,61.106198662249,22.16967397324879,,470.0,18.0,3.9,9.0
FI_00012086,6378,Pyhäjärvi,2024-09-23,61.106198662249,22.16967397324879,,470.0,18.0,3.9,9.0
FI_00012087,6378,Pyhäjärvi,2024-09-23,61.106198662249,22.16967397324879,,470.0,18.0,3.9,9.0
FI_00012088,6378,Pyhäjärvi,2024-09-23,61.106198662249,22.16967397324879,,470.0,18.0,3.9,9.0
FI_00012089,6378,Pyhäjärvi,2024-09-23,61.106198662249,22.16967397324879,,470.0,18.0,3.9,9.0
FI_00012090,6378,Pyhäjärvi,2024-10-28,61.106198662249,22.16967397324879,,420.0,20.0,5.3,9.0
FI_00012091,6378,Pyhäjärvi,2024-10-28,61.106198662249,22.16967397324879,,420.0,20.0,5.3,9.0
FI_00012092,6378,Pyhäjärvi,2024-10-28,61.106198662249,22.16967397324879,,420.0,20.0,5.3,9.0
FI_00012093,6378,Pyhäjärvi,2024-10-28,61.106198662249,22.16967397324879,,420.0,20.0,5.3,9.0
FI_00012094,6378,Pyhäjärvi,2024-10-28,61.106198662249,22.16967397324879,,420.0,20.0,5.3,9.0
FI_00012095,6378,Pyhäjärvi,2024-10-28,61.106198662249,22.16967397324879,,420.0,20.0,5.3,9.0
FI_00012096,6378,Pyhäjärvi,2024-11-05,61.106198662249,22.16967397324879,,360.0,10.0,1.6000000000000003,9.0
FI_00012097,6378,Pyhäjärvi,2024-11-05,61.106198662249,22.16967397324879,,360.0,10.0,1.6000000000000003,9.0
FI_00012098,6378,Pyhäjärvi,2024-11-05,61.106198662249,22.16967397324879,,360.0,10.0,1.6000000000000003,9.0
FI_00012099,6378,Pyhäjärvi,2024-11-05,61.106198662249,22.16967397324879,,360.0,10.0,1.6000000000000003,9.0
FI_00012100,6378,Pyhäjärvi,2024-11-05,61.106198662249,22.16967397324879,,360.0,10.0,1.6000000000000003,9.0
FI_00012101,6378,Pyhäjärvi,2024-11-05,61.106198662249,22.16967397324879,,360.0,10.0,1.6000000000000003,9.0
FI_00012102,6378,Pyhäjärvi,2024-12-11,61.106198662249,22.16967397324879,,390.0,14.0,4.8,8.8
FI_00012103,6378,Pyhäjärvi,2024-12-11,61.106198662249,22.16967397324879,,390.0,14.0,4.8,8.8
FI_00012104,6378,Pyhäjärvi,2024-12-11,61.106198662249,22.16967397324879,,390.0,14.0,4.8,8.8
FI_00012105,6378,Pyhäjärvi,2024-12-11,61.106198662249,22.16967397324879,,390.0,14.0,4.8,8.8
FI_00012106,6378,Pyhäjärvi,2024-12-11,61.106198662249,22.16967397324879,,390.0,14.0,4.8,8.8
FI_00012107,6378,Pyhäjärvi,2024-12-11,61.106198662249,22.16967397324879,,390.0,14.0,4.8,8.8
FI_00012270,63859,Aurejärvi,2023-02-28,62.10028728574886,23.365627944457778,,600.0,20.33333333333333,0.55,2.9000000000000004
FI_00012271,63859,Aurejärvi,2023-02-28,62.10028728574886,23.365627944457778,,600.0,20.33333333333333,0.55,2.9000000000000004
FI_00012272,63859,Aurejärvi,2023-02-28,62.10028728574886,23.365627944457778,,600.0,20.33333333333333,0.55,2.9000000000000004
FI_00012273,63859,Aurejärvi,2023-02-28,62.10028728574886,23.365627944457778,,600.0,20.33333333333333,0.55,2.9000000000000004
FI_00012274,63859,Aurejärvi,2023-02-28,62.10028728574886,23.365627944457778,,600.0,20.33333333333333,0.55,2.9000000000000004
FI_00012275,63859,Aurejärvi,2023-02-28,62.10028728574886,23.365627944457778,,600.0,20.33333333333333,0.55,2.9000000000000004
FI_00012276,63859,Aurejärvi,2023-03-14,62.10028728574886,23.365627944457778,,690.0,19.666666666666668,22.03,2.8000000000000003
FI_00012277,63859,Aurejärvi,2023-03-14,62.10028728574886,23.365627944457778,,690.0,19.666666666666668,22.03,2.8000000000000003
FI_00012278,63859,Aurejärvi,2023-03-14,62.10028728574886,23.365627944457778,,690.0,19.666666666666668,22.03,2.8000000000000003
FI_00012279,63859,Aurejärvi,2023-03-14,62.10028728574886,23.365627944457778,,690.0,19.666666666666668,22.03,2.8000000000000003
FI_00012280,63859,Aurejärvi,2023-03-14,62.10028728574886,23.365627944457778,,690.0,19.666666666666668,22.03,2.8000000000000003
FI_00012281,63859,Aurejärvi,2023-03-14,62.10028728574886,23.365627944457778,,690.0,19.666666666666668,22.03,2.8000000000000003
FI_00012282,63859,Aurejärvi,2023-08-10,62.10028728574886,23.365627944457778,14.0,446.6666666666667,15.333333333333334,1.4333333333333331,2.2
FI_00012283,63859,Aurejärvi,2023-08-10,62.10028728574886,23.365627944457778,14.0,446.6666666666667,15.333333333333334,1.4333333333333331,2.2
FI_00012284,63859,Aurejärvi,2023-08-10,62.10028728574886,23.365627944457778,14.0,446.6666666666667,15.333333333333334,1.4333333333333331,2.2
FI_00012285,63859,Aurejärvi,2023-08-10,62.10028728574886,23.365627944457778,14.0,446.6666666666667,15.333333333333334,1.4333333333333331,2.2
FI_00012286,63859,Aurejärvi,2023-08-10,62.10028728574886,23.365627944457778,14.0,446.6666666666667,15.333333333333334,1.4333333333333331,2.2
FI_00012287,63859,Aurejärvi,2023-08-10,62.10028728574886,23.365627944457778,14.0,446.6666666666667,15.333333333333334,1.4333333333333331,2.2
FI_00012288,63859,Aurejärvi,2023-08-30,62.10028728574886,23.365627944457778,7.0,456.6666666666667,15.333333333333334,1.2,2.2
FI_00012289,63859,Aurejärvi,2023-08-30,62.10028728574886,23.365627944457778,7.0,456.6666666666667,15.333333333333334,1.2,2.2
FI_00012290,63859,Aurejärvi,2023-08-30,62.10028728574886,23.365627944457778,7.0,456.6666666666667,15.333333333333334,1.2,2.2
FI_00012291,63859,Aurejärvi,2023-08-30,62.10028728574886,23.365627944457778,7.0,456.6666666666667,15.333333333333334,1.2,2.2
FI_00012292,63859,Aurejärvi,2023-08-30,62.10028728574886,23.365627944457778,7.0,456.6666666666667,15.333333333333334,1.2,2.2
FI_00012293,63859,Aurejärvi,2023-08-30,62.10028728574886,23.365627944457778,7.0,456.6666666666667,15.333333333333334,1.2,2.2
FI_00012294,63859,Aurejärvi,2023-10-17,62.10028728574886,23.365627944457778,2.1,580.0,18.0,0.77,2.5
FI_00012295,63859,Aurejärvi,2023-10-17,62.10028728574886,23.365627944457778,2.1,580.0,18.0,0.77,2.5
FI_00012296,63859,Aurejärvi,2023-10-17,62.10028728574886,23.365627944457778,2.1,580.0,18.0,0.77,2.5
FI_00012297,63859,Aurejärvi,2023-10-17,62.10028728574886,23.365627944457778,2.1,580.0,18.0,0.77,2.5
FI_00012298,63859,Aurejärvi,2023-10-17,62.10028728574886,23.365627944457778,2.1,580.0,18.0,0.77,2.5
FI_00012299,63859,Aurejärvi,2023-10-17,62.10028728574886,23.365627944457778,2.1,580.0,18.0,0.77,2.5
FI_00012300,63859,Aurejärvi,2024-02-29,62.10028728574886,23.365627944457778,,713.3333333333334,26.33333333333333,0.6733333333333333,2.8666666666666667
FI_00012301,63859,Aurejärvi,2024-02-29,62.10028728574886,23.365627944457778,,713.3333333333334,26.33333333333333,0.6733333333333333,2.8666666666666667
FI_00012302,63859,Aurejärvi,2024-02-29,62.10028728574886,23.365627944457778,,713.3333333333334,26.33333333333333,0.6733333333333333,2.8666666666666667
FI_00012303,63859,Aurejärvi,2024-02-29,62.10028728574886,23.365627944457778,,713.3333333333334,26.33333333333333,0.6733333333333333,2.8666666666666667
FI_00012304,63859,Aurejärvi,2024-02-29,62.10028728574886,23.365627944457778,,713.3333333333334,26.33333333333333,0.6733333333333333,2.8666666666666667
FI_00012305,63859,Aurejärvi,2024-02-29,62.10028728574886,23.365627944457778,,713.3333333333334,26.33333333333333,0.6733333333333333,2.8666666666666667
FI_00012306,63859,Aurejärvi,2024-03-11,62.10028728574886,23.365627944457778,,666.6666666666666,21.0,0.55,2.6666666666666665
FI_00012307,63859,Aurejärvi,2024-03-11,62.10028728574886,23.365627944457778,,666.6666666666666,21.0,0.55,2.6666666666666665
FI_00012308,63859,Aurejärvi,2024-03-11,62.10028728574886,23.365627944457778,,666.6666666666666,21.0,0.55,2.6666666666666665
FI_00012309,63859,Aurejärvi,2024-03-11,62.10028728574886,23.365627944457778,,666.6666666666666,21.0,0.55,2.6666666666666665
FI_00012310,63859,Aurejärvi,2024-03-11,62.10028728574886,23.365627944457778,,666.6666666666666,21.0,0.55,2.6666666666666665
FI_00012311,63859,Aurejärvi,2024-03-11,62.10028728574886,23.365627944457778,,666.6666666666666,21.0,0.55,2.6666666666666665
FI_00012312,63859,Aurejärvi,2024-08-14,62.10028728574886,23.365627944457778,7.599999999999999,413.3333333333333,13.0,0.96,2.266666666666667
FI_00012313,63859,Aurejärvi,2024-08-14,62.10028728574886,23.365627944457778,7.599999999999999,413.3333333333333,13.0,0.96,2.266666666666667
FI_00012314,63859,Aurejärvi,2024-08-14,62.10028728574886,23.365627944457778,7.599999999999999,413.3333333333333,13.0,0.96,2.266666666666667
FI_00012315,63859,Aurejärvi,2024-08-14,62.10028728574886,23.365627944457778,7.599999999999999,413.3333333333333,13.0,0.96,2.266666666666667
FI_00012316,63859,Aurejärvi,2024-08-14,62.10028728574886,23.365627944457778,7.599999999999999,413.3333333333333,13.0,0.96,2.266666666666667
FI_00012317,63859,Aurejärvi,2024-08-14,62.10028728574886,23.365627944457778,7.599999999999999,413.3333333333333,13.0,0.96,2.266666666666667
FI_00012318,63859,Aurejärvi,2024-08-22,62.10028728574886,23.365627944457778,5.3,463.3333333333333,15.666666666666666,1.2666666666666666,2.1
FI_00012319,63859,Aurejärvi,2024-08-22,62.10028728574886,23.365627944457778,5.3,463.3333333333333,15.666666666666666,1.2666666666666666,2.1
FI_00012320,63859,Aurejärvi,2024-08-22,62.10028728574886,23.365627944457778,5.3,463.3333333333333,15.666666666666666,1.2666666666666666,2.1
FI_00012321,63859,Aurejärvi,2024-08-22,62.10028728574886,23.365627944457778,5.3,463.3333333333333,15.666666666666666,1.2666666666666666,2.1
FI_00012322,63859,Aurejärvi,2024-08-22,62.10028728574886,23.365627944457778,5.3,463.3333333333333,15.666666666666666,1.2666666666666666,2.1
FI_00012323,63859,Aurejärvi,2024-08-22,62.10028728574886,23.365627944457778,5.3,463.3333333333333,15.666666666666666,1.2666666666666666,2.1
FI_00012324,63859,Aurejärvi,2024-10-29,62.10028728574886,23.365627944457778,1.3999999999999997,480.0,16.0,0.84,2.2
FI_00012325,63859,Aurejärvi,2024-10-29,62.10028728574886,23.365627944457778,1.3999999999999997,480.0,16.0,0.84,2.2
FI_00012326,63859,Aurejärvi,2024-10-29,62.10028728574886,23.365627944457778,1.3999999999999997,480.0,16.0,0.84,2.2
FI_00012327,63859,Aurejärvi,2024-10-29,62.10028728574886,23.365627944457778,1.3999999999999997,480.0,16.0,0.84,2.2
FI_00012328,63859,Aurejärvi,2024-10-29,62.10028728574886,23.365627944457778,1.3999999999999997,480.0,16.0,0.84,2.2
FI_00012329,63859,Aurejärvi,2024-10-29,62.10028728574886,23.365627944457778,1.3999999999999997,480.0,16.0,0.84,2.2
FI_00012516,6621,6621,2024-05-27,60.49411935885952,22.182849489768746,,800.0,56.5,26.0,17.1
FI_00012517,6621,6621,2024-05-27,60.49411935885952,22.182849489768746,,800.0,56.5,26.0,17.1
FI_00012518,6621,6621,2024-05-27,60.49411935885952,22.182849489768746,,800.0,56.5,26.0,17.1
FI_00012519,6621,6621,2024-05-27,60.49411935885952,22.182849489768746,,800.0,56.5,26.0,17.1
FI_00012520,6621,6621,2024-05-27,60.49411935885952,22.182849489768746,,800.0,56.5,26.0,17.1
FI_00012521,6621,6621,2024-05-27,60.49411935885952,22.182849489768746,,800.0,56.5,26.0,17.1
FI_00012522,6621,6621,2024-06-13,60.49411935885952,22.182849489768746,,6000.0,138.0,160.0,16.9
FI_00012523,6621,6621,2024-06-13,60.49411935885952,22.182849489768746,,6000.0,138.0,160.0,16.9
FI_00012524,6621,6621,2024-06-13,60.49411935885952,22.182849489768746,,6000.0,138.0,160.0,16.9
FI_00012525,6621,6621,2024-06-13,60.49411935885952,22.182849489768746,,6000.0,138.0,160.0,16.9
FI_00012526,6621,6621,2024-06-13,60.49411935885952,22.182849489768746,,6000.0,138.0,160.0,16.9
FI_00012527,6621,6621,2024-06-13,60.49411935885952,22.182849489768746,,6000.0,138.0,160.0,16.9
FI_00012528,6621,6621,2024-09-02,60.49411935885952,22.182849489768746,,970.0,141.0,23.0,19.1
FI_00012529,6621,6621,2024-09-02,60.49411935885952,22.182849489768746,,970.0,141.0,23.0,19.1
FI_00012530,6621,6621,2024-09-02,60.49411935885952,22.182849489768746,,970.0,141.0,23.0,19.1
FI_00012531,6621,6621,2024-09-02,60.49411935885952,22.182849489768746,,970.0,141.0,23.0,19.1
FI_00012532,6621,6621,2024-09-02,60.49411935885952,22.182849489768746,,970.0,141.0,23.0,19.1
FI_00012533,6621,6621,2024-09-02,60.49411935885952,22.182849489768746,,970.0,141.0,23.0,19.1
FI_00012534,6621,6621,2024-09-09,60.49411935885952,22.182849489768746,,1200.0,118.5,32.0,18.0
FI_00012535,6621,6621,2024-09-09,60.49411935885952,22.182849489768746,,1200.0,118.5,32.0,18.0
FI_00012536,6621,6621,2024-09-09,60.49411935885952,22.182849489768746,,1200.0,118.5,32.0,18.0
FI_00012537,6621,6621,2024-09-09,60.49411935885952,22.182849489768746,,1200.0,118.5,32.0,18.0
FI_00012538,6621,6621,2024-09-09,60.49411935885952,22.182849489768746,,1200.0,118.5,32.0,18.0
FI_00012539,6621,6621,2024-09-09,60.49411935885952,22.182849489768746,,1200.0,118.5,32.0,18.0
FI_00012540,6621,6621,2024-09-16,60.49411935885952,22.182849489768746,,1200.0,125.5,28.0,18.0
FI_00012541,6621,6621,2024-09-16,60.49411935885952,22.182849489768746,,1200.0,125.5,28.0,18.0
FI_00012542,6621,6621,2024-09-16,60.49411935885952,22.182849489768746,,1200.0,125.5,28.0,18.0
FI_00012543,6621,6621,2024-09-16,60.49411935885952,22.182849489768746,,1200.0,125.5,28.0,18.0
FI_00012544,6621,6621,2024-09-16,60.49411935885952,22.182849489768746,,1200.0,125.5,28.0,18.0
FI_00012545,6621,6621,2024-09-16,60.49411935885952,22.182849489768746,,1200.0,125.5,28.0,18.0
FI_00012546,6621,6621,2024-09-25,60.49411935885952,22.182849489768746,,1600.0,104.5,38.0,19.5
FI_00012547,6621,6621,2024-09-25,60.49411935885952,22.182849489768746,,1600.0,104.5,38.0,19.5
FI_00012548,6621,6621,2024-09-25,60.49411935885952,22.182849489768746,,1600.0,104.5,38.0,19.5
FI_00012549,6621,6621,2024-09-25,60.49411935885952,22.182849489768746,,1600.0,104.5,38.0,19.5
FI_00012550,6621,6621,2024-09-25,60.49411935885952,22.182849489768746,,1600.0,104.5,38.0,19.5
FI_00012551,6621,6621,2024-09-25,60.49411935885952,22.182849489768746,,1600.0,104.5,38.0,19.5
FI_00012552,6621,6621,2024-10-03,60.49411935885952,22.182849489768746,,1900.0,115.0,36.0,20.8
FI_00012553,6621,6621,2024-10-03,60.49411935885952,22.182849489768746,,1900.0,115.0,36.0,20.8
FI_00012554,6621,6621,2024-10-03,60.49411935885952,22.182849489768746,,1900.0,115.0,36.0,20.8
FI_00012555,6621,6621,2024-10-03,60.49411935885952,22.182849489768746,,1900.0,115.0,36.0,20.8
FI_00012556,6621,6621,2024-10-03,60.49411935885952,22.182849489768746,,1900.0,115.0,36.0,20.8
FI_00012557,6621,6621,2024-10-03,60.49411935885952,22.182849489768746,,1900.0,115.0,36.0,20.8
FI_00012558,6621,6621,2024-10-07,60.49411935885952,22.182849489768746,,2100.0,126.5,43.0,21.1
FI_00012559,6621,6621,2024-10-07,60.49411935885952,22.182849489768746,,2100.0,126.5,43.0,21.1
FI_00012560,6621,6621,2024-10-07,60.49411935885952,22.182849489768746,,2100.0,126.5,43.0,21.1
FI_00012561,6621,6621,2024-10-07,60.49411935885952,22.182849489768746,,2100.0,126.5,43.0,21.1
FI_00012562,6621,6621,2024-10-07,60.49411935885952,22.182849489768746,,2100.0,126.5,43.0,21.1
FI_00012563,6621,6621,2024-10-07,60.49411935885952,22.182849489768746,,2100.0,126.5,43.0,21.1
FI_00012564,6621,6621,2024-10-16,60.49411935885952,22.182849489768746,,4500.0,214.0,210.0,18.4
FI_00012565,6621,6621,2024-10-16,60.49411935885952,22.182849489768746,,4500.0,214.0,210.0,18.4
FI_00012566,6621,6621,2024-10-16,60.49411935885952,22.182849489768746,,4500.0,214.0,210.0,18.4
FI_00012567,6621,6621,2024-10-16,60.49411935885952,22.182849489768746,,4500.0,214.0,210.0,18.4
FI_00012568,6621,6621,2024-10-16,60.49411935885952,22.182849489768746,,4500.0,214.0,210.0,18.4
FI_00012569,6621,6621,2024-10-16,60.49411935885952,22.182849489768746,,4500.0,214.0,210.0,18.4
FI_00012570,6621,6621,2024-10-22,60.49411935885952,22.182849489768746,,3400.0,173.0,160.0,18.7
FI_00012571,6621,6621,2024-10-22,60.49411935885952,22.182849489768746,,3400.0,173.0,160.0,18.7
FI_00012572,6621,6621,2024-10-22,60.49411935885952,22.182849489768746,,3400.0,173.0,160.0,18.7
FI_00012573,6621,6621,2024-10-22,60.49411935885952,22.182849489768746,,3400.0,173.0,160.0,18.7
FI_00012574,6621,6621,2024-10-22,60.49411935885952,22.182849489768746,,3400.0,173.0,160.0,18.7
FI_00012575,6621,6621,2024-10-22,60.49411935885952,22.182849489768746,,3400.0,173.0,160.0,18.7
FI_00012576,6621,6621,2024-11-01,60.49411935885952,22.182849489768746,,3100.0,159.0,150.0,19.1
FI_00012577,6621,6621,2024-11-01,60.49411935885952,22.182849489768746,,3100.0,159.0,150.0,19.1
FI_00012578,6621,6621,2024-11-01,60.49411935885952,22.182849489768746,,3100.0,159.0,150.0,19.1
FI_00012579,6621,6621,2024-11-01,60.49411935885952,22.182849489768746,,3100.0,159.0,150.0,19.1
FI_00012580,6621,6621,2024-11-01,60.49411935885952,22.182849489768746,,3100.0,159.0,150.0,19.1
FI_00012581,6621,6621,2024-11-01,60.49411935885952,22.182849489768746,,3100.0,159.0,150.0,19.1
FI_00012582,6621,6621,2024-11-05,60.49411935885952,22.182849489768746,,3500.0,205.0,230.0,16.8
FI_00012583,6621,6621,2024-11-05,60.49411935885952,22.182849489768746,,3500.0,205.0,230.0,16.8
FI_00012584,6621,6621,2024-11-05,60.49411935885952,22.182849489768746,,3500.0,205.0,230.0,16.8
FI_00012585,6621,6621,2024-11-05,60.49411935885952,22.182849489768746,,3500.0,205.0,230.0,16.8
FI_00012586,6621,6621,2024-11-05,60.49411935885952,22.182849489768746,,3500.0,205.0,230.0,16.8
FI_00012587,6621,6621,2024-11-05,60.49411935885952,22.182849489768746,,3500.0,205.0,230.0,16.8
FI_00012588,6621,6621,2024-11-14,60.49411935885952,22.182849489768746,,3000.0,110.5,110.0,18.0
FI_00012589,6621,6621,2024-11-14,60.49411935885952,22.182849489768746,,3000.0,110.5,110.0,18.0
FI_00012590,6621,6621,2024-11-14,60.49411935885952,22.182849489768746,,3000.0,110.5,110.0,18.0
FI_00012591,6621,6621,2024-11-14,60.49411935885952,22.182849489768746,,3000.0,110.5,110.0,18.0
FI_00012592,6621,6621,2024-11-14,60.49411935885952,22.182849489768746,,3000.0,110.5,110.0,18.0
FI_00012593,6621,6621,2024-11-14,60.49411935885952,22.182849489768746,,3000.0,110.5,110.0,18.0
FI_00012594,6621,6621,2024-11-19,60.49411935885952,22.182849489768746,,2500.0,90.5,72.0,19.4
FI_00012595,6621,6621,2024-11-19,60.49411935885952,22.182849489768746,,2500.0,90.5,72.0,19.4
FI_00012596,6621,6621,2024-11-19,60.49411935885952,22.182849489768746,,2500.0,90.5,72.0,19.4
FI_00012597,6621,6621,2024-11-19,60.49411935885952,22.182849489768746,,2500.0,90.5,72.0,19.4
FI_00012598,6621,6621,2024-11-19,60.49411935885952,22.182849489768746,,2500.0,90.5,72.0,19.4
FI_00012599,6621,6621,2024-11-19,60.49411935885952,22.182849489768746,,2500.0,90.5,72.0,19.4
FI_00012600,6621,6621,2024-11-25,60.49411935885952,22.182849489768746,,2400.0,101.5,98.0,20.1
FI_00012601,6621,6621,2024-11-25,60.49411935885952,22.182849489768746,,2400.0,101.5,98.0,20.1
FI_00012602,6621,6621,2024-11-25,60.49411935885952,22.182849489768746,,2400.0,101.5,98.0,20.1
FI_00012603,6621,6621,2024-11-25,60.49411935885952,22.182849489768746,,2400.0,101.5,98.0,20.1
FI_00012604,6621,6621,2024-11-25,60.49411935885952,22.182849489768746,,2400.0,101.5,98.0,20.1
FI_00012605,6621,6621,2024-11-25,60.49411935885952,22.182849489768746,,2400.0,101.5,98.0,20.1
FI_00012606,6621,6621,2024-12-04,60.49411935885952,22.182849489768746,,2800.0,108.0,99.0,15.0
FI_00012607,6621,6621,2024-12-04,60.49411935885952,22.182849489768746,,2800.0,108.0,99.0,15.0
FI_00012608,6621,6621,2024-12-04,60.49411935885952,22.182849489768746,,2800.0,108.0,99.0,15.0
FI_00012609,6621,6621,2024-12-04,60.49411935885952,22.182849489768746,,2800.0,108.0,99.0,15.0
FI_00012610,6621,6621,2024-12-04,60.49411935885952,22.182849489768746,,2800.0,108.0,99.0,15.0
FI_00012611,6621,6621,2024-12-04,60.49411935885952,22.182849489768746,,2800.0,108.0,99.0,15.0
FI_00012612,6621,6621,2024-12-12,60.49411935885952,22.182849489768746,,2100.0,76.0,66.0,16.8
FI_00012613,6621,6621,2024-12-12,60.49411935885952,22.182849489768746,,2100.0,76.0,66.0,16.8
FI_00012614,6621,6621,2024-12-12,60.49411935885952,22.182849489768746,,2100.0,76.0,66.0,16.8
FI_00012615,6621,6621,2024-12-12,60.49411935885952,22.182849489768746,,2100.0,76.0,66.0,16.8
FI_00012616,6621,6621,2024-12-12,60.49411935885952,22.182849489768746,,2100.0,76.0,66.0,16.8
FI_00012617,6621,6621,2024-12-12,60.49411935885952,22.182849489768746,,2100.0,76.0,66.0,16.8
FI_00012618,6621,6621,2024-12-16,60.49411935885952,22.182849489768746,,2000.0,63.0,53.0,17.1
FI_00012619,6621,6621,2024-12-16,60.49411935885952,22.182849489768746,,2000.0,63.0,53.0,17.1
FI_00012620,6621,6621,2024-12-16,60.49411935885952,22.182849489768746,,2000.0,63.0,53.0,17.1
FI_00012621,6621,6621,2024-12-16,60.49411935885952,22.182849489768746,,2000.0,63.0,53.0,17.1
FI_00012622,6621,6621,2024-12-16,60.49411935885952,22.182849489768746,,2000.0,63.0,53.0,17.1
FI_00012623,6621,6621,2024-12-16,60.49411935885952,22.182849489768746,,2000.0,63.0,53.0,17.1
FI_00012624,6621,6621,2024-12-30,60.49411935885952,22.182849489768746,,2300.0,158.0,170.0,14.6
FI_00012625,6621,6621,2024-12-30,60.49411935885952,22.182849489768746,,2300.0,158.0,170.0,14.6
FI_00012626,6621,6621,2024-12-30,60.49411935885952,22.182849489768746,,2300.0,158.0,170.0,14.6
FI_00012627,6621,6621,2024-12-30,60.49411935885952,22.182849489768746,,2300.0,158.0,170.0,14.6
FI_00012628,6621,6621,2024-12-30,60.49411935885952,22.182849489768746,,2300.0,158.0,170.0,14.6
FI_00012629,6621,6621,2024-12-30,60.49411935885952,22.182849489768746,,2300.0,158.0,170.0,14.6
FI_00012630,66295,Teernijärvi,2023-03-02,61.450897029013866,23.45563819775488,,670.0,16.033333333333335,10.366666666666667,13.666666666666666
FI_00012631,66295,Teernijärvi,2023-03-02,61.450897029013866,23.45563819775488,,670.0,16.033333333333335,10.366666666666667,13.666666666666666
FI_00012632,66295,Teernijärvi,2023-03-02,61.450897029013866,23.45563819775488,,670.0,16.033333333333335,10.366666666666667,13.666666666666666
FI_00012633,66295,Teernijärvi,2023-03-02,61.450897029013866,23.45563819775488,,670.0,16.033333333333335,10.366666666666667,13.666666666666666
FI_00012634,66295,Teernijärvi,2023-03-02,61.450897029013866,23.45563819775488,,670.0,16.033333333333335,10.366666666666667,13.666666666666666
FI_00012635,66295,Teernijärvi,2023-03-02,61.450897029013866,23.45563819775488,,670.0,16.033333333333335,10.366666666666667,13.666666666666666
FI_00012636,66295,Teernijärvi,2023-08-09,61.450897029013866,23.45563819775488,8.6,610.0,91.33333333333331,3.566666666666666,13.0
FI_00012637,66295,Teernijärvi,2023-08-09,61.450897029013866,23.45563819775488,8.6,610.0,91.33333333333331,3.566666666666666,13.0
FI_00012638,66295,Teernijärvi,2023-08-09,61.450897029013866,23.45563819775488,8.6,610.0,91.33333333333331,3.566666666666666,13.0
FI_00012639,66295,Teernijärvi,2023-08-09,61.450897029013866,23.45563819775488,8.6,610.0,91.33333333333331,3.566666666666666,13.0
FI_00012640,66295,Teernijärvi,2023-08-09,61.450897029013866,23.45563819775488,8.6,610.0,91.33333333333331,3.566666666666666,13.0
FI_00012641,66295,Teernijärvi,2023-08-09,61.450897029013866,23.45563819775488,8.6,610.0,91.33333333333331,3.566666666666666,13.0
FI_00012642,66295,Teernijärvi,2023-10-23,61.450897029013866,23.45563819775488,13.0,440.0,19.5,1.75,12.0
FI_00012643,66295,Teernijärvi,2023-10-23,61.450897029013866,23.45563819775488,13.0,440.0,19.5,1.75,12.0
FI_00012644,66295,Teernijärvi,2023-10-23,61.450897029013866,23.45563819775488,13.0,440.0,19.5,1.75,12.0
FI_00012645,66295,Teernijärvi,2023-10-23,61.450897029013866,23.45563819775488,13.0,440.0,19.5,1.75,12.0
FI_00012646,66295,Teernijärvi,2023-10-23,61.450897029013866,23.45563819775488,13.0,440.0,19.5,1.75,12.0
FI_00012647,66295,Teernijärvi,2023-10-23,61.450897029013866,23.45563819775488,13.0,440.0,19.5,1.75,12.0
FI_00012648,66295,Teernijärvi,2024-03-14,61.450897029013866,23.45563819775488,,720.0,17.333333333333332,2.8,13.666666666666666
FI_00012649,66295,Teernijärvi,2024-03-14,61.450897029013866,23.45563819775488,,720.0,17.333333333333332,2.8,13.666666666666666
FI_00012650,66295,Teernijärvi,2024-03-14,61.450897029013866,23.45563819775488,,720.0,17.333333333333332,2.8,13.666666666666666
FI_00012651,66295,Teernijärvi,2024-03-14,61.450897029013866,23.45563819775488,,720.0,17.333333333333332,2.8,13.666666666666666
FI_00012652,66295,Teernijärvi,2024-03-14,61.450897029013866,23.45563819775488,,720.0,17.333333333333332,2.8,13.666666666666666
FI_00012653,66295,Teernijärvi,2024-03-14,61.450897029013866,23.45563819775488,,720.0,17.333333333333332,2.8,13.666666666666666
FI_00012654,66295,Teernijärvi,2024-08-01,61.450897029013866,23.45563819775488,9.4,523.3333333333334,45.66666666666666,7.966666666666667,13.0
FI_00012655,66295,Teernijärvi,2024-08-01,61.450897029013866,23.45563819775488,9.4,523.3333333333334,45.66666666666666,7.966666666666667,13.0
FI_00012656,66295,Teernijärvi,2024-08-01,61.450897029013866,23.45563819775488,9.4,523.3333333333334,45.66666666666666,7.966666666666667,13.0
FI_00012657,66295,Teernijärvi,2024-08-01,61.450897029013866,23.45563819775488,9.4,523.3333333333334,45.66666666666666,7.966666666666667,13.0
FI_00012658,66295,Teernijärvi,2024-08-01,61.450897029013866,23.45563819775488,9.4,523.3333333333334,45.66666666666666,7.966666666666667,13.0
FI_00012659,66295,Teernijärvi,2024-08-01,61.450897029013866,23.45563819775488,9.4,523.3333333333334,45.66666666666666,7.966666666666667,13.0
FI_00012660,66295,Teernijärvi,2024-10-23,61.450897029013866,23.45563819775488,7.5,365.0,19.5,2.0500000000000003,12.0
FI_00012661,66295,Teernijärvi,2024-10-23,61.450897029013866,23.45563819775488,7.5,365.0,19.5,2.0500000000000003,12.0
FI_00012662,66295,Teernijärvi,2024-10-23,61.450897029013866,23.45563819775488,7.5,365.0,19.5,2.0500000000000003,12.0
FI_00012663,66295,Teernijärvi,2024-10-23,61.450897029013866,23.45563819775488,7.5,365.0,19.5,2.0500000000000003,12.0
FI_00012664,66295,Teernijärvi,2024-10-23,61.450897029013866,23.45563819775488,7.5,365.0,19.5,2.0500000000000003,12.0
FI_00012665,66295,Teernijärvi,2024-10-23,61.450897029013866,23.45563819775488,7.5,365.0,19.5,2.0500000000000003,12.0
FI_00013374,67655,67655,2023-03-01,60.68506685735129,21.72290613520149,,2300.0,29.0,20.0,25.0
FI_00013375,67655,67655,2023-03-01,60.68506685735129,21.72290613520149,,2300.0,29.0,20.0,25.0
FI_00013376,67655,67655,2023-03-01,60.68506685735129,21.72290613520149,,2300.0,29.0,20.0,25.0
FI_00013377,67655,67655,2023-03-01,60.68506685735129,21.72290613520149,,2300.0,29.0,20.0,25.0
FI_00013378,67655,67655,2023-03-01,60.68506685735129,21.72290613520149,,2300.0,29.0,20.0,25.0
FI_00013379,67655,67655,2023-03-01,60.68506685735129,21.72290613520149,,2300.0,29.0,20.0,25.0
FI_00013380,67655,67655,2023-05-10,60.68506685735129,21.72290613520149,,2100.0,23.8,15.0,26.0
FI_00013381,67655,67655,2023-05-10,60.68506685735129,21.72290613520149,,2100.0,23.8,15.0,26.0
FI_00013382,67655,67655,2023-05-10,60.68506685735129,21.72290613520149,,2100.0,23.8,15.0,26.0
FI_00013383,67655,67655,2023-05-10,60.68506685735129,21.72290613520149,,2100.0,23.8,15.0,26.0
FI_00013384,67655,67655,2023-05-10,60.68506685735129,21.72290613520149,,2100.0,23.8,15.0,26.0
FI_00013385,67655,67655,2023-05-10,60.68506685735129,21.72290613520149,,2100.0,23.8,15.0,26.0
FI_00013386,67655,67655,2023-08-14,60.68506685735129,21.72290613520149,,1600.0,22.55,7.3,34.0
FI_00013387,67655,67655,2023-08-14,60.68506685735129,21.72290613520149,,1600.0,22.55,7.3,34.0
FI_00013388,67655,67655,2023-08-14,60.68506685735129,21.72290613520149,,1600.0,22.55,7.3,34.0
FI_00013389,67655,67655,2023-08-14,60.68506685735129,21.72290613520149,,1600.0,22.55,7.3,34.0
FI_00013390,67655,67655,2023-08-14,60.68506685735129,21.72290613520149,,1600.0,22.55,7.3,34.0
FI_00013391,67655,67655,2023-08-14,60.68506685735129,21.72290613520149,,1600.0,22.55,7.3,34.0
FI_00013392,67655,67655,2023-10-24,60.68506685735129,21.72290613520149,,2900.0,17.45,12.0,27.0
FI_00013393,67655,67655,2023-10-24,60.68506685735129,21.72290613520149,,2900.0,17.45,12.0,27.0
FI_00013394,67655,67655,2023-10-24,60.68506685735129,21.72290613520149,,2900.0,17.45,12.0,27.0
FI_00013395,67655,67655,2023-10-24,60.68506685735129,21.72290613520149,,2900.0,17.45,12.0,27.0
FI_00013396,67655,67655,2023-10-24,60.68506685735129,21.72290613520149,,2900.0,17.45,12.0,27.0
FI_00013397,67655,67655,2023-10-24,60.68506685735129,21.72290613520149,,2900.0,17.45,12.0,27.0
FI_00013398,67655,67655,2023-12-11,60.68506685735129,21.72290613520149,,2300.0,25.15,18.0,23.0
FI_00013399,67655,67655,2023-12-11,60.68506685735129,21.72290613520149,,2300.0,25.15,18.0,23.0
FI_00013400,67655,67655,2023-12-11,60.68506685735129,21.72290613520149,,2300.0,25.15,18.0,23.0
FI_00013401,67655,67655,2023-12-11,60.68506685735129,21.72290613520149,,2300.0,25.15,18.0,23.0
FI_00013402,67655,67655,2023-12-11,60.68506685735129,21.72290613520149,,2300.0,25.15,18.0,23.0
FI_00013403,67655,67655,2023-12-11,60.68506685735129,21.72290613520149,,2300.0,25.15,18.0,23.0
FI_00013404,67655,67655,2024-01-11,60.68506685735129,21.72290613520149,,2500.0,25.2,18.0,33.0
FI_00013405,67655,67655,2024-01-11,60.68506685735129,21.72290613520149,,2500.0,25.2,18.0,33.0
FI_00013406,67655,67655,2024-01-11,60.68506685735129,21.72290613520149,,2500.0,25.2,18.0,33.0
FI_00013407,67655,67655,2024-01-11,60.68506685735129,21.72290613520149,,2500.0,25.2,18.0,33.0
FI_00013408,67655,67655,2024-01-11,60.68506685735129,21.72290613520149,,2500.0,25.2,18.0,33.0
FI_00013409,67655,67655,2024-01-11,60.68506685735129,21.72290613520149,,2500.0,25.2,18.0,33.0
FI_00013410,67655,67655,2024-02-13,60.68506685735129,21.72290613520149,,2700.0,20.45,16.0,27.0
FI_00013411,67655,67655,2024-02-13,60.68506685735129,21.72290613520149,,2700.0,20.45,16.0,27.0
FI_00013412,67655,67655,2024-02-13,60.68506685735129,21.72290613520149,,2700.0,20.45,16.0,27.0
FI_00013413,67655,67655,2024-02-13,60.68506685735129,21.72290613520149,,2700.0,20.45,16.0,27.0
FI_00013414,67655,67655,2024-02-13,60.68506685735129,21.72290613520149,,2700.0,20.45,16.0,27.0
FI_00013415,67655,67655,2024-02-13,60.68506685735129,21.72290613520149,,2700.0,20.45,16.0,27.0
FI_00013416,67655,67655,2024-03-07,60.68506685735129,21.72290613520149,,2900.0,38.75,22.0,19.0
FI_00013417,67655,67655,2024-03-07,60.68506685735129,21.72290613520149,,2900.0,38.75,22.0,19.0
FI_00013418,67655,67655,2024-03-07,60.68506685735129,21.72290613520149,,2900.0,38.75,22.0,19.0
FI_00013419,67655,67655,2024-03-07,60.68506685735129,21.72290613520149,,2900.0,38.75,22.0,19.0
FI_00013420,67655,67655,2024-03-07,60.68506685735129,21.72290613520149,,2900.0,38.75,22.0,19.0
FI_00013421,67655,67655,2024-03-07,60.68506685735129,21.72290613520149,,2900.0,38.75,22.0,19.0
FI_00013422,67655,67655,2024-03-18,60.68506685735129,21.72290613520149,,2900.0,50.5,35.0,15.0
FI_00013423,67655,67655,2024-03-18,60.68506685735129,21.72290613520149,,2900.0,50.5,35.0,15.0
FI_00013424,67655,67655,2024-03-18,60.68506685735129,21.72290613520149,,2900.0,50.5,35.0,15.0
FI_00013425,67655,67655,2024-03-18,60.68506685735129,21.72290613520149,,2900.0,50.5,35.0,15.0
FI_00013426,67655,67655,2024-03-18,60.68506685735129,21.72290613520149,,2900.0,50.5,35.0,15.0
FI_00013427,67655,67655,2024-03-18,60.68506685735129,21.72290613520149,,2900.0,50.5,35.0,15.0
FI_00013428,67655,67655,2024-04-04,60.68506685735129,21.72290613520149,,2400.0,47.5,29.0,16.0
FI_00013429,67655,67655,2024-04-04,60.68506685735129,21.72290613520149,,2400.0,47.5,29.0,16.0
FI_00013430,67655,67655,2024-04-04,60.68506685735129,21.72290613520149,,2400.0,47.5,29.0,16.0
FI_00013431,67655,67655,2024-04-04,60.68506685735129,21.72290613520149,,2400.0,47.5,29.0,16.0
FI_00013432,67655,67655,2024-04-04,60.68506685735129,21.72290613520149,,2400.0,47.5,29.0,16.0
FI_00013433,67655,67655,2024-04-04,60.68506685735129,21.72290613520149,,2400.0,47.5,29.0,16.0
FI_00013434,67655,67655,2024-04-08,60.68506685735129,21.72290613520149,,2800.0,52.5,33.0,18.0
FI_00013435,67655,67655,2024-04-08,60.68506685735129,21.72290613520149,,2800.0,52.5,33.0,18.0
FI_00013436,67655,67655,2024-04-08,60.68506685735129,21.72290613520149,,2800.0,52.5,33.0,18.0
FI_00013437,67655,67655,2024-04-08,60.68506685735129,21.72290613520149,,2800.0,52.5,33.0,18.0
FI_00013438,67655,67655,2024-04-08,60.68506685735129,21.72290613520149,,2800.0,52.5,33.0,18.0
FI_00013439,67655,67655,2024-04-08,60.68506685735129,21.72290613520149,,2800.0,52.5,33.0,18.0
FI_00013440,67655,67655,2024-04-15,60.68506685735129,21.72290613520149,,2800.0,68.0,53.0,16.0
FI_00013441,67655,67655,2024-04-15,60.68506685735129,21.72290613520149,,2800.0,68.0,53.0,16.0
FI_00013442,67655,67655,2024-04-15,60.68506685735129,21.72290613520149,,2800.0,68.0,53.0,16.0
FI_00013443,67655,67655,2024-04-15,60.68506685735129,21.72290613520149,,2800.0,68.0,53.0,16.0
FI_00013444,67655,67655,2024-04-15,60.68506685735129,21.72290613520149,,2800.0,68.0,53.0,16.0
FI_00013445,67655,67655,2024-04-15,60.68506685735129,21.72290613520149,,2800.0,68.0,53.0,16.0
FI_00013446,67655,67655,2024-04-24,60.68506685735129,21.72290613520149,,2000.0,29.5,20.0,20.0
FI_00013447,67655,67655,2024-04-24,60.68506685735129,21.72290613520149,,2000.0,29.5,20.0,20.0
FI_00013448,67655,67655,2024-04-24,60.68506685735129,21.72290613520149,,2000.0,29.5,20.0,20.0
FI_00013449,67655,67655,2024-04-24,60.68506685735129,21.72290613520149,,2000.0,29.5,20.0,20.0
FI_00013450,67655,67655,2024-04-24,60.68506685735129,21.72290613520149,,2000.0,29.5,20.0,20.0
FI_00013451,67655,67655,2024-04-24,60.68506685735129,21.72290613520149,,2000.0,29.5,20.0,20.0
FI_00013452,67655,67655,2024-04-29,60.68506685735129,21.72290613520149,,1900.0,29.95,20.0,19.0
FI_00013453,67655,67655,2024-04-29,60.68506685735129,21.72290613520149,,1900.0,29.95,20.0,19.0
FI_00013454,67655,67655,2024-04-29,60.68506685735129,21.72290613520149,,1900.0,29.95,20.0,19.0
FI_00013455,67655,67655,2024-04-29,60.68506685735129,21.72290613520149,,1900.0,29.95,20.0,19.0
FI_00013456,67655,67655,2024-04-29,60.68506685735129,21.72290613520149,,1900.0,29.95,20.0,19.0
FI_00013457,67655,67655,2024-04-29,60.68506685735129,21.72290613520149,,1900.0,29.95,20.0,19.0
FI_00013458,67655,67655,2024-05-07,60.68506685735129,21.72290613520149,,1700.0,31.8,17.0,21.0
FI_00013459,67655,67655,2024-05-07,60.68506685735129,21.72290613520149,,1700.0,31.8,17.0,21.0
FI_00013460,67655,67655,2024-05-07,60.68506685735129,21.72290613520149,,1700.0,31.8,17.0,21.0
FI_00013461,67655,67655,2024-05-07,60.68506685735129,21.72290613520149,,1700.0,31.8,17.0,21.0
FI_00013462,67655,67655,2024-05-07,60.68506685735129,21.72290613520149,,1700.0,31.8,17.0,21.0
FI_00013463,67655,67655,2024-05-07,60.68506685735129,21.72290613520149,,1700.0,31.8,17.0,21.0
FI_00013464,67655,67655,2024-05-14,60.68506685735129,21.72290613520149,,1800.0,33.25,16.0,23.0
FI_00013465,67655,67655,2024-05-14,60.68506685735129,21.72290613520149,,1800.0,33.25,16.0,23.0
FI_00013466,67655,67655,2024-05-14,60.68506685735129,21.72290613520149,,1800.0,33.25,16.0,23.0
FI_00013467,67655,67655,2024-05-14,60.68506685735129,21.72290613520149,,1800.0,33.25,16.0,23.0
FI_00013468,67655,67655,2024-05-14,60.68506685735129,21.72290613520149,,1800.0,33.25,16.0,23.0
FI_00013469,67655,67655,2024-05-14,60.68506685735129,21.72290613520149,,1800.0,33.25,16.0,23.0
FI_00013470,67655,67655,2024-05-20,60.68506685735129,21.72290613520149,,1300.0,32.95,16.0,26.0
FI_00013471,67655,67655,2024-05-20,60.68506685735129,21.72290613520149,,1300.0,32.95,16.0,26.0
FI_00013472,67655,67655,2024-05-20,60.68506685735129,21.72290613520149,,1300.0,32.95,16.0,26.0
FI_00013473,67655,67655,2024-05-20,60.68506685735129,21.72290613520149,,1300.0,32.95,16.0,26.0
FI_00013474,67655,67655,2024-05-20,60.68506685735129,21.72290613520149,,1300.0,32.95,16.0,26.0
FI_00013475,67655,67655,2024-05-20,60.68506685735129,21.72290613520149,,1300.0,32.95,16.0,26.0
FI_00013476,67655,67655,2024-05-28,60.68506685735129,21.72290613520149,,1100.0,30.8,15.0,32.0
FI_00013477,67655,67655,2024-05-28,60.68506685735129,21.72290613520149,,1100.0,30.8,15.0,32.0
FI_00013478,67655,67655,2024-05-28,60.68506685735129,21.72290613520149,,1100.0,30.8,15.0,32.0
FI_00013479,67655,67655,2024-05-28,60.68506685735129,21.72290613520149,,1100.0,30.8,15.0,32.0
FI_00013480,67655,67655,2024-05-28,60.68506685735129,21.72290613520149,,1100.0,30.8,15.0,32.0
FI_00013481,67655,67655,2024-05-28,60.68506685735129,21.72290613520149,,1100.0,30.8,15.0,32.0
FI_00013482,67655,67655,2024-06-17,60.68506685735129,21.72290613520149,,1300.0,31.5,14.0,30.0
FI_00013483,67655,67655,2024-06-17,60.68506685735129,21.72290613520149,,1300.0,31.5,14.0,30.0
FI_00013484,67655,67655,2024-06-17,60.68506685735129,21.72290613520149,,1300.0,31.5,14.0,30.0
FI_00013485,67655,67655,2024-06-17,60.68506685735129,21.72290613520149,,1300.0,31.5,14.0,30.0
FI_00013486,67655,67655,2024-06-17,60.68506685735129,21.72290613520149,,1300.0,31.5,14.0,30.0
FI_00013487,67655,67655,2024-06-17,60.68506685735129,21.72290613520149,,1300.0,31.5,14.0,30.0
FI_00013488,67655,67655,2024-07-15,60.68506685735129,21.72290613520149,,2200.0,79.0,98.0,36.0
FI_00013489,67655,67655,2024-07-15,60.68506685735129,21.72290613520149,,2200.0,79.0,98.0,36.0
FI_00013490,67655,67655,2024-07-15,60.68506685735129,21.72290613520149,,2200.0,79.0,98.0,36.0
FI_00013491,67655,67655,2024-07-15,60.68506685735129,21.72290613520149,,2200.0,79.0,98.0,36.0
FI_00013492,67655,67655,2024-07-15,60.68506685735129,21.72290613520149,,2200.0,79.0,98.0,36.0
FI_00013493,67655,67655,2024-07-15,60.68506685735129,21.72290613520149,,2200.0,79.0,98.0,36.0
FI_00013494,67655,67655,2024-08-13,60.68506685735129,21.72290613520149,,1100.0,22.6,8.4,34.0
FI_00013495,67655,67655,2024-08-13,60.68506685735129,21.72290613520149,,1100.0,22.6,8.4,34.0
FI_00013496,67655,67655,2024-08-13,60.68506685735129,21.72290613520149,,1100.0,22.6,8.4,34.0
FI_00013497,67655,67655,2024-08-13,60.68506685735129,21.72290613520149,,1100.0,22.6,8.4,34.0
FI_00013498,67655,67655,2024-08-13,60.68506685735129,21.72290613520149,,1100.0,22.6,8.4,34.0
FI_00013499,67655,67655,2024-08-13,60.68506685735129,21.72290613520149,,1100.0,22.6,8.4,34.0
FI_00013500,67655,67655,2024-08-26,60.68506685735129,21.72290613520149,,720.0,12.65,4.8,42.0
FI_00013501,67655,67655,2024-08-26,60.68506685735129,21.72290613520149,,720.0,12.65,4.8,42.0
FI_00013502,67655,67655,2024-08-26,60.68506685735129,21.72290613520149,,720.0,12.65,4.8,42.0
FI_00013503,67655,67655,2024-08-26,60.68506685735129,21.72290613520149,,720.0,12.65,4.8,42.0
FI_00013504,67655,67655,2024-08-26,60.68506685735129,21.72290613520149,,720.0,12.65,4.8,42.0
FI_00013505,67655,67655,2024-08-26,60.68506685735129,21.72290613520149,,720.0,12.65,4.8,42.0
FI_00013506,67655,67655,2024-09-09,60.68506685735129,21.72290613520149,,940.0,16.2,7.099999999999999,30.0
FI_00013507,67655,67655,2024-09-09,60.68506685735129,21.72290613520149,,940.0,16.2,7.099999999999999,30.0
FI_00013508,67655,67655,2024-09-09,60.68506685735129,21.72290613520149,,940.0,16.2,7.099999999999999,30.0
FI_00013509,67655,67655,2024-09-09,60.68506685735129,21.72290613520149,,940.0,16.2,7.099999999999999,30.0
FI_00013510,67655,67655,2024-09-09,60.68506685735129,21.72290613520149,,940.0,16.2,7.099999999999999,30.0
FI_00013511,67655,67655,2024-09-09,60.68506685735129,21.72290613520149,,940.0,16.2,7.099999999999999,30.0
FI_00013512,67655,67655,2024-09-23,60.68506685735129,21.72290613520149,,1000.0,16.650000000000002,8.3,34.0
FI_00013513,67655,67655,2024-09-23,60.68506685735129,21.72290613520149,,1000.0,16.650000000000002,8.3,34.0
FI_00013514,67655,67655,2024-09-23,60.68506685735129,21.72290613520149,,1000.0,16.650000000000002,8.3,34.0
FI_00013515,67655,67655,2024-09-23,60.68506685735129,21.72290613520149,,1000.0,16.650000000000002,8.3,34.0
FI_00013516,67655,67655,2024-09-23,60.68506685735129,21.72290613520149,,1000.0,16.650000000000002,8.3,34.0
FI_00013517,67655,67655,2024-09-23,60.68506685735129,21.72290613520149,,1000.0,16.650000000000002,8.3,34.0
FI_00013518,67655,67655,2024-10-09,60.68506685735129,21.72290613520149,,1500.0,16.400000000000002,9.8,32.0
FI_00013519,67655,67655,2024-10-09,60.68506685735129,21.72290613520149,,1500.0,16.400000000000002,9.8,32.0
FI_00013520,67655,67655,2024-10-09,60.68506685735129,21.72290613520149,,1500.0,16.400000000000002,9.8,32.0
FI_00013521,67655,67655,2024-10-09,60.68506685735129,21.72290613520149,,1500.0,16.400000000000002,9.8,32.0
FI_00013522,67655,67655,2024-10-09,60.68506685735129,21.72290613520149,,1500.0,16.400000000000002,9.8,32.0
FI_00013523,67655,67655,2024-10-09,60.68506685735129,21.72290613520149,,1500.0,16.400000000000002,9.8,32.0
FI_00013524,67655,67655,2024-10-14,60.68506685735129,21.72290613520149,,6200.0,39.0,26.0,32.0
FI_00013525,67655,67655,2024-10-14,60.68506685735129,21.72290613520149,,6200.0,39.0,26.0,32.0
FI_00013526,67655,67655,2024-10-14,60.68506685735129,21.72290613520149,,6200.0,39.0,26.0,32.0
FI_00013527,67655,67655,2024-10-14,60.68506685735129,21.72290613520149,,6200.0,39.0,26.0,32.0
FI_00013528,67655,67655,2024-10-14,60.68506685735129,21.72290613520149,,6200.0,39.0,26.0,32.0
FI_00013529,67655,67655,2024-10-14,60.68506685735129,21.72290613520149,,6200.0,39.0,26.0,32.0
FI_00013530,67655,67655,2024-10-29,60.68506685735129,21.72290613520149,,5200.0,51.9,47.0,30.0
FI_00013531,67655,67655,2024-10-29,60.68506685735129,21.72290613520149,,5200.0,51.9,47.0,30.0
FI_00013532,67655,67655,2024-10-29,60.68506685735129,21.72290613520149,,5200.0,51.9,47.0,30.0
FI_00013533,67655,67655,2024-10-29,60.68506685735129,21.72290613520149,,5200.0,51.9,47.0,30.0
FI_00013534,67655,67655,2024-10-29,60.68506685735129,21.72290613520149,,5200.0,51.9,47.0,30.0
FI_00013535,67655,67655,2024-10-29,60.68506685735129,21.72290613520149,,5200.0,51.9,47.0,30.0
FI_00013536,67655,67655,2024-11-04,60.68506685735129,21.72290613520149,,5000.0,39.6,33.0,29.0
FI_00013537,67655,67655,2024-11-04,60.68506685735129,21.72290613520149,,5000.0,39.6,33.0,29.0
FI_00013538,67655,67655,2024-11-04,60.68506685735129,21.72290613520149,,5000.0,39.6,33.0,29.0
FI_00013539,67655,67655,2024-11-04,60.68506685735129,21.72290613520149,,5000.0,39.6,33.0,29.0
FI_00013540,67655,67655,2024-11-04,60.68506685735129,21.72290613520149,,5000.0,39.6,33.0,29.0
FI_00013541,67655,67655,2024-11-04,60.68506685735129,21.72290613520149,,5000.0,39.6,33.0,29.0
FI_00013542,67655,67655,2024-11-18,60.68506685735129,21.72290613520149,,2700.0,21.5,16.0,29.0
FI_00013543,67655,67655,2024-11-18,60.68506685735129,21.72290613520149,,2700.0,21.5,16.0,29.0
FI_00013544,67655,67655,2024-11-18,60.68506685735129,21.72290613520149,,2700.0,21.5,16.0,29.0
FI_00013545,67655,67655,2024-11-18,60.68506685735129,21.72290613520149,,2700.0,21.5,16.0,29.0
FI_00013546,67655,67655,2024-11-18,60.68506685735129,21.72290613520149,,2700.0,21.5,16.0,29.0
FI_00013547,67655,67655,2024-11-18,60.68506685735129,21.72290613520149,,2700.0,21.5,16.0,29.0
FI_00013548,67655,67655,2024-12-10,60.68506685735129,21.72290613520149,,3300.0,30.35,18.0,22.0
FI_00013549,67655,67655,2024-12-10,60.68506685735129,21.72290613520149,,3300.0,30.35,18.0,22.0
FI_00013550,67655,67655,2024-12-10,60.68506685735129,21.72290613520149,,3300.0,30.35,18.0,22.0
FI_00013551,67655,67655,2024-12-10,60.68506685735129,21.72290613520149,,3300.0,30.35,18.0,22.0
FI_00013552,67655,67655,2024-12-10,60.68506685735129,21.72290613520149,,3300.0,30.35,18.0,22.0
FI_00013553,67655,67655,2024-12-10,60.68506685735129,21.72290613520149,,3300.0,30.35,18.0,22.0
FI_00013638,70605,70605,2023-01-18,62.82361039008046,25.46482283607774,,460.0,16.0,2.5,
FI_00013639,70605,70605,2023-01-18,62.82361039008046,25.46482283607774,,460.0,16.0,2.5,
FI_00013640,70605,70605,2023-01-18,62.82361039008046,25.46482283607774,,460.0,16.0,2.5,
FI_00013641,70605,70605,2023-01-18,62.82361039008046,25.46482283607774,,460.0,16.0,2.5,
FI_00013642,70605,70605,2023-01-18,62.82361039008046,25.46482283607774,,460.0,16.0,2.5,
FI_00013643,70605,70605,2023-01-18,62.82361039008046,25.46482283607774,,460.0,16.0,2.5,
FI_00013644,70605,70605,2023-03-15,62.82361039008046,25.46482283607774,,320.0,27.0,1.3999999999999997,2.4
FI_00013645,70605,70605,2023-03-15,62.82361039008046,25.46482283607774,,320.0,27.0,1.3999999999999997,2.4
FI_00013646,70605,70605,2023-03-15,62.82361039008046,25.46482283607774,,320.0,27.0,1.3999999999999997,2.4
FI_00013647,70605,70605,2023-03-15,62.82361039008046,25.46482283607774,,320.0,27.0,1.3999999999999997,2.4
FI_00013648,70605,70605,2023-03-15,62.82361039008046,25.46482283607774,,320.0,27.0,1.3999999999999997,2.4
FI_00013649,70605,70605,2023-03-15,62.82361039008046,25.46482283607774,,320.0,27.0,1.3999999999999997,2.4
FI_00013650,70605,70605,2023-03-29,62.82361039008046,25.46482283607774,,360.0,10.0,1.3,2.3
FI_00013651,70605,70605,2023-03-29,62.82361039008046,25.46482283607774,,360.0,10.0,1.3,2.3
FI_00013652,70605,70605,2023-03-29,62.82361039008046,25.46482283607774,,360.0,10.0,1.3,2.3
FI_00013653,70605,70605,2023-03-29,62.82361039008046,25.46482283607774,,360.0,10.0,1.3,2.3
FI_00013654,70605,70605,2023-03-29,62.82361039008046,25.46482283607774,,360.0,10.0,1.3,2.3
FI_00013655,70605,70605,2023-03-29,62.82361039008046,25.46482283607774,,360.0,10.0,1.3,2.3
FI_00013656,70605,70605,2023-04-04,62.82361039008046,25.46482283607774,,350.0,9.0,1.3,
FI_00013657,70605,70605,2023-04-04,62.82361039008046,25.46482283607774,,350.0,9.0,1.3,
FI_00013658,70605,70605,2023-04-04,62.82361039008046,25.46482283607774,,350.0,9.0,1.3,
FI_00013659,70605,70605,2023-04-04,62.82361039008046,25.46482283607774,,350.0,9.0,1.3,
FI_00013660,70605,70605,2023-04-04,62.82361039008046,25.46482283607774,,350.0,9.0,1.3,
FI_00013661,70605,70605,2023-04-04,62.82361039008046,25.46482283607774,,350.0,9.0,1.3,
FI_00013662,70605,70605,2023-04-11,62.82361039008046,25.46482283607774,,450.0,11.0,2.0,
FI_00013663,70605,70605,2023-04-11,62.82361039008046,25.46482283607774,,450.0,11.0,2.0,
FI_00013664,70605,70605,2023-04-11,62.82361039008046,25.46482283607774,,450.0,11.0,2.0,
FI_00013665,70605,70605,2023-04-11,62.82361039008046,25.46482283607774,,450.0,11.0,2.0,
FI_00013666,70605,70605,2023-04-11,62.82361039008046,25.46482283607774,,450.0,11.0,2.0,
FI_00013667,70605,70605,2023-04-11,62.82361039008046,25.46482283607774,,450.0,11.0,2.0,
FI_00013668,70605,70605,2023-04-20,62.82361039008046,25.46482283607774,,490.0,14.0,1.3999999999999997,
FI_00013669,70605,70605,2023-04-20,62.82361039008046,25.46482283607774,,490.0,14.0,1.3999999999999997,
FI_00013670,70605,70605,2023-04-20,62.82361039008046,25.46482283607774,,490.0,14.0,1.3999999999999997,
FI_00013671,70605,70605,2023-04-20,62.82361039008046,25.46482283607774,,490.0,14.0,1.3999999999999997,
FI_00013672,70605,70605,2023-04-20,62.82361039008046,25.46482283607774,,490.0,14.0,1.3999999999999997,
FI_00013673,70605,70605,2023-04-20,62.82361039008046,25.46482283607774,,490.0,14.0,1.3999999999999997,
FI_00013674,70605,70605,2023-04-24,62.82361039008046,25.46482283607774,,420.0,34.0,1.3,
FI_00013675,70605,70605,2023-04-24,62.82361039008046,25.46482283607774,,420.0,34.0,1.3,
FI_00013676,70605,70605,2023-04-24,62.82361039008046,25.46482283607774,,420.0,34.0,1.3,
FI_00013677,70605,70605,2023-04-24,62.82361039008046,25.46482283607774,,420.0,34.0,1.3,
FI_00013678,70605,70605,2023-04-24,62.82361039008046,25.46482283607774,,420.0,34.0,1.3,
FI_00013679,70605,70605,2023-04-24,62.82361039008046,25.46482283607774,,420.0,34.0,1.3,
FI_00013680,70605,70605,2023-05-04,62.82361039008046,25.46482283607774,,410.0,13.0,0.93,
FI_00013681,70605,70605,2023-05-04,62.82361039008046,25.46482283607774,,410.0,13.0,0.93,
FI_00013682,70605,70605,2023-05-04,62.82361039008046,25.46482283607774,,410.0,13.0,0.93,
FI_00013683,70605,70605,2023-05-04,62.82361039008046,25.46482283607774,,410.0,13.0,0.93,
FI_00013684,70605,70605,2023-05-04,62.82361039008046,25.46482283607774,,410.0,13.0,0.93,
FI_00013685,70605,70605,2023-05-04,62.82361039008046,25.46482283607774,,410.0,13.0,0.93,
FI_00013686,70605,70605,2023-05-08,62.82361039008046,25.46482283607774,,360.0,12.0,0.69,2.1
FI_00013687,70605,70605,2023-05-08,62.82361039008046,25.46482283607774,,360.0,12.0,0.69,2.1
FI_00013688,70605,70605,2023-05-08,62.82361039008046,25.46482283607774,,360.0,12.0,0.69,2.1
FI_00013689,70605,70605,2023-05-08,62.82361039008046,25.46482283607774,,360.0,12.0,0.69,2.1
FI_00013690,70605,70605,2023-05-08,62.82361039008046,25.46482283607774,,360.0,12.0,0.69,2.1
FI_00013691,70605,70605,2023-05-08,62.82361039008046,25.46482283607774,,360.0,12.0,0.69,2.1
FI_00013692,70605,70605,2023-05-17,62.82361039008046,25.46482283607774,,410.0,13.0,0.71,
FI_00013693,70605,70605,2023-05-17,62.82361039008046,25.46482283607774,,410.0,13.0,0.71,
FI_00013694,70605,70605,2023-05-17,62.82361039008046,25.46482283607774,,410.0,13.0,0.71,
FI_00013695,70605,70605,2023-05-17,62.82361039008046,25.46482283607774,,410.0,13.0,0.71,
FI_00013696,70605,70605,2023-05-17,62.82361039008046,25.46482283607774,,410.0,13.0,0.71,
FI_00013697,70605,70605,2023-05-17,62.82361039008046,25.46482283607774,,410.0,13.0,0.71,
FI_00013698,70605,70605,2023-06-07,62.82361039008046,25.46482283607774,,290.0,12.0,1.3,2.0
FI_00013699,70605,70605,2023-06-07,62.82361039008046,25.46482283607774,,290.0,12.0,1.3,2.0
FI_00013700,70605,70605,2023-06-07,62.82361039008046,25.46482283607774,,290.0,12.0,1.3,2.0
FI_00013701,70605,70605,2023-06-07,62.82361039008046,25.46482283607774,,290.0,12.0,1.3,2.0
FI_00013702,70605,70605,2023-06-07,62.82361039008046,25.46482283607774,,290.0,12.0,1.3,2.0
FI_00013703,70605,70605,2023-06-07,62.82361039008046,25.46482283607774,,290.0,12.0,1.3,2.0
FI_00013704,70605,70605,2023-07-05,62.82361039008046,25.46482283607774,,530.0,18.0,2.7000000000000006,2.3
FI_00013705,70605,70605,2023-07-05,62.82361039008046,25.46482283607774,,530.0,18.0,2.7000000000000006,2.3
FI_00013706,70605,70605,2023-07-05,62.82361039008046,25.46482283607774,,530.0,18.0,2.7000000000000006,2.3
FI_00013707,70605,70605,2023-07-05,62.82361039008046,25.46482283607774,,530.0,18.0,2.7000000000000006,2.3
FI_00013708,70605,70605,2023-07-05,62.82361039008046,25.46482283607774,,530.0,18.0,2.7000000000000006,2.3
FI_00013709,70605,70605,2023-07-05,62.82361039008046,25.46482283607774,,530.0,18.0,2.7000000000000006,2.3
FI_00013710,70605,70605,2023-08-08,62.82361039008046,25.46482283607774,,850.0,26.0,0.77,3.8
FI_00013711,70605,70605,2023-08-08,62.82361039008046,25.46482283607774,,850.0,26.0,0.77,3.8
FI_00013712,70605,70605,2023-08-08,62.82361039008046,25.46482283607774,,850.0,26.0,0.77,3.8
FI_00013713,70605,70605,2023-08-08,62.82361039008046,25.46482283607774,,850.0,26.0,0.77,3.8
FI_00013714,70605,70605,2023-08-08,62.82361039008046,25.46482283607774,,850.0,26.0,0.77,3.8
FI_00013715,70605,70605,2023-08-08,62.82361039008046,25.46482283607774,,850.0,26.0,0.77,3.8
FI_00013716,70605,70605,2023-08-24,62.82361039008046,25.46482283607774,,710.0,18.0,1.1,
FI_00013717,70605,70605,2023-08-24,62.82361039008046,25.46482283607774,,710.0,18.0,1.1,
FI_00013718,70605,70605,2023-08-24,62.82361039008046,25.46482283607774,,710.0,18.0,1.1,
FI_00013719,70605,70605,2023-08-24,62.82361039008046,25.46482283607774,,710.0,18.0,1.1,
FI_00013720,70605,70605,2023-08-24,62.82361039008046,25.46482283607774,,710.0,18.0,1.1,
FI_00013721,70605,70605,2023-08-24,62.82361039008046,25.46482283607774,,710.0,18.0,1.1,
FI_00013722,70605,70605,2023-09-06,62.82361039008046,25.46482283607774,,660.0,13.0,0.59,3.4
FI_00013723,70605,70605,2023-09-06,62.82361039008046,25.46482283607774,,660.0,13.0,0.59,3.4
FI_00013724,70605,70605,2023-09-06,62.82361039008046,25.46482283607774,,660.0,13.0,0.59,3.4
FI_00013725,70605,70605,2023-09-06,62.82361039008046,25.46482283607774,,660.0,13.0,0.59,3.4
FI_00013726,70605,70605,2023-09-06,62.82361039008046,25.46482283607774,,660.0,13.0,0.59,3.4
FI_00013727,70605,70605,2023-09-06,62.82361039008046,25.46482283607774,,660.0,13.0,0.59,3.4
FI_00013728,70605,70605,2023-09-20,62.82361039008046,25.46482283607774,,660.0,34.0,0.86,
FI_00013729,70605,70605,2023-09-20,62.82361039008046,25.46482283607774,,660.0,34.0,0.86,
FI_00013730,70605,70605,2023-09-20,62.82361039008046,25.46482283607774,,660.0,34.0,0.86,
FI_00013731,70605,70605,2023-09-20,62.82361039008046,25.46482283607774,,660.0,34.0,0.86,
FI_00013732,70605,70605,2023-09-20,62.82361039008046,25.46482283607774,,660.0,34.0,0.86,
FI_00013733,70605,70605,2023-09-20,62.82361039008046,25.46482283607774,,660.0,34.0,0.86,
FI_00013734,70605,70605,2023-10-04,62.82361039008046,25.46482283607774,,580.0,12.0,0.55,3.0
FI_00013735,70605,70605,2023-10-04,62.82361039008046,25.46482283607774,,580.0,12.0,0.55,3.0
FI_00013736,70605,70605,2023-10-04,62.82361039008046,25.46482283607774,,580.0,12.0,0.55,3.0
FI_00013737,70605,70605,2023-10-04,62.82361039008046,25.46482283607774,,580.0,12.0,0.55,3.0
FI_00013738,70605,70605,2023-10-04,62.82361039008046,25.46482283607774,,580.0,12.0,0.55,3.0
FI_00013739,70605,70605,2023-10-04,62.82361039008046,25.46482283607774,,580.0,12.0,0.55,3.0
FI_00013740,70605,70605,2023-10-18,62.82361039008046,25.46482283607774,,490.0,12.0,0.58,
FI_00013741,70605,70605,2023-10-18,62.82361039008046,25.46482283607774,,490.0,12.0,0.58,
FI_00013742,70605,70605,2023-10-18,62.82361039008046,25.46482283607774,,490.0,12.0,0.58,
FI_00013743,70605,70605,2023-10-18,62.82361039008046,25.46482283607774,,490.0,12.0,0.58,
FI_00013744,70605,70605,2023-10-18,62.82361039008046,25.46482283607774,,490.0,12.0,0.58,
FI_00013745,70605,70605,2023-10-18,62.82361039008046,25.46482283607774,,490.0,12.0,0.58,
FI_00013746,70605,70605,2023-10-31,62.82361039008046,25.46482283607774,,380.0,9.0,0.89,
FI_00013747,70605,70605,2023-10-31,62.82361039008046,25.46482283607774,,380.0,9.0,0.89,
FI_00013748,70605,70605,2023-10-31,62.82361039008046,25.46482283607774,,380.0,9.0,0.89,
FI_00013749,70605,70605,2023-10-31,62.82361039008046,25.46482283607774,,380.0,9.0,0.89,
FI_00013750,70605,70605,2023-10-31,62.82361039008046,25.46482283607774,,380.0,9.0,0.89,
FI_00013751,70605,70605,2023-10-31,62.82361039008046,25.46482283607774,,380.0,9.0,0.89,
FI_00013752,70605,70605,2023-12-11,62.82361039008046,25.46482283607774,,310.0,9.0,0.81,1.9
FI_00013753,70605,70605,2023-12-11,62.82361039008046,25.46482283607774,,310.0,9.0,0.81,1.9
FI_00013754,70605,70605,2023-12-11,62.82361039008046,25.46482283607774,,310.0,9.0,0.81,1.9
FI_00013755,70605,70605,2023-12-11,62.82361039008046,25.46482283607774,,310.0,9.0,0.81,1.9
FI_00013756,70605,70605,2023-12-11,62.82361039008046,25.46482283607774,,310.0,9.0,0.81,1.9
FI_00013757,70605,70605,2023-12-11,62.82361039008046,25.46482283607774,,310.0,9.0,0.81,1.9
FI_00013758,70605,70605,2024-01-11,62.82361039008046,25.46482283607774,,300.0,9.0,1.3,2.2
FI_00013759,70605,70605,2024-01-11,62.82361039008046,25.46482283607774,,300.0,9.0,1.3,2.2
FI_00013760,70605,70605,2024-01-11,62.82361039008046,25.46482283607774,,300.0,9.0,1.3,2.2
FI_00013761,70605,70605,2024-01-11,62.82361039008046,25.46482283607774,,300.0,9.0,1.3,2.2
FI_00013762,70605,70605,2024-01-11,62.82361039008046,25.46482283607774,,300.0,9.0,1.3,2.2
FI_00013763,70605,70605,2024-01-11,62.82361039008046,25.46482283607774,,300.0,9.0,1.3,2.2
FI_00013764,70605,70605,2024-02-01,62.82361039008046,25.46482283607774,,310.0,11.0,1.7,2.4
FI_00013765,70605,70605,2024-02-01,62.82361039008046,25.46482283607774,,310.0,11.0,1.7,2.4
FI_00013766,70605,70605,2024-02-01,62.82361039008046,25.46482283607774,,310.0,11.0,1.7,2.4
FI_00013767,70605,70605,2024-02-01,62.82361039008046,25.46482283607774,,310.0,11.0,1.7,2.4
FI_00013768,70605,70605,2024-02-01,62.82361039008046,25.46482283607774,,310.0,11.0,1.7,2.4
FI_00013769,70605,70605,2024-02-01,62.82361039008046,25.46482283607774,,310.0,11.0,1.7,2.4
FI_00013770,70605,70605,2024-02-20,62.82361039008046,25.46482283607774,,280.0,9.0,1.5,
FI_00013771,70605,70605,2024-02-20,62.82361039008046,25.46482283607774,,280.0,9.0,1.5,
FI_00013772,70605,70605,2024-02-20,62.82361039008046,25.46482283607774,,280.0,9.0,1.5,
FI_00013773,70605,70605,2024-02-20,62.82361039008046,25.46482283607774,,280.0,9.0,1.5,
FI_00013774,70605,70605,2024-02-20,62.82361039008046,25.46482283607774,,280.0,9.0,1.5,
FI_00013775,70605,70605,2024-02-20,62.82361039008046,25.46482283607774,,280.0,9.0,1.5,
FI_00013776,70605,70605,2024-03-25,62.82361039008046,25.46482283607774,,350.0,9.0,1.1,2.1
FI_00013777,70605,70605,2024-03-25,62.82361039008046,25.46482283607774,,350.0,9.0,1.1,2.1
FI_00013778,70605,70605,2024-03-25,62.82361039008046,25.46482283607774,,350.0,9.0,1.1,2.1
FI_00013779,70605,70605,2024-03-25,62.82361039008046,25.46482283607774,,350.0,9.0,1.1,2.1
FI_00013780,70605,70605,2024-03-25,62.82361039008046,25.46482283607774,,350.0,9.0,1.1,2.1
FI_00013781,70605,70605,2024-03-25,62.82361039008046,25.46482283607774,,350.0,9.0,1.1,2.1
FI_00013782,70605,70605,2024-04-02,62.82361039008046,25.46482283607774,,440.0,13.0,1.7,
FI_00013783,70605,70605,2024-04-02,62.82361039008046,25.46482283607774,,440.0,13.0,1.7,
FI_00013784,70605,70605,2024-04-02,62.82361039008046,25.46482283607774,,440.0,13.0,1.7,
FI_00013785,70605,70605,2024-04-02,62.82361039008046,25.46482283607774,,440.0,13.0,1.7,
FI_00013786,70605,70605,2024-04-02,62.82361039008046,25.46482283607774,,440.0,13.0,1.7,
FI_00013787,70605,70605,2024-04-02,62.82361039008046,25.46482283607774,,440.0,13.0,1.7,
FI_00013788,70605,70605,2024-04-08,62.82361039008046,25.46482283607774,,550.0,11.0,1.1,
FI_00013789,70605,70605,2024-04-08,62.82361039008046,25.46482283607774,,550.0,11.0,1.1,
FI_00013790,70605,70605,2024-04-08,62.82361039008046,25.46482283607774,,550.0,11.0,1.1,
FI_00013791,70605,70605,2024-04-08,62.82361039008046,25.46482283607774,,550.0,11.0,1.1,
FI_00013792,70605,70605,2024-04-08,62.82361039008046,25.46482283607774,,550.0,11.0,1.1,
FI_00013793,70605,70605,2024-04-08,62.82361039008046,25.46482283607774,,550.0,11.0,1.1,
FI_00013794,70605,70605,2024-04-15,62.82361039008046,25.46482283607774,,390.0,13.0,1.1,2.3
FI_00013795,70605,70605,2024-04-15,62.82361039008046,25.46482283607774,,390.0,13.0,1.1,2.3
FI_00013796,70605,70605,2024-04-15,62.82361039008046,25.46482283607774,,390.0,13.0,1.1,2.3
FI_00013797,70605,70605,2024-04-15,62.82361039008046,25.46482283607774,,390.0,13.0,1.1,2.3
FI_00013798,70605,70605,2024-04-15,62.82361039008046,25.46482283607774,,390.0,13.0,1.1,2.3
FI_00013799,70605,70605,2024-04-15,62.82361039008046,25.46482283607774,,390.0,13.0,1.1,2.3
FI_00013800,70605,70605,2024-04-23,62.82361039008046,25.46482283607774,,290.0,8.0,0.55,
FI_00013801,70605,70605,2024-04-23,62.82361039008046,25.46482283607774,,290.0,8.0,0.55,
FI_00013802,70605,70605,2024-04-23,62.82361039008046,25.46482283607774,,290.0,8.0,0.55,
FI_00013803,70605,70605,2024-04-23,62.82361039008046,25.46482283607774,,290.0,8.0,0.55,
FI_00013804,70605,70605,2024-04-23,62.82361039008046,25.46482283607774,,290.0,8.0,0.55,
FI_00013805,70605,70605,2024-04-23,62.82361039008046,25.46482283607774,,290.0,8.0,0.55,
FI_00013806,70605,70605,2024-04-29,62.82361039008046,25.46482283607774,,320.0,8.0,0.59,
FI_00013807,70605,70605,2024-04-29,62.82361039008046,25.46482283607774,,320.0,8.0,0.59,
FI_00013808,70605,70605,2024-04-29,62.82361039008046,25.46482283607774,,320.0,8.0,0.59,
FI_00013809,70605,70605,2024-04-29,62.82361039008046,25.46482283607774,,320.0,8.0,0.59,
FI_00013810,70605,70605,2024-04-29,62.82361039008046,25.46482283607774,,320.0,8.0,0.59,
FI_00013811,70605,70605,2024-04-29,62.82361039008046,25.46482283607774,,320.0,8.0,0.59,
FI_00013812,70605,70605,2024-05-06,62.82361039008046,25.46482283607774,,280.0,8.0,0.55,2.0
FI_00013813,70605,70605,2024-05-06,62.82361039008046,25.46482283607774,,280.0,8.0,0.55,2.0
FI_00013814,70605,70605,2024-05-06,62.82361039008046,25.46482283607774,,280.0,8.0,0.55,2.0
FI_00013815,70605,70605,2024-05-06,62.82361039008046,25.46482283607774,,280.0,8.0,0.55,2.0
FI_00013816,70605,70605,2024-05-06,62.82361039008046,25.46482283607774,,280.0,8.0,0.55,2.0
FI_00013817,70605,70605,2024-05-06,62.82361039008046,25.46482283607774,,280.0,8.0,0.55,2.0
FI_00013818,70605,70605,2024-05-15,62.82361039008046,25.46482283607774,,360.0,12.0,1.2,
FI_00013819,70605,70605,2024-05-15,62.82361039008046,25.46482283607774,,360.0,12.0,1.2,
FI_00013820,70605,70605,2024-05-15,62.82361039008046,25.46482283607774,,360.0,12.0,1.2,
FI_00013821,70605,70605,2024-05-15,62.82361039008046,25.46482283607774,,360.0,12.0,1.2,
FI_00013822,70605,70605,2024-05-15,62.82361039008046,25.46482283607774,,360.0,12.0,1.2,
FI_00013823,70605,70605,2024-05-15,62.82361039008046,25.46482283607774,,360.0,12.0,1.2,
FI_00013824,70605,70605,2024-06-03,62.82361039008046,25.46482283607774,,300.0,13.0,2.2,2.4
FI_00013825,70605,70605,2024-06-03,62.82361039008046,25.46482283607774,,300.0,13.0,2.2,2.4
FI_00013826,70605,70605,2024-06-03,62.82361039008046,25.46482283607774,,300.0,13.0,2.2,2.4
FI_00013827,70605,70605,2024-06-03,62.82361039008046,25.46482283607774,,300.0,13.0,2.2,2.4
FI_00013828,70605,70605,2024-06-03,62.82361039008046,25.46482283607774,,300.0,13.0,2.2,2.4
FI_00013829,70605,70605,2024-06-03,62.82361039008046,25.46482283607774,,300.0,13.0,2.2,2.4
FI_00013830,70605,70605,2024-07-04,62.82361039008046,25.46482283607774,,300.0,13.0,2.6,2.6
FI_00013831,70605,70605,2024-07-04,62.82361039008046,25.46482283607774,,300.0,13.0,2.6,2.6
FI_00013832,70605,70605,2024-07-04,62.82361039008046,25.46482283607774,,300.0,13.0,2.6,2.6
FI_00013833,70605,70605,2024-07-04,62.82361039008046,25.46482283607774,,300.0,13.0,2.6,2.6
FI_00013834,70605,70605,2024-07-04,62.82361039008046,25.46482283607774,,300.0,13.0,2.6,2.6
FI_00013835,70605,70605,2024-07-04,62.82361039008046,25.46482283607774,,300.0,13.0,2.6,2.6
FI_00013836,70605,70605,2024-08-06,62.82361039008046,25.46482283607774,,560.0,15.0,0.87,2.7999999999999994
FI_00013837,70605,70605,2024-08-06,62.82361039008046,25.46482283607774,,560.0,15.0,0.87,2.7999999999999994
FI_00013838,70605,70605,2024-08-06,62.82361039008046,25.46482283607774,,560.0,15.0,0.87,2.7999999999999994
FI_00013839,70605,70605,2024-08-06,62.82361039008046,25.46482283607774,,560.0,15.0,0.87,2.7999999999999994
FI_00013840,70605,70605,2024-08-06,62.82361039008046,25.46482283607774,,560.0,15.0,0.87,2.7999999999999994
FI_00013841,70605,70605,2024-08-06,62.82361039008046,25.46482283607774,,560.0,15.0,0.87,2.7999999999999994
FI_00013842,70605,70605,2024-08-21,62.82361039008046,25.46482283607774,,320.0,13.0,2.2,
FI_00013843,70605,70605,2024-08-21,62.82361039008046,25.46482283607774,,320.0,13.0,2.2,
FI_00013844,70605,70605,2024-08-21,62.82361039008046,25.46482283607774,,320.0,13.0,2.2,
FI_00013845,70605,70605,2024-08-21,62.82361039008046,25.46482283607774,,320.0,13.0,2.2,
FI_00013846,70605,70605,2024-08-21,62.82361039008046,25.46482283607774,,320.0,13.0,2.2,
FI_00013847,70605,70605,2024-08-21,62.82361039008046,25.46482283607774,,320.0,13.0,2.2,
FI_00013848,70605,70605,2024-09-03,62.82361039008046,25.46482283607774,,660.0,14.0,1.1,3.0
FI_00013849,70605,70605,2024-09-03,62.82361039008046,25.46482283607774,,660.0,14.0,1.1,3.0
FI_00013850,70605,70605,2024-09-03,62.82361039008046,25.46482283607774,,660.0,14.0,1.1,3.0
FI_00013851,70605,70605,2024-09-03,62.82361039008046,25.46482283607774,,660.0,14.0,1.1,3.0
FI_00013852,70605,70605,2024-09-03,62.82361039008046,25.46482283607774,,660.0,14.0,1.1,3.0
FI_00013853,70605,70605,2024-09-03,62.82361039008046,25.46482283607774,,660.0,14.0,1.1,3.0
FI_00013854,70605,70605,2024-09-05,62.82361039008046,25.46482283607774,,560.0,12.0,1.6000000000000003,
FI_00013855,70605,70605,2024-09-05,62.82361039008046,25.46482283607774,,560.0,12.0,1.6000000000000003,
FI_00013856,70605,70605,2024-09-05,62.82361039008046,25.46482283607774,,560.0,12.0,1.6000000000000003,
FI_00013857,70605,70605,2024-09-05,62.82361039008046,25.46482283607774,,560.0,12.0,1.6000000000000003,
FI_00013858,70605,70605,2024-09-05,62.82361039008046,25.46482283607774,,560.0,12.0,1.6000000000000003,
FI_00013859,70605,70605,2024-09-05,62.82361039008046,25.46482283607774,,560.0,12.0,1.6000000000000003,
FI_00013860,70605,70605,2024-09-18,62.82361039008046,25.46482283607774,,770.0,15.0,0.98,
FI_00013861,70605,70605,2024-09-18,62.82361039008046,25.46482283607774,,770.0,15.0,0.98,
FI_00013862,70605,70605,2024-09-18,62.82361039008046,25.46482283607774,,770.0,15.0,0.98,
FI_00013863,70605,70605,2024-09-18,62.82361039008046,25.46482283607774,,770.0,15.0,0.98,
FI_00013864,70605,70605,2024-09-18,62.82361039008046,25.46482283607774,,770.0,15.0,0.98,
FI_00013865,70605,70605,2024-09-18,62.82361039008046,25.46482283607774,,770.0,15.0,0.98,
FI_00013866,70605,70605,2024-10-17,62.82361039008046,25.46482283607774,,530.0,9.0,0.77,
FI_00013867,70605,70605,2024-10-17,62.82361039008046,25.46482283607774,,530.0,9.0,0.77,
FI_00013868,70605,70605,2024-10-17,62.82361039008046,25.46482283607774,,530.0,9.0,0.77,
FI_00013869,70605,70605,2024-10-17,62.82361039008046,25.46482283607774,,530.0,9.0,0.77,
FI_00013870,70605,70605,2024-10-17,62.82361039008046,25.46482283607774,,530.0,9.0,0.77,
FI_00013871,70605,70605,2024-10-17,62.82361039008046,25.46482283607774,,530.0,9.0,0.77,
FI_00013872,70605,70605,2024-10-30,62.82361039008046,25.46482283607774,,500.0,11.0,0.79,2.6
FI_00013873,70605,70605,2024-10-30,62.82361039008046,25.46482283607774,,500.0,11.0,0.79,2.6
FI_00013874,70605,70605,2024-10-30,62.82361039008046,25.46482283607774,,500.0,11.0,0.79,2.6
FI_00013875,70605,70605,2024-10-30,62.82361039008046,25.46482283607774,,500.0,11.0,0.79,2.6
FI_00013876,70605,70605,2024-10-30,62.82361039008046,25.46482283607774,,500.0,11.0,0.79,2.6
FI_00013877,70605,70605,2024-10-30,62.82361039008046,25.46482283607774,,500.0,11.0,0.79,2.6
FI_00013878,70605,70605,2024-12-03,62.82361039008046,25.46482283607774,,490.0,10.0,0.7399999999999999,2.7999999999999994
FI_00013879,70605,70605,2024-12-03,62.82361039008046,25.46482283607774,,490.0,10.0,0.7399999999999999,2.7999999999999994
FI_00013880,70605,70605,2024-12-03,62.82361039008046,25.46482283607774,,490.0,10.0,0.7399999999999999,2.7999999999999994
FI_00013881,70605,70605,2024-12-03,62.82361039008046,25.46482283607774,,490.0,10.0,0.7399999999999999,2.7999999999999994
FI_00013882,70605,70605,2024-12-03,62.82361039008046,25.46482283607774,,490.0,10.0,0.7399999999999999,2.7999999999999994
FI_00013883,70605,70605,2024-12-03,62.82361039008046,25.46482283607774,,490.0,10.0,0.7399999999999999,2.7999999999999994
FI_00014226,7418,Rautavesi,2023-01-17,61.32881890298074,22.84736982194477,,990.0,15.0,2.4,7.5
FI_00014227,7418,Rautavesi,2023-01-17,61.32881890298074,22.84736982194477,,990.0,15.0,2.4,7.5
FI_00014228,7418,Rautavesi,2023-01-17,61.32881890298074,22.84736982194477,,990.0,15.0,2.4,7.5
FI_00014229,7418,Rautavesi,2023-01-17,61.32881890298074,22.84736982194477,,990.0,15.0,2.4,7.5
FI_00014230,7418,Rautavesi,2023-01-17,61.32881890298074,22.84736982194477,,990.0,15.0,2.4,7.5
FI_00014231,7418,Rautavesi,2023-01-17,61.32881890298074,22.84736982194477,,990.0,15.0,2.4,7.5
FI_00014232,7418,Rautavesi,2023-02-08,61.32881890298074,22.84736982194477,,930.0,18.0,2.7999999999999994,8.0
FI_00014233,7418,Rautavesi,2023-02-08,61.32881890298074,22.84736982194477,,930.0,18.0,2.7999999999999994,8.0
FI_00014234,7418,Rautavesi,2023-02-08,61.32881890298074,22.84736982194477,,930.0,18.0,2.7999999999999994,8.0
FI_00014235,7418,Rautavesi,2023-02-08,61.32881890298074,22.84736982194477,,930.0,18.0,2.7999999999999994,8.0
FI_00014236,7418,Rautavesi,2023-02-08,61.32881890298074,22.84736982194477,,930.0,18.0,2.7999999999999994,8.0
FI_00014237,7418,Rautavesi,2023-02-08,61.32881890298074,22.84736982194477,,930.0,18.0,2.7999999999999994,8.0
FI_00014238,7418,Rautavesi,2023-03-01,61.32881890298074,22.84736982194477,,900.0,19.0,3.2000000000000006,7.900000000000001
FI_00014239,7418,Rautavesi,2023-03-01,61.32881890298074,22.84736982194477,,900.0,19.0,3.2000000000000006,7.900000000000001
FI_00014240,7418,Rautavesi,2023-03-01,61.32881890298074,22.84736982194477,,900.0,19.0,3.2000000000000006,7.900000000000001
FI_00014241,7418,Rautavesi,2023-03-01,61.32881890298074,22.84736982194477,,900.0,19.0,3.2000000000000006,7.900000000000001
FI_00014242,7418,Rautavesi,2023-03-01,61.32881890298074,22.84736982194477,,900.0,19.0,3.2000000000000006,7.900000000000001
FI_00014243,7418,Rautavesi,2023-03-01,61.32881890298074,22.84736982194477,,900.0,19.0,3.2000000000000006,7.900000000000001
FI_00014244,7418,Rautavesi,2023-04-26,61.32881890298074,22.84736982194477,,910.0,20.0,4.0,7.7
FI_00014245,7418,Rautavesi,2023-04-26,61.32881890298074,22.84736982194477,,910.0,20.0,4.0,7.7
FI_00014246,7418,Rautavesi,2023-04-26,61.32881890298074,22.84736982194477,,910.0,20.0,4.0,7.7
FI_00014247,7418,Rautavesi,2023-04-26,61.32881890298074,22.84736982194477,,910.0,20.0,4.0,7.7
FI_00014248,7418,Rautavesi,2023-04-26,61.32881890298074,22.84736982194477,,910.0,20.0,4.0,7.7
FI_00014249,7418,Rautavesi,2023-04-26,61.32881890298074,22.84736982194477,,910.0,20.0,4.0,7.7
FI_00014250,7418,Rautavesi,2023-05-10,61.32881890298074,22.84736982194477,,990.0,21.0,4.0,7.0
FI_00014251,7418,Rautavesi,2023-05-10,61.32881890298074,22.84736982194477,,990.0,21.0,4.0,7.0
FI_00014252,7418,Rautavesi,2023-05-10,61.32881890298074,22.84736982194477,,990.0,21.0,4.0,7.0
FI_00014253,7418,Rautavesi,2023-05-10,61.32881890298074,22.84736982194477,,990.0,21.0,4.0,7.0
FI_00014254,7418,Rautavesi,2023-05-10,61.32881890298074,22.84736982194477,,990.0,21.0,4.0,7.0
FI_00014255,7418,Rautavesi,2023-05-10,61.32881890298074,22.84736982194477,,990.0,21.0,4.0,7.0
FI_00014256,7418,Rautavesi,2023-06-19,61.32881890298074,22.84736982194477,,800.0,21.0,3.5,7.2
FI_00014257,7418,Rautavesi,2023-06-19,61.32881890298074,22.84736982194477,,800.0,21.0,3.5,7.2
FI_00014258,7418,Rautavesi,2023-06-19,61.32881890298074,22.84736982194477,,800.0,21.0,3.5,7.2
FI_00014259,7418,Rautavesi,2023-06-19,61.32881890298074,22.84736982194477,,800.0,21.0,3.5,7.2
FI_00014260,7418,Rautavesi,2023-06-19,61.32881890298074,22.84736982194477,,800.0,21.0,3.5,7.2
FI_00014261,7418,Rautavesi,2023-06-19,61.32881890298074,22.84736982194477,,800.0,21.0,3.5,7.2
FI_00014262,7418,Rautavesi,2023-07-03,61.32881890298074,22.84736982194477,,760.0,20.0,2.9,7.2
FI_00014263,7418,Rautavesi,2023-07-03,61.32881890298074,22.84736982194477,,760.0,20.0,2.9,7.2
FI_00014264,7418,Rautavesi,2023-07-03,61.32881890298074,22.84736982194477,,760.0,20.0,2.9,7.2
FI_00014265,7418,Rautavesi,2023-07-03,61.32881890298074,22.84736982194477,,760.0,20.0,2.9,7.2
FI_00014266,7418,Rautavesi,2023-07-03,61.32881890298074,22.84736982194477,,760.0,20.0,2.9,7.2
FI_00014267,7418,Rautavesi,2023-07-03,61.32881890298074,22.84736982194477,,760.0,20.0,2.9,7.2
FI_00014268,7418,Rautavesi,2023-08-08,61.32881890298074,22.84736982194477,,600.0,24.0,5.0,7.400000000000001
FI_00014269,7418,Rautavesi,2023-08-08,61.32881890298074,22.84736982194477,,600.0,24.0,5.0,7.400000000000001
FI_00014270,7418,Rautavesi,2023-08-08,61.32881890298074,22.84736982194477,,600.0,24.0,5.0,7.400000000000001
FI_00014271,7418,Rautavesi,2023-08-08,61.32881890298074,22.84736982194477,,600.0,24.0,5.0,7.400000000000001
FI_00014272,7418,Rautavesi,2023-08-08,61.32881890298074,22.84736982194477,,600.0,24.0,5.0,7.400000000000001
FI_00014273,7418,Rautavesi,2023-08-08,61.32881890298074,22.84736982194477,,600.0,24.0,5.0,7.400000000000001
FI_00014274,7418,Rautavesi,2023-09-05,61.32881890298074,22.84736982194477,,550.0,33.0,4.4,7.7
FI_00014275,7418,Rautavesi,2023-09-05,61.32881890298074,22.84736982194477,,550.0,33.0,4.4,7.7
FI_00014276,7418,Rautavesi,2023-09-05,61.32881890298074,22.84736982194477,,550.0,33.0,4.4,7.7
FI_00014277,7418,Rautavesi,2023-09-05,61.32881890298074,22.84736982194477,,550.0,33.0,4.4,7.7
FI_00014278,7418,Rautavesi,2023-09-05,61.32881890298074,22.84736982194477,,550.0,33.0,4.4,7.7
FI_00014279,7418,Rautavesi,2023-09-05,61.32881890298074,22.84736982194477,,550.0,33.0,4.4,7.7
FI_00014280,7418,Rautavesi,2023-10-11,61.32881890298074,22.84736982194477,,760.0,24.0,4.2,6.8
FI_00014281,7418,Rautavesi,2023-10-11,61.32881890298074,22.84736982194477,,760.0,24.0,4.2,6.8
FI_00014282,7418,Rautavesi,2023-10-11,61.32881890298074,22.84736982194477,,760.0,24.0,4.2,6.8
FI_00014283,7418,Rautavesi,2023-10-11,61.32881890298074,22.84736982194477,,760.0,24.0,4.2,6.8
FI_00014284,7418,Rautavesi,2023-10-11,61.32881890298074,22.84736982194477,,760.0,24.0,4.2,6.8
FI_00014285,7418,Rautavesi,2023-10-11,61.32881890298074,22.84736982194477,,760.0,24.0,4.2,6.8
FI_00014286,7418,Rautavesi,2023-11-06,61.32881890298074,22.84736982194477,,750.0,18.0,2.7999999999999994,6.7
FI_00014287,7418,Rautavesi,2023-11-06,61.32881890298074,22.84736982194477,,750.0,18.0,2.7999999999999994,6.7
FI_00014288,7418,Rautavesi,2023-11-06,61.32881890298074,22.84736982194477,,750.0,18.0,2.7999999999999994,6.7
FI_00014289,7418,Rautavesi,2023-11-06,61.32881890298074,22.84736982194477,,750.0,18.0,2.7999999999999994,6.7
FI_00014290,7418,Rautavesi,2023-11-06,61.32881890298074,22.84736982194477,,750.0,18.0,2.7999999999999994,6.7
FI_00014291,7418,Rautavesi,2023-11-06,61.32881890298074,22.84736982194477,,750.0,18.0,2.7999999999999994,6.7
FI_00014292,7418,Rautavesi,2023-12-12,61.32881890298074,22.84736982194477,,870.0,18.0,2.3,6.400000000000001
FI_00014293,7418,Rautavesi,2023-12-12,61.32881890298074,22.84736982194477,,870.0,18.0,2.3,6.400000000000001
FI_00014294,7418,Rautavesi,2023-12-12,61.32881890298074,22.84736982194477,,870.0,18.0,2.3,6.400000000000001
FI_00014295,7418,Rautavesi,2023-12-12,61.32881890298074,22.84736982194477,,870.0,18.0,2.3,6.400000000000001
FI_00014296,7418,Rautavesi,2023-12-12,61.32881890298074,22.84736982194477,,870.0,18.0,2.3,6.400000000000001
FI_00014297,7418,Rautavesi,2023-12-12,61.32881890298074,22.84736982194477,,870.0,18.0,2.3,6.400000000000001
FI_00014298,7418,Rautavesi,2024-01-22,61.32881890298074,22.84736982194477,,820.0,19.0,2.6,7.2
FI_00014299,7418,Rautavesi,2024-01-22,61.32881890298074,22.84736982194477,,820.0,19.0,2.6,7.2
FI_00014300,7418,Rautavesi,2024-01-22,61.32881890298074,22.84736982194477,,820.0,19.0,2.6,7.2
FI_00014301,7418,Rautavesi,2024-01-22,61.32881890298074,22.84736982194477,,820.0,19.0,2.6,7.2
FI_00014302,7418,Rautavesi,2024-01-22,61.32881890298074,22.84736982194477,,820.0,19.0,2.6,7.2
FI_00014303,7418,Rautavesi,2024-01-22,61.32881890298074,22.84736982194477,,820.0,19.0,2.6,7.2
FI_00014304,7418,Rautavesi,2024-02-13,61.32881890298074,22.84736982194477,,870.0,18.0,1.7,7.599999999999999
FI_00014305,7418,Rautavesi,2024-02-13,61.32881890298074,22.84736982194477,,870.0,18.0,1.7,7.599999999999999
FI_00014306,7418,Rautavesi,2024-02-13,61.32881890298074,22.84736982194477,,870.0,18.0,1.7,7.599999999999999
FI_00014307,7418,Rautavesi,2024-02-13,61.32881890298074,22.84736982194477,,870.0,18.0,1.7,7.599999999999999
FI_00014308,7418,Rautavesi,2024-02-13,61.32881890298074,22.84736982194477,,870.0,18.0,1.7,7.599999999999999
FI_00014309,7418,Rautavesi,2024-02-13,61.32881890298074,22.84736982194477,,870.0,18.0,1.7,7.599999999999999
FI_00014310,7418,Rautavesi,2024-03-20,61.32881890298074,22.84736982194477,,960.0,22.0,4.1,7.5
FI_00014311,7418,Rautavesi,2024-03-20,61.32881890298074,22.84736982194477,,960.0,22.0,4.1,7.5
FI_00014312,7418,Rautavesi,2024-03-20,61.32881890298074,22.84736982194477,,960.0,22.0,4.1,7.5
FI_00014313,7418,Rautavesi,2024-03-20,61.32881890298074,22.84736982194477,,960.0,22.0,4.1,7.5
FI_00014314,7418,Rautavesi,2024-03-20,61.32881890298074,22.84736982194477,,960.0,22.0,4.1,7.5
FI_00014315,7418,Rautavesi,2024-03-20,61.32881890298074,22.84736982194477,,960.0,22.0,4.1,7.5
FI_00014316,7418,Rautavesi,2024-04-15,61.32881890298074,22.84736982194477,,1000.0,25.0,5.599999999999999,7.5
FI_00014317,7418,Rautavesi,2024-04-15,61.32881890298074,22.84736982194477,,1000.0,25.0,5.599999999999999,7.5
FI_00014318,7418,Rautavesi,2024-04-15,61.32881890298074,22.84736982194477,,1000.0,25.0,5.599999999999999,7.5
FI_00014319,7418,Rautavesi,2024-04-15,61.32881890298074,22.84736982194477,,1000.0,25.0,5.599999999999999,7.5
FI_00014320,7418,Rautavesi,2024-04-15,61.32881890298074,22.84736982194477,,1000.0,25.0,5.599999999999999,7.5
FI_00014321,7418,Rautavesi,2024-04-15,61.32881890298074,22.84736982194477,,1000.0,25.0,5.599999999999999,7.5
FI_00014322,7418,Rautavesi,2024-05-28,61.32881890298074,22.84736982194477,,750.0,22.0,3.8,6.8
FI_00014323,7418,Rautavesi,2024-05-28,61.32881890298074,22.84736982194477,,750.0,22.0,3.8,6.8
FI_00014324,7418,Rautavesi,2024-05-28,61.32881890298074,22.84736982194477,,750.0,22.0,3.8,6.8
FI_00014325,7418,Rautavesi,2024-05-28,61.32881890298074,22.84736982194477,,750.0,22.0,3.8,6.8
FI_00014326,7418,Rautavesi,2024-05-28,61.32881890298074,22.84736982194477,,750.0,22.0,3.8,6.8
FI_00014327,7418,Rautavesi,2024-05-28,61.32881890298074,22.84736982194477,,750.0,22.0,3.8,6.8
FI_00014328,7418,Rautavesi,2024-06-12,61.32881890298074,22.84736982194477,,740.0,21.0,4.4,7.099999999999999
FI_00014329,7418,Rautavesi,2024-06-12,61.32881890298074,22.84736982194477,,740.0,21.0,4.4,7.099999999999999
FI_00014330,7418,Rautavesi,2024-06-12,61.32881890298074,22.84736982194477,,740.0,21.0,4.4,7.099999999999999
FI_00014331,7418,Rautavesi,2024-06-12,61.32881890298074,22.84736982194477,,740.0,21.0,4.4,7.099999999999999
FI_00014332,7418,Rautavesi,2024-06-12,61.32881890298074,22.84736982194477,,740.0,21.0,4.4,7.099999999999999
FI_00014333,7418,Rautavesi,2024-06-12,61.32881890298074,22.84736982194477,,740.0,21.0,4.4,7.099999999999999
FI_00014334,7418,Rautavesi,2024-07-18,61.32881890298074,22.84736982194477,,620.0,23.0,2.9,6.900000000000001
FI_00014335,7418,Rautavesi,2024-07-18,61.32881890298074,22.84736982194477,,620.0,23.0,2.9,6.900000000000001
FI_00014336,7418,Rautavesi,2024-07-18,61.32881890298074,22.84736982194477,,620.0,23.0,2.9,6.900000000000001
FI_00014337,7418,Rautavesi,2024-07-18,61.32881890298074,22.84736982194477,,620.0,23.0,2.9,6.900000000000001
FI_00014338,7418,Rautavesi,2024-07-18,61.32881890298074,22.84736982194477,,620.0,23.0,2.9,6.900000000000001
FI_00014339,7418,Rautavesi,2024-07-18,61.32881890298074,22.84736982194477,,620.0,23.0,2.9,6.900000000000001
FI_00014340,7418,Rautavesi,2024-08-15,61.32881890298074,22.84736982194477,,620.0,21.0,4.9,7.0
FI_00014341,7418,Rautavesi,2024-08-15,61.32881890298074,22.84736982194477,,620.0,21.0,4.9,7.0
FI_00014342,7418,Rautavesi,2024-08-15,61.32881890298074,22.84736982194477,,620.0,21.0,4.9,7.0
FI_00014343,7418,Rautavesi,2024-08-15,61.32881890298074,22.84736982194477,,620.0,21.0,4.9,7.0
FI_00014344,7418,Rautavesi,2024-08-15,61.32881890298074,22.84736982194477,,620.0,21.0,4.9,7.0
FI_00014345,7418,Rautavesi,2024-08-15,61.32881890298074,22.84736982194477,,620.0,21.0,4.9,7.0
FI_00014346,7418,Rautavesi,2024-09-03,61.32881890298074,22.84736982194477,,580.0,20.0,4.4,7.099999999999999
FI_00014347,7418,Rautavesi,2024-09-03,61.32881890298074,22.84736982194477,,580.0,20.0,4.4,7.099999999999999
FI_00014348,7418,Rautavesi,2024-09-03,61.32881890298074,22.84736982194477,,580.0,20.0,4.4,7.099999999999999
FI_00014349,7418,Rautavesi,2024-09-03,61.32881890298074,22.84736982194477,,580.0,20.0,4.4,7.099999999999999
FI_00014350,7418,Rautavesi,2024-09-03,61.32881890298074,22.84736982194477,,580.0,20.0,4.4,7.099999999999999
FI_00014351,7418,Rautavesi,2024-09-03,61.32881890298074,22.84736982194477,,580.0,20.0,4.4,7.099999999999999
FI_00014352,7418,Rautavesi,2024-10-10,61.32881890298074,22.84736982194477,,720.0,20.0,4.2,7.400000000000001
FI_00014353,7418,Rautavesi,2024-10-10,61.32881890298074,22.84736982194477,,720.0,20.0,4.2,7.400000000000001
FI_00014354,7418,Rautavesi,2024-10-10,61.32881890298074,22.84736982194477,,720.0,20.0,4.2,7.400000000000001
FI_00014355,7418,Rautavesi,2024-10-10,61.32881890298074,22.84736982194477,,720.0,20.0,4.2,7.400000000000001
FI_00014356,7418,Rautavesi,2024-10-10,61.32881890298074,22.84736982194477,,720.0,20.0,4.2,7.400000000000001
FI_00014357,7418,Rautavesi,2024-10-10,61.32881890298074,22.84736982194477,,720.0,20.0,4.2,7.400000000000001
FI_00014358,7418,Rautavesi,2024-11-13,61.32881890298074,22.84736982194477,,780.0,23.0,2.9,7.599999999999999
FI_00014359,7418,Rautavesi,2024-11-13,61.32881890298074,22.84736982194477,,780.0,23.0,2.9,7.599999999999999
FI_00014360,7418,Rautavesi,2024-11-13,61.32881890298074,22.84736982194477,,780.0,23.0,2.9,7.599999999999999
FI_00014361,7418,Rautavesi,2024-11-13,61.32881890298074,22.84736982194477,,780.0,23.0,2.9,7.599999999999999
FI_00014362,7418,Rautavesi,2024-11-13,61.32881890298074,22.84736982194477,,780.0,23.0,2.9,7.599999999999999
FI_00014363,7418,Rautavesi,2024-11-13,61.32881890298074,22.84736982194477,,780.0,23.0,2.9,7.599999999999999
FI_00014364,7418,Rautavesi,2024-12-09,61.32881890298074,22.84736982194477,,960.0,30.0,5.0,7.8
FI_00014365,7418,Rautavesi,2024-12-09,61.32881890298074,22.84736982194477,,960.0,30.0,5.0,7.8
FI_00014366,7418,Rautavesi,2024-12-09,61.32881890298074,22.84736982194477,,960.0,30.0,5.0,7.8
FI_00014367,7418,Rautavesi,2024-12-09,61.32881890298074,22.84736982194477,,960.0,30.0,5.0,7.8
FI_00014368,7418,Rautavesi,2024-12-09,61.32881890298074,22.84736982194477,,960.0,30.0,5.0,7.8
FI_00014369,7418,Rautavesi,2024-12-09,61.32881890298074,22.84736982194477,,960.0,30.0,5.0,7.8
FI_00014874,7913,Uurtaanjärvi,2023-03-14,61.00505834006466,23.82925000281645,,1200.0,56.0,8.7,10.0
FI_00014875,7913,Uurtaanjärvi,2023-03-14,61.00505834006466,23.82925000281645,,1200.0,56.0,8.7,10.0
FI_00014876,7913,Uurtaanjärvi,2023-03-14,61.00505834006466,23.82925000281645,,1200.0,56.0,8.7,10.0
FI_00014877,7913,Uurtaanjärvi,2023-03-14,61.00505834006466,23.82925000281645,,1200.0,56.0,8.7,10.0
FI_00014878,7913,Uurtaanjärvi,2023-03-14,61.00505834006466,23.82925000281645,,1200.0,56.0,8.7,10.0
FI_00014879,7913,Uurtaanjärvi,2023-03-14,61.00505834006466,23.82925000281645,,1200.0,56.0,8.7,10.0
FI_00014880,7913,Uurtaanjärvi,2023-08-22,61.00505834006466,23.82925000281645,6.7,720.0,52.0,1.8,6.8
FI_00014881,7913,Uurtaanjärvi,2023-08-22,61.00505834006466,23.82925000281645,6.7,720.0,52.0,1.8,6.8
FI_00014882,7913,Uurtaanjärvi,2023-08-22,61.00505834006466,23.82925000281645,6.7,720.0,52.0,1.8,6.8
FI_00014883,7913,Uurtaanjärvi,2023-08-22,61.00505834006466,23.82925000281645,6.7,720.0,52.0,1.8,6.8
FI_00014884,7913,Uurtaanjärvi,2023-08-22,61.00505834006466,23.82925000281645,6.7,720.0,52.0,1.8,6.8
FI_00014885,7913,Uurtaanjärvi,2023-08-22,61.00505834006466,23.82925000281645,6.7,720.0,52.0,1.8,6.8
FI_00014886,7913,Uurtaanjärvi,2023-10-11,61.00505834006466,23.82925000281645,5.900000000000001,700.0,38.0,3.5,6.8
FI_00014887,7913,Uurtaanjärvi,2023-10-11,61.00505834006466,23.82925000281645,5.900000000000001,700.0,38.0,3.5,6.8
FI_00014888,7913,Uurtaanjärvi,2023-10-11,61.00505834006466,23.82925000281645,5.900000000000001,700.0,38.0,3.5,6.8
FI_00014889,7913,Uurtaanjärvi,2023-10-11,61.00505834006466,23.82925000281645,5.900000000000001,700.0,38.0,3.5,6.8
FI_00014890,7913,Uurtaanjärvi,2023-10-11,61.00505834006466,23.82925000281645,5.900000000000001,700.0,38.0,3.5,6.8
FI_00014891,7913,Uurtaanjärvi,2023-10-11,61.00505834006466,23.82925000281645,5.900000000000001,700.0,38.0,3.5,6.8
FI_00014892,7913,Uurtaanjärvi,2024-03-13,61.00505834006466,23.82925000281645,,1100.0,46.0,3.0,10.0
FI_00014893,7913,Uurtaanjärvi,2024-03-13,61.00505834006466,23.82925000281645,,1100.0,46.0,3.0,10.0
FI_00014894,7913,Uurtaanjärvi,2024-03-13,61.00505834006466,23.82925000281645,,1100.0,46.0,3.0,10.0
FI_00014895,7913,Uurtaanjärvi,2024-03-13,61.00505834006466,23.82925000281645,,1100.0,46.0,3.0,10.0
FI_00014896,7913,Uurtaanjärvi,2024-03-13,61.00505834006466,23.82925000281645,,1100.0,46.0,3.0,10.0
FI_00014897,7913,Uurtaanjärvi,2024-03-13,61.00505834006466,23.82925000281645,,1100.0,46.0,3.0,10.0
FI_00014898,7913,Uurtaanjärvi,2024-08-13,61.00505834006466,23.82925000281645,7.8,760.0,55.0,2.4,5.900000000000001
FI_00014899,7913,Uurtaanjärvi,2024-08-13,61.00505834006466,23.82925000281645,7.8,760.0,55.0,2.4,5.900000000000001
FI_00014900,7913,Uurtaanjärvi,2024-08-13,61.00505834006466,23.82925000281645,7.8,760.0,55.0,2.4,5.900000000000001
FI_00014901,7913,Uurtaanjärvi,2024-08-13,61.00505834006466,23.82925000281645,7.8,760.0,55.0,2.4,5.900000000000001
FI_00014902,7913,Uurtaanjärvi,2024-08-13,61.00505834006466,23.82925000281645,7.8,760.0,55.0,2.4,5.900000000000001
FI_00014903,7913,Uurtaanjärvi,2024-08-13,61.00505834006466,23.82925000281645,7.8,760.0,55.0,2.4,5.900000000000001
FI_00014904,7913,Uurtaanjärvi,2024-10-30,61.00505834006466,23.82925000281645,3.2999999999999994,850.0,43.0,3.6,6.3
FI_00014905,7913,Uurtaanjärvi,2024-10-30,61.00505834006466,23.82925000281645,3.2999999999999994,850.0,43.0,3.6,6.3
FI_00014906,7913,Uurtaanjärvi,2024-10-30,61.00505834006466,23.82925000281645,3.2999999999999994,850.0,43.0,3.6,6.3
FI_00014907,7913,Uurtaanjärvi,2024-10-30,61.00505834006466,23.82925000281645,3.2999999999999994,850.0,43.0,3.6,6.3
FI_00014908,7913,Uurtaanjärvi,2024-10-30,61.00505834006466,23.82925000281645,3.2999999999999994,850.0,43.0,3.6,6.3
FI_00014909,7913,Uurtaanjärvi,2024-10-30,61.00505834006466,23.82925000281645,3.2999999999999994,850.0,43.0,3.6,6.3
FI_00014946,8007,8007,2023-01-18,61.50363270742656,23.75740009805748,,520.0,5.15,0.5,4.45
FI_00014947,8007,8007,2023-01-18,61.50363270742656,23.75740009805748,,520.0,5.15,0.5,4.45
FI_00014948,8007,8007,2023-01-18,61.50363270742656,23.75740009805748,,520.0,5.15,0.5,4.45
FI_00014949,8007,8007,2023-01-18,61.50363270742656,23.75740009805748,,520.0,5.15,0.5,4.45
FI_00014950,8007,8007,2023-01-18,61.50363270742656,23.75740009805748,,520.0,5.15,0.5,4.45
FI_00014951,8007,8007,2023-01-18,61.50363270742656,23.75740009805748,,520.0,5.15,0.5,4.45
FI_00014952,8007,8007,2023-02-06,61.50363270742656,23.75740009805748,,490.0,5.5,0.3,4.4
FI_00014953,8007,8007,2023-02-06,61.50363270742656,23.75740009805748,,490.0,5.5,0.3,4.4
FI_00014954,8007,8007,2023-02-06,61.50363270742656,23.75740009805748,,490.0,5.5,0.3,4.4
FI_00014955,8007,8007,2023-02-06,61.50363270742656,23.75740009805748,,490.0,5.5,0.3,4.4
FI_00014956,8007,8007,2023-02-06,61.50363270742656,23.75740009805748,,490.0,5.5,0.3,4.4
FI_00014957,8007,8007,2023-02-06,61.50363270742656,23.75740009805748,,490.0,5.5,0.3,4.4
FI_00014958,8007,8007,2023-03-13,61.50363270742656,23.75740009805748,,495.0,5.6000000000000005,0.25,4.45
FI_00014959,8007,8007,2023-03-13,61.50363270742656,23.75740009805748,,495.0,5.6000000000000005,0.25,4.45
FI_00014960,8007,8007,2023-03-13,61.50363270742656,23.75740009805748,,495.0,5.6000000000000005,0.25,4.45
FI_00014961,8007,8007,2023-03-13,61.50363270742656,23.75740009805748,,495.0,5.6000000000000005,0.25,4.45
FI_00014962,8007,8007,2023-03-13,61.50363270742656,23.75740009805748,,495.0,5.6000000000000005,0.25,4.45
FI_00014963,8007,8007,2023-03-13,61.50363270742656,23.75740009805748,,495.0,5.6000000000000005,0.25,4.45
FI_00014964,8007,8007,2023-04-04,61.50363270742656,23.75740009805748,,470.0,6.3,0.24,4.3
FI_00014965,8007,8007,2023-04-04,61.50363270742656,23.75740009805748,,470.0,6.3,0.24,4.3
FI_00014966,8007,8007,2023-04-04,61.50363270742656,23.75740009805748,,470.0,6.3,0.24,4.3
FI_00014967,8007,8007,2023-04-04,61.50363270742656,23.75740009805748,,470.0,6.3,0.24,4.3
FI_00014968,8007,8007,2023-04-04,61.50363270742656,23.75740009805748,,470.0,6.3,0.24,4.3
FI_00014969,8007,8007,2023-04-04,61.50363270742656,23.75740009805748,,470.0,6.3,0.24,4.3
FI_00014970,8007,8007,2023-04-18,61.50363270742656,23.75740009805748,,550.0,5.7,0.28,4.6
FI_00014971,8007,8007,2023-04-18,61.50363270742656,23.75740009805748,,550.0,5.7,0.28,4.6
FI_00014972,8007,8007,2023-04-18,61.50363270742656,23.75740009805748,,550.0,5.7,0.28,4.6
FI_00014973,8007,8007,2023-04-18,61.50363270742656,23.75740009805748,,550.0,5.7,0.28,4.6
FI_00014974,8007,8007,2023-04-18,61.50363270742656,23.75740009805748,,550.0,5.7,0.28,4.6
FI_00014975,8007,8007,2023-04-18,61.50363270742656,23.75740009805748,,550.0,5.7,0.28,4.6
FI_00014976,8007,8007,2023-05-11,61.50363270742656,23.75740009805748,,550.0,6.900000000000001,0.46,4.4
FI_00014977,8007,8007,2023-05-11,61.50363270742656,23.75740009805748,,550.0,6.900000000000001,0.46,4.4
FI_00014978,8007,8007,2023-05-11,61.50363270742656,23.75740009805748,,550.0,6.900000000000001,0.46,4.4
FI_00014979,8007,8007,2023-05-11,61.50363270742656,23.75740009805748,,550.0,6.900000000000001,0.46,4.4
FI_00014980,8007,8007,2023-05-11,61.50363270742656,23.75740009805748,,550.0,6.900000000000001,0.46,4.4
FI_00014981,8007,8007,2023-05-11,61.50363270742656,23.75740009805748,,550.0,6.900000000000001,0.46,4.4
FI_00014982,8007,8007,2023-05-12,61.50363270742656,23.75740009805748,,490.0,5.599999999999999,0.5,4.4
FI_00014983,8007,8007,2023-05-12,61.50363270742656,23.75740009805748,,490.0,5.599999999999999,0.5,4.4
FI_00014984,8007,8007,2023-05-12,61.50363270742656,23.75740009805748,,490.0,5.599999999999999,0.5,4.4
FI_00014985,8007,8007,2023-05-12,61.50363270742656,23.75740009805748,,490.0,5.599999999999999,0.5,4.4
FI_00014986,8007,8007,2023-05-12,61.50363270742656,23.75740009805748,,490.0,5.599999999999999,0.5,4.4
FI_00014987,8007,8007,2023-05-12,61.50363270742656,23.75740009805748,,490.0,5.599999999999999,0.5,4.4
FI_00014988,8007,8007,2023-05-29,61.50363270742656,23.75740009805748,,510.0,7.099999999999999,0.56,4.3
FI_00014989,8007,8007,2023-05-29,61.50363270742656,23.75740009805748,,510.0,7.099999999999999,0.56,4.3
FI_00014990,8007,8007,2023-05-29,61.50363270742656,23.75740009805748,,510.0,7.099999999999999,0.56,4.3
FI_00014991,8007,8007,2023-05-29,61.50363270742656,23.75740009805748,,510.0,7.099999999999999,0.56,4.3
FI_00014992,8007,8007,2023-05-29,61.50363270742656,23.75740009805748,,510.0,7.099999999999999,0.56,4.3
FI_00014993,8007,8007,2023-05-29,61.50363270742656,23.75740009805748,,510.0,7.099999999999999,0.56,4.3
FI_00014994,8007,8007,2023-06-12,61.50363270742656,23.75740009805748,,480.0,8.8,0.64,4.4
FI_00014995,8007,8007,2023-06-12,61.50363270742656,23.75740009805748,,480.0,8.8,0.64,4.4
FI_00014996,8007,8007,2023-06-12,61.50363270742656,23.75740009805748,,480.0,8.8,0.64,4.4
FI_00014997,8007,8007,2023-06-12,61.50363270742656,23.75740009805748,,480.0,8.8,0.64,4.4
FI_00014998,8007,8007,2023-06-12,61.50363270742656,23.75740009805748,,480.0,8.8,0.64,4.4
FI_00014999,8007,8007,2023-06-12,61.50363270742656,23.75740009805748,,480.0,8.8,0.64,4.4
FI_00015000,8007,8007,2023-06-19,61.50363270742656,23.75740009805748,,480.0,6.400000000000001,0.52,4.5
FI_00015001,8007,8007,2023-06-19,61.50363270742656,23.75740009805748,,480.0,6.400000000000001,0.52,4.5
FI_00015002,8007,8007,2023-06-19,61.50363270742656,23.75740009805748,,480.0,6.400000000000001,0.52,4.5
FI_00015003,8007,8007,2023-06-19,61.50363270742656,23.75740009805748,,480.0,6.400000000000001,0.52,4.5
FI_00015004,8007,8007,2023-06-19,61.50363270742656,23.75740009805748,,480.0,6.400000000000001,0.52,4.5
FI_00015005,8007,8007,2023-06-19,61.50363270742656,23.75740009805748,,480.0,6.400000000000001,0.52,4.5
FI_00015006,8007,8007,2023-07-03,61.50363270742656,23.75740009805748,,480.0,8.5,0.87,4.5
FI_00015007,8007,8007,2023-07-03,61.50363270742656,23.75740009805748,,480.0,8.5,0.87,4.5
FI_00015008,8007,8007,2023-07-03,61.50363270742656,23.75740009805748,,480.0,8.5,0.87,4.5
FI_00015009,8007,8007,2023-07-03,61.50363270742656,23.75740009805748,,480.0,8.5,0.87,4.5
FI_00015010,8007,8007,2023-07-03,61.50363270742656,23.75740009805748,,480.0,8.5,0.87,4.5
FI_00015011,8007,8007,2023-07-03,61.50363270742656,23.75740009805748,,480.0,8.5,0.87,4.5
FI_00015012,8007,8007,2023-07-20,61.50363270742656,23.75740009805748,,430.0,7.099999999999999,0.65,4.2
FI_00015013,8007,8007,2023-07-20,61.50363270742656,23.75740009805748,,430.0,7.099999999999999,0.65,4.2
FI_00015014,8007,8007,2023-07-20,61.50363270742656,23.75740009805748,,430.0,7.099999999999999,0.65,4.2
FI_00015015,8007,8007,2023-07-20,61.50363270742656,23.75740009805748,,430.0,7.099999999999999,0.65,4.2
FI_00015016,8007,8007,2023-07-20,61.50363270742656,23.75740009805748,,430.0,7.099999999999999,0.65,4.2
FI_00015017,8007,8007,2023-07-20,61.50363270742656,23.75740009805748,,430.0,7.099999999999999,0.65,4.2
FI_00015018,8007,8007,2023-08-09,61.50363270742656,23.75740009805748,,490.0,8.5,0.54,4.4
FI_00015019,8007,8007,2023-08-09,61.50363270742656,23.75740009805748,,490.0,8.5,0.54,4.4
FI_00015020,8007,8007,2023-08-09,61.50363270742656,23.75740009805748,,490.0,8.5,0.54,4.4
FI_00015021,8007,8007,2023-08-09,61.50363270742656,23.75740009805748,,490.0,8.5,0.54,4.4
FI_00015022,8007,8007,2023-08-09,61.50363270742656,23.75740009805748,,490.0,8.5,0.54,4.4
FI_00015023,8007,8007,2023-08-09,61.50363270742656,23.75740009805748,,490.0,8.5,0.54,4.4
FI_00015024,8007,8007,2023-08-22,61.50363270742656,23.75740009805748,,440.0,6.599999999999999,0.65,4.4
FI_00015025,8007,8007,2023-08-22,61.50363270742656,23.75740009805748,,440.0,6.599999999999999,0.65,4.4
FI_00015026,8007,8007,2023-08-22,61.50363270742656,23.75740009805748,,440.0,6.599999999999999,0.65,4.4
FI_00015027,8007,8007,2023-08-22,61.50363270742656,23.75740009805748,,440.0,6.599999999999999,0.65,4.4
FI_00015028,8007,8007,2023-08-22,61.50363270742656,23.75740009805748,,440.0,6.599999999999999,0.65,4.4
FI_00015029,8007,8007,2023-08-22,61.50363270742656,23.75740009805748,,440.0,6.599999999999999,0.65,4.4
FI_00015030,8007,8007,2023-09-07,61.50363270742656,23.75740009805748,,460.0,6.900000000000001,0.77,4.5
FI_00015031,8007,8007,2023-09-07,61.50363270742656,23.75740009805748,,460.0,6.900000000000001,0.77,4.5
FI_00015032,8007,8007,2023-09-07,61.50363270742656,23.75740009805748,,460.0,6.900000000000001,0.77,4.5
FI_00015033,8007,8007,2023-09-07,61.50363270742656,23.75740009805748,,460.0,6.900000000000001,0.77,4.5
FI_00015034,8007,8007,2023-09-07,61.50363270742656,23.75740009805748,,460.0,6.900000000000001,0.77,4.5
FI_00015035,8007,8007,2023-09-07,61.50363270742656,23.75740009805748,,460.0,6.900000000000001,0.77,4.5
FI_00015036,8007,8007,2023-09-18,61.50363270742656,23.75740009805748,,450.0,9.1,0.68,4.3
FI_00015037,8007,8007,2023-09-18,61.50363270742656,23.75740009805748,,450.0,9.1,0.68,4.3
FI_00015038,8007,8007,2023-09-18,61.50363270742656,23.75740009805748,,450.0,9.1,0.68,4.3
FI_00015039,8007,8007,2023-09-18,61.50363270742656,23.75740009805748,,450.0,9.1,0.68,4.3
FI_00015040,8007,8007,2023-09-18,61.50363270742656,23.75740009805748,,450.0,9.1,0.68,4.3
FI_00015041,8007,8007,2023-09-18,61.50363270742656,23.75740009805748,,450.0,9.1,0.68,4.3
FI_00015042,8007,8007,2023-10-02,61.50363270742656,23.75740009805748,,470.0,6.2,0.46,4.4
FI_00015043,8007,8007,2023-10-02,61.50363270742656,23.75740009805748,,470.0,6.2,0.46,4.4
FI_00015044,8007,8007,2023-10-02,61.50363270742656,23.75740009805748,,470.0,6.2,0.46,4.4
FI_00015045,8007,8007,2023-10-02,61.50363270742656,23.75740009805748,,470.0,6.2,0.46,4.4
FI_00015046,8007,8007,2023-10-02,61.50363270742656,23.75740009805748,,470.0,6.2,0.46,4.4
FI_00015047,8007,8007,2023-10-02,61.50363270742656,23.75740009805748,,470.0,6.2,0.46,4.4
FI_00015048,8007,8007,2023-10-26,61.50363270742656,23.75740009805748,,470.0,6.099999999999999,0.6,4.3
FI_00015049,8007,8007,2023-10-26,61.50363270742656,23.75740009805748,,470.0,6.099999999999999,0.6,4.3
FI_00015050,8007,8007,2023-10-26,61.50363270742656,23.75740009805748,,470.0,6.099999999999999,0.6,4.3
FI_00015051,8007,8007,2023-10-26,61.50363270742656,23.75740009805748,,470.0,6.099999999999999,0.6,4.3
FI_00015052,8007,8007,2023-10-26,61.50363270742656,23.75740009805748,,470.0,6.099999999999999,0.6,4.3
FI_00015053,8007,8007,2023-10-26,61.50363270742656,23.75740009805748,,470.0,6.099999999999999,0.6,4.3
FI_00015054,8007,8007,2023-11-07,61.50363270742656,23.75740009805748,,470.0,6.099999999999999,0.8000000000000002,4.3
FI_00015055,8007,8007,2023-11-07,61.50363270742656,23.75740009805748,,470.0,6.099999999999999,0.8000000000000002,4.3
FI_00015056,8007,8007,2023-11-07,61.50363270742656,23.75740009805748,,470.0,6.099999999999999,0.8000000000000002,4.3
FI_00015057,8007,8007,2023-11-07,61.50363270742656,23.75740009805748,,470.0,6.099999999999999,0.8000000000000002,4.3
FI_00015058,8007,8007,2023-11-07,61.50363270742656,23.75740009805748,,470.0,6.099999999999999,0.8000000000000002,4.3
FI_00015059,8007,8007,2023-11-07,61.50363270742656,23.75740009805748,,470.0,6.099999999999999,0.8000000000000002,4.3
FI_00015060,8007,8007,2023-11-08,61.50363270742656,23.75740009805748,,500.0,6.8,0.63,4.4
FI_00015061,8007,8007,2023-11-08,61.50363270742656,23.75740009805748,,500.0,6.8,0.63,4.4
FI_00015062,8007,8007,2023-11-08,61.50363270742656,23.75740009805748,,500.0,6.8,0.63,4.4
FI_00015063,8007,8007,2023-11-08,61.50363270742656,23.75740009805748,,500.0,6.8,0.63,4.4
FI_00015064,8007,8007,2023-11-08,61.50363270742656,23.75740009805748,,500.0,6.8,0.63,4.4
FI_00015065,8007,8007,2023-11-08,61.50363270742656,23.75740009805748,,500.0,6.8,0.63,4.4
FI_00015066,8007,8007,2023-12-11,61.50363270742656,23.75740009805748,,460.0,5.5,0.56,4.2
FI_00015067,8007,8007,2023-12-11,61.50363270742656,23.75740009805748,,460.0,5.5,0.56,4.2
FI_00015068,8007,8007,2023-12-11,61.50363270742656,23.75740009805748,,460.0,5.5,0.56,4.2
FI_00015069,8007,8007,2023-12-11,61.50363270742656,23.75740009805748,,460.0,5.5,0.56,4.2
FI_00015070,8007,8007,2023-12-11,61.50363270742656,23.75740009805748,,460.0,5.5,0.56,4.2
FI_00015071,8007,8007,2023-12-11,61.50363270742656,23.75740009805748,,460.0,5.5,0.56,4.2
FI_00015072,8007,8007,2023-12-13,61.50363270742656,23.75740009805748,,450.0,9.9,0.53,4.5
FI_00015073,8007,8007,2023-12-13,61.50363270742656,23.75740009805748,,450.0,9.9,0.53,4.5
FI_00015074,8007,8007,2023-12-13,61.50363270742656,23.75740009805748,,450.0,9.9,0.53,4.5
FI_00015075,8007,8007,2023-12-13,61.50363270742656,23.75740009805748,,450.0,9.9,0.53,4.5
FI_00015076,8007,8007,2023-12-13,61.50363270742656,23.75740009805748,,450.0,9.9,0.53,4.5
FI_00015077,8007,8007,2023-12-13,61.50363270742656,23.75740009805748,,450.0,9.9,0.53,4.5
FI_00015078,8007,8007,2024-01-22,61.50363270742656,23.75740009805748,,540.0,7.2,4.9,4.5
FI_00015079,8007,8007,2024-01-22,61.50363270742656,23.75740009805748,,540.0,7.2,4.9,4.5
FI_00015080,8007,8007,2024-01-22,61.50363270742656,23.75740009805748,,540.0,7.2,4.9,4.5
FI_00015081,8007,8007,2024-01-22,61.50363270742656,23.75740009805748,,540.0,7.2,4.9,4.5
FI_00015082,8007,8007,2024-01-22,61.50363270742656,23.75740009805748,,540.0,7.2,4.9,4.5
FI_00015083,8007,8007,2024-01-22,61.50363270742656,23.75740009805748,,540.0,7.2,4.9,4.5
FI_00015084,8007,8007,2024-01-23,61.50363270742656,23.75740009805748,,530.0,7.8,0.47,4.5
FI_00015085,8007,8007,2024-01-23,61.50363270742656,23.75740009805748,,530.0,7.8,0.47,4.5
FI_00015086,8007,8007,2024-01-23,61.50363270742656,23.75740009805748,,530.0,7.8,0.47,4.5
FI_00015087,8007,8007,2024-01-23,61.50363270742656,23.75740009805748,,530.0,7.8,0.47,4.5
FI_00015088,8007,8007,2024-01-23,61.50363270742656,23.75740009805748,,530.0,7.8,0.47,4.5
FI_00015089,8007,8007,2024-01-23,61.50363270742656,23.75740009805748,,530.0,7.8,0.47,4.5
FI_00015090,8007,8007,2024-02-13,61.50363270742656,23.75740009805748,,510.0,5.7,0.28,4.5
FI_00015091,8007,8007,2024-02-13,61.50363270742656,23.75740009805748,,510.0,5.7,0.28,4.5
FI_00015092,8007,8007,2024-02-13,61.50363270742656,23.75740009805748,,510.0,5.7,0.28,4.5
FI_00015093,8007,8007,2024-02-13,61.50363270742656,23.75740009805748,,510.0,5.7,0.28,4.5
FI_00015094,8007,8007,2024-02-13,61.50363270742656,23.75740009805748,,510.0,5.7,0.28,4.5
FI_00015095,8007,8007,2024-02-13,61.50363270742656,23.75740009805748,,510.0,5.7,0.28,4.5
FI_00015096,8007,8007,2024-02-14,61.50363270742656,23.75740009805748,,520.0,5.900000000000001,0.29,4.4
FI_00015097,8007,8007,2024-02-14,61.50363270742656,23.75740009805748,,520.0,5.900000000000001,0.29,4.4
FI_00015098,8007,8007,2024-02-14,61.50363270742656,23.75740009805748,,520.0,5.900000000000001,0.29,4.4
FI_00015099,8007,8007,2024-02-14,61.50363270742656,23.75740009805748,,520.0,5.900000000000001,0.29,4.4
FI_00015100,8007,8007,2024-02-14,61.50363270742656,23.75740009805748,,520.0,5.900000000000001,0.29,4.4
FI_00015101,8007,8007,2024-02-14,61.50363270742656,23.75740009805748,,520.0,5.900000000000001,0.29,4.4
FI_00015102,8007,8007,2024-03-13,61.50363270742656,23.75740009805748,,490.0,7.5,0.3699999999999999,4.4
FI_00015103,8007,8007,2024-03-13,61.50363270742656,23.75740009805748,,490.0,7.5,0.3699999999999999,4.4
FI_00015104,8007,8007,2024-03-13,61.50363270742656,23.75740009805748,,490.0,7.5,0.3699999999999999,4.4
FI_00015105,8007,8007,2024-03-13,61.50363270742656,23.75740009805748,,490.0,7.5,0.3699999999999999,4.4
FI_00015106,8007,8007,2024-03-13,61.50363270742656,23.75740009805748,,490.0,7.5,0.3699999999999999,4.4
FI_00015107,8007,8007,2024-03-13,61.50363270742656,23.75740009805748,,490.0,7.5,0.3699999999999999,4.4
FI_00015108,8007,8007,2024-03-14,61.50363270742656,23.75740009805748,,500.0,7.0,0.41,4.5
FI_00015109,8007,8007,2024-03-14,61.50363270742656,23.75740009805748,,500.0,7.0,0.41,4.5
FI_00015110,8007,8007,2024-03-14,61.50363270742656,23.75740009805748,,500.0,7.0,0.41,4.5
FI_00015111,8007,8007,2024-03-14,61.50363270742656,23.75740009805748,,500.0,7.0,0.41,4.5
FI_00015112,8007,8007,2024-03-14,61.50363270742656,23.75740009805748,,500.0,7.0,0.41,4.5
FI_00015113,8007,8007,2024-03-14,61.50363270742656,23.75740009805748,,500.0,7.0,0.41,4.5
FI_00015114,8007,8007,2024-04-16,61.50363270742656,23.75740009805748,,510.0,6.2,0.53,4.4
FI_00015115,8007,8007,2024-04-16,61.50363270742656,23.75740009805748,,510.0,6.2,0.53,4.4
FI_00015116,8007,8007,2024-04-16,61.50363270742656,23.75740009805748,,510.0,6.2,0.53,4.4
FI_00015117,8007,8007,2024-04-16,61.50363270742656,23.75740009805748,,510.0,6.2,0.53,4.4
FI_00015118,8007,8007,2024-04-16,61.50363270742656,23.75740009805748,,510.0,6.2,0.53,4.4
FI_00015119,8007,8007,2024-04-16,61.50363270742656,23.75740009805748,,510.0,6.2,0.53,4.4
FI_00015120,8007,8007,2024-04-18,61.50363270742656,23.75740009805748,,500.0,8.7,0.4000000000000001,4.4
FI_00015121,8007,8007,2024-04-18,61.50363270742656,23.75740009805748,,500.0,8.7,0.4000000000000001,4.4
FI_00015122,8007,8007,2024-04-18,61.50363270742656,23.75740009805748,,500.0,8.7,0.4000000000000001,4.4
FI_00015123,8007,8007,2024-04-18,61.50363270742656,23.75740009805748,,500.0,8.7,0.4000000000000001,4.4
FI_00015124,8007,8007,2024-04-18,61.50363270742656,23.75740009805748,,500.0,8.7,0.4000000000000001,4.4
FI_00015125,8007,8007,2024-04-18,61.50363270742656,23.75740009805748,,500.0,8.7,0.4000000000000001,4.4
FI_00015126,8007,8007,2024-05-16,61.50363270742656,23.75740009805748,,460.0,7.599999999999999,0.66,4.3
FI_00015127,8007,8007,2024-05-16,61.50363270742656,23.75740009805748,,460.0,7.599999999999999,0.66,4.3
FI_00015128,8007,8007,2024-05-16,61.50363270742656,23.75740009805748,,460.0,7.599999999999999,0.66,4.3
FI_00015129,8007,8007,2024-05-16,61.50363270742656,23.75740009805748,,460.0,7.599999999999999,0.66,4.3
FI_00015130,8007,8007,2024-05-16,61.50363270742656,23.75740009805748,,460.0,7.599999999999999,0.66,4.3
FI_00015131,8007,8007,2024-05-16,61.50363270742656,23.75740009805748,,460.0,7.599999999999999,0.66,4.3
FI_00015132,8007,8007,2024-05-27,61.50363270742656,23.75740009805748,,530.0,10.0,1.5,4.5
FI_00015133,8007,8007,2024-05-27,61.50363270742656,23.75740009805748,,530.0,10.0,1.5,4.5
FI_00015134,8007,8007,2024-05-27,61.50363270742656,23.75740009805748,,530.0,10.0,1.5,4.5
FI_00015135,8007,8007,2024-05-27,61.50363270742656,23.75740009805748,,530.0,10.0,1.5,4.5
FI_00015136,8007,8007,2024-05-27,61.50363270742656,23.75740009805748,,530.0,10.0,1.5,4.5
FI_00015137,8007,8007,2024-05-27,61.50363270742656,23.75740009805748,,530.0,10.0,1.5,4.5
FI_00015138,8007,8007,2024-06-03,61.50363270742656,23.75740009805748,,490.0,7.599999999999999,0.75,4.5
FI_00015139,8007,8007,2024-06-03,61.50363270742656,23.75740009805748,,490.0,7.599999999999999,0.75,4.5
FI_00015140,8007,8007,2024-06-03,61.50363270742656,23.75740009805748,,490.0,7.599999999999999,0.75,4.5
FI_00015141,8007,8007,2024-06-03,61.50363270742656,23.75740009805748,,490.0,7.599999999999999,0.75,4.5
FI_00015142,8007,8007,2024-06-03,61.50363270742656,23.75740009805748,,490.0,7.599999999999999,0.75,4.5
FI_00015143,8007,8007,2024-06-03,61.50363270742656,23.75740009805748,,490.0,7.599999999999999,0.75,4.5
FI_00015144,8007,8007,2024-06-12,61.50363270742656,23.75740009805748,,490.0,6.900000000000001,0.73,4.3
FI_00015145,8007,8007,2024-06-12,61.50363270742656,23.75740009805748,,490.0,6.900000000000001,0.73,4.3
FI_00015146,8007,8007,2024-06-12,61.50363270742656,23.75740009805748,,490.0,6.900000000000001,0.73,4.3
FI_00015147,8007,8007,2024-06-12,61.50363270742656,23.75740009805748,,490.0,6.900000000000001,0.73,4.3
FI_00015148,8007,8007,2024-06-12,61.50363270742656,23.75740009805748,,490.0,6.900000000000001,0.73,4.3
FI_00015149,8007,8007,2024-06-12,61.50363270742656,23.75740009805748,,490.0,6.900000000000001,0.73,4.3
FI_00015150,8007,8007,2024-07-18,61.50363270742656,23.75740009805748,,500.0,7.7,0.7799999999999999,4.4
FI_00015151,8007,8007,2024-07-18,61.50363270742656,23.75740009805748,,500.0,7.7,0.7799999999999999,4.4
FI_00015152,8007,8007,2024-07-18,61.50363270742656,23.75740009805748,,500.0,7.7,0.7799999999999999,4.4
FI_00015153,8007,8007,2024-07-18,61.50363270742656,23.75740009805748,,500.0,7.7,0.7799999999999999,4.4
FI_00015154,8007,8007,2024-07-18,61.50363270742656,23.75740009805748,,500.0,7.7,0.7799999999999999,4.4
FI_00015155,8007,8007,2024-07-18,61.50363270742656,23.75740009805748,,500.0,7.7,0.7799999999999999,4.4
FI_00015156,8007,8007,2024-07-19,61.50363270742656,23.75740009805748,,470.0,15.0,0.9499999999999998,4.3
FI_00015157,8007,8007,2024-07-19,61.50363270742656,23.75740009805748,,470.0,15.0,0.9499999999999998,4.3
FI_00015158,8007,8007,2024-07-19,61.50363270742656,23.75740009805748,,470.0,15.0,0.9499999999999998,4.3
FI_00015159,8007,8007,2024-07-19,61.50363270742656,23.75740009805748,,470.0,15.0,0.9499999999999998,4.3
FI_00015160,8007,8007,2024-07-19,61.50363270742656,23.75740009805748,,470.0,15.0,0.9499999999999998,4.3
FI_00015161,8007,8007,2024-07-19,61.50363270742656,23.75740009805748,,470.0,15.0,0.9499999999999998,4.3
FI_00015162,8007,8007,2024-08-08,61.50363270742656,23.75740009805748,,490.0,9.3,0.73,4.2
FI_00015163,8007,8007,2024-08-08,61.50363270742656,23.75740009805748,,490.0,9.3,0.73,4.2
FI_00015164,8007,8007,2024-08-08,61.50363270742656,23.75740009805748,,490.0,9.3,0.73,4.2
FI_00015165,8007,8007,2024-08-08,61.50363270742656,23.75740009805748,,490.0,9.3,0.73,4.2
FI_00015166,8007,8007,2024-08-08,61.50363270742656,23.75740009805748,,490.0,9.3,0.73,4.2
FI_00015167,8007,8007,2024-08-08,61.50363270742656,23.75740009805748,,490.0,9.3,0.73,4.2
FI_00015168,8007,8007,2024-08-12,61.50363270742656,23.75740009805748,,500.0,8.7,0.7200000000000001,4.3
FI_00015169,8007,8007,2024-08-12,61.50363270742656,23.75740009805748,,500.0,8.7,0.7200000000000001,4.3
FI_00015170,8007,8007,2024-08-12,61.50363270742656,23.75740009805748,,500.0,8.7,0.7200000000000001,4.3
FI_00015171,8007,8007,2024-08-12,61.50363270742656,23.75740009805748,,500.0,8.7,0.7200000000000001,4.3
FI_00015172,8007,8007,2024-08-12,61.50363270742656,23.75740009805748,,500.0,8.7,0.7200000000000001,4.3
FI_00015173,8007,8007,2024-08-12,61.50363270742656,23.75740009805748,,500.0,8.7,0.7200000000000001,4.3
FI_00015174,8007,8007,2024-09-02,61.50363270742656,23.75740009805748,,500.0,7.400000000000001,0.69,4.2
FI_00015175,8007,8007,2024-09-02,61.50363270742656,23.75740009805748,,500.0,7.400000000000001,0.69,4.2
FI_00015176,8007,8007,2024-09-02,61.50363270742656,23.75740009805748,,500.0,7.400000000000001,0.69,4.2
FI_00015177,8007,8007,2024-09-02,61.50363270742656,23.75740009805748,,500.0,7.400000000000001,0.69,4.2
FI_00015178,8007,8007,2024-09-02,61.50363270742656,23.75740009805748,,500.0,7.400000000000001,0.69,4.2
FI_00015179,8007,8007,2024-09-02,61.50363270742656,23.75740009805748,,500.0,7.400000000000001,0.69,4.2
FI_00015180,8007,8007,2024-09-19,61.50363270742656,23.75740009805748,,470.0,8.2,0.99,4.3
FI_00015181,8007,8007,2024-09-19,61.50363270742656,23.75740009805748,,470.0,8.2,0.99,4.3
FI_00015182,8007,8007,2024-09-19,61.50363270742656,23.75740009805748,,470.0,8.2,0.99,4.3
FI_00015183,8007,8007,2024-09-19,61.50363270742656,23.75740009805748,,470.0,8.2,0.99,4.3
FI_00015184,8007,8007,2024-09-19,61.50363270742656,23.75740009805748,,470.0,8.2,0.99,4.3
FI_00015185,8007,8007,2024-09-19,61.50363270742656,23.75740009805748,,470.0,8.2,0.99,4.3
FI_00015186,8007,8007,2024-10-10,61.50363270742656,23.75740009805748,,480.0,7.400000000000001,0.63,4.2
FI_00015187,8007,8007,2024-10-10,61.50363270742656,23.75740009805748,,480.0,7.400000000000001,0.63,4.2
FI_00015188,8007,8007,2024-10-10,61.50363270742656,23.75740009805748,,480.0,7.400000000000001,0.63,4.2
FI_00015189,8007,8007,2024-10-10,61.50363270742656,23.75740009805748,,480.0,7.400000000000001,0.63,4.2
FI_00015190,8007,8007,2024-10-10,61.50363270742656,23.75740009805748,,480.0,7.400000000000001,0.63,4.2
FI_00015191,8007,8007,2024-10-10,61.50363270742656,23.75740009805748,,480.0,7.400000000000001,0.63,4.2
FI_00015192,8007,8007,2024-10-16,61.50363270742656,23.75740009805748,,500.0,6.099999999999999,0.45,4.3
FI_00015193,8007,8007,2024-10-16,61.50363270742656,23.75740009805748,,500.0,6.099999999999999,0.45,4.3
FI_00015194,8007,8007,2024-10-16,61.50363270742656,23.75740009805748,,500.0,6.099999999999999,0.45,4.3
FI_00015195,8007,8007,2024-10-16,61.50363270742656,23.75740009805748,,500.0,6.099999999999999,0.45,4.3
FI_00015196,8007,8007,2024-10-16,61.50363270742656,23.75740009805748,,500.0,6.099999999999999,0.45,4.3
FI_00015197,8007,8007,2024-10-16,61.50363270742656,23.75740009805748,,500.0,6.099999999999999,0.45,4.3
FI_00015198,8007,8007,2024-11-04,61.50363270742656,23.75740009805748,,490.0,6.900000000000001,0.69,4.2
FI_00015199,8007,8007,2024-11-04,61.50363270742656,23.75740009805748,,490.0,6.900000000000001,0.69,4.2
FI_00015200,8007,8007,2024-11-04,61.50363270742656,23.75740009805748,,490.0,6.900000000000001,0.69,4.2
FI_00015201,8007,8007,2024-11-04,61.50363270742656,23.75740009805748,,490.0,6.900000000000001,0.69,4.2
FI_00015202,8007,8007,2024-11-04,61.50363270742656,23.75740009805748,,490.0,6.900000000000001,0.69,4.2
FI_00015203,8007,8007,2024-11-04,61.50363270742656,23.75740009805748,,490.0,6.900000000000001,0.69,4.2
FI_00015204,8007,8007,2024-11-14,61.50363270742656,23.75740009805748,,490.0,8.1,0.48,4.3
FI_00015205,8007,8007,2024-11-14,61.50363270742656,23.75740009805748,,490.0,8.1,0.48,4.3
FI_00015206,8007,8007,2024-11-14,61.50363270742656,23.75740009805748,,490.0,8.1,0.48,4.3
FI_00015207,8007,8007,2024-11-14,61.50363270742656,23.75740009805748,,490.0,8.1,0.48,4.3
FI_00015208,8007,8007,2024-11-14,61.50363270742656,23.75740009805748,,490.0,8.1,0.48,4.3
FI_00015209,8007,8007,2024-11-14,61.50363270742656,23.75740009805748,,490.0,8.1,0.48,4.3
FI_00015210,8007,8007,2024-12-11,61.50363270742656,23.75740009805748,,530.0,6.0,0.5,4.3
FI_00015211,8007,8007,2024-12-11,61.50363270742656,23.75740009805748,,530.0,6.0,0.5,4.3
FI_00015212,8007,8007,2024-12-11,61.50363270742656,23.75740009805748,,530.0,6.0,0.5,4.3
FI_00015213,8007,8007,2024-12-11,61.50363270742656,23.75740009805748,,530.0,6.0,0.5,4.3
FI_00015214,8007,8007,2024-12-11,61.50363270742656,23.75740009805748,,530.0,6.0,0.5,4.3
FI_00015215,8007,8007,2024-12-11,61.50363270742656,23.75740009805748,,530.0,6.0,0.5,4.3
FI_00015216,8007,8007,2024-12-18,61.50363270742656,23.75740009805748,,520.0,6.599999999999999,0.49,4.3
FI_00015217,8007,8007,2024-12-18,61.50363270742656,23.75740009805748,,520.0,6.599999999999999,0.49,4.3
FI_00015218,8007,8007,2024-12-18,61.50363270742656,23.75740009805748,,520.0,6.599999999999999,0.49,4.3
FI_00015219,8007,8007,2024-12-18,61.50363270742656,23.75740009805748,,520.0,6.599999999999999,0.49,4.3
FI_00015220,8007,8007,2024-12-18,61.50363270742656,23.75740009805748,,520.0,6.599999999999999,0.49,4.3
FI_00015221,8007,8007,2024-12-18,61.50363270742656,23.75740009805748,,520.0,6.599999999999999,0.49,4.3
FI_00017124,82944,82944,2023-01-18,60.38240962702985,23.12194762055541,,3100.0,164.0,220.0,12.1
FI_00017125,82944,82944,2023-01-18,60.38240962702985,23.12194762055541,,3100.0,164.0,220.0,12.1
FI_00017126,82944,82944,2023-01-18,60.38240962702985,23.12194762055541,,3100.0,164.0,220.0,12.1
FI_00017127,82944,82944,2023-01-18,60.38240962702985,23.12194762055541,,3100.0,164.0,220.0,12.1
FI_00017128,82944,82944,2023-01-18,60.38240962702985,23.12194762055541,,3100.0,164.0,220.0,12.1
FI_00017129,82944,82944,2023-01-18,60.38240962702985,23.12194762055541,,3100.0,164.0,220.0,12.1
FI_00017130,82944,82944,2023-01-23,60.38240962702985,23.12194762055541,,2800.0,94.0,97.0,15.199999999999998
FI_00017131,82944,82944,2023-01-23,60.38240962702985,23.12194762055541,,2800.0,94.0,97.0,15.199999999999998
FI_00017132,82944,82944,2023-01-23,60.38240962702985,23.12194762055541,,2800.0,94.0,97.0,15.199999999999998
FI_00017133,82944,82944,2023-01-23,60.38240962702985,23.12194762055541,,2800.0,94.0,97.0,15.199999999999998
FI_00017134,82944,82944,2023-01-23,60.38240962702985,23.12194762055541,,2800.0,94.0,97.0,15.199999999999998
FI_00017135,82944,82944,2023-01-23,60.38240962702985,23.12194762055541,,2800.0,94.0,97.0,15.199999999999998
FI_00017136,82944,82944,2023-03-21,60.38240962702985,23.12194762055541,,2200.0,149.0,160.0,11.9
FI_00017137,82944,82944,2023-03-21,60.38240962702985,23.12194762055541,,2200.0,149.0,160.0,11.9
FI_00017138,82944,82944,2023-03-21,60.38240962702985,23.12194762055541,,2200.0,149.0,160.0,11.9
FI_00017139,82944,82944,2023-03-21,60.38240962702985,23.12194762055541,,2200.0,149.0,160.0,11.9
FI_00017140,82944,82944,2023-03-21,60.38240962702985,23.12194762055541,,2200.0,149.0,160.0,11.9
FI_00017141,82944,82944,2023-03-21,60.38240962702985,23.12194762055541,,2200.0,149.0,160.0,11.9
FI_00017142,82944,82944,2023-03-27,60.38240962702985,23.12194762055541,,3000.0,154.0,220.0,13.1
FI_00017143,82944,82944,2023-03-27,60.38240962702985,23.12194762055541,,3000.0,154.0,220.0,13.1
FI_00017144,82944,82944,2023-03-27,60.38240962702985,23.12194762055541,,3000.0,154.0,220.0,13.1
FI_00017145,82944,82944,2023-03-27,60.38240962702985,23.12194762055541,,3000.0,154.0,220.0,13.1
FI_00017146,82944,82944,2023-03-27,60.38240962702985,23.12194762055541,,3000.0,154.0,220.0,13.1
FI_00017147,82944,82944,2023-03-27,60.38240962702985,23.12194762055541,,3000.0,154.0,220.0,13.1
FI_00017148,82944,82944,2023-04-26,60.38240962702985,23.12194762055541,,1400.0,72.5,89.0,14.6
FI_00017149,82944,82944,2023-04-26,60.38240962702985,23.12194762055541,,1400.0,72.5,89.0,14.6
FI_00017150,82944,82944,2023-04-26,60.38240962702985,23.12194762055541,,1400.0,72.5,89.0,14.6
FI_00017151,82944,82944,2023-04-26,60.38240962702985,23.12194762055541,,1400.0,72.5,89.0,14.6
FI_00017152,82944,82944,2023-04-26,60.38240962702985,23.12194762055541,,1400.0,72.5,89.0,14.6
FI_00017153,82944,82944,2023-04-26,60.38240962702985,23.12194762055541,,1400.0,72.5,89.0,14.6
FI_00017154,82944,82944,2023-05-03,60.38240962702985,23.12194762055541,,5800.0,320.0,660.0,14.800000000000002
FI_00017155,82944,82944,2023-05-03,60.38240962702985,23.12194762055541,,5800.0,320.0,660.0,14.800000000000002
FI_00017156,82944,82944,2023-05-03,60.38240962702985,23.12194762055541,,5800.0,320.0,660.0,14.800000000000002
FI_00017157,82944,82944,2023-05-03,60.38240962702985,23.12194762055541,,5800.0,320.0,660.0,14.800000000000002
FI_00017158,82944,82944,2023-05-03,60.38240962702985,23.12194762055541,,5800.0,320.0,660.0,14.800000000000002
FI_00017159,82944,82944,2023-05-03,60.38240962702985,23.12194762055541,,5800.0,320.0,660.0,14.800000000000002
FI_00017160,82944,82944,2023-05-10,60.38240962702985,23.12194762055541,,1800.0,75.5,81.0,16.7
FI_00017161,82944,82944,2023-05-10,60.38240962702985,23.12194762055541,,1800.0,75.5,81.0,16.7
FI_00017162,82944,82944,2023-05-10,60.38240962702985,23.12194762055541,,1800.0,75.5,81.0,16.7
FI_00017163,82944,82944,2023-05-10,60.38240962702985,23.12194762055541,,1800.0,75.5,81.0,16.7
FI_00017164,82944,82944,2023-05-10,60.38240962702985,23.12194762055541,,1800.0,75.5,81.0,16.7
FI_00017165,82944,82944,2023-05-10,60.38240962702985,23.12194762055541,,1800.0,75.5,81.0,16.7
FI_00017166,82944,82944,2023-05-17,60.38240962702985,23.12194762055541,,1400.0,74.0,55.0,18.4
FI_00017167,82944,82944,2023-05-17,60.38240962702985,23.12194762055541,,1400.0,74.0,55.0,18.4
FI_00017168,82944,82944,2023-05-17,60.38240962702985,23.12194762055541,,1400.0,74.0,55.0,18.4
FI_00017169,82944,82944,2023-05-17,60.38240962702985,23.12194762055541,,1400.0,74.0,55.0,18.4
FI_00017170,82944,82944,2023-05-17,60.38240962702985,23.12194762055541,,1400.0,74.0,55.0,18.4
FI_00017171,82944,82944,2023-05-17,60.38240962702985,23.12194762055541,,1400.0,74.0,55.0,18.4
FI_00017172,82944,82944,2023-05-24,60.38240962702985,23.12194762055541,,1300.0,70.5,55.0,19.6
FI_00017173,82944,82944,2023-05-24,60.38240962702985,23.12194762055541,,1300.0,70.5,55.0,19.6
FI_00017174,82944,82944,2023-05-24,60.38240962702985,23.12194762055541,,1300.0,70.5,55.0,19.6
FI_00017175,82944,82944,2023-05-24,60.38240962702985,23.12194762055541,,1300.0,70.5,55.0,19.6
FI_00017176,82944,82944,2023-05-24,60.38240962702985,23.12194762055541,,1300.0,70.5,55.0,19.6
FI_00017177,82944,82944,2023-05-24,60.38240962702985,23.12194762055541,,1300.0,70.5,55.0,19.6
FI_00017178,82944,82944,2023-05-29,60.38240962702985,23.12194762055541,,900.0,52.5,34.0,19.2
FI_00017179,82944,82944,2023-05-29,60.38240962702985,23.12194762055541,,900.0,52.5,34.0,19.2
FI_00017180,82944,82944,2023-05-29,60.38240962702985,23.12194762055541,,900.0,52.5,34.0,19.2
FI_00017181,82944,82944,2023-05-29,60.38240962702985,23.12194762055541,,900.0,52.5,34.0,19.2
FI_00017182,82944,82944,2023-05-29,60.38240962702985,23.12194762055541,,900.0,52.5,34.0,19.2
FI_00017183,82944,82944,2023-05-29,60.38240962702985,23.12194762055541,,900.0,52.5,34.0,19.2
FI_00017184,82944,82944,2023-06-05,60.38240962702985,23.12194762055541,,740.0,43.0,24.0,20.7
FI_00017185,82944,82944,2023-06-05,60.38240962702985,23.12194762055541,,740.0,43.0,24.0,20.7
FI_00017186,82944,82944,2023-06-05,60.38240962702985,23.12194762055541,,740.0,43.0,24.0,20.7
FI_00017187,82944,82944,2023-06-05,60.38240962702985,23.12194762055541,,740.0,43.0,24.0,20.7
FI_00017188,82944,82944,2023-06-05,60.38240962702985,23.12194762055541,,740.0,43.0,24.0,20.7
FI_00017189,82944,82944,2023-06-05,60.38240962702985,23.12194762055541,,740.0,43.0,24.0,20.7
FI_00017190,82944,82944,2023-06-13,60.38240962702985,23.12194762055541,,660.0,34.0,12.0,24.3
FI_00017191,82944,82944,2023-06-13,60.38240962702985,23.12194762055541,,660.0,34.0,12.0,24.3
FI_00017192,82944,82944,2023-06-13,60.38240962702985,23.12194762055541,,660.0,34.0,12.0,24.3
FI_00017193,82944,82944,2023-06-13,60.38240962702985,23.12194762055541,,660.0,34.0,12.0,24.3
FI_00017194,82944,82944,2023-06-13,60.38240962702985,23.12194762055541,,660.0,34.0,12.0,24.3
FI_00017195,82944,82944,2023-06-13,60.38240962702985,23.12194762055541,,660.0,34.0,12.0,24.3
FI_00017196,82944,82944,2023-08-09,60.38240962702985,23.12194762055541,,1700.0,131.5,73.0,50.79999999999999
FI_00017197,82944,82944,2023-08-09,60.38240962702985,23.12194762055541,,1700.0,131.5,73.0,50.79999999999999
FI_00017198,82944,82944,2023-08-09,60.38240962702985,23.12194762055541,,1700.0,131.5,73.0,50.79999999999999
FI_00017199,82944,82944,2023-08-09,60.38240962702985,23.12194762055541,,1700.0,131.5,73.0,50.79999999999999
FI_00017200,82944,82944,2023-08-09,60.38240962702985,23.12194762055541,,1700.0,131.5,73.0,50.79999999999999
FI_00017201,82944,82944,2023-08-09,60.38240962702985,23.12194762055541,,1700.0,131.5,73.0,50.79999999999999
FI_00017202,82944,82944,2023-08-15,60.38240962702985,23.12194762055541,,2200.0,183.5,120.0,27.5
FI_00017203,82944,82944,2023-08-15,60.38240962702985,23.12194762055541,,2200.0,183.5,120.0,27.5
FI_00017204,82944,82944,2023-08-15,60.38240962702985,23.12194762055541,,2200.0,183.5,120.0,27.5
FI_00017205,82944,82944,2023-08-15,60.38240962702985,23.12194762055541,,2200.0,183.5,120.0,27.5
FI_00017206,82944,82944,2023-08-15,60.38240962702985,23.12194762055541,,2200.0,183.5,120.0,27.5
FI_00017207,82944,82944,2023-08-15,60.38240962702985,23.12194762055541,,2200.0,183.5,120.0,27.5
FI_00017208,82944,82944,2023-08-22,60.38240962702985,23.12194762055541,,1700.0,127.5,36.0,31.2
FI_00017209,82944,82944,2023-08-22,60.38240962702985,23.12194762055541,,1700.0,127.5,36.0,31.2
FI_00017210,82944,82944,2023-08-22,60.38240962702985,23.12194762055541,,1700.0,127.5,36.0,31.2
FI_00017211,82944,82944,2023-08-22,60.38240962702985,23.12194762055541,,1700.0,127.5,36.0,31.2
FI_00017212,82944,82944,2023-08-22,60.38240962702985,23.12194762055541,,1700.0,127.5,36.0,31.2
FI_00017213,82944,82944,2023-08-22,60.38240962702985,23.12194762055541,,1700.0,127.5,36.0,31.2
FI_00017214,82944,82944,2023-08-30,60.38240962702985,23.12194762055541,,2200.0,151.5,77.0,14.800000000000002
FI_00017215,82944,82944,2023-08-30,60.38240962702985,23.12194762055541,,2200.0,151.5,77.0,14.800000000000002
FI_00017216,82944,82944,2023-08-30,60.38240962702985,23.12194762055541,,2200.0,151.5,77.0,14.800000000000002
FI_00017217,82944,82944,2023-08-30,60.38240962702985,23.12194762055541,,2200.0,151.5,77.0,14.800000000000002
FI_00017218,82944,82944,2023-08-30,60.38240962702985,23.12194762055541,,2200.0,151.5,77.0,14.800000000000002
FI_00017219,82944,82944,2023-08-30,60.38240962702985,23.12194762055541,,2200.0,151.5,77.0,14.800000000000002
FI_00017220,82944,82944,2023-09-04,60.38240962702985,23.12194762055541,,3400.0,206.0,170.0,14.800000000000002
FI_00017221,82944,82944,2023-09-04,60.38240962702985,23.12194762055541,,3400.0,206.0,170.0,14.800000000000002
FI_00017222,82944,82944,2023-09-04,60.38240962702985,23.12194762055541,,3400.0,206.0,170.0,14.800000000000002
FI_00017223,82944,82944,2023-09-04,60.38240962702985,23.12194762055541,,3400.0,206.0,170.0,14.800000000000002
FI_00017224,82944,82944,2023-09-04,60.38240962702985,23.12194762055541,,3400.0,206.0,170.0,14.800000000000002
FI_00017225,82944,82944,2023-09-04,60.38240962702985,23.12194762055541,,3400.0,206.0,170.0,14.800000000000002
FI_00017226,82944,82944,2023-09-12,60.38240962702985,23.12194762055541,,2200.0,87.0,57.0,17.0
FI_00017227,82944,82944,2023-09-12,60.38240962702985,23.12194762055541,,2200.0,87.0,57.0,17.0
FI_00017228,82944,82944,2023-09-12,60.38240962702985,23.12194762055541,,2200.0,87.0,57.0,17.0
FI_00017229,82944,82944,2023-09-12,60.38240962702985,23.12194762055541,,2200.0,87.0,57.0,17.0
FI_00017230,82944,82944,2023-09-12,60.38240962702985,23.12194762055541,,2200.0,87.0,57.0,17.0
FI_00017231,82944,82944,2023-09-12,60.38240962702985,23.12194762055541,,2200.0,87.0,57.0,17.0
FI_00017232,82944,82944,2023-09-20,60.38240962702985,23.12194762055541,,1600.0,80.5,42.0,17.5
FI_00017233,82944,82944,2023-09-20,60.38240962702985,23.12194762055541,,1600.0,80.5,42.0,17.5
FI_00017234,82944,82944,2023-09-20,60.38240962702985,23.12194762055541,,1600.0,80.5,42.0,17.5
FI_00017235,82944,82944,2023-09-20,60.38240962702985,23.12194762055541,,1600.0,80.5,42.0,17.5
FI_00017236,82944,82944,2023-09-20,60.38240962702985,23.12194762055541,,1600.0,80.5,42.0,17.5
FI_00017237,82944,82944,2023-09-20,60.38240962702985,23.12194762055541,,1600.0,80.5,42.0,17.5
FI_00017238,82944,82944,2023-09-25,60.38240962702985,23.12194762055541,,1700.0,100.5,73.0,22.3
FI_00017239,82944,82944,2023-09-25,60.38240962702985,23.12194762055541,,1700.0,100.5,73.0,22.3
FI_00017240,82944,82944,2023-09-25,60.38240962702985,23.12194762055541,,1700.0,100.5,73.0,22.3
FI_00017241,82944,82944,2023-09-25,60.38240962702985,23.12194762055541,,1700.0,100.5,73.0,22.3
FI_00017242,82944,82944,2023-09-25,60.38240962702985,23.12194762055541,,1700.0,100.5,73.0,22.3
FI_00017243,82944,82944,2023-09-25,60.38240962702985,23.12194762055541,,1700.0,100.5,73.0,22.3
FI_00017244,82944,82944,2023-10-03,60.38240962702985,23.12194762055541,,1600.0,84.5,52.0,20.5
FI_00017245,82944,82944,2023-10-03,60.38240962702985,23.12194762055541,,1600.0,84.5,52.0,20.5
FI_00017246,82944,82944,2023-10-03,60.38240962702985,23.12194762055541,,1600.0,84.5,52.0,20.5
FI_00017247,82944,82944,2023-10-03,60.38240962702985,23.12194762055541,,1600.0,84.5,52.0,20.5
FI_00017248,82944,82944,2023-10-03,60.38240962702985,23.12194762055541,,1600.0,84.5,52.0,20.5
FI_00017249,82944,82944,2023-10-03,60.38240962702985,23.12194762055541,,1600.0,84.5,52.0,20.5
FI_00017250,82944,82944,2023-10-09,60.38240962702985,23.12194762055541,,4100.0,281.0,280.0,16.6
FI_00017251,82944,82944,2023-10-09,60.38240962702985,23.12194762055541,,4100.0,281.0,280.0,16.6
FI_00017252,82944,82944,2023-10-09,60.38240962702985,23.12194762055541,,4100.0,281.0,280.0,16.6
FI_00017253,82944,82944,2023-10-09,60.38240962702985,23.12194762055541,,4100.0,281.0,280.0,16.6
FI_00017254,82944,82944,2023-10-09,60.38240962702985,23.12194762055541,,4100.0,281.0,280.0,16.6
FI_00017255,82944,82944,2023-10-09,60.38240962702985,23.12194762055541,,4100.0,281.0,280.0,16.6
FI_00017256,82944,82944,2023-10-18,60.38240962702985,23.12194762055541,,2900.0,162.0,160.0,15.800000000000002
FI_00017257,82944,82944,2023-10-18,60.38240962702985,23.12194762055541,,2900.0,162.0,160.0,15.800000000000002
FI_00017258,82944,82944,2023-10-18,60.38240962702985,23.12194762055541,,2900.0,162.0,160.0,15.800000000000002
FI_00017259,82944,82944,2023-10-18,60.38240962702985,23.12194762055541,,2900.0,162.0,160.0,15.800000000000002
FI_00017260,82944,82944,2023-10-18,60.38240962702985,23.12194762055541,,2900.0,162.0,160.0,15.800000000000002
FI_00017261,82944,82944,2023-10-18,60.38240962702985,23.12194762055541,,2900.0,162.0,160.0,15.800000000000002
FI_00017262,82944,82944,2023-10-24,60.38240962702985,23.12194762055541,,2000.0,74.5,57.0,18.7
FI_00017263,82944,82944,2023-10-24,60.38240962702985,23.12194762055541,,2000.0,74.5,57.0,18.7
FI_00017264,82944,82944,2023-10-24,60.38240962702985,23.12194762055541,,2000.0,74.5,57.0,18.7
FI_00017265,82944,82944,2023-10-24,60.38240962702985,23.12194762055541,,2000.0,74.5,57.0,18.7
FI_00017266,82944,82944,2023-10-24,60.38240962702985,23.12194762055541,,2000.0,74.5,57.0,18.7
FI_00017267,82944,82944,2023-10-24,60.38240962702985,23.12194762055541,,2000.0,74.5,57.0,18.7
FI_00017268,82944,82944,2023-11-01,60.38240962702985,23.12194762055541,,1900.0,151.0,160.0,17.3
FI_00017269,82944,82944,2023-11-01,60.38240962702985,23.12194762055541,,1900.0,151.0,160.0,17.3
FI_00017270,82944,82944,2023-11-01,60.38240962702985,23.12194762055541,,1900.0,151.0,160.0,17.3
FI_00017271,82944,82944,2023-11-01,60.38240962702985,23.12194762055541,,1900.0,151.0,160.0,17.3
FI_00017272,82944,82944,2023-11-01,60.38240962702985,23.12194762055541,,1900.0,151.0,160.0,17.3
FI_00017273,82944,82944,2023-11-01,60.38240962702985,23.12194762055541,,1900.0,151.0,160.0,17.3
FI_00017274,82944,82944,2023-11-06,60.38240962702985,23.12194762055541,,3400.0,340.0,440.0,15.199999999999998
FI_00017275,82944,82944,2023-11-06,60.38240962702985,23.12194762055541,,3400.0,340.0,440.0,15.199999999999998
FI_00017276,82944,82944,2023-11-06,60.38240962702985,23.12194762055541,,3400.0,340.0,440.0,15.199999999999998
FI_00017277,82944,82944,2023-11-06,60.38240962702985,23.12194762055541,,3400.0,340.0,440.0,15.199999999999998
FI_00017278,82944,82944,2023-11-06,60.38240962702985,23.12194762055541,,3400.0,340.0,440.0,15.199999999999998
FI_00017279,82944,82944,2023-11-06,60.38240962702985,23.12194762055541,,3400.0,340.0,440.0,15.199999999999998
FI_00017280,82944,82944,2023-11-15,60.38240962702985,23.12194762055541,,2500.0,159.5,170.0,12.6
FI_00017281,82944,82944,2023-11-15,60.38240962702985,23.12194762055541,,2500.0,159.5,170.0,12.6
FI_00017282,82944,82944,2023-11-15,60.38240962702985,23.12194762055541,,2500.0,159.5,170.0,12.6
FI_00017283,82944,82944,2023-11-15,60.38240962702985,23.12194762055541,,2500.0,159.5,170.0,12.6
FI_00017284,82944,82944,2023-11-15,60.38240962702985,23.12194762055541,,2500.0,159.5,170.0,12.6
FI_00017285,82944,82944,2023-11-15,60.38240962702985,23.12194762055541,,2500.0,159.5,170.0,12.6
FI_00017286,82944,82944,2023-11-20,60.38240962702985,23.12194762055541,,1800.0,75.0,120.0,14.699999999999998
FI_00017287,82944,82944,2023-11-20,60.38240962702985,23.12194762055541,,1800.0,75.0,120.0,14.699999999999998
FI_00017288,82944,82944,2023-11-20,60.38240962702985,23.12194762055541,,1800.0,75.0,120.0,14.699999999999998
FI_00017289,82944,82944,2023-11-20,60.38240962702985,23.12194762055541,,1800.0,75.0,120.0,14.699999999999998
FI_00017290,82944,82944,2023-11-20,60.38240962702985,23.12194762055541,,1800.0,75.0,120.0,14.699999999999998
FI_00017291,82944,82944,2023-11-20,60.38240962702985,23.12194762055541,,1800.0,75.0,120.0,14.699999999999998
FI_00017292,82944,82944,2024-03-28,60.38240962702985,23.12194762055541,,2000.0,147.5,210.0,12.300000000000002
FI_00017293,82944,82944,2024-03-28,60.38240962702985,23.12194762055541,,2000.0,147.5,210.0,12.300000000000002
FI_00017294,82944,82944,2024-03-28,60.38240962702985,23.12194762055541,,2000.0,147.5,210.0,12.300000000000002
FI_00017295,82944,82944,2024-03-28,60.38240962702985,23.12194762055541,,2000.0,147.5,210.0,12.300000000000002
FI_00017296,82944,82944,2024-03-28,60.38240962702985,23.12194762055541,,2000.0,147.5,210.0,12.300000000000002
FI_00017297,82944,82944,2024-03-28,60.38240962702985,23.12194762055541,,2000.0,147.5,210.0,12.300000000000002
FI_00017298,82944,82944,2024-04-04,60.38240962702985,23.12194762055541,,2500.0,149.5,200.0,12.699999999999998
FI_00017299,82944,82944,2024-04-04,60.38240962702985,23.12194762055541,,2500.0,149.5,200.0,12.699999999999998
FI_00017300,82944,82944,2024-04-04,60.38240962702985,23.12194762055541,,2500.0,149.5,200.0,12.699999999999998
FI_00017301,82944,82944,2024-04-04,60.38240962702985,23.12194762055541,,2500.0,149.5,200.0,12.699999999999998
FI_00017302,82944,82944,2024-04-04,60.38240962702985,23.12194762055541,,2500.0,149.5,200.0,12.699999999999998
FI_00017303,82944,82944,2024-04-04,60.38240962702985,23.12194762055541,,2500.0,149.5,200.0,12.699999999999998
FI_00017304,82944,82944,2024-04-11,60.38240962702985,23.12194762055541,,1700.0,108.0,160.0,10.9
FI_00017305,82944,82944,2024-04-11,60.38240962702985,23.12194762055541,,1700.0,108.0,160.0,10.9
FI_00017306,82944,82944,2024-04-11,60.38240962702985,23.12194762055541,,1700.0,108.0,160.0,10.9
FI_00017307,82944,82944,2024-04-11,60.38240962702985,23.12194762055541,,1700.0,108.0,160.0,10.9
FI_00017308,82944,82944,2024-04-11,60.38240962702985,23.12194762055541,,1700.0,108.0,160.0,10.9
FI_00017309,82944,82944,2024-04-11,60.38240962702985,23.12194762055541,,1700.0,108.0,160.0,10.9
FI_00017310,82944,82944,2024-04-17,60.38240962702985,23.12194762055541,,2000.0,129.0,190.0,12.5
FI_00017311,82944,82944,2024-04-17,60.38240962702985,23.12194762055541,,2000.0,129.0,190.0,12.5
FI_00017312,82944,82944,2024-04-17,60.38240962702985,23.12194762055541,,2000.0,129.0,190.0,12.5
FI_00017313,82944,82944,2024-04-17,60.38240962702985,23.12194762055541,,2000.0,129.0,190.0,12.5
FI_00017314,82944,82944,2024-04-17,60.38240962702985,23.12194762055541,,2000.0,129.0,190.0,12.5
FI_00017315,82944,82944,2024-04-17,60.38240962702985,23.12194762055541,,2000.0,129.0,190.0,12.5
FI_00017316,82944,82944,2024-04-23,60.38240962702985,23.12194762055541,,1300.0,55.5,56.0,13.699999999999998
FI_00017317,82944,82944,2024-04-23,60.38240962702985,23.12194762055541,,1300.0,55.5,56.0,13.699999999999998
FI_00017318,82944,82944,2024-04-23,60.38240962702985,23.12194762055541,,1300.0,55.5,56.0,13.699999999999998
FI_00017319,82944,82944,2024-04-23,60.38240962702985,23.12194762055541,,1300.0,55.5,56.0,13.699999999999998
FI_00017320,82944,82944,2024-04-23,60.38240962702985,23.12194762055541,,1300.0,55.5,56.0,13.699999999999998
FI_00017321,82944,82944,2024-04-23,60.38240962702985,23.12194762055541,,1300.0,55.5,56.0,13.699999999999998
FI_00017322,82944,82944,2024-04-29,60.38240962702985,23.12194762055541,,1900.0,102.5,130.0,14.4
FI_00017323,82944,82944,2024-04-29,60.38240962702985,23.12194762055541,,1900.0,102.5,130.0,14.4
FI_00017324,82944,82944,2024-04-29,60.38240962702985,23.12194762055541,,1900.0,102.5,130.0,14.4
FI_00017325,82944,82944,2024-04-29,60.38240962702985,23.12194762055541,,1900.0,102.5,130.0,14.4
FI_00017326,82944,82944,2024-04-29,60.38240962702985,23.12194762055541,,1900.0,102.5,130.0,14.4
FI_00017327,82944,82944,2024-04-29,60.38240962702985,23.12194762055541,,1900.0,102.5,130.0,14.4
FI_00017328,82944,82944,2024-05-06,60.38240962702985,23.12194762055541,,1400.0,81.5,83.0,15.5
FI_00017329,82944,82944,2024-05-06,60.38240962702985,23.12194762055541,,1400.0,81.5,83.0,15.5
FI_00017330,82944,82944,2024-05-06,60.38240962702985,23.12194762055541,,1400.0,81.5,83.0,15.5
FI_00017331,82944,82944,2024-05-06,60.38240962702985,23.12194762055541,,1400.0,81.5,83.0,15.5
FI_00017332,82944,82944,2024-05-06,60.38240962702985,23.12194762055541,,1400.0,81.5,83.0,15.5
FI_00017333,82944,82944,2024-05-06,60.38240962702985,23.12194762055541,,1400.0,81.5,83.0,15.5
FI_00017334,82944,82944,2024-05-13,60.38240962702985,23.12194762055541,,880.0,58.5,53.0,16.6
FI_00017335,82944,82944,2024-05-13,60.38240962702985,23.12194762055541,,880.0,58.5,53.0,16.6
FI_00017336,82944,82944,2024-05-13,60.38240962702985,23.12194762055541,,880.0,58.5,53.0,16.6
FI_00017337,82944,82944,2024-05-13,60.38240962702985,23.12194762055541,,880.0,58.5,53.0,16.6
FI_00017338,82944,82944,2024-05-13,60.38240962702985,23.12194762055541,,880.0,58.5,53.0,16.6
FI_00017339,82944,82944,2024-05-13,60.38240962702985,23.12194762055541,,880.0,58.5,53.0,16.6
FI_00017340,82944,82944,2024-05-20,60.38240962702985,23.12194762055541,,890.0,61.5,33.0,18.5
FI_00017341,82944,82944,2024-05-20,60.38240962702985,23.12194762055541,,890.0,61.5,33.0,18.5
FI_00017342,82944,82944,2024-05-20,60.38240962702985,23.12194762055541,,890.0,61.5,33.0,18.5
FI_00017343,82944,82944,2024-05-20,60.38240962702985,23.12194762055541,,890.0,61.5,33.0,18.5
FI_00017344,82944,82944,2024-05-20,60.38240962702985,23.12194762055541,,890.0,61.5,33.0,18.5
FI_00017345,82944,82944,2024-05-20,60.38240962702985,23.12194762055541,,890.0,61.5,33.0,18.5
FI_00017346,82944,82944,2024-05-27,60.38240962702985,23.12194762055541,,770.0,58.0,15.0,18.2
FI_00017347,82944,82944,2024-05-27,60.38240962702985,23.12194762055541,,770.0,58.0,15.0,18.2
FI_00017348,82944,82944,2024-05-27,60.38240962702985,23.12194762055541,,770.0,58.0,15.0,18.2
FI_00017349,82944,82944,2024-05-27,60.38240962702985,23.12194762055541,,770.0,58.0,15.0,18.2
FI_00017350,82944,82944,2024-05-27,60.38240962702985,23.12194762055541,,770.0,58.0,15.0,18.2
FI_00017351,82944,82944,2024-05-27,60.38240962702985,23.12194762055541,,770.0,58.0,15.0,18.2
FI_00017352,82944,82944,2024-06-03,60.38240962702985,23.12194762055541,,4500.0,112.5,90.0,20.6
FI_00017353,82944,82944,2024-06-03,60.38240962702985,23.12194762055541,,4500.0,112.5,90.0,20.6
FI_00017354,82944,82944,2024-06-03,60.38240962702985,23.12194762055541,,4500.0,112.5,90.0,20.6
FI_00017355,82944,82944,2024-06-03,60.38240962702985,23.12194762055541,,4500.0,112.5,90.0,20.6
FI_00017356,82944,82944,2024-06-03,60.38240962702985,23.12194762055541,,4500.0,112.5,90.0,20.6
FI_00017357,82944,82944,2024-06-03,60.38240962702985,23.12194762055541,,4500.0,112.5,90.0,20.6
FI_00017358,82944,82944,2024-06-13,60.38240962702985,23.12194762055541,,1300.0,73.0,43.0,19.5
FI_00017359,82944,82944,2024-06-13,60.38240962702985,23.12194762055541,,1300.0,73.0,43.0,19.5
FI_00017360,82944,82944,2024-06-13,60.38240962702985,23.12194762055541,,1300.0,73.0,43.0,19.5
FI_00017361,82944,82944,2024-06-13,60.38240962702985,23.12194762055541,,1300.0,73.0,43.0,19.5
FI_00017362,82944,82944,2024-06-13,60.38240962702985,23.12194762055541,,1300.0,73.0,43.0,19.5
FI_00017363,82944,82944,2024-06-13,60.38240962702985,23.12194762055541,,1300.0,73.0,43.0,19.5
FI_00017364,82944,82944,2024-06-17,60.38240962702985,23.12194762055541,,2100.0,80.0,59.0,20.9
FI_00017365,82944,82944,2024-06-17,60.38240962702985,23.12194762055541,,2100.0,80.0,59.0,20.9
FI_00017366,82944,82944,2024-06-17,60.38240962702985,23.12194762055541,,2100.0,80.0,59.0,20.9
FI_00017367,82944,82944,2024-06-17,60.38240962702985,23.12194762055541,,2100.0,80.0,59.0,20.9
FI_00017368,82944,82944,2024-06-17,60.38240962702985,23.12194762055541,,2100.0,80.0,59.0,20.9
FI_00017369,82944,82944,2024-06-17,60.38240962702985,23.12194762055541,,2100.0,80.0,59.0,20.9
FI_00017370,82944,82944,2024-09-02,60.38240962702985,23.12194762055541,,980.0,84.0,41.0,17.6
FI_00017371,82944,82944,2024-09-02,60.38240962702985,23.12194762055541,,980.0,84.0,41.0,17.6
FI_00017372,82944,82944,2024-09-02,60.38240962702985,23.12194762055541,,980.0,84.0,41.0,17.6
FI_00017373,82944,82944,2024-09-02,60.38240962702985,23.12194762055541,,980.0,84.0,41.0,17.6
FI_00017374,82944,82944,2024-09-02,60.38240962702985,23.12194762055541,,980.0,84.0,41.0,17.6
FI_00017375,82944,82944,2024-09-02,60.38240962702985,23.12194762055541,,980.0,84.0,41.0,17.6
FI_00017376,82944,82944,2024-09-09,60.38240962702985,23.12194762055541,,1100.0,76.0,41.0,34.4
FI_00017377,82944,82944,2024-09-09,60.38240962702985,23.12194762055541,,1100.0,76.0,41.0,34.4
FI_00017378,82944,82944,2024-09-09,60.38240962702985,23.12194762055541,,1100.0,76.0,41.0,34.4
FI_00017379,82944,82944,2024-09-09,60.38240962702985,23.12194762055541,,1100.0,76.0,41.0,34.4
FI_00017380,82944,82944,2024-09-09,60.38240962702985,23.12194762055541,,1100.0,76.0,41.0,34.4
FI_00017381,82944,82944,2024-09-09,60.38240962702985,23.12194762055541,,1100.0,76.0,41.0,34.4
FI_00017382,82944,82944,2024-09-16,60.38240962702985,23.12194762055541,,4400.0,296.0,470.0,16.7
FI_00017383,82944,82944,2024-09-16,60.38240962702985,23.12194762055541,,4400.0,296.0,470.0,16.7
FI_00017384,82944,82944,2024-09-16,60.38240962702985,23.12194762055541,,4400.0,296.0,470.0,16.7
FI_00017385,82944,82944,2024-09-16,60.38240962702985,23.12194762055541,,4400.0,296.0,470.0,16.7
FI_00017386,82944,82944,2024-09-16,60.38240962702985,23.12194762055541,,4400.0,296.0,470.0,16.7
FI_00017387,82944,82944,2024-09-16,60.38240962702985,23.12194762055541,,4400.0,296.0,470.0,16.7
FI_00017388,82944,82944,2024-09-25,60.38240962702985,23.12194762055541,,2000.0,90.5,80.0,22.2
FI_00017389,82944,82944,2024-09-25,60.38240962702985,23.12194762055541,,2000.0,90.5,80.0,22.2
FI_00017390,82944,82944,2024-09-25,60.38240962702985,23.12194762055541,,2000.0,90.5,80.0,22.2
FI_00017391,82944,82944,2024-09-25,60.38240962702985,23.12194762055541,,2000.0,90.5,80.0,22.2
FI_00017392,82944,82944,2024-09-25,60.38240962702985,23.12194762055541,,2000.0,90.5,80.0,22.2
FI_00017393,82944,82944,2024-09-25,60.38240962702985,23.12194762055541,,2000.0,90.5,80.0,22.2
FI_00017394,82944,82944,2024-10-03,60.38240962702985,23.12194762055541,,3500.0,197.5,210.0,20.1
FI_00017395,82944,82944,2024-10-03,60.38240962702985,23.12194762055541,,3500.0,197.5,210.0,20.1
FI_00017396,82944,82944,2024-10-03,60.38240962702985,23.12194762055541,,3500.0,197.5,210.0,20.1
FI_00017397,82944,82944,2024-10-03,60.38240962702985,23.12194762055541,,3500.0,197.5,210.0,20.1
FI_00017398,82944,82944,2024-10-03,60.38240962702985,23.12194762055541,,3500.0,197.5,210.0,20.1
FI_00017399,82944,82944,2024-10-03,60.38240962702985,23.12194762055541,,3500.0,197.5,210.0,20.1
FI_00017400,82944,82944,2024-10-07,60.38240962702985,23.12194762055541,,2800.0,131.5,120.0,21.899999999999995
FI_00017401,82944,82944,2024-10-07,60.38240962702985,23.12194762055541,,2800.0,131.5,120.0,21.899999999999995
FI_00017402,82944,82944,2024-10-07,60.38240962702985,23.12194762055541,,2800.0,131.5,120.0,21.899999999999995
FI_00017403,82944,82944,2024-10-07,60.38240962702985,23.12194762055541,,2800.0,131.5,120.0,21.899999999999995
FI_00017404,82944,82944,2024-10-07,60.38240962702985,23.12194762055541,,2800.0,131.5,120.0,21.899999999999995
FI_00017405,82944,82944,2024-10-07,60.38240962702985,23.12194762055541,,2800.0,131.5,120.0,21.899999999999995
FI_00017406,82944,82944,2024-10-16,60.38240962702985,23.12194762055541,,3800.0,216.5,220.0,20.0
FI_00017407,82944,82944,2024-10-16,60.38240962702985,23.12194762055541,,3800.0,216.5,220.0,20.0
FI_00017408,82944,82944,2024-10-16,60.38240962702985,23.12194762055541,,3800.0,216.5,220.0,20.0
FI_00017409,82944,82944,2024-10-16,60.38240962702985,23.12194762055541,,3800.0,216.5,220.0,20.0
FI_00017410,82944,82944,2024-10-16,60.38240962702985,23.12194762055541,,3800.0,216.5,220.0,20.0
FI_00017411,82944,82944,2024-10-16,60.38240962702985,23.12194762055541,,3800.0,216.5,220.0,20.0
FI_00017412,82944,82944,2024-10-22,60.38240962702985,23.12194762055541,,2500.0,102.5,82.0,20.8
FI_00017413,82944,82944,2024-10-22,60.38240962702985,23.12194762055541,,2500.0,102.5,82.0,20.8
FI_00017414,82944,82944,2024-10-22,60.38240962702985,23.12194762055541,,2500.0,102.5,82.0,20.8
FI_00017415,82944,82944,2024-10-22,60.38240962702985,23.12194762055541,,2500.0,102.5,82.0,20.8
FI_00017416,82944,82944,2024-10-22,60.38240962702985,23.12194762055541,,2500.0,102.5,82.0,20.8
FI_00017417,82944,82944,2024-10-22,60.38240962702985,23.12194762055541,,2500.0,102.5,82.0,20.8
FI_00017418,82944,82944,2024-11-01,60.38240962702985,23.12194762055541,,3600.0,260.0,360.0,20.9
FI_00017419,82944,82944,2024-11-01,60.38240962702985,23.12194762055541,,3600.0,260.0,360.0,20.9
FI_00017420,82944,82944,2024-11-01,60.38240962702985,23.12194762055541,,3600.0,260.0,360.0,20.9
FI_00017421,82944,82944,2024-11-01,60.38240962702985,23.12194762055541,,3600.0,260.0,360.0,20.9
FI_00017422,82944,82944,2024-11-01,60.38240962702985,23.12194762055541,,3600.0,260.0,360.0,20.9
FI_00017423,82944,82944,2024-11-01,60.38240962702985,23.12194762055541,,3600.0,260.0,360.0,20.9
FI_00017424,82944,82944,2024-11-05,60.38240962702985,23.12194762055541,,3600.0,210.5,210.0,18.6
FI_00017425,82944,82944,2024-11-05,60.38240962702985,23.12194762055541,,3600.0,210.5,210.0,18.6
FI_00017426,82944,82944,2024-11-05,60.38240962702985,23.12194762055541,,3600.0,210.5,210.0,18.6
FI_00017427,82944,82944,2024-11-05,60.38240962702985,23.12194762055541,,3600.0,210.5,210.0,18.6
FI_00017428,82944,82944,2024-11-05,60.38240962702985,23.12194762055541,,3600.0,210.5,210.0,18.6
FI_00017429,82944,82944,2024-11-05,60.38240962702985,23.12194762055541,,3600.0,210.5,210.0,18.6
FI_00017430,82944,82944,2024-11-14,60.38240962702985,23.12194762055541,,2200.0,97.5,81.0,20.6
FI_00017431,82944,82944,2024-11-14,60.38240962702985,23.12194762055541,,2200.0,97.5,81.0,20.6
FI_00017432,82944,82944,2024-11-14,60.38240962702985,23.12194762055541,,2200.0,97.5,81.0,20.6
FI_00017433,82944,82944,2024-11-14,60.38240962702985,23.12194762055541,,2200.0,97.5,81.0,20.6
FI_00017434,82944,82944,2024-11-14,60.38240962702985,23.12194762055541,,2200.0,97.5,81.0,20.6
FI_00017435,82944,82944,2024-11-14,60.38240962702985,23.12194762055541,,2200.0,97.5,81.0,20.6
FI_00017436,82944,82944,2024-11-19,60.38240962702985,23.12194762055541,,2300.0,88.5,60.0,22.100000000000005
FI_00017437,82944,82944,2024-11-19,60.38240962702985,23.12194762055541,,2300.0,88.5,60.0,22.100000000000005
FI_00017438,82944,82944,2024-11-19,60.38240962702985,23.12194762055541,,2300.0,88.5,60.0,22.100000000000005
FI_00017439,82944,82944,2024-11-19,60.38240962702985,23.12194762055541,,2300.0,88.5,60.0,22.100000000000005
FI_00017440,82944,82944,2024-11-19,60.38240962702985,23.12194762055541,,2300.0,88.5,60.0,22.100000000000005
FI_00017441,82944,82944,2024-11-19,60.38240962702985,23.12194762055541,,2300.0,88.5,60.0,22.100000000000005
FI_00017442,82944,82944,2024-11-25,60.38240962702985,23.12194762055541,,1900.0,156.5,170.0,19.4
FI_00017443,82944,82944,2024-11-25,60.38240962702985,23.12194762055541,,1900.0,156.5,170.0,19.4
FI_00017444,82944,82944,2024-11-25,60.38240962702985,23.12194762055541,,1900.0,156.5,170.0,19.4
FI_00017445,82944,82944,2024-11-25,60.38240962702985,23.12194762055541,,1900.0,156.5,170.0,19.4
FI_00017446,82944,82944,2024-11-25,60.38240962702985,23.12194762055541,,1900.0,156.5,170.0,19.4
FI_00017447,82944,82944,2024-11-25,60.38240962702985,23.12194762055541,,1900.0,156.5,170.0,19.4
FI_00017448,82944,82944,2024-12-04,60.38240962702985,23.12194762055541,,3100.0,159.0,170.0,17.4
FI_00017449,82944,82944,2024-12-04,60.38240962702985,23.12194762055541,,3100.0,159.0,170.0,17.4
FI_00017450,82944,82944,2024-12-04,60.38240962702985,23.12194762055541,,3100.0,159.0,170.0,17.4
FI_00017451,82944,82944,2024-12-04,60.38240962702985,23.12194762055541,,3100.0,159.0,170.0,17.4
FI_00017452,82944,82944,2024-12-04,60.38240962702985,23.12194762055541,,3100.0,159.0,170.0,17.4
FI_00017453,82944,82944,2024-12-04,60.38240962702985,23.12194762055541,,3100.0,159.0,170.0,17.4
FI_00017454,82944,82944,2024-12-12,60.38240962702985,23.12194762055541,,1700.0,61.0,52.0,17.8
FI_00017455,82944,82944,2024-12-12,60.38240962702985,23.12194762055541,,1700.0,61.0,52.0,17.8
FI_00017456,82944,82944,2024-12-12,60.38240962702985,23.12194762055541,,1700.0,61.0,52.0,17.8
FI_00017457,82944,82944,2024-12-12,60.38240962702985,23.12194762055541,,1700.0,61.0,52.0,17.8
FI_00017458,82944,82944,2024-12-12,60.38240962702985,23.12194762055541,,1700.0,61.0,52.0,17.8
FI_00017459,82944,82944,2024-12-12,60.38240962702985,23.12194762055541,,1700.0,61.0,52.0,17.8
FI_00017460,82944,82944,2024-12-16,60.38240962702985,23.12194762055541,,1900.0,62.0,47.0,19.5
FI_00017461,82944,82944,2024-12-16,60.38240962702985,23.12194762055541,,1900.0,62.0,47.0,19.5
FI_00017462,82944,82944,2024-12-16,60.38240962702985,23.12194762055541,,1900.0,62.0,47.0,19.5
FI_00017463,82944,82944,2024-12-16,60.38240962702985,23.12194762055541,,1900.0,62.0,47.0,19.5
FI_00017464,82944,82944,2024-12-16,60.38240962702985,23.12194762055541,,1900.0,62.0,47.0,19.5
FI_00017465,82944,82944,2024-12-16,60.38240962702985,23.12194762055541,,1900.0,62.0,47.0,19.5
FI_00017466,82944,82944,2024-12-30,60.38240962702985,23.12194762055541,,3300.0,346.0,670.0,14.1
FI_00017467,82944,82944,2024-12-30,60.38240962702985,23.12194762055541,,3300.0,346.0,670.0,14.1
FI_00017468,82944,82944,2024-12-30,60.38240962702985,23.12194762055541,,3300.0,346.0,670.0,14.1
FI_00017469,82944,82944,2024-12-30,60.38240962702985,23.12194762055541,,3300.0,346.0,670.0,14.1
FI_00017470,82944,82944,2024-12-30,60.38240962702985,23.12194762055541,,3300.0,346.0,670.0,14.1
FI_00017471,82944,82944,2024-12-30,60.38240962702985,23.12194762055541,,3300.0,346.0,670.0,14.1
FI_00017724,8640,Mahnalanselkä Kirkkojärvi,2023-01-17,61.47663820089039,23.332238177693053,,910.0,25.0,3.7000000000000006,5.400000000000001
FI_00017725,8640,Mahnalanselkä Kirkkojärvi,2023-01-17,61.47663820089039,23.332238177693053,,910.0,25.0,3.7000000000000006,5.400000000000001
FI_00017726,8640,Mahnalanselkä Kirkkojärvi,2023-01-17,61.47663820089039,23.332238177693053,,910.0,25.0,3.7000000000000006,5.400000000000001
FI_00017727,8640,Mahnalanselkä Kirkkojärvi,2023-01-17,61.47663820089039,23.332238177693053,,910.0,25.0,3.7000000000000006,5.400000000000001
FI_00017728,8640,Mahnalanselkä Kirkkojärvi,2023-01-17,61.47663820089039,23.332238177693053,,910.0,25.0,3.7000000000000006,5.400000000000001
FI_00017729,8640,Mahnalanselkä Kirkkojärvi,2023-01-17,61.47663820089039,23.332238177693053,,910.0,25.0,3.7000000000000006,5.400000000000001
FI_00017730,8640,Mahnalanselkä Kirkkojärvi,2023-01-19,61.47663820089039,23.332238177693053,,980.0,32.0,3.1,5.3
FI_00017731,8640,Mahnalanselkä Kirkkojärvi,2023-01-19,61.47663820089039,23.332238177693053,,980.0,32.0,3.1,5.3
FI_00017732,8640,Mahnalanselkä Kirkkojärvi,2023-01-19,61.47663820089039,23.332238177693053,,980.0,32.0,3.1,5.3
FI_00017733,8640,Mahnalanselkä Kirkkojärvi,2023-01-19,61.47663820089039,23.332238177693053,,980.0,32.0,3.1,5.3
FI_00017734,8640,Mahnalanselkä Kirkkojärvi,2023-01-19,61.47663820089039,23.332238177693053,,980.0,32.0,3.1,5.3
FI_00017735,8640,Mahnalanselkä Kirkkojärvi,2023-01-19,61.47663820089039,23.332238177693053,,980.0,32.0,3.1,5.3
FI_00017736,8640,Mahnalanselkä Kirkkojärvi,2023-02-06,61.47663820089039,23.332238177693053,,940.0,24.0,3.0,5.3
FI_00017737,8640,Mahnalanselkä Kirkkojärvi,2023-02-06,61.47663820089039,23.332238177693053,,940.0,24.0,3.0,5.3
FI_00017738,8640,Mahnalanselkä Kirkkojärvi,2023-02-06,61.47663820089039,23.332238177693053,,940.0,24.0,3.0,5.3
FI_00017739,8640,Mahnalanselkä Kirkkojärvi,2023-02-06,61.47663820089039,23.332238177693053,,940.0,24.0,3.0,5.3
FI_00017740,8640,Mahnalanselkä Kirkkojärvi,2023-02-06,61.47663820089039,23.332238177693053,,940.0,24.0,3.0,5.3
FI_00017741,8640,Mahnalanselkä Kirkkojärvi,2023-02-06,61.47663820089039,23.332238177693053,,940.0,24.0,3.0,5.3
FI_00017742,8640,Mahnalanselkä Kirkkojärvi,2023-02-14,61.47663820089039,23.332238177693053,,850.0,22.0,2.1,5.1
FI_00017743,8640,Mahnalanselkä Kirkkojärvi,2023-02-14,61.47663820089039,23.332238177693053,,850.0,22.0,2.1,5.1
FI_00017744,8640,Mahnalanselkä Kirkkojärvi,2023-02-14,61.47663820089039,23.332238177693053,,850.0,22.0,2.1,5.1
FI_00017745,8640,Mahnalanselkä Kirkkojärvi,2023-02-14,61.47663820089039,23.332238177693053,,850.0,22.0,2.1,5.1
FI_00017746,8640,Mahnalanselkä Kirkkojärvi,2023-02-14,61.47663820089039,23.332238177693053,,850.0,22.0,2.1,5.1
FI_00017747,8640,Mahnalanselkä Kirkkojärvi,2023-02-14,61.47663820089039,23.332238177693053,,850.0,22.0,2.1,5.1
FI_00017748,8640,Mahnalanselkä Kirkkojärvi,2023-03-09,61.47663820089039,23.332238177693053,,860.0,24.0,1.6000000000000003,4.9
FI_00017749,8640,Mahnalanselkä Kirkkojärvi,2023-03-09,61.47663820089039,23.332238177693053,,860.0,24.0,1.6000000000000003,4.9
FI_00017750,8640,Mahnalanselkä Kirkkojärvi,2023-03-09,61.47663820089039,23.332238177693053,,860.0,24.0,1.6000000000000003,4.9
FI_00017751,8640,Mahnalanselkä Kirkkojärvi,2023-03-09,61.47663820089039,23.332238177693053,,860.0,24.0,1.6000000000000003,4.9
FI_00017752,8640,Mahnalanselkä Kirkkojärvi,2023-03-09,61.47663820089039,23.332238177693053,,860.0,24.0,1.6000000000000003,4.9
FI_00017753,8640,Mahnalanselkä Kirkkojärvi,2023-03-09,61.47663820089039,23.332238177693053,,860.0,24.0,1.6000000000000003,4.9
FI_00017754,8640,Mahnalanselkä Kirkkojärvi,2023-03-13,61.47663820089039,23.332238177693053,,810.0,24.0,1.5,5.0
FI_00017755,8640,Mahnalanselkä Kirkkojärvi,2023-03-13,61.47663820089039,23.332238177693053,,810.0,24.0,1.5,5.0
FI_00017756,8640,Mahnalanselkä Kirkkojärvi,2023-03-13,61.47663820089039,23.332238177693053,,810.0,24.0,1.5,5.0
FI_00017757,8640,Mahnalanselkä Kirkkojärvi,2023-03-13,61.47663820089039,23.332238177693053,,810.0,24.0,1.5,5.0
FI_00017758,8640,Mahnalanselkä Kirkkojärvi,2023-03-13,61.47663820089039,23.332238177693053,,810.0,24.0,1.5,5.0
FI_00017759,8640,Mahnalanselkä Kirkkojärvi,2023-03-13,61.47663820089039,23.332238177693053,,810.0,24.0,1.5,5.0
FI_00017760,8640,Mahnalanselkä Kirkkojärvi,2023-04-04,61.47663820089039,23.332238177693053,,910.0,27.0,2.7999999999999994,5.0
FI_00017761,8640,Mahnalanselkä Kirkkojärvi,2023-04-04,61.47663820089039,23.332238177693053,,910.0,27.0,2.7999999999999994,5.0
FI_00017762,8640,Mahnalanselkä Kirkkojärvi,2023-04-04,61.47663820089039,23.332238177693053,,910.0,27.0,2.7999999999999994,5.0
FI_00017763,8640,Mahnalanselkä Kirkkojärvi,2023-04-04,61.47663820089039,23.332238177693053,,910.0,27.0,2.7999999999999994,5.0
FI_00017764,8640,Mahnalanselkä Kirkkojärvi,2023-04-04,61.47663820089039,23.332238177693053,,910.0,27.0,2.7999999999999994,5.0
FI_00017765,8640,Mahnalanselkä Kirkkojärvi,2023-04-04,61.47663820089039,23.332238177693053,,910.0,27.0,2.7999999999999994,5.0
FI_00017766,8640,Mahnalanselkä Kirkkojärvi,2023-04-18,61.47663820089039,23.332238177693053,,1100.0,28.0,4.2,5.400000000000001
FI_00017767,8640,Mahnalanselkä Kirkkojärvi,2023-04-18,61.47663820089039,23.332238177693053,,1100.0,28.0,4.2,5.400000000000001
FI_00017768,8640,Mahnalanselkä Kirkkojärvi,2023-04-18,61.47663820089039,23.332238177693053,,1100.0,28.0,4.2,5.400000000000001
FI_00017769,8640,Mahnalanselkä Kirkkojärvi,2023-04-18,61.47663820089039,23.332238177693053,,1100.0,28.0,4.2,5.400000000000001
FI_00017770,8640,Mahnalanselkä Kirkkojärvi,2023-04-18,61.47663820089039,23.332238177693053,,1100.0,28.0,4.2,5.400000000000001
FI_00017771,8640,Mahnalanselkä Kirkkojärvi,2023-04-18,61.47663820089039,23.332238177693053,,1100.0,28.0,4.2,5.400000000000001
FI_00017772,8640,Mahnalanselkä Kirkkojärvi,2023-05-02,61.47663820089039,23.332238177693053,,1000.0,29.0,6.0,5.1
FI_00017773,8640,Mahnalanselkä Kirkkojärvi,2023-05-02,61.47663820089039,23.332238177693053,,1000.0,29.0,6.0,5.1
FI_00017774,8640,Mahnalanselkä Kirkkojärvi,2023-05-02,61.47663820089039,23.332238177693053,,1000.0,29.0,6.0,5.1
FI_00017775,8640,Mahnalanselkä Kirkkojärvi,2023-05-02,61.47663820089039,23.332238177693053,,1000.0,29.0,6.0,5.1
FI_00017776,8640,Mahnalanselkä Kirkkojärvi,2023-05-02,61.47663820089039,23.332238177693053,,1000.0,29.0,6.0,5.1
FI_00017777,8640,Mahnalanselkä Kirkkojärvi,2023-05-02,61.47663820089039,23.332238177693053,,1000.0,29.0,6.0,5.1
FI_00017778,8640,Mahnalanselkä Kirkkojärvi,2023-05-29,61.47663820089039,23.332238177693053,,750.0,19.0,3.0,4.8
FI_00017779,8640,Mahnalanselkä Kirkkojärvi,2023-05-29,61.47663820089039,23.332238177693053,,750.0,19.0,3.0,4.8
FI_00017780,8640,Mahnalanselkä Kirkkojärvi,2023-05-29,61.47663820089039,23.332238177693053,,750.0,19.0,3.0,4.8
FI_00017781,8640,Mahnalanselkä Kirkkojärvi,2023-05-29,61.47663820089039,23.332238177693053,,750.0,19.0,3.0,4.8
FI_00017782,8640,Mahnalanselkä Kirkkojärvi,2023-05-29,61.47663820089039,23.332238177693053,,750.0,19.0,3.0,4.8
FI_00017783,8640,Mahnalanselkä Kirkkojärvi,2023-05-29,61.47663820089039,23.332238177693053,,750.0,19.0,3.0,4.8
FI_00017784,8640,Mahnalanselkä Kirkkojärvi,2023-06-05,61.47663820089039,23.332238177693053,,750.0,25.0,3.5,4.8
FI_00017785,8640,Mahnalanselkä Kirkkojärvi,2023-06-05,61.47663820089039,23.332238177693053,,750.0,25.0,3.5,4.8
FI_00017786,8640,Mahnalanselkä Kirkkojärvi,2023-06-05,61.47663820089039,23.332238177693053,,750.0,25.0,3.5,4.8
FI_00017787,8640,Mahnalanselkä Kirkkojärvi,2023-06-05,61.47663820089039,23.332238177693053,,750.0,25.0,3.5,4.8
FI_00017788,8640,Mahnalanselkä Kirkkojärvi,2023-06-05,61.47663820089039,23.332238177693053,,750.0,25.0,3.5,4.8
FI_00017789,8640,Mahnalanselkä Kirkkojärvi,2023-06-05,61.47663820089039,23.332238177693053,,750.0,25.0,3.5,4.8
FI_00017790,8640,Mahnalanselkä Kirkkojärvi,2023-06-19,61.47663820089039,23.332238177693053,,740.0,23.0,3.1,5.2
FI_00017791,8640,Mahnalanselkä Kirkkojärvi,2023-06-19,61.47663820089039,23.332238177693053,,740.0,23.0,3.1,5.2
FI_00017792,8640,Mahnalanselkä Kirkkojärvi,2023-06-19,61.47663820089039,23.332238177693053,,740.0,23.0,3.1,5.2
FI_00017793,8640,Mahnalanselkä Kirkkojärvi,2023-06-19,61.47663820089039,23.332238177693053,,740.0,23.0,3.1,5.2
FI_00017794,8640,Mahnalanselkä Kirkkojärvi,2023-06-19,61.47663820089039,23.332238177693053,,740.0,23.0,3.1,5.2
FI_00017795,8640,Mahnalanselkä Kirkkojärvi,2023-06-19,61.47663820089039,23.332238177693053,,740.0,23.0,3.1,5.2
FI_00017796,8640,Mahnalanselkä Kirkkojärvi,2023-07-04,61.47663820089039,23.332238177693053,,610.0,22.0,3.2000000000000006,5.3
FI_00017797,8640,Mahnalanselkä Kirkkojärvi,2023-07-04,61.47663820089039,23.332238177693053,,610.0,22.0,3.2000000000000006,5.3
FI_00017798,8640,Mahnalanselkä Kirkkojärvi,2023-07-04,61.47663820089039,23.332238177693053,,610.0,22.0,3.2000000000000006,5.3
FI_00017799,8640,Mahnalanselkä Kirkkojärvi,2023-07-04,61.47663820089039,23.332238177693053,,610.0,22.0,3.2000000000000006,5.3
FI_00017800,8640,Mahnalanselkä Kirkkojärvi,2023-07-04,61.47663820089039,23.332238177693053,,610.0,22.0,3.2000000000000006,5.3
FI_00017801,8640,Mahnalanselkä Kirkkojärvi,2023-07-04,61.47663820089039,23.332238177693053,,610.0,22.0,3.2000000000000006,5.3
FI_00017802,8640,Mahnalanselkä Kirkkojärvi,2023-07-18,61.47663820089039,23.332238177693053,,600.0,22.0,2.4,5.2
FI_00017803,8640,Mahnalanselkä Kirkkojärvi,2023-07-18,61.47663820089039,23.332238177693053,,600.0,22.0,2.4,5.2
FI_00017804,8640,Mahnalanselkä Kirkkojärvi,2023-07-18,61.47663820089039,23.332238177693053,,600.0,22.0,2.4,5.2
FI_00017805,8640,Mahnalanselkä Kirkkojärvi,2023-07-18,61.47663820089039,23.332238177693053,,600.0,22.0,2.4,5.2
FI_00017806,8640,Mahnalanselkä Kirkkojärvi,2023-07-18,61.47663820089039,23.332238177693053,,600.0,22.0,2.4,5.2
FI_00017807,8640,Mahnalanselkä Kirkkojärvi,2023-07-18,61.47663820089039,23.332238177693053,,600.0,22.0,2.4,5.2
FI_00017808,8640,Mahnalanselkä Kirkkojärvi,2023-08-02,61.47663820089039,23.332238177693053,,580.0,30.0,5.7,5.599999999999999
FI_00017809,8640,Mahnalanselkä Kirkkojärvi,2023-08-02,61.47663820089039,23.332238177693053,,580.0,30.0,5.7,5.599999999999999
FI_00017810,8640,Mahnalanselkä Kirkkojärvi,2023-08-02,61.47663820089039,23.332238177693053,,580.0,30.0,5.7,5.599999999999999
FI_00017811,8640,Mahnalanselkä Kirkkojärvi,2023-08-02,61.47663820089039,23.332238177693053,,580.0,30.0,5.7,5.599999999999999
FI_00017812,8640,Mahnalanselkä Kirkkojärvi,2023-08-02,61.47663820089039,23.332238177693053,,580.0,30.0,5.7,5.599999999999999
FI_00017813,8640,Mahnalanselkä Kirkkojärvi,2023-08-02,61.47663820089039,23.332238177693053,,580.0,30.0,5.7,5.599999999999999
FI_00017814,8640,Mahnalanselkä Kirkkojärvi,2023-08-17,61.47663820089039,23.332238177693053,,540.0,20.0,3.4,5.7
FI_00017815,8640,Mahnalanselkä Kirkkojärvi,2023-08-17,61.47663820089039,23.332238177693053,,540.0,20.0,3.4,5.7
FI_00017816,8640,Mahnalanselkä Kirkkojärvi,2023-08-17,61.47663820089039,23.332238177693053,,540.0,20.0,3.4,5.7
FI_00017817,8640,Mahnalanselkä Kirkkojärvi,2023-08-17,61.47663820089039,23.332238177693053,,540.0,20.0,3.4,5.7
FI_00017818,8640,Mahnalanselkä Kirkkojärvi,2023-08-17,61.47663820089039,23.332238177693053,,540.0,20.0,3.4,5.7
FI_00017819,8640,Mahnalanselkä Kirkkojärvi,2023-08-17,61.47663820089039,23.332238177693053,,540.0,20.0,3.4,5.7
FI_00017820,8640,Mahnalanselkä Kirkkojärvi,2023-09-07,61.47663820089039,23.332238177693053,,760.0,31.0,5.5,5.5
FI_00017821,8640,Mahnalanselkä Kirkkojärvi,2023-09-07,61.47663820089039,23.332238177693053,,760.0,31.0,5.5,5.5
FI_00017822,8640,Mahnalanselkä Kirkkojärvi,2023-09-07,61.47663820089039,23.332238177693053,,760.0,31.0,5.5,5.5
FI_00017823,8640,Mahnalanselkä Kirkkojärvi,2023-09-07,61.47663820089039,23.332238177693053,,760.0,31.0,5.5,5.5
FI_00017824,8640,Mahnalanselkä Kirkkojärvi,2023-09-07,61.47663820089039,23.332238177693053,,760.0,31.0,5.5,5.5
FI_00017825,8640,Mahnalanselkä Kirkkojärvi,2023-09-07,61.47663820089039,23.332238177693053,,760.0,31.0,5.5,5.5
FI_00017826,8640,Mahnalanselkä Kirkkojärvi,2023-09-19,61.47663820089039,23.332238177693053,,730.0,27.0,2.9,5.5
FI_00017827,8640,Mahnalanselkä Kirkkojärvi,2023-09-19,61.47663820089039,23.332238177693053,,730.0,27.0,2.9,5.5
FI_00017828,8640,Mahnalanselkä Kirkkojärvi,2023-09-19,61.47663820089039,23.332238177693053,,730.0,27.0,2.9,5.5
FI_00017829,8640,Mahnalanselkä Kirkkojärvi,2023-09-19,61.47663820089039,23.332238177693053,,730.0,27.0,2.9,5.5
FI_00017830,8640,Mahnalanselkä Kirkkojärvi,2023-09-19,61.47663820089039,23.332238177693053,,730.0,27.0,2.9,5.5
FI_00017831,8640,Mahnalanselkä Kirkkojärvi,2023-09-19,61.47663820089039,23.332238177693053,,730.0,27.0,2.9,5.5
FI_00017832,8640,Mahnalanselkä Kirkkojärvi,2023-10-04,61.47663820089039,23.332238177693053,,800.0,25.0,3.6,5.0
FI_00017833,8640,Mahnalanselkä Kirkkojärvi,2023-10-04,61.47663820089039,23.332238177693053,,800.0,25.0,3.6,5.0
FI_00017834,8640,Mahnalanselkä Kirkkojärvi,2023-10-04,61.47663820089039,23.332238177693053,,800.0,25.0,3.6,5.0
FI_00017835,8640,Mahnalanselkä Kirkkojärvi,2023-10-04,61.47663820089039,23.332238177693053,,800.0,25.0,3.6,5.0
FI_00017836,8640,Mahnalanselkä Kirkkojärvi,2023-10-04,61.47663820089039,23.332238177693053,,800.0,25.0,3.6,5.0
FI_00017837,8640,Mahnalanselkä Kirkkojärvi,2023-10-04,61.47663820089039,23.332238177693053,,800.0,25.0,3.6,5.0
FI_00017838,8640,Mahnalanselkä Kirkkojärvi,2023-10-09,61.47663820089039,23.332238177693053,,820.0,32.0,7.3,4.9
FI_00017839,8640,Mahnalanselkä Kirkkojärvi,2023-10-09,61.47663820089039,23.332238177693053,,820.0,32.0,7.3,4.9
FI_00017840,8640,Mahnalanselkä Kirkkojärvi,2023-10-09,61.47663820089039,23.332238177693053,,820.0,32.0,7.3,4.9
FI_00017841,8640,Mahnalanselkä Kirkkojärvi,2023-10-09,61.47663820089039,23.332238177693053,,820.0,32.0,7.3,4.9
FI_00017842,8640,Mahnalanselkä Kirkkojärvi,2023-10-09,61.47663820089039,23.332238177693053,,820.0,32.0,7.3,4.9
FI_00017843,8640,Mahnalanselkä Kirkkojärvi,2023-10-09,61.47663820089039,23.332238177693053,,820.0,32.0,7.3,4.9
FI_00017844,8640,Mahnalanselkä Kirkkojärvi,2023-11-06,61.47663820089039,23.332238177693053,,830.0,29.0,4.1,4.9
FI_00017845,8640,Mahnalanselkä Kirkkojärvi,2023-11-06,61.47663820089039,23.332238177693053,,830.0,29.0,4.1,4.9
FI_00017846,8640,Mahnalanselkä Kirkkojärvi,2023-11-06,61.47663820089039,23.332238177693053,,830.0,29.0,4.1,4.9
FI_00017847,8640,Mahnalanselkä Kirkkojärvi,2023-11-06,61.47663820089039,23.332238177693053,,830.0,29.0,4.1,4.9
FI_00017848,8640,Mahnalanselkä Kirkkojärvi,2023-11-06,61.47663820089039,23.332238177693053,,830.0,29.0,4.1,4.9
FI_00017849,8640,Mahnalanselkä Kirkkojärvi,2023-11-06,61.47663820089039,23.332238177693053,,830.0,29.0,4.1,4.9
FI_00017850,8640,Mahnalanselkä Kirkkojärvi,2023-11-14,61.47663820089039,23.332238177693053,,840.0,32.0,6.099999999999999,4.8
FI_00017851,8640,Mahnalanselkä Kirkkojärvi,2023-11-14,61.47663820089039,23.332238177693053,,840.0,32.0,6.099999999999999,4.8
FI_00017852,8640,Mahnalanselkä Kirkkojärvi,2023-11-14,61.47663820089039,23.332238177693053,,840.0,32.0,6.099999999999999,4.8
FI_00017853,8640,Mahnalanselkä Kirkkojärvi,2023-11-14,61.47663820089039,23.332238177693053,,840.0,32.0,6.099999999999999,4.8
FI_00017854,8640,Mahnalanselkä Kirkkojärvi,2023-11-14,61.47663820089039,23.332238177693053,,840.0,32.0,6.099999999999999,4.8
FI_00017855,8640,Mahnalanselkä Kirkkojärvi,2023-11-14,61.47663820089039,23.332238177693053,,840.0,32.0,6.099999999999999,4.8
FI_00017856,8640,Mahnalanselkä Kirkkojärvi,2023-12-13,61.47663820089039,23.332238177693053,,805.0,24.0,1.8,4.9
FI_00017857,8640,Mahnalanselkä Kirkkojärvi,2023-12-13,61.47663820089039,23.332238177693053,,805.0,24.0,1.8,4.9
FI_00017858,8640,Mahnalanselkä Kirkkojärvi,2023-12-13,61.47663820089039,23.332238177693053,,805.0,24.0,1.8,4.9
FI_00017859,8640,Mahnalanselkä Kirkkojärvi,2023-12-13,61.47663820089039,23.332238177693053,,805.0,24.0,1.8,4.9
FI_00017860,8640,Mahnalanselkä Kirkkojärvi,2023-12-13,61.47663820089039,23.332238177693053,,805.0,24.0,1.8,4.9
FI_00017861,8640,Mahnalanselkä Kirkkojärvi,2023-12-13,61.47663820089039,23.332238177693053,,805.0,24.0,1.8,4.9
FI_00017862,8640,Mahnalanselkä Kirkkojärvi,2024-01-10,61.47663820089039,23.332238177693053,,750.0,25.0,1.6000000000000003,5.0
FI_00017863,8640,Mahnalanselkä Kirkkojärvi,2024-01-10,61.47663820089039,23.332238177693053,,750.0,25.0,1.6000000000000003,5.0
FI_00017864,8640,Mahnalanselkä Kirkkojärvi,2024-01-10,61.47663820089039,23.332238177693053,,750.0,25.0,1.6000000000000003,5.0
FI_00017865,8640,Mahnalanselkä Kirkkojärvi,2024-01-10,61.47663820089039,23.332238177693053,,750.0,25.0,1.6000000000000003,5.0
FI_00017866,8640,Mahnalanselkä Kirkkojärvi,2024-01-10,61.47663820089039,23.332238177693053,,750.0,25.0,1.6000000000000003,5.0
FI_00017867,8640,Mahnalanselkä Kirkkojärvi,2024-01-10,61.47663820089039,23.332238177693053,,750.0,25.0,1.6000000000000003,5.0
FI_00017868,8640,Mahnalanselkä Kirkkojärvi,2024-01-23,61.47663820089039,23.332238177693053,,840.0,24.0,1.5,5.3
FI_00017869,8640,Mahnalanselkä Kirkkojärvi,2024-01-23,61.47663820089039,23.332238177693053,,840.0,24.0,1.5,5.3
FI_00017870,8640,Mahnalanselkä Kirkkojärvi,2024-01-23,61.47663820089039,23.332238177693053,,840.0,24.0,1.5,5.3
FI_00017871,8640,Mahnalanselkä Kirkkojärvi,2024-01-23,61.47663820089039,23.332238177693053,,840.0,24.0,1.5,5.3
FI_00017872,8640,Mahnalanselkä Kirkkojärvi,2024-01-23,61.47663820089039,23.332238177693053,,840.0,24.0,1.5,5.3
FI_00017873,8640,Mahnalanselkä Kirkkojärvi,2024-01-23,61.47663820089039,23.332238177693053,,840.0,24.0,1.5,5.3
FI_00017874,8640,Mahnalanselkä Kirkkojärvi,2024-02-13,61.47663820089039,23.332238177693053,,820.0,23.0,1.5,5.1
FI_00017875,8640,Mahnalanselkä Kirkkojärvi,2024-02-13,61.47663820089039,23.332238177693053,,820.0,23.0,1.5,5.1
FI_00017876,8640,Mahnalanselkä Kirkkojärvi,2024-02-13,61.47663820089039,23.332238177693053,,820.0,23.0,1.5,5.1
FI_00017877,8640,Mahnalanselkä Kirkkojärvi,2024-02-13,61.47663820089039,23.332238177693053,,820.0,23.0,1.5,5.1
FI_00017878,8640,Mahnalanselkä Kirkkojärvi,2024-02-13,61.47663820089039,23.332238177693053,,820.0,23.0,1.5,5.1
FI_00017879,8640,Mahnalanselkä Kirkkojärvi,2024-02-13,61.47663820089039,23.332238177693053,,820.0,23.0,1.5,5.1
FI_00017880,8640,Mahnalanselkä Kirkkojärvi,2024-02-14,61.47663820089039,23.332238177693053,,810.0,25.0,1.3,5.2
FI_00017881,8640,Mahnalanselkä Kirkkojärvi,2024-02-14,61.47663820089039,23.332238177693053,,810.0,25.0,1.3,5.2
FI_00017882,8640,Mahnalanselkä Kirkkojärvi,2024-02-14,61.47663820089039,23.332238177693053,,810.0,25.0,1.3,5.2
FI_00017883,8640,Mahnalanselkä Kirkkojärvi,2024-02-14,61.47663820089039,23.332238177693053,,810.0,25.0,1.3,5.2
FI_00017884,8640,Mahnalanselkä Kirkkojärvi,2024-02-14,61.47663820089039,23.332238177693053,,810.0,25.0,1.3,5.2
FI_00017885,8640,Mahnalanselkä Kirkkojärvi,2024-02-14,61.47663820089039,23.332238177693053,,810.0,25.0,1.3,5.2
FI_00017886,8640,Mahnalanselkä Kirkkojärvi,2024-03-07,61.47663820089039,23.332238177693053,,890.0,28.0,1.9,5.400000000000001
FI_00017887,8640,Mahnalanselkä Kirkkojärvi,2024-03-07,61.47663820089039,23.332238177693053,,890.0,28.0,1.9,5.400000000000001
FI_00017888,8640,Mahnalanselkä Kirkkojärvi,2024-03-07,61.47663820089039,23.332238177693053,,890.0,28.0,1.9,5.400000000000001
FI_00017889,8640,Mahnalanselkä Kirkkojärvi,2024-03-07,61.47663820089039,23.332238177693053,,890.0,28.0,1.9,5.400000000000001
FI_00017890,8640,Mahnalanselkä Kirkkojärvi,2024-03-07,61.47663820089039,23.332238177693053,,890.0,28.0,1.9,5.400000000000001
FI_00017891,8640,Mahnalanselkä Kirkkojärvi,2024-03-07,61.47663820089039,23.332238177693053,,890.0,28.0,1.9,5.400000000000001
FI_00017892,8640,Mahnalanselkä Kirkkojärvi,2024-03-20,61.47663820089039,23.332238177693053,,980.0,28.0,3.2000000000000006,5.599999999999999
FI_00017893,8640,Mahnalanselkä Kirkkojärvi,2024-03-20,61.47663820089039,23.332238177693053,,980.0,28.0,3.2000000000000006,5.599999999999999
FI_00017894,8640,Mahnalanselkä Kirkkojärvi,2024-03-20,61.47663820089039,23.332238177693053,,980.0,28.0,3.2000000000000006,5.599999999999999
FI_00017895,8640,Mahnalanselkä Kirkkojärvi,2024-03-20,61.47663820089039,23.332238177693053,,980.0,28.0,3.2000000000000006,5.599999999999999
FI_00017896,8640,Mahnalanselkä Kirkkojärvi,2024-03-20,61.47663820089039,23.332238177693053,,980.0,28.0,3.2000000000000006,5.599999999999999
FI_00017897,8640,Mahnalanselkä Kirkkojärvi,2024-03-20,61.47663820089039,23.332238177693053,,980.0,28.0,3.2000000000000006,5.599999999999999
FI_00017898,8640,Mahnalanselkä Kirkkojärvi,2024-04-17,61.47663820089039,23.332238177693053,,1100.0,38.0,13.0,5.0
FI_00017899,8640,Mahnalanselkä Kirkkojärvi,2024-04-17,61.47663820089039,23.332238177693053,,1100.0,38.0,13.0,5.0
FI_00017900,8640,Mahnalanselkä Kirkkojärvi,2024-04-17,61.47663820089039,23.332238177693053,,1100.0,38.0,13.0,5.0
FI_00017901,8640,Mahnalanselkä Kirkkojärvi,2024-04-17,61.47663820089039,23.332238177693053,,1100.0,38.0,13.0,5.0
FI_00017902,8640,Mahnalanselkä Kirkkojärvi,2024-04-17,61.47663820089039,23.332238177693053,,1100.0,38.0,13.0,5.0
FI_00017903,8640,Mahnalanselkä Kirkkojärvi,2024-04-17,61.47663820089039,23.332238177693053,,1100.0,38.0,13.0,5.0
FI_00017904,8640,Mahnalanselkä Kirkkojärvi,2024-04-18,61.47663820089039,23.332238177693053,,980.0,37.0,13.0,4.7
FI_00017905,8640,Mahnalanselkä Kirkkojärvi,2024-04-18,61.47663820089039,23.332238177693053,,980.0,37.0,13.0,4.7
FI_00017906,8640,Mahnalanselkä Kirkkojärvi,2024-04-18,61.47663820089039,23.332238177693053,,980.0,37.0,13.0,4.7
FI_00017907,8640,Mahnalanselkä Kirkkojärvi,2024-04-18,61.47663820089039,23.332238177693053,,980.0,37.0,13.0,4.7
FI_00017908,8640,Mahnalanselkä Kirkkojärvi,2024-04-18,61.47663820089039,23.332238177693053,,980.0,37.0,13.0,4.7
FI_00017909,8640,Mahnalanselkä Kirkkojärvi,2024-04-18,61.47663820089039,23.332238177693053,,980.0,37.0,13.0,4.7
FI_00017910,8640,Mahnalanselkä Kirkkojärvi,2024-05-16,61.47663820089039,23.332238177693053,,730.0,27.0,4.4,4.8
FI_00017911,8640,Mahnalanselkä Kirkkojärvi,2024-05-16,61.47663820089039,23.332238177693053,,730.0,27.0,4.4,4.8
FI_00017912,8640,Mahnalanselkä Kirkkojärvi,2024-05-16,61.47663820089039,23.332238177693053,,730.0,27.0,4.4,4.8
FI_00017913,8640,Mahnalanselkä Kirkkojärvi,2024-05-16,61.47663820089039,23.332238177693053,,730.0,27.0,4.4,4.8
FI_00017914,8640,Mahnalanselkä Kirkkojärvi,2024-05-16,61.47663820089039,23.332238177693053,,730.0,27.0,4.4,4.8
FI_00017915,8640,Mahnalanselkä Kirkkojärvi,2024-05-16,61.47663820089039,23.332238177693053,,730.0,27.0,4.4,4.8
FI_00017916,8640,Mahnalanselkä Kirkkojärvi,2024-05-28,61.47663820089039,23.332238177693053,,740.0,26.0,2.7999999999999994,5.0
FI_00017917,8640,Mahnalanselkä Kirkkojärvi,2024-05-28,61.47663820089039,23.332238177693053,,740.0,26.0,2.7999999999999994,5.0
FI_00017918,8640,Mahnalanselkä Kirkkojärvi,2024-05-28,61.47663820089039,23.332238177693053,,740.0,26.0,2.7999999999999994,5.0
FI_00017919,8640,Mahnalanselkä Kirkkojärvi,2024-05-28,61.47663820089039,23.332238177693053,,740.0,26.0,2.7999999999999994,5.0
FI_00017920,8640,Mahnalanselkä Kirkkojärvi,2024-05-28,61.47663820089039,23.332238177693053,,740.0,26.0,2.7999999999999994,5.0
FI_00017921,8640,Mahnalanselkä Kirkkojärvi,2024-05-28,61.47663820089039,23.332238177693053,,740.0,26.0,2.7999999999999994,5.0
FI_00017922,8640,Mahnalanselkä Kirkkojärvi,2024-06-12,61.47663820089039,23.332238177693053,,700.0,22.0,4.3,5.1
FI_00017923,8640,Mahnalanselkä Kirkkojärvi,2024-06-12,61.47663820089039,23.332238177693053,,700.0,22.0,4.3,5.1
FI_00017924,8640,Mahnalanselkä Kirkkojärvi,2024-06-12,61.47663820089039,23.332238177693053,,700.0,22.0,4.3,5.1
FI_00017925,8640,Mahnalanselkä Kirkkojärvi,2024-06-12,61.47663820089039,23.332238177693053,,700.0,22.0,4.3,5.1
FI_00017926,8640,Mahnalanselkä Kirkkojärvi,2024-06-12,61.47663820089039,23.332238177693053,,700.0,22.0,4.3,5.1
FI_00017927,8640,Mahnalanselkä Kirkkojärvi,2024-06-12,61.47663820089039,23.332238177693053,,700.0,22.0,4.3,5.1
FI_00017928,8640,Mahnalanselkä Kirkkojärvi,2024-06-17,61.47663820089039,23.332238177693053,,740.0,23.0,2.7999999999999994,5.0
FI_00017929,8640,Mahnalanselkä Kirkkojärvi,2024-06-17,61.47663820089039,23.332238177693053,,740.0,23.0,2.7999999999999994,5.0
FI_00017930,8640,Mahnalanselkä Kirkkojärvi,2024-06-17,61.47663820089039,23.332238177693053,,740.0,23.0,2.7999999999999994,5.0
FI_00017931,8640,Mahnalanselkä Kirkkojärvi,2024-06-17,61.47663820089039,23.332238177693053,,740.0,23.0,2.7999999999999994,5.0
FI_00017932,8640,Mahnalanselkä Kirkkojärvi,2024-06-17,61.47663820089039,23.332238177693053,,740.0,23.0,2.7999999999999994,5.0
FI_00017933,8640,Mahnalanselkä Kirkkojärvi,2024-06-17,61.47663820089039,23.332238177693053,,740.0,23.0,2.7999999999999994,5.0
FI_00017934,8640,Mahnalanselkä Kirkkojärvi,2024-07-18,61.47663820089039,23.332238177693053,,640.0,27.0,2.7000000000000006,5.2
FI_00017935,8640,Mahnalanselkä Kirkkojärvi,2024-07-18,61.47663820089039,23.332238177693053,,640.0,27.0,2.7000000000000006,5.2
FI_00017936,8640,Mahnalanselkä Kirkkojärvi,2024-07-18,61.47663820089039,23.332238177693053,,640.0,27.0,2.7000000000000006,5.2
FI_00017937,8640,Mahnalanselkä Kirkkojärvi,2024-07-18,61.47663820089039,23.332238177693053,,640.0,27.0,2.7000000000000006,5.2
FI_00017938,8640,Mahnalanselkä Kirkkojärvi,2024-07-18,61.47663820089039,23.332238177693053,,640.0,27.0,2.7000000000000006,5.2
FI_00017939,8640,Mahnalanselkä Kirkkojärvi,2024-07-18,61.47663820089039,23.332238177693053,,640.0,27.0,2.7000000000000006,5.2
FI_00017940,8640,Mahnalanselkä Kirkkojärvi,2024-07-22,61.47663820089039,23.332238177693053,,640.0,24.0,3.1,5.1
FI_00017941,8640,Mahnalanselkä Kirkkojärvi,2024-07-22,61.47663820089039,23.332238177693053,,640.0,24.0,3.1,5.1
FI_00017942,8640,Mahnalanselkä Kirkkojärvi,2024-07-22,61.47663820089039,23.332238177693053,,640.0,24.0,3.1,5.1
FI_00017943,8640,Mahnalanselkä Kirkkojärvi,2024-07-22,61.47663820089039,23.332238177693053,,640.0,24.0,3.1,5.1
FI_00017944,8640,Mahnalanselkä Kirkkojärvi,2024-07-22,61.47663820089039,23.332238177693053,,640.0,24.0,3.1,5.1
FI_00017945,8640,Mahnalanselkä Kirkkojärvi,2024-07-22,61.47663820089039,23.332238177693053,,640.0,24.0,3.1,5.1
FI_00017946,8640,Mahnalanselkä Kirkkojärvi,2024-08-07,61.47663820089039,23.332238177693053,,620.0,24.0,3.0,5.7
FI_00017947,8640,Mahnalanselkä Kirkkojärvi,2024-08-07,61.47663820089039,23.332238177693053,,620.0,24.0,3.0,5.7
FI_00017948,8640,Mahnalanselkä Kirkkojärvi,2024-08-07,61.47663820089039,23.332238177693053,,620.0,24.0,3.0,5.7
FI_00017949,8640,Mahnalanselkä Kirkkojärvi,2024-08-07,61.47663820089039,23.332238177693053,,620.0,24.0,3.0,5.7
FI_00017950,8640,Mahnalanselkä Kirkkojärvi,2024-08-07,61.47663820089039,23.332238177693053,,620.0,24.0,3.0,5.7
FI_00017951,8640,Mahnalanselkä Kirkkojärvi,2024-08-07,61.47663820089039,23.332238177693053,,620.0,24.0,3.0,5.7
FI_00017952,8640,Mahnalanselkä Kirkkojärvi,2024-08-26,61.47663820089039,23.332238177693053,,630.0,23.0,3.4,5.599999999999999
FI_00017953,8640,Mahnalanselkä Kirkkojärvi,2024-08-26,61.47663820089039,23.332238177693053,,630.0,23.0,3.4,5.599999999999999
FI_00017954,8640,Mahnalanselkä Kirkkojärvi,2024-08-26,61.47663820089039,23.332238177693053,,630.0,23.0,3.4,5.599999999999999
FI_00017955,8640,Mahnalanselkä Kirkkojärvi,2024-08-26,61.47663820089039,23.332238177693053,,630.0,23.0,3.4,5.599999999999999
FI_00017956,8640,Mahnalanselkä Kirkkojärvi,2024-08-26,61.47663820089039,23.332238177693053,,630.0,23.0,3.4,5.599999999999999
FI_00017957,8640,Mahnalanselkä Kirkkojärvi,2024-08-26,61.47663820089039,23.332238177693053,,630.0,23.0,3.4,5.599999999999999
FI_00017958,8640,Mahnalanselkä Kirkkojärvi,2024-09-02,61.47663820089039,23.332238177693053,,650.0,27.0,5.2,5.599999999999999
FI_00017959,8640,Mahnalanselkä Kirkkojärvi,2024-09-02,61.47663820089039,23.332238177693053,,650.0,27.0,5.2,5.599999999999999
FI_00017960,8640,Mahnalanselkä Kirkkojärvi,2024-09-02,61.47663820089039,23.332238177693053,,650.0,27.0,5.2,5.599999999999999
FI_00017961,8640,Mahnalanselkä Kirkkojärvi,2024-09-02,61.47663820089039,23.332238177693053,,650.0,27.0,5.2,5.599999999999999
FI_00017962,8640,Mahnalanselkä Kirkkojärvi,2024-09-02,61.47663820089039,23.332238177693053,,650.0,27.0,5.2,5.599999999999999
FI_00017963,8640,Mahnalanselkä Kirkkojärvi,2024-09-02,61.47663820089039,23.332238177693053,,650.0,27.0,5.2,5.599999999999999
FI_00017964,8640,Mahnalanselkä Kirkkojärvi,2024-09-19,61.47663820089039,23.332238177693053,,680.0,25.0,3.2999999999999994,5.400000000000001
FI_00017965,8640,Mahnalanselkä Kirkkojärvi,2024-09-19,61.47663820089039,23.332238177693053,,680.0,25.0,3.2999999999999994,5.400000000000001
FI_00017966,8640,Mahnalanselkä Kirkkojärvi,2024-09-19,61.47663820089039,23.332238177693053,,680.0,25.0,3.2999999999999994,5.400000000000001
FI_00017967,8640,Mahnalanselkä Kirkkojärvi,2024-09-19,61.47663820089039,23.332238177693053,,680.0,25.0,3.2999999999999994,5.400000000000001
FI_00017968,8640,Mahnalanselkä Kirkkojärvi,2024-09-19,61.47663820089039,23.332238177693053,,680.0,25.0,3.2999999999999994,5.400000000000001
FI_00017969,8640,Mahnalanselkä Kirkkojärvi,2024-09-19,61.47663820089039,23.332238177693053,,680.0,25.0,3.2999999999999994,5.400000000000001
FI_00017970,8640,Mahnalanselkä Kirkkojärvi,2024-10-10,61.47663820089039,23.332238177693053,,730.0,26.0,3.6,5.3
FI_00017971,8640,Mahnalanselkä Kirkkojärvi,2024-10-10,61.47663820089039,23.332238177693053,,730.0,26.0,3.6,5.3
FI_00017972,8640,Mahnalanselkä Kirkkojärvi,2024-10-10,61.47663820089039,23.332238177693053,,730.0,26.0,3.6,5.3
FI_00017973,8640,Mahnalanselkä Kirkkojärvi,2024-10-10,61.47663820089039,23.332238177693053,,730.0,26.0,3.6,5.3
FI_00017974,8640,Mahnalanselkä Kirkkojärvi,2024-10-10,61.47663820089039,23.332238177693053,,730.0,26.0,3.6,5.3
FI_00017975,8640,Mahnalanselkä Kirkkojärvi,2024-10-10,61.47663820089039,23.332238177693053,,730.0,26.0,3.6,5.3
FI_00017976,8640,Mahnalanselkä Kirkkojärvi,2024-10-17,61.47663820089039,23.332238177693053,,830.0,28.0,4.9,5.1
FI_00017977,8640,Mahnalanselkä Kirkkojärvi,2024-10-17,61.47663820089039,23.332238177693053,,830.0,28.0,4.9,5.1
FI_00017978,8640,Mahnalanselkä Kirkkojärvi,2024-10-17,61.47663820089039,23.332238177693053,,830.0,28.0,4.9,5.1
FI_00017979,8640,Mahnalanselkä Kirkkojärvi,2024-10-17,61.47663820089039,23.332238177693053,,830.0,28.0,4.9,5.1
FI_00017980,8640,Mahnalanselkä Kirkkojärvi,2024-10-17,61.47663820089039,23.332238177693053,,830.0,28.0,4.9,5.1
FI_00017981,8640,Mahnalanselkä Kirkkojärvi,2024-10-17,61.47663820089039,23.332238177693053,,830.0,28.0,4.9,5.1
FI_00017982,8640,Mahnalanselkä Kirkkojärvi,2024-11-04,61.47663820089039,23.332238177693053,,810.0,32.0,4.1,5.0
FI_00017983,8640,Mahnalanselkä Kirkkojärvi,2024-11-04,61.47663820089039,23.332238177693053,,810.0,32.0,4.1,5.0
FI_00017984,8640,Mahnalanselkä Kirkkojärvi,2024-11-04,61.47663820089039,23.332238177693053,,810.0,32.0,4.1,5.0
FI_00017985,8640,Mahnalanselkä Kirkkojärvi,2024-11-04,61.47663820089039,23.332238177693053,,810.0,32.0,4.1,5.0
FI_00017986,8640,Mahnalanselkä Kirkkojärvi,2024-11-04,61.47663820089039,23.332238177693053,,810.0,32.0,4.1,5.0
FI_00017987,8640,Mahnalanselkä Kirkkojärvi,2024-11-04,61.47663820089039,23.332238177693053,,810.0,32.0,4.1,5.0
FI_00017988,8640,Mahnalanselkä Kirkkojärvi,2024-11-14,61.47663820089039,23.332238177693053,,820.0,29.0,3.1,5.0
FI_00017989,8640,Mahnalanselkä Kirkkojärvi,2024-11-14,61.47663820089039,23.332238177693053,,820.0,29.0,3.1,5.0
FI_00017990,8640,Mahnalanselkä Kirkkojärvi,2024-11-14,61.47663820089039,23.332238177693053,,820.0,29.0,3.1,5.0
FI_00017991,8640,Mahnalanselkä Kirkkojärvi,2024-11-14,61.47663820089039,23.332238177693053,,820.0,29.0,3.1,5.0
FI_00017992,8640,Mahnalanselkä Kirkkojärvi,2024-11-14,61.47663820089039,23.332238177693053,,820.0,29.0,3.1,5.0
FI_00017993,8640,Mahnalanselkä Kirkkojärvi,2024-11-14,61.47663820089039,23.332238177693053,,820.0,29.0,3.1,5.0
FI_00017994,8640,Mahnalanselkä Kirkkojärvi,2024-12-11,61.47663820089039,23.332238177693053,,930.0,29.0,4.4,4.7
FI_00017995,8640,Mahnalanselkä Kirkkojärvi,2024-12-11,61.47663820089039,23.332238177693053,,930.0,29.0,4.4,4.7
FI_00017996,8640,Mahnalanselkä Kirkkojärvi,2024-12-11,61.47663820089039,23.332238177693053,,930.0,29.0,4.4,4.7
FI_00017997,8640,Mahnalanselkä Kirkkojärvi,2024-12-11,61.47663820089039,23.332238177693053,,930.0,29.0,4.4,4.7
FI_00017998,8640,Mahnalanselkä Kirkkojärvi,2024-12-11,61.47663820089039,23.332238177693053,,930.0,29.0,4.4,4.7
FI_00017999,8640,Mahnalanselkä Kirkkojärvi,2024-12-11,61.47663820089039,23.332238177693053,,930.0,29.0,4.4,4.7
FI_00018000,8640,Mahnalanselkä Kirkkojärvi,2024-12-17,61.47663820089039,23.332238177693053,,860.0,29.0,3.6,4.8
FI_00018001,8640,Mahnalanselkä Kirkkojärvi,2024-12-17,61.47663820089039,23.332238177693053,,860.0,29.0,3.6,4.8
FI_00018002,8640,Mahnalanselkä Kirkkojärvi,2024-12-17,61.47663820089039,23.332238177693053,,860.0,29.0,3.6,4.8
FI_00018003,8640,Mahnalanselkä Kirkkojärvi,2024-12-17,61.47663820089039,23.332238177693053,,860.0,29.0,3.6,4.8
FI_00018004,8640,Mahnalanselkä Kirkkojärvi,2024-12-17,61.47663820089039,23.332238177693053,,860.0,29.0,3.6,4.8
FI_00018005,8640,Mahnalanselkä Kirkkojärvi,2024-12-17,61.47663820089039,23.332238177693053,,860.0,29.0,3.6,4.8
FI_00018006,8713,Kyrösjärvi,2023-03-14,61.79015271539164,23.10493876617303,,836.6666666666666,31.0,1.5666666666666669,4.5
FI_00018007,8713,Kyrösjärvi,2023-03-14,61.79015271539164,23.10493876617303,,836.6666666666666,31.0,1.5666666666666669,4.5
FI_00018008,8713,Kyrösjärvi,2023-03-14,61.79015271539164,23.10493876617303,,836.6666666666666,31.0,1.5666666666666669,4.5
FI_00018009,8713,Kyrösjärvi,2023-03-14,61.79015271539164,23.10493876617303,,836.6666666666666,31.0,1.5666666666666669,4.5
FI_00018010,8713,Kyrösjärvi,2023-03-14,61.79015271539164,23.10493876617303,,836.6666666666666,31.0,1.5666666666666669,4.5
FI_00018011,8713,Kyrösjärvi,2023-03-14,61.79015271539164,23.10493876617303,,836.6666666666666,31.0,1.5666666666666669,4.5
FI_00018012,8713,Kyrösjärvi,2023-08-07,61.79015271539164,23.10493876617303,3.1,740.0,24.0,1.7000000000000002,4.333333333333333
FI_00018013,8713,Kyrösjärvi,2023-08-07,61.79015271539164,23.10493876617303,3.1,740.0,24.0,1.7000000000000002,4.333333333333333
FI_00018014,8713,Kyrösjärvi,2023-08-07,61.79015271539164,23.10493876617303,3.1,740.0,24.0,1.7000000000000002,4.333333333333333
FI_00018015,8713,Kyrösjärvi,2023-08-07,61.79015271539164,23.10493876617303,3.1,740.0,24.0,1.7000000000000002,4.333333333333333
FI_00018016,8713,Kyrösjärvi,2023-08-07,61.79015271539164,23.10493876617303,3.1,740.0,24.0,1.7000000000000002,4.333333333333333
FI_00018017,8713,Kyrösjärvi,2023-08-07,61.79015271539164,23.10493876617303,3.1,740.0,24.0,1.7000000000000002,4.333333333333333
FI_00018018,8713,Kyrösjärvi,2023-10-04,61.79015271539164,23.10493876617303,4.0,770.0,22.0,1.7,4.5
FI_00018019,8713,Kyrösjärvi,2023-10-04,61.79015271539164,23.10493876617303,4.0,770.0,22.0,1.7,4.5
FI_00018020,8713,Kyrösjärvi,2023-10-04,61.79015271539164,23.10493876617303,4.0,770.0,22.0,1.7,4.5
FI_00018021,8713,Kyrösjärvi,2023-10-04,61.79015271539164,23.10493876617303,4.0,770.0,22.0,1.7,4.5
FI_00018022,8713,Kyrösjärvi,2023-10-04,61.79015271539164,23.10493876617303,4.0,770.0,22.0,1.7,4.5
FI_00018023,8713,Kyrösjärvi,2023-10-04,61.79015271539164,23.10493876617303,4.0,770.0,22.0,1.7,4.5
FI_00018024,8713,Kyrösjärvi,2024-03-07,61.79015271539164,23.10493876617303,,913.3333333333334,45.0,2.1666666666666665,5.333333333333333
FI_00018025,8713,Kyrösjärvi,2024-03-07,61.79015271539164,23.10493876617303,,913.3333333333334,45.0,2.1666666666666665,5.333333333333333
FI_00018026,8713,Kyrösjärvi,2024-03-07,61.79015271539164,23.10493876617303,,913.3333333333334,45.0,2.1666666666666665,5.333333333333333
FI_00018027,8713,Kyrösjärvi,2024-03-07,61.79015271539164,23.10493876617303,,913.3333333333334,45.0,2.1666666666666665,5.333333333333333
FI_00018028,8713,Kyrösjärvi,2024-03-07,61.79015271539164,23.10493876617303,,913.3333333333334,45.0,2.1666666666666665,5.333333333333333
FI_00018029,8713,Kyrösjärvi,2024-03-07,61.79015271539164,23.10493876617303,,913.3333333333334,45.0,2.1666666666666665,5.333333333333333
FI_00018030,8713,Kyrösjärvi,2024-08-21,61.79015271539164,23.10493876617303,7.8,796.6666666666666,24.0,2.1333333333333337,4.166666666666667
FI_00018031,8713,Kyrösjärvi,2024-08-21,61.79015271539164,23.10493876617303,7.8,796.6666666666666,24.0,2.1333333333333337,4.166666666666667
FI_00018032,8713,Kyrösjärvi,2024-08-21,61.79015271539164,23.10493876617303,7.8,796.6666666666666,24.0,2.1333333333333337,4.166666666666667
FI_00018033,8713,Kyrösjärvi,2024-08-21,61.79015271539164,23.10493876617303,7.8,796.6666666666666,24.0,2.1333333333333337,4.166666666666667
FI_00018034,8713,Kyrösjärvi,2024-08-21,61.79015271539164,23.10493876617303,7.8,796.6666666666666,24.0,2.1333333333333337,4.166666666666667
FI_00018035,8713,Kyrösjärvi,2024-08-21,61.79015271539164,23.10493876617303,7.8,796.6666666666666,24.0,2.1333333333333337,4.166666666666667
FI_00018036,8713,Kyrösjärvi,2024-10-03,61.79015271539164,23.10493876617303,3.9,810.0,26.0,2.1,4.3
FI_00018037,8713,Kyrösjärvi,2024-10-03,61.79015271539164,23.10493876617303,3.9,810.0,26.0,2.1,4.3
FI_00018038,8713,Kyrösjärvi,2024-10-03,61.79015271539164,23.10493876617303,3.9,810.0,26.0,2.1,4.3
FI_00018039,8713,Kyrösjärvi,2024-10-03,61.79015271539164,23.10493876617303,3.9,810.0,26.0,2.1,4.3
FI_00018040,8713,Kyrösjärvi,2024-10-03,61.79015271539164,23.10493876617303,3.9,810.0,26.0,2.1,4.3
FI_00018041,8713,Kyrösjärvi,2024-10-03,61.79015271539164,23.10493876617303,3.9,810.0,26.0,2.1,4.3
FI_00018042,8848,Kovesjärvi,2023-03-02,62.058927455619774,22.84303334040738,,560.0,15.0,0.44,2.6
FI_00018043,8848,Kovesjärvi,2023-03-02,62.058927455619774,22.84303334040738,,560.0,15.0,0.44,2.6
FI_00018044,8848,Kovesjärvi,2023-03-02,62.058927455619774,22.84303334040738,,560.0,15.0,0.44,2.6
FI_00018045,8848,Kovesjärvi,2023-03-02,62.058927455619774,22.84303334040738,,560.0,15.0,0.44,2.6
FI_00018046,8848,Kovesjärvi,2023-03-02,62.058927455619774,22.84303334040738,,560.0,15.0,0.44,2.6
FI_00018047,8848,Kovesjärvi,2023-03-02,62.058927455619774,22.84303334040738,,560.0,15.0,0.44,2.6
FI_00018048,8848,Kovesjärvi,2023-08-28,62.058927455619774,22.84303334040738,1.0,475.0,17.0,1.75,2.3
FI_00018049,8848,Kovesjärvi,2023-08-28,62.058927455619774,22.84303334040738,1.0,475.0,17.0,1.75,2.3
FI_00018050,8848,Kovesjärvi,2023-08-28,62.058927455619774,22.84303334040738,1.0,475.0,17.0,1.75,2.3
FI_00018051,8848,Kovesjärvi,2023-08-28,62.058927455619774,22.84303334040738,1.0,475.0,17.0,1.75,2.3
FI_00018052,8848,Kovesjärvi,2023-08-28,62.058927455619774,22.84303334040738,1.0,475.0,17.0,1.75,2.3
FI_00018053,8848,Kovesjärvi,2023-08-28,62.058927455619774,22.84303334040738,1.0,475.0,17.0,1.75,2.3
FI_00018054,8848,Kovesjärvi,2024-03-11,62.058927455619774,22.84303334040738,,625.0,18.5,0.59,2.7000000000000006
FI_00018055,8848,Kovesjärvi,2024-03-11,62.058927455619774,22.84303334040738,,625.0,18.5,0.59,2.7000000000000006
FI_00018056,8848,Kovesjärvi,2024-03-11,62.058927455619774,22.84303334040738,,625.0,18.5,0.59,2.7000000000000006
FI_00018057,8848,Kovesjärvi,2024-03-11,62.058927455619774,22.84303334040738,,625.0,18.5,0.59,2.7000000000000006
FI_00018058,8848,Kovesjärvi,2024-03-11,62.058927455619774,22.84303334040738,,625.0,18.5,0.59,2.7000000000000006
FI_00018059,8848,Kovesjärvi,2024-03-11,62.058927455619774,22.84303334040738,,625.0,18.5,0.59,2.7000000000000006
FI_00018060,8848,Kovesjärvi,2024-08-15,62.058927455619774,22.84303334040738,9.4,475.0,19.0,1.5,2.4
FI_00018061,8848,Kovesjärvi,2024-08-15,62.058927455619774,22.84303334040738,9.4,475.0,19.0,1.5,2.4
FI_00018062,8848,Kovesjärvi,2024-08-15,62.058927455619774,22.84303334040738,9.4,475.0,19.0,1.5,2.4
FI_00018063,8848,Kovesjärvi,2024-08-15,62.058927455619774,22.84303334040738,9.4,475.0,19.0,1.5,2.4
FI_00018064,8848,Kovesjärvi,2024-08-15,62.058927455619774,22.84303334040738,9.4,475.0,19.0,1.5,2.4
FI_00018065,8848,Kovesjärvi,2024-08-15,62.058927455619774,22.84303334040738,9.4,475.0,19.0,1.5,2.4
FI_00018066,8848,Kovesjärvi,2024-10-03,62.058927455619774,22.84303334040738,6.099999999999999,490.0,21.0,1.3999999999999997,2.4
FI_00018067,8848,Kovesjärvi,2024-10-03,62.058927455619774,22.84303334040738,6.099999999999999,490.0,21.0,1.3999999999999997,2.4
FI_00018068,8848,Kovesjärvi,2024-10-03,62.058927455619774,22.84303334040738,6.099999999999999,490.0,21.0,1.3999999999999997,2.4
FI_00018069,8848,Kovesjärvi,2024-10-03,62.058927455619774,22.84303334040738,6.099999999999999,490.0,21.0,1.3999999999999997,2.4
FI_00018070,8848,Kovesjärvi,2024-10-03,62.058927455619774,22.84303334040738,6.099999999999999,490.0,21.0,1.3999999999999997,2.4
FI_00018071,8848,Kovesjärvi,2024-10-03,62.058927455619774,22.84303334040738,6.099999999999999,490.0,21.0,1.3999999999999997,2.4
FI_00018462,893,893,2023-01-17,60.30423876744703,24.98999207845529,,1600.0,60.0,,23.0
FI_00018463,893,893,2023-01-17,60.30423876744703,24.98999207845529,,1600.0,60.0,,23.0
FI_00018464,893,893,2023-01-17,60.30423876744703,24.98999207845529,,1600.0,60.0,,23.0
FI_00018465,893,893,2023-01-17,60.30423876744703,24.98999207845529,,1600.0,60.0,,23.0
FI_00018466,893,893,2023-01-17,60.30423876744703,24.98999207845529,,1600.0,60.0,,23.0
FI_00018467,893,893,2023-01-17,60.30423876744703,24.98999207845529,,1600.0,60.0,,23.0
FI_00018468,893,893,2023-01-31,60.30423876744703,24.98999207845529,,1300.0,200.0,,35.0
FI_00018469,893,893,2023-01-31,60.30423876744703,24.98999207845529,,1300.0,200.0,,35.0
FI_00018470,893,893,2023-01-31,60.30423876744703,24.98999207845529,,1300.0,200.0,,35.0
FI_00018471,893,893,2023-01-31,60.30423876744703,24.98999207845529,,1300.0,200.0,,35.0
FI_00018472,893,893,2023-01-31,60.30423876744703,24.98999207845529,,1300.0,200.0,,35.0
FI_00018473,893,893,2023-01-31,60.30423876744703,24.98999207845529,,1300.0,200.0,,35.0
FI_00018474,893,893,2023-02-13,60.30423876744703,24.98999207845529,,1800.0,44.0,,35.0
FI_00018475,893,893,2023-02-13,60.30423876744703,24.98999207845529,,1800.0,44.0,,35.0
FI_00018476,893,893,2023-02-13,60.30423876744703,24.98999207845529,,1800.0,44.0,,35.0
FI_00018477,893,893,2023-02-13,60.30423876744703,24.98999207845529,,1800.0,44.0,,35.0
FI_00018478,893,893,2023-02-13,60.30423876744703,24.98999207845529,,1800.0,44.0,,35.0
FI_00018479,893,893,2023-02-13,60.30423876744703,24.98999207845529,,1800.0,44.0,,35.0
FI_00018480,893,893,2023-02-28,60.30423876744703,24.98999207845529,,1600.0,81.0,,38.0
FI_00018481,893,893,2023-02-28,60.30423876744703,24.98999207845529,,1600.0,81.0,,38.0
FI_00018482,893,893,2023-02-28,60.30423876744703,24.98999207845529,,1600.0,81.0,,38.0
FI_00018483,893,893,2023-02-28,60.30423876744703,24.98999207845529,,1600.0,81.0,,38.0
FI_00018484,893,893,2023-02-28,60.30423876744703,24.98999207845529,,1600.0,81.0,,38.0
FI_00018485,893,893,2023-02-28,60.30423876744703,24.98999207845529,,1600.0,81.0,,38.0
FI_00018486,893,893,2023-03-13,60.30423876744703,24.98999207845529,,1400.0,46.0,,58.0
FI_00018487,893,893,2023-03-13,60.30423876744703,24.98999207845529,,1400.0,46.0,,58.0
FI_00018488,893,893,2023-03-13,60.30423876744703,24.98999207845529,,1400.0,46.0,,58.0
FI_00018489,893,893,2023-03-13,60.30423876744703,24.98999207845529,,1400.0,46.0,,58.0
FI_00018490,893,893,2023-03-13,60.30423876744703,24.98999207845529,,1400.0,46.0,,58.0
FI_00018491,893,893,2023-03-13,60.30423876744703,24.98999207845529,,1400.0,46.0,,58.0
FI_00018492,893,893,2023-03-28,60.30423876744703,24.98999207845529,,1400.0,42.0,,27.0
FI_00018493,893,893,2023-03-28,60.30423876744703,24.98999207845529,,1400.0,42.0,,27.0
FI_00018494,893,893,2023-03-28,60.30423876744703,24.98999207845529,,1400.0,42.0,,27.0
FI_00018495,893,893,2023-03-28,60.30423876744703,24.98999207845529,,1400.0,42.0,,27.0
FI_00018496,893,893,2023-03-28,60.30423876744703,24.98999207845529,,1400.0,42.0,,27.0
FI_00018497,893,893,2023-03-28,60.30423876744703,24.98999207845529,,1400.0,42.0,,27.0
FI_00018498,893,893,2023-04-12,60.30423876744703,24.98999207845529,,1900.0,29.0,,31.0
FI_00018499,893,893,2023-04-12,60.30423876744703,24.98999207845529,,1900.0,29.0,,31.0
FI_00018500,893,893,2023-04-12,60.30423876744703,24.98999207845529,,1900.0,29.0,,31.0
FI_00018501,893,893,2023-04-12,60.30423876744703,24.98999207845529,,1900.0,29.0,,31.0
FI_00018502,893,893,2023-04-12,60.30423876744703,24.98999207845529,,1900.0,29.0,,31.0
FI_00018503,893,893,2023-04-12,60.30423876744703,24.98999207845529,,1900.0,29.0,,31.0
FI_00018504,893,893,2023-04-25,60.30423876744703,24.98999207845529,,2000.0,110.0,,36.0
FI_00018505,893,893,2023-04-25,60.30423876744703,24.98999207845529,,2000.0,110.0,,36.0
FI_00018506,893,893,2023-04-25,60.30423876744703,24.98999207845529,,2000.0,110.0,,36.0
FI_00018507,893,893,2023-04-25,60.30423876744703,24.98999207845529,,2000.0,110.0,,36.0
FI_00018508,893,893,2023-04-25,60.30423876744703,24.98999207845529,,2000.0,110.0,,36.0
FI_00018509,893,893,2023-04-25,60.30423876744703,24.98999207845529,,2000.0,110.0,,36.0
FI_00018510,893,893,2023-05-09,60.30423876744703,24.98999207845529,,1300.0,74.0,,26.0
FI_00018511,893,893,2023-05-09,60.30423876744703,24.98999207845529,,1300.0,74.0,,26.0
FI_00018512,893,893,2023-05-09,60.30423876744703,24.98999207845529,,1300.0,74.0,,26.0
FI_00018513,893,893,2023-05-09,60.30423876744703,24.98999207845529,,1300.0,74.0,,26.0
FI_00018514,893,893,2023-05-09,60.30423876744703,24.98999207845529,,1300.0,74.0,,26.0
FI_00018515,893,893,2023-05-09,60.30423876744703,24.98999207845529,,1300.0,74.0,,26.0
FI_00018516,893,893,2023-05-23,60.30423876744703,24.98999207845529,,1400.0,86.0,,24.0
FI_00018517,893,893,2023-05-23,60.30423876744703,24.98999207845529,,1400.0,86.0,,24.0
FI_00018518,893,893,2023-05-23,60.30423876744703,24.98999207845529,,1400.0,86.0,,24.0
FI_00018519,893,893,2023-05-23,60.30423876744703,24.98999207845529,,1400.0,86.0,,24.0
FI_00018520,893,893,2023-05-23,60.30423876744703,24.98999207845529,,1400.0,86.0,,24.0
FI_00018521,893,893,2023-05-23,60.30423876744703,24.98999207845529,,1400.0,86.0,,24.0
FI_00018522,893,893,2023-06-06,60.30423876744703,24.98999207845529,,1200.0,51.0,,25.0
FI_00018523,893,893,2023-06-06,60.30423876744703,24.98999207845529,,1200.0,51.0,,25.0
FI_00018524,893,893,2023-06-06,60.30423876744703,24.98999207845529,,1200.0,51.0,,25.0
FI_00018525,893,893,2023-06-06,60.30423876744703,24.98999207845529,,1200.0,51.0,,25.0
FI_00018526,893,893,2023-06-06,60.30423876744703,24.98999207845529,,1200.0,51.0,,25.0
FI_00018527,893,893,2023-06-06,60.30423876744703,24.98999207845529,,1200.0,51.0,,25.0
FI_00018528,893,893,2023-06-20,60.30423876744703,24.98999207845529,,1700.0,41.0,,27.0
FI_00018529,893,893,2023-06-20,60.30423876744703,24.98999207845529,,1700.0,41.0,,27.0
FI_00018530,893,893,2023-06-20,60.30423876744703,24.98999207845529,,1700.0,41.0,,27.0
FI_00018531,893,893,2023-06-20,60.30423876744703,24.98999207845529,,1700.0,41.0,,27.0
FI_00018532,893,893,2023-06-20,60.30423876744703,24.98999207845529,,1700.0,41.0,,27.0
FI_00018533,893,893,2023-06-20,60.30423876744703,24.98999207845529,,1700.0,41.0,,27.0
FI_00018534,893,893,2023-07-04,60.30423876744703,24.98999207845529,,700.0,43.0,,8.9
FI_00018535,893,893,2023-07-04,60.30423876744703,24.98999207845529,,700.0,43.0,,8.9
FI_00018536,893,893,2023-07-04,60.30423876744703,24.98999207845529,,700.0,43.0,,8.9
FI_00018537,893,893,2023-07-04,60.30423876744703,24.98999207845529,,700.0,43.0,,8.9
FI_00018538,893,893,2023-07-04,60.30423876744703,24.98999207845529,,700.0,43.0,,8.9
FI_00018539,893,893,2023-07-04,60.30423876744703,24.98999207845529,,700.0,43.0,,8.9
FI_00018540,893,893,2023-07-18,60.30423876744703,24.98999207845529,,740.0,31.0,,9.7
FI_00018541,893,893,2023-07-18,60.30423876744703,24.98999207845529,,740.0,31.0,,9.7
FI_00018542,893,893,2023-07-18,60.30423876744703,24.98999207845529,,740.0,31.0,,9.7
FI_00018543,893,893,2023-07-18,60.30423876744703,24.98999207845529,,740.0,31.0,,9.7
FI_00018544,893,893,2023-07-18,60.30423876744703,24.98999207845529,,740.0,31.0,,9.7
FI_00018545,893,893,2023-07-18,60.30423876744703,24.98999207845529,,740.0,31.0,,9.7
FI_00018546,893,893,2023-08-15,60.30423876744703,24.98999207845529,,1000.0,21.0,,16.0
FI_00018547,893,893,2023-08-15,60.30423876744703,24.98999207845529,,1000.0,21.0,,16.0
FI_00018548,893,893,2023-08-15,60.30423876744703,24.98999207845529,,1000.0,21.0,,16.0
FI_00018549,893,893,2023-08-15,60.30423876744703,24.98999207845529,,1000.0,21.0,,16.0
FI_00018550,893,893,2023-08-15,60.30423876744703,24.98999207845529,,1000.0,21.0,,16.0
FI_00018551,893,893,2023-08-15,60.30423876744703,24.98999207845529,,1000.0,21.0,,16.0
FI_00018552,893,893,2023-08-29,60.30423876744703,24.98999207845529,,660.0,29.0,,7.0
FI_00018553,893,893,2023-08-29,60.30423876744703,24.98999207845529,,660.0,29.0,,7.0
FI_00018554,893,893,2023-08-29,60.30423876744703,24.98999207845529,,660.0,29.0,,7.0
FI_00018555,893,893,2023-08-29,60.30423876744703,24.98999207845529,,660.0,29.0,,7.0
FI_00018556,893,893,2023-08-29,60.30423876744703,24.98999207845529,,660.0,29.0,,7.0
FI_00018557,893,893,2023-08-29,60.30423876744703,24.98999207845529,,660.0,29.0,,7.0
FI_00018558,893,893,2023-09-12,60.30423876744703,24.98999207845529,,1900.0,38.0,,23.0
FI_00018559,893,893,2023-09-12,60.30423876744703,24.98999207845529,,1900.0,38.0,,23.0
FI_00018560,893,893,2023-09-12,60.30423876744703,24.98999207845529,,1900.0,38.0,,23.0
FI_00018561,893,893,2023-09-12,60.30423876744703,24.98999207845529,,1900.0,38.0,,23.0
FI_00018562,893,893,2023-09-12,60.30423876744703,24.98999207845529,,1900.0,38.0,,23.0
FI_00018563,893,893,2023-09-12,60.30423876744703,24.98999207845529,,1900.0,38.0,,23.0
FI_00018564,893,893,2023-09-26,60.30423876744703,24.98999207845529,,880.0,19.0,,12.0
FI_00018565,893,893,2023-09-26,60.30423876744703,24.98999207845529,,880.0,19.0,,12.0
FI_00018566,893,893,2023-09-26,60.30423876744703,24.98999207845529,,880.0,19.0,,12.0
FI_00018567,893,893,2023-09-26,60.30423876744703,24.98999207845529,,880.0,19.0,,12.0
FI_00018568,893,893,2023-09-26,60.30423876744703,24.98999207845529,,880.0,19.0,,12.0
FI_00018569,893,893,2023-09-26,60.30423876744703,24.98999207845529,,880.0,19.0,,12.0
FI_00018570,893,893,2023-10-10,60.30423876744703,24.98999207845529,,1400.0,37.0,,19.0
FI_00018571,893,893,2023-10-10,60.30423876744703,24.98999207845529,,1400.0,37.0,,19.0
FI_00018572,893,893,2023-10-10,60.30423876744703,24.98999207845529,,1400.0,37.0,,19.0
FI_00018573,893,893,2023-10-10,60.30423876744703,24.98999207845529,,1400.0,37.0,,19.0
FI_00018574,893,893,2023-10-10,60.30423876744703,24.98999207845529,,1400.0,37.0,,19.0
FI_00018575,893,893,2023-10-10,60.30423876744703,24.98999207845529,,1400.0,37.0,,19.0
FI_00018576,893,893,2023-10-24,60.30423876744703,24.98999207845529,,1900.0,23.0,,23.0
FI_00018577,893,893,2023-10-24,60.30423876744703,24.98999207845529,,1900.0,23.0,,23.0
FI_00018578,893,893,2023-10-24,60.30423876744703,24.98999207845529,,1900.0,23.0,,23.0
FI_00018579,893,893,2023-10-24,60.30423876744703,24.98999207845529,,1900.0,23.0,,23.0
FI_00018580,893,893,2023-10-24,60.30423876744703,24.98999207845529,,1900.0,23.0,,23.0
FI_00018581,893,893,2023-10-24,60.30423876744703,24.98999207845529,,1900.0,23.0,,23.0
FI_00018582,893,893,2023-11-07,60.30423876744703,24.98999207845529,,1100.0,60.0,,23.0
FI_00018583,893,893,2023-11-07,60.30423876744703,24.98999207845529,,1100.0,60.0,,23.0
FI_00018584,893,893,2023-11-07,60.30423876744703,24.98999207845529,,1100.0,60.0,,23.0
FI_00018585,893,893,2023-11-07,60.30423876744703,24.98999207845529,,1100.0,60.0,,23.0
FI_00018586,893,893,2023-11-07,60.30423876744703,24.98999207845529,,1100.0,60.0,,23.0
FI_00018587,893,893,2023-11-07,60.30423876744703,24.98999207845529,,1100.0,60.0,,23.0
FI_00018588,893,893,2023-11-21,60.30423876744703,24.98999207845529,,1600.0,24.0,,25.0
FI_00018589,893,893,2023-11-21,60.30423876744703,24.98999207845529,,1600.0,24.0,,25.0
FI_00018590,893,893,2023-11-21,60.30423876744703,24.98999207845529,,1600.0,24.0,,25.0
FI_00018591,893,893,2023-11-21,60.30423876744703,24.98999207845529,,1600.0,24.0,,25.0
FI_00018592,893,893,2023-11-21,60.30423876744703,24.98999207845529,,1600.0,24.0,,25.0
FI_00018593,893,893,2023-11-21,60.30423876744703,24.98999207845529,,1600.0,24.0,,25.0
FI_00018594,893,893,2023-12-04,60.30423876744703,24.98999207845529,,1800.0,53.0,,38.0
FI_00018595,893,893,2023-12-04,60.30423876744703,24.98999207845529,,1800.0,53.0,,38.0
FI_00018596,893,893,2023-12-04,60.30423876744703,24.98999207845529,,1800.0,53.0,,38.0
FI_00018597,893,893,2023-12-04,60.30423876744703,24.98999207845529,,1800.0,53.0,,38.0
FI_00018598,893,893,2023-12-04,60.30423876744703,24.98999207845529,,1800.0,53.0,,38.0
FI_00018599,893,893,2023-12-04,60.30423876744703,24.98999207845529,,1800.0,53.0,,38.0
FI_00018600,893,893,2023-12-19,60.30423876744703,24.98999207845529,,1200.0,540.0,,100.0
FI_00018601,893,893,2023-12-19,60.30423876744703,24.98999207845529,,1200.0,540.0,,100.0
FI_00018602,893,893,2023-12-19,60.30423876744703,24.98999207845529,,1200.0,540.0,,100.0
FI_00018603,893,893,2023-12-19,60.30423876744703,24.98999207845529,,1200.0,540.0,,100.0
FI_00018604,893,893,2023-12-19,60.30423876744703,24.98999207845529,,1200.0,540.0,,100.0
FI_00018605,893,893,2023-12-19,60.30423876744703,24.98999207845529,,1200.0,540.0,,100.0
FI_00018606,893,893,2024-01-03,60.30423876744703,24.98999207845529,,1300.0,40.0,,45.0
FI_00018607,893,893,2024-01-03,60.30423876744703,24.98999207845529,,1300.0,40.0,,45.0
FI_00018608,893,893,2024-01-03,60.30423876744703,24.98999207845529,,1300.0,40.0,,45.0
FI_00018609,893,893,2024-01-03,60.30423876744703,24.98999207845529,,1300.0,40.0,,45.0
FI_00018610,893,893,2024-01-03,60.30423876744703,24.98999207845529,,1300.0,40.0,,45.0
FI_00018611,893,893,2024-01-03,60.30423876744703,24.98999207845529,,1300.0,40.0,,45.0
FI_00018612,893,893,2024-01-16,60.30423876744703,24.98999207845529,,1500.0,18.0,,34.0
FI_00018613,893,893,2024-01-16,60.30423876744703,24.98999207845529,,1500.0,18.0,,34.0
FI_00018614,893,893,2024-01-16,60.30423876744703,24.98999207845529,,1500.0,18.0,,34.0
FI_00018615,893,893,2024-01-16,60.30423876744703,24.98999207845529,,1500.0,18.0,,34.0
FI_00018616,893,893,2024-01-16,60.30423876744703,24.98999207845529,,1500.0,18.0,,34.0
FI_00018617,893,893,2024-01-16,60.30423876744703,24.98999207845529,,1500.0,18.0,,34.0
FI_00018618,893,893,2024-01-30,60.30423876744703,24.98999207845529,,830.0,830.0,,240.0
FI_00018619,893,893,2024-01-30,60.30423876744703,24.98999207845529,,830.0,830.0,,240.0
FI_00018620,893,893,2024-01-30,60.30423876744703,24.98999207845529,,830.0,830.0,,240.0
FI_00018621,893,893,2024-01-30,60.30423876744703,24.98999207845529,,830.0,830.0,,240.0
FI_00018622,893,893,2024-01-30,60.30423876744703,24.98999207845529,,830.0,830.0,,240.0
FI_00018623,893,893,2024-01-30,60.30423876744703,24.98999207845529,,830.0,830.0,,240.0
FI_00018624,893,893,2024-02-13,60.30423876744703,24.98999207845529,,800.0,170.0,,82.0
FI_00018625,893,893,2024-02-13,60.30423876744703,24.98999207845529,,800.0,170.0,,82.0
FI_00018626,893,893,2024-02-13,60.30423876744703,24.98999207845529,,800.0,170.0,,82.0
FI_00018627,893,893,2024-02-13,60.30423876744703,24.98999207845529,,800.0,170.0,,82.0
FI_00018628,893,893,2024-02-13,60.30423876744703,24.98999207845529,,800.0,170.0,,82.0
FI_00018629,893,893,2024-02-13,60.30423876744703,24.98999207845529,,800.0,170.0,,82.0
FI_00018630,893,893,2024-02-27,60.30423876744703,24.98999207845529,,650.0,340.0,,58.0
FI_00018631,893,893,2024-02-27,60.30423876744703,24.98999207845529,,650.0,340.0,,58.0
FI_00018632,893,893,2024-02-27,60.30423876744703,24.98999207845529,,650.0,340.0,,58.0
FI_00018633,893,893,2024-02-27,60.30423876744703,24.98999207845529,,650.0,340.0,,58.0
FI_00018634,893,893,2024-02-27,60.30423876744703,24.98999207845529,,650.0,340.0,,58.0
FI_00018635,893,893,2024-02-27,60.30423876744703,24.98999207845529,,650.0,340.0,,58.0
FI_00018636,893,893,2024-03-12,60.30423876744703,24.98999207845529,,1200.0,90.0,,28.0
FI_00018637,893,893,2024-03-12,60.30423876744703,24.98999207845529,,1200.0,90.0,,28.0
FI_00018638,893,893,2024-03-12,60.30423876744703,24.98999207845529,,1200.0,90.0,,28.0
FI_00018639,893,893,2024-03-12,60.30423876744703,24.98999207845529,,1200.0,90.0,,28.0
FI_00018640,893,893,2024-03-12,60.30423876744703,24.98999207845529,,1200.0,90.0,,28.0
FI_00018641,893,893,2024-03-12,60.30423876744703,24.98999207845529,,1200.0,90.0,,28.0
FI_00018642,893,893,2024-03-26,60.30423876744703,24.98999207845529,,1200.0,54.0,,30.0
FI_00018643,893,893,2024-03-26,60.30423876744703,24.98999207845529,,1200.0,54.0,,30.0
FI_00018644,893,893,2024-03-26,60.30423876744703,24.98999207845529,,1200.0,54.0,,30.0
FI_00018645,893,893,2024-03-26,60.30423876744703,24.98999207845529,,1200.0,54.0,,30.0
FI_00018646,893,893,2024-03-26,60.30423876744703,24.98999207845529,,1200.0,54.0,,30.0
FI_00018647,893,893,2024-03-26,60.30423876744703,24.98999207845529,,1200.0,54.0,,30.0
FI_00018648,893,893,2024-04-09,60.30423876744703,24.98999207845529,,1200.0,66.0,,35.0
FI_00018649,893,893,2024-04-09,60.30423876744703,24.98999207845529,,1200.0,66.0,,35.0
FI_00018650,893,893,2024-04-09,60.30423876744703,24.98999207845529,,1200.0,66.0,,35.0
FI_00018651,893,893,2024-04-09,60.30423876744703,24.98999207845529,,1200.0,66.0,,35.0
FI_00018652,893,893,2024-04-09,60.30423876744703,24.98999207845529,,1200.0,66.0,,35.0
FI_00018653,893,893,2024-04-09,60.30423876744703,24.98999207845529,,1200.0,66.0,,35.0
FI_00018654,893,893,2024-04-22,60.30423876744703,24.98999207845529,,1000.0,13.0,2.0,3.4
FI_00018655,893,893,2024-04-22,60.30423876744703,24.98999207845529,,1000.0,13.0,2.0,3.4
FI_00018656,893,893,2024-04-22,60.30423876744703,24.98999207845529,,1000.0,13.0,2.0,3.4
FI_00018657,893,893,2024-04-22,60.30423876744703,24.98999207845529,,1000.0,13.0,2.0,3.4
FI_00018658,893,893,2024-04-22,60.30423876744703,24.98999207845529,,1000.0,13.0,2.0,3.4
FI_00018659,893,893,2024-04-22,60.30423876744703,24.98999207845529,,1000.0,13.0,2.0,3.4
FI_00018660,893,893,2024-04-23,60.30423876744703,24.98999207845529,,1100.0,520.0,,98.0
FI_00018661,893,893,2024-04-23,60.30423876744703,24.98999207845529,,1100.0,520.0,,98.0
FI_00018662,893,893,2024-04-23,60.30423876744703,24.98999207845529,,1100.0,520.0,,98.0
FI_00018663,893,893,2024-04-23,60.30423876744703,24.98999207845529,,1100.0,520.0,,98.0
FI_00018664,893,893,2024-04-23,60.30423876744703,24.98999207845529,,1100.0,520.0,,98.0
FI_00018665,893,893,2024-04-23,60.30423876744703,24.98999207845529,,1100.0,520.0,,98.0
FI_00018666,893,893,2024-06-18,60.30423876744703,24.98999207845529,,1700.0,63.0,,25.0
FI_00018667,893,893,2024-06-18,60.30423876744703,24.98999207845529,,1700.0,63.0,,25.0
FI_00018668,893,893,2024-06-18,60.30423876744703,24.98999207845529,,1700.0,63.0,,25.0
FI_00018669,893,893,2024-06-18,60.30423876744703,24.98999207845529,,1700.0,63.0,,25.0
FI_00018670,893,893,2024-06-18,60.30423876744703,24.98999207845529,,1700.0,63.0,,25.0
FI_00018671,893,893,2024-06-18,60.30423876744703,24.98999207845529,,1700.0,63.0,,25.0
FI_00018672,893,893,2024-07-02,60.30423876744703,24.98999207845529,,2000.0,35.0,,30.0
FI_00018673,893,893,2024-07-02,60.30423876744703,24.98999207845529,,2000.0,35.0,,30.0
FI_00018674,893,893,2024-07-02,60.30423876744703,24.98999207845529,,2000.0,35.0,,30.0
FI_00018675,893,893,2024-07-02,60.30423876744703,24.98999207845529,,2000.0,35.0,,30.0
FI_00018676,893,893,2024-07-02,60.30423876744703,24.98999207845529,,2000.0,35.0,,30.0
FI_00018677,893,893,2024-07-02,60.30423876744703,24.98999207845529,,2000.0,35.0,,30.0
FI_00018678,893,893,2024-07-16,60.30423876744703,24.98999207845529,,980.0,46.0,,15.0
FI_00018679,893,893,2024-07-16,60.30423876744703,24.98999207845529,,980.0,46.0,,15.0
FI_00018680,893,893,2024-07-16,60.30423876744703,24.98999207845529,,980.0,46.0,,15.0
FI_00018681,893,893,2024-07-16,60.30423876744703,24.98999207845529,,980.0,46.0,,15.0
FI_00018682,893,893,2024-07-16,60.30423876744703,24.98999207845529,,980.0,46.0,,15.0
FI_00018683,893,893,2024-07-16,60.30423876744703,24.98999207845529,,980.0,46.0,,15.0
FI_00018684,893,893,2024-07-30,60.30423876744703,24.98999207845529,,860.0,54.0,,15.0
FI_00018685,893,893,2024-07-30,60.30423876744703,24.98999207845529,,860.0,54.0,,15.0
FI_00018686,893,893,2024-07-30,60.30423876744703,24.98999207845529,,860.0,54.0,,15.0
FI_00018687,893,893,2024-07-30,60.30423876744703,24.98999207845529,,860.0,54.0,,15.0
FI_00018688,893,893,2024-07-30,60.30423876744703,24.98999207845529,,860.0,54.0,,15.0
FI_00018689,893,893,2024-07-30,60.30423876744703,24.98999207845529,,860.0,54.0,,15.0
FI_00018690,893,893,2024-08-13,60.30423876744703,24.98999207845529,,740.0,58.0,,11.0
FI_00018691,893,893,2024-08-13,60.30423876744703,24.98999207845529,,740.0,58.0,,11.0
FI_00018692,893,893,2024-08-13,60.30423876744703,24.98999207845529,,740.0,58.0,,11.0
FI_00018693,893,893,2024-08-13,60.30423876744703,24.98999207845529,,740.0,58.0,,11.0
FI_00018694,893,893,2024-08-13,60.30423876744703,24.98999207845529,,740.0,58.0,,11.0
FI_00018695,893,893,2024-08-13,60.30423876744703,24.98999207845529,,740.0,58.0,,11.0
FI_00018696,893,893,2024-08-27,60.30423876744703,24.98999207845529,,1500.0,110.0,,14.0
FI_00018697,893,893,2024-08-27,60.30423876744703,24.98999207845529,,1500.0,110.0,,14.0
FI_00018698,893,893,2024-08-27,60.30423876744703,24.98999207845529,,1500.0,110.0,,14.0
FI_00018699,893,893,2024-08-27,60.30423876744703,24.98999207845529,,1500.0,110.0,,14.0
FI_00018700,893,893,2024-08-27,60.30423876744703,24.98999207845529,,1500.0,110.0,,14.0
FI_00018701,893,893,2024-08-27,60.30423876744703,24.98999207845529,,1500.0,110.0,,14.0
FI_00018702,893,893,2024-09-10,60.30423876744703,24.98999207845529,,820.0,23.0,,15.0
FI_00018703,893,893,2024-09-10,60.30423876744703,24.98999207845529,,820.0,23.0,,15.0
FI_00018704,893,893,2024-09-10,60.30423876744703,24.98999207845529,,820.0,23.0,,15.0
FI_00018705,893,893,2024-09-10,60.30423876744703,24.98999207845529,,820.0,23.0,,15.0
FI_00018706,893,893,2024-09-10,60.30423876744703,24.98999207845529,,820.0,23.0,,15.0
FI_00018707,893,893,2024-09-10,60.30423876744703,24.98999207845529,,820.0,23.0,,15.0
FI_00018708,893,893,2024-09-24,60.30423876744703,24.98999207845529,,980.0,30.0,,15.0
FI_00018709,893,893,2024-09-24,60.30423876744703,24.98999207845529,,980.0,30.0,,15.0
FI_00018710,893,893,2024-09-24,60.30423876744703,24.98999207845529,,980.0,30.0,,15.0
FI_00018711,893,893,2024-09-24,60.30423876744703,24.98999207845529,,980.0,30.0,,15.0
FI_00018712,893,893,2024-09-24,60.30423876744703,24.98999207845529,,980.0,30.0,,15.0
FI_00018713,893,893,2024-09-24,60.30423876744703,24.98999207845529,,980.0,30.0,,15.0
FI_00018714,893,893,2024-10-08,60.30423876744703,24.98999207845529,,1300.0,18.0,,20.0
FI_00018715,893,893,2024-10-08,60.30423876744703,24.98999207845529,,1300.0,18.0,,20.0
FI_00018716,893,893,2024-10-08,60.30423876744703,24.98999207845529,,1300.0,18.0,,20.0
FI_00018717,893,893,2024-10-08,60.30423876744703,24.98999207845529,,1300.0,18.0,,20.0
FI_00018718,893,893,2024-10-08,60.30423876744703,24.98999207845529,,1300.0,18.0,,20.0
FI_00018719,893,893,2024-10-08,60.30423876744703,24.98999207845529,,1300.0,18.0,,20.0
FI_00018720,893,893,2024-10-22,60.30423876744703,24.98999207845529,,1500.0,23.0,,22.0
FI_00018721,893,893,2024-10-22,60.30423876744703,24.98999207845529,,1500.0,23.0,,22.0
FI_00018722,893,893,2024-10-22,60.30423876744703,24.98999207845529,,1500.0,23.0,,22.0
FI_00018723,893,893,2024-10-22,60.30423876744703,24.98999207845529,,1500.0,23.0,,22.0
FI_00018724,893,893,2024-10-22,60.30423876744703,24.98999207845529,,1500.0,23.0,,22.0
FI_00018725,893,893,2024-10-22,60.30423876744703,24.98999207845529,,1500.0,23.0,,22.0
FI_00018726,893,893,2024-11-05,60.30423876744703,24.98999207845529,,1100.0,150.0,,50.0
FI_00018727,893,893,2024-11-05,60.30423876744703,24.98999207845529,,1100.0,150.0,,50.0
FI_00018728,893,893,2024-11-05,60.30423876744703,24.98999207845529,,1100.0,150.0,,50.0
FI_00018729,893,893,2024-11-05,60.30423876744703,24.98999207845529,,1100.0,150.0,,50.0
FI_00018730,893,893,2024-11-05,60.30423876744703,24.98999207845529,,1100.0,150.0,,50.0
FI_00018731,893,893,2024-11-05,60.30423876744703,24.98999207845529,,1100.0,150.0,,50.0
FI_00018732,893,893,2024-11-19,60.30423876744703,24.98999207845529,,1800.0,38.0,,32.0
FI_00018733,893,893,2024-11-19,60.30423876744703,24.98999207845529,,1800.0,38.0,,32.0
FI_00018734,893,893,2024-11-19,60.30423876744703,24.98999207845529,,1800.0,38.0,,32.0
FI_00018735,893,893,2024-11-19,60.30423876744703,24.98999207845529,,1800.0,38.0,,32.0
FI_00018736,893,893,2024-11-19,60.30423876744703,24.98999207845529,,1800.0,38.0,,32.0
FI_00018737,893,893,2024-11-19,60.30423876744703,24.98999207845529,,1800.0,38.0,,32.0
FI_00018738,893,893,2024-12-03,60.30423876744703,24.98999207845529,,1400.0,40.0,,17.0
FI_00018739,893,893,2024-12-03,60.30423876744703,24.98999207845529,,1400.0,40.0,,17.0
FI_00018740,893,893,2024-12-03,60.30423876744703,24.98999207845529,,1400.0,40.0,,17.0
FI_00018741,893,893,2024-12-03,60.30423876744703,24.98999207845529,,1400.0,40.0,,17.0
FI_00018742,893,893,2024-12-03,60.30423876744703,24.98999207845529,,1400.0,40.0,,17.0
FI_00018743,893,893,2024-12-03,60.30423876744703,24.98999207845529,,1400.0,40.0,,17.0
FI_00018744,893,893,2024-12-17,60.30423876744703,24.98999207845529,,1800.0,290.0,,100.0
FI_00018745,893,893,2024-12-17,60.30423876744703,24.98999207845529,,1800.0,290.0,,100.0
FI_00018746,893,893,2024-12-17,60.30423876744703,24.98999207845529,,1800.0,290.0,,100.0
FI_00018747,893,893,2024-12-17,60.30423876744703,24.98999207845529,,1800.0,290.0,,100.0
FI_00018748,893,893,2024-12-17,60.30423876744703,24.98999207845529,,1800.0,290.0,,100.0
FI_00018749,893,893,2024-12-17,60.30423876744703,24.98999207845529,,1800.0,290.0,,100.0
FI_00019350,96933,96933,2024-10-15,62.236475350019816,21.47175626116548,,1300.0,58.0,10.0,9.8
FI_00019351,96933,96933,2024-10-15,62.236475350019816,21.47175626116548,,1300.0,58.0,10.0,9.8
FI_00019352,96933,96933,2024-10-15,62.236475350019816,21.47175626116548,,1300.0,58.0,10.0,9.8
FI_00019353,96933,96933,2024-10-15,62.236475350019816,21.47175626116548,,1300.0,58.0,10.0,9.8
FI_00019354,96933,96933,2024-10-15,62.236475350019816,21.47175626116548,,1300.0,58.0,10.0,9.8
FI_00019355,96933,96933,2024-10-15,62.236475350019816,21.47175626116548,,1300.0,58.0,10.0,9.8
FI_00019356,96933,96933,2024-11-05,62.236475350019816,21.47175626116548,,1000.0,60.0,28.0,10.1
FI_00019357,96933,96933,2024-11-05,62.236475350019816,21.47175626116548,,1000.0,60.0,28.0,10.1
FI_00019358,96933,96933,2024-11-05,62.236475350019816,21.47175626116548,,1000.0,60.0,28.0,10.1
FI_00019359,96933,96933,2024-11-05,62.236475350019816,21.47175626116548,,1000.0,60.0,28.0,10.1
FI_00019360,96933,96933,2024-11-05,62.236475350019816,21.47175626116548,,1000.0,60.0,28.0,10.1
FI_00019361,96933,96933,2024-11-05,62.236475350019816,21.47175626116548,,1000.0,60.0,28.0,10.1
FI_00019362,96933,96933,2024-12-17,62.236475350019816,21.47175626116548,,1000.0,60.0,21.0,11.6
FI_00019363,96933,96933,2024-12-17,62.236475350019816,21.47175626116548,,1000.0,60.0,21.0,11.6
FI_00019364,96933,96933,2024-12-17,62.236475350019816,21.47175626116548,,1000.0,60.0,21.0,11.6
FI_00019365,96933,96933,2024-12-17,62.236475350019816,21.47175626116548,,1000.0,60.0,21.0,11.6
FI_00019366,96933,96933,2024-12-17,62.236475350019816,21.47175626116548,,1000.0,60.0,21.0,11.6
FI_00019367,96933,96933,2024-12-17,62.236475350019816,21.47175626116548,,1000.0,60.0,21.0,11.6
