sample_id,station_id,lake_id,sample_date,lat,lon,chl_a,doc,secchi_depth,tn,toc,tp,turbidity,chl_a_ext,conductivity,dissolved_oxygen,doc_ext,oxygen_saturation,ph,suspended_solids,temperature,tn_ext,toc_ext,tp_ext,turbidity_ext,depth_layer,name,lakename,municipality,Municipal,EnvironmentType,WaterManagementAreaCode,WaterManagementArea,WaterbasinCode,Waterbasin,WaterbodyType,WaterbodyType_Id,sample_id_eo,lake_id_eo,sample_date_eo,lat_eo,lon_eo,chl_a_eo,doc_eo,secchi_depth_eo,tn_eo,toc_eo,tp_eo,turbidity_eo,eo_id,acquisition_date,abs_day_diff,s2_cloud_cover,s2_solar_zenith,s2_solar_azimuth,s2_view_zenith,s2_view_azimuth,s2_mgrs_tile,s2_item_id,chl_a_ext_eo,conductivity_eo,dissolved_oxygen_eo,doc_ext_eo,oxygen_saturation_eo,ph_eo,suspended_solids_eo,temperature_eo,tn_ext_eo,toc_ext_eo,tp_ext_eo,turbidity_ext_eo,depth_layer_eo,name_eo,lakename_eo,municipality_eo,Municipal_eo,EnvironmentType_eo,WaterManagementAreaCode_eo,WaterManagementArea_eo,WaterbasinCode_eo,Waterbasin_eo,WaterbodyType_eo,WaterbodyType_Id_eo,temporal_feature_status,temporal_feature_error,img_t0_offset_days,img_t0_acq_date,img_t0_day_diff,img_t0_cloud,img_t0_item_id,img_t0_b02,img_t0_b03,img_t0_b04,img_t0_b08,img_t1_offset_days,img_t1_acq_date,img_t1_day_diff,img_t1_cloud,img_t1_item_id,img_t1_b02,img_t1_b03,img_t1_b04,img_t1_b08,img_t2_offset_days,img_t2_acq_date,img_t2_day_diff,img_t2_cloud,img_t2_item_id,img_t2_b02,img_t2_b03,img_t2_b04,img_t2_b08,img_t3_offset_days,img_t3_acq_date,img_t3_day_diff,img_t3_cloud,img_t3_item_id,img_t3_b02,img_t3_b03,img_t3_b04,img_t3_b08,img_t4_offset_days,img_t4_acq_date,img_t4_day_diff,img_t4_cloud,img_t4_item_id,img_t4_b02,img_t4_b03,img_t4_b04,img_t4_b08,img_t5_offset_days,img_t5_acq_date,img_t5_day_diff,img_t5_cloud,img_t5_item_id,img_t5_b02,img_t5_b03,img_t5_b04,img_t5_b08,img_t6_offset_days,img_t6_acq_date,img_t6_day_diff,img_t6_cloud,img_t6_item_id,img_t6_b02,img_t6_b03,img_t6_b04,img_t6_b08,img_t7_offset_days,img_t7_acq_date,img_t7_day_diff,img_t7_cloud,img_t7_item_id,img_t7_b02,img_t7_b03,img_t7_b04,img_t7_b08,img_t8_offset_days,img_t8_acq_date,img_t8_day_diff,img_t8_cloud,img_t8_item_id,img_t8_b02,img_t8_b03,img_t8_b04,img_t8_b08,chip_path,chip_image_path,chip_status,chip_reason,s2_item_id_chip,acquisition_date_chip,abs_day_diff_chip,s2_cloud_cover_chip,s2_solar_zenith_chip,chip_nodata_ratio,chip_size,chip_overlap_stride_pixels,chip_offset_x_px,chip_offset_y_px,chip_overlap_candidates,chip_bands
FI_00000000,10060,10060,2023-01-10,61.41234231212037,29.399668855924936,,,,460.0,,14.0,0.99,,11.0,13.1,,90.0,7.400000000000001,1.4,0.2,460.0,,14.0,0.99,0.2,Hiitolanjoki rajav 002,,Rautjärvi,Rautjärvi,River,VHA1,Vuoksen vesienhoitoalue,3.011,Kokkolanjoen a,Suuret kangasmaiden joet,108.0,FI_00000000,10060,2023-01-10,61.41234231212037,29.399668855924936,,,,460.0,,14.0,0.99,S2_FI_00000000,2023-01-09,1,100.0,83.9495686515631,174.701184585914,,,36VUP,S2B_MSIL2A_20230109T094259_R036_T36VUP_20240810T094942,,11.0,13.1,,90.0,7.400000000000001,1.4,0.2,460.0,,14.0,0.99,0.2,Hiitolanjoki rajav 002,,Rautjärvi,Rautjärvi,River,VHA1,Vuoksen vesienhoitoalue,3.011,Kokkolanjoen a,Suuret kangasmaiden joet,108.0,no_match,,-7,,,,,,,,,-5,,,,,,,,,-3,,,,,,,,,-1,,,,,,,,,0,,,,,,,,,1,,,,,,,,,3,,,,,,,,,5,,,,,,,,,7,,,,,,,,,,,no_match,no_stac_item,,,,,,,256,128,0,0,0,"B02,B03,B04,B08"
FI_00000001,10060,10060,2023-01-10,61.41234231212037,29.399668855924936,,,,460.0,,14.0,0.99,,11.0,13.1,,90.0,7.400000000000001,1.4,0.2,460.0,,14.0,0.99,0.2,Hiitolanjoki rajav 002,,Rautjärvi,Rautjärvi,River,VHA1,Vuoksen vesienhoitoalue,3.011,Kokkolanjoen a,Suuret kangasmaiden joet,108.0,FI_00000000,10060,2023-01-10,61.41234231212037,29.399668855924936,,,,460.0,,14.0,0.99,S2_FI_00000000,2023-01-09,1,100.0,83.9495686515631,174.701184585914,,,36VUP,S2B_MSIL2A_20230109T094259_R036_T36VUP_20240810T094942,,11.0,13.1,,90.0,7.400000000000001,1.4,0.2,460.0,,14.0,0.99,0.2,Hiitolanjoki rajav 002,,Rautjärvi,Rautjärvi,River,VHA1,Vuoksen vesienhoitoalue,3.011,Kokkolanjoen a,Suuret kangasmaiden joet,108.0,no_match,,-7,,,,,,,,,-5,,,,,,,,,-3,,,,,,,,,-1,,,,,,,,,0,,,,,,,,,1,,,,,,,,,3,,,,,,,,,5,,,,,,,,,7,,,,,,,,,,,no_match,no_stac_item,,,,,,,256,128,0,0,0,"B02,B03,B04,B08"
FI_00000002,10060,10060,2023-01-10,61.41234231212037,29.399668855924936,,,,460.0,,14.0,0.99,,11.0,13.1,,90.0,7.400000000000001,1.4,0.2,460.0,,14.0,0.99,0.2,Hiitolanjoki rajav 002,,Rautjärvi,Rautjärvi,River,VHA1,Vuoksen vesienhoitoalue,3.011,Kokkolanjoen a,Suuret kangasmaiden joet,108.0,FI_00000000,10060,2023-01-10,61.41234231212037,29.399668855924936,,,,460.0,,14.0,0.99,S2_FI_00000000,2023-01-09,1,100.0,83.9495686515631,174.701184585914,,,36VUP,S2B_MSIL2A_20230109T094259_R036_T36VUP_20240810T094942,,11.0,13.1,,90.0,7.400000000000001,1.4,0.2,460.0,,14.0,0.99,0.2,Hiitolanjoki rajav 002,,Rautjärvi,Rautjärvi,River,VHA1,Vuoksen vesienhoitoalue,3.011,Kokkolanjoen a,Suuret kangasmaiden joet,108.0,no_match,,-7,,,,,,,,,-5,,,,,,,,,-3,,,,,,,,,-1,,,,,,,,,0,,,,,,,,,1,,,,,,,,,3,,,,,,,,,5,,,,,,,,,7,,,,,,,,,,,no_match,no_stac_item,,,,,,,256,128,0,0,0,"B02,B03,B04,B08"
FI_00000003,10060,10060,2023-01-10,61.41234231212037,29.399668855924936,,,,460.0,,14.0,0.99,,11.0,13.1,,90.0,7.400000000000001,1.4,0.2,460.0,,14.0,0.99,0.2,Hiitolanjoki rajav 002,,Rautjärvi,Rautjärvi,River,VHA1,Vuoksen vesienhoitoalue,3.011,Kokkolanjoen a,Suuret kangasmaiden joet,108.0,FI_00000000,10060,2023-01-10,61.41234231212037,29.399668855924936,,,,460.0,,14.0,0.99,S2_FI_00000000,2023-01-09,1,100.0,83.9495686515631,174.701184585914,,,36VUP,S2B_MSIL2A_20230109T094259_R036_T36VUP_20240810T094942,,11.0,13.1,,90.0,7.400000000000001,1.4,0.2,460.0,,14.0,0.99,0.2,Hiitolanjoki rajav 002,,Rautjärvi,Rautjärvi,River,VHA1,Vuoksen vesienhoitoalue,3.011,Kokkolanjoen a,Suuret kangasmaiden joet,108.0,no_match,,-7,,,,,,,,,-5,,,,,,,,,-3,,,,,,,,,-1,,,,,,,,,0,,,,,,,,,1,,,,,,,,,3,,,,,,,,,5,,,,,,,,,7,,,,,,,,,,,no_match,no_stac_item,,,,,,,256,128,0,0,0,"B02,B03,B04,B08"
FI_00000004,10060,10060,2023-01-10,61.41234231212037,29.399668855924936,,,,460.0,,14.0,0.99,,11.0,13.1,,90.0,7.400000000000001,1.4,0.2,460.0,,14.0,0.99,0.2,Hiitolanjoki rajav 002,,Rautjärvi,Rautjärvi,River,VHA1,Vuoksen vesienhoitoalue,3.011,Kokkolanjoen a,Suuret kangasmaiden joet,108.0,FI_00000000,10060,2023-01-10,61.41234231212037,29.399668855924936,,,,460.0,,14.0,0.99,S2_FI_00000000,2023-01-09,1,100.0,83.9495686515631,174.701184585914,,,36VUP,S2B_MSIL2A_20230109T094259_R036_T36VUP_20240810T094942,,11.0,13.1,,90.0,7.400000000000001,1.4,0.2,460.0,,14.0,0.99,0.2,Hiitolanjoki rajav 002,,Rautjärvi,Rautjärvi,River,VHA1,Vuoksen vesienhoitoalue,3.011,Kokkolanjoen a,Suuret kangasmaiden joet,108.0,no_match,,-7,,,,,,,,,-5,,,,,,,,,-3,,,,,,,,,-1,,,,,,,,,0,,,,,,,,,1,,,,,,,,,3,,,,,,,,,5,,,,,,,,,7,,,,,,,,,,,no_match,no_stac_item,,,,,,,256,128,0,0,0,"B02,B03,B04,B08"
FI_00000005,10060,10060,2023-01-10,61.41234231212037,29.399668855924936,,,,460.0,,14.0,0.99,,11.0,13.1,,90.0,7.400000000000001,1.4,0.2,460.0,,14.0,0.99,0.2,Hiitolanjoki rajav 002,,Rautjärvi,Rautjärvi,River,VHA1,Vuoksen vesienhoitoalue,3.011,Kokkolanjoen a,Suuret kangasmaiden joet,108.0,FI_00000000,10060,2023-01-10,61.41234231212037,29.399668855924936,,,,460.0,,14.0,0.99,S2_FI_00000000,2023-01-09,1,100.0,83.9495686515631,174.701184585914,,,36VUP,S2B_MSIL2A_20230109T094259_R036_T36VUP_20240810T094942,,11.0,13.1,,90.0,7.400000000000001,1.4,0.2,460.0,,14.0,0.99,0.2,Hiitolanjoki rajav 002,,Rautjärvi,Rautjärvi,River,VHA1,Vuoksen vesienhoitoalue,3.011,Kokkolanjoen a,Suuret kangasmaiden joet,108.0,no_match,,-7,,,,,,,,,-5,,,,,,,,,-3,,,,,,,,,-1,,,,,,,,,0,,,,,,,,,1,,,,,,,,,3,,,,,,,,,5,,,,,,,,,7,,,,,,,,,,,no_match,no_stac_item,,,,,,,256,128,0,0,0,"B02,B03,B04,B08"
FI_00000006,10060,10060,2023-02-07,61.41234231212037,29.399668855924936,,,,450.0,,12.0,1.2,,10.0,13.199999999999998,,92.0,7.400000000000001,1.4,0.8000000000000002,450.0,,12.0,1.2,0.2,Hiitolanjoki rajav 002,,Rautjärvi,Rautjärvi,River,VHA1,Vuoksen vesienhoitoalue,3.011,Kokkolanjoen a,Suuret kangasmaiden joet,108.0,FI_00000001,10060,2023-01-10,61.41234231212037,29.399668855924936,,,,460.0,,14.0,0.99,S2_FI_00000001,2023-02-08,1,93.576396,76.9579990738968,172.591596410515,,,36VUP,S2B_MSIL2A_20230208T094049_R036_T36VUP_20240813T101951,,11.0,13.1,,90.0,7.400000000000001,1.4,0.2,460.0,,14.0,0.99,0.2,Hiitolanjoki rajav 002,,Rautjärvi,Rautjärvi,River,VHA1,Vuoksen vesienhoitoalue,3.011,Kokkolanjoen a,Suuret kangasmaiden joet,108.0,no_match,,-7,,,,,,,,,-5,,,,,,,,,-3,,,,,,,,,-1,,,,,,,,,0,,,,,,,,,1,,,,,,,,,3,,,,,,,,,5,,,,,,,,,7,,,,,,,,,,,no_match,no_stac_item,,,,,,,256,128,0,0,0,"B02,B03,B04,B08"
FI_00000007,10060,10060,2023-02-07,61.41234231212037,29.399668855924936,,,,450.0,,12.0,1.2,,10.0,13.199999999999998,,92.0,7.400000000000001,1.4,0.8000000000000002,450.0,,12.0,1.2,0.2,Hiitolanjoki rajav 002,,Rautjärvi,Rautjärvi,River,VHA1,Vuoksen vesienhoitoalue,3.011,Kokkolanjoen a,Suuret kangasmaiden joet,108.0,FI_00000001,10060,2023-01-10,61.41234231212037,29.399668855924936,,,,460.0,,14.0,0.99,S2_FI_00000001,2023-02-08,1,93.576396,76.9579990738968,172.591596410515,,,36VUP,S2B_MSIL2A_20230208T094049_R036_T36VUP_20240813T101951,,11.0,13.1,,90.0,7.400000000000001,1.4,0.2,460.0,,14.0,0.99,0.2,Hiitolanjoki rajav 002,,Rautjärvi,Rautjärvi,River,VHA1,Vuoksen vesienhoitoalue,3.011,Kokkolanjoen a,Suuret kangasmaiden joet,108.0,no_match,,-7,,,,,,,,,-5,,,,,,,,,-3,,,,,,,,,-1,,,,,,,,,0,,,,,,,,,1,,,,,,,,,3,,,,,,,,,5,,,,,,,,,7,,,,,,,,,,,no_match,no_stac_item,,,,,,,256,128,0,0,0,"B02,B03,B04,B08"
FI_00000008,10060,10060,2023-02-07,61.41234231212037,29.399668855924936,,,,450.0,,12.0,1.2,,10.0,13.199999999999998,,92.0,7.400000000000001,1.4,0.8000000000000002,450.0,,12.0,1.2,0.2,Hiitolanjoki rajav 002,,Rautjärvi,Rautjärvi,River,VHA1,Vuoksen vesienhoitoalue,3.011,Kokkolanjoen a,Suuret kangasmaiden joet,108.0,FI_00000001,10060,2023-01-10,61.41234231212037,29.399668855924936,,,,460.0,,14.0,0.99,S2_FI_00000001,2023-02-08,1,93.576396,76.9579990738968,172.591596410515,,,36VUP,S2B_MSIL2A_20230208T094049_R036_T36VUP_20240813T101951,,11.0,13.1,,90.0,7.400000000000001,1.4,0.2,460.0,,14.0,0.99,0.2,Hiitolanjoki rajav 002,,Rautjärvi,Rautjärvi,River,VHA1,Vuoksen vesienhoitoalue,3.011,Kokkolanjoen a,Suuret kangasmaiden joet,108.0,no_match,,-7,,,,,,,,,-5,,,,,,,,,-3,,,,,,,,,-1,,,,,,,,,0,,,,,,,,,1,,,,,,,,,3,,,,,,,,,5,,,,,,,,,7,,,,,,,,,,,no_match,no_stac_item,,,,,,,256,128,0,0,0,"B02,B03,B04,B08"
FI_00000009,10060,10060,2023-02-07,61.41234231212037,29.399668855924936,,,,450.0,,12.0,1.2,,10.0,13.199999999999998,,92.0,7.400000000000001,1.4,0.8000000000000002,450.0,,12.0,1.2,0.2,Hiitolanjoki rajav 002,,Rautjärvi,Rautjärvi,River,VHA1,Vuoksen vesienhoitoalue,3.011,Kokkolanjoen a,Suuret kangasmaiden joet,108.0,FI_00000001,10060,2023-01-10,61.41234231212037,29.399668855924936,,,,460.0,,14.0,0.99,S2_FI_00000001,2023-02-08,1,93.576396,76.9579990738968,172.591596410515,,,36VUP,S2B_MSIL2A_20230208T094049_R036_T36VUP_20240813T101951,,11.0,13.1,,90.0,7.400000000000001,1.4,0.2,460.0,,14.0,0.99,0.2,Hiitolanjoki rajav 002,,Rautjärvi,Rautjärvi,River,VHA1,Vuoksen vesienhoitoalue,3.011,Kokkolanjoen a,Suuret kangasmaiden joet,108.0,no_match,,-7,,,,,,,,,-5,,,,,,,,,-3,,,,,,,,,-1,,,,,,,,,0,,,,,,,,,1,,,,,,,,,3,,,,,,,,,5,,,,,,,,,7,,,,,,,,,,,no_match,no_stac_item,,,,,,,256,128,0,0,0,"B02,B03,B04,B08"
FI_00000010,10060,10060,2023-02-07,61.41234231212037,29.399668855924936,,,,450.0,,12.0,1.2,,10.0,13.199999999999998,,92.0,7.400000000000001,1.4,0.8000000000000002,450.0,,12.0,1.2,0.2,Hiitolanjoki rajav 002,,Rautjärvi,Rautjärvi,River,VHA1,Vuoksen vesienhoitoalue,3.011,Kokkolanjoen a,Suuret kangasmaiden joet,108.0,FI_00000001,10060,2023-01-10,61.41234231212037,29.399668855924936,,,,460.0,,14.0,0.99,S2_FI_00000001,2023-02-08,1,93.576396,76.9579990738968,172.591596410515,,,36VUP,S2B_MSIL2A_20230208T094049_R036_T36VUP_20240813T101951,,11.0,13.1,,90.0,7.400000000000001,1.4,0.2,460.0,,14.0,0.99,0.2,Hiitolanjoki rajav 002,,Rautjärvi,Rautjärvi,River,VHA1,Vuoksen vesienhoitoalue,3.011,Kokkolanjoen a,Suuret kangasmaiden joet,108.0,no_match,,-7,,,,,,,,,-5,,,,,,,,,-3,,,,,,,,,-1,,,,,,,,,0,,,,,,,,,1,,,,,,,,,3,,,,,,,,,5,,,,,,,,,7,,,,,,,,,,,no_match,no_stac_item,,,,,,,256,128,0,0,0,"B02,B03,B04,B08"
FI_00000011,10060,10060,2023-02-07,61.41234231212037,29.399668855924936,,,,450.0,,12.0,1.2,,10.0,13.199999999999998,,92.0,7.400000000000001,1.4,0.8000000000000002,450.0,,12.0,1.2,0.2,Hiitolanjoki rajav 002,,Rautjärvi,Rautjärvi,River,VHA1,Vuoksen vesienhoitoalue,3.011,Kokkolanjoen a,Suuret kangasmaiden joet,108.0,FI_00000001,10060,2023-01-10,61.41234231212037,29.399668855924936,,,,460.0,,14.0,0.99,S2_FI_00000001,2023-02-08,1,93.576396,76.9579990738968,172.591596410515,,,36VUP,S2B_MSIL2A_20230208T094049_R036_T36VUP_20240813T101951,,11.0,13.1,,90.0,7.400000000000001,1.4,0.2,460.0,,14.0,0.99,0.2,Hiitolanjoki rajav 002,,Rautjärvi,Rautjärvi,River,VHA1,Vuoksen vesienhoitoalue,3.011,Kokkolanjoen a,Suuret kangasmaiden joet,108.0,no_match,,-7,,,,,,,,,-5,,,,,,,,,-3,,,,,,,,,-1,,,,,,,,,0,,,,,,,,,1,,,,,,,,,3,,,,,,,,,5,,,,,,,,,7,,,,,,,,,,,no_match,no_stac_item,,,,,,,256,128,0,0,0,"B02,B03,B04,B08"
FI_00000012,10060,10060,2023-03-01,61.41234231212037,29.399668855924936,,,,440.0,,10.0,0.97,,9.9,13.300000000000002,,93.0,7.3,1.0,0.8000000000000002,440.0,,10.0,0.97,0.5,Hiitolanjoki rajav 002,,Rautjärvi,Rautjärvi,River,VHA1,Vuoksen vesienhoitoalue,3.011,Kokkolanjoen a,Suuret kangasmaiden joet,108.0,FI_00000002,10060,2023-01-10,61.41234231212037,29.399668855924936,,,,460.0,,14.0,0.99,S2_FI_00000002,2023-03-02,1,1.468945,69.343858466529,169.937775894309,,,36VUP,S2A_MSIL2A_20230302T093031_R136_T36VUP_20240818T001539,,11.0,13.1,,90.0,7.400000000000001,1.4,0.2,460.0,,14.0,0.99,0.2,Hiitolanjoki rajav 002,,Rautjärvi,Rautjärvi,River,VHA1,Vuoksen vesienhoitoalue,3.011,Kokkolanjoen a,Suuret kangasmaiden joet,108.0,ok,,-7,,,,,,,,,-5,,,,,,,,,-3,,,,,,,,,-1,,,,,,,,,0,2023-03-02,1.0,1.468945,S2A_MSIL2A_20230302T093031_R136_T36VUP_20240818T001539,1958.0,2490.0,2776.0,5068.0,1,2023-03-02,0.0,1.468945,S2A_MSIL2A_20230302T093031_R136_T36VUP_20240818T001539,1958.0,2490.0,2776.0,5068.0,3,,,,,,,,,5,,,,,,,,,7,,,,,,,,,,,rejected,nodata_reject,S2A_MSIL2A_20230302T093031_R136_T36VUP_20240818T001539,2023-03-02,1.0,1.468945,69.343858466529,1.0,256,128,0,0,9,"B02,B03,B04,B08"
FI_00000013,10060,10060,2023-03-01,61.41234231212037,29.399668855924936,,,,440.0,,10.0,0.97,,9.9,13.300000000000002,,93.0,7.3,1.0,0.8000000000000002,440.0,,10.0,0.97,0.5,Hiitolanjoki rajav 002,,Rautjärvi,Rautjärvi,River,VHA1,Vuoksen vesienhoitoalue,3.011,Kokkolanjoen a,Suuret kangasmaiden joet,108.0,FI_00000002,10060,2023-01-10,61.41234231212037,29.399668855924936,,,,460.0,,14.0,0.99,S2_FI_00000002,2023-03-02,1,1.468945,69.343858466529,169.937775894309,,,36VUP,S2A_MSIL2A_20230302T093031_R136_T36VUP_20240818T001539,,11.0,13.1,,90.0,7.400000000000001,1.4,0.2,460.0,,14.0,0.99,0.2,Hiitolanjoki rajav 002,,Rautjärvi,Rautjärvi,River,VHA1,Vuoksen vesienhoitoalue,3.011,Kokkolanjoen a,Suuret kangasmaiden joet,108.0,ok,,-7,,,,,,,,,-5,,,,,,,,,-3,,,,,,,,,-1,,,,,,,,,0,2023-03-02,1.0,1.468945,S2A_MSIL2A_20230302T093031_R136_T36VUP_20240818T001539,1958.0,2490.0,2776.0,5068.0,1,2023-03-02,0.0,1.468945,S2A_MSIL2A_20230302T093031_R136_T36VUP_20240818T001539,1958.0,2490.0,2776.0,5068.0,3,,,,,,,,,5,,,,,,,,,7,,,,,,,,,,,rejected,nodata_reject,S2A_MSIL2A_20230302T093031_R136_T36VUP_20240818T001539,2023-03-02,1.0,1.468945,69.343858466529,1.0,256,128,0,0,9,"B02,B03,B04,B08"
FI_00000014,10060,10060,2023-03-01,61.41234231212037,29.399668855924936,,,,440.0,,10.0,0.97,,9.9,13.300000000000002,,93.0,7.3,1.0,0.8000000000000002,440.0,,10.0,0.97,0.5,Hiitolanjoki rajav 002,,Rautjärvi,Rautjärvi,River,VHA1,Vuoksen vesienhoitoalue,3.011,Kokkolanjoen a,Suuret kangasmaiden joet,108.0,FI_00000002,10060,2023-01-10,61.41234231212037,29.399668855924936,,,,460.0,,14.0,0.99,S2_FI_00000002,2023-03-02,1,1.468945,69.343858466529,169.937775894309,,,36VUP,S2A_MSIL2A_20230302T093031_R136_T36VUP_20240818T001539,,11.0,13.1,,90.0,7.400000000000001,1.4,0.2,460.0,,14.0,0.99,0.2,Hiitolanjoki rajav 002,,Rautjärvi,Rautjärvi,River,VHA1,Vuoksen vesienhoitoalue,3.011,Kokkolanjoen a,Suuret kangasmaiden joet,108.0,ok,,-7,,,,,,,,,-5,,,,,,,,,-3,,,,,,,,,-1,,,,,,,,,0,2023-03-02,1.0,1.468945,S2A_MSIL2A_20230302T093031_R136_T36VUP_20240818T001539,1958.0,2490.0,2776.0,5068.0,1,2023-03-02,0.0,1.468945,S2A_MSIL2A_20230302T093031_R136_T36VUP_20240818T001539,1958.0,2490.0,2776.0,5068.0,3,,,,,,,,,5,,,,,,,,,7,,,,,,,,,,,rejected,nodata_reject,S2A_MSIL2A_20230302T093031_R136_T36VUP_20240818T001539,2023-03-02,1.0,1.468945,69.343858466529,1.0,256,128,0,0,9,"B02,B03,B04,B08"
FI_00000015,10060,10060,2023-03-01,61.41234231212037,29.399668855924936,,,,440.0,,10.0,0.97,,9.9,13.300000000000002,,93.0,7.3,1.0,0.8000000000000002,440.0,,10.0,0.97,0.5,Hiitolanjoki rajav 002,,Rautjärvi,Rautjärvi,River,VHA1,Vuoksen vesienhoitoalue,3.011,Kokkolanjoen a,Suuret kangasmaiden joet,108.0,FI_00000002,10060,2023-01-10,61.41234231212037,29.399668855924936,,,,460.0,,14.0,0.99,S2_FI_00000002,2023-03-02,1,1.468945,69.343858466529,169.937775894309,,,36VUP,S2A_MSIL2A_20230302T093031_R136_T36VUP_20240818T001539,,11.0,13.1,,90.0,7.400000000000001,1.4,0.2,460.0,,14.0,0.99,0.2,Hiitolanjoki rajav 002,,Rautjärvi,Rautjärvi,River,VHA1,Vuoksen vesienhoitoalue,3.011,Kokkolanjoen a,Suuret kangasmaiden joet,108.0,ok,,-7,,,,,,,,,-5,,,,,,,,,-3,,,,,,,,,-1,,,,,,,,,0,2023-03-02,1.0,1.468945,S2A_MSIL2A_20230302T093031_R136_T36VUP_20240818T001539,1958.0,2490.0,2776.0,5068.0,1,2023-03-02,0.0,1.468945,S2A_MSIL2A_20230302T093031_R136_T36VUP_20240818T001539,1958.0,2490.0,2776.0,5068.0,3,,,,,,,,,5,,,,,,,,,7,,,,,,,,,,,rejected,nodata_reject,S2A_MSIL2A_20230302T093031_R136_T36VUP_20240818T001539,2023-03-02,1.0,1.468945,69.343858466529,1.0,256,128,0,0,9,"B02,B03,B04,B08"
FI_00000016,10060,10060,2023-03-01,61.41234231212037,29.399668855924936,,,,440.0,,10.0,0.97,,9.9,13.300000000000002,,93.0,7.3,1.0,0.8000000000000002,440.0,,10.0,0.97,0.5,Hiitolanjoki rajav 002,,Rautjärvi,Rautjärvi,River,VHA1,Vuoksen vesienhoitoalue,3.011,Kokkolanjoen a,Suuret kangasmaiden joet,108.0,FI_00000002,10060,2023-01-10,61.41234231212037,29.399668855924936,,,,460.0,,14.0,0.99,S2_FI_00000002,2023-03-02,1,1.468945,69.343858466529,169.937775894309,,,36VUP,S2A_MSIL2A_20230302T093031_R136_T36VUP_20240818T001539,,11.0,13.1,,90.0,7.400000000000001,1.4,0.2,460.0,,14.0,0.99,0.2,Hiitolanjoki rajav 002,,Rautjärvi,Rautjärvi,River,VHA1,Vuoksen vesienhoitoalue,3.011,Kokkolanjoen a,Suuret kangasmaiden joet,108.0,ok,,-7,,,,,,,,,-5,,,,,,,,,-3,,,,,,,,,-1,,,,,,,,,0,2023-03-02,1.0,1.468945,S2A_MSIL2A_20230302T093031_R136_T36VUP_20240818T001539,1958.0,2490.0,2776.0,5068.0,1,2023-03-02,0.0,1.468945,S2A_MSIL2A_20230302T093031_R136_T36VUP_20240818T001539,1958.0,2490.0,2776.0,5068.0,3,,,,,,,,,5,,,,,,,,,7,,,,,,,,,,,rejected,nodata_reject,S2A_MSIL2A_20230302T093031_R136_T36VUP_20240818T001539,2023-03-02,1.0,1.468945,69.343858466529,1.0,256,128,0,0,9,"B02,B03,B04,B08"
FI_00000017,10060,10060,2023-03-01,61.41234231212037,29.399668855924936,,,,440.0,,10.0,0.97,,9.9,13.300000000000002,,93.0,7.3,1.0,0.8000000000000002,440.0,,10.0,0.97,0.5,Hiitolanjoki rajav 002,,Rautjärvi,Rautjärvi,River,VHA1,Vuoksen vesienhoitoalue,3.011,Kokkolanjoen a,Suuret kangasmaiden joet,108.0,FI_00000002,10060,2023-01-10,61.41234231212037,29.399668855924936,,,,460.0,,14.0,0.99,S2_FI_00000002,2023-03-02,1,1.468945,69.343858466529,169.937775894309,,,36VUP,S2A_MSIL2A_20230302T093031_R136_T36VUP_20240818T001539,,11.0,13.1,,90.0,7.400000000000001,1.4,0.2,460.0,,14.0,0.99,0.2,Hiitolanjoki rajav 002,,Rautjärvi,Rautjärvi,River,VHA1,Vuoksen vesienhoitoalue,3.011,Kokkolanjoen a,Suuret kangasmaiden joet,108.0,ok,,-7,,,,,,,,,-5,,,,,,,,,-3,,,,,,,,,-1,,,,,,,,,0,2023-03-02,1.0,1.468945,S2A_MSIL2A_20230302T093031_R136_T36VUP_20240818T001539,1958.0,2490.0,2776.0,5068.0,1,2023-03-02,0.0,1.468945,S2A_MSIL2A_20230302T093031_R136_T36VUP_20240818T001539,1958.0,2490.0,2776.0,5068.0,3,,,,,,,,,5,,,,,,,,,7,,,,,,,,,,,rejected,nodata_reject,S2A_MSIL2A_20230302T093031_R136_T36VUP_20240818T001539,2023-03-02,1.0,1.468945,69.343858466529,1.0,256,128,0,0,9,"B02,B03,B04,B08"
FI_00000018,10060,10060,2023-04-04,61.41234231212037,29.399668855924936,3.5,,,480.0,,11.0,1.3999999999999997,3.5,9.8,13.199999999999998,,94.0,7.3,1.0,1.3,480.0,,11.0,1.3999999999999997,0.3,Hiitolanjoki rajav 002,,Rautjärvi,Rautjärvi,River,VHA1,Vuoksen vesienhoitoalue,3.011,Kokkolanjoen a,Suuret kangasmaiden joet,108.0,FI_00000003,10060,2023-01-10,61.41234231212037,29.399668855924936,,,,460.0,,14.0,0.99,S2_FI_00000003,2023-04-04,0,99.095535,56.1577166137602,174.354098219461,,,36VUP,S2A_MSIL2A_20230404T094031_R036_T36VUP_20240825T224659,,11.0,13.1,,90.0,7.400000000000001,1.4,0.2,460.0,,14.0,0.99,0.2,Hiitolanjoki rajav 002,,Rautjärvi,Rautjärvi,River,VHA1,Vuoksen vesienhoitoalue,3.011,Kokkolanjoen a,Suuret kangasmaiden joet,108.0,ok,,-7,,,,,,,,,-5,,,,,,,,,-3,,,,,,,,,-1,,,,,,,,,0,,,,,,,,,1,2023-04-06,1.0,17.23485,S2B_MSIL2A_20230406T093039_R136_T35VPJ_20240827T080719,2313.0,2288.0,2685.0,4420.0,3,2023-04-06,1.0,17.23485,S2B_MSIL2A_20230406T093039_R136_T35VPJ_20240827T080719,2313.0,2288.0,2685.0,4420.0,5,2023-04-09,0.0,10.744652,S2B_MSIL2A_20230409T094039_R036_T35VPJ_20240825T050634,2666.0,2942.0,3258.0,4664.0,7,,,,,,,,,D:\Water Quality Parameter Estimation\wq_pipeline\artifacts\tolerance_3d\prepared\chips\train\sample_FI_00000018.npz,D:\Water Quality Parameter Estimation\wq_pipeline\artifacts\tolerance_3d\prepared\chips\train\sample_FI_00000018.png,ok,,S2B_MSIL2A_20230406T093039_R136_T35VPJ_20240827T080719,2023-04-06,2.0,17.23485,55.557450396346,7.62939453125e-05,256,128,0,0,9,"B02,B03,B04,B08"
FI_00000019,10060,10060,2023-04-04,61.41234231212037,29.399668855924936,3.5,,,480.0,,11.0,1.3999999999999997,3.5,9.8,13.199999999999998,,94.0,7.3,1.0,1.3,480.0,,11.0,1.3999999999999997,0.3,Hiitolanjoki rajav 002,,Rautjärvi,Rautjärvi,River,VHA1,Vuoksen vesienhoitoalue,3.011,Kokkolanjoen a,Suuret kangasmaiden joet,108.0,FI_00000003,10060,2023-01-10,61.41234231212037,29.399668855924936,,,,460.0,,14.0,0.99,S2_FI_00000003,2023-04-04,0,99.095535,56.1577166137602,174.354098219461,,,36VUP,S2A_MSIL2A_20230404T094031_R036_T36VUP_20240825T224659,,11.0,13.1,,90.0,7.400000000000001,1.4,0.2,460.0,,14.0,0.99,0.2,Hiitolanjoki rajav 002,,Rautjärvi,Rautjärvi,River,VHA1,Vuoksen vesienhoitoalue,3.011,Kokkolanjoen a,Suuret kangasmaiden joet,108.0,ok,,-7,,,,,,,,,-5,,,,,,,,,-3,,,,,,,,,-1,,,,,,,,,0,,,,,,,,,1,2023-04-06,1.0,17.23485,S2B_MSIL2A_20230406T093039_R136_T35VPJ_20240827T080719,2313.0,2288.0,2685.0,4420.0,3,2023-04-06,1.0,17.23485,S2B_MSIL2A_20230406T093039_R136_T35VPJ_20240827T080719,2313.0,2288.0,2685.0,4420.0,5,2023-04-09,0.0,10.744652,S2B_MSIL2A_20230409T094039_R036_T35VPJ_20240825T050634,2666.0,2942.0,3258.0,4664.0,7,,,,,,,,,D:\Water Quality Parameter Estimation\wq_pipeline\artifacts\tolerance_3d\prepared\chips\train\sample_FI_00000019.npz,D:\Water Quality Parameter Estimation\wq_pipeline\artifacts\tolerance_3d\prepared\chips\train\sample_FI_00000019.png,ok,,S2B_MSIL2A_20230406T093039_R136_T35VPJ_20240827T080719,2023-04-06,2.0,17.23485,55.557450396346,7.62939453125e-05,256,128,0,0,9,"B02,B03,B04,B08"
FI_00000020,10060,10060,2023-04-04,61.41234231212037,29.399668855924936,3.5,,,480.0,,11.0,1.3999999999999997,3.5,9.8,13.199999999999998,,94.0,7.3,1.0,1.3,480.0,,11.0,1.3999999999999997,0.3,Hiitolanjoki rajav 002,,Rautjärvi,Rautjärvi,River,VHA1,Vuoksen vesienhoitoalue,3.011,Kokkolanjoen a,Suuret kangasmaiden joet,108.0,FI_00000003,10060,2023-01-10,61.41234231212037,29.399668855924936,,,,460.0,,14.0,0.99,S2_FI_00000003,2023-04-04,0,99.095535,56.1577166137602,174.354098219461,,,36VUP,S2A_MSIL2A_20230404T094031_R036_T36VUP_20240825T224659,,11.0,13.1,,90.0,7.400000000000001,1.4,0.2,460.0,,14.0,0.99,0.2,Hiitolanjoki rajav 002,,Rautjärvi,Rautjärvi,River,VHA1,Vuoksen vesienhoitoalue,3.011,Kokkolanjoen a,Suuret kangasmaiden joet,108.0,ok,,-7,,,,,,,,,-5,,,,,,,,,-3,,,,,,,,,-1,,,,,,,,,0,,,,,,,,,1,2023-04-06,1.0,17.23485,S2B_MSIL2A_20230406T093039_R136_T35VPJ_20240827T080719,2313.0,2288.0,2685.0,4420.0,3,2023-04-06,1.0,17.23485,S2B_MSIL2A_20230406T093039_R136_T35VPJ_20240827T080719,2313.0,2288.0,2685.0,4420.0,5,2023-04-09,0.0,10.744652,S2B_MSIL2A_20230409T094039_R036_T35VPJ_20240825T050634,2666.0,2942.0,3258.0,4664.0,7,,,,,,,,,D:\Water Quality Parameter Estimation\wq_pipeline\artifacts\tolerance_3d\prepared\chips\train\sample_FI_00000020.npz,D:\Water Quality Parameter Estimation\wq_pipeline\artifacts\tolerance_3d\prepared\chips\train\sample_FI_00000020.png,ok,,S2B_MSIL2A_20230406T093039_R136_T35VPJ_20240827T080719,2023-04-06,2.0,17.23485,55.557450396346,7.62939453125e-05,256,128,0,0,9,"B02,B03,B04,B08"
FI_00000021,10060,10060,2023-04-04,61.41234231212037,29.399668855924936,3.5,,,480.0,,11.0,1.3999999999999997,3.5,9.8,13.199999999999998,,94.0,7.3,1.0,1.3,480.0,,11.0,1.3999999999999997,0.3,Hiitolanjoki rajav 002,,Rautjärvi,Rautjärvi,River,VHA1,Vuoksen vesienhoitoalue,3.011,Kokkolanjoen a,Suuret kangasmaiden joet,108.0,FI_00000003,10060,2023-01-10,61.41234231212037,29.399668855924936,,,,460.0,,14.0,0.99,S2_FI_00000003,2023-04-04,0,99.095535,56.1577166137602,174.354098219461,,,36VUP,S2A_MSIL2A_20230404T094031_R036_T36VUP_20240825T224659,,11.0,13.1,,90.0,7.400000000000001,1.4,0.2,460.0,,14.0,0.99,0.2,Hiitolanjoki rajav 002,,Rautjärvi,Rautjärvi,River,VHA1,Vuoksen vesienhoitoalue,3.011,Kokkolanjoen a,Suuret kangasmaiden joet,108.0,ok,,-7,,,,,,,,,-5,,,,,,,,,-3,,,,,,,,,-1,,,,,,,,,0,,,,,,,,,1,2023-04-06,1.0,17.23485,S2B_MSIL2A_20230406T093039_R136_T35VPJ_20240827T080719,2313.0,2288.0,2685.0,4420.0,3,2023-04-06,1.0,17.23485,S2B_MSIL2A_20230406T093039_R136_T35VPJ_20240827T080719,2313.0,2288.0,2685.0,4420.0,5,2023-04-09,0.0,10.744652,S2B_MSIL2A_20230409T094039_R036_T35VPJ_20240825T050634,2666.0,2942.0,3258.0,4664.0,7,,,,,,,,,D:\Water Quality Parameter Estimation\wq_pipeline\artifacts\tolerance_3d\prepared\chips\train\sample_FI_00000021.npz,D:\Water Quality Parameter Estimation\wq_pipeline\artifacts\tolerance_3d\prepared\chips\train\sample_FI_00000021.png,ok,,S2B_MSIL2A_20230406T093039_R136_T35VPJ_20240827T080719,2023-04-06,2.0,17.23485,55.557450396346,7.62939453125e-05,256,128,0,0,9,"B02,B03,B04,B08"
FI_00000022,10060,10060,2023-04-04,61.41234231212037,29.399668855924936,3.5,,,480.0,,11.0,1.3999999999999997,3.5,9.8,13.199999999999998,,94.0,7.3,1.0,1.3,480.0,,11.0,1.3999999999999997,0.3,Hiitolanjoki rajav 002,,Rautjärvi,Rautjärvi,River,VHA1,Vuoksen vesienhoitoalue,3.011,Kokkolanjoen a,Suuret kangasmaiden joet,108.0,FI_00000003,10060,2023-01-10,61.41234231212037,29.399668855924936,,,,460.0,,14.0,0.99,S2_FI_00000003,2023-04-04,0,99.095535,56.1577166137602,174.354098219461,,,36VUP,S2A_MSIL2A_20230404T094031_R036_T36VUP_20240825T224659,,11.0,13.1,,90.0,7.400000000000001,1.4,0.2,460.0,,14.0,0.99,0.2,Hiitolanjoki rajav 002,,Rautjärvi,Rautjärvi,River,VHA1,Vuoksen vesienhoitoalue,3.011,Kokkolanjoen a,Suuret kangasmaiden joet,108.0,ok,,-7,,,,,,,,,-5,,,,,,,,,-3,,,,,,,,,-1,,,,,,,,,0,,,,,,,,,1,2023-04-06,1.0,17.23485,S2B_MSIL2A_20230406T093039_R136_T35VPJ_20240827T080719,2313.0,2288.0,2685.0,4420.0,3,2023-04-06,1.0,17.23485,S2B_MSIL2A_20230406T093039_R136_T35VPJ_20240827T080719,2313.0,2288.0,2685.0,4420.0,5,2023-04-09,0.0,10.744652,S2B_MSIL2A_20230409T094039_R036_T35VPJ_20240825T050634,2666.0,2942.0,3258.0,4664.0,7,,,,,,,,,D:\Water Quality Parameter Estimation\wq_pipeline\artifacts\tolerance_3d\prepared\chips\train\sample_FI_00000022.npz,D:\Water Quality Parameter Estimation\wq_pipeline\artifacts\tolerance_3d\prepared\chips\train\sample_FI_00000022.png,ok,,S2B_MSIL2A_20230406T093039_R136_T35VPJ_20240827T080719,2023-04-06,2.0,17.23485,55.557450396346,7.62939453125e-05,256,128,0,0,9,"B02,B03,B04,B08"
FI_00000023,10060,10060,2023-04-04,61.41234231212037,29.399668855924936,3.5,,,480.0,,11.0,1.3999999999999997,3.5,9.8,13.199999999999998,,94.0,7.3,1.0,1.3,480.0,,11.0,1.3999999999999997,0.3,Hiitolanjoki rajav 002,,Rautjärvi,Rautjärvi,River,VHA1,Vuoksen vesienhoitoalue,3.011,Kokkolanjoen a,Suuret kangasmaiden joet,108.0,FI_00000003,10060,2023-01-10,61.41234231212037,29.399668855924936,,,,460.0,,14.0,0.99,S2_FI_00000003,2023-04-04,0,99.095535,56.1577166137602,174.354098219461,,,36VUP,S2A_MSIL2A_20230404T094031_R036_T36VUP_20240825T224659,,11.0,13.1,,90.0,7.400000000000001,1.4,0.2,460.0,,14.0,0.99,0.2,Hiitolanjoki rajav 002,,Rautjärvi,Rautjärvi,River,VHA1,Vuoksen vesienhoitoalue,3.011,Kokkolanjoen a,Suuret kangasmaiden joet,108.0,ok,,-7,,,,,,,,,-5,,,,,,,,,-3,,,,,,,,,-1,,,,,,,,,0,,,,,,,,,1,2023-04-06,1.0,17.23485,S2B_MSIL2A_20230406T093039_R136_T35VPJ_20240827T080719,2313.0,2288.0,2685.0,4420.0,3,2023-04-06,1.0,17.23485,S2B_MSIL2A_20230406T093039_R136_T35VPJ_20240827T080719,2313.0,2288.0,2685.0,4420.0,5,2023-04-09,0.0,10.744652,S2B_MSIL2A_20230409T094039_R036_T35VPJ_20240825T050634,2666.0,2942.0,3258.0,4664.0,7,,,,,,,,,D:\Water Quality Parameter Estimation\wq_pipeline\artifacts\tolerance_3d\prepared\chips\train\sample_FI_00000023.npz,D:\Water Quality Parameter Estimation\wq_pipeline\artifacts\tolerance_3d\prepared\chips\train\sample_FI_00000023.png,ok,,S2B_MSIL2A_20230406T093039_R136_T35VPJ_20240827T080719,2023-04-06,2.0,17.23485,55.557450396346,7.62939453125e-05,256,128,0,0,9,"B02,B03,B04,B08"
FI_00000024,10060,10060,2023-05-16,61.41234231212037,29.399668855924936,3.7000000000000006,,,510.0,,19.0,4.6,3.7000000000000006,7.5,9.5,,89.0,7.5,6.3,12.5,510.0,,19.0,4.6,0.5,Hiitolanjoki rajav 002,,Rautjärvi,Rautjärvi,River,VHA1,Vuoksen vesienhoitoalue,3.011,Kokkolanjoen a,Suuret kangasmaiden joet,108.0,FI_00000004,10060,2023-01-10,61.41234231212037,29.399668855924936,,,,460.0,,14.0,0.99,S2_FI_00000004,2023-05-16,0,97.098792,42.8035181012733,172.332156664977,,,36VUP,S2B_MSIL2A_20230516T092559_R136_T36VUP_20230516T135152,,11.0,13.1,,90.0,7.400000000000001,1.4,0.2,460.0,,14.0,0.99,0.2,Hiitolanjoki rajav 002,,Rautjärvi,Rautjärvi,River,VHA1,Vuoksen vesienhoitoalue,3.011,Kokkolanjoen a,Suuret kangasmaiden joet,108.0,ok,,-7,,,,,,,,,-5,,,,,,,,,-3,,,,,,,,,-1,,,,,,,,,0,,,,,,,,,1,,,,,,,,,3,2023-05-19,0.0,1.308037,S2B_MSIL2A_20230519T093549_R036_T36VUP_20230519T132011,1338.0,1564.0,1367.0,3632.0,5,,,,,,,,,7,2023-05-24,1.0,6.609888,S2A_MSIL2A_20230524T094031_R036_T35VPJ_20240906T080202,1357.0,1598.0,1416.0,3688.0,D:\Water Quality Parameter Estimation\wq_pipeline\artifacts\tolerance_3d\prepared\chips\train\sample_FI_00000024.npz,D:\Water Quality Parameter Estimation\wq_pipeline\artifacts\tolerance_3d\prepared\chips\train\sample_FI_00000024.png,ok,,S2B_MSIL2A_20230519T093549_R036_T36VUP_20230519T132011,2023-05-19,3.0,1.308037,42.0121322367658,0.0,256,128,0,0,9,"B02,B03,B04,B08"
FI_00000025,10060,10060,2023-05-16,61.41234231212037,29.399668855924936,3.7000000000000006,,,510.0,,19.0,4.6,3.7000000000000006,7.5,9.5,,89.0,7.5,6.3,12.5,510.0,,19.0,4.6,0.5,Hiitolanjoki rajav 002,,Rautjärvi,Rautjärvi,River,VHA1,Vuoksen vesienhoitoalue,3.011,Kokkolanjoen a,Suuret kangasmaiden joet,108.0,FI_00000004,10060,2023-01-10,61.41234231212037,29.399668855924936,,,,460.0,,14.0,0.99,S2_FI_00000004,2023-05-16,0,97.098792,42.8035181012733,172.332156664977,,,36VUP,S2B_MSIL2A_20230516T092559_R136_T36VUP_20230516T135152,,11.0,13.1,,90.0,7.400000000000001,1.4,0.2,460.0,,14.0,0.99,0.2,Hiitolanjoki rajav 002,,Rautjärvi,Rautjärvi,River,VHA1,Vuoksen vesienhoitoalue,3.011,Kokkolanjoen a,Suuret kangasmaiden joet,108.0,ok,,-7,,,,,,,,,-5,,,,,,,,,-3,,,,,,,,,-1,,,,,,,,,0,,,,,,,,,1,,,,,,,,,3,2023-05-19,0.0,1.308037,S2B_MSIL2A_20230519T093549_R036_T36VUP_20230519T132011,1338.0,1564.0,1367.0,3632.0,5,,,,,,,,,7,2023-05-24,1.0,6.609888,S2A_MSIL2A_20230524T094031_R036_T35VPJ_20240906T080202,1357.0,1598.0,1416.0,3688.0,D:\Water Quality Parameter Estimation\wq_pipeline\artifacts\tolerance_3d\prepared\chips\train\sample_FI_00000025.npz,D:\Water Quality Parameter Estimation\wq_pipeline\artifacts\tolerance_3d\prepared\chips\train\sample_FI_00000025.png,ok,,S2B_MSIL2A_20230519T093549_R036_T36VUP_20230519T132011,2023-05-19,3.0,1.308037,42.0121322367658,0.0,256,128,0,0,9,"B02,B03,B04,B08"
FI_00000026,10060,10060,2023-05-16,61.41234231212037,29.399668855924936,3.7000000000000006,,,510.0,,19.0,4.6,3.7000000000000006,7.5,9.5,,89.0,7.5,6.3,12.5,510.0,,19.0,4.6,0.5,Hiitolanjoki rajav 002,,Rautjärvi,Rautjärvi,River,VHA1,Vuoksen vesienhoitoalue,3.011,Kokkolanjoen a,Suuret kangasmaiden joet,108.0,FI_00000004,10060,2023-01-10,61.41234231212037,29.399668855924936,,,,460.0,,14.0,0.99,S2_FI_00000004,2023-05-16,0,97.098792,42.8035181012733,172.332156664977,,,36VUP,S2B_MSIL2A_20230516T092559_R136_T36VUP_20230516T135152,,11.0,13.1,,90.0,7.400000000000001,1.4,0.2,460.0,,14.0,0.99,0.2,Hiitolanjoki rajav 002,,Rautjärvi,Rautjärvi,River,VHA1,Vuoksen vesienhoitoalue,3.011,Kokkolanjoen a,Suuret kangasmaiden joet,108.0,ok,,-7,,,,,,,,,-5,,,,,,,,,-3,,,,,,,,,-1,,,,,,,,,0,,,,,,,,,1,,,,,,,,,3,2023-05-19,0.0,1.308037,S2B_MSIL2A_20230519T093549_R036_T36VUP_20230519T132011,1338.0,1564.0,1367.0,3632.0,5,,,,,,,,,7,2023-05-24,1.0,6.609888,S2A_MSIL2A_20230524T094031_R036_T35VPJ_20240906T080202,1357.0,1598.0,1416.0,3688.0,D:\Water Quality Parameter Estimation\wq_pipeline\artifacts\tolerance_3d\prepared\chips\train\sample_FI_00000026.npz,D:\Water Quality Parameter Estimation\wq_pipeline\artifacts\tolerance_3d\prepared\chips\train\sample_FI_00000026.png,ok,,S2B_MSIL2A_20230519T093549_R036_T36VUP_20230519T132011,2023-05-19,3.0,1.308037,42.0121322367658,0.0,256,128,0,0,9,"B02,B03,B04,B08"
FI_00000027,10060,10060,2023-05-16,61.41234231212037,29.399668855924936,3.7000000000000006,,,510.0,,19.0,4.6,3.7000000000000006,7.5,9.5,,89.0,7.5,6.3,12.5,510.0,,19.0,4.6,0.5,Hiitolanjoki rajav 002,,Rautjärvi,Rautjärvi,River,VHA1,Vuoksen vesienhoitoalue,3.011,Kokkolanjoen a,Suuret kangasmaiden joet,108.0,FI_00000004,10060,2023-01-10,61.41234231212037,29.399668855924936,,,,460.0,,14.0,0.99,S2_FI_00000004,2023-05-16,0,97.098792,42.8035181012733,172.332156664977,,,36VUP,S2B_MSIL2A_20230516T092559_R136_T36VUP_20230516T135152,,11.0,13.1,,90.0,7.400000000000001,1.4,0.2,460.0,,14.0,0.99,0.2,Hiitolanjoki rajav 002,,Rautjärvi,Rautjärvi,River,VHA1,Vuoksen vesienhoitoalue,3.011,Kokkolanjoen a,Suuret kangasmaiden joet,108.0,ok,,-7,,,,,,,,,-5,,,,,,,,,-3,,,,,,,,,-1,,,,,,,,,0,,,,,,,,,1,,,,,,,,,3,2023-05-19,0.0,1.308037,S2B_MSIL2A_20230519T093549_R036_T36VUP_20230519T132011,1338.0,1564.0,1367.0,3632.0,5,,,,,,,,,7,2023-05-24,1.0,6.609888,S2A_MSIL2A_20230524T094031_R036_T35VPJ_20240906T080202,1357.0,1598.0,1416.0,3688.0,D:\Water Quality Parameter Estimation\wq_pipeline\artifacts\tolerance_3d\prepared\chips\train\sample_FI_00000027.npz,D:\Water Quality Parameter Estimation\wq_pipeline\artifacts\tolerance_3d\prepared\chips\train\sample_FI_00000027.png,ok,,S2B_MSIL2A_20230519T093549_R036_T36VUP_20230519T132011,2023-05-19,3.0,1.308037,42.0121322367658,0.0,256,128,0,0,9,"B02,B03,B04,B08"
FI_00000028,10060,10060,2023-05-16,61.41234231212037,29.399668855924936,3.7000000000000006,,,510.0,,19.0,4.6,3.7000000000000006,7.5,9.5,,89.0,7.5,6.3,12.5,510.0,,19.0,4.6,0.5,Hiitolanjoki rajav 002,,Rautjärvi,Rautjärvi,River,VHA1,Vuoksen vesienhoitoalue,3.011,Kokkolanjoen a,Suuret kangasmaiden joet,108.0,FI_00000004,10060,2023-01-10,61.41234231212037,29.399668855924936,,,,460.0,,14.0,0.99,S2_FI_00000004,2023-05-16,0,97.098792,42.8035181012733,172.332156664977,,,36VUP,S2B_MSIL2A_20230516T092559_R136_T36VUP_20230516T135152,,11.0,13.1,,90.0,7.400000000000001,1.4,0.2,460.0,,14.0,0.99,0.2,Hiitolanjoki rajav 002,,Rautjärvi,Rautjärvi,River,VHA1,Vuoksen vesienhoitoalue,3.011,Kokkolanjoen a,Suuret kangasmaiden joet,108.0,ok,,-7,,,,,,,,,-5,,,,,,,,,-3,,,,,,,,,-1,,,,,,,,,0,,,,,,,,,1,,,,,,,,,3,2023-05-19,0.0,1.308037,S2B_MSIL2A_20230519T093549_R036_T36VUP_20230519T132011,1338.0,1564.0,1367.0,3632.0,5,,,,,,,,,7,2023-05-24,1.0,6.609888,S2A_MSIL2A_20230524T094031_R036_T35VPJ_20240906T080202,1357.0,1598.0,1416.0,3688.0,D:\Water Quality Parameter Estimation\wq_pipeline\artifacts\tolerance_3d\prepared\chips\train\sample_FI_00000028.npz,D:\Water Quality Parameter Estimation\wq_pipeline\artifacts\tolerance_3d\prepared\chips\train\sample_FI_00000028.png,ok,,S2B_MSIL2A_20230519T093549_R036_T36VUP_20230519T132011,2023-05-19,3.0,1.308037,42.0121322367658,0.0,256,128,0,0,9,"B02,B03,B04,B08"
FI_00000029,10060,10060,2023-05-16,61.41234231212037,29.399668855924936,3.7000000000000006,,,510.0,,19.0,4.6,3.7000000000000006,7.5,9.5,,89.0,7.5,6.3,12.5,510.0,,19.0,4.6,0.5,Hiitolanjoki rajav 002,,Rautjärvi,Rautjärvi,River,VHA1,Vuoksen vesienhoitoalue,3.011,Kokkolanjoen a,Suuret kangasmaiden joet,108.0,FI_00000004,10060,2023-01-10,61.41234231212037,29.399668855924936,,,,460.0,,14.0,0.99,S2_FI_00000004,2023-05-16,0,97.098792,42.8035181012733,172.332156664977,,,36VUP,S2B_MSIL2A_20230516T092559_R136_T36VUP_20230516T135152,,11.0,13.1,,90.0,7.400000000000001,1.4,0.2,460.0,,14.0,0.99,0.2,Hiitolanjoki rajav 002,,Rautjärvi,Rautjärvi,River,VHA1,Vuoksen vesienhoitoalue,3.011,Kokkolanjoen a,Suuret kangasmaiden joet,108.0,ok,,-7,,,,,,,,,-5,,,,,,,,,-3,,,,,,,,,-1,,,,,,,,,0,,,,,,,,,1,,,,,,,,,3,2023-05-19,0.0,1.308037,S2B_MSIL2A_20230519T093549_R036_T36VUP_20230519T132011,1338.0,1564.0,1367.0,3632.0,5,,,,,,,,,7,2023-05-24,1.0,6.609888,S2A_MSIL2A_20230524T094031_R036_T35VPJ_20240906T080202,1357.0,1598.0,1416.0,3688.0,D:\Water Quality Parameter Estimation\wq_pipeline\artifacts\tolerance_3d\prepared\chips\train\sample_FI_00000029.npz,D:\Water Quality Parameter Estimation\wq_pipeline\artifacts\tolerance_3d\prepared\chips\train\sample_FI_00000029.png,ok,,S2B_MSIL2A_20230519T093549_R036_T36VUP_20230519T132011,2023-05-19,3.0,1.308037,42.0121322367658,0.0,256,128,0,0,9,"B02,B03,B04,B08"
FI_00000030,10060,10060,2023-06-07,61.41234231212037,29.399668855924936,2.7999999999999994,,,520.0,,15.0,2.2,2.7999999999999994,9.0,9.1,,90.0,7.400000000000001,3.4,14.699999999999998,520.0,,15.0,2.2,0.4,Hiitolanjoki rajav 002,,Rautjärvi,Rautjärvi,River,VHA1,Vuoksen vesienhoitoalue,3.011,Kokkolanjoen a,Suuret kangasmaiden joet,108.0,FI_00000005,10060,2023-01-10,61.41234231212037,29.399668855924936,,,,460.0,,14.0,0.99,S2_FI_00000005,2023-06-08,1,99.798834,38.9559936761273,174.611721935959,,,36VUP,S2B_MSIL2A_20230608T093549_R036_T36VUP_20240911T145836,,11.0,13.1,,90.0,7.400000000000001,1.4,0.2,460.0,,14.0,0.99,0.2,Hiitolanjoki rajav 002,,Rautjärvi,Rautjärvi,River,VHA1,Vuoksen vesienhoitoalue,3.011,Kokkolanjoen a,Suuret kangasmaiden joet,108.0,ok,,-7,,,,,,,,,-5,,,,,,,,,-3,2023-06-05,1.0,33.307627,S2B_MSIL2A_20230605T092559_R136_T35VPJ_20240911T222414,1558.0,1902.0,1596.0,4916.0,-1,2023-06-05,1.0,33.307627,S2B_MSIL2A_20230605T092559_R136_T35VPJ_20240911T222414,1558.0,1902.0,1596.0,4916.0,0,,,,,,,,,1,,,,,,,,,3,2023-06-10,0.0,26.837969,S2A_MSIL2A_20230610T093041_R136_T36VUP_20240912T151402,1385.0,1684.0,1538.0,4572.0,5,2023-06-13,1.0,20.612602,S2A_MSIL2A_20230613T094041_R036_T36VUP_20240927T204801,1319.0,1546.0,1422.0,3942.0,7,2023-06-15,1.0,0.53812,S2B_MSIL2A_20230615T092559_R136_T35VPJ_20240912T012147,1369.0,1648.0,1461.0,4396.0,D:\Water Quality Parameter Estimation\wq_pipeline\artifacts\tolerance_3d\prepared\chips\train\sample_FI_00000030.npz,D:\Water Quality Parameter Estimation\wq_pipeline\artifacts\tolerance_3d\prepared\chips\train\sample_FI_00000030.png,ok,,S2B_MSIL2A_20230605T092559_R136_T35VPJ_20240911T222414,2023-06-05,2.0,33.307627,39.414670553263,0.0,256,128,0,0,9,"B02,B03,B04,B08"
FI_00000031,10060,10060,2023-06-07,61.41234231212037,29.399668855924936,2.7999999999999994,,,520.0,,15.0,2.2,2.7999999999999994,9.0,9.1,,90.0,7.400000000000001,3.4,14.699999999999998,520.0,,15.0,2.2,0.4,Hiitolanjoki rajav 002,,Rautjärvi,Rautjärvi,River,VHA1,Vuoksen vesienhoitoalue,3.011,Kokkolanjoen a,Suuret kangasmaiden joet,108.0,FI_00000005,10060,2023-01-10,61.41234231212037,29.399668855924936,,,,460.0,,14.0,0.99,S2_FI_00000005,2023-06-08,1,99.798834,38.9559936761273,174.611721935959,,,36VUP,S2B_MSIL2A_20230608T093549_R036_T36VUP_20240911T145836,,11.0,13.1,,90.0,7.400000000000001,1.4,0.2,460.0,,14.0,0.99,0.2,Hiitolanjoki rajav 002,,Rautjärvi,Rautjärvi,River,VHA1,Vuoksen vesienhoitoalue,3.011,Kokkolanjoen a,Suuret kangasmaiden joet,108.0,ok,,-7,,,,,,,,,-5,,,,,,,,,-3,2023-06-05,1.0,33.307627,S2B_MSIL2A_20230605T092559_R136_T35VPJ_20240911T222414,1558.0,1902.0,1596.0,4916.0,-1,2023-06-05,1.0,33.307627,S2B_MSIL2A_20230605T092559_R136_T35VPJ_20240911T222414,1558.0,1902.0,1596.0,4916.0,0,,,,,,,,,1,,,,,,,,,3,2023-06-10,0.0,26.837969,S2A_MSIL2A_20230610T093041_R136_T36VUP_20240912T151402,1385.0,1684.0,1538.0,4572.0,5,2023-06-13,1.0,20.612602,S2A_MSIL2A_20230613T094041_R036_T36VUP_20240927T204801,1319.0,1546.0,1422.0,3942.0,7,2023-06-15,1.0,0.53812,S2B_MSIL2A_20230615T092559_R136_T35VPJ_20240912T012147,1369.0,1648.0,1461.0,4396.0,D:\Water Quality Parameter Estimation\wq_pipeline\artifacts\tolerance_3d\prepared\chips\train\sample_FI_00000031.npz,D:\Water Quality Parameter Estimation\wq_pipeline\artifacts\tolerance_3d\prepared\chips\train\sample_FI_00000031.png,ok,,S2B_MSIL2A_20230605T092559_R136_T35VPJ_20240911T222414,2023-06-05,2.0,33.307627,39.414670553263,0.0,256,128,0,0,9,"B02,B03,B04,B08"
FI_00000032,10060,10060,2023-06-07,61.41234231212037,29.399668855924936,2.7999999999999994,,,520.0,,15.0,2.2,2.7999999999999994,9.0,9.1,,90.0,7.400000000000001,3.4,14.699999999999998,520.0,,15.0,2.2,0.4,Hiitolanjoki rajav 002,,Rautjärvi,Rautjärvi,River,VHA1,Vuoksen vesienhoitoalue,3.011,Kokkolanjoen a,Suuret kangasmaiden joet,108.0,FI_00000005,10060,2023-01-10,61.41234231212037,29.399668855924936,,,,460.0,,14.0,0.99,S2_FI_00000005,2023-06-08,1,99.798834,38.9559936761273,174.611721935959,,,36VUP,S2B_MSIL2A_20230608T093549_R036_T36VUP_20240911T145836,,11.0,13.1,,90.0,7.400000000000001,1.4,0.2,460.0,,14.0,0.99,0.2,Hiitolanjoki rajav 002,,Rautjärvi,Rautjärvi,River,VHA1,Vuoksen vesienhoitoalue,3.011,Kokkolanjoen a,Suuret kangasmaiden joet,108.0,ok,,-7,,,,,,,,,-5,,,,,,,,,-3,2023-06-05,1.0,33.307627,S2B_MSIL2A_20230605T092559_R136_T35VPJ_20240911T222414,1558.0,1902.0,1596.0,4916.0,-1,2023-06-05,1.0,33.307627,S2B_MSIL2A_20230605T092559_R136_T35VPJ_20240911T222414,1558.0,1902.0,1596.0,4916.0,0,,,,,,,,,1,,,,,,,,,3,2023-06-10,0.0,26.837969,S2A_MSIL2A_20230610T093041_R136_T36VUP_20240912T151402,1385.0,1684.0,1538.0,4572.0,5,2023-06-13,1.0,20.612602,S2A_MSIL2A_20230613T094041_R036_T36VUP_20240927T204801,1319.0,1546.0,1422.0,3942.0,7,2023-06-15,1.0,0.53812,S2B_MSIL2A_20230615T092559_R136_T35VPJ_20240912T012147,1369.0,1648.0,1461.0,4396.0,D:\Water Quality Parameter Estimation\wq_pipeline\artifacts\tolerance_3d\prepared\chips\train\sample_FI_00000032.npz,D:\Water Quality Parameter Estimation\wq_pipeline\artifacts\tolerance_3d\prepared\chips\train\sample_FI_00000032.png,ok,,S2B_MSIL2A_20230605T092559_R136_T35VPJ_20240911T222414,2023-06-05,2.0,33.307627,39.414670553263,0.0,256,128,0,0,9,"B02,B03,B04,B08"
FI_00000033,10060,10060,2023-06-07,61.41234231212037,29.399668855924936,2.7999999999999994,,,520.0,,15.0,2.2,2.7999999999999994,9.0,9.1,,90.0,7.400000000000001,3.4,14.699999999999998,520.0,,15.0,2.2,0.4,Hiitolanjoki rajav 002,,Rautjärvi,Rautjärvi,River,VHA1,Vuoksen vesienhoitoalue,3.011,Kokkolanjoen a,Suuret kangasmaiden joet,108.0,FI_00000005,10060,2023-01-10,61.41234231212037,29.399668855924936,,,,460.0,,14.0,0.99,S2_FI_00000005,2023-06-08,1,99.798834,38.9559936761273,174.611721935959,,,36VUP,S2B_MSIL2A_20230608T093549_R036_T36VUP_20240911T145836,,11.0,13.1,,90.0,7.400000000000001,1.4,0.2,460.0,,14.0,0.99,0.2,Hiitolanjoki rajav 002,,Rautjärvi,Rautjärvi,River,VHA1,Vuoksen vesienhoitoalue,3.011,Kokkolanjoen a,Suuret kangasmaiden joet,108.0,ok,,-7,,,,,,,,,-5,,,,,,,,,-3,2023-06-05,1.0,33.307627,S2B_MSIL2A_20230605T092559_R136_T35VPJ_20240911T222414,1558.0,1902.0,1596.0,4916.0,-1,2023-06-05,1.0,33.307627,S2B_MSIL2A_20230605T092559_R136_T35VPJ_20240911T222414,1558.0,1902.0,1596.0,4916.0,0,,,,,,,,,1,,,,,,,,,3,2023-06-10,0.0,26.837969,S2A_MSIL2A_20230610T093041_R136_T36VUP_20240912T151402,1385.0,1684.0,1538.0,4572.0,5,2023-06-13,1.0,20.612602,S2A_MSIL2A_20230613T094041_R036_T36VUP_20240927T204801,1319.0,1546.0,1422.0,3942.0,7,2023-06-15,1.0,0.53812,S2B_MSIL2A_20230615T092559_R136_T35VPJ_20240912T012147,1369.0,1648.0,1461.0,4396.0,D:\Water Quality Parameter Estimation\wq_pipeline\artifacts\tolerance_3d\prepared\chips\train\sample_FI_00000033.npz,D:\Water Quality Parameter Estimation\wq_pipeline\artifacts\tolerance_3d\prepared\chips\train\sample_FI_00000033.png,ok,,S2B_MSIL2A_20230605T092559_R136_T35VPJ_20240911T222414,2023-06-05,2.0,33.307627,39.414670553263,0.0,256,128,0,0,9,"B02,B03,B04,B08"
FI_00000034,10060,10060,2023-06-07,61.41234231212037,29.399668855924936,2.7999999999999994,,,520.0,,15.0,2.2,2.7999999999999994,9.0,9.1,,90.0,7.400000000000001,3.4,14.699999999999998,520.0,,15.0,2.2,0.4,Hiitolanjoki rajav 002,,Rautjärvi,Rautjärvi,River,VHA1,Vuoksen vesienhoitoalue,3.011,Kokkolanjoen a,Suuret kangasmaiden joet,108.0,FI_00000005,10060,2023-01-10,61.41234231212037,29.399668855924936,,,,460.0,,14.0,0.99,S2_FI_00000005,2023-06-08,1,99.798834,38.9559936761273,174.611721935959,,,36VUP,S2B_MSIL2A_20230608T093549_R036_T36VUP_20240911T145836,,11.0,13.1,,90.0,7.400000000000001,1.4,0.2,460.0,,14.0,0.99,0.2,Hiitolanjoki rajav 002,,Rautjärvi,Rautjärvi,River,VHA1,Vuoksen vesienhoitoalue,3.011,Kokkolanjoen a,Suuret kangasmaiden joet,108.0,ok,,-7,,,,,,,,,-5,,,,,,,,,-3,2023-06-05,1.0,33.307627,S2B_MSIL2A_20230605T092559_R136_T35VPJ_20240911T222414,1558.0,1902.0,1596.0,4916.0,-1,2023-06-05,1.0,33.307627,S2B_MSIL2A_20230605T092559_R136_T35VPJ_20240911T222414,1558.0,1902.0,1596.0,4916.0,0,,,,,,,,,1,,,,,,,,,3,2023-06-10,0.0,26.837969,S2A_MSIL2A_20230610T093041_R136_T36VUP_20240912T151402,1385.0,1684.0,1538.0,4572.0,5,2023-06-13,1.0,20.612602,S2A_MSIL2A_20230613T094041_R036_T36VUP_20240927T204801,1319.0,1546.0,1422.0,3942.0,7,2023-06-15,1.0,0.53812,S2B_MSIL2A_20230615T092559_R136_T35VPJ_20240912T012147,1369.0,1648.0,1461.0,4396.0,D:\Water Quality Parameter Estimation\wq_pipeline\artifacts\tolerance_3d\prepared\chips\train\sample_FI_00000034.npz,D:\Water Quality Parameter Estimation\wq_pipeline\artifacts\tolerance_3d\prepared\chips\train\sample_FI_00000034.png,ok,,S2B_MSIL2A_20230605T092559_R136_T35VPJ_20240911T222414,2023-06-05,2.0,33.307627,39.414670553263,0.0,256,128,0,0,9,"B02,B03,B04,B08"
FI_00000035,10060,10060,2023-06-07,61.41234231212037,29.399668855924936,2.7999999999999994,,,520.0,,15.0,2.2,2.7999999999999994,9.0,9.1,,90.0,7.400000000000001,3.4,14.699999999999998,520.0,,15.0,2.2,0.4,Hiitolanjoki rajav 002,,Rautjärvi,Rautjärvi,River,VHA1,Vuoksen vesienhoitoalue,3.011,Kokkolanjoen a,Suuret kangasmaiden joet,108.0,FI_00000005,10060,2023-01-10,61.41234231212037,29.399668855924936,,,,460.0,,14.0,0.99,S2_FI_00000005,2023-06-08,1,99.798834,38.9559936761273,174.611721935959,,,36VUP,S2B_MSIL2A_20230608T093549_R036_T36VUP_20240911T145836,,11.0,13.1,,90.0,7.400000000000001,1.4,0.2,460.0,,14.0,0.99,0.2,Hiitolanjoki rajav 002,,Rautjärvi,Rautjärvi,River,VHA1,Vuoksen vesienhoitoalue,3.011,Kokkolanjoen a,Suuret kangasmaiden joet,108.0,ok,,-7,,,,,,,,,-5,,,,,,,,,-3,2023-06-05,1.0,33.307627,S2B_MSIL2A_20230605T092559_R136_T35VPJ_20240911T222414,1558.0,1902.0,1596.0,4916.0,-1,2023-06-05,1.0,33.307627,S2B_MSIL2A_20230605T092559_R136_T35VPJ_20240911T222414,1558.0,1902.0,1596.0,4916.0,0,,,,,,,,,1,,,,,,,,,3,2023-06-10,0.0,26.837969,S2A_MSIL2A_20230610T093041_R136_T36VUP_20240912T151402,1385.0,1684.0,1538.0,4572.0,5,2023-06-13,1.0,20.612602,S2A_MSIL2A_20230613T094041_R036_T36VUP_20240927T204801,1319.0,1546.0,1422.0,3942.0,7,2023-06-15,1.0,0.53812,S2B_MSIL2A_20230615T092559_R136_T35VPJ_20240912T012147,1369.0,1648.0,1461.0,4396.0,D:\Water Quality Parameter Estimation\wq_pipeline\artifacts\tolerance_3d\prepared\chips\train\sample_FI_00000035.npz,D:\Water Quality Parameter Estimation\wq_pipeline\artifacts\tolerance_3d\prepared\chips\train\sample_FI_00000035.png,ok,,S2B_MSIL2A_20230605T092559_R136_T35VPJ_20240911T222414,2023-06-05,2.0,33.307627,39.414670553263,0.0,256,128,0,0,9,"B02,B03,B04,B08"
FI_00000036,10060,10060,2023-07-04,61.41234231212037,29.399668855924936,1.1,,,770.0,,22.0,3.1,1.1,10.0,7.3,,80.0,7.3,4.3,19.8,770.0,,22.0,3.1,0.5,Hiitolanjoki rajav 002,,Rautjärvi,Rautjärvi,River,VHA1,Vuoksen vesienhoitoalue,3.011,Kokkolanjoen a,Suuret kangasmaiden joet,108.0,FI_00000006,10060,2023-02-07,61.41234231212037,29.399668855924936,,,,450.0,,12.0,1.2,S2_FI_00000006,2023-07-03,1,75.950617,38.9007396147205,172.695512198174,,,36VUP,S2A_MSIL2A_20230703T094041_R036_T36VUP_20230703T160840,,10.0,13.199999999999998,,92.0,7.400000000000001,1.4,0.8000000000000002,450.0,,12.0,1.2,0.2,Hiitolanjoki rajav 002,,Rautjärvi,Rautjärvi,River,VHA1,Vuoksen vesienhoitoalue,3.011,Kokkolanjoen a,Suuret kangasmaiden joet,108.0,ok,,-7,2023-06-28,1.0,13.733202,S2B_MSIL2A_20230628T093549_R036_T36VUP_20240927T171423,1224.0,1234.0,1145.0,1774.0,-5,2023-06-28,1.0,13.733202,S2B_MSIL2A_20230628T093549_R036_T36VUP_20240927T171423,1224.0,1234.0,1145.0,1774.0,-3,2023-06-30,1.0,29.643682,S2A_MSIL2A_20230630T093041_R136_T36VUP_20240925T041129,10792.0,9992.0,9640.0,9224.0,-1,,,,,,,,,0,,,,,,,,,1,,,,,,,,,3,,,,,,,,,5,2023-07-10,1.0,16.186535,S2A_MSIL2A_20230710T093041_R136_T35VPJ_20241017T153036,1424.0,1650.0,1452.0,4688.0,7,2023-07-10,1.0,16.186535,S2A_MSIL2A_20230710T093041_R136_T35VPJ_20241017T153036,1424.0,1650.0,1452.0,4688.0,,,no_match,no_stac_item,,,,,,,256,128,0,0,0,"B02,B03,B04,B08"
FI_00000037,10060,10060,2023-07-04,61.41234231212037,29.399668855924936,1.1,,,770.0,,22.0,3.1,1.1,10.0,7.3,,80.0,7.3,4.3,19.8,770.0,,22.0,3.1,0.5,Hiitolanjoki rajav 002,,Rautjärvi,Rautjärvi,River,VHA1,Vuoksen vesienhoitoalue,3.011,Kokkolanjoen a,Suuret kangasmaiden joet,108.0,FI_00000006,10060,2023-02-07,61.41234231212037,29.399668855924936,,,,450.0,,12.0,1.2,S2_FI_00000006,2023-07-03,1,75.950617,38.9007396147205,172.695512198174,,,36VUP,S2A_MSIL2A_20230703T094041_R036_T36VUP_20230703T160840,,10.0,13.199999999999998,,92.0,7.400000000000001,1.4,0.8000000000000002,450.0,,12.0,1.2,0.2,Hiitolanjoki rajav 002,,Rautjärvi,Rautjärvi,River,VHA1,Vuoksen vesienhoitoalue,3.011,Kokkolanjoen a,Suuret kangasmaiden joet,108.0,ok,,-7,2023-06-28,1.0,13.733202,S2B_MSIL2A_20230628T093549_R036_T36VUP_20240927T171423,1224.0,1234.0,1145.0,1774.0,-5,2023-06-28,1.0,13.733202,S2B_MSIL2A_20230628T093549_R036_T36VUP_20240927T171423,1224.0,1234.0,1145.0,1774.0,-3,2023-06-30,1.0,29.643682,S2A_MSIL2A_20230630T093041_R136_T36VUP_20240925T041129,10792.0,9992.0,9640.0,9224.0,-1,,,,,,,,,0,,,,,,,,,1,,,,,,,,,3,,,,,,,,,5,2023-07-10,1.0,16.186535,S2A_MSIL2A_20230710T093041_R136_T35VPJ_20241017T153036,1424.0,1650.0,1452.0,4688.0,7,2023-07-10,1.0,16.186535,S2A_MSIL2A_20230710T093041_R136_T35VPJ_20241017T153036,1424.0,1650.0,1452.0,4688.0,,,no_match,no_stac_item,,,,,,,256,128,0,0,0,"B02,B03,B04,B08"
FI_00000038,10060,10060,2023-07-04,61.41234231212037,29.399668855924936,1.1,,,770.0,,22.0,3.1,1.1,10.0,7.3,,80.0,7.3,4.3,19.8,770.0,,22.0,3.1,0.5,Hiitolanjoki rajav 002,,Rautjärvi,Rautjärvi,River,VHA1,Vuoksen vesienhoitoalue,3.011,Kokkolanjoen a,Suuret kangasmaiden joet,108.0,FI_00000006,10060,2023-02-07,61.41234231212037,29.399668855924936,,,,450.0,,12.0,1.2,S2_FI_00000006,2023-07-03,1,75.950617,38.9007396147205,172.695512198174,,,36VUP,S2A_MSIL2A_20230703T094041_R036_T36VUP_20230703T160840,,10.0,13.199999999999998,,92.0,7.400000000000001,1.4,0.8000000000000002,450.0,,12.0,1.2,0.2,Hiitolanjoki rajav 002,,Rautjärvi,Rautjärvi,River,VHA1,Vuoksen vesienhoitoalue,3.011,Kokkolanjoen a,Suuret kangasmaiden joet,108.0,ok,,-7,2023-06-28,1.0,13.733202,S2B_MSIL2A_20230628T093549_R036_T36VUP_20240927T171423,1224.0,1234.0,1145.0,1774.0,-5,2023-06-28,1.0,13.733202,S2B_MSIL2A_20230628T093549_R036_T36VUP_20240927T171423,1224.0,1234.0,1145.0,1774.0,-3,2023-06-30,1.0,29.643682,S2A_MSIL2A_20230630T093041_R136_T36VUP_20240925T041129,10792.0,9992.0,9640.0,9224.0,-1,,,,,,,,,0,,,,,,,,,1,,,,,,,,,3,,,,,,,,,5,2023-07-10,1.0,16.186535,S2A_MSIL2A_20230710T093041_R136_T35VPJ_20241017T153036,1424.0,1650.0,1452.0,4688.0,7,2023-07-10,1.0,16.186535,S2A_MSIL2A_20230710T093041_R136_T35VPJ_20241017T153036,1424.0,1650.0,1452.0,4688.0,,,no_match,no_stac_item,,,,,,,256,128,0,0,0,"B02,B03,B04,B08"
FI_00000039,10060,10060,2023-07-04,61.41234231212037,29.399668855924936,1.1,,,770.0,,22.0,3.1,1.1,10.0,7.3,,80.0,7.3,4.3,19.8,770.0,,22.0,3.1,0.5,Hiitolanjoki rajav 002,,Rautjärvi,Rautjärvi,River,VHA1,Vuoksen vesienhoitoalue,3.011,Kokkolanjoen a,Suuret kangasmaiden joet,108.0,FI_00000006,10060,2023-02-07,61.41234231212037,29.399668855924936,,,,450.0,,12.0,1.2,S2_FI_00000006,2023-07-03,1,75.950617,38.9007396147205,172.695512198174,,,36VUP,S2A_MSIL2A_20230703T094041_R036_T36VUP_20230703T160840,,10.0,13.199999999999998,,92.0,7.400000000000001,1.4,0.8000000000000002,450.0,,12.0,1.2,0.2,Hiitolanjoki rajav 002,,Rautjärvi,Rautjärvi,River,VHA1,Vuoksen vesienhoitoalue,3.011,Kokkolanjoen a,Suuret kangasmaiden joet,108.0,ok,,-7,2023-06-28,1.0,13.733202,S2B_MSIL2A_20230628T093549_R036_T36VUP_20240927T171423,1224.0,1234.0,1145.0,1774.0,-5,2023-06-28,1.0,13.733202,S2B_MSIL2A_20230628T093549_R036_T36VUP_20240927T171423,1224.0,1234.0,1145.0,1774.0,-3,2023-06-30,1.0,29.643682,S2A_MSIL2A_20230630T093041_R136_T36VUP_20240925T041129,10792.0,9992.0,9640.0,9224.0,-1,,,,,,,,,0,,,,,,,,,1,,,,,,,,,3,,,,,,,,,5,2023-07-10,1.0,16.186535,S2A_MSIL2A_20230710T093041_R136_T35VPJ_20241017T153036,1424.0,1650.0,1452.0,4688.0,7,2023-07-10,1.0,16.186535,S2A_MSIL2A_20230710T093041_R136_T35VPJ_20241017T153036,1424.0,1650.0,1452.0,4688.0,,,no_match,no_stac_item,,,,,,,256,128,0,0,0,"B02,B03,B04,B08"
FI_00000040,10060,10060,2023-07-04,61.41234231212037,29.399668855924936,1.1,,,770.0,,22.0,3.1,1.1,10.0,7.3,,80.0,7.3,4.3,19.8,770.0,,22.0,3.1,0.5,Hiitolanjoki rajav 002,,Rautjärvi,Rautjärvi,River,VHA1,Vuoksen vesienhoitoalue,3.011,Kokkolanjoen a,Suuret kangasmaiden joet,108.0,FI_00000006,10060,2023-02-07,61.41234231212037,29.399668855924936,,,,450.0,,12.0,1.2,S2_FI_00000006,2023-07-03,1,75.950617,38.9007396147205,172.695512198174,,,36VUP,S2A_MSIL2A_20230703T094041_R036_T36VUP_20230703T160840,,10.0,13.199999999999998,,92.0,7.400000000000001,1.4,0.8000000000000002,450.0,,12.0,1.2,0.2,Hiitolanjoki rajav 002,,Rautjärvi,Rautjärvi,River,VHA1,Vuoksen vesienhoitoalue,3.011,Kokkolanjoen a,Suuret kangasmaiden joet,108.0,ok,,-7,2023-06-28,1.0,13.733202,S2B_MSIL2A_20230628T093549_R036_T36VUP_20240927T171423,1224.0,1234.0,1145.0,1774.0,-5,2023-06-28,1.0,13.733202,S2B_MSIL2A_20230628T093549_R036_T36VUP_20240927T171423,1224.0,1234.0,1145.0,1774.0,-3,2023-06-30,1.0,29.643682,S2A_MSIL2A_20230630T093041_R136_T36VUP_20240925T041129,10792.0,9992.0,9640.0,9224.0,-1,,,,,,,,,0,,,,,,,,,1,,,,,,,,,3,,,,,,,,,5,2023-07-10,1.0,16.186535,S2A_MSIL2A_20230710T093041_R136_T35VPJ_20241017T153036,1424.0,1650.0,1452.0,4688.0,7,2023-07-10,1.0,16.186535,S2A_MSIL2A_20230710T093041_R136_T35VPJ_20241017T153036,1424.0,1650.0,1452.0,4688.0,,,no_match,no_stac_item,,,,,,,256,128,0,0,0,"B02,B03,B04,B08"
FI_00000041,10060,10060,2023-07-04,61.41234231212037,29.399668855924936,1.1,,,770.0,,22.0,3.1,1.1,10.0,7.3,,80.0,7.3,4.3,19.8,770.0,,22.0,3.1,0.5,Hiitolanjoki rajav 002,,Rautjärvi,Rautjärvi,River,VHA1,Vuoksen vesienhoitoalue,3.011,Kokkolanjoen a,Suuret kangasmaiden joet,108.0,FI_00000006,10060,2023-02-07,61.41234231212037,29.399668855924936,,,,450.0,,12.0,1.2,S2_FI_00000006,2023-07-03,1,75.950617,38.9007396147205,172.695512198174,,,36VUP,S2A_MSIL2A_20230703T094041_R036_T36VUP_20230703T160840,,10.0,13.199999999999998,,92.0,7.400000000000001,1.4,0.8000000000000002,450.0,,12.0,1.2,0.2,Hiitolanjoki rajav 002,,Rautjärvi,Rautjärvi,River,VHA1,Vuoksen vesienhoitoalue,3.011,Kokkolanjoen a,Suuret kangasmaiden joet,108.0,ok,,-7,2023-06-28,1.0,13.733202,S2B_MSIL2A_20230628T093549_R036_T36VUP_20240927T171423,1224.0,1234.0,1145.0,1774.0,-5,2023-06-28,1.0,13.733202,S2B_MSIL2A_20230628T093549_R036_T36VUP_20240927T171423,1224.0,1234.0,1145.0,1774.0,-3,2023-06-30,1.0,29.643682,S2A_MSIL2A_20230630T093041_R136_T36VUP_20240925T041129,10792.0,9992.0,9640.0,9224.0,-1,,,,,,,,,0,,,,,,,,,1,,,,,,,,,3,,,,,,,,,5,2023-07-10,1.0,16.186535,S2A_MSIL2A_20230710T093041_R136_T35VPJ_20241017T153036,1424.0,1650.0,1452.0,4688.0,7,2023-07-10,1.0,16.186535,S2A_MSIL2A_20230710T093041_R136_T35VPJ_20241017T153036,1424.0,1650.0,1452.0,4688.0,,,no_match,no_stac_item,,,,,,,256,128,0,0,0,"B02,B03,B04,B08"
FI_00000042,10060,10060,2023-08-01,61.41234231212037,29.399668855924936,2.3,,,480.0,,16.0,2.4,2.3,8.9,7.5,,83.0,7.400000000000001,3.8,20.3,480.0,,16.0,2.4,0.4,Hiitolanjoki rajav 002,,Rautjärvi,Rautjärvi,River,VHA1,Vuoksen vesienhoitoalue,3.011,Kokkolanjoen a,Suuret kangasmaiden joet,108.0,FI_00000007,10060,2023-02-07,61.41234231212037,29.399668855924936,,,,450.0,,12.0,1.2,S2_FI_00000007,2023-08-02,1,48.658302,44.1102020790594,172.46794329781,,,36VUP,S2A_MSIL2A_20230802T094041_R036_T36VUP_20241026T134447,,10.0,13.199999999999998,,92.0,7.400000000000001,1.4,0.8000000000000002,450.0,,12.0,1.2,0.2,Hiitolanjoki rajav 002,,Rautjärvi,Rautjärvi,River,VHA1,Vuoksen vesienhoitoalue,3.011,Kokkolanjoen a,Suuret kangasmaiden joet,108.0,ok,,-7,,,,,,,,,-5,,,,,,,,,-3,,,,,,,,,-1,,,,,,,,,0,,,,,,,,,1,,,,,,,,,3,,,,,,,,,5,2023-08-07,1.0,5.846026,S2B_MSIL2A_20230807T093549_R036_T35VPJ_20230807T151753,1350.0,1505.0,1335.0,3752.0,7,2023-08-07,1.0,5.846026,S2B_MSIL2A_20230807T093549_R036_T35VPJ_20230807T151753,1350.0,1505.0,1335.0,3752.0,,,no_match,no_stac_item,,,,,,,256,128,0,0,0,"B02,B03,B04,B08"
FI_00000043,10060,10060,2023-08-01,61.41234231212037,29.399668855924936,2.3,,,480.0,,16.0,2.4,2.3,8.9,7.5,,83.0,7.400000000000001,3.8,20.3,480.0,,16.0,2.4,0.4,Hiitolanjoki rajav 002,,Rautjärvi,Rautjärvi,River,VHA1,Vuoksen vesienhoitoalue,3.011,Kokkolanjoen a,Suuret kangasmaiden joet,108.0,FI_00000007,10060,2023-02-07,61.41234231212037,29.399668855924936,,,,450.0,,12.0,1.2,S2_FI_00000007,2023-08-02,1,48.658302,44.1102020790594,172.46794329781,,,36VUP,S2A_MSIL2A_20230802T094041_R036_T36VUP_20241026T134447,,10.0,13.199999999999998,,92.0,7.400000000000001,1.4,0.8000000000000002,450.0,,12.0,1.2,0.2,Hiitolanjoki rajav 002,,Rautjärvi,Rautjärvi,River,VHA1,Vuoksen vesienhoitoalue,3.011,Kokkolanjoen a,Suuret kangasmaiden joet,108.0,ok,,-7,,,,,,,,,-5,,,,,,,,,-3,,,,,,,,,-1,,,,,,,,,0,,,,,,,,,1,,,,,,,,,3,,,,,,,,,5,2023-08-07,1.0,5.846026,S2B_MSIL2A_20230807T093549_R036_T35VPJ_20230807T151753,1350.0,1505.0,1335.0,3752.0,7,2023-08-07,1.0,5.846026,S2B_MSIL2A_20230807T093549_R036_T35VPJ_20230807T151753,1350.0,1505.0,1335.0,3752.0,,,no_match,no_stac_item,,,,,,,256,128,0,0,0,"B02,B03,B04,B08"
FI_00000044,10060,10060,2023-08-01,61.41234231212037,29.399668855924936,2.3,,,480.0,,16.0,2.4,2.3,8.9,7.5,,83.0,7.400000000000001,3.8,20.3,480.0,,16.0,2.4,0.4,Hiitolanjoki rajav 002,,Rautjärvi,Rautjärvi,River,VHA1,Vuoksen vesienhoitoalue,3.011,Kokkolanjoen a,Suuret kangasmaiden joet,108.0,FI_00000007,10060,2023-02-07,61.41234231212037,29.399668855924936,,,,450.0,,12.0,1.2,S2_FI_00000007,2023-08-02,1,48.658302,44.1102020790594,172.46794329781,,,36VUP,S2A_MSIL2A_20230802T094041_R036_T36VUP_20241026T134447,,10.0,13.199999999999998,,92.0,7.400000000000001,1.4,0.8000000000000002,450.0,,12.0,1.2,0.2,Hiitolanjoki rajav 002,,Rautjärvi,Rautjärvi,River,VHA1,Vuoksen vesienhoitoalue,3.011,Kokkolanjoen a,Suuret kangasmaiden joet,108.0,ok,,-7,,,,,,,,,-5,,,,,,,,,-3,,,,,,,,,-1,,,,,,,,,0,,,,,,,,,1,,,,,,,,,3,,,,,,,,,5,2023-08-07,1.0,5.846026,S2B_MSIL2A_20230807T093549_R036_T35VPJ_20230807T151753,1350.0,1505.0,1335.0,3752.0,7,2023-08-07,1.0,5.846026,S2B_MSIL2A_20230807T093549_R036_T35VPJ_20230807T151753,1350.0,1505.0,1335.0,3752.0,,,no_match,no_stac_item,,,,,,,256,128,0,0,0,"B02,B03,B04,B08"
FI_00000045,10060,10060,2023-08-01,61.41234231212037,29.399668855924936,2.3,,,480.0,,16.0,2.4,2.3,8.9,7.5,,83.0,7.400000000000001,3.8,20.3,480.0,,16.0,2.4,0.4,Hiitolanjoki rajav 002,,Rautjärvi,Rautjärvi,River,VHA1,Vuoksen vesienhoitoalue,3.011,Kokkolanjoen a,Suuret kangasmaiden joet,108.0,FI_00000007,10060,2023-02-07,61.41234231212037,29.399668855924936,,,,450.0,,12.0,1.2,S2_FI_00000007,2023-08-02,1,48.658302,44.1102020790594,172.46794329781,,,36VUP,S2A_MSIL2A_20230802T094041_R036_T36VUP_20241026T134447,,10.0,13.199999999999998,,92.0,7.400000000000001,1.4,0.8000000000000002,450.0,,12.0,1.2,0.2,Hiitolanjoki rajav 002,,Rautjärvi,Rautjärvi,River,VHA1,Vuoksen vesienhoitoalue,3.011,Kokkolanjoen a,Suuret kangasmaiden joet,108.0,ok,,-7,,,,,,,,,-5,,,,,,,,,-3,,,,,,,,,-1,,,,,,,,,0,,,,,,,,,1,,,,,,,,,3,,,,,,,,,5,2023-08-07,1.0,5.846026,S2B_MSIL2A_20230807T093549_R036_T35VPJ_20230807T151753,1350.0,1505.0,1335.0,3752.0,7,2023-08-07,1.0,5.846026,S2B_MSIL2A_20230807T093549_R036_T35VPJ_20230807T151753,1350.0,1505.0,1335.0,3752.0,,,no_match,no_stac_item,,,,,,,256,128,0,0,0,"B02,B03,B04,B08"
FI_00000046,10060,10060,2023-08-01,61.41234231212037,29.399668855924936,2.3,,,480.0,,16.0,2.4,2.3,8.9,7.5,,83.0,7.400000000000001,3.8,20.3,480.0,,16.0,2.4,0.4,Hiitolanjoki rajav 002,,Rautjärvi,Rautjärvi,River,VHA1,Vuoksen vesienhoitoalue,3.011,Kokkolanjoen a,Suuret kangasmaiden joet,108.0,FI_00000007,10060,2023-02-07,61.41234231212037,29.399668855924936,,,,450.0,,12.0,1.2,S2_FI_00000007,2023-08-02,1,48.658302,44.1102020790594,172.46794329781,,,36VUP,S2A_MSIL2A_20230802T094041_R036_T36VUP_20241026T134447,,10.0,13.199999999999998,,92.0,7.400000000000001,1.4,0.8000000000000002,450.0,,12.0,1.2,0.2,Hiitolanjoki rajav 002,,Rautjärvi,Rautjärvi,River,VHA1,Vuoksen vesienhoitoalue,3.011,Kokkolanjoen a,Suuret kangasmaiden joet,108.0,ok,,-7,,,,,,,,,-5,,,,,,,,,-3,,,,,,,,,-1,,,,,,,,,0,,,,,,,,,1,,,,,,,,,3,,,,,,,,,5,2023-08-07,1.0,5.846026,S2B_MSIL2A_20230807T093549_R036_T35VPJ_20230807T151753,1350.0,1505.0,1335.0,3752.0,7,2023-08-07,1.0,5.846026,S2B_MSIL2A_20230807T093549_R036_T35VPJ_20230807T151753,1350.0,1505.0,1335.0,3752.0,,,no_match,no_stac_item,,,,,,,256,128,0,0,0,"B02,B03,B04,B08"
FI_00000047,10060,10060,2023-08-01,61.41234231212037,29.399668855924936,2.3,,,480.0,,16.0,2.4,2.3,8.9,7.5,,83.0,7.400000000000001,3.8,20.3,480.0,,16.0,2.4,0.4,Hiitolanjoki rajav 002,,Rautjärvi,Rautjärvi,River,VHA1,Vuoksen vesienhoitoalue,3.011,Kokkolanjoen a,Suuret kangasmaiden joet,108.0,FI_00000007,10060,2023-02-07,61.41234231212037,29.399668855924936,,,,450.0,,12.0,1.2,S2_FI_00000007,2023-08-02,1,48.658302,44.1102020790594,172.46794329781,,,36VUP,S2A_MSIL2A_20230802T094041_R036_T36VUP_20241026T134447,,10.0,13.199999999999998,,92.0,7.400000000000001,1.4,0.8000000000000002,450.0,,12.0,1.2,0.2,Hiitolanjoki rajav 002,,Rautjärvi,Rautjärvi,River,VHA1,Vuoksen vesienhoitoalue,3.011,Kokkolanjoen a,Suuret kangasmaiden joet,108.0,ok,,-7,,,,,,,,,-5,,,,,,,,,-3,,,,,,,,,-1,,,,,,,,,0,,,,,,,,,1,,,,,,,,,3,,,,,,,,,5,2023-08-07,1.0,5.846026,S2B_MSIL2A_20230807T093549_R036_T35VPJ_20230807T151753,1350.0,1505.0,1335.0,3752.0,7,2023-08-07,1.0,5.846026,S2B_MSIL2A_20230807T093549_R036_T35VPJ_20230807T151753,1350.0,1505.0,1335.0,3752.0,,,no_match,no_stac_item,,,,,,,256,128,0,0,0,"B02,B03,B04,B08"
FI_00000048,10060,10060,2023-09-05,61.41234231212037,29.399668855924936,2.3,,,380.0,,14.0,2.3,2.3,10.0,7.900000000000001,,84.0,7.400000000000001,2.7,18.4,380.0,,14.0,2.3,0.3,Hiitolanjoki rajav 002,,Rautjärvi,Rautjärvi,River,VHA1,Vuoksen vesienhoitoalue,3.011,Kokkolanjoen a,Suuret kangasmaiden joet,108.0,FI_00000008,10060,2023-02-07,61.41234231212037,29.399668855924936,,,,450.0,,12.0,1.2,S2_FI_00000008,2023-09-06,1,73.384237,55.3125244235365,175.722197764335,,,36VUP,S2B_MSIL2A_20230906T093549_R036_T36VUP_20241029T123722,,10.0,13.199999999999998,,92.0,7.400000000000001,1.4,0.8000000000000002,450.0,,12.0,1.2,0.2,Hiitolanjoki rajav 002,,Rautjärvi,Rautjärvi,River,VHA1,Vuoksen vesienhoitoalue,3.011,Kokkolanjoen a,Suuret kangasmaiden joet,108.0,no_match,,-7,,,,,,,,,-5,,,,,,,,,-3,,,,,,,,,-1,,,,,,,,,0,,,,,,,,,1,,,,,,,,,3,,,,,,,,,5,,,,,,,,,7,,,,,,,,,,,no_match,no_stac_item,,,,,,,256,128,0,0,0,"B02,B03,B04,B08"
FI_00000049,10060,10060,2023-09-05,61.41234231212037,29.399668855924936,2.3,,,380.0,,14.0,2.3,2.3,10.0,7.900000000000001,,84.0,7.400000000000001,2.7,18.4,380.0,,14.0,2.3,0.3,Hiitolanjoki rajav 002,,Rautjärvi,Rautjärvi,River,VHA1,Vuoksen vesienhoitoalue,3.011,Kokkolanjoen a,Suuret kangasmaiden joet,108.0,FI_00000008,10060,2023-02-07,61.41234231212037,29.399668855924936,,,,450.0,,12.0,1.2,S2_FI_00000008,2023-09-06,1,73.384237,55.3125244235365,175.722197764335,,,36VUP,S2B_MSIL2A_20230906T093549_R036_T36VUP_20241029T123722,,10.0,13.199999999999998,,92.0,7.400000000000001,1.4,0.8000000000000002,450.0,,12.0,1.2,0.2,Hiitolanjoki rajav 002,,Rautjärvi,Rautjärvi,River,VHA1,Vuoksen vesienhoitoalue,3.011,Kokkolanjoen a,Suuret kangasmaiden joet,108.0,no_match,,-7,,,,,,,,,-5,,,,,,,,,-3,,,,,,,,,-1,,,,,,,,,0,,,,,,,,,1,,,,,,,,,3,,,,,,,,,5,,,,,,,,,7,,,,,,,,,,,no_match,no_stac_item,,,,,,,256,128,0,0,0,"B02,B03,B04,B08"
FI_00000050,10060,10060,2023-09-05,61.41234231212037,29.399668855924936,2.3,,,380.0,,14.0,2.3,2.3,10.0,7.900000000000001,,84.0,7.400000000000001,2.7,18.4,380.0,,14.0,2.3,0.3,Hiitolanjoki rajav 002,,Rautjärvi,Rautjärvi,River,VHA1,Vuoksen vesienhoitoalue,3.011,Kokkolanjoen a,Suuret kangasmaiden joet,108.0,FI_00000008,10060,2023-02-07,61.41234231212037,29.399668855924936,,,,450.0,,12.0,1.2,S2_FI_00000008,2023-09-06,1,73.384237,55.3125244235365,175.722197764335,,,36VUP,S2B_MSIL2A_20230906T093549_R036_T36VUP_20241029T123722,,10.0,13.199999999999998,,92.0,7.400000000000001,1.4,0.8000000000000002,450.0,,12.0,1.2,0.2,Hiitolanjoki rajav 002,,Rautjärvi,Rautjärvi,River,VHA1,Vuoksen vesienhoitoalue,3.011,Kokkolanjoen a,Suuret kangasmaiden joet,108.0,no_match,,-7,,,,,,,,,-5,,,,,,,,,-3,,,,,,,,,-1,,,,,,,,,0,,,,,,,,,1,,,,,,,,,3,,,,,,,,,5,,,,,,,,,7,,,,,,,,,,,no_match,no_stac_item,,,,,,,256,128,0,0,0,"B02,B03,B04,B08"
FI_00000051,10060,10060,2023-09-05,61.41234231212037,29.399668855924936,2.3,,,380.0,,14.0,2.3,2.3,10.0,7.900000000000001,,84.0,7.400000000000001,2.7,18.4,380.0,,14.0,2.3,0.3,Hiitolanjoki rajav 002,,Rautjärvi,Rautjärvi,River,VHA1,Vuoksen vesienhoitoalue,3.011,Kokkolanjoen a,Suuret kangasmaiden joet,108.0,FI_00000008,10060,2023-02-07,61.41234231212037,29.399668855924936,,,,450.0,,12.0,1.2,S2_FI_00000008,2023-09-06,1,73.384237,55.3125244235365,175.722197764335,,,36VUP,S2B_MSIL2A_20230906T093549_R036_T36VUP_20241029T123722,,10.0,13.199999999999998,,92.0,7.400000000000001,1.4,0.8000000000000002,450.0,,12.0,1.2,0.2,Hiitolanjoki rajav 002,,Rautjärvi,Rautjärvi,River,VHA1,Vuoksen vesienhoitoalue,3.011,Kokkolanjoen a,Suuret kangasmaiden joet,108.0,no_match,,-7,,,,,,,,,-5,,,,,,,,,-3,,,,,,,,,-1,,,,,,,,,0,,,,,,,,,1,,,,,,,,,3,,,,,,,,,5,,,,,,,,,7,,,,,,,,,,,no_match,no_stac_item,,,,,,,256,128,0,0,0,"B02,B03,B04,B08"
FI_00000052,10060,10060,2023-09-05,61.41234231212037,29.399668855924936,2.3,,,380.0,,14.0,2.3,2.3,10.0,7.900000000000001,,84.0,7.400000000000001,2.7,18.4,380.0,,14.0,2.3,0.3,Hiitolanjoki rajav 002,,Rautjärvi,Rautjärvi,River,VHA1,Vuoksen vesienhoitoalue,3.011,Kokkolanjoen a,Suuret kangasmaiden joet,108.0,FI_00000008,10060,2023-02-07,61.41234231212037,29.399668855924936,,,,450.0,,12.0,1.2,S2_FI_00000008,2023-09-06,1,73.384237,55.3125244235365,175.722197764335,,,36VUP,S2B_MSIL2A_20230906T093549_R036_T36VUP_20241029T123722,,10.0,13.199999999999998,,92.0,7.400000000000001,1.4,0.8000000000000002,450.0,,12.0,1.2,0.2,Hiitolanjoki rajav 002,,Rautjärvi,Rautjärvi,River,VHA1,Vuoksen vesienhoitoalue,3.011,Kokkolanjoen a,Suuret kangasmaiden joet,108.0,no_match,,-7,,,,,,,,,-5,,,,,,,,,-3,,,,,,,,,-1,,,,,,,,,0,,,,,,,,,1,,,,,,,,,3,,,,,,,,,5,,,,,,,,,7,,,,,,,,,,,no_match,no_stac_item,,,,,,,256,128,0,0,0,"B02,B03,B04,B08"
FI_00000053,10060,10060,2023-09-05,61.41234231212037,29.399668855924936,2.3,,,380.0,,14.0,2.3,2.3,10.0,7.900000000000001,,84.0,7.400000000000001,2.7,18.4,380.0,,14.0,2.3,0.3,Hiitolanjoki rajav 002,,Rautjärvi,Rautjärvi,River,VHA1,Vuoksen vesienhoitoalue,3.011,Kokkolanjoen a,Suuret kangasmaiden joet,108.0,FI_00000008,10060,2023-02-07,61.41234231212037,29.399668855924936,,,,450.0,,12.0,1.2,S2_FI_00000008,2023-09-06,1,73.384237,55.3125244235365,175.722197764335,,,36VUP,S2B_MSIL2A_20230906T093549_R036_T36VUP_20241029T123722,,10.0,13.199999999999998,,92.0,7.400000000000001,1.4,0.8000000000000002,450.0,,12.0,1.2,0.2,Hiitolanjoki rajav 002,,Rautjärvi,Rautjärvi,River,VHA1,Vuoksen vesienhoitoalue,3.011,Kokkolanjoen a,Suuret kangasmaiden joet,108.0,no_match,,-7,,,,,,,,,-5,,,,,,,,,-3,,,,,,,,,-1,,,,,,,,,0,,,,,,,,,1,,,,,,,,,3,,,,,,,,,5,,,,,,,,,7,,,,,,,,,,,no_match,no_stac_item,,,,,,,256,128,0,0,0,"B02,B03,B04,B08"
FI_00000054,10060,10060,2023-10-03,61.41234231212037,29.399668855924936,1.8,,,460.0,,24.0,3.0,1.8,9.6,8.8,,85.0,7.099999999999999,2.85,13.699999999999998,460.0,,24.0,3.0,0.3,Hiitolanjoki rajav 002,,Rautjärvi,Rautjärvi,River,VHA1,Vuoksen vesienhoitoalue,3.011,Kokkolanjoen a,Suuret kangasmaiden joet,108.0,FI_00000009,10060,2023-02-07,61.41234231212037,29.399668855924936,,,,450.0,,12.0,1.2,S2_FI_00000009,2023-10-03,0,92.818618,65.7068132010519,175.940616296394,,,36VUP,S2B_MSIL2A_20231003T092729_R136_T36VUP_20241101T185340,,10.0,13.199999999999998,,92.0,7.400000000000001,1.4,0.8000000000000002,450.0,,12.0,1.2,0.2,Hiitolanjoki rajav 002,,Rautjärvi,Rautjärvi,River,VHA1,Vuoksen vesienhoitoalue,3.011,Kokkolanjoen a,Suuret kangasmaiden joet,108.0,ok,,-7,,,,,,,,,-5,,,,,,,,,-3,,,,,,,,,-1,,,,,,,,,0,,,,,,,,,1,,,,,,,,,3,2023-10-06,0.0,24.513087,S2B_MSIL2A_20231006T093749_R036_T36VUP_20231006T154543,1225.0,1489.0,1435.0,3874.0,5,,,,,,,,,7,,,,,,,,,D:\Water Quality Parameter Estimation\wq_pipeline\artifacts\tolerance_3d\prepared\chips\train\sample_FI_00000054.npz,D:\Water Quality Parameter Estimation\wq_pipeline\artifacts\tolerance_3d\prepared\chips\train\sample_FI_00000054.png,ok,,S2B_MSIL2A_20231006T093749_R036_T36VUP_20231006T154543,2023-10-06,3.0,24.513087,66.8069920867734,0.0,256,128,0,0,9,"B02,B03,B04,B08"
FI_00000055,10060,10060,2023-10-03,61.41234231212037,29.399668855924936,1.8,,,460.0,,24.0,3.0,1.8,9.6,8.8,,85.0,7.099999999999999,2.85,13.699999999999998,460.0,,24.0,3.0,0.3,Hiitolanjoki rajav 002,,Rautjärvi,Rautjärvi,River,VHA1,Vuoksen vesienhoitoalue,3.011,Kokkolanjoen a,Suuret kangasmaiden joet,108.0,FI_00000009,10060,2023-02-07,61.41234231212037,29.399668855924936,,,,450.0,,12.0,1.2,S2_FI_00000009,2023-10-03,0,92.818618,65.7068132010519,175.940616296394,,,36VUP,S2B_MSIL2A_20231003T092729_R136_T36VUP_20241101T185340,,10.0,13.199999999999998,,92.0,7.400000000000001,1.4,0.8000000000000002,450.0,,12.0,1.2,0.2,Hiitolanjoki rajav 002,,Rautjärvi,Rautjärvi,River,VHA1,Vuoksen vesienhoitoalue,3.011,Kokkolanjoen a,Suuret kangasmaiden joet,108.0,ok,,-7,,,,,,,,,-5,,,,,,,,,-3,,,,,,,,,-1,,,,,,,,,0,,,,,,,,,1,,,,,,,,,3,2023-10-06,0.0,24.513087,S2B_MSIL2A_20231006T093749_R036_T36VUP_20231006T154543,1225.0,1489.0,1435.0,3874.0,5,,,,,,,,,7,,,,,,,,,D:\Water Quality Parameter Estimation\wq_pipeline\artifacts\tolerance_3d\prepared\chips\train\sample_FI_00000055.npz,D:\Water Quality Parameter Estimation\wq_pipeline\artifacts\tolerance_3d\prepared\chips\train\sample_FI_00000055.png,ok,,S2B_MSIL2A_20231006T093749_R036_T36VUP_20231006T154543,2023-10-06,3.0,24.513087,66.8069920867734,0.0,256,128,0,0,9,"B02,B03,B04,B08"
FI_00000056,10060,10060,2023-10-03,61.41234231212037,29.399668855924936,1.8,,,460.0,,24.0,3.0,1.8,9.6,8.8,,85.0,7.099999999999999,2.85,13.699999999999998,460.0,,24.0,3.0,0.3,Hiitolanjoki rajav 002,,Rautjärvi,Rautjärvi,River,VHA1,Vuoksen vesienhoitoalue,3.011,Kokkolanjoen a,Suuret kangasmaiden joet,108.0,FI_00000009,10060,2023-02-07,61.41234231212037,29.399668855924936,,,,450.0,,12.0,1.2,S2_FI_00000009,2023-10-03,0,92.818618,65.7068132010519,175.940616296394,,,36VUP,S2B_MSIL2A_20231003T092729_R136_T36VUP_20241101T185340,,10.0,13.199999999999998,,92.0,7.400000000000001,1.4,0.8000000000000002,450.0,,12.0,1.2,0.2,Hiitolanjoki rajav 002,,Rautjärvi,Rautjärvi,River,VHA1,Vuoksen vesienhoitoalue,3.011,Kokkolanjoen a,Suuret kangasmaiden joet,108.0,ok,,-7,,,,,,,,,-5,,,,,,,,,-3,,,,,,,,,-1,,,,,,,,,0,,,,,,,,,1,,,,,,,,,3,2023-10-06,0.0,24.513087,S2B_MSIL2A_20231006T093749_R036_T36VUP_20231006T154543,1225.0,1489.0,1435.0,3874.0,5,,,,,,,,,7,,,,,,,,,D:\Water Quality Parameter Estimation\wq_pipeline\artifacts\tolerance_3d\prepared\chips\train\sample_FI_00000056.npz,D:\Water Quality Parameter Estimation\wq_pipeline\artifacts\tolerance_3d\prepared\chips\train\sample_FI_00000056.png,ok,,S2B_MSIL2A_20231006T093749_R036_T36VUP_20231006T154543,2023-10-06,3.0,24.513087,66.8069920867734,0.0,256,128,0,0,9,"B02,B03,B04,B08"
FI_00000057,10060,10060,2023-10-03,61.41234231212037,29.399668855924936,1.8,,,460.0,,24.0,3.0,1.8,9.6,8.8,,85.0,7.099999999999999,2.85,13.699999999999998,460.0,,24.0,3.0,0.3,Hiitolanjoki rajav 002,,Rautjärvi,Rautjärvi,River,VHA1,Vuoksen vesienhoitoalue,3.011,Kokkolanjoen a,Suuret kangasmaiden joet,108.0,FI_00000009,10060,2023-02-07,61.41234231212037,29.399668855924936,,,,450.0,,12.0,1.2,S2_FI_00000009,2023-10-03,0,92.818618,65.7068132010519,175.940616296394,,,36VUP,S2B_MSIL2A_20231003T092729_R136_T36VUP_20241101T185340,,10.0,13.199999999999998,,92.0,7.400000000000001,1.4,0.8000000000000002,450.0,,12.0,1.2,0.2,Hiitolanjoki rajav 002,,Rautjärvi,Rautjärvi,River,VHA1,Vuoksen vesienhoitoalue,3.011,Kokkolanjoen a,Suuret kangasmaiden joet,108.0,ok,,-7,,,,,,,,,-5,,,,,,,,,-3,,,,,,,,,-1,,,,,,,,,0,,,,,,,,,1,,,,,,,,,3,2023-10-06,0.0,24.513087,S2B_MSIL2A_20231006T093749_R036_T36VUP_20231006T154543,1225.0,1489.0,1435.0,3874.0,5,,,,,,,,,7,,,,,,,,,D:\Water Quality Parameter Estimation\wq_pipeline\artifacts\tolerance_3d\prepared\chips\train\sample_FI_00000057.npz,D:\Water Quality Parameter Estimation\wq_pipeline\artifacts\tolerance_3d\prepared\chips\train\sample_FI_00000057.png,ok,,S2B_MSIL2A_20231006T093749_R036_T36VUP_20231006T154543,2023-10-06,3.0,24.513087,66.8069920867734,0.0,256,128,0,0,9,"B02,B03,B04,B08"
FI_00000058,10060,10060,2023-10-03,61.41234231212037,29.399668855924936,1.8,,,460.0,,24.0,3.0,1.8,9.6,8.8,,85.0,7.099999999999999,2.85,13.699999999999998,460.0,,24.0,3.0,0.3,Hiitolanjoki rajav 002,,Rautjärvi,Rautjärvi,River,VHA1,Vuoksen vesienhoitoalue,3.011,Kokkolanjoen a,Suuret kangasmaiden joet,108.0,FI_00000009,10060,2023-02-07,61.41234231212037,29.399668855924936,,,,450.0,,12.0,1.2,S2_FI_00000009,2023-10-03,0,92.818618,65.7068132010519,175.940616296394,,,36VUP,S2B_MSIL2A_20231003T092729_R136_T36VUP_20241101T185340,,10.0,13.199999999999998,,92.0,7.400000000000001,1.4,0.8000000000000002,450.0,,12.0,1.2,0.2,Hiitolanjoki rajav 002,,Rautjärvi,Rautjärvi,River,VHA1,Vuoksen vesienhoitoalue,3.011,Kokkolanjoen a,Suuret kangasmaiden joet,108.0,ok,,-7,,,,,,,,,-5,,,,,,,,,-3,,,,,,,,,-1,,,,,,,,,0,,,,,,,,,1,,,,,,,,,3,2023-10-06,0.0,24.513087,S2B_MSIL2A_20231006T093749_R036_T36VUP_20231006T154543,1225.0,1489.0,1435.0,3874.0,5,,,,,,,,,7,,,,,,,,,D:\Water Quality Parameter Estimation\wq_pipeline\artifacts\tolerance_3d\prepared\chips\train\sample_FI_00000058.npz,D:\Water Quality Parameter Estimation\wq_pipeline\artifacts\tolerance_3d\prepared\chips\train\sample_FI_00000058.png,ok,,S2B_MSIL2A_20231006T093749_R036_T36VUP_20231006T154543,2023-10-06,3.0,24.513087,66.8069920867734,0.0,256,128,0,0,9,"B02,B03,B04,B08"
FI_00000059,10060,10060,2023-10-03,61.41234231212037,29.399668855924936,1.8,,,460.0,,24.0,3.0,1.8,9.6,8.8,,85.0,7.099999999999999,2.85,13.699999999999998,460.0,,24.0,3.0,0.3,Hiitolanjoki rajav 002,,Rautjärvi,Rautjärvi,River,VHA1,Vuoksen vesienhoitoalue,3.011,Kokkolanjoen a,Suuret kangasmaiden joet,108.0,FI_00000009,10060,2023-02-07,61.41234231212037,29.399668855924936,,,,450.0,,12.0,1.2,S2_FI_00000009,2023-10-03,0,92.818618,65.7068132010519,175.940616296394,,,36VUP,S2B_MSIL2A_20231003T092729_R136_T36VUP_20241101T185340,,10.0,13.199999999999998,,92.0,7.400000000000001,1.4,0.8000000000000002,450.0,,12.0,1.2,0.2,Hiitolanjoki rajav 002,,Rautjärvi,Rautjärvi,River,VHA1,Vuoksen vesienhoitoalue,3.011,Kokkolanjoen a,Suuret kangasmaiden joet,108.0,ok,,-7,,,,,,,,,-5,,,,,,,,,-3,,,,,,,,,-1,,,,,,,,,0,,,,,,,,,1,,,,,,,,,3,2023-10-06,0.0,24.513087,S2B_MSIL2A_20231006T093749_R036_T36VUP_20231006T154543,1225.0,1489.0,1435.0,3874.0,5,,,,,,,,,7,,,,,,,,,D:\Water Quality Parameter Estimation\wq_pipeline\artifacts\tolerance_3d\prepared\chips\train\sample_FI_00000059.npz,D:\Water Quality Parameter Estimation\wq_pipeline\artifacts\tolerance_3d\prepared\chips\train\sample_FI_00000059.png,ok,,S2B_MSIL2A_20231006T093749_R036_T36VUP_20231006T154543,2023-10-06,3.0,24.513087,66.8069920867734,0.0,256,128,0,0,9,"B02,B03,B04,B08"
FI_00000060,10060,10060,2023-11-01,61.41234231212037,29.399668855924936,,,,490.0,,10.0,1.7,,7.900000000000001,12.199999999999998,,89.0,7.3,2.25,2.4,490.0,,10.0,1.7,0.3,Hiitolanjoki rajav 002,,Rautjärvi,Rautjärvi,River,VHA1,Vuoksen vesienhoitoalue,3.011,Kokkolanjoen a,Suuret kangasmaiden joet,108.0,FI_00000010,10060,2023-02-07,61.41234231212037,29.399668855924936,,,,450.0,,12.0,1.2,S2_FI_00000010,2023-10-31,1,99.70479,75.7938575870609,180.153200766657,,,36VUP,S2A_MSIL2A_20231031T094131_R036_T36VUP_20231031T123121,,10.0,13.199999999999998,,92.0,7.400000000000001,1.4,0.8000000000000002,450.0,,12.0,1.2,0.2,Hiitolanjoki rajav 002,,Rautjärvi,Rautjärvi,River,VHA1,Vuoksen vesienhoitoalue,3.011,Kokkolanjoen a,Suuret kangasmaiden joet,108.0,no_match,,-7,,,,,,,,,-5,,,,,,,,,-3,,,,,,,,,-1,,,,,,,,,0,,,,,,,,,1,,,,,,,,,3,,,,,,,,,5,,,,,,,,,7,,,,,,,,,,,no_match,no_stac_item,,,,,,,256,128,0,0,0,"B02,B03,B04,B08"
FI_00000061,10060,10060,2023-11-01,61.41234231212037,29.399668855924936,,,,490.0,,10.0,1.7,,7.900000000000001,12.199999999999998,,89.0,7.3,2.25,2.4,490.0,,10.0,1.7,0.3,Hiitolanjoki rajav 002,,Rautjärvi,Rautjärvi,River,VHA1,Vuoksen vesienhoitoalue,3.011,Kokkolanjoen a,Suuret kangasmaiden joet,108.0,FI_00000010,10060,2023-02-07,61.41234231212037,29.399668855924936,,,,450.0,,12.0,1.2,S2_FI_00000010,2023-10-31,1,99.70479,75.7938575870609,180.153200766657,,,36VUP,S2A_MSIL2A_20231031T094131_R036_T36VUP_20231031T123121,,10.0,13.199999999999998,,92.0,7.400000000000001,1.4,0.8000000000000002,450.0,,12.0,1.2,0.2,Hiitolanjoki rajav 002,,Rautjärvi,Rautjärvi,River,VHA1,Vuoksen vesienhoitoalue,3.011,Kokkolanjoen a,Suuret kangasmaiden joet,108.0,no_match,,-7,,,,,,,,,-5,,,,,,,,,-3,,,,,,,,,-1,,,,,,,,,0,,,,,,,,,1,,,,,,,,,3,,,,,,,,,5,,,,,,,,,7,,,,,,,,,,,no_match,no_stac_item,,,,,,,256,128,0,0,0,"B02,B03,B04,B08"
FI_00000062,10060,10060,2023-11-01,61.41234231212037,29.399668855924936,,,,490.0,,10.0,1.7,,7.900000000000001,12.199999999999998,,89.0,7.3,2.25,2.4,490.0,,10.0,1.7,0.3,Hiitolanjoki rajav 002,,Rautjärvi,Rautjärvi,River,VHA1,Vuoksen vesienhoitoalue,3.011,Kokkolanjoen a,Suuret kangasmaiden joet,108.0,FI_00000010,10060,2023-02-07,61.41234231212037,29.399668855924936,,,,450.0,,12.0,1.2,S2_FI_00000010,2023-10-31,1,99.70479,75.7938575870609,180.153200766657,,,36VUP,S2A_MSIL2A_20231031T094131_R036_T36VUP_20231031T123121,,10.0,13.199999999999998,,92.0,7.400000000000001,1.4,0.8000000000000002,450.0,,12.0,1.2,0.2,Hiitolanjoki rajav 002,,Rautjärvi,Rautjärvi,River,VHA1,Vuoksen vesienhoitoalue,3.011,Kokkolanjoen a,Suuret kangasmaiden joet,108.0,no_match,,-7,,,,,,,,,-5,,,,,,,,,-3,,,,,,,,,-1,,,,,,,,,0,,,,,,,,,1,,,,,,,,,3,,,,,,,,,5,,,,,,,,,7,,,,,,,,,,,no_match,no_stac_item,,,,,,,256,128,0,0,0,"B02,B03,B04,B08"
FI_00000063,10060,10060,2023-11-01,61.41234231212037,29.399668855924936,,,,490.0,,10.0,1.7,,7.900000000000001,12.199999999999998,,89.0,7.3,2.25,2.4,490.0,,10.0,1.7,0.3,Hiitolanjoki rajav 002,,Rautjärvi,Rautjärvi,River,VHA1,Vuoksen vesienhoitoalue,3.011,Kokkolanjoen a,Suuret kangasmaiden joet,108.0,FI_00000010,10060,2023-02-07,61.41234231212037,29.399668855924936,,,,450.0,,12.0,1.2,S2_FI_00000010,2023-10-31,1,99.70479,75.7938575870609,180.153200766657,,,36VUP,S2A_MSIL2A_20231031T094131_R036_T36VUP_20231031T123121,,10.0,13.199999999999998,,92.0,7.400000000000001,1.4,0.8000000000000002,450.0,,12.0,1.2,0.2,Hiitolanjoki rajav 002,,Rautjärvi,Rautjärvi,River,VHA1,Vuoksen vesienhoitoalue,3.011,Kokkolanjoen a,Suuret kangasmaiden joet,108.0,no_match,,-7,,,,,,,,,-5,,,,,,,,,-3,,,,,,,,,-1,,,,,,,,,0,,,,,,,,,1,,,,,,,,,3,,,,,,,,,5,,,,,,,,,7,,,,,,,,,,,no_match,no_stac_item,,,,,,,256,128,0,0,0,"B02,B03,B04,B08"
FI_00000064,10060,10060,2023-11-01,61.41234231212037,29.399668855924936,,,,490.0,,10.0,1.7,,7.900000000000001,12.199999999999998,,89.0,7.3,2.25,2.4,490.0,,10.0,1.7,0.3,Hiitolanjoki rajav 002,,Rautjärvi,Rautjärvi,River,VHA1,Vuoksen vesienhoitoalue,3.011,Kokkolanjoen a,Suuret kangasmaiden joet,108.0,FI_00000010,10060,2023-02-07,61.41234231212037,29.399668855924936,,,,450.0,,12.0,1.2,S2_FI_00000010,2023-10-31,1,99.70479,75.7938575870609,180.153200766657,,,36VUP,S2A_MSIL2A_20231031T094131_R036_T36VUP_20231031T123121,,10.0,13.199999999999998,,92.0,7.400000000000001,1.4,0.8000000000000002,450.0,,12.0,1.2,0.2,Hiitolanjoki rajav 002,,Rautjärvi,Rautjärvi,River,VHA1,Vuoksen vesienhoitoalue,3.011,Kokkolanjoen a,Suuret kangasmaiden joet,108.0,no_match,,-7,,,,,,,,,-5,,,,,,,,,-3,,,,,,,,,-1,,,,,,,,,0,,,,,,,,,1,,,,,,,,,3,,,,,,,,,5,,,,,,,,,7,,,,,,,,,,,no_match,no_stac_item,,,,,,,256,128,0,0,0,"B02,B03,B04,B08"
FI_00000065,10060,10060,2023-11-01,61.41234231212037,29.399668855924936,,,,490.0,,10.0,1.7,,7.900000000000001,12.199999999999998,,89.0,7.3,2.25,2.4,490.0,,10.0,1.7,0.3,Hiitolanjoki rajav 002,,Rautjärvi,Rautjärvi,River,VHA1,Vuoksen vesienhoitoalue,3.011,Kokkolanjoen a,Suuret kangasmaiden joet,108.0,FI_00000010,10060,2023-02-07,61.41234231212037,29.399668855924936,,,,450.0,,12.0,1.2,S2_FI_00000010,2023-10-31,1,99.70479,75.7938575870609,180.153200766657,,,36VUP,S2A_MSIL2A_20231031T094131_R036_T36VUP_20231031T123121,,10.0,13.199999999999998,,92.0,7.400000000000001,1.4,0.8000000000000002,450.0,,12.0,1.2,0.2,Hiitolanjoki rajav 002,,Rautjärvi,Rautjärvi,River,VHA1,Vuoksen vesienhoitoalue,3.011,Kokkolanjoen a,Suuret kangasmaiden joet,108.0,no_match,,-7,,,,,,,,,-5,,,,,,,,,-3,,,,,,,,,-1,,,,,,,,,0,,,,,,,,,1,,,,,,,,,3,,,,,,,,,5,,,,,,,,,7,,,,,,,,,,,no_match,no_stac_item,,,,,,,256,128,0,0,0,"B02,B03,B04,B08"
FI_00000066,10060,10060,2023-12-12,61.41234231212037,29.399668855924936,,,,400.0,,9.8,1.3,,8.6,13.0,,89.0,7.3,1.25,0.2,400.0,,9.8,1.3,0.4,Hiitolanjoki rajav 002,,Rautjärvi,Rautjärvi,River,VHA1,Vuoksen vesienhoitoalue,3.011,Kokkolanjoen a,Suuret kangasmaiden joet,108.0,FI_00000011,10060,2023-02-07,61.41234231212037,29.399668855924936,,,,450.0,,12.0,1.2,S2_FI_00000011,2023-12-12,0,99.998945,84.8699235656593,175.547141097222,,,36VUP,S2B_MSIL2A_20231212T093309_R136_T36VUP_20241112T184056,,10.0,13.199999999999998,,92.0,7.400000000000001,1.4,0.8000000000000002,450.0,,12.0,1.2,0.2,Hiitolanjoki rajav 002,,Rautjärvi,Rautjärvi,River,VHA1,Vuoksen vesienhoitoalue,3.011,Kokkolanjoen a,Suuret kangasmaiden joet,108.0,ok,,-7,2023-12-05,0.0,10.995346,S2B_MSIL2A_20231205T094259_R036_T35VPJ_20240904T045623,5516.0,4860.0,5372.0,6040.0,-5,,,,,,,,,-3,,,,,,,,,-1,,,,,,,,,0,,,,,,,,,1,,,,,,,,,3,,,,,,,,,5,,,,,,,,,7,,,,,,,,,,,no_match,no_stac_item,,,,,,,256,128,0,0,0,"B02,B03,B04,B08"
FI_00000067,10060,10060,2023-12-12,61.41234231212037,29.399668855924936,,,,400.0,,9.8,1.3,,8.6,13.0,,89.0,7.3,1.25,0.2,400.0,,9.8,1.3,0.4,Hiitolanjoki rajav 002,,Rautjärvi,Rautjärvi,River,VHA1,Vuoksen vesienhoitoalue,3.011,Kokkolanjoen a,Suuret kangasmaiden joet,108.0,FI_00000011,10060,2023-02-07,61.41234231212037,29.399668855924936,,,,450.0,,12.0,1.2,S2_FI_00000011,2023-12-12,0,99.998945,84.8699235656593,175.547141097222,,,36VUP,S2B_MSIL2A_20231212T093309_R136_T36VUP_20241112T184056,,10.0,13.199999999999998,,92.0,7.400000000000001,1.4,0.8000000000000002,450.0,,12.0,1.2,0.2,Hiitolanjoki rajav 002,,Rautjärvi,Rautjärvi,River,VHA1,Vuoksen vesienhoitoalue,3.011,Kokkolanjoen a,Suuret kangasmaiden joet,108.0,ok,,-7,2023-12-05,0.0,10.995346,S2B_MSIL2A_20231205T094259_R036_T35VPJ_20240904T045623,5516.0,4860.0,5372.0,6040.0,-5,,,,,,,,,-3,,,,,,,,,-1,,,,,,,,,0,,,,,,,,,1,,,,,,,,,3,,,,,,,,,5,,,,,,,,,7,,,,,,,,,,,no_match,no_stac_item,,,,,,,256,128,0,0,0,"B02,B03,B04,B08"
FI_00000068,10060,10060,2023-12-12,61.41234231212037,29.399668855924936,,,,400.0,,9.8,1.3,,8.6,13.0,,89.0,7.3,1.25,0.2,400.0,,9.8,1.3,0.4,Hiitolanjoki rajav 002,,Rautjärvi,Rautjärvi,River,VHA1,Vuoksen vesienhoitoalue,3.011,Kokkolanjoen a,Suuret kangasmaiden joet,108.0,FI_00000011,10060,2023-02-07,61.41234231212037,29.399668855924936,,,,450.0,,12.0,1.2,S2_FI_00000011,2023-12-12,0,99.998945,84.8699235656593,175.547141097222,,,36VUP,S2B_MSIL2A_20231212T093309_R136_T36VUP_20241112T184056,,10.0,13.199999999999998,,92.0,7.400000000000001,1.4,0.8000000000000002,450.0,,12.0,1.2,0.2,Hiitolanjoki rajav 002,,Rautjärvi,Rautjärvi,River,VHA1,Vuoksen vesienhoitoalue,3.011,Kokkolanjoen a,Suuret kangasmaiden joet,108.0,ok,,-7,2023-12-05,0.0,10.995346,S2B_MSIL2A_20231205T094259_R036_T35VPJ_20240904T045623,5516.0,4860.0,5372.0,6040.0,-5,,,,,,,,,-3,,,,,,,,,-1,,,,,,,,,0,,,,,,,,,1,,,,,,,,,3,,,,,,,,,5,,,,,,,,,7,,,,,,,,,,,no_match,no_stac_item,,,,,,,256,128,0,0,0,"B02,B03,B04,B08"
FI_00000069,10060,10060,2023-12-12,61.41234231212037,29.399668855924936,,,,400.0,,9.8,1.3,,8.6,13.0,,89.0,7.3,1.25,0.2,400.0,,9.8,1.3,0.4,Hiitolanjoki rajav 002,,Rautjärvi,Rautjärvi,River,VHA1,Vuoksen vesienhoitoalue,3.011,Kokkolanjoen a,Suuret kangasmaiden joet,108.0,FI_00000011,10060,2023-02-07,61.41234231212037,29.399668855924936,,,,450.0,,12.0,1.2,S2_FI_00000011,2023-12-12,0,99.998945,84.8699235656593,175.547141097222,,,36VUP,S2B_MSIL2A_20231212T093309_R136_T36VUP_20241112T184056,,10.0,13.199999999999998,,92.0,7.400000000000001,1.4,0.8000000000000002,450.0,,12.0,1.2,0.2,Hiitolanjoki rajav 002,,Rautjärvi,Rautjärvi,River,VHA1,Vuoksen vesienhoitoalue,3.011,Kokkolanjoen a,Suuret kangasmaiden joet,108.0,ok,,-7,2023-12-05,0.0,10.995346,S2B_MSIL2A_20231205T094259_R036_T35VPJ_20240904T045623,5516.0,4860.0,5372.0,6040.0,-5,,,,,,,,,-3,,,,,,,,,-1,,,,,,,,,0,,,,,,,,,1,,,,,,,,,3,,,,,,,,,5,,,,,,,,,7,,,,,,,,,,,no_match,no_stac_item,,,,,,,256,128,0,0,0,"B02,B03,B04,B08"
FI_00000070,10060,10060,2023-12-12,61.41234231212037,29.399668855924936,,,,400.0,,9.8,1.3,,8.6,13.0,,89.0,7.3,1.25,0.2,400.0,,9.8,1.3,0.4,Hiitolanjoki rajav 002,,Rautjärvi,Rautjärvi,River,VHA1,Vuoksen vesienhoitoalue,3.011,Kokkolanjoen a,Suuret kangasmaiden joet,108.0,FI_00000011,10060,2023-02-07,61.41234231212037,29.399668855924936,,,,450.0,,12.0,1.2,S2_FI_00000011,2023-12-12,0,99.998945,84.8699235656593,175.547141097222,,,36VUP,S2B_MSIL2A_20231212T093309_R136_T36VUP_20241112T184056,,10.0,13.199999999999998,,92.0,7.400000000000001,1.4,0.8000000000000002,450.0,,12.0,1.2,0.2,Hiitolanjoki rajav 002,,Rautjärvi,Rautjärvi,River,VHA1,Vuoksen vesienhoitoalue,3.011,Kokkolanjoen a,Suuret kangasmaiden joet,108.0,ok,,-7,2023-12-05,0.0,10.995346,S2B_MSIL2A_20231205T094259_R036_T35VPJ_20240904T045623,5516.0,4860.0,5372.0,6040.0,-5,,,,,,,,,-3,,,,,,,,,-1,,,,,,,,,0,,,,,,,,,1,,,,,,,,,3,,,,,,,,,5,,,,,,,,,7,,,,,,,,,,,no_match,no_stac_item,,,,,,,256,128,0,0,0,"B02,B03,B04,B08"
FI_00000071,10060,10060,2023-12-12,61.41234231212037,29.399668855924936,,,,400.0,,9.8,1.3,,8.6,13.0,,89.0,7.3,1.25,0.2,400.0,,9.8,1.3,0.4,Hiitolanjoki rajav 002,,Rautjärvi,Rautjärvi,River,VHA1,Vuoksen vesienhoitoalue,3.011,Kokkolanjoen a,Suuret kangasmaiden joet,108.0,FI_00000011,10060,2023-02-07,61.41234231212037,29.399668855924936,,,,450.0,,12.0,1.2,S2_FI_00000011,2023-12-12,0,99.998945,84.8699235656593,175.547141097222,,,36VUP,S2B_MSIL2A_20231212T093309_R136_T36VUP_20241112T184056,,10.0,13.199999999999998,,92.0,7.400000000000001,1.4,0.8000000000000002,450.0,,12.0,1.2,0.2,Hiitolanjoki rajav 002,,Rautjärvi,Rautjärvi,River,VHA1,Vuoksen vesienhoitoalue,3.011,Kokkolanjoen a,Suuret kangasmaiden joet,108.0,ok,,-7,2023-12-05,0.0,10.995346,S2B_MSIL2A_20231205T094259_R036_T35VPJ_20240904T045623,5516.0,4860.0,5372.0,6040.0,-5,,,,,,,,,-3,,,,,,,,,-1,,,,,,,,,0,,,,,,,,,1,,,,,,,,,3,,,,,,,,,5,,,,,,,,,7,,,,,,,,,,,no_match,no_stac_item,,,,,,,256,128,0,0,0,"B02,B03,B04,B08"
FI_00000072,10060,10060,2024-01-10,61.41234231212037,29.399668855924936,,,,430.0,,10.0,1.1,,9.0,13.300000000000002,,93.0,7.3,1.75,0.8000000000000002,430.0,,10.0,1.1,0.3,Hiitolanjoki rajav 002,,Rautjärvi,Rautjärvi,River,VHA1,Vuoksen vesienhoitoalue,3.011,Kokkolanjoen a,Suuret kangasmaiden joet,108.0,FI_00000012,10060,2023-03-01,61.41234231212037,29.399668855924936,,,,440.0,,10.0,0.97,S2_FI_00000012,2024-01-11,1,33.531716,83.8353049672806,172.200297395407,,,36VUP,S2B_MSIL2A_20240111T093249_R136_T36VUP_20240115T133546,,9.9,13.300000000000002,,93.0,7.3,1.0,0.8000000000000002,440.0,,10.0,0.97,0.5,Hiitolanjoki rajav 002,,Rautjärvi,Rautjärvi,River,VHA1,Vuoksen vesienhoitoalue,3.011,Kokkolanjoen a,Suuret kangasmaiden joet,108.0,ok,,-7,2024-01-04,1.0,20.724237,S2B_MSIL2A_20240104T094319_R036_T35VPJ_20240104T130604,4676.0,3792.0,3818.0,4364.0,-5,2024-01-04,1.0,20.724237,S2B_MSIL2A_20240104T094319_R036_T35VPJ_20240104T130604,4676.0,3792.0,3818.0,4364.0,-3,,,,,,,,,-1,,,,,,,,,0,2024-01-11,1.0,32.607046,S2B_MSIL2A_20240111T093249_R136_T35VPJ_20240115T133838,6072.0,5312.0,5844.0,7060.0,1,2024-01-11,0.0,32.607046,S2B_MSIL2A_20240111T093249_R136_T35VPJ_20240115T133838,6072.0,5312.0,5844.0,7060.0,3,,,,,,,,,5,,,,,,,,,7,,,,,,,,,D:\Water Quality Parameter Estimation\wq_pipeline\artifacts\tolerance_3d\prepared\chips\train\sample_FI_00000072.npz,D:\Water Quality Parameter Estimation\wq_pipeline\artifacts\tolerance_3d\prepared\chips\train\sample_FI_00000072.png,ok,,S2B_MSIL2A_20240111T093249_R136_T35VPJ_20240115T133838,2024-01-11,1.0,32.607046,83.8525156176967,0.0,256,128,0,0,9,"B02,B03,B04,B08"
FI_00000073,10060,10060,2024-01-10,61.41234231212037,29.399668855924936,,,,430.0,,10.0,1.1,,9.0,13.300000000000002,,93.0,7.3,1.75,0.8000000000000002,430.0,,10.0,1.1,0.3,Hiitolanjoki rajav 002,,Rautjärvi,Rautjärvi,River,VHA1,Vuoksen vesienhoitoalue,3.011,Kokkolanjoen a,Suuret kangasmaiden joet,108.0,FI_00000012,10060,2023-03-01,61.41234231212037,29.399668855924936,,,,440.0,,10.0,0.97,S2_FI_00000012,2024-01-11,1,33.531716,83.8353049672806,172.200297395407,,,36VUP,S2B_MSIL2A_20240111T093249_R136_T36VUP_20240115T133546,,9.9,13.300000000000002,,93.0,7.3,1.0,0.8000000000000002,440.0,,10.0,0.97,0.5,Hiitolanjoki rajav 002,,Rautjärvi,Rautjärvi,River,VHA1,Vuoksen vesienhoitoalue,3.011,Kokkolanjoen a,Suuret kangasmaiden joet,108.0,ok,,-7,2024-01-04,1.0,20.724237,S2B_MSIL2A_20240104T094319_R036_T35VPJ_20240104T130604,4676.0,3792.0,3818.0,4364.0,-5,2024-01-04,1.0,20.724237,S2B_MSIL2A_20240104T094319_R036_T35VPJ_20240104T130604,4676.0,3792.0,3818.0,4364.0,-3,,,,,,,,,-1,,,,,,,,,0,2024-01-11,1.0,32.607046,S2B_MSIL2A_20240111T093249_R136_T35VPJ_20240115T133838,6072.0,5312.0,5844.0,7060.0,1,2024-01-11,0.0,32.607046,S2B_MSIL2A_20240111T093249_R136_T35VPJ_20240115T133838,6072.0,5312.0,5844.0,7060.0,3,,,,,,,,,5,,,,,,,,,7,,,,,,,,,D:\Water Quality Parameter Estimation\wq_pipeline\artifacts\tolerance_3d\prepared\chips\train\sample_FI_00000073.npz,D:\Water Quality Parameter Estimation\wq_pipeline\artifacts\tolerance_3d\prepared\chips\train\sample_FI_00000073.png,ok,,S2B_MSIL2A_20240111T093249_R136_T35VPJ_20240115T133838,2024-01-11,1.0,32.607046,83.8525156176967,0.0,256,128,0,0,9,"B02,B03,B04,B08"
FI_00000074,10060,10060,2024-01-10,61.41234231212037,29.399668855924936,,,,430.0,,10.0,1.1,,9.0,13.300000000000002,,93.0,7.3,1.75,0.8000000000000002,430.0,,10.0,1.1,0.3,Hiitolanjoki rajav 002,,Rautjärvi,Rautjärvi,River,VHA1,Vuoksen vesienhoitoalue,3.011,Kokkolanjoen a,Suuret kangasmaiden joet,108.0,FI_00000012,10060,2023-03-01,61.41234231212037,29.399668855924936,,,,440.0,,10.0,0.97,S2_FI_00000012,2024-01-11,1,33.531716,83.8353049672806,172.200297395407,,,36VUP,S2B_MSIL2A_20240111T093249_R136_T36VUP_20240115T133546,,9.9,13.300000000000002,,93.0,7.3,1.0,0.8000000000000002,440.0,,10.0,0.97,0.5,Hiitolanjoki rajav 002,,Rautjärvi,Rautjärvi,River,VHA1,Vuoksen vesienhoitoalue,3.011,Kokkolanjoen a,Suuret kangasmaiden joet,108.0,ok,,-7,2024-01-04,1.0,20.724237,S2B_MSIL2A_20240104T094319_R036_T35VPJ_20240104T130604,4676.0,3792.0,3818.0,4364.0,-5,2024-01-04,1.0,20.724237,S2B_MSIL2A_20240104T094319_R036_T35VPJ_20240104T130604,4676.0,3792.0,3818.0,4364.0,-3,,,,,,,,,-1,,,,,,,,,0,2024-01-11,1.0,32.607046,S2B_MSIL2A_20240111T093249_R136_T35VPJ_20240115T133838,6072.0,5312.0,5844.0,7060.0,1,2024-01-11,0.0,32.607046,S2B_MSIL2A_20240111T093249_R136_T35VPJ_20240115T133838,6072.0,5312.0,5844.0,7060.0,3,,,,,,,,,5,,,,,,,,,7,,,,,,,,,D:\Water Quality Parameter Estimation\wq_pipeline\artifacts\tolerance_3d\prepared\chips\train\sample_FI_00000074.npz,D:\Water Quality Parameter Estimation\wq_pipeline\artifacts\tolerance_3d\prepared\chips\train\sample_FI_00000074.png,ok,,S2B_MSIL2A_20240111T093249_R136_T35VPJ_20240115T133838,2024-01-11,1.0,32.607046,83.8525156176967,0.0,256,128,0,0,9,"B02,B03,B04,B08"
FI_00000075,10060,10060,2024-01-10,61.41234231212037,29.399668855924936,,,,430.0,,10.0,1.1,,9.0,13.300000000000002,,93.0,7.3,1.75,0.8000000000000002,430.0,,10.0,1.1,0.3,Hiitolanjoki rajav 002,,Rautjärvi,Rautjärvi,River,VHA1,Vuoksen vesienhoitoalue,3.011,Kokkolanjoen a,Suuret kangasmaiden joet,108.0,FI_00000012,10060,2023-03-01,61.41234231212037,29.399668855924936,,,,440.0,,10.0,0.97,S2_FI_00000012,2024-01-11,1,33.531716,83.8353049672806,172.200297395407,,,36VUP,S2B_MSIL2A_20240111T093249_R136_T36VUP_20240115T133546,,9.9,13.300000000000002,,93.0,7.3,1.0,0.8000000000000002,440.0,,10.0,0.97,0.5,Hiitolanjoki rajav 002,,Rautjärvi,Rautjärvi,River,VHA1,Vuoksen vesienhoitoalue,3.011,Kokkolanjoen a,Suuret kangasmaiden joet,108.0,ok,,-7,2024-01-04,1.0,20.724237,S2B_MSIL2A_20240104T094319_R036_T35VPJ_20240104T130604,4676.0,3792.0,3818.0,4364.0,-5,2024-01-04,1.0,20.724237,S2B_MSIL2A_20240104T094319_R036_T35VPJ_20240104T130604,4676.0,3792.0,3818.0,4364.0,-3,,,,,,,,,-1,,,,,,,,,0,2024-01-11,1.0,32.607046,S2B_MSIL2A_20240111T093249_R136_T35VPJ_20240115T133838,6072.0,5312.0,5844.0,7060.0,1,2024-01-11,0.0,32.607046,S2B_MSIL2A_20240111T093249_R136_T35VPJ_20240115T133838,6072.0,5312.0,5844.0,7060.0,3,,,,,,,,,5,,,,,,,,,7,,,,,,,,,D:\Water Quality Parameter Estimation\wq_pipeline\artifacts\tolerance_3d\prepared\chips\train\sample_FI_00000075.npz,D:\Water Quality Parameter Estimation\wq_pipeline\artifacts\tolerance_3d\prepared\chips\train\sample_FI_00000075.png,ok,,S2B_MSIL2A_20240111T093249_R136_T35VPJ_20240115T133838,2024-01-11,1.0,32.607046,83.8525156176967,0.0,256,128,0,0,9,"B02,B03,B04,B08"
FI_00000076,10060,10060,2024-01-10,61.41234231212037,29.399668855924936,,,,430.0,,10.0,1.1,,9.0,13.300000000000002,,93.0,7.3,1.75,0.8000000000000002,430.0,,10.0,1.1,0.3,Hiitolanjoki rajav 002,,Rautjärvi,Rautjärvi,River,VHA1,Vuoksen vesienhoitoalue,3.011,Kokkolanjoen a,Suuret kangasmaiden joet,108.0,FI_00000012,10060,2023-03-01,61.41234231212037,29.399668855924936,,,,440.0,,10.0,0.97,S2_FI_00000012,2024-01-11,1,33.531716,83.8353049672806,172.200297395407,,,36VUP,S2B_MSIL2A_20240111T093249_R136_T36VUP_20240115T133546,,9.9,13.300000000000002,,93.0,7.3,1.0,0.8000000000000002,440.0,,10.0,0.97,0.5,Hiitolanjoki rajav 002,,Rautjärvi,Rautjärvi,River,VHA1,Vuoksen vesienhoitoalue,3.011,Kokkolanjoen a,Suuret kangasmaiden joet,108.0,ok,,-7,2024-01-04,1.0,20.724237,S2B_MSIL2A_20240104T094319_R036_T35VPJ_20240104T130604,4676.0,3792.0,3818.0,4364.0,-5,2024-01-04,1.0,20.724237,S2B_MSIL2A_20240104T094319_R036_T35VPJ_20240104T130604,4676.0,3792.0,3818.0,4364.0,-3,,,,,,,,,-1,,,,,,,,,0,2024-01-11,1.0,32.607046,S2B_MSIL2A_20240111T093249_R136_T35VPJ_20240115T133838,6072.0,5312.0,5844.0,7060.0,1,2024-01-11,0.0,32.607046,S2B_MSIL2A_20240111T093249_R136_T35VPJ_20240115T133838,6072.0,5312.0,5844.0,7060.0,3,,,,,,,,,5,,,,,,,,,7,,,,,,,,,D:\Water Quality Parameter Estimation\wq_pipeline\artifacts\tolerance_3d\prepared\chips\train\sample_FI_00000076.npz,D:\Water Quality Parameter Estimation\wq_pipeline\artifacts\tolerance_3d\prepared\chips\train\sample_FI_00000076.png,ok,,S2B_MSIL2A_20240111T093249_R136_T35VPJ_20240115T133838,2024-01-11,1.0,32.607046,83.8525156176967,0.0,256,128,0,0,9,"B02,B03,B04,B08"
FI_00000077,10060,10060,2024-01-10,61.41234231212037,29.399668855924936,,,,430.0,,10.0,1.1,,9.0,13.300000000000002,,93.0,7.3,1.75,0.8000000000000002,430.0,,10.0,1.1,0.3,Hiitolanjoki rajav 002,,Rautjärvi,Rautjärvi,River,VHA1,Vuoksen vesienhoitoalue,3.011,Kokkolanjoen a,Suuret kangasmaiden joet,108.0,FI_00000012,10060,2023-03-01,61.41234231212037,29.399668855924936,,,,440.0,,10.0,0.97,S2_FI_00000012,2024-01-11,1,33.531716,83.8353049672806,172.200297395407,,,36VUP,S2B_MSIL2A_20240111T093249_R136_T36VUP_20240115T133546,,9.9,13.300000000000002,,93.0,7.3,1.0,0.8000000000000002,440.0,,10.0,0.97,0.5,Hiitolanjoki rajav 002,,Rautjärvi,Rautjärvi,River,VHA1,Vuoksen vesienhoitoalue,3.011,Kokkolanjoen a,Suuret kangasmaiden joet,108.0,ok,,-7,2024-01-04,1.0,20.724237,S2B_MSIL2A_20240104T094319_R036_T35VPJ_20240104T130604,4676.0,3792.0,3818.0,4364.0,-5,2024-01-04,1.0,20.724237,S2B_MSIL2A_20240104T094319_R036_T35VPJ_20240104T130604,4676.0,3792.0,3818.0,4364.0,-3,,,,,,,,,-1,,,,,,,,,0,2024-01-11,1.0,32.607046,S2B_MSIL2A_20240111T093249_R136_T35VPJ_20240115T133838,6072.0,5312.0,5844.0,7060.0,1,2024-01-11,0.0,32.607046,S2B_MSIL2A_20240111T093249_R136_T35VPJ_20240115T133838,6072.0,5312.0,5844.0,7060.0,3,,,,,,,,,5,,,,,,,,,7,,,,,,,,,D:\Water Quality Parameter Estimation\wq_pipeline\artifacts\tolerance_3d\prepared\chips\train\sample_FI_00000077.npz,D:\Water Quality Parameter Estimation\wq_pipeline\artifacts\tolerance_3d\prepared\chips\train\sample_FI_00000077.png,ok,,S2B_MSIL2A_20240111T093249_R136_T35VPJ_20240115T133838,2024-01-11,1.0,32.607046,83.8525156176967,0.0,256,128,0,0,9,"B02,B03,B04,B08"
FI_00000078,10060,10060,2024-02-06,61.41234231212037,29.399668855924936,,,,440.0,,10.0,0.77,,9.7,13.1,,90.0,7.400000000000001,1.0,0.2,440.0,,10.0,0.77,0.4,Hiitolanjoki rajav 002,,Rautjärvi,Rautjärvi,River,VHA1,Vuoksen vesienhoitoalue,3.011,Kokkolanjoen a,Suuret kangasmaiden joet,108.0,FI_00000013,10060,2023-03-01,61.41234231212037,29.399668855924936,,,,440.0,,10.0,0.97,S2_FI_00000013,2024-02-05,1,98.976678,78.1330391035184,170.253268834647,,,36VUP,S2A_MSIL2A_20240205T093201_R136_T36VUP_20240205T120659,,9.9,13.300000000000002,,93.0,7.3,1.0,0.8000000000000002,440.0,,10.0,0.97,0.5,Hiitolanjoki rajav 002,,Rautjärvi,Rautjärvi,River,VHA1,Vuoksen vesienhoitoalue,3.011,Kokkolanjoen a,Suuret kangasmaiden joet,108.0,ok,,-7,,,,,,,,,-5,,,,,,,,,-3,,,,,,,,,-1,,,,,,,,,0,,,,,,,,,1,2024-02-08,1.0,6.466675,S2A_MSIL2A_20240208T094141_R036_T36VUP_20240208T110844,3856.0,3494.0,4046.0,6000.0,3,2024-02-08,1.0,6.466675,S2A_MSIL2A_20240208T094141_R036_T36VUP_20240208T110844,3856.0,3494.0,4046.0,6000.0,5,2024-02-10,1.0,14.233778,S2B_MSIL2A_20240210T093039_R136_T36VUP_20240210T131613,4124.0,3786.0,3758.0,4876.0,7,2024-02-13,0.0,6.859282,S2B_MSIL2A_20240213T094029_R036_T35VPJ_20240213T131222,3186.0,3038.0,3132.0,5564.0,D:\Water Quality Parameter Estimation\wq_pipeline\artifacts\tolerance_3d\prepared\chips\train\sample_FI_00000078.npz,D:\Water Quality Parameter Estimation\wq_pipeline\artifacts\tolerance_3d\prepared\chips\train\sample_FI_00000078.png,ok,,S2A_MSIL2A_20240208T094141_R036_T36VUP_20240208T110844,2024-02-08,2.0,6.466675,77.0337229539331,0.0,256,128,0,0,9,"B02,B03,B04,B08"
FI_00000079,10060,10060,2024-02-06,61.41234231212037,29.399668855924936,,,,440.0,,10.0,0.77,,9.7,13.1,,90.0,7.400000000000001,1.0,0.2,440.0,,10.0,0.77,0.4,Hiitolanjoki rajav 002,,Rautjärvi,Rautjärvi,River,VHA1,Vuoksen vesienhoitoalue,3.011,Kokkolanjoen a,Suuret kangasmaiden joet,108.0,FI_00000013,10060,2023-03-01,61.41234231212037,29.399668855924936,,,,440.0,,10.0,0.97,S2_FI_00000013,2024-02-05,1,98.976678,78.1330391035184,170.253268834647,,,36VUP,S2A_MSIL2A_20240205T093201_R136_T36VUP_20240205T120659,,9.9,13.300000000000002,,93.0,7.3,1.0,0.8000000000000002,440.0,,10.0,0.97,0.5,Hiitolanjoki rajav 002,,Rautjärvi,Rautjärvi,River,VHA1,Vuoksen vesienhoitoalue,3.011,Kokkolanjoen a,Suuret kangasmaiden joet,108.0,ok,,-7,,,,,,,,,-5,,,,,,,,,-3,,,,,,,,,-1,,,,,,,,,0,,,,,,,,,1,2024-02-08,1.0,6.466675,S2A_MSIL2A_20240208T094141_R036_T36VUP_20240208T110844,3856.0,3494.0,4046.0,6000.0,3,2024-02-08,1.0,6.466675,S2A_MSIL2A_20240208T094141_R036_T36VUP_20240208T110844,3856.0,3494.0,4046.0,6000.0,5,2024-02-10,1.0,14.233778,S2B_MSIL2A_20240210T093039_R136_T36VUP_20240210T131613,4124.0,3786.0,3758.0,4876.0,7,2024-02-13,0.0,6.859282,S2B_MSIL2A_20240213T094029_R036_T35VPJ_20240213T131222,3186.0,3038.0,3132.0,5564.0,D:\Water Quality Parameter Estimation\wq_pipeline\artifacts\tolerance_3d\prepared\chips\train\sample_FI_00000079.npz,D:\Water Quality Parameter Estimation\wq_pipeline\artifacts\tolerance_3d\prepared\chips\train\sample_FI_00000079.png,ok,,S2A_MSIL2A_20240208T094141_R036_T36VUP_20240208T110844,2024-02-08,2.0,6.466675,77.0337229539331,0.0,256,128,0,0,9,"B02,B03,B04,B08"
FI_00000080,10060,10060,2024-02-06,61.41234231212037,29.399668855924936,,,,440.0,,10.0,0.77,,9.7,13.1,,90.0,7.400000000000001,1.0,0.2,440.0,,10.0,0.77,0.4,Hiitolanjoki rajav 002,,Rautjärvi,Rautjärvi,River,VHA1,Vuoksen vesienhoitoalue,3.011,Kokkolanjoen a,Suuret kangasmaiden joet,108.0,FI_00000013,10060,2023-03-01,61.41234231212037,29.399668855924936,,,,440.0,,10.0,0.97,S2_FI_00000013,2024-02-05,1,98.976678,78.1330391035184,170.253268834647,,,36VUP,S2A_MSIL2A_20240205T093201_R136_T36VUP_20240205T120659,,9.9,13.300000000000002,,93.0,7.3,1.0,0.8000000000000002,440.0,,10.0,0.97,0.5,Hiitolanjoki rajav 002,,Rautjärvi,Rautjärvi,River,VHA1,Vuoksen vesienhoitoalue,3.011,Kokkolanjoen a,Suuret kangasmaiden joet,108.0,ok,,-7,,,,,,,,,-5,,,,,,,,,-3,,,,,,,,,-1,,,,,,,,,0,,,,,,,,,1,2024-02-08,1.0,6.466675,S2A_MSIL2A_20240208T094141_R036_T36VUP_20240208T110844,3856.0,3494.0,4046.0,6000.0,3,2024-02-08,1.0,6.466675,S2A_MSIL2A_20240208T094141_R036_T36VUP_20240208T110844,3856.0,3494.0,4046.0,6000.0,5,2024-02-10,1.0,14.233778,S2B_MSIL2A_20240210T093039_R136_T36VUP_20240210T131613,4124.0,3786.0,3758.0,4876.0,7,2024-02-13,0.0,6.859282,S2B_MSIL2A_20240213T094029_R036_T35VPJ_20240213T131222,3186.0,3038.0,3132.0,5564.0,D:\Water Quality Parameter Estimation\wq_pipeline\artifacts\tolerance_3d\prepared\chips\train\sample_FI_00000080.npz,D:\Water Quality Parameter Estimation\wq_pipeline\artifacts\tolerance_3d\prepared\chips\train\sample_FI_00000080.png,ok,,S2A_MSIL2A_20240208T094141_R036_T36VUP_20240208T110844,2024-02-08,2.0,6.466675,77.0337229539331,0.0,256,128,0,0,9,"B02,B03,B04,B08"
FI_00000081,10060,10060,2024-02-06,61.41234231212037,29.399668855924936,,,,440.0,,10.0,0.77,,9.7,13.1,,90.0,7.400000000000001,1.0,0.2,440.0,,10.0,0.77,0.4,Hiitolanjoki rajav 002,,Rautjärvi,Rautjärvi,River,VHA1,Vuoksen vesienhoitoalue,3.011,Kokkolanjoen a,Suuret kangasmaiden joet,108.0,FI_00000013,10060,2023-03-01,61.41234231212037,29.399668855924936,,,,440.0,,10.0,0.97,S2_FI_00000013,2024-02-05,1,98.976678,78.1330391035184,170.253268834647,,,36VUP,S2A_MSIL2A_20240205T093201_R136_T36VUP_20240205T120659,,9.9,13.300000000000002,,93.0,7.3,1.0,0.8000000000000002,440.0,,10.0,0.97,0.5,Hiitolanjoki rajav 002,,Rautjärvi,Rautjärvi,River,VHA1,Vuoksen vesienhoitoalue,3.011,Kokkolanjoen a,Suuret kangasmaiden joet,108.0,ok,,-7,,,,,,,,,-5,,,,,,,,,-3,,,,,,,,,-1,,,,,,,,,0,,,,,,,,,1,2024-02-08,1.0,6.466675,S2A_MSIL2A_20240208T094141_R036_T36VUP_20240208T110844,3856.0,3494.0,4046.0,6000.0,3,2024-02-08,1.0,6.466675,S2A_MSIL2A_20240208T094141_R036_T36VUP_20240208T110844,3856.0,3494.0,4046.0,6000.0,5,2024-02-10,1.0,14.233778,S2B_MSIL2A_20240210T093039_R136_T36VUP_20240210T131613,4124.0,3786.0,3758.0,4876.0,7,2024-02-13,0.0,6.859282,S2B_MSIL2A_20240213T094029_R036_T35VPJ_20240213T131222,3186.0,3038.0,3132.0,5564.0,D:\Water Quality Parameter Estimation\wq_pipeline\artifacts\tolerance_3d\prepared\chips\train\sample_FI_00000081.npz,D:\Water Quality Parameter Estimation\wq_pipeline\artifacts\tolerance_3d\prepared\chips\train\sample_FI_00000081.png,ok,,S2A_MSIL2A_20240208T094141_R036_T36VUP_20240208T110844,2024-02-08,2.0,6.466675,77.0337229539331,0.0,256,128,0,0,9,"B02,B03,B04,B08"
FI_00000082,10060,10060,2024-02-06,61.41234231212037,29.399668855924936,,,,440.0,,10.0,0.77,,9.7,13.1,,90.0,7.400000000000001,1.0,0.2,440.0,,10.0,0.77,0.4,Hiitolanjoki rajav 002,,Rautjärvi,Rautjärvi,River,VHA1,Vuoksen vesienhoitoalue,3.011,Kokkolanjoen a,Suuret kangasmaiden joet,108.0,FI_00000013,10060,2023-03-01,61.41234231212037,29.399668855924936,,,,440.0,,10.0,0.97,S2_FI_00000013,2024-02-05,1,98.976678,78.1330391035184,170.253268834647,,,36VUP,S2A_MSIL2A_20240205T093201_R136_T36VUP_20240205T120659,,9.9,13.300000000000002,,93.0,7.3,1.0,0.8000000000000002,440.0,,10.0,0.97,0.5,Hiitolanjoki rajav 002,,Rautjärvi,Rautjärvi,River,VHA1,Vuoksen vesienhoitoalue,3.011,Kokkolanjoen a,Suuret kangasmaiden joet,108.0,ok,,-7,,,,,,,,,-5,,,,,,,,,-3,,,,,,,,,-1,,,,,,,,,0,,,,,,,,,1,2024-02-08,1.0,6.466675,S2A_MSIL2A_20240208T094141_R036_T36VUP_20240208T110844,3856.0,3494.0,4046.0,6000.0,3,2024-02-08,1.0,6.466675,S2A_MSIL2A_20240208T094141_R036_T36VUP_20240208T110844,3856.0,3494.0,4046.0,6000.0,5,2024-02-10,1.0,14.233778,S2B_MSIL2A_20240210T093039_R136_T36VUP_20240210T131613,4124.0,3786.0,3758.0,4876.0,7,2024-02-13,0.0,6.859282,S2B_MSIL2A_20240213T094029_R036_T35VPJ_20240213T131222,3186.0,3038.0,3132.0,5564.0,D:\Water Quality Parameter Estimation\wq_pipeline\artifacts\tolerance_3d\prepared\chips\train\sample_FI_00000082.npz,D:\Water Quality Parameter Estimation\wq_pipeline\artifacts\tolerance_3d\prepared\chips\train\sample_FI_00000082.png,ok,,S2A_MSIL2A_20240208T094141_R036_T36VUP_20240208T110844,2024-02-08,2.0,6.466675,77.0337229539331,0.0,256,128,0,0,9,"B02,B03,B04,B08"
FI_00000083,10060,10060,2024-02-06,61.41234231212037,29.399668855924936,,,,440.0,,10.0,0.77,,9.7,13.1,,90.0,7.400000000000001,1.0,0.2,440.0,,10.0,0.77,0.4,Hiitolanjoki rajav 002,,Rautjärvi,Rautjärvi,River,VHA1,Vuoksen vesienhoitoalue,3.011,Kokkolanjoen a,Suuret kangasmaiden joet,108.0,FI_00000013,10060,2023-03-01,61.41234231212037,29.399668855924936,,,,440.0,,10.0,0.97,S2_FI_00000013,2024-02-05,1,98.976678,78.1330391035184,170.253268834647,,,36VUP,S2A_MSIL2A_20240205T093201_R136_T36VUP_20240205T120659,,9.9,13.300000000000002,,93.0,7.3,1.0,0.8000000000000002,440.0,,10.0,0.97,0.5,Hiitolanjoki rajav 002,,Rautjärvi,Rautjärvi,River,VHA1,Vuoksen vesienhoitoalue,3.011,Kokkolanjoen a,Suuret kangasmaiden joet,108.0,ok,,-7,,,,,,,,,-5,,,,,,,,,-3,,,,,,,,,-1,,,,,,,,,0,,,,,,,,,1,2024-02-08,1.0,6.466675,S2A_MSIL2A_20240208T094141_R036_T36VUP_20240208T110844,3856.0,3494.0,4046.0,6000.0,3,2024-02-08,1.0,6.466675,S2A_MSIL2A_20240208T094141_R036_T36VUP_20240208T110844,3856.0,3494.0,4046.0,6000.0,5,2024-02-10,1.0,14.233778,S2B_MSIL2A_20240210T093039_R136_T36VUP_20240210T131613,4124.0,3786.0,3758.0,4876.0,7,2024-02-13,0.0,6.859282,S2B_MSIL2A_20240213T094029_R036_T35VPJ_20240213T131222,3186.0,3038.0,3132.0,5564.0,D:\Water Quality Parameter Estimation\wq_pipeline\artifacts\tolerance_3d\prepared\chips\train\sample_FI_00000083.npz,D:\Water Quality Parameter Estimation\wq_pipeline\artifacts\tolerance_3d\prepared\chips\train\sample_FI_00000083.png,ok,,S2A_MSIL2A_20240208T094141_R036_T36VUP_20240208T110844,2024-02-08,2.0,6.466675,77.0337229539331,0.0,256,128,0,0,9,"B02,B03,B04,B08"
FI_00000084,10060,10060,2024-03-05,61.41234231212037,29.399668855924936,,,,500.0,,12.0,1.2,,9.8,13.699999999999998,,96.0,7.5,1.0,0.9,500.0,,12.0,1.2,0.4,Hiitolanjoki rajav 002,,Rautjärvi,Rautjärvi,River,VHA1,Vuoksen vesienhoitoalue,3.011,Kokkolanjoen a,Suuret kangasmaiden joet,108.0,FI_00000014,10060,2023-03-01,61.41234231212037,29.399668855924936,,,,440.0,,10.0,0.97,S2_FI_00000014,2024-03-04,1,98.448539,68.0964564356208,172.654905785832,,,36VUP,S2B_MSIL2A_20240304T093749_R036_T36VUP_20240304T125250,,9.9,13.300000000000002,,93.0,7.3,1.0,0.8000000000000002,440.0,,10.0,0.97,0.5,Hiitolanjoki rajav 002,,Rautjärvi,Rautjärvi,River,VHA1,Vuoksen vesienhoitoalue,3.011,Kokkolanjoen a,Suuret kangasmaiden joet,108.0,ok,,-7,,,,,,,,,-5,,,,,,,,,-3,,,,,,,,,-1,,,,,,,,,0,,,,,,,,,1,,,,,,,,,3,,,,,,,,,5,2024-03-11,1.0,37.47918,S2B_MSIL2A_20240311T092709_R136_T35VPJ_20240311T141201,2346.0,2396.0,2676.0,4544.0,7,2024-03-11,1.0,37.47918,S2B_MSIL2A_20240311T092709_R136_T35VPJ_20240311T141201,2346.0,2396.0,2676.0,4544.0,,,no_match,no_stac_item,,,,,,,256,128,0,0,0,"B02,B03,B04,B08"
FI_00000085,10060,10060,2024-03-05,61.41234231212037,29.399668855924936,,,,500.0,,12.0,1.2,,9.8,13.699999999999998,,96.0,7.5,1.0,0.9,500.0,,12.0,1.2,0.4,Hiitolanjoki rajav 002,,Rautjärvi,Rautjärvi,River,VHA1,Vuoksen vesienhoitoalue,3.011,Kokkolanjoen a,Suuret kangasmaiden joet,108.0,FI_00000014,10060,2023-03-01,61.41234231212037,29.399668855924936,,,,440.0,,10.0,0.97,S2_FI_00000014,2024-03-04,1,98.448539,68.0964564356208,172.654905785832,,,36VUP,S2B_MSIL2A_20240304T093749_R036_T36VUP_20240304T125250,,9.9,13.300000000000002,,93.0,7.3,1.0,0.8000000000000002,440.0,,10.0,0.97,0.5,Hiitolanjoki rajav 002,,Rautjärvi,Rautjärvi,River,VHA1,Vuoksen vesienhoitoalue,3.011,Kokkolanjoen a,Suuret kangasmaiden joet,108.0,ok,,-7,,,,,,,,,-5,,,,,,,,,-3,,,,,,,,,-1,,,,,,,,,0,,,,,,,,,1,,,,,,,,,3,,,,,,,,,5,2024-03-11,1.0,37.47918,S2B_MSIL2A_20240311T092709_R136_T35VPJ_20240311T141201,2346.0,2396.0,2676.0,4544.0,7,2024-03-11,1.0,37.47918,S2B_MSIL2A_20240311T092709_R136_T35VPJ_20240311T141201,2346.0,2396.0,2676.0,4544.0,,,no_match,no_stac_item,,,,,,,256,128,0,0,0,"B02,B03,B04,B08"
FI_00000086,10060,10060,2024-03-05,61.41234231212037,29.399668855924936,,,,500.0,,12.0,1.2,,9.8,13.699999999999998,,96.0,7.5,1.0,0.9,500.0,,12.0,1.2,0.4,Hiitolanjoki rajav 002,,Rautjärvi,Rautjärvi,River,VHA1,Vuoksen vesienhoitoalue,3.011,Kokkolanjoen a,Suuret kangasmaiden joet,108.0,FI_00000014,10060,2023-03-01,61.41234231212037,29.399668855924936,,,,440.0,,10.0,0.97,S2_FI_00000014,2024-03-04,1,98.448539,68.0964564356208,172.654905785832,,,36VUP,S2B_MSIL2A_20240304T093749_R036_T36VUP_20240304T125250,,9.9,13.300000000000002,,93.0,7.3,1.0,0.8000000000000002,440.0,,10.0,0.97,0.5,Hiitolanjoki rajav 002,,Rautjärvi,Rautjärvi,River,VHA1,Vuoksen vesienhoitoalue,3.011,Kokkolanjoen a,Suuret kangasmaiden joet,108.0,ok,,-7,,,,,,,,,-5,,,,,,,,,-3,,,,,,,,,-1,,,,,,,,,0,,,,,,,,,1,,,,,,,,,3,,,,,,,,,5,2024-03-11,1.0,37.47918,S2B_MSIL2A_20240311T092709_R136_T35VPJ_20240311T141201,2346.0,2396.0,2676.0,4544.0,7,2024-03-11,1.0,37.47918,S2B_MSIL2A_20240311T092709_R136_T35VPJ_20240311T141201,2346.0,2396.0,2676.0,4544.0,,,no_match,no_stac_item,,,,,,,256,128,0,0,0,"B02,B03,B04,B08"
FI_00000087,10060,10060,2024-03-05,61.41234231212037,29.399668855924936,,,,500.0,,12.0,1.2,,9.8,13.699999999999998,,96.0,7.5,1.0,0.9,500.0,,12.0,1.2,0.4,Hiitolanjoki rajav 002,,Rautjärvi,Rautjärvi,River,VHA1,Vuoksen vesienhoitoalue,3.011,Kokkolanjoen a,Suuret kangasmaiden joet,108.0,FI_00000014,10060,2023-03-01,61.41234231212037,29.399668855924936,,,,440.0,,10.0,0.97,S2_FI_00000014,2024-03-04,1,98.448539,68.0964564356208,172.654905785832,,,36VUP,S2B_MSIL2A_20240304T093749_R036_T36VUP_20240304T125250,,9.9,13.300000000000002,,93.0,7.3,1.0,0.8000000000000002,440.0,,10.0,0.97,0.5,Hiitolanjoki rajav 002,,Rautjärvi,Rautjärvi,River,VHA1,Vuoksen vesienhoitoalue,3.011,Kokkolanjoen a,Suuret kangasmaiden joet,108.0,ok,,-7,,,,,,,,,-5,,,,,,,,,-3,,,,,,,,,-1,,,,,,,,,0,,,,,,,,,1,,,,,,,,,3,,,,,,,,,5,2024-03-11,1.0,37.47918,S2B_MSIL2A_20240311T092709_R136_T35VPJ_20240311T141201,2346.0,2396.0,2676.0,4544.0,7,2024-03-11,1.0,37.47918,S2B_MSIL2A_20240311T092709_R136_T35VPJ_20240311T141201,2346.0,2396.0,2676.0,4544.0,,,no_match,no_stac_item,,,,,,,256,128,0,0,0,"B02,B03,B04,B08"
FI_00000088,10060,10060,2024-03-05,61.41234231212037,29.399668855924936,,,,500.0,,12.0,1.2,,9.8,13.699999999999998,,96.0,7.5,1.0,0.9,500.0,,12.0,1.2,0.4,Hiitolanjoki rajav 002,,Rautjärvi,Rautjärvi,River,VHA1,Vuoksen vesienhoitoalue,3.011,Kokkolanjoen a,Suuret kangasmaiden joet,108.0,FI_00000014,10060,2023-03-01,61.41234231212037,29.399668855924936,,,,440.0,,10.0,0.97,S2_FI_00000014,2024-03-04,1,98.448539,68.0964564356208,172.654905785832,,,36VUP,S2B_MSIL2A_20240304T093749_R036_T36VUP_20240304T125250,,9.9,13.300000000000002,,93.0,7.3,1.0,0.8000000000000002,440.0,,10.0,0.97,0.5,Hiitolanjoki rajav 002,,Rautjärvi,Rautjärvi,River,VHA1,Vuoksen vesienhoitoalue,3.011,Kokkolanjoen a,Suuret kangasmaiden joet,108.0,ok,,-7,,,,,,,,,-5,,,,,,,,,-3,,,,,,,,,-1,,,,,,,,,0,,,,,,,,,1,,,,,,,,,3,,,,,,,,,5,2024-03-11,1.0,37.47918,S2B_MSIL2A_20240311T092709_R136_T35VPJ_20240311T141201,2346.0,2396.0,2676.0,4544.0,7,2024-03-11,1.0,37.47918,S2B_MSIL2A_20240311T092709_R136_T35VPJ_20240311T141201,2346.0,2396.0,2676.0,4544.0,,,no_match,no_stac_item,,,,,,,256,128,0,0,0,"B02,B03,B04,B08"
FI_00000089,10060,10060,2024-03-05,61.41234231212037,29.399668855924936,,,,500.0,,12.0,1.2,,9.8,13.699999999999998,,96.0,7.5,1.0,0.9,500.0,,12.0,1.2,0.4,Hiitolanjoki rajav 002,,Rautjärvi,Rautjärvi,River,VHA1,Vuoksen vesienhoitoalue,3.011,Kokkolanjoen a,Suuret kangasmaiden joet,108.0,FI_00000014,10060,2023-03-01,61.41234231212037,29.399668855924936,,,,440.0,,10.0,0.97,S2_FI_00000014,2024-03-04,1,98.448539,68.0964564356208,172.654905785832,,,36VUP,S2B_MSIL2A_20240304T093749_R036_T36VUP_20240304T125250,,9.9,13.300000000000002,,93.0,7.3,1.0,0.8000000000000002,440.0,,10.0,0.97,0.5,Hiitolanjoki rajav 002,,Rautjärvi,Rautjärvi,River,VHA1,Vuoksen vesienhoitoalue,3.011,Kokkolanjoen a,Suuret kangasmaiden joet,108.0,ok,,-7,,,,,,,,,-5,,,,,,,,,-3,,,,,,,,,-1,,,,,,,,,0,,,,,,,,,1,,,,,,,,,3,,,,,,,,,5,2024-03-11,1.0,37.47918,S2B_MSIL2A_20240311T092709_R136_T35VPJ_20240311T141201,2346.0,2396.0,2676.0,4544.0,7,2024-03-11,1.0,37.47918,S2B_MSIL2A_20240311T092709_R136_T35VPJ_20240311T141201,2346.0,2396.0,2676.0,4544.0,,,no_match,no_stac_item,,,,,,,256,128,0,0,0,"B02,B03,B04,B08"
FI_00000090,10060,10060,2024-04-02,61.41234231212037,29.399668855924936,2.0,,,740.0,,28.0,11.0,2.0,7.599999999999999,12.199999999999998,,88.0,7.2,11.0,2.0,740.0,,28.0,11.0,0.5,Hiitolanjoki rajav 002,,Rautjärvi,Rautjärvi,River,VHA1,Vuoksen vesienhoitoalue,3.011,Kokkolanjoen a,Suuret kangasmaiden joet,108.0,FI_00000015,10060,2023-03-01,61.41234231212037,29.399668855924936,,,,440.0,,10.0,0.97,S2_FI_00000015,2024-04-03,1,98.026425,56.2515713826813,174.333996500009,,,36VUP,S2B_MSIL2A_20240403T093549_R036_T36VUP_20240403T123347,,9.9,13.300000000000002,,93.0,7.3,1.0,0.8000000000000002,440.0,,10.0,0.97,0.5,Hiitolanjoki rajav 002,,Rautjärvi,Rautjärvi,River,VHA1,Vuoksen vesienhoitoalue,3.011,Kokkolanjoen a,Suuret kangasmaiden joet,108.0,ok,,-7,,,,,,,,,-5,,,,,,,,,-3,,,,,,,,,-1,,,,,,,,,0,,,,,,,,,1,,,,,,,,,3,,,,,,,,,5,2024-04-08,1.0,3.287974,S2A_MSIL2A_20240408T094031_R036_T35VPJ_20240410T215120,1758.0,1932.0,2062.0,3618.0,7,2024-04-08,1.0,3.287974,S2A_MSIL2A_20240408T094031_R036_T35VPJ_20240410T215120,1758.0,1932.0,2062.0,3618.0,,,no_match,no_stac_item,,,,,,,256,128,0,0,0,"B02,B03,B04,B08"
FI_00000091,10060,10060,2024-04-02,61.41234231212037,29.399668855924936,2.0,,,740.0,,28.0,11.0,2.0,7.599999999999999,12.199999999999998,,88.0,7.2,11.0,2.0,740.0,,28.0,11.0,0.5,Hiitolanjoki rajav 002,,Rautjärvi,Rautjärvi,River,VHA1,Vuoksen vesienhoitoalue,3.011,Kokkolanjoen a,Suuret kangasmaiden joet,108.0,FI_00000015,10060,2023-03-01,61.41234231212037,29.399668855924936,,,,440.0,,10.0,0.97,S2_FI_00000015,2024-04-03,1,98.026425,56.2515713826813,174.333996500009,,,36VUP,S2B_MSIL2A_20240403T093549_R036_T36VUP_20240403T123347,,9.9,13.300000000000002,,93.0,7.3,1.0,0.8000000000000002,440.0,,10.0,0.97,0.5,Hiitolanjoki rajav 002,,Rautjärvi,Rautjärvi,River,VHA1,Vuoksen vesienhoitoalue,3.011,Kokkolanjoen a,Suuret kangasmaiden joet,108.0,ok,,-7,,,,,,,,,-5,,,,,,,,,-3,,,,,,,,,-1,,,,,,,,,0,,,,,,,,,1,,,,,,,,,3,,,,,,,,,5,2024-04-08,1.0,3.287974,S2A_MSIL2A_20240408T094031_R036_T35VPJ_20240410T215120,1758.0,1932.0,2062.0,3618.0,7,2024-04-08,1.0,3.287974,S2A_MSIL2A_20240408T094031_R036_T35VPJ_20240410T215120,1758.0,1932.0,2062.0,3618.0,,,no_match,no_stac_item,,,,,,,256,128,0,0,0,"B02,B03,B04,B08"
FI_00000092,10060,10060,2024-04-02,61.41234231212037,29.399668855924936,2.0,,,740.0,,28.0,11.0,2.0,7.599999999999999,12.199999999999998,,88.0,7.2,11.0,2.0,740.0,,28.0,11.0,0.5,Hiitolanjoki rajav 002,,Rautjärvi,Rautjärvi,River,VHA1,Vuoksen vesienhoitoalue,3.011,Kokkolanjoen a,Suuret kangasmaiden joet,108.0,FI_00000015,10060,2023-03-01,61.41234231212037,29.399668855924936,,,,440.0,,10.0,0.97,S2_FI_00000015,2024-04-03,1,98.026425,56.2515713826813,174.333996500009,,,36VUP,S2B_MSIL2A_20240403T093549_R036_T36VUP_20240403T123347,,9.9,13.300000000000002,,93.0,7.3,1.0,0.8000000000000002,440.0,,10.0,0.97,0.5,Hiitolanjoki rajav 002,,Rautjärvi,Rautjärvi,River,VHA1,Vuoksen vesienhoitoalue,3.011,Kokkolanjoen a,Suuret kangasmaiden joet,108.0,ok,,-7,,,,,,,,,-5,,,,,,,,,-3,,,,,,,,,-1,,,,,,,,,0,,,,,,,,,1,,,,,,,,,3,,,,,,,,,5,2024-04-08,1.0,3.287974,S2A_MSIL2A_20240408T094031_R036_T35VPJ_20240410T215120,1758.0,1932.0,2062.0,3618.0,7,2024-04-08,1.0,3.287974,S2A_MSIL2A_20240408T094031_R036_T35VPJ_20240410T215120,1758.0,1932.0,2062.0,3618.0,,,no_match,no_stac_item,,,,,,,256,128,0,0,0,"B02,B03,B04,B08"
FI_00000093,10060,10060,2024-04-02,61.41234231212037,29.399668855924936,2.0,,,740.0,,28.0,11.0,2.0,7.599999999999999,12.199999999999998,,88.0,7.2,11.0,2.0,740.0,,28.0,11.0,0.5,Hiitolanjoki rajav 002,,Rautjärvi,Rautjärvi,River,VHA1,Vuoksen vesienhoitoalue,3.011,Kokkolanjoen a,Suuret kangasmaiden joet,108.0,FI_00000015,10060,2023-03-01,61.41234231212037,29.399668855924936,,,,440.0,,10.0,0.97,S2_FI_00000015,2024-04-03,1,98.026425,56.2515713826813,174.333996500009,,,36VUP,S2B_MSIL2A_20240403T093549_R036_T36VUP_20240403T123347,,9.9,13.300000000000002,,93.0,7.3,1.0,0.8000000000000002,440.0,,10.0,0.97,0.5,Hiitolanjoki rajav 002,,Rautjärvi,Rautjärvi,River,VHA1,Vuoksen vesienhoitoalue,3.011,Kokkolanjoen a,Suuret kangasmaiden joet,108.0,ok,,-7,,,,,,,,,-5,,,,,,,,,-3,,,,,,,,,-1,,,,,,,,,0,,,,,,,,,1,,,,,,,,,3,,,,,,,,,5,2024-04-08,1.0,3.287974,S2A_MSIL2A_20240408T094031_R036_T35VPJ_20240410T215120,1758.0,1932.0,2062.0,3618.0,7,2024-04-08,1.0,3.287974,S2A_MSIL2A_20240408T094031_R036_T35VPJ_20240410T215120,1758.0,1932.0,2062.0,3618.0,,,no_match,no_stac_item,,,,,,,256,128,0,0,0,"B02,B03,B04,B08"
FI_00000094,10060,10060,2024-04-02,61.41234231212037,29.399668855924936,2.0,,,740.0,,28.0,11.0,2.0,7.599999999999999,12.199999999999998,,88.0,7.2,11.0,2.0,740.0,,28.0,11.0,0.5,Hiitolanjoki rajav 002,,Rautjärvi,Rautjärvi,River,VHA1,Vuoksen vesienhoitoalue,3.011,Kokkolanjoen a,Suuret kangasmaiden joet,108.0,FI_00000015,10060,2023-03-01,61.41234231212037,29.399668855924936,,,,440.0,,10.0,0.97,S2_FI_00000015,2024-04-03,1,98.026425,56.2515713826813,174.333996500009,,,36VUP,S2B_MSIL2A_20240403T093549_R036_T36VUP_20240403T123347,,9.9,13.300000000000002,,93.0,7.3,1.0,0.8000000000000002,440.0,,10.0,0.97,0.5,Hiitolanjoki rajav 002,,Rautjärvi,Rautjärvi,River,VHA1,Vuoksen vesienhoitoalue,3.011,Kokkolanjoen a,Suuret kangasmaiden joet,108.0,ok,,-7,,,,,,,,,-5,,,,,,,,,-3,,,,,,,,,-1,,,,,,,,,0,,,,,,,,,1,,,,,,,,,3,,,,,,,,,5,2024-04-08,1.0,3.287974,S2A_MSIL2A_20240408T094031_R036_T35VPJ_20240410T215120,1758.0,1932.0,2062.0,3618.0,7,2024-04-08,1.0,3.287974,S2A_MSIL2A_20240408T094031_R036_T35VPJ_20240410T215120,1758.0,1932.0,2062.0,3618.0,,,no_match,no_stac_item,,,,,,,256,128,0,0,0,"B02,B03,B04,B08"
FI_00000095,10060,10060,2024-04-02,61.41234231212037,29.399668855924936,2.0,,,740.0,,28.0,11.0,2.0,7.599999999999999,12.199999999999998,,88.0,7.2,11.0,2.0,740.0,,28.0,11.0,0.5,Hiitolanjoki rajav 002,,Rautjärvi,Rautjärvi,River,VHA1,Vuoksen vesienhoitoalue,3.011,Kokkolanjoen a,Suuret kangasmaiden joet,108.0,FI_00000015,10060,2023-03-01,61.41234231212037,29.399668855924936,,,,440.0,,10.0,0.97,S2_FI_00000015,2024-04-03,1,98.026425,56.2515713826813,174.333996500009,,,36VUP,S2B_MSIL2A_20240403T093549_R036_T36VUP_20240403T123347,,9.9,13.300000000000002,,93.0,7.3,1.0,0.8000000000000002,440.0,,10.0,0.97,0.5,Hiitolanjoki rajav 002,,Rautjärvi,Rautjärvi,River,VHA1,Vuoksen vesienhoitoalue,3.011,Kokkolanjoen a,Suuret kangasmaiden joet,108.0,ok,,-7,,,,,,,,,-5,,,,,,,,,-3,,,,,,,,,-1,,,,,,,,,0,,,,,,,,,1,,,,,,,,,3,,,,,,,,,5,2024-04-08,1.0,3.287974,S2A_MSIL2A_20240408T094031_R036_T35VPJ_20240410T215120,1758.0,1932.0,2062.0,3618.0,7,2024-04-08,1.0,3.287974,S2A_MSIL2A_20240408T094031_R036_T35VPJ_20240410T215120,1758.0,1932.0,2062.0,3618.0,,,no_match,no_stac_item,,,,,,,256,128,0,0,0,"B02,B03,B04,B08"
FI_00000096,10060,10060,2024-05-07,61.41234231212037,29.399668855924936,1.7,,,420.0,,14.0,1.8,1.7,7.5,11.800000000000002,,97.0,7.3,4.5,6.8,420.0,,14.0,1.8,0.5,Hiitolanjoki rajav 002,,Rautjärvi,Rautjärvi,River,VHA1,Vuoksen vesienhoitoalue,3.011,Kokkolanjoen a,Suuret kangasmaiden joet,108.0,FI_00000016,10060,2023-03-01,61.41234231212037,29.399668855924936,,,,440.0,,10.0,0.97,S2_FI_00000016,2024-05-08,1,60.460007,44.489601501528,175.846140210308,,,36VUP,S2A_MSIL2A_20240508T094031_R036_T36VUP_20240508T152414,,9.9,13.300000000000002,,93.0,7.3,1.0,0.8000000000000002,440.0,,10.0,0.97,0.5,Hiitolanjoki rajav 002,,Rautjärvi,Rautjärvi,River,VHA1,Vuoksen vesienhoitoalue,3.011,Kokkolanjoen a,Suuret kangasmaiden joet,108.0,no_match,,-7,,,,,,,,,-5,,,,,,,,,-3,,,,,,,,,-1,,,,,,,,,0,,,,,,,,,1,,,,,,,,,3,,,,,,,,,5,,,,,,,,,7,,,,,,,,,,,no_match,no_stac_item,,,,,,,256,128,0,0,0,"B02,B03,B04,B08"
FI_00000097,10060,10060,2024-05-07,61.41234231212037,29.399668855924936,1.7,,,420.0,,14.0,1.8,1.7,7.5,11.800000000000002,,97.0,7.3,4.5,6.8,420.0,,14.0,1.8,0.5,Hiitolanjoki rajav 002,,Rautjärvi,Rautjärvi,River,VHA1,Vuoksen vesienhoitoalue,3.011,Kokkolanjoen a,Suuret kangasmaiden joet,108.0,FI_00000016,10060,2023-03-01,61.41234231212037,29.399668855924936,,,,440.0,,10.0,0.97,S2_FI_00000016,2024-05-08,1,60.460007,44.489601501528,175.846140210308,,,36VUP,S2A_MSIL2A_20240508T094031_R036_T36VUP_20240508T152414,,9.9,13.300000000000002,,93.0,7.3,1.0,0.8000000000000002,440.0,,10.0,0.97,0.5,Hiitolanjoki rajav 002,,Rautjärvi,Rautjärvi,River,VHA1,Vuoksen vesienhoitoalue,3.011,Kokkolanjoen a,Suuret kangasmaiden joet,108.0,no_match,,-7,,,,,,,,,-5,,,,,,,,,-3,,,,,,,,,-1,,,,,,,,,0,,,,,,,,,1,,,,,,,,,3,,,,,,,,,5,,,,,,,,,7,,,,,,,,,,,no_match,no_stac_item,,,,,,,256,128,0,0,0,"B02,B03,B04,B08"
FI_00000098,10060,10060,2024-05-07,61.41234231212037,29.399668855924936,1.7,,,420.0,,14.0,1.8,1.7,7.5,11.800000000000002,,97.0,7.3,4.5,6.8,420.0,,14.0,1.8,0.5,Hiitolanjoki rajav 002,,Rautjärvi,Rautjärvi,River,VHA1,Vuoksen vesienhoitoalue,3.011,Kokkolanjoen a,Suuret kangasmaiden joet,108.0,FI_00000016,10060,2023-03-01,61.41234231212037,29.399668855924936,,,,440.0,,10.0,0.97,S2_FI_00000016,2024-05-08,1,60.460007,44.489601501528,175.846140210308,,,36VUP,S2A_MSIL2A_20240508T094031_R036_T36VUP_20240508T152414,,9.9,13.300000000000002,,93.0,7.3,1.0,0.8000000000000002,440.0,,10.0,0.97,0.5,Hiitolanjoki rajav 002,,Rautjärvi,Rautjärvi,River,VHA1,Vuoksen vesienhoitoalue,3.011,Kokkolanjoen a,Suuret kangasmaiden joet,108.0,no_match,,-7,,,,,,,,,-5,,,,,,,,,-3,,,,,,,,,-1,,,,,,,,,0,,,,,,,,,1,,,,,,,,,3,,,,,,,,,5,,,,,,,,,7,,,,,,,,,,,no_match,no_stac_item,,,,,,,256,128,0,0,0,"B02,B03,B04,B08"
FI_00000099,10060,10060,2024-05-07,61.41234231212037,29.399668855924936,1.7,,,420.0,,14.0,1.8,1.7,7.5,11.800000000000002,,97.0,7.3,4.5,6.8,420.0,,14.0,1.8,0.5,Hiitolanjoki rajav 002,,Rautjärvi,Rautjärvi,River,VHA1,Vuoksen vesienhoitoalue,3.011,Kokkolanjoen a,Suuret kangasmaiden joet,108.0,FI_00000016,10060,2023-03-01,61.41234231212037,29.399668855924936,,,,440.0,,10.0,0.97,S2_FI_00000016,2024-05-08,1,60.460007,44.489601501528,175.846140210308,,,36VUP,S2A_MSIL2A_20240508T094031_R036_T36VUP_20240508T152414,,9.9,13.300000000000002,,93.0,7.3,1.0,0.8000000000000002,440.0,,10.0,0.97,0.5,Hiitolanjoki rajav 002,,Rautjärvi,Rautjärvi,River,VHA1,Vuoksen vesienhoitoalue,3.011,Kokkolanjoen a,Suuret kangasmaiden joet,108.0,no_match,,-7,,,,,,,,,-5,,,,,,,,,-3,,,,,,,,,-1,,,,,,,,,0,,,,,,,,,1,,,,,,,,,3,,,,,,,,,5,,,,,,,,,7,,,,,,,,,,,no_match,no_stac_item,,,,,,,256,128,0,0,0,"B02,B03,B04,B08"
FI_00000100,10060,10060,2024-05-07,61.41234231212037,29.399668855924936,1.7,,,420.0,,14.0,1.8,1.7,7.5,11.800000000000002,,97.0,7.3,4.5,6.8,420.0,,14.0,1.8,0.5,Hiitolanjoki rajav 002,,Rautjärvi,Rautjärvi,River,VHA1,Vuoksen vesienhoitoalue,3.011,Kokkolanjoen a,Suuret kangasmaiden joet,108.0,FI_00000016,10060,2023-03-01,61.41234231212037,29.399668855924936,,,,440.0,,10.0,0.97,S2_FI_00000016,2024-05-08,1,60.460007,44.489601501528,175.846140210308,,,36VUP,S2A_MSIL2A_20240508T094031_R036_T36VUP_20240508T152414,,9.9,13.300000000000002,,93.0,7.3,1.0,0.8000000000000002,440.0,,10.0,0.97,0.5,Hiitolanjoki rajav 002,,Rautjärvi,Rautjärvi,River,VHA1,Vuoksen vesienhoitoalue,3.011,Kokkolanjoen a,Suuret kangasmaiden joet,108.0,no_match,,-7,,,,,,,,,-5,,,,,,,,,-3,,,,,,,,,-1,,,,,,,,,0,,,,,,,,,1,,,,,,,,,3,,,,,,,,,5,,,,,,,,,7,,,,,,,,,,,no_match,no_stac_item,,,,,,,256,128,0,0,0,"B02,B03,B04,B08"
FI_00000101,10060,10060,2024-05-07,61.41234231212037,29.399668855924936,1.7,,,420.0,,14.0,1.8,1.7,7.5,11.800000000000002,,97.0,7.3,4.5,6.8,420.0,,14.0,1.8,0.5,Hiitolanjoki rajav 002,,Rautjärvi,Rautjärvi,River,VHA1,Vuoksen vesienhoitoalue,3.011,Kokkolanjoen a,Suuret kangasmaiden joet,108.0,FI_00000016,10060,2023-03-01,61.41234231212037,29.399668855924936,,,,440.0,,10.0,0.97,S2_FI_00000016,2024-05-08,1,60.460007,44.489601501528,175.846140210308,,,36VUP,S2A_MSIL2A_20240508T094031_R036_T36VUP_20240508T152414,,9.9,13.300000000000002,,93.0,7.3,1.0,0.8000000000000002,440.0,,10.0,0.97,0.5,Hiitolanjoki rajav 002,,Rautjärvi,Rautjärvi,River,VHA1,Vuoksen vesienhoitoalue,3.011,Kokkolanjoen a,Suuret kangasmaiden joet,108.0,no_match,,-7,,,,,,,,,-5,,,,,,,,,-3,,,,,,,,,-1,,,,,,,,,0,,,,,,,,,1,,,,,,,,,3,,,,,,,,,5,,,,,,,,,7,,,,,,,,,,,no_match,no_stac_item,,,,,,,256,128,0,0,0,"B02,B03,B04,B08"
FI_00000102,10060,10060,2024-06-04,61.41234231212037,29.399668855924936,1.9,,,560.0,,28.0,4.3,1.9,8.3,6.900000000000001,,79.0,7.2,4.25,21.85,560.0,,28.0,4.3,0.5,Hiitolanjoki rajav 002,,Rautjärvi,Rautjärvi,River,VHA1,Vuoksen vesienhoitoalue,3.011,Kokkolanjoen a,Suuret kangasmaiden joet,108.0,FI_00000017,10060,2023-03-01,61.41234231212037,29.399668855924936,,,,440.0,,10.0,0.97,S2_FI_00000017,2024-06-04,0,72.996634,39.4201988486304,171.234600551114,,,36VUP,S2A_MSIL2A_20240604T093041_R136_T36VUP_20240604T132445,,9.9,13.300000000000002,,93.0,7.3,1.0,0.8000000000000002,440.0,,10.0,0.97,0.5,Hiitolanjoki rajav 002,,Rautjärvi,Rautjärvi,River,VHA1,Vuoksen vesienhoitoalue,3.011,Kokkolanjoen a,Suuret kangasmaiden joet,108.0,ok,,-7,,,,,,,,,-5,,,,,,,,,-3,,,,,,,,,-1,,,,,,,,,0,,,,,,,,,1,,,,,,,,,3,2024-06-07,0.0,31.196788,S2A_MSIL2A_20240607T094041_R036_T36VUP_20240607T123352,4484.0,4776.0,4488.0,6180.0,5,,,,,,,,,7,,,,,,,,,D:\Water Quality Parameter Estimation\wq_pipeline\artifacts\tolerance_3d\prepared\chips\train\sample_FI_00000102.npz,D:\Water Quality Parameter Estimation\wq_pipeline\artifacts\tolerance_3d\prepared\chips\train\sample_FI_00000102.png,ok,,S2A_MSIL2A_20240607T094041_R036_T36VUP_20240607T123352,2024-06-07,3.0,31.196788,38.9769615793903,0.0,256,128,0,0,9,"B02,B03,B04,B08"
FI_00000103,10060,10060,2024-06-04,61.41234231212037,29.399668855924936,1.9,,,560.0,,28.0,4.3,1.9,8.3,6.900000000000001,,79.0,7.2,4.25,21.85,560.0,,28.0,4.3,0.5,Hiitolanjoki rajav 002,,Rautjärvi,Rautjärvi,River,VHA1,Vuoksen vesienhoitoalue,3.011,Kokkolanjoen a,Suuret kangasmaiden joet,108.0,FI_00000017,10060,2023-03-01,61.41234231212037,29.399668855924936,,,,440.0,,10.0,0.97,S2_FI_00000017,2024-06-04,0,72.996634,39.4201988486304,171.234600551114,,,36VUP,S2A_MSIL2A_20240604T093041_R136_T36VUP_20240604T132445,,9.9,13.300000000000002,,93.0,7.3,1.0,0.8000000000000002,440.0,,10.0,0.97,0.5,Hiitolanjoki rajav 002,,Rautjärvi,Rautjärvi,River,VHA1,Vuoksen vesienhoitoalue,3.011,Kokkolanjoen a,Suuret kangasmaiden joet,108.0,ok,,-7,,,,,,,,,-5,,,,,,,,,-3,,,,,,,,,-1,,,,,,,,,0,,,,,,,,,1,,,,,,,,,3,2024-06-07,0.0,31.196788,S2A_MSIL2A_20240607T094041_R036_T36VUP_20240607T123352,4484.0,4776.0,4488.0,6180.0,5,,,,,,,,,7,,,,,,,,,D:\Water Quality Parameter Estimation\wq_pipeline\artifacts\tolerance_3d\prepared\chips\train\sample_FI_00000103.npz,D:\Water Quality Parameter Estimation\wq_pipeline\artifacts\tolerance_3d\prepared\chips\train\sample_FI_00000103.png,ok,,S2A_MSIL2A_20240607T094041_R036_T36VUP_20240607T123352,2024-06-07,3.0,31.196788,38.9769615793903,0.0,256,128,0,0,9,"B02,B03,B04,B08"
FI_00000104,10060,10060,2024-06-04,61.41234231212037,29.399668855924936,1.9,,,560.0,,28.0,4.3,1.9,8.3,6.900000000000001,,79.0,7.2,4.25,21.85,560.0,,28.0,4.3,0.5,Hiitolanjoki rajav 002,,Rautjärvi,Rautjärvi,River,VHA1,Vuoksen vesienhoitoalue,3.011,Kokkolanjoen a,Suuret kangasmaiden joet,108.0,FI_00000017,10060,2023-03-01,61.41234231212037,29.399668855924936,,,,440.0,,10.0,0.97,S2_FI_00000017,2024-06-04,0,72.996634,39.4201988486304,171.234600551114,,,36VUP,S2A_MSIL2A_20240604T093041_R136_T36VUP_20240604T132445,,9.9,13.300000000000002,,93.0,7.3,1.0,0.8000000000000002,440.0,,10.0,0.97,0.5,Hiitolanjoki rajav 002,,Rautjärvi,Rautjärvi,River,VHA1,Vuoksen vesienhoitoalue,3.011,Kokkolanjoen a,Suuret kangasmaiden joet,108.0,ok,,-7,,,,,,,,,-5,,,,,,,,,-3,,,,,,,,,-1,,,,,,,,,0,,,,,,,,,1,,,,,,,,,3,2024-06-07,0.0,31.196788,S2A_MSIL2A_20240607T094041_R036_T36VUP_20240607T123352,4484.0,4776.0,4488.0,6180.0,5,,,,,,,,,7,,,,,,,,,D:\Water Quality Parameter Estimation\wq_pipeline\artifacts\tolerance_3d\prepared\chips\train\sample_FI_00000104.npz,D:\Water Quality Parameter Estimation\wq_pipeline\artifacts\tolerance_3d\prepared\chips\train\sample_FI_00000104.png,ok,,S2A_MSIL2A_20240607T094041_R036_T36VUP_20240607T123352,2024-06-07,3.0,31.196788,38.9769615793903,0.0,256,128,0,0,9,"B02,B03,B04,B08"
FI_00000105,10060,10060,2024-06-04,61.41234231212037,29.399668855924936,1.9,,,560.0,,28.0,4.3,1.9,8.3,6.900000000000001,,79.0,7.2,4.25,21.85,560.0,,28.0,4.3,0.5,Hiitolanjoki rajav 002,,Rautjärvi,Rautjärvi,River,VHA1,Vuoksen vesienhoitoalue,3.011,Kokkolanjoen a,Suuret kangasmaiden joet,108.0,FI_00000017,10060,2023-03-01,61.41234231212037,29.399668855924936,,,,440.0,,10.0,0.97,S2_FI_00000017,2024-06-04,0,72.996634,39.4201988486304,171.234600551114,,,36VUP,S2A_MSIL2A_20240604T093041_R136_T36VUP_20240604T132445,,9.9,13.300000000000002,,93.0,7.3,1.0,0.8000000000000002,440.0,,10.0,0.97,0.5,Hiitolanjoki rajav 002,,Rautjärvi,Rautjärvi,River,VHA1,Vuoksen vesienhoitoalue,3.011,Kokkolanjoen a,Suuret kangasmaiden joet,108.0,ok,,-7,,,,,,,,,-5,,,,,,,,,-3,,,,,,,,,-1,,,,,,,,,0,,,,,,,,,1,,,,,,,,,3,2024-06-07,0.0,31.196788,S2A_MSIL2A_20240607T094041_R036_T36VUP_20240607T123352,4484.0,4776.0,4488.0,6180.0,5,,,,,,,,,7,,,,,,,,,D:\Water Quality Parameter Estimation\wq_pipeline\artifacts\tolerance_3d\prepared\chips\train\sample_FI_00000105.npz,D:\Water Quality Parameter Estimation\wq_pipeline\artifacts\tolerance_3d\prepared\chips\train\sample_FI_00000105.png,ok,,S2A_MSIL2A_20240607T094041_R036_T36VUP_20240607T123352,2024-06-07,3.0,31.196788,38.9769615793903,0.0,256,128,0,0,9,"B02,B03,B04,B08"
FI_00000106,10060,10060,2024-06-04,61.41234231212037,29.399668855924936,1.9,,,560.0,,28.0,4.3,1.9,8.3,6.900000000000001,,79.0,7.2,4.25,21.85,560.0,,28.0,4.3,0.5,Hiitolanjoki rajav 002,,Rautjärvi,Rautjärvi,River,VHA1,Vuoksen vesienhoitoalue,3.011,Kokkolanjoen a,Suuret kangasmaiden joet,108.0,FI_00000017,10060,2023-03-01,61.41234231212037,29.399668855924936,,,,440.0,,10.0,0.97,S2_FI_00000017,2024-06-04,0,72.996634,39.4201988486304,171.234600551114,,,36VUP,S2A_MSIL2A_20240604T093041_R136_T36VUP_20240604T132445,,9.9,13.300000000000002,,93.0,7.3,1.0,0.8000000000000002,440.0,,10.0,0.97,0.5,Hiitolanjoki rajav 002,,Rautjärvi,Rautjärvi,River,VHA1,Vuoksen vesienhoitoalue,3.011,Kokkolanjoen a,Suuret kangasmaiden joet,108.0,ok,,-7,,,,,,,,,-5,,,,,,,,,-3,,,,,,,,,-1,,,,,,,,,0,,,,,,,,,1,,,,,,,,,3,2024-06-07,0.0,31.196788,S2A_MSIL2A_20240607T094041_R036_T36VUP_20240607T123352,4484.0,4776.0,4488.0,6180.0,5,,,,,,,,,7,,,,,,,,,D:\Water Quality Parameter Estimation\wq_pipeline\artifacts\tolerance_3d\prepared\chips\train\sample_FI_00000106.npz,D:\Water Quality Parameter Estimation\wq_pipeline\artifacts\tolerance_3d\prepared\chips\train\sample_FI_00000106.png,ok,,S2A_MSIL2A_20240607T094041_R036_T36VUP_20240607T123352,2024-06-07,3.0,31.196788,38.9769615793903,0.0,256,128,0,0,9,"B02,B03,B04,B08"
FI_00000107,10060,10060,2024-06-04,61.41234231212037,29.399668855924936,1.9,,,560.0,,28.0,4.3,1.9,8.3,6.900000000000001,,79.0,7.2,4.25,21.85,560.0,,28.0,4.3,0.5,Hiitolanjoki rajav 002,,Rautjärvi,Rautjärvi,River,VHA1,Vuoksen vesienhoitoalue,3.011,Kokkolanjoen a,Suuret kangasmaiden joet,108.0,FI_00000017,10060,2023-03-01,61.41234231212037,29.399668855924936,,,,440.0,,10.0,0.97,S2_FI_00000017,2024-06-04,0,72.996634,39.4201988486304,171.234600551114,,,36VUP,S2A_MSIL2A_20240604T093041_R136_T36VUP_20240604T132445,,9.9,13.300000000000002,,93.0,7.3,1.0,0.8000000000000002,440.0,,10.0,0.97,0.5,Hiitolanjoki rajav 002,,Rautjärvi,Rautjärvi,River,VHA1,Vuoksen vesienhoitoalue,3.011,Kokkolanjoen a,Suuret kangasmaiden joet,108.0,ok,,-7,,,,,,,,,-5,,,,,,,,,-3,,,,,,,,,-1,,,,,,,,,0,,,,,,,,,1,,,,,,,,,3,2024-06-07,0.0,31.196788,S2A_MSIL2A_20240607T094041_R036_T36VUP_20240607T123352,4484.0,4776.0,4488.0,6180.0,5,,,,,,,,,7,,,,,,,,,D:\Water Quality Parameter Estimation\wq_pipeline\artifacts\tolerance_3d\prepared\chips\train\sample_FI_00000107.npz,D:\Water Quality Parameter Estimation\wq_pipeline\artifacts\tolerance_3d\prepared\chips\train\sample_FI_00000107.png,ok,,S2A_MSIL2A_20240607T094041_R036_T36VUP_20240607T123352,2024-06-07,3.0,31.196788,38.9769615793903,0.0,256,128,0,0,9,"B02,B03,B04,B08"
FI_00000108,10060,10060,2024-07-02,61.41234231212037,29.399668855924936,1.8,,,440.0,,16.0,3.0,1.8,9.6,6.900000000000001,,79.0,7.400000000000001,4.8500000000000005,22.3,440.0,,16.0,3.0,0.5,Hiitolanjoki rajav 002,,Rautjärvi,Rautjärvi,River,VHA1,Vuoksen vesienhoitoalue,3.011,Kokkolanjoen a,Suuret kangasmaiden joet,108.0,FI_00000018,10060,2023-04-04,61.41234231212037,29.399668855924936,3.5,,,480.0,,11.0,1.3999999999999997,S2_FI_00000018,2024-07-02,0,54.129487,38.8802200831921,172.710260363885,,,36VUP,S2B_MSIL2A_20240702T093549_R036_T36VUP_20240702T131737,3.5,9.8,13.199999999999998,,94.0,7.3,1.0,1.3,480.0,,11.0,1.3999999999999997,0.3,Hiitolanjoki rajav 002,,Rautjärvi,Rautjärvi,River,VHA1,Vuoksen vesienhoitoalue,3.011,Kokkolanjoen a,Suuret kangasmaiden joet,108.0,ok,,-7,,,,,,,,,-5,2024-06-27,0.0,16.042829,S2A_MSIL2A_20240627T094031_R036_T36VUP_20240627T153439,9976.0,9912.0,10104.0,10328.0,-3,2024-06-29,0.0,26.170674,S2B_MSIL2A_20240629T092559_R136_T36VUP_20240629T122147,1664.0,1832.0,1586.0,4516.0,-1,,,,,,,,,0,,,,,,,,,1,,,,,,,,,3,,,,,,,,,5,,,,,,,,,7,2024-07-09,0.0,24.22636,S2B_MSIL2A_20240709T092549_R136_T36VUP_20240709T131736,1213.0,1210.0,1100.0,1849.0,D:\Water Quality Parameter Estimation\wq_pipeline\artifacts\tolerance_3d\prepared\chips\train\sample_FI_00000108.npz,D:\Water Quality Parameter Estimation\wq_pipeline\artifacts\tolerance_3d\prepared\chips\train\sample_FI_00000108.png,ok,,S2B_MSIL2A_20240629T092559_R136_T36VUP_20240629T122147,2024-06-29,3.0,26.170674,38.8489737040738,0.0,256,128,0,0,9,"B02,B03,B04,B08"
FI_00000109,10060,10060,2024-07-02,61.41234231212037,29.399668855924936,1.8,,,440.0,,16.0,3.0,1.8,9.6,6.900000000000001,,79.0,7.400000000000001,4.8500000000000005,22.3,440.0,,16.0,3.0,0.5,Hiitolanjoki rajav 002,,Rautjärvi,Rautjärvi,River,VHA1,Vuoksen vesienhoitoalue,3.011,Kokkolanjoen a,Suuret kangasmaiden joet,108.0,FI_00000018,10060,2023-04-04,61.41234231212037,29.399668855924936,3.5,,,480.0,,11.0,1.3999999999999997,S2_FI_00000018,2024-07-02,0,54.129487,38.8802200831921,172.710260363885,,,36VUP,S2B_MSIL2A_20240702T093549_R036_T36VUP_20240702T131737,3.5,9.8,13.199999999999998,,94.0,7.3,1.0,1.3,480.0,,11.0,1.3999999999999997,0.3,Hiitolanjoki rajav 002,,Rautjärvi,Rautjärvi,River,VHA1,Vuoksen vesienhoitoalue,3.011,Kokkolanjoen a,Suuret kangasmaiden joet,108.0,ok,,-7,,,,,,,,,-5,2024-06-27,0.0,16.042829,S2A_MSIL2A_20240627T094031_R036_T36VUP_20240627T153439,9976.0,9912.0,10104.0,10328.0,-3,2024-06-29,0.0,26.170674,S2B_MSIL2A_20240629T092559_R136_T36VUP_20240629T122147,1664.0,1832.0,1586.0,4516.0,-1,,,,,,,,,0,,,,,,,,,1,,,,,,,,,3,,,,,,,,,5,,,,,,,,,7,2024-07-09,0.0,24.22636,S2B_MSIL2A_20240709T092549_R136_T36VUP_20240709T131736,1213.0,1210.0,1100.0,1849.0,D:\Water Quality Parameter Estimation\wq_pipeline\artifacts\tolerance_3d\prepared\chips\train\sample_FI_00000109.npz,D:\Water Quality Parameter Estimation\wq_pipeline\artifacts\tolerance_3d\prepared\chips\train\sample_FI_00000109.png,ok,,S2B_MSIL2A_20240629T092559_R136_T36VUP_20240629T122147,2024-06-29,3.0,26.170674,38.8489737040738,0.0,256,128,0,0,9,"B02,B03,B04,B08"
FI_00000110,10060,10060,2024-07-02,61.41234231212037,29.399668855924936,1.8,,,440.0,,16.0,3.0,1.8,9.6,6.900000000000001,,79.0,7.400000000000001,4.8500000000000005,22.3,440.0,,16.0,3.0,0.5,Hiitolanjoki rajav 002,,Rautjärvi,Rautjärvi,River,VHA1,Vuoksen vesienhoitoalue,3.011,Kokkolanjoen a,Suuret kangasmaiden joet,108.0,FI_00000018,10060,2023-04-04,61.41234231212037,29.399668855924936,3.5,,,480.0,,11.0,1.3999999999999997,S2_FI_00000018,2024-07-02,0,54.129487,38.8802200831921,172.710260363885,,,36VUP,S2B_MSIL2A_20240702T093549_R036_T36VUP_20240702T131737,3.5,9.8,13.199999999999998,,94.0,7.3,1.0,1.3,480.0,,11.0,1.3999999999999997,0.3,Hiitolanjoki rajav 002,,Rautjärvi,Rautjärvi,River,VHA1,Vuoksen vesienhoitoalue,3.011,Kokkolanjoen a,Suuret kangasmaiden joet,108.0,ok,,-7,,,,,,,,,-5,2024-06-27,0.0,16.042829,S2A_MSIL2A_20240627T094031_R036_T36VUP_20240627T153439,9976.0,9912.0,10104.0,10328.0,-3,2024-06-29,0.0,26.170674,S2B_MSIL2A_20240629T092559_R136_T36VUP_20240629T122147,1664.0,1832.0,1586.0,4516.0,-1,,,,,,,,,0,,,,,,,,,1,,,,,,,,,3,,,,,,,,,5,,,,,,,,,7,2024-07-09,0.0,24.22636,S2B_MSIL2A_20240709T092549_R136_T36VUP_20240709T131736,1213.0,1210.0,1100.0,1849.0,D:\Water Quality Parameter Estimation\wq_pipeline\artifacts\tolerance_3d\prepared\chips\train\sample_FI_00000110.npz,D:\Water Quality Parameter Estimation\wq_pipeline\artifacts\tolerance_3d\prepared\chips\train\sample_FI_00000110.png,ok,,S2B_MSIL2A_20240629T092559_R136_T36VUP_20240629T122147,2024-06-29,3.0,26.170674,38.8489737040738,0.0,256,128,0,0,9,"B02,B03,B04,B08"
FI_00000111,10060,10060,2024-07-02,61.41234231212037,29.399668855924936,1.8,,,440.0,,16.0,3.0,1.8,9.6,6.900000000000001,,79.0,7.400000000000001,4.8500000000000005,22.3,440.0,,16.0,3.0,0.5,Hiitolanjoki rajav 002,,Rautjärvi,Rautjärvi,River,VHA1,Vuoksen vesienhoitoalue,3.011,Kokkolanjoen a,Suuret kangasmaiden joet,108.0,FI_00000018,10060,2023-04-04,61.41234231212037,29.399668855924936,3.5,,,480.0,,11.0,1.3999999999999997,S2_FI_00000018,2024-07-02,0,54.129487,38.8802200831921,172.710260363885,,,36VUP,S2B_MSIL2A_20240702T093549_R036_T36VUP_20240702T131737,3.5,9.8,13.199999999999998,,94.0,7.3,1.0,1.3,480.0,,11.0,1.3999999999999997,0.3,Hiitolanjoki rajav 002,,Rautjärvi,Rautjärvi,River,VHA1,Vuoksen vesienhoitoalue,3.011,Kokkolanjoen a,Suuret kangasmaiden joet,108.0,ok,,-7,,,,,,,,,-5,2024-06-27,0.0,16.042829,S2A_MSIL2A_20240627T094031_R036_T36VUP_20240627T153439,9976.0,9912.0,10104.0,10328.0,-3,2024-06-29,0.0,26.170674,S2B_MSIL2A_20240629T092559_R136_T36VUP_20240629T122147,1664.0,1832.0,1586.0,4516.0,-1,,,,,,,,,0,,,,,,,,,1,,,,,,,,,3,,,,,,,,,5,,,,,,,,,7,2024-07-09,0.0,24.22636,S2B_MSIL2A_20240709T092549_R136_T36VUP_20240709T131736,1213.0,1210.0,1100.0,1849.0,D:\Water Quality Parameter Estimation\wq_pipeline\artifacts\tolerance_3d\prepared\chips\train\sample_FI_00000111.npz,D:\Water Quality Parameter Estimation\wq_pipeline\artifacts\tolerance_3d\prepared\chips\train\sample_FI_00000111.png,ok,,S2B_MSIL2A_20240629T092559_R136_T36VUP_20240629T122147,2024-06-29,3.0,26.170674,38.8489737040738,0.0,256,128,0,0,9,"B02,B03,B04,B08"
FI_00000112,10060,10060,2024-07-02,61.41234231212037,29.399668855924936,1.8,,,440.0,,16.0,3.0,1.8,9.6,6.900000000000001,,79.0,7.400000000000001,4.8500000000000005,22.3,440.0,,16.0,3.0,0.5,Hiitolanjoki rajav 002,,Rautjärvi,Rautjärvi,River,VHA1,Vuoksen vesienhoitoalue,3.011,Kokkolanjoen a,Suuret kangasmaiden joet,108.0,FI_00000018,10060,2023-04-04,61.41234231212037,29.399668855924936,3.5,,,480.0,,11.0,1.3999999999999997,S2_FI_00000018,2024-07-02,0,54.129487,38.8802200831921,172.710260363885,,,36VUP,S2B_MSIL2A_20240702T093549_R036_T36VUP_20240702T131737,3.5,9.8,13.199999999999998,,94.0,7.3,1.0,1.3,480.0,,11.0,1.3999999999999997,0.3,Hiitolanjoki rajav 002,,Rautjärvi,Rautjärvi,River,VHA1,Vuoksen vesienhoitoalue,3.011,Kokkolanjoen a,Suuret kangasmaiden joet,108.0,ok,,-7,,,,,,,,,-5,2024-06-27,0.0,16.042829,S2A_MSIL2A_20240627T094031_R036_T36VUP_20240627T153439,9976.0,9912.0,10104.0,10328.0,-3,2024-06-29,0.0,26.170674,S2B_MSIL2A_20240629T092559_R136_T36VUP_20240629T122147,1664.0,1832.0,1586.0,4516.0,-1,,,,,,,,,0,,,,,,,,,1,,,,,,,,,3,,,,,,,,,5,,,,,,,,,7,2024-07-09,0.0,24.22636,S2B_MSIL2A_20240709T092549_R136_T36VUP_20240709T131736,1213.0,1210.0,1100.0,1849.0,D:\Water Quality Parameter Estimation\wq_pipeline\artifacts\tolerance_3d\prepared\chips\train\sample_FI_00000112.npz,D:\Water Quality Parameter Estimation\wq_pipeline\artifacts\tolerance_3d\prepared\chips\train\sample_FI_00000112.png,ok,,S2B_MSIL2A_20240629T092559_R136_T36VUP_20240629T122147,2024-06-29,3.0,26.170674,38.8489737040738,0.0,256,128,0,0,9,"B02,B03,B04,B08"
FI_00000113,10060,10060,2024-07-02,61.41234231212037,29.399668855924936,1.8,,,440.0,,16.0,3.0,1.8,9.6,6.900000000000001,,79.0,7.400000000000001,4.8500000000000005,22.3,440.0,,16.0,3.0,0.5,Hiitolanjoki rajav 002,,Rautjärvi,Rautjärvi,River,VHA1,Vuoksen vesienhoitoalue,3.011,Kokkolanjoen a,Suuret kangasmaiden joet,108.0,FI_00000018,10060,2023-04-04,61.41234231212037,29.399668855924936,3.5,,,480.0,,11.0,1.3999999999999997,S2_FI_00000018,2024-07-02,0,54.129487,38.8802200831921,172.710260363885,,,36VUP,S2B_MSIL2A_20240702T093549_R036_T36VUP_20240702T131737,3.5,9.8,13.199999999999998,,94.0,7.3,1.0,1.3,480.0,,11.0,1.3999999999999997,0.3,Hiitolanjoki rajav 002,,Rautjärvi,Rautjärvi,River,VHA1,Vuoksen vesienhoitoalue,3.011,Kokkolanjoen a,Suuret kangasmaiden joet,108.0,ok,,-7,,,,,,,,,-5,2024-06-27,0.0,16.042829,S2A_MSIL2A_20240627T094031_R036_T36VUP_20240627T153439,9976.0,9912.0,10104.0,10328.0,-3,2024-06-29,0.0,26.170674,S2B_MSIL2A_20240629T092559_R136_T36VUP_20240629T122147,1664.0,1832.0,1586.0,4516.0,-1,,,,,,,,,0,,,,,,,,,1,,,,,,,,,3,,,,,,,,,5,,,,,,,,,7,2024-07-09,0.0,24.22636,S2B_MSIL2A_20240709T092549_R136_T36VUP_20240709T131736,1213.0,1210.0,1100.0,1849.0,D:\Water Quality Parameter Estimation\wq_pipeline\artifacts\tolerance_3d\prepared\chips\train\sample_FI_00000113.npz,D:\Water Quality Parameter Estimation\wq_pipeline\artifacts\tolerance_3d\prepared\chips\train\sample_FI_00000113.png,ok,,S2B_MSIL2A_20240629T092559_R136_T36VUP_20240629T122147,2024-06-29,3.0,26.170674,38.8489737040738,0.0,256,128,0,0,9,"B02,B03,B04,B08"
FI_00000114,10060,10060,2024-08-06,61.41234231212037,29.399668855924936,2.2,,,380.0,,16.0,2.6,2.2,10.0,7.2,,82.0,7.400000000000001,3.5500000000000003,21.8,380.0,,16.0,2.6,0.5,Hiitolanjoki rajav 002,,Rautjärvi,Rautjärvi,River,VHA1,Vuoksen vesienhoitoalue,3.011,Kokkolanjoen a,Suuret kangasmaiden joet,108.0,FI_00000019,10060,2023-04-04,61.41234231212037,29.399668855924936,3.5,,,480.0,,11.0,1.3999999999999997,S2_FI_00000019,2024-08-06,0,96.116793,45.373329075886,172.716876594584,,,36VUP,S2A_MSIL2A_20240806T094031_R036_T36VUP_20240806T115350,3.5,9.8,13.199999999999998,,94.0,7.3,1.0,1.3,480.0,,11.0,1.3999999999999997,0.3,Hiitolanjoki rajav 002,,Rautjärvi,Rautjärvi,River,VHA1,Vuoksen vesienhoitoalue,3.011,Kokkolanjoen a,Suuret kangasmaiden joet,108.0,ok,,-7,2024-07-29,1.0,31.016031,S2B_MSIL2A_20240729T092549_R136_T36VUP_20240729T110318,9664.0,9424.0,8816.0,9296.0,-5,,,,,,,,,-3,,,,,,,,,-1,,,,,,,,,0,,,,,,,,,1,2024-08-08,1.0,18.993486,S2B_MSIL2A_20240808T092559_R136_T36VUP_20240808T122517,1317.0,1354.0,1216.0,2494.0,3,2024-08-08,1.0,18.993486,S2B_MSIL2A_20240808T092559_R136_T36VUP_20240808T122517,1317.0,1354.0,1216.0,2494.0,5,,,,,,,,,7,2024-08-13,0.0,22.287282,S2A_MSIL2A_20240813T093031_R136_T35VPJ_20240813T133151,1336.0,1508.0,1345.0,4512.0,D:\Water Quality Parameter Estimation\wq_pipeline\artifacts\tolerance_3d\prepared\chips\train\sample_FI_00000114.npz,D:\Water Quality Parameter Estimation\wq_pipeline\artifacts\tolerance_3d\prepared\chips\train\sample_FI_00000114.png,ok,,S2B_MSIL2A_20240808T092559_R136_T36VUP_20240808T122517,2024-08-08,2.0,18.993486,46.1120001119175,0.0,256,128,0,0,9,"B02,B03,B04,B08"
FI_00000115,10060,10060,2024-08-06,61.41234231212037,29.399668855924936,2.2,,,380.0,,16.0,2.6,2.2,10.0,7.2,,82.0,7.400000000000001,3.5500000000000003,21.8,380.0,,16.0,2.6,0.5,Hiitolanjoki rajav 002,,Rautjärvi,Rautjärvi,River,VHA1,Vuoksen vesienhoitoalue,3.011,Kokkolanjoen a,Suuret kangasmaiden joet,108.0,FI_00000019,10060,2023-04-04,61.41234231212037,29.399668855924936,3.5,,,480.0,,11.0,1.3999999999999997,S2_FI_00000019,2024-08-06,0,96.116793,45.373329075886,172.716876594584,,,36VUP,S2A_MSIL2A_20240806T094031_R036_T36VUP_20240806T115350,3.5,9.8,13.199999999999998,,94.0,7.3,1.0,1.3,480.0,,11.0,1.3999999999999997,0.3,Hiitolanjoki rajav 002,,Rautjärvi,Rautjärvi,River,VHA1,Vuoksen vesienhoitoalue,3.011,Kokkolanjoen a,Suuret kangasmaiden joet,108.0,ok,,-7,2024-07-29,1.0,31.016031,S2B_MSIL2A_20240729T092549_R136_T36VUP_20240729T110318,9664.0,9424.0,8816.0,9296.0,-5,,,,,,,,,-3,,,,,,,,,-1,,,,,,,,,0,,,,,,,,,1,2024-08-08,1.0,18.993486,S2B_MSIL2A_20240808T092559_R136_T36VUP_20240808T122517,1317.0,1354.0,1216.0,2494.0,3,2024-08-08,1.0,18.993486,S2B_MSIL2A_20240808T092559_R136_T36VUP_20240808T122517,1317.0,1354.0,1216.0,2494.0,5,,,,,,,,,7,2024-08-13,0.0,22.287282,S2A_MSIL2A_20240813T093031_R136_T35VPJ_20240813T133151,1336.0,1508.0,1345.0,4512.0,D:\Water Quality Parameter Estimation\wq_pipeline\artifacts\tolerance_3d\prepared\chips\train\sample_FI_00000115.npz,D:\Water Quality Parameter Estimation\wq_pipeline\artifacts\tolerance_3d\prepared\chips\train\sample_FI_00000115.png,ok,,S2B_MSIL2A_20240808T092559_R136_T36VUP_20240808T122517,2024-08-08,2.0,18.993486,46.1120001119175,0.0,256,128,0,0,9,"B02,B03,B04,B08"
FI_00000116,10060,10060,2024-08-06,61.41234231212037,29.399668855924936,2.2,,,380.0,,16.0,2.6,2.2,10.0,7.2,,82.0,7.400000000000001,3.5500000000000003,21.8,380.0,,16.0,2.6,0.5,Hiitolanjoki rajav 002,,Rautjärvi,Rautjärvi,River,VHA1,Vuoksen vesienhoitoalue,3.011,Kokkolanjoen a,Suuret kangasmaiden joet,108.0,FI_00000019,10060,2023-04-04,61.41234231212037,29.399668855924936,3.5,,,480.0,,11.0,1.3999999999999997,S2_FI_00000019,2024-08-06,0,96.116793,45.373329075886,172.716876594584,,,36VUP,S2A_MSIL2A_20240806T094031_R036_T36VUP_20240806T115350,3.5,9.8,13.199999999999998,,94.0,7.3,1.0,1.3,480.0,,11.0,1.3999999999999997,0.3,Hiitolanjoki rajav 002,,Rautjärvi,Rautjärvi,River,VHA1,Vuoksen vesienhoitoalue,3.011,Kokkolanjoen a,Suuret kangasmaiden joet,108.0,ok,,-7,2024-07-29,1.0,31.016031,S2B_MSIL2A_20240729T092549_R136_T36VUP_20240729T110318,9664.0,9424.0,8816.0,9296.0,-5,,,,,,,,,-3,,,,,,,,,-1,,,,,,,,,0,,,,,,,,,1,2024-08-08,1.0,18.993486,S2B_MSIL2A_20240808T092559_R136_T36VUP_20240808T122517,1317.0,1354.0,1216.0,2494.0,3,2024-08-08,1.0,18.993486,S2B_MSIL2A_20240808T092559_R136_T36VUP_20240808T122517,1317.0,1354.0,1216.0,2494.0,5,,,,,,,,,7,2024-08-13,0.0,22.287282,S2A_MSIL2A_20240813T093031_R136_T35VPJ_20240813T133151,1336.0,1508.0,1345.0,4512.0,D:\Water Quality Parameter Estimation\wq_pipeline\artifacts\tolerance_3d\prepared\chips\train\sample_FI_00000116.npz,D:\Water Quality Parameter Estimation\wq_pipeline\artifacts\tolerance_3d\prepared\chips\train\sample_FI_00000116.png,ok,,S2B_MSIL2A_20240808T092559_R136_T36VUP_20240808T122517,2024-08-08,2.0,18.993486,46.1120001119175,0.0,256,128,0,0,9,"B02,B03,B04,B08"
FI_00000117,10060,10060,2024-08-06,61.41234231212037,29.399668855924936,2.2,,,380.0,,16.0,2.6,2.2,10.0,7.2,,82.0,7.400000000000001,3.5500000000000003,21.8,380.0,,16.0,2.6,0.5,Hiitolanjoki rajav 002,,Rautjärvi,Rautjärvi,River,VHA1,Vuoksen vesienhoitoalue,3.011,Kokkolanjoen a,Suuret kangasmaiden joet,108.0,FI_00000019,10060,2023-04-04,61.41234231212037,29.399668855924936,3.5,,,480.0,,11.0,1.3999999999999997,S2_FI_00000019,2024-08-06,0,96.116793,45.373329075886,172.716876594584,,,36VUP,S2A_MSIL2A_20240806T094031_R036_T36VUP_20240806T115350,3.5,9.8,13.199999999999998,,94.0,7.3,1.0,1.3,480.0,,11.0,1.3999999999999997,0.3,Hiitolanjoki rajav 002,,Rautjärvi,Rautjärvi,River,VHA1,Vuoksen vesienhoitoalue,3.011,Kokkolanjoen a,Suuret kangasmaiden joet,108.0,ok,,-7,2024-07-29,1.0,31.016031,S2B_MSIL2A_20240729T092549_R136_T36VUP_20240729T110318,9664.0,9424.0,8816.0,9296.0,-5,,,,,,,,,-3,,,,,,,,,-1,,,,,,,,,0,,,,,,,,,1,2024-08-08,1.0,18.993486,S2B_MSIL2A_20240808T092559_R136_T36VUP_20240808T122517,1317.0,1354.0,1216.0,2494.0,3,2024-08-08,1.0,18.993486,S2B_MSIL2A_20240808T092559_R136_T36VUP_20240808T122517,1317.0,1354.0,1216.0,2494.0,5,,,,,,,,,7,2024-08-13,0.0,22.287282,S2A_MSIL2A_20240813T093031_R136_T35VPJ_20240813T133151,1336.0,1508.0,1345.0,4512.0,D:\Water Quality Parameter Estimation\wq_pipeline\artifacts\tolerance_3d\prepared\chips\train\sample_FI_00000117.npz,D:\Water Quality Parameter Estimation\wq_pipeline\artifacts\tolerance_3d\prepared\chips\train\sample_FI_00000117.png,ok,,S2B_MSIL2A_20240808T092559_R136_T36VUP_20240808T122517,2024-08-08,2.0,18.993486,46.1120001119175,0.0,256,128,0,0,9,"B02,B03,B04,B08"
FI_00000118,10060,10060,2024-08-06,61.41234231212037,29.399668855924936,2.2,,,380.0,,16.0,2.6,2.2,10.0,7.2,,82.0,7.400000000000001,3.5500000000000003,21.8,380.0,,16.0,2.6,0.5,Hiitolanjoki rajav 002,,Rautjärvi,Rautjärvi,River,VHA1,Vuoksen vesienhoitoalue,3.011,Kokkolanjoen a,Suuret kangasmaiden joet,108.0,FI_00000019,10060,2023-04-04,61.41234231212037,29.399668855924936,3.5,,,480.0,,11.0,1.3999999999999997,S2_FI_00000019,2024-08-06,0,96.116793,45.373329075886,172.716876594584,,,36VUP,S2A_MSIL2A_20240806T094031_R036_T36VUP_20240806T115350,3.5,9.8,13.199999999999998,,94.0,7.3,1.0,1.3,480.0,,11.0,1.3999999999999997,0.3,Hiitolanjoki rajav 002,,Rautjärvi,Rautjärvi,River,VHA1,Vuoksen vesienhoitoalue,3.011,Kokkolanjoen a,Suuret kangasmaiden joet,108.0,ok,,-7,2024-07-29,1.0,31.016031,S2B_MSIL2A_20240729T092549_R136_T36VUP_20240729T110318,9664.0,9424.0,8816.0,9296.0,-5,,,,,,,,,-3,,,,,,,,,-1,,,,,,,,,0,,,,,,,,,1,2024-08-08,1.0,18.993486,S2B_MSIL2A_20240808T092559_R136_T36VUP_20240808T122517,1317.0,1354.0,1216.0,2494.0,3,2024-08-08,1.0,18.993486,S2B_MSIL2A_20240808T092559_R136_T36VUP_20240808T122517,1317.0,1354.0,1216.0,2494.0,5,,,,,,,,,7,2024-08-13,0.0,22.287282,S2A_MSIL2A_20240813T093031_R136_T35VPJ_20240813T133151,1336.0,1508.0,1345.0,4512.0,D:\Water Quality Parameter Estimation\wq_pipeline\artifacts\tolerance_3d\prepared\chips\train\sample_FI_00000118.npz,D:\Water Quality Parameter Estimation\wq_pipeline\artifacts\tolerance_3d\prepared\chips\train\sample_FI_00000118.png,ok,,S2B_MSIL2A_20240808T092559_R136_T36VUP_20240808T122517,2024-08-08,2.0,18.993486,46.1120001119175,0.0,256,128,0,0,9,"B02,B03,B04,B08"
FI_00000119,10060,10060,2024-08-06,61.41234231212037,29.399668855924936,2.2,,,380.0,,16.0,2.6,2.2,10.0,7.2,,82.0,7.400000000000001,3.5500000000000003,21.8,380.0,,16.0,2.6,0.5,Hiitolanjoki rajav 002,,Rautjärvi,Rautjärvi,River,VHA1,Vuoksen vesienhoitoalue,3.011,Kokkolanjoen a,Suuret kangasmaiden joet,108.0,FI_00000019,10060,2023-04-04,61.41234231212037,29.399668855924936,3.5,,,480.0,,11.0,1.3999999999999997,S2_FI_00000019,2024-08-06,0,96.116793,45.373329075886,172.716876594584,,,36VUP,S2A_MSIL2A_20240806T094031_R036_T36VUP_20240806T115350,3.5,9.8,13.199999999999998,,94.0,7.3,1.0,1.3,480.0,,11.0,1.3999999999999997,0.3,Hiitolanjoki rajav 002,,Rautjärvi,Rautjärvi,River,VHA1,Vuoksen vesienhoitoalue,3.011,Kokkolanjoen a,Suuret kangasmaiden joet,108.0,ok,,-7,2024-07-29,1.0,31.016031,S2B_MSIL2A_20240729T092549_R136_T36VUP_20240729T110318,9664.0,9424.0,8816.0,9296.0,-5,,,,,,,,,-3,,,,,,,,,-1,,,,,,,,,0,,,,,,,,,1,2024-08-08,1.0,18.993486,S2B_MSIL2A_20240808T092559_R136_T36VUP_20240808T122517,1317.0,1354.0,1216.0,2494.0,3,2024-08-08,1.0,18.993486,S2B_MSIL2A_20240808T092559_R136_T36VUP_20240808T122517,1317.0,1354.0,1216.0,2494.0,5,,,,,,,,,7,2024-08-13,0.0,22.287282,S2A_MSIL2A_20240813T093031_R136_T35VPJ_20240813T133151,1336.0,1508.0,1345.0,4512.0,D:\Water Quality Parameter Estimation\wq_pipeline\artifacts\tolerance_3d\prepared\chips\train\sample_FI_00000119.npz,D:\Water Quality Parameter Estimation\wq_pipeline\artifacts\tolerance_3d\prepared\chips\train\sample_FI_00000119.png,ok,,S2B_MSIL2A_20240808T092559_R136_T36VUP_20240808T122517,2024-08-08,2.0,18.993486,46.1120001119175,0.0,256,128,0,0,9,"B02,B03,B04,B08"
FI_00000120,10060,10060,2024-09-03,61.41234231212037,29.399668855924936,1.8,,,410.0,,24.0,2.0,1.8,11.0,7.7,,83.0,7.599999999999999,3.7000000000000006,19.0,410.0,,24.0,2.0,0.2,Hiitolanjoki rajav 002,,Rautjärvi,Rautjärvi,River,VHA1,Vuoksen vesienhoitoalue,3.011,Kokkolanjoen a,Suuret kangasmaiden joet,108.0,FI_00000020,10060,2023-04-04,61.41234231212037,29.399668855924936,3.5,,,480.0,,11.0,1.3999999999999997,S2_FI_00000020,2024-09-02,1,63.18385,54.252295871139,172.275508080318,,,36VUP,S2A_MSIL2A_20240902T093031_R136_T36VUP_20240902T124949,3.5,9.8,13.199999999999998,,94.0,7.3,1.0,1.3,480.0,,11.0,1.3999999999999997,0.3,Hiitolanjoki rajav 002,,Rautjärvi,Rautjärvi,River,VHA1,Vuoksen vesienhoitoalue,3.011,Kokkolanjoen a,Suuret kangasmaiden joet,108.0,ok,,-7,2024-08-26,1.0,1.828372,S2A_MSIL2A_20240826T094031_R036_T36VUP_20240826T134251,1294.0,1481.0,1321.0,4064.0,-5,,,,,,,,,-3,2024-08-31,0.0,26.614484,S2B_MSIL2A_20240831T093549_R036_T36VUP_20240831T123202,1633.0,1571.0,1400.0,2152.0,-1,,,,,,,,,0,,,,,,,,,1,2024-09-05,1.0,2.207435,S2A_MSIL2A_20240905T094031_R036_T36VUP_20240905T133953,1231.0,1286.0,1185.0,2032.0,3,2024-09-07,1.0,0.543465,S2B_MSIL2A_20240907T093039_R136_T36VUP_20240907T121433,1255.0,1496.0,1345.0,3962.0,5,2024-09-07,1.0,0.543465,S2B_MSIL2A_20240907T093039_R136_T36VUP_20240907T121433,1255.0,1496.0,1345.0,3962.0,7,,,,,,,,,D:\Water Quality Parameter Estimation\wq_pipeline\artifacts\tolerance_3d\prepared\chips\train\sample_FI_00000120.npz,D:\Water Quality Parameter Estimation\wq_pipeline\artifacts\tolerance_3d\prepared\chips\train\sample_FI_00000120.png,ok,,S2A_MSIL2A_20240905T094031_R036_T36VUP_20240905T133953,2024-09-05,2.0,2.207435,55.224857391875,0.0,256,128,0,0,9,"B02,B03,B04,B08"
FI_00000121,10060,10060,2024-09-03,61.41234231212037,29.399668855924936,1.8,,,410.0,,24.0,2.0,1.8,11.0,7.7,,83.0,7.599999999999999,3.7000000000000006,19.0,410.0,,24.0,2.0,0.2,Hiitolanjoki rajav 002,,Rautjärvi,Rautjärvi,River,VHA1,Vuoksen vesienhoitoalue,3.011,Kokkolanjoen a,Suuret kangasmaiden joet,108.0,FI_00000020,10060,2023-04-04,61.41234231212037,29.399668855924936,3.5,,,480.0,,11.0,1.3999999999999997,S2_FI_00000020,2024-09-02,1,63.18385,54.252295871139,172.275508080318,,,36VUP,S2A_MSIL2A_20240902T093031_R136_T36VUP_20240902T124949,3.5,9.8,13.199999999999998,,94.0,7.3,1.0,1.3,480.0,,11.0,1.3999999999999997,0.3,Hiitolanjoki rajav 002,,Rautjärvi,Rautjärvi,River,VHA1,Vuoksen vesienhoitoalue,3.011,Kokkolanjoen a,Suuret kangasmaiden joet,108.0,ok,,-7,2024-08-26,1.0,1.828372,S2A_MSIL2A_20240826T094031_R036_T36VUP_20240826T134251,1294.0,1481.0,1321.0,4064.0,-5,,,,,,,,,-3,2024-08-31,0.0,26.614484,S2B_MSIL2A_20240831T093549_R036_T36VUP_20240831T123202,1633.0,1571.0,1400.0,2152.0,-1,,,,,,,,,0,,,,,,,,,1,2024-09-05,1.0,2.207435,S2A_MSIL2A_20240905T094031_R036_T36VUP_20240905T133953,1231.0,1286.0,1185.0,2032.0,3,2024-09-07,1.0,0.543465,S2B_MSIL2A_20240907T093039_R136_T36VUP_20240907T121433,1255.0,1496.0,1345.0,3962.0,5,2024-09-07,1.0,0.543465,S2B_MSIL2A_20240907T093039_R136_T36VUP_20240907T121433,1255.0,1496.0,1345.0,3962.0,7,,,,,,,,,D:\Water Quality Parameter Estimation\wq_pipeline\artifacts\tolerance_3d\prepared\chips\train\sample_FI_00000121.npz,D:\Water Quality Parameter Estimation\wq_pipeline\artifacts\tolerance_3d\prepared\chips\train\sample_FI_00000121.png,ok,,S2A_MSIL2A_20240905T094031_R036_T36VUP_20240905T133953,2024-09-05,2.0,2.207435,55.224857391875,0.0,256,128,0,0,9,"B02,B03,B04,B08"
FI_00000122,10060,10060,2024-09-03,61.41234231212037,29.399668855924936,1.8,,,410.0,,24.0,2.0,1.8,11.0,7.7,,83.0,7.599999999999999,3.7000000000000006,19.0,410.0,,24.0,2.0,0.2,Hiitolanjoki rajav 002,,Rautjärvi,Rautjärvi,River,VHA1,Vuoksen vesienhoitoalue,3.011,Kokkolanjoen a,Suuret kangasmaiden joet,108.0,FI_00000020,10060,2023-04-04,61.41234231212037,29.399668855924936,3.5,,,480.0,,11.0,1.3999999999999997,S2_FI_00000020,2024-09-02,1,63.18385,54.252295871139,172.275508080318,,,36VUP,S2A_MSIL2A_20240902T093031_R136_T36VUP_20240902T124949,3.5,9.8,13.199999999999998,,94.0,7.3,1.0,1.3,480.0,,11.0,1.3999999999999997,0.3,Hiitolanjoki rajav 002,,Rautjärvi,Rautjärvi,River,VHA1,Vuoksen vesienhoitoalue,3.011,Kokkolanjoen a,Suuret kangasmaiden joet,108.0,ok,,-7,2024-08-26,1.0,1.828372,S2A_MSIL2A_20240826T094031_R036_T36VUP_20240826T134251,1294.0,1481.0,1321.0,4064.0,-5,,,,,,,,,-3,2024-08-31,0.0,26.614484,S2B_MSIL2A_20240831T093549_R036_T36VUP_20240831T123202,1633.0,1571.0,1400.0,2152.0,-1,,,,,,,,,0,,,,,,,,,1,2024-09-05,1.0,2.207435,S2A_MSIL2A_20240905T094031_R036_T36VUP_20240905T133953,1231.0,1286.0,1185.0,2032.0,3,2024-09-07,1.0,0.543465,S2B_MSIL2A_20240907T093039_R136_T36VUP_20240907T121433,1255.0,1496.0,1345.0,3962.0,5,2024-09-07,1.0,0.543465,S2B_MSIL2A_20240907T093039_R136_T36VUP_20240907T121433,1255.0,1496.0,1345.0,3962.0,7,,,,,,,,,D:\Water Quality Parameter Estimation\wq_pipeline\artifacts\tolerance_3d\prepared\chips\train\sample_FI_00000122.npz,D:\Water Quality Parameter Estimation\wq_pipeline\artifacts\tolerance_3d\prepared\chips\train\sample_FI_00000122.png,ok,,S2A_MSIL2A_20240905T094031_R036_T36VUP_20240905T133953,2024-09-05,2.0,2.207435,55.224857391875,0.0,256,128,0,0,9,"B02,B03,B04,B08"
FI_00000123,10060,10060,2024-09-03,61.41234231212037,29.399668855924936,1.8,,,410.0,,24.0,2.0,1.8,11.0,7.7,,83.0,7.599999999999999,3.7000000000000006,19.0,410.0,,24.0,2.0,0.2,Hiitolanjoki rajav 002,,Rautjärvi,Rautjärvi,River,VHA1,Vuoksen vesienhoitoalue,3.011,Kokkolanjoen a,Suuret kangasmaiden joet,108.0,FI_00000020,10060,2023-04-04,61.41234231212037,29.399668855924936,3.5,,,480.0,,11.0,1.3999999999999997,S2_FI_00000020,2024-09-02,1,63.18385,54.252295871139,172.275508080318,,,36VUP,S2A_MSIL2A_20240902T093031_R136_T36VUP_20240902T124949,3.5,9.8,13.199999999999998,,94.0,7.3,1.0,1.3,480.0,,11.0,1.3999999999999997,0.3,Hiitolanjoki rajav 002,,Rautjärvi,Rautjärvi,River,VHA1,Vuoksen vesienhoitoalue,3.011,Kokkolanjoen a,Suuret kangasmaiden joet,108.0,ok,,-7,2024-08-26,1.0,1.828372,S2A_MSIL2A_20240826T094031_R036_T36VUP_20240826T134251,1294.0,1481.0,1321.0,4064.0,-5,,,,,,,,,-3,2024-08-31,0.0,26.614484,S2B_MSIL2A_20240831T093549_R036_T36VUP_20240831T123202,1633.0,1571.0,1400.0,2152.0,-1,,,,,,,,,0,,,,,,,,,1,2024-09-05,1.0,2.207435,S2A_MSIL2A_20240905T094031_R036_T36VUP_20240905T133953,1231.0,1286.0,1185.0,2032.0,3,2024-09-07,1.0,0.543465,S2B_MSIL2A_20240907T093039_R136_T36VUP_20240907T121433,1255.0,1496.0,1345.0,3962.0,5,2024-09-07,1.0,0.543465,S2B_MSIL2A_20240907T093039_R136_T36VUP_20240907T121433,1255.0,1496.0,1345.0,3962.0,7,,,,,,,,,D:\Water Quality Parameter Estimation\wq_pipeline\artifacts\tolerance_3d\prepared\chips\train\sample_FI_00000123.npz,D:\Water Quality Parameter Estimation\wq_pipeline\artifacts\tolerance_3d\prepared\chips\train\sample_FI_00000123.png,ok,,S2A_MSIL2A_20240905T094031_R036_T36VUP_20240905T133953,2024-09-05,2.0,2.207435,55.224857391875,0.0,256,128,0,0,9,"B02,B03,B04,B08"
FI_00000124,10060,10060,2024-09-03,61.41234231212037,29.399668855924936,1.8,,,410.0,,24.0,2.0,1.8,11.0,7.7,,83.0,7.599999999999999,3.7000000000000006,19.0,410.0,,24.0,2.0,0.2,Hiitolanjoki rajav 002,,Rautjärvi,Rautjärvi,River,VHA1,Vuoksen vesienhoitoalue,3.011,Kokkolanjoen a,Suuret kangasmaiden joet,108.0,FI_00000020,10060,2023-04-04,61.41234231212037,29.399668855924936,3.5,,,480.0,,11.0,1.3999999999999997,S2_FI_00000020,2024-09-02,1,63.18385,54.252295871139,172.275508080318,,,36VUP,S2A_MSIL2A_20240902T093031_R136_T36VUP_20240902T124949,3.5,9.8,13.199999999999998,,94.0,7.3,1.0,1.3,480.0,,11.0,1.3999999999999997,0.3,Hiitolanjoki rajav 002,,Rautjärvi,Rautjärvi,River,VHA1,Vuoksen vesienhoitoalue,3.011,Kokkolanjoen a,Suuret kangasmaiden joet,108.0,ok,,-7,2024-08-26,1.0,1.828372,S2A_MSIL2A_20240826T094031_R036_T36VUP_20240826T134251,1294.0,1481.0,1321.0,4064.0,-5,,,,,,,,,-3,2024-08-31,0.0,26.614484,S2B_MSIL2A_20240831T093549_R036_T36VUP_20240831T123202,1633.0,1571.0,1400.0,2152.0,-1,,,,,,,,,0,,,,,,,,,1,2024-09-05,1.0,2.207435,S2A_MSIL2A_20240905T094031_R036_T36VUP_20240905T133953,1231.0,1286.0,1185.0,2032.0,3,2024-09-07,1.0,0.543465,S2B_MSIL2A_20240907T093039_R136_T36VUP_20240907T121433,1255.0,1496.0,1345.0,3962.0,5,2024-09-07,1.0,0.543465,S2B_MSIL2A_20240907T093039_R136_T36VUP_20240907T121433,1255.0,1496.0,1345.0,3962.0,7,,,,,,,,,D:\Water Quality Parameter Estimation\wq_pipeline\artifacts\tolerance_3d\prepared\chips\train\sample_FI_00000124.npz,D:\Water Quality Parameter Estimation\wq_pipeline\artifacts\tolerance_3d\prepared\chips\train\sample_FI_00000124.png,ok,,S2A_MSIL2A_20240905T094031_R036_T36VUP_20240905T133953,2024-09-05,2.0,2.207435,55.224857391875,0.0,256,128,0,0,9,"B02,B03,B04,B08"
FI_00000125,10060,10060,2024-09-03,61.41234231212037,29.399668855924936,1.8,,,410.0,,24.0,2.0,1.8,11.0,7.7,,83.0,7.599999999999999,3.7000000000000006,19.0,410.0,,24.0,2.0,0.2,Hiitolanjoki rajav 002,,Rautjärvi,Rautjärvi,River,VHA1,Vuoksen vesienhoitoalue,3.011,Kokkolanjoen a,Suuret kangasmaiden joet,108.0,FI_00000020,10060,2023-04-04,61.41234231212037,29.399668855924936,3.5,,,480.0,,11.0,1.3999999999999997,S2_FI_00000020,2024-09-02,1,63.18385,54.252295871139,172.275508080318,,,36VUP,S2A_MSIL2A_20240902T093031_R136_T36VUP_20240902T124949,3.5,9.8,13.199999999999998,,94.0,7.3,1.0,1.3,480.0,,11.0,1.3999999999999997,0.3,Hiitolanjoki rajav 002,,Rautjärvi,Rautjärvi,River,VHA1,Vuoksen vesienhoitoalue,3.011,Kokkolanjoen a,Suuret kangasmaiden joet,108.0,ok,,-7,2024-08-26,1.0,1.828372,S2A_MSIL2A_20240826T094031_R036_T36VUP_20240826T134251,1294.0,1481.0,1321.0,4064.0,-5,,,,,,,,,-3,2024-08-31,0.0,26.614484,S2B_MSIL2A_20240831T093549_R036_T36VUP_20240831T123202,1633.0,1571.0,1400.0,2152.0,-1,,,,,,,,,0,,,,,,,,,1,2024-09-05,1.0,2.207435,S2A_MSIL2A_20240905T094031_R036_T36VUP_20240905T133953,1231.0,1286.0,1185.0,2032.0,3,2024-09-07,1.0,0.543465,S2B_MSIL2A_20240907T093039_R136_T36VUP_20240907T121433,1255.0,1496.0,1345.0,3962.0,5,2024-09-07,1.0,0.543465,S2B_MSIL2A_20240907T093039_R136_T36VUP_20240907T121433,1255.0,1496.0,1345.0,3962.0,7,,,,,,,,,D:\Water Quality Parameter Estimation\wq_pipeline\artifacts\tolerance_3d\prepared\chips\train\sample_FI_00000125.npz,D:\Water Quality Parameter Estimation\wq_pipeline\artifacts\tolerance_3d\prepared\chips\train\sample_FI_00000125.png,ok,,S2A_MSIL2A_20240905T094031_R036_T36VUP_20240905T133953,2024-09-05,2.0,2.207435,55.224857391875,0.0,256,128,0,0,9,"B02,B03,B04,B08"
FI_00000126,10060,10060,2024-10-01,61.41234231212037,29.399668855924936,1.8,,,410.0,,17.0,2.1,1.8,11.0,9.3,,87.0,7.400000000000001,1.7,12.199999999999998,410.0,,17.0,2.1,0.3,Hiitolanjoki rajav 002,,Rautjärvi,Rautjärvi,River,VHA1,Vuoksen vesienhoitoalue,3.011,Kokkolanjoen a,Suuret kangasmaiden joet,108.0,FI_00000021,10060,2023-04-04,61.41234231212037,29.399668855924936,3.5,,,480.0,,11.0,1.3999999999999997,S2_FI_00000021,2024-09-30,1,0.456575,64.7882043387046,178.460586922937,,,36VUP,S2B_MSIL2A_20240930T094029_R036_T36VUP_20240930T125406,3.5,9.8,13.199999999999998,,94.0,7.3,1.0,1.3,480.0,,11.0,1.3999999999999997,0.3,Hiitolanjoki rajav 002,,Rautjärvi,Rautjärvi,River,VHA1,Vuoksen vesienhoitoalue,3.011,Kokkolanjoen a,Suuret kangasmaiden joet,108.0,ok,,-7,2024-09-25,1.0,17.976613,S2A_MSIL2A_20240925T094031_R036_T35VPJ_20240925T131054,1386.0,1564.0,1521.0,3764.0,-5,2024-09-25,1.0,17.976613,S2A_MSIL2A_20240925T094031_R036_T35VPJ_20240925T131054,1386.0,1564.0,1521.0,3764.0,-3,,,,,,,,,-1,2024-09-30,0.0,0.316639,S2B_MSIL2A_20240930T094029_R036_T35VPJ_20240930T125406,1171.0,1386.0,1331.0,3668.0,0,2024-09-30,1.0,0.316639,S2B_MSIL2A_20240930T094029_R036_T35VPJ_20240930T125406,1171.0,1386.0,1331.0,3668.0,1,,,,,,,,,3,2024-10-05,1.0,4.743556,S2A_MSIL2A_20241005T094031_R036_T36VUP_20241005T125814,1155.0,1394.0,1316.0,3696.0,5,2024-10-05,1.0,4.743556,S2A_MSIL2A_20241005T094031_R036_T36VUP_20241005T125814,1155.0,1394.0,1316.0,3696.0,7,,,,,,,,,D:\Water Quality Parameter Estimation\wq_pipeline\artifacts\tolerance_3d\prepared\chips\train\sample_FI_00000126.npz,D:\Water Quality Parameter Estimation\wq_pipeline\artifacts\tolerance_3d\prepared\chips\train\sample_FI_00000126.png,ok,,S2B_MSIL2A_20240930T094029_R036_T35VPJ_20240930T125406,2024-09-30,1.0,0.316639,64.7888599183732,3.814697265625e-06,256,128,0,0,9,"B02,B03,B04,B08"
FI_00000127,10060,10060,2024-10-01,61.41234231212037,29.399668855924936,1.8,,,410.0,,17.0,2.1,1.8,11.0,9.3,,87.0,7.400000000000001,1.7,12.199999999999998,410.0,,17.0,2.1,0.3,Hiitolanjoki rajav 002,,Rautjärvi,Rautjärvi,River,VHA1,Vuoksen vesienhoitoalue,3.011,Kokkolanjoen a,Suuret kangasmaiden joet,108.0,FI_00000021,10060,2023-04-04,61.41234231212037,29.399668855924936,3.5,,,480.0,,11.0,1.3999999999999997,S2_FI_00000021,2024-09-30,1,0.456575,64.7882043387046,178.460586922937,,,36VUP,S2B_MSIL2A_20240930T094029_R036_T36VUP_20240930T125406,3.5,9.8,13.199999999999998,,94.0,7.3,1.0,1.3,480.0,,11.0,1.3999999999999997,0.3,Hiitolanjoki rajav 002,,Rautjärvi,Rautjärvi,River,VHA1,Vuoksen vesienhoitoalue,3.011,Kokkolanjoen a,Suuret kangasmaiden joet,108.0,ok,,-7,2024-09-25,1.0,17.976613,S2A_MSIL2A_20240925T094031_R036_T35VPJ_20240925T131054,1386.0,1564.0,1521.0,3764.0,-5,2024-09-25,1.0,17.976613,S2A_MSIL2A_20240925T094031_R036_T35VPJ_20240925T131054,1386.0,1564.0,1521.0,3764.0,-3,,,,,,,,,-1,2024-09-30,0.0,0.316639,S2B_MSIL2A_20240930T094029_R036_T35VPJ_20240930T125406,1171.0,1386.0,1331.0,3668.0,0,2024-09-30,1.0,0.316639,S2B_MSIL2A_20240930T094029_R036_T35VPJ_20240930T125406,1171.0,1386.0,1331.0,3668.0,1,,,,,,,,,3,2024-10-05,1.0,4.743556,S2A_MSIL2A_20241005T094031_R036_T36VUP_20241005T125814,1155.0,1394.0,1316.0,3696.0,5,2024-10-05,1.0,4.743556,S2A_MSIL2A_20241005T094031_R036_T36VUP_20241005T125814,1155.0,1394.0,1316.0,3696.0,7,,,,,,,,,D:\Water Quality Parameter Estimation\wq_pipeline\artifacts\tolerance_3d\prepared\chips\train\sample_FI_00000127.npz,D:\Water Quality Parameter Estimation\wq_pipeline\artifacts\tolerance_3d\prepared\chips\train\sample_FI_00000127.png,ok,,S2B_MSIL2A_20240930T094029_R036_T35VPJ_20240930T125406,2024-09-30,1.0,0.316639,64.7888599183732,3.814697265625e-06,256,128,0,0,9,"B02,B03,B04,B08"
FI_00000128,10060,10060,2024-10-01,61.41234231212037,29.399668855924936,1.8,,,410.0,,17.0,2.1,1.8,11.0,9.3,,87.0,7.400000000000001,1.7,12.199999999999998,410.0,,17.0,2.1,0.3,Hiitolanjoki rajav 002,,Rautjärvi,Rautjärvi,River,VHA1,Vuoksen vesienhoitoalue,3.011,Kokkolanjoen a,Suuret kangasmaiden joet,108.0,FI_00000021,10060,2023-04-04,61.41234231212037,29.399668855924936,3.5,,,480.0,,11.0,1.3999999999999997,S2_FI_00000021,2024-09-30,1,0.456575,64.7882043387046,178.460586922937,,,36VUP,S2B_MSIL2A_20240930T094029_R036_T36VUP_20240930T125406,3.5,9.8,13.199999999999998,,94.0,7.3,1.0,1.3,480.0,,11.0,1.3999999999999997,0.3,Hiitolanjoki rajav 002,,Rautjärvi,Rautjärvi,River,VHA1,Vuoksen vesienhoitoalue,3.011,Kokkolanjoen a,Suuret kangasmaiden joet,108.0,ok,,-7,2024-09-25,1.0,17.976613,S2A_MSIL2A_20240925T094031_R036_T35VPJ_20240925T131054,1386.0,1564.0,1521.0,3764.0,-5,2024-09-25,1.0,17.976613,S2A_MSIL2A_20240925T094031_R036_T35VPJ_20240925T131054,1386.0,1564.0,1521.0,3764.0,-3,,,,,,,,,-1,2024-09-30,0.0,0.316639,S2B_MSIL2A_20240930T094029_R036_T35VPJ_20240930T125406,1171.0,1386.0,1331.0,3668.0,0,2024-09-30,1.0,0.316639,S2B_MSIL2A_20240930T094029_R036_T35VPJ_20240930T125406,1171.0,1386.0,1331.0,3668.0,1,,,,,,,,,3,2024-10-05,1.0,4.743556,S2A_MSIL2A_20241005T094031_R036_T36VUP_20241005T125814,1155.0,1394.0,1316.0,3696.0,5,2024-10-05,1.0,4.743556,S2A_MSIL2A_20241005T094031_R036_T36VUP_20241005T125814,1155.0,1394.0,1316.0,3696.0,7,,,,,,,,,D:\Water Quality Parameter Estimation\wq_pipeline\artifacts\tolerance_3d\prepared\chips\train\sample_FI_00000128.npz,D:\Water Quality Parameter Estimation\wq_pipeline\artifacts\tolerance_3d\prepared\chips\train\sample_FI_00000128.png,ok,,S2B_MSIL2A_20240930T094029_R036_T35VPJ_20240930T125406,2024-09-30,1.0,0.316639,64.7888599183732,3.814697265625e-06,256,128,0,0,9,"B02,B03,B04,B08"
FI_00000129,10060,10060,2024-10-01,61.41234231212037,29.399668855924936,1.8,,,410.0,,17.0,2.1,1.8,11.0,9.3,,87.0,7.400000000000001,1.7,12.199999999999998,410.0,,17.0,2.1,0.3,Hiitolanjoki rajav 002,,Rautjärvi,Rautjärvi,River,VHA1,Vuoksen vesienhoitoalue,3.011,Kokkolanjoen a,Suuret kangasmaiden joet,108.0,FI_00000021,10060,2023-04-04,61.41234231212037,29.399668855924936,3.5,,,480.0,,11.0,1.3999999999999997,S2_FI_00000021,2024-09-30,1,0.456575,64.7882043387046,178.460586922937,,,36VUP,S2B_MSIL2A_20240930T094029_R036_T36VUP_20240930T125406,3.5,9.8,13.199999999999998,,94.0,7.3,1.0,1.3,480.0,,11.0,1.3999999999999997,0.3,Hiitolanjoki rajav 002,,Rautjärvi,Rautjärvi,River,VHA1,Vuoksen vesienhoitoalue,3.011,Kokkolanjoen a,Suuret kangasmaiden joet,108.0,ok,,-7,2024-09-25,1.0,17.976613,S2A_MSIL2A_20240925T094031_R036_T35VPJ_20240925T131054,1386.0,1564.0,1521.0,3764.0,-5,2024-09-25,1.0,17.976613,S2A_MSIL2A_20240925T094031_R036_T35VPJ_20240925T131054,1386.0,1564.0,1521.0,3764.0,-3,,,,,,,,,-1,2024-09-30,0.0,0.316639,S2B_MSIL2A_20240930T094029_R036_T35VPJ_20240930T125406,1171.0,1386.0,1331.0,3668.0,0,2024-09-30,1.0,0.316639,S2B_MSIL2A_20240930T094029_R036_T35VPJ_20240930T125406,1171.0,1386.0,1331.0,3668.0,1,,,,,,,,,3,2024-10-05,1.0,4.743556,S2A_MSIL2A_20241005T094031_R036_T36VUP_20241005T125814,1155.0,1394.0,1316.0,3696.0,5,2024-10-05,1.0,4.743556,S2A_MSIL2A_20241005T094031_R036_T36VUP_20241005T125814,1155.0,1394.0,1316.0,3696.0,7,,,,,,,,,D:\Water Quality Parameter Estimation\wq_pipeline\artifacts\tolerance_3d\prepared\chips\train\sample_FI_00000129.npz,D:\Water Quality Parameter Estimation\wq_pipeline\artifacts\tolerance_3d\prepared\chips\train\sample_FI_00000129.png,ok,,S2B_MSIL2A_20240930T094029_R036_T35VPJ_20240930T125406,2024-09-30,1.0,0.316639,64.7888599183732,3.814697265625e-06,256,128,0,0,9,"B02,B03,B04,B08"
FI_00000130,10060,10060,2024-10-01,61.41234231212037,29.399668855924936,1.8,,,410.0,,17.0,2.1,1.8,11.0,9.3,,87.0,7.400000000000001,1.7,12.199999999999998,410.0,,17.0,2.1,0.3,Hiitolanjoki rajav 002,,Rautjärvi,Rautjärvi,River,VHA1,Vuoksen vesienhoitoalue,3.011,Kokkolanjoen a,Suuret kangasmaiden joet,108.0,FI_00000021,10060,2023-04-04,61.41234231212037,29.399668855924936,3.5,,,480.0,,11.0,1.3999999999999997,S2_FI_00000021,2024-09-30,1,0.456575,64.7882043387046,178.460586922937,,,36VUP,S2B_MSIL2A_20240930T094029_R036_T36VUP_20240930T125406,3.5,9.8,13.199999999999998,,94.0,7.3,1.0,1.3,480.0,,11.0,1.3999999999999997,0.3,Hiitolanjoki rajav 002,,Rautjärvi,Rautjärvi,River,VHA1,Vuoksen vesienhoitoalue,3.011,Kokkolanjoen a,Suuret kangasmaiden joet,108.0,ok,,-7,2024-09-25,1.0,17.976613,S2A_MSIL2A_20240925T094031_R036_T35VPJ_20240925T131054,1386.0,1564.0,1521.0,3764.0,-5,2024-09-25,1.0,17.976613,S2A_MSIL2A_20240925T094031_R036_T35VPJ_20240925T131054,1386.0,1564.0,1521.0,3764.0,-3,,,,,,,,,-1,2024-09-30,0.0,0.316639,S2B_MSIL2A_20240930T094029_R036_T35VPJ_20240930T125406,1171.0,1386.0,1331.0,3668.0,0,2024-09-30,1.0,0.316639,S2B_MSIL2A_20240930T094029_R036_T35VPJ_20240930T125406,1171.0,1386.0,1331.0,3668.0,1,,,,,,,,,3,2024-10-05,1.0,4.743556,S2A_MSIL2A_20241005T094031_R036_T36VUP_20241005T125814,1155.0,1394.0,1316.0,3696.0,5,2024-10-05,1.0,4.743556,S2A_MSIL2A_20241005T094031_R036_T36VUP_20241005T125814,1155.0,1394.0,1316.0,3696.0,7,,,,,,,,,D:\Water Quality Parameter Estimation\wq_pipeline\artifacts\tolerance_3d\prepared\chips\train\sample_FI_00000130.npz,D:\Water Quality Parameter Estimation\wq_pipeline\artifacts\tolerance_3d\prepared\chips\train\sample_FI_00000130.png,ok,,S2B_MSIL2A_20240930T094029_R036_T35VPJ_20240930T125406,2024-09-30,1.0,0.316639,64.7888599183732,3.814697265625e-06,256,128,0,0,9,"B02,B03,B04,B08"
FI_00000131,10060,10060,2024-10-01,61.41234231212037,29.399668855924936,1.8,,,410.0,,17.0,2.1,1.8,11.0,9.3,,87.0,7.400000000000001,1.7,12.199999999999998,410.0,,17.0,2.1,0.3,Hiitolanjoki rajav 002,,Rautjärvi,Rautjärvi,River,VHA1,Vuoksen vesienhoitoalue,3.011,Kokkolanjoen a,Suuret kangasmaiden joet,108.0,FI_00000021,10060,2023-04-04,61.41234231212037,29.399668855924936,3.5,,,480.0,,11.0,1.3999999999999997,S2_FI_00000021,2024-09-30,1,0.456575,64.7882043387046,178.460586922937,,,36VUP,S2B_MSIL2A_20240930T094029_R036_T36VUP_20240930T125406,3.5,9.8,13.199999999999998,,94.0,7.3,1.0,1.3,480.0,,11.0,1.3999999999999997,0.3,Hiitolanjoki rajav 002,,Rautjärvi,Rautjärvi,River,VHA1,Vuoksen vesienhoitoalue,3.011,Kokkolanjoen a,Suuret kangasmaiden joet,108.0,ok,,-7,2024-09-25,1.0,17.976613,S2A_MSIL2A_20240925T094031_R036_T35VPJ_20240925T131054,1386.0,1564.0,1521.0,3764.0,-5,2024-09-25,1.0,17.976613,S2A_MSIL2A_20240925T094031_R036_T35VPJ_20240925T131054,1386.0,1564.0,1521.0,3764.0,-3,,,,,,,,,-1,2024-09-30,0.0,0.316639,S2B_MSIL2A_20240930T094029_R036_T35VPJ_20240930T125406,1171.0,1386.0,1331.0,3668.0,0,2024-09-30,1.0,0.316639,S2B_MSIL2A_20240930T094029_R036_T35VPJ_20240930T125406,1171.0,1386.0,1331.0,3668.0,1,,,,,,,,,3,2024-10-05,1.0,4.743556,S2A_MSIL2A_20241005T094031_R036_T36VUP_20241005T125814,1155.0,1394.0,1316.0,3696.0,5,2024-10-05,1.0,4.743556,S2A_MSIL2A_20241005T094031_R036_T36VUP_20241005T125814,1155.0,1394.0,1316.0,3696.0,7,,,,,,,,,D:\Water Quality Parameter Estimation\wq_pipeline\artifacts\tolerance_3d\prepared\chips\train\sample_FI_00000131.npz,D:\Water Quality Parameter Estimation\wq_pipeline\artifacts\tolerance_3d\prepared\chips\train\sample_FI_00000131.png,ok,,S2B_MSIL2A_20240930T094029_R036_T35VPJ_20240930T125406,2024-09-30,1.0,0.316639,64.7888599183732,3.814697265625e-06,256,128,0,0,9,"B02,B03,B04,B08"
FI_00000132,10060,10060,2024-11-06,61.41234231212037,29.399668855924936,,,,540.0,,15.0,1.9,,11.0,11.800000000000002,,90.0,7.5,1.9,3.9,540.0,,15.0,1.9,0.2,Hiitolanjoki rajav 002,,Rautjärvi,Rautjärvi,River,VHA1,Vuoksen vesienhoitoalue,3.011,Kokkolanjoen a,Suuret kangasmaiden joet,108.0,FI_00000022,10060,2023-04-04,61.41234231212037,29.399668855924936,3.5,,,480.0,,11.0,1.3999999999999997,S2_FI_00000022,2024-11-06,0,100.0,77.9159188554642,177.678959482762,,,36VUP,S2B_MSIL2A_20241106T093059_R136_T36VUP_20241106T110328,3.5,9.8,13.199999999999998,,94.0,7.3,1.0,1.3,480.0,,11.0,1.3999999999999997,0.3,Hiitolanjoki rajav 002,,Rautjärvi,Rautjärvi,River,VHA1,Vuoksen vesienhoitoalue,3.011,Kokkolanjoen a,Suuret kangasmaiden joet,108.0,ok,,-7,,,,,,,,,-5,,,,,,,,,-3,2024-11-04,1.0,5.582755,S2A_MSIL2A_20241104T094151_R036_T36VUP_20241104T105348,1576.0,1366.0,1522.0,3180.0,-1,2024-11-04,1.0,5.582755,S2A_MSIL2A_20241104T094151_R036_T36VUP_20241104T105348,1576.0,1366.0,1522.0,3180.0,0,,,,,,,,,1,,,,,,,,,3,,,,,,,,,5,,,,,,,,,7,,,,,,,,,D:\Water Quality Parameter Estimation\wq_pipeline\artifacts\tolerance_3d\prepared\chips\train\sample_FI_00000132.npz,D:\Water Quality Parameter Estimation\wq_pipeline\artifacts\tolerance_3d\prepared\chips\train\sample_FI_00000132.png,ok,,S2A_MSIL2A_20241104T094151_R036_T36VUP_20241104T105348,2024-11-04,2.0,5.582755,77.293464900998,0.0,256,128,0,0,9,"B02,B03,B04,B08"
FI_00000133,10060,10060,2024-11-06,61.41234231212037,29.399668855924936,,,,540.0,,15.0,1.9,,11.0,11.800000000000002,,90.0,7.5,1.9,3.9,540.0,,15.0,1.9,0.2,Hiitolanjoki rajav 002,,Rautjärvi,Rautjärvi,River,VHA1,Vuoksen vesienhoitoalue,3.011,Kokkolanjoen a,Suuret kangasmaiden joet,108.0,FI_00000022,10060,2023-04-04,61.41234231212037,29.399668855924936,3.5,,,480.0,,11.0,1.3999999999999997,S2_FI_00000022,2024-11-06,0,100.0,77.9159188554642,177.678959482762,,,36VUP,S2B_MSIL2A_20241106T093059_R136_T36VUP_20241106T110328,3.5,9.8,13.199999999999998,,94.0,7.3,1.0,1.3,480.0,,11.0,1.3999999999999997,0.3,Hiitolanjoki rajav 002,,Rautjärvi,Rautjärvi,River,VHA1,Vuoksen vesienhoitoalue,3.011,Kokkolanjoen a,Suuret kangasmaiden joet,108.0,ok,,-7,,,,,,,,,-5,,,,,,,,,-3,2024-11-04,1.0,5.582755,S2A_MSIL2A_20241104T094151_R036_T36VUP_20241104T105348,1576.0,1366.0,1522.0,3180.0,-1,2024-11-04,1.0,5.582755,S2A_MSIL2A_20241104T094151_R036_T36VUP_20241104T105348,1576.0,1366.0,1522.0,3180.0,0,,,,,,,,,1,,,,,,,,,3,,,,,,,,,5,,,,,,,,,7,,,,,,,,,D:\Water Quality Parameter Estimation\wq_pipeline\artifacts\tolerance_3d\prepared\chips\train\sample_FI_00000133.npz,D:\Water Quality Parameter Estimation\wq_pipeline\artifacts\tolerance_3d\prepared\chips\train\sample_FI_00000133.png,ok,,S2A_MSIL2A_20241104T094151_R036_T36VUP_20241104T105348,2024-11-04,2.0,5.582755,77.293464900998,0.0,256,128,0,0,9,"B02,B03,B04,B08"
FI_00000134,10060,10060,2024-11-06,61.41234231212037,29.399668855924936,,,,540.0,,15.0,1.9,,11.0,11.800000000000002,,90.0,7.5,1.9,3.9,540.0,,15.0,1.9,0.2,Hiitolanjoki rajav 002,,Rautjärvi,Rautjärvi,River,VHA1,Vuoksen vesienhoitoalue,3.011,Kokkolanjoen a,Suuret kangasmaiden joet,108.0,FI_00000022,10060,2023-04-04,61.41234231212037,29.399668855924936,3.5,,,480.0,,11.0,1.3999999999999997,S2_FI_00000022,2024-11-06,0,100.0,77.9159188554642,177.678959482762,,,36VUP,S2B_MSIL2A_20241106T093059_R136_T36VUP_20241106T110328,3.5,9.8,13.199999999999998,,94.0,7.3,1.0,1.3,480.0,,11.0,1.3999999999999997,0.3,Hiitolanjoki rajav 002,,Rautjärvi,Rautjärvi,River,VHA1,Vuoksen vesienhoitoalue,3.011,Kokkolanjoen a,Suuret kangasmaiden joet,108.0,ok,,-7,,,,,,,,,-5,,,,,,,,,-3,2024-11-04,1.0,5.582755,S2A_MSIL2A_20241104T094151_R036_T36VUP_20241104T105348,1576.0,1366.0,1522.0,3180.0,-1,2024-11-04,1.0,5.582755,S2A_MSIL2A_20241104T094151_R036_T36VUP_20241104T105348,1576.0,1366.0,1522.0,3180.0,0,,,,,,,,,1,,,,,,,,,3,,,,,,,,,5,,,,,,,,,7,,,,,,,,,D:\Water Quality Parameter Estimation\wq_pipeline\artifacts\tolerance_3d\prepared\chips\train\sample_FI_00000134.npz,D:\Water Quality Parameter Estimation\wq_pipeline\artifacts\tolerance_3d\prepared\chips\train\sample_FI_00000134.png,ok,,S2A_MSIL2A_20241104T094151_R036_T36VUP_20241104T105348,2024-11-04,2.0,5.582755,77.293464900998,0.0,256,128,0,0,9,"B02,B03,B04,B08"
FI_00000135,10060,10060,2024-11-06,61.41234231212037,29.399668855924936,,,,540.0,,15.0,1.9,,11.0,11.800000000000002,,90.0,7.5,1.9,3.9,540.0,,15.0,1.9,0.2,Hiitolanjoki rajav 002,,Rautjärvi,Rautjärvi,River,VHA1,Vuoksen vesienhoitoalue,3.011,Kokkolanjoen a,Suuret kangasmaiden joet,108.0,FI_00000022,10060,2023-04-04,61.41234231212037,29.399668855924936,3.5,,,480.0,,11.0,1.3999999999999997,S2_FI_00000022,2024-11-06,0,100.0,77.9159188554642,177.678959482762,,,36VUP,S2B_MSIL2A_20241106T093059_R136_T36VUP_20241106T110328,3.5,9.8,13.199999999999998,,94.0,7.3,1.0,1.3,480.0,,11.0,1.3999999999999997,0.3,Hiitolanjoki rajav 002,,Rautjärvi,Rautjärvi,River,VHA1,Vuoksen vesienhoitoalue,3.011,Kokkolanjoen a,Suuret kangasmaiden joet,108.0,ok,,-7,,,,,,,,,-5,,,,,,,,,-3,2024-11-04,1.0,5.582755,S2A_MSIL2A_20241104T094151_R036_T36VUP_20241104T105348,1576.0,1366.0,1522.0,3180.0,-1,2024-11-04,1.0,5.582755,S2A_MSIL2A_20241104T094151_R036_T36VUP_20241104T105348,1576.0,1366.0,1522.0,3180.0,0,,,,,,,,,1,,,,,,,,,3,,,,,,,,,5,,,,,,,,,7,,,,,,,,,D:\Water Quality Parameter Estimation\wq_pipeline\artifacts\tolerance_3d\prepared\chips\train\sample_FI_00000135.npz,D:\Water Quality Parameter Estimation\wq_pipeline\artifacts\tolerance_3d\prepared\chips\train\sample_FI_00000135.png,ok,,S2A_MSIL2A_20241104T094151_R036_T36VUP_20241104T105348,2024-11-04,2.0,5.582755,77.293464900998,0.0,256,128,0,0,9,"B02,B03,B04,B08"
FI_00000136,10060,10060,2024-11-06,61.41234231212037,29.399668855924936,,,,540.0,,15.0,1.9,,11.0,11.800000000000002,,90.0,7.5,1.9,3.9,540.0,,15.0,1.9,0.2,Hiitolanjoki rajav 002,,Rautjärvi,Rautjärvi,River,VHA1,Vuoksen vesienhoitoalue,3.011,Kokkolanjoen a,Suuret kangasmaiden joet,108.0,FI_00000022,10060,2023-04-04,61.41234231212037,29.399668855924936,3.5,,,480.0,,11.0,1.3999999999999997,S2_FI_00000022,2024-11-06,0,100.0,77.9159188554642,177.678959482762,,,36VUP,S2B_MSIL2A_20241106T093059_R136_T36VUP_20241106T110328,3.5,9.8,13.199999999999998,,94.0,7.3,1.0,1.3,480.0,,11.0,1.3999999999999997,0.3,Hiitolanjoki rajav 002,,Rautjärvi,Rautjärvi,River,VHA1,Vuoksen vesienhoitoalue,3.011,Kokkolanjoen a,Suuret kangasmaiden joet,108.0,ok,,-7,,,,,,,,,-5,,,,,,,,,-3,2024-11-04,1.0,5.582755,S2A_MSIL2A_20241104T094151_R036_T36VUP_20241104T105348,1576.0,1366.0,1522.0,3180.0,-1,2024-11-04,1.0,5.582755,S2A_MSIL2A_20241104T094151_R036_T36VUP_20241104T105348,1576.0,1366.0,1522.0,3180.0,0,,,,,,,,,1,,,,,,,,,3,,,,,,,,,5,,,,,,,,,7,,,,,,,,,D:\Water Quality Parameter Estimation\wq_pipeline\artifacts\tolerance_3d\prepared\chips\train\sample_FI_00000136.npz,D:\Water Quality Parameter Estimation\wq_pipeline\artifacts\tolerance_3d\prepared\chips\train\sample_FI_00000136.png,ok,,S2A_MSIL2A_20241104T094151_R036_T36VUP_20241104T105348,2024-11-04,2.0,5.582755,77.293464900998,0.0,256,128,0,0,9,"B02,B03,B04,B08"
FI_00000137,10060,10060,2024-11-06,61.41234231212037,29.399668855924936,,,,540.0,,15.0,1.9,,11.0,11.800000000000002,,90.0,7.5,1.9,3.9,540.0,,15.0,1.9,0.2,Hiitolanjoki rajav 002,,Rautjärvi,Rautjärvi,River,VHA1,Vuoksen vesienhoitoalue,3.011,Kokkolanjoen a,Suuret kangasmaiden joet,108.0,FI_00000022,10060,2023-04-04,61.41234231212037,29.399668855924936,3.5,,,480.0,,11.0,1.3999999999999997,S2_FI_00000022,2024-11-06,0,100.0,77.9159188554642,177.678959482762,,,36VUP,S2B_MSIL2A_20241106T093059_R136_T36VUP_20241106T110328,3.5,9.8,13.199999999999998,,94.0,7.3,1.0,1.3,480.0,,11.0,1.3999999999999997,0.3,Hiitolanjoki rajav 002,,Rautjärvi,Rautjärvi,River,VHA1,Vuoksen vesienhoitoalue,3.011,Kokkolanjoen a,Suuret kangasmaiden joet,108.0,ok,,-7,,,,,,,,,-5,,,,,,,,,-3,2024-11-04,1.0,5.582755,S2A_MSIL2A_20241104T094151_R036_T36VUP_20241104T105348,1576.0,1366.0,1522.0,3180.0,-1,2024-11-04,1.0,5.582755,S2A_MSIL2A_20241104T094151_R036_T36VUP_20241104T105348,1576.0,1366.0,1522.0,3180.0,0,,,,,,,,,1,,,,,,,,,3,,,,,,,,,5,,,,,,,,,7,,,,,,,,,D:\Water Quality Parameter Estimation\wq_pipeline\artifacts\tolerance_3d\prepared\chips\train\sample_FI_00000137.npz,D:\Water Quality Parameter Estimation\wq_pipeline\artifacts\tolerance_3d\prepared\chips\train\sample_FI_00000137.png,ok,,S2A_MSIL2A_20241104T094151_R036_T36VUP_20241104T105348,2024-11-04,2.0,5.582755,77.293464900998,0.0,256,128,0,0,9,"B02,B03,B04,B08"
FI_00000138,10060,10060,2024-12-03,61.41234231212037,29.399668855924936,,,,590.0,,16.0,3.2999999999999994,,10.0,12.0,,92.0,7.400000000000001,2.7999999999999994,4.0,590.0,,16.0,3.2999999999999994,0.2,Hiitolanjoki rajav 002,,Rautjärvi,Rautjärvi,River,VHA1,Vuoksen vesienhoitoalue,3.011,Kokkolanjoen a,Suuret kangasmaiden joet,108.0,FI_00000023,10060,2023-04-04,61.41234231212037,29.399668855924936,3.5,,,480.0,,11.0,1.3999999999999997,S2_FI_00000023,2024-12-06,3,99.74854,84.3498159151991,176.08011434179,,,36VUP,S2B_MSIL2A_20241206T093309_R136_T36VUP_20241206T103412,3.5,9.8,13.199999999999998,,94.0,7.3,1.0,1.3,480.0,,11.0,1.3999999999999997,0.3,Hiitolanjoki rajav 002,,Rautjärvi,Rautjärvi,River,VHA1,Vuoksen vesienhoitoalue,3.011,Kokkolanjoen a,Suuret kangasmaiden joet,108.0,no_match,,-7,,,,,,,,,-5,,,,,,,,,-3,,,,,,,,,-1,,,,,,,,,0,,,,,,,,,1,,,,,,,,,3,,,,,,,,,5,,,,,,,,,7,,,,,,,,,,,no_match,no_stac_item,,,,,,,256,128,0,0,0,"B02,B03,B04,B08"
FI_00000139,10060,10060,2024-12-03,61.41234231212037,29.399668855924936,,,,590.0,,16.0,3.2999999999999994,,10.0,12.0,,92.0,7.400000000000001,2.7999999999999994,4.0,590.0,,16.0,3.2999999999999994,0.2,Hiitolanjoki rajav 002,,Rautjärvi,Rautjärvi,River,VHA1,Vuoksen vesienhoitoalue,3.011,Kokkolanjoen a,Suuret kangasmaiden joet,108.0,FI_00000023,10060,2023-04-04,61.41234231212037,29.399668855924936,3.5,,,480.0,,11.0,1.3999999999999997,S2_FI_00000023,2024-12-06,3,99.74854,84.3498159151991,176.08011434179,,,36VUP,S2B_MSIL2A_20241206T093309_R136_T36VUP_20241206T103412,3.5,9.8,13.199999999999998,,94.0,7.3,1.0,1.3,480.0,,11.0,1.3999999999999997,0.3,Hiitolanjoki rajav 002,,Rautjärvi,Rautjärvi,River,VHA1,Vuoksen vesienhoitoalue,3.011,Kokkolanjoen a,Suuret kangasmaiden joet,108.0,no_match,,-7,,,,,,,,,-5,,,,,,,,,-3,,,,,,,,,-1,,,,,,,,,0,,,,,,,,,1,,,,,,,,,3,,,,,,,,,5,,,,,,,,,7,,,,,,,,,,,no_match,no_stac_item,,,,,,,256,128,0,0,0,"B02,B03,B04,B08"
FI_00000140,10060,10060,2024-12-03,61.41234231212037,29.399668855924936,,,,590.0,,16.0,3.2999999999999994,,10.0,12.0,,92.0,7.400000000000001,2.7999999999999994,4.0,590.0,,16.0,3.2999999999999994,0.2,Hiitolanjoki rajav 002,,Rautjärvi,Rautjärvi,River,VHA1,Vuoksen vesienhoitoalue,3.011,Kokkolanjoen a,Suuret kangasmaiden joet,108.0,FI_00000023,10060,2023-04-04,61.41234231212037,29.399668855924936,3.5,,,480.0,,11.0,1.3999999999999997,S2_FI_00000023,2024-12-06,3,99.74854,84.3498159151991,176.08011434179,,,36VUP,S2B_MSIL2A_20241206T093309_R136_T36VUP_20241206T103412,3.5,9.8,13.199999999999998,,94.0,7.3,1.0,1.3,480.0,,11.0,1.3999999999999997,0.3,Hiitolanjoki rajav 002,,Rautjärvi,Rautjärvi,River,VHA1,Vuoksen vesienhoitoalue,3.011,Kokkolanjoen a,Suuret kangasmaiden joet,108.0,no_match,,-7,,,,,,,,,-5,,,,,,,,,-3,,,,,,,,,-1,,,,,,,,,0,,,,,,,,,1,,,,,,,,,3,,,,,,,,,5,,,,,,,,,7,,,,,,,,,,,no_match,no_stac_item,,,,,,,256,128,0,0,0,"B02,B03,B04,B08"
FI_00000141,10060,10060,2024-12-03,61.41234231212037,29.399668855924936,,,,590.0,,16.0,3.2999999999999994,,10.0,12.0,,92.0,7.400000000000001,2.7999999999999994,4.0,590.0,,16.0,3.2999999999999994,0.2,Hiitolanjoki rajav 002,,Rautjärvi,Rautjärvi,River,VHA1,Vuoksen vesienhoitoalue,3.011,Kokkolanjoen a,Suuret kangasmaiden joet,108.0,FI_00000023,10060,2023-04-04,61.41234231212037,29.399668855924936,3.5,,,480.0,,11.0,1.3999999999999997,S2_FI_00000023,2024-12-06,3,99.74854,84.3498159151991,176.08011434179,,,36VUP,S2B_MSIL2A_20241206T093309_R136_T36VUP_20241206T103412,3.5,9.8,13.199999999999998,,94.0,7.3,1.0,1.3,480.0,,11.0,1.3999999999999997,0.3,Hiitolanjoki rajav 002,,Rautjärvi,Rautjärvi,River,VHA1,Vuoksen vesienhoitoalue,3.011,Kokkolanjoen a,Suuret kangasmaiden joet,108.0,no_match,,-7,,,,,,,,,-5,,,,,,,,,-3,,,,,,,,,-1,,,,,,,,,0,,,,,,,,,1,,,,,,,,,3,,,,,,,,,5,,,,,,,,,7,,,,,,,,,,,no_match,no_stac_item,,,,,,,256,128,0,0,0,"B02,B03,B04,B08"
FI_00000142,10060,10060,2024-12-03,61.41234231212037,29.399668855924936,,,,590.0,,16.0,3.2999999999999994,,10.0,12.0,,92.0,7.400000000000001,2.7999999999999994,4.0,590.0,,16.0,3.2999999999999994,0.2,Hiitolanjoki rajav 002,,Rautjärvi,Rautjärvi,River,VHA1,Vuoksen vesienhoitoalue,3.011,Kokkolanjoen a,Suuret kangasmaiden joet,108.0,FI_00000023,10060,2023-04-04,61.41234231212037,29.399668855924936,3.5,,,480.0,,11.0,1.3999999999999997,S2_FI_00000023,2024-12-06,3,99.74854,84.3498159151991,176.08011434179,,,36VUP,S2B_MSIL2A_20241206T093309_R136_T36VUP_20241206T103412,3.5,9.8,13.199999999999998,,94.0,7.3,1.0,1.3,480.0,,11.0,1.3999999999999997,0.3,Hiitolanjoki rajav 002,,Rautjärvi,Rautjärvi,River,VHA1,Vuoksen vesienhoitoalue,3.011,Kokkolanjoen a,Suuret kangasmaiden joet,108.0,no_match,,-7,,,,,,,,,-5,,,,,,,,,-3,,,,,,,,,-1,,,,,,,,,0,,,,,,,,,1,,,,,,,,,3,,,,,,,,,5,,,,,,,,,7,,,,,,,,,,,no_match,no_stac_item,,,,,,,256,128,0,0,0,"B02,B03,B04,B08"
FI_00000143,10060,10060,2024-12-03,61.41234231212037,29.399668855924936,,,,590.0,,16.0,3.2999999999999994,,10.0,12.0,,92.0,7.400000000000001,2.7999999999999994,4.0,590.0,,16.0,3.2999999999999994,0.2,Hiitolanjoki rajav 002,,Rautjärvi,Rautjärvi,River,VHA1,Vuoksen vesienhoitoalue,3.011,Kokkolanjoen a,Suuret kangasmaiden joet,108.0,FI_00000023,10060,2023-04-04,61.41234231212037,29.399668855924936,3.5,,,480.0,,11.0,1.3999999999999997,S2_FI_00000023,2024-12-06,3,99.74854,84.3498159151991,176.08011434179,,,36VUP,S2B_MSIL2A_20241206T093309_R136_T36VUP_20241206T103412,3.5,9.8,13.199999999999998,,94.0,7.3,1.0,1.3,480.0,,11.0,1.3999999999999997,0.3,Hiitolanjoki rajav 002,,Rautjärvi,Rautjärvi,River,VHA1,Vuoksen vesienhoitoalue,3.011,Kokkolanjoen a,Suuret kangasmaiden joet,108.0,no_match,,-7,,,,,,,,,-5,,,,,,,,,-3,,,,,,,,,-1,,,,,,,,,0,,,,,,,,,1,,,,,,,,,3,,,,,,,,,5,,,,,,,,,7,,,,,,,,,,,no_match,no_stac_item,,,,,,,256,128,0,0,0,"B02,B03,B04,B08"
FI_00000504,11146,11146,2023-02-07,60.65688838242908,27.90019461609265,,,,1500.0,,28.0,5.1,,7.099999999999999,11.1,,76.0,6.400000000000001,4.1000000000000005,0.2,1500.0,,28.0,5.1,1.0,Urpalanj Muurik 002 3000,,Miehikkälä,,,,,,,,,FI_00000501,11146,2023-01-10,60.65688838242908,27.90019461609265,,,,710.0,,23.0,2.7999999999999994,S2_FI_00000501,2023-02-07,0,99.387193,76.4389759647387,171.973761573183,,,34VEN,S2B_MSIL2A_20230207T101109_R022_T34VEN_20240813T003502,,6.0,11.199999999999998,,77.0,6.599999999999999,5.599999999999999,0.2,710.0,,23.0,2.7999999999999994,1.0,Urpalanj Muurik 002 3000,,Miehikkälä,,,,,,,,,no_match,,-7,,,,,,,,,-5,,,,,,,,,-3,,,,,,,,,-1,,,,,,,,,0,,,,,,,,,1,,,,,,,,,3,,,,,,,,,5,,,,,,,,,7,,,,,,,,,,,no_match,no_stac_item,,,,,,,256,128,0,0,0,"B02,B03,B04,B08"
FI_00000505,11146,11146,2023-02-07,60.65688838242908,27.90019461609265,,,,1500.0,,28.0,5.1,,7.099999999999999,11.1,,76.0,6.400000000000001,4.1000000000000005,0.2,1500.0,,28.0,5.1,1.0,Urpalanj Muurik 002 3000,,Miehikkälä,,,,,,,,,FI_00000501,11146,2023-01-10,60.65688838242908,27.90019461609265,,,,710.0,,23.0,2.7999999999999994,S2_FI_00000501,2023-02-07,0,99.387193,76.4389759647387,171.973761573183,,,34VEN,S2B_MSIL2A_20230207T101109_R022_T34VEN_20240813T003502,,6.0,11.199999999999998,,77.0,6.599999999999999,5.599999999999999,0.2,710.0,,23.0,2.7999999999999994,1.0,Urpalanj Muurik 002 3000,,Miehikkälä,,,,,,,,,no_match,,-7,,,,,,,,,-5,,,,,,,,,-3,,,,,,,,,-1,,,,,,,,,0,,,,,,,,,1,,,,,,,,,3,,,,,,,,,5,,,,,,,,,7,,,,,,,,,,,no_match,no_stac_item,,,,,,,256,128,0,0,0,"B02,B03,B04,B08"
FI_00000506,11146,11146,2023-02-07,60.65688838242908,27.90019461609265,,,,1500.0,,28.0,5.1,,7.099999999999999,11.1,,76.0,6.400000000000001,4.1000000000000005,0.2,1500.0,,28.0,5.1,1.0,Urpalanj Muurik 002 3000,,Miehikkälä,,,,,,,,,FI_00000501,11146,2023-01-10,60.65688838242908,27.90019461609265,,,,710.0,,23.0,2.7999999999999994,S2_FI_00000501,2023-02-07,0,99.387193,76.4389759647387,171.973761573183,,,34VEN,S2B_MSIL2A_20230207T101109_R022_T34VEN_20240813T003502,,6.0,11.199999999999998,,77.0,6.599999999999999,5.599999999999999,0.2,710.0,,23.0,2.7999999999999994,1.0,Urpalanj Muurik 002 3000,,Miehikkälä,,,,,,,,,no_match,,-7,,,,,,,,,-5,,,,,,,,,-3,,,,,,,,,-1,,,,,,,,,0,,,,,,,,,1,,,,,,,,,3,,,,,,,,,5,,,,,,,,,7,,,,,,,,,,,no_match,no_stac_item,,,,,,,256,128,0,0,0,"B02,B03,B04,B08"
FI_00000507,11146,11146,2023-02-07,60.65688838242908,27.90019461609265,,,,1500.0,,28.0,5.1,,7.099999999999999,11.1,,76.0,6.400000000000001,4.1000000000000005,0.2,1500.0,,28.0,5.1,1.0,Urpalanj Muurik 002 3000,,Miehikkälä,,,,,,,,,FI_00000501,11146,2023-01-10,60.65688838242908,27.90019461609265,,,,710.0,,23.0,2.7999999999999994,S2_FI_00000501,2023-02-07,0,99.387193,76.4389759647387,171.973761573183,,,34VEN,S2B_MSIL2A_20230207T101109_R022_T34VEN_20240813T003502,,6.0,11.199999999999998,,77.0,6.599999999999999,5.599999999999999,0.2,710.0,,23.0,2.7999999999999994,1.0,Urpalanj Muurik 002 3000,,Miehikkälä,,,,,,,,,no_match,,-7,,,,,,,,,-5,,,,,,,,,-3,,,,,,,,,-1,,,,,,,,,0,,,,,,,,,1,,,,,,,,,3,,,,,,,,,5,,,,,,,,,7,,,,,,,,,,,no_match,no_stac_item,,,,,,,256,128,0,0,0,"B02,B03,B04,B08"
FI_00000508,11146,11146,2023-02-07,60.65688838242908,27.90019461609265,,,,1500.0,,28.0,5.1,,7.099999999999999,11.1,,76.0,6.400000000000001,4.1000000000000005,0.2,1500.0,,28.0,5.1,1.0,Urpalanj Muurik 002 3000,,Miehikkälä,,,,,,,,,FI_00000501,11146,2023-01-10,60.65688838242908,27.90019461609265,,,,710.0,,23.0,2.7999999999999994,S2_FI_00000501,2023-02-07,0,99.387193,76.4389759647387,171.973761573183,,,34VEN,S2B_MSIL2A_20230207T101109_R022_T34VEN_20240813T003502,,6.0,11.199999999999998,,77.0,6.599999999999999,5.599999999999999,0.2,710.0,,23.0,2.7999999999999994,1.0,Urpalanj Muurik 002 3000,,Miehikkälä,,,,,,,,,no_match,,-7,,,,,,,,,-5,,,,,,,,,-3,,,,,,,,,-1,,,,,,,,,0,,,,,,,,,1,,,,,,,,,3,,,,,,,,,5,,,,,,,,,7,,,,,,,,,,,no_match,no_stac_item,,,,,,,256,128,0,0,0,"B02,B03,B04,B08"
FI_00000509,11146,11146,2023-02-07,60.65688838242908,27.90019461609265,,,,1500.0,,28.0,5.1,,7.099999999999999,11.1,,76.0,6.400000000000001,4.1000000000000005,0.2,1500.0,,28.0,5.1,1.0,Urpalanj Muurik 002 3000,,Miehikkälä,,,,,,,,,FI_00000501,11146,2023-01-10,60.65688838242908,27.90019461609265,,,,710.0,,23.0,2.7999999999999994,S2_FI_00000501,2023-02-07,0,99.387193,76.4389759647387,171.973761573183,,,34VEN,S2B_MSIL2A_20230207T101109_R022_T34VEN_20240813T003502,,6.0,11.199999999999998,,77.0,6.599999999999999,5.599999999999999,0.2,710.0,,23.0,2.7999999999999994,1.0,Urpalanj Muurik 002 3000,,Miehikkälä,,,,,,,,,no_match,,-7,,,,,,,,,-5,,,,,,,,,-3,,,,,,,,,-1,,,,,,,,,0,,,,,,,,,1,,,,,,,,,3,,,,,,,,,5,,,,,,,,,7,,,,,,,,,,,no_match,no_stac_item,,,,,,,256,128,0,0,0,"B02,B03,B04,B08"
FI_00000516,11146,11146,2023-04-04,60.65688838242908,27.90019461609265,3.1,,,1500.0,,32.0,7.2,3.1,7.0,11.5,,80.0,6.3,1.95,0.6,1500.0,,32.0,7.2,0.7,Urpalanj Muurik 002 3000,,Miehikkälä,,,,,,,,,FI_00000571,11146,2024-01-10,60.65688838242908,27.90019461609265,,,,1200.0,,32.0,4.8,S2_FI_00000571,2023-04-01,3,90.703928,59.2640411285353,171.043508712447,,,36VUR,S2A_MSIL2A_20230401T093031_R136_T36VUR_20240828T012945,,6.5,11.4,,78.0,6.400000000000001,4.55,0.0,1200.0,,32.0,4.8,1.0,Urpalanj Muurik 002 3000,,Miehikkälä,,,,,,,,,ok,,-7,,,,,,,,,-5,2023-03-30,0.0,34.964639,S2B_MSIL2A_20230330T094039_R036_T35VNH_20240824T210041,3044.0,3752.0,4224.0,4060.0,-3,2023-04-01,0.0,23.330316,S2A_MSIL2A_20230401T093031_R136_T35VNH_20240828T012945,4.0,561.0,1190.0,1516.0,-1,2023-04-04,1.0,35.110444,S2A_MSIL2A_20230404T094031_R036_T35VNH_20240825T224659,624.0,918.0,1015.0,1497.0,0,2023-04-04,0.0,35.110444,S2A_MSIL2A_20230404T094031_R036_T35VNH_20240825T224659,624.0,918.0,1015.0,1497.0,1,2023-04-04,1.0,35.110444,S2A_MSIL2A_20230404T094031_R036_T35VNH_20240825T224659,624.0,918.0,1015.0,1497.0,3,,,,,,,,,5,,,,,,,,,7,,,,,,,,,D:\Water Quality Parameter Estimation\wq_pipeline\artifacts\tolerance_3d\prepared\chips\train\sample_FI_00000516.npz,D:\Water Quality Parameter Estimation\wq_pipeline\artifacts\tolerance_3d\prepared\chips\train\sample_FI_00000516.png,ok,,S2A_MSIL2A_20230404T094031_R036_T35VNH_20240825T224659,2023-04-04,0.0,35.110444,55.4169002105759,0.0,256,128,0,0,9,"B02,B03,B04,B08"
FI_00000517,11146,11146,2023-04-04,60.65688838242908,27.90019461609265,3.1,,,1500.0,,32.0,7.2,3.1,7.0,11.5,,80.0,6.3,1.95,0.6,1500.0,,32.0,7.2,0.7,Urpalanj Muurik 002 3000,,Miehikkälä,,,,,,,,,FI_00000571,11146,2024-01-10,60.65688838242908,27.90019461609265,,,,1200.0,,32.0,4.8,S2_FI_00000571,2023-04-01,3,90.703928,59.2640411285353,171.043508712447,,,36VUR,S2A_MSIL2A_20230401T093031_R136_T36VUR_20240828T012945,,6.5,11.4,,78.0,6.400000000000001,4.55,0.0,1200.0,,32.0,4.8,1.0,Urpalanj Muurik 002 3000,,Miehikkälä,,,,,,,,,ok,,-7,,,,,,,,,-5,2023-03-30,0.0,34.964639,S2B_MSIL2A_20230330T094039_R036_T35VNH_20240824T210041,3044.0,3752.0,4224.0,4060.0,-3,2023-04-01,0.0,23.330316,S2A_MSIL2A_20230401T093031_R136_T35VNH_20240828T012945,4.0,561.0,1190.0,1516.0,-1,2023-04-04,1.0,35.110444,S2A_MSIL2A_20230404T094031_R036_T35VNH_20240825T224659,624.0,918.0,1015.0,1497.0,0,2023-04-04,0.0,35.110444,S2A_MSIL2A_20230404T094031_R036_T35VNH_20240825T224659,624.0,918.0,1015.0,1497.0,1,2023-04-04,1.0,35.110444,S2A_MSIL2A_20230404T094031_R036_T35VNH_20240825T224659,624.0,918.0,1015.0,1497.0,3,,,,,,,,,5,,,,,,,,,7,,,,,,,,,D:\Water Quality Parameter Estimation\wq_pipeline\artifacts\tolerance_3d\prepared\chips\train\sample_FI_00000517.npz,D:\Water Quality Parameter Estimation\wq_pipeline\artifacts\tolerance_3d\prepared\chips\train\sample_FI_00000517.png,ok,,S2A_MSIL2A_20230404T094031_R036_T35VNH_20240825T224659,2023-04-04,0.0,35.110444,55.4169002105759,0.0,256,128,0,0,9,"B02,B03,B04,B08"
FI_00000518,11146,11146,2023-04-04,60.65688838242908,27.90019461609265,3.1,,,1500.0,,32.0,7.2,3.1,7.0,11.5,,80.0,6.3,1.95,0.6,1500.0,,32.0,7.2,0.7,Urpalanj Muurik 002 3000,,Miehikkälä,,,,,,,,,FI_00000571,11146,2024-01-10,60.65688838242908,27.90019461609265,,,,1200.0,,32.0,4.8,S2_FI_00000571,2023-04-01,3,90.703928,59.2640411285353,171.043508712447,,,36VUR,S2A_MSIL2A_20230401T093031_R136_T36VUR_20240828T012945,,6.5,11.4,,78.0,6.400000000000001,4.55,0.0,1200.0,,32.0,4.8,1.0,Urpalanj Muurik 002 3000,,Miehikkälä,,,,,,,,,ok,,-7,,,,,,,,,-5,2023-03-30,0.0,34.964639,S2B_MSIL2A_20230330T094039_R036_T35VNH_20240824T210041,3044.0,3752.0,4224.0,4060.0,-3,2023-04-01,0.0,23.330316,S2A_MSIL2A_20230401T093031_R136_T35VNH_20240828T012945,4.0,561.0,1190.0,1516.0,-1,2023-04-04,1.0,35.110444,S2A_MSIL2A_20230404T094031_R036_T35VNH_20240825T224659,624.0,918.0,1015.0,1497.0,0,2023-04-04,0.0,35.110444,S2A_MSIL2A_20230404T094031_R036_T35VNH_20240825T224659,624.0,918.0,1015.0,1497.0,1,2023-04-04,1.0,35.110444,S2A_MSIL2A_20230404T094031_R036_T35VNH_20240825T224659,624.0,918.0,1015.0,1497.0,3,,,,,,,,,5,,,,,,,,,7,,,,,,,,,D:\Water Quality Parameter Estimation\wq_pipeline\artifacts\tolerance_3d\prepared\chips\train\sample_FI_00000518.npz,D:\Water Quality Parameter Estimation\wq_pipeline\artifacts\tolerance_3d\prepared\chips\train\sample_FI_00000518.png,ok,,S2A_MSIL2A_20230404T094031_R036_T35VNH_20240825T224659,2023-04-04,0.0,35.110444,55.4169002105759,0.0,256,128,0,0,9,"B02,B03,B04,B08"
FI_00000519,11146,11146,2023-04-04,60.65688838242908,27.90019461609265,3.1,,,1500.0,,32.0,7.2,3.1,7.0,11.5,,80.0,6.3,1.95,0.6,1500.0,,32.0,7.2,0.7,Urpalanj Muurik 002 3000,,Miehikkälä,,,,,,,,,FI_00000571,11146,2024-01-10,60.65688838242908,27.90019461609265,,,,1200.0,,32.0,4.8,S2_FI_00000571,2023-04-01,3,90.703928,59.2640411285353,171.043508712447,,,36VUR,S2A_MSIL2A_20230401T093031_R136_T36VUR_20240828T012945,,6.5,11.4,,78.0,6.400000000000001,4.55,0.0,1200.0,,32.0,4.8,1.0,Urpalanj Muurik 002 3000,,Miehikkälä,,,,,,,,,ok,,-7,,,,,,,,,-5,2023-03-30,0.0,34.964639,S2B_MSIL2A_20230330T094039_R036_T35VNH_20240824T210041,3044.0,3752.0,4224.0,4060.0,-3,2023-04-01,0.0,23.330316,S2A_MSIL2A_20230401T093031_R136_T35VNH_20240828T012945,4.0,561.0,1190.0,1516.0,-1,2023-04-04,1.0,35.110444,S2A_MSIL2A_20230404T094031_R036_T35VNH_20240825T224659,624.0,918.0,1015.0,1497.0,0,2023-04-04,0.0,35.110444,S2A_MSIL2A_20230404T094031_R036_T35VNH_20240825T224659,624.0,918.0,1015.0,1497.0,1,2023-04-04,1.0,35.110444,S2A_MSIL2A_20230404T094031_R036_T35VNH_20240825T224659,624.0,918.0,1015.0,1497.0,3,,,,,,,,,5,,,,,,,,,7,,,,,,,,,D:\Water Quality Parameter Estimation\wq_pipeline\artifacts\tolerance_3d\prepared\chips\train\sample_FI_00000519.npz,D:\Water Quality Parameter Estimation\wq_pipeline\artifacts\tolerance_3d\prepared\chips\train\sample_FI_00000519.png,ok,,S2A_MSIL2A_20230404T094031_R036_T35VNH_20240825T224659,2023-04-04,0.0,35.110444,55.4169002105759,0.0,256,128,0,0,9,"B02,B03,B04,B08"
FI_00000520,11146,11146,2023-04-04,60.65688838242908,27.90019461609265,3.1,,,1500.0,,32.0,7.2,3.1,7.0,11.5,,80.0,6.3,1.95,0.6,1500.0,,32.0,7.2,0.7,Urpalanj Muurik 002 3000,,Miehikkälä,,,,,,,,,FI_00000571,11146,2024-01-10,60.65688838242908,27.90019461609265,,,,1200.0,,32.0,4.8,S2_FI_00000571,2023-04-01,3,90.703928,59.2640411285353,171.043508712447,,,36VUR,S2A_MSIL2A_20230401T093031_R136_T36VUR_20240828T012945,,6.5,11.4,,78.0,6.400000000000001,4.55,0.0,1200.0,,32.0,4.8,1.0,Urpalanj Muurik 002 3000,,Miehikkälä,,,,,,,,,ok,,-7,,,,,,,,,-5,2023-03-30,0.0,34.964639,S2B_MSIL2A_20230330T094039_R036_T35VNH_20240824T210041,3044.0,3752.0,4224.0,4060.0,-3,2023-04-01,0.0,23.330316,S2A_MSIL2A_20230401T093031_R136_T35VNH_20240828T012945,4.0,561.0,1190.0,1516.0,-1,2023-04-04,1.0,35.110444,S2A_MSIL2A_20230404T094031_R036_T35VNH_20240825T224659,624.0,918.0,1015.0,1497.0,0,2023-04-04,0.0,35.110444,S2A_MSIL2A_20230404T094031_R036_T35VNH_20240825T224659,624.0,918.0,1015.0,1497.0,1,2023-04-04,1.0,35.110444,S2A_MSIL2A_20230404T094031_R036_T35VNH_20240825T224659,624.0,918.0,1015.0,1497.0,3,,,,,,,,,5,,,,,,,,,7,,,,,,,,,D:\Water Quality Parameter Estimation\wq_pipeline\artifacts\tolerance_3d\prepared\chips\train\sample_FI_00000520.npz,D:\Water Quality Parameter Estimation\wq_pipeline\artifacts\tolerance_3d\prepared\chips\train\sample_FI_00000520.png,ok,,S2A_MSIL2A_20230404T094031_R036_T35VNH_20240825T224659,2023-04-04,0.0,35.110444,55.4169002105759,0.0,256,128,0,0,9,"B02,B03,B04,B08"
FI_00000521,11146,11146,2023-04-04,60.65688838242908,27.90019461609265,3.1,,,1500.0,,32.0,7.2,3.1,7.0,11.5,,80.0,6.3,1.95,0.6,1500.0,,32.0,7.2,0.7,Urpalanj Muurik 002 3000,,Miehikkälä,,,,,,,,,FI_00000571,11146,2024-01-10,60.65688838242908,27.90019461609265,,,,1200.0,,32.0,4.8,S2_FI_00000571,2023-04-01,3,90.703928,59.2640411285353,171.043508712447,,,36VUR,S2A_MSIL2A_20230401T093031_R136_T36VUR_20240828T012945,,6.5,11.4,,78.0,6.400000000000001,4.55,0.0,1200.0,,32.0,4.8,1.0,Urpalanj Muurik 002 3000,,Miehikkälä,,,,,,,,,ok,,-7,,,,,,,,,-5,2023-03-30,0.0,34.964639,S2B_MSIL2A_20230330T094039_R036_T35VNH_20240824T210041,3044.0,3752.0,4224.0,4060.0,-3,2023-04-01,0.0,23.330316,S2A_MSIL2A_20230401T093031_R136_T35VNH_20240828T012945,4.0,561.0,1190.0,1516.0,-1,2023-04-04,1.0,35.110444,S2A_MSIL2A_20230404T094031_R036_T35VNH_20240825T224659,624.0,918.0,1015.0,1497.0,0,2023-04-04,0.0,35.110444,S2A_MSIL2A_20230404T094031_R036_T35VNH_20240825T224659,624.0,918.0,1015.0,1497.0,1,2023-04-04,1.0,35.110444,S2A_MSIL2A_20230404T094031_R036_T35VNH_20240825T224659,624.0,918.0,1015.0,1497.0,3,,,,,,,,,5,,,,,,,,,7,,,,,,,,,D:\Water Quality Parameter Estimation\wq_pipeline\artifacts\tolerance_3d\prepared\chips\train\sample_FI_00000521.npz,D:\Water Quality Parameter Estimation\wq_pipeline\artifacts\tolerance_3d\prepared\chips\train\sample_FI_00000521.png,ok,,S2A_MSIL2A_20230404T094031_R036_T35VNH_20240825T224659,2023-04-04,0.0,35.110444,55.4169002105759,0.0,256,128,0,0,9,"B02,B03,B04,B08"
FI_00000522,11146,11146,2023-05-16,60.65688838242908,27.90019461609265,8.5,,,1000.0,,26.0,4.6,8.5,4.7,8.1,,80.0,6.599999999999999,4.5,15.0,1000.0,,26.0,4.6,0.7,Urpalanj Muurik 002 3000,,Miehikkälä,,,,,,,,,FI_00000504,11146,2023-02-07,60.65688838242908,27.90019461609265,,,,1500.0,,28.0,5.1,S2_FI_00000504,2023-05-15,1,28.729132,42.2096151999223,171.347479837009,,,34VEN,S2B_MSIL2A_20230515T095559_R122_T34VEN_20230515T150703,,7.099999999999999,11.1,,76.0,6.400000000000001,4.1000000000000005,0.2,1500.0,,28.0,5.1,1.0,Urpalanj Muurik 002 3000,,Miehikkälä,,,,,,,,,ok,,-7,,,,,,,,,-5,2023-05-11,0.0,11.547431,S2A_MSIL2A_20230511T093031_R136_T35VNH_20230511T152024,1424.0,1410.0,1534.0,2008.0,-3,2023-05-14,1.0,36.133102,S2A_MSIL2A_20230514T094031_R036_T35VNH_20230514T232736,1250.0,1506.0,1540.0,1996.0,-1,2023-05-14,1.0,36.133102,S2A_MSIL2A_20230514T094031_R036_T35VNH_20230514T232736,1250.0,1506.0,1540.0,1996.0,0,,,,,,,,,1,,,,,,,,,3,2023-05-19,0.0,11.264571,S2B_MSIL2A_20230519T093549_R036_T35VNH_20230519T133524,1375.0,1391.0,1310.0,1900.0,5,,,,,,,,,7,2023-05-24,1.0,15.893959,S2A_MSIL2A_20230524T094031_R036_T35VNH_20240906T080202,1179.0,1247.0,1225.0,1875.0,D:\Water Quality Parameter Estimation\wq_pipeline\artifacts\tolerance_3d\prepared\chips\train\sample_FI_00000522.npz,D:\Water Quality Parameter Estimation\wq_pipeline\artifacts\tolerance_3d\prepared\chips\train\sample_FI_00000522.png,ok,,S2A_MSIL2A_20230514T094031_R036_T35VNH_20230514T232736,2023-05-14,2.0,36.133102,42.3877846461984,0.0,256,128,0,0,9,"B02,B03,B04,B08"
FI_00000523,11146,11146,2023-05-16,60.65688838242908,27.90019461609265,8.5,,,1000.0,,26.0,4.6,8.5,4.7,8.1,,80.0,6.599999999999999,4.5,15.0,1000.0,,26.0,4.6,0.7,Urpalanj Muurik 002 3000,,Miehikkälä,,,,,,,,,FI_00000504,11146,2023-02-07,60.65688838242908,27.90019461609265,,,,1500.0,,28.0,5.1,S2_FI_00000504,2023-05-15,1,28.729132,42.2096151999223,171.347479837009,,,34VEN,S2B_MSIL2A_20230515T095559_R122_T34VEN_20230515T150703,,7.099999999999999,11.1,,76.0,6.400000000000001,4.1000000000000005,0.2,1500.0,,28.0,5.1,1.0,Urpalanj Muurik 002 3000,,Miehikkälä,,,,,,,,,ok,,-7,,,,,,,,,-5,2023-05-11,0.0,11.547431,S2A_MSIL2A_20230511T093031_R136_T35VNH_20230511T152024,1424.0,1410.0,1534.0,2008.0,-3,2023-05-14,1.0,36.133102,S2A_MSIL2A_20230514T094031_R036_T35VNH_20230514T232736,1250.0,1506.0,1540.0,1996.0,-1,2023-05-14,1.0,36.133102,S2A_MSIL2A_20230514T094031_R036_T35VNH_20230514T232736,1250.0,1506.0,1540.0,1996.0,0,,,,,,,,,1,,,,,,,,,3,2023-05-19,0.0,11.264571,S2B_MSIL2A_20230519T093549_R036_T35VNH_20230519T133524,1375.0,1391.0,1310.0,1900.0,5,,,,,,,,,7,2023-05-24,1.0,15.893959,S2A_MSIL2A_20230524T094031_R036_T35VNH_20240906T080202,1179.0,1247.0,1225.0,1875.0,D:\Water Quality Parameter Estimation\wq_pipeline\artifacts\tolerance_3d\prepared\chips\train\sample_FI_00000523.npz,D:\Water Quality Parameter Estimation\wq_pipeline\artifacts\tolerance_3d\prepared\chips\train\sample_FI_00000523.png,ok,,S2A_MSIL2A_20230514T094031_R036_T35VNH_20230514T232736,2023-05-14,2.0,36.133102,42.3877846461984,0.0,256,128,0,0,9,"B02,B03,B04,B08"
FI_00000524,11146,11146,2023-05-16,60.65688838242908,27.90019461609265,8.5,,,1000.0,,26.0,4.6,8.5,4.7,8.1,,80.0,6.599999999999999,4.5,15.0,1000.0,,26.0,4.6,0.7,Urpalanj Muurik 002 3000,,Miehikkälä,,,,,,,,,FI_00000504,11146,2023-02-07,60.65688838242908,27.90019461609265,,,,1500.0,,28.0,5.1,S2_FI_00000504,2023-05-15,1,28.729132,42.2096151999223,171.347479837009,,,34VEN,S2B_MSIL2A_20230515T095559_R122_T34VEN_20230515T150703,,7.099999999999999,11.1,,76.0,6.400000000000001,4.1000000000000005,0.2,1500.0,,28.0,5.1,1.0,Urpalanj Muurik 002 3000,,Miehikkälä,,,,,,,,,ok,,-7,,,,,,,,,-5,2023-05-11,0.0,11.547431,S2A_MSIL2A_20230511T093031_R136_T35VNH_20230511T152024,1424.0,1410.0,1534.0,2008.0,-3,2023-05-14,1.0,36.133102,S2A_MSIL2A_20230514T094031_R036_T35VNH_20230514T232736,1250.0,1506.0,1540.0,1996.0,-1,2023-05-14,1.0,36.133102,S2A_MSIL2A_20230514T094031_R036_T35VNH_20230514T232736,1250.0,1506.0,1540.0,1996.0,0,,,,,,,,,1,,,,,,,,,3,2023-05-19,0.0,11.264571,S2B_MSIL2A_20230519T093549_R036_T35VNH_20230519T133524,1375.0,1391.0,1310.0,1900.0,5,,,,,,,,,7,2023-05-24,1.0,15.893959,S2A_MSIL2A_20230524T094031_R036_T35VNH_20240906T080202,1179.0,1247.0,1225.0,1875.0,D:\Water Quality Parameter Estimation\wq_pipeline\artifacts\tolerance_3d\prepared\chips\train\sample_FI_00000524.npz,D:\Water Quality Parameter Estimation\wq_pipeline\artifacts\tolerance_3d\prepared\chips\train\sample_FI_00000524.png,ok,,S2A_MSIL2A_20230514T094031_R036_T35VNH_20230514T232736,2023-05-14,2.0,36.133102,42.3877846461984,0.0,256,128,0,0,9,"B02,B03,B04,B08"
FI_00000525,11146,11146,2023-05-16,60.65688838242908,27.90019461609265,8.5,,,1000.0,,26.0,4.6,8.5,4.7,8.1,,80.0,6.599999999999999,4.5,15.0,1000.0,,26.0,4.6,0.7,Urpalanj Muurik 002 3000,,Miehikkälä,,,,,,,,,FI_00000504,11146,2023-02-07,60.65688838242908,27.90019461609265,,,,1500.0,,28.0,5.1,S2_FI_00000504,2023-05-15,1,28.729132,42.2096151999223,171.347479837009,,,34VEN,S2B_MSIL2A_20230515T095559_R122_T34VEN_20230515T150703,,7.099999999999999,11.1,,76.0,6.400000000000001,4.1000000000000005,0.2,1500.0,,28.0,5.1,1.0,Urpalanj Muurik 002 3000,,Miehikkälä,,,,,,,,,ok,,-7,,,,,,,,,-5,2023-05-11,0.0,11.547431,S2A_MSIL2A_20230511T093031_R136_T35VNH_20230511T152024,1424.0,1410.0,1534.0,2008.0,-3,2023-05-14,1.0,36.133102,S2A_MSIL2A_20230514T094031_R036_T35VNH_20230514T232736,1250.0,1506.0,1540.0,1996.0,-1,2023-05-14,1.0,36.133102,S2A_MSIL2A_20230514T094031_R036_T35VNH_20230514T232736,1250.0,1506.0,1540.0,1996.0,0,,,,,,,,,1,,,,,,,,,3,2023-05-19,0.0,11.264571,S2B_MSIL2A_20230519T093549_R036_T35VNH_20230519T133524,1375.0,1391.0,1310.0,1900.0,5,,,,,,,,,7,2023-05-24,1.0,15.893959,S2A_MSIL2A_20230524T094031_R036_T35VNH_20240906T080202,1179.0,1247.0,1225.0,1875.0,D:\Water Quality Parameter Estimation\wq_pipeline\artifacts\tolerance_3d\prepared\chips\train\sample_FI_00000525.npz,D:\Water Quality Parameter Estimation\wq_pipeline\artifacts\tolerance_3d\prepared\chips\train\sample_FI_00000525.png,ok,,S2A_MSIL2A_20230514T094031_R036_T35VNH_20230514T232736,2023-05-14,2.0,36.133102,42.3877846461984,0.0,256,128,0,0,9,"B02,B03,B04,B08"
FI_00000526,11146,11146,2023-05-16,60.65688838242908,27.90019461609265,8.5,,,1000.0,,26.0,4.6,8.5,4.7,8.1,,80.0,6.599999999999999,4.5,15.0,1000.0,,26.0,4.6,0.7,Urpalanj Muurik 002 3000,,Miehikkälä,,,,,,,,,FI_00000504,11146,2023-02-07,60.65688838242908,27.90019461609265,,,,1500.0,,28.0,5.1,S2_FI_00000504,2023-05-15,1,28.729132,42.2096151999223,171.347479837009,,,34VEN,S2B_MSIL2A_20230515T095559_R122_T34VEN_20230515T150703,,7.099999999999999,11.1,,76.0,6.400000000000001,4.1000000000000005,0.2,1500.0,,28.0,5.1,1.0,Urpalanj Muurik 002 3000,,Miehikkälä,,,,,,,,,ok,,-7,,,,,,,,,-5,2023-05-11,0.0,11.547431,S2A_MSIL2A_20230511T093031_R136_T35VNH_20230511T152024,1424.0,1410.0,1534.0,2008.0,-3,2023-05-14,1.0,36.133102,S2A_MSIL2A_20230514T094031_R036_T35VNH_20230514T232736,1250.0,1506.0,1540.0,1996.0,-1,2023-05-14,1.0,36.133102,S2A_MSIL2A_20230514T094031_R036_T35VNH_20230514T232736,1250.0,1506.0,1540.0,1996.0,0,,,,,,,,,1,,,,,,,,,3,2023-05-19,0.0,11.264571,S2B_MSIL2A_20230519T093549_R036_T35VNH_20230519T133524,1375.0,1391.0,1310.0,1900.0,5,,,,,,,,,7,2023-05-24,1.0,15.893959,S2A_MSIL2A_20230524T094031_R036_T35VNH_20240906T080202,1179.0,1247.0,1225.0,1875.0,D:\Water Quality Parameter Estimation\wq_pipeline\artifacts\tolerance_3d\prepared\chips\train\sample_FI_00000526.npz,D:\Water Quality Parameter Estimation\wq_pipeline\artifacts\tolerance_3d\prepared\chips\train\sample_FI_00000526.png,ok,,S2A_MSIL2A_20230514T094031_R036_T35VNH_20230514T232736,2023-05-14,2.0,36.133102,42.3877846461984,0.0,256,128,0,0,9,"B02,B03,B04,B08"
FI_00000527,11146,11146,2023-05-16,60.65688838242908,27.90019461609265,8.5,,,1000.0,,26.0,4.6,8.5,4.7,8.1,,80.0,6.599999999999999,4.5,15.0,1000.0,,26.0,4.6,0.7,Urpalanj Muurik 002 3000,,Miehikkälä,,,,,,,,,FI_00000504,11146,2023-02-07,60.65688838242908,27.90019461609265,,,,1500.0,,28.0,5.1,S2_FI_00000504,2023-05-15,1,28.729132,42.2096151999223,171.347479837009,,,34VEN,S2B_MSIL2A_20230515T095559_R122_T34VEN_20230515T150703,,7.099999999999999,11.1,,76.0,6.400000000000001,4.1000000000000005,0.2,1500.0,,28.0,5.1,1.0,Urpalanj Muurik 002 3000,,Miehikkälä,,,,,,,,,ok,,-7,,,,,,,,,-5,2023-05-11,0.0,11.547431,S2A_MSIL2A_20230511T093031_R136_T35VNH_20230511T152024,1424.0,1410.0,1534.0,2008.0,-3,2023-05-14,1.0,36.133102,S2A_MSIL2A_20230514T094031_R036_T35VNH_20230514T232736,1250.0,1506.0,1540.0,1996.0,-1,2023-05-14,1.0,36.133102,S2A_MSIL2A_20230514T094031_R036_T35VNH_20230514T232736,1250.0,1506.0,1540.0,1996.0,0,,,,,,,,,1,,,,,,,,,3,2023-05-19,0.0,11.264571,S2B_MSIL2A_20230519T093549_R036_T35VNH_20230519T133524,1375.0,1391.0,1310.0,1900.0,5,,,,,,,,,7,2023-05-24,1.0,15.893959,S2A_MSIL2A_20230524T094031_R036_T35VNH_20240906T080202,1179.0,1247.0,1225.0,1875.0,D:\Water Quality Parameter Estimation\wq_pipeline\artifacts\tolerance_3d\prepared\chips\train\sample_FI_00000527.npz,D:\Water Quality Parameter Estimation\wq_pipeline\artifacts\tolerance_3d\prepared\chips\train\sample_FI_00000527.png,ok,,S2A_MSIL2A_20230514T094031_R036_T35VNH_20230514T232736,2023-05-14,2.0,36.133102,42.3877846461984,0.0,256,128,0,0,9,"B02,B03,B04,B08"
FI_00000528,11146,11146,2023-06-07,60.65688838242908,27.90019461609265,7.099999999999999,,,890.0,,28.0,3.8,7.099999999999999,4.8,7.599999999999999,,78.0,6.5,5.5,16.8,890.0,,28.0,3.8,0.7,Urpalanj Muurik 002 3000,,Miehikkälä,,,,,,,,,FI_00000535,11146,2023-07-04,60.65688838242908,27.90019461609265,14.0,,,740.0,,42.0,7.099999999999999,S2_FI_00000535,2023-06-07,0,97.740269,43.4870133346654,182.061570223468,,,35WNP,S2B_MSIL2A_20230607T100559_R022_T35WNP_20240927T025730,14.0,4.9,5.7,,62.0,6.5,11.449999999999998,19.8,740.0,,42.0,7.099999999999999,0.7,Urpalanj Muurik 002 3000,,Miehikkälä,,,,,,,,,ok,,-7,,,,,,,,,-5,,,,,,,,,-3,,,,,,,,,-1,,,,,,,,,0,,,,,,,,,1,,,,,,,,,3,2023-06-10,0.0,22.142614,S2A_MSIL2A_20230610T093041_R136_T35VNH_20240912T151402,1207.0,1289.0,1264.0,2229.0,5,2023-06-13,1.0,0.253536,S2A_MSIL2A_20230613T094041_R036_T35VNH_20240927T204801,1184.0,1237.0,1212.0,2195.0,7,2023-06-13,1.0,0.253536,S2A_MSIL2A_20230613T094041_R036_T35VNH_20240927T204801,1184.0,1237.0,1212.0,2195.0,D:\Water Quality Parameter Estimation\wq_pipeline\artifacts\tolerance_3d\prepared\chips\train\sample_FI_00000528.npz,D:\Water Quality Parameter Estimation\wq_pipeline\artifacts\tolerance_3d\prepared\chips\train\sample_FI_00000528.png,ok,,S2A_MSIL2A_20230610T093041_R136_T35VNH_20240912T151402,2023-06-10,3.0,22.142614,38.2843653314293,0.0,256,128,0,0,9,"B02,B03,B04,B08"
FI_00000529,11146,11146,2023-06-07,60.65688838242908,27.90019461609265,7.099999999999999,,,890.0,,28.0,3.8,7.099999999999999,4.8,7.599999999999999,,78.0,6.5,5.5,16.8,890.0,,28.0,3.8,0.7,Urpalanj Muurik 002 3000,,Miehikkälä,,,,,,,,,FI_00000535,11146,2023-07-04,60.65688838242908,27.90019461609265,14.0,,,740.0,,42.0,7.099999999999999,S2_FI_00000535,2023-06-07,0,97.740269,43.4870133346654,182.061570223468,,,35WNP,S2B_MSIL2A_20230607T100559_R022_T35WNP_20240927T025730,14.0,4.9,5.7,,62.0,6.5,11.449999999999998,19.8,740.0,,42.0,7.099999999999999,0.7,Urpalanj Muurik 002 3000,,Miehikkälä,,,,,,,,,ok,,-7,,,,,,,,,-5,,,,,,,,,-3,,,,,,,,,-1,,,,,,,,,0,,,,,,,,,1,,,,,,,,,3,2023-06-10,0.0,22.142614,S2A_MSIL2A_20230610T093041_R136_T35VNH_20240912T151402,1207.0,1289.0,1264.0,2229.0,5,2023-06-13,1.0,0.253536,S2A_MSIL2A_20230613T094041_R036_T35VNH_20240927T204801,1184.0,1237.0,1212.0,2195.0,7,2023-06-13,1.0,0.253536,S2A_MSIL2A_20230613T094041_R036_T35VNH_20240927T204801,1184.0,1237.0,1212.0,2195.0,D:\Water Quality Parameter Estimation\wq_pipeline\artifacts\tolerance_3d\prepared\chips\train\sample_FI_00000529.npz,D:\Water Quality Parameter Estimation\wq_pipeline\artifacts\tolerance_3d\prepared\chips\train\sample_FI_00000529.png,ok,,S2A_MSIL2A_20230610T093041_R136_T35VNH_20240912T151402,2023-06-10,3.0,22.142614,38.2843653314293,0.0,256,128,0,0,9,"B02,B03,B04,B08"
FI_00000530,11146,11146,2023-06-07,60.65688838242908,27.90019461609265,7.099999999999999,,,890.0,,28.0,3.8,7.099999999999999,4.8,7.599999999999999,,78.0,6.5,5.5,16.8,890.0,,28.0,3.8,0.7,Urpalanj Muurik 002 3000,,Miehikkälä,,,,,,,,,FI_00000535,11146,2023-07-04,60.65688838242908,27.90019461609265,14.0,,,740.0,,42.0,7.099999999999999,S2_FI_00000535,2023-06-07,0,97.740269,43.4870133346654,182.061570223468,,,35WNP,S2B_MSIL2A_20230607T100559_R022_T35WNP_20240927T025730,14.0,4.9,5.7,,62.0,6.5,11.449999999999998,19.8,740.0,,42.0,7.099999999999999,0.7,Urpalanj Muurik 002 3000,,Miehikkälä,,,,,,,,,ok,,-7,,,,,,,,,-5,,,,,,,,,-3,,,,,,,,,-1,,,,,,,,,0,,,,,,,,,1,,,,,,,,,3,2023-06-10,0.0,22.142614,S2A_MSIL2A_20230610T093041_R136_T35VNH_20240912T151402,1207.0,1289.0,1264.0,2229.0,5,2023-06-13,1.0,0.253536,S2A_MSIL2A_20230613T094041_R036_T35VNH_20240927T204801,1184.0,1237.0,1212.0,2195.0,7,2023-06-13,1.0,0.253536,S2A_MSIL2A_20230613T094041_R036_T35VNH_20240927T204801,1184.0,1237.0,1212.0,2195.0,D:\Water Quality Parameter Estimation\wq_pipeline\artifacts\tolerance_3d\prepared\chips\train\sample_FI_00000530.npz,D:\Water Quality Parameter Estimation\wq_pipeline\artifacts\tolerance_3d\prepared\chips\train\sample_FI_00000530.png,ok,,S2A_MSIL2A_20230610T093041_R136_T35VNH_20240912T151402,2023-06-10,3.0,22.142614,38.2843653314293,0.0,256,128,0,0,9,"B02,B03,B04,B08"
FI_00000531,11146,11146,2023-06-07,60.65688838242908,27.90019461609265,7.099999999999999,,,890.0,,28.0,3.8,7.099999999999999,4.8,7.599999999999999,,78.0,6.5,5.5,16.8,890.0,,28.0,3.8,0.7,Urpalanj Muurik 002 3000,,Miehikkälä,,,,,,,,,FI_00000535,11146,2023-07-04,60.65688838242908,27.90019461609265,14.0,,,740.0,,42.0,7.099999999999999,S2_FI_00000535,2023-06-07,0,97.740269,43.4870133346654,182.061570223468,,,35WNP,S2B_MSIL2A_20230607T100559_R022_T35WNP_20240927T025730,14.0,4.9,5.7,,62.0,6.5,11.449999999999998,19.8,740.0,,42.0,7.099999999999999,0.7,Urpalanj Muurik 002 3000,,Miehikkälä,,,,,,,,,ok,,-7,,,,,,,,,-5,,,,,,,,,-3,,,,,,,,,-1,,,,,,,,,0,,,,,,,,,1,,,,,,,,,3,2023-06-10,0.0,22.142614,S2A_MSIL2A_20230610T093041_R136_T35VNH_20240912T151402,1207.0,1289.0,1264.0,2229.0,5,2023-06-13,1.0,0.253536,S2A_MSIL2A_20230613T094041_R036_T35VNH_20240927T204801,1184.0,1237.0,1212.0,2195.0,7,2023-06-13,1.0,0.253536,S2A_MSIL2A_20230613T094041_R036_T35VNH_20240927T204801,1184.0,1237.0,1212.0,2195.0,D:\Water Quality Parameter Estimation\wq_pipeline\artifacts\tolerance_3d\prepared\chips\train\sample_FI_00000531.npz,D:\Water Quality Parameter Estimation\wq_pipeline\artifacts\tolerance_3d\prepared\chips\train\sample_FI_00000531.png,ok,,S2A_MSIL2A_20230610T093041_R136_T35VNH_20240912T151402,2023-06-10,3.0,22.142614,38.2843653314293,0.0,256,128,0,0,9,"B02,B03,B04,B08"
FI_00000532,11146,11146,2023-06-07,60.65688838242908,27.90019461609265,7.099999999999999,,,890.0,,28.0,3.8,7.099999999999999,4.8,7.599999999999999,,78.0,6.5,5.5,16.8,890.0,,28.0,3.8,0.7,Urpalanj Muurik 002 3000,,Miehikkälä,,,,,,,,,FI_00000535,11146,2023-07-04,60.65688838242908,27.90019461609265,14.0,,,740.0,,42.0,7.099999999999999,S2_FI_00000535,2023-06-07,0,97.740269,43.4870133346654,182.061570223468,,,35WNP,S2B_MSIL2A_20230607T100559_R022_T35WNP_20240927T025730,14.0,4.9,5.7,,62.0,6.5,11.449999999999998,19.8,740.0,,42.0,7.099999999999999,0.7,Urpalanj Muurik 002 3000,,Miehikkälä,,,,,,,,,ok,,-7,,,,,,,,,-5,,,,,,,,,-3,,,,,,,,,-1,,,,,,,,,0,,,,,,,,,1,,,,,,,,,3,2023-06-10,0.0,22.142614,S2A_MSIL2A_20230610T093041_R136_T35VNH_20240912T151402,1207.0,1289.0,1264.0,2229.0,5,2023-06-13,1.0,0.253536,S2A_MSIL2A_20230613T094041_R036_T35VNH_20240927T204801,1184.0,1237.0,1212.0,2195.0,7,2023-06-13,1.0,0.253536,S2A_MSIL2A_20230613T094041_R036_T35VNH_20240927T204801,1184.0,1237.0,1212.0,2195.0,D:\Water Quality Parameter Estimation\wq_pipeline\artifacts\tolerance_3d\prepared\chips\train\sample_FI_00000532.npz,D:\Water Quality Parameter Estimation\wq_pipeline\artifacts\tolerance_3d\prepared\chips\train\sample_FI_00000532.png,ok,,S2A_MSIL2A_20230610T093041_R136_T35VNH_20240912T151402,2023-06-10,3.0,22.142614,38.2843653314293,0.0,256,128,0,0,9,"B02,B03,B04,B08"
FI_00000533,11146,11146,2023-06-07,60.65688838242908,27.90019461609265,7.099999999999999,,,890.0,,28.0,3.8,7.099999999999999,4.8,7.599999999999999,,78.0,6.5,5.5,16.8,890.0,,28.0,3.8,0.7,Urpalanj Muurik 002 3000,,Miehikkälä,,,,,,,,,FI_00000535,11146,2023-07-04,60.65688838242908,27.90019461609265,14.0,,,740.0,,42.0,7.099999999999999,S2_FI_00000535,2023-06-07,0,97.740269,43.4870133346654,182.061570223468,,,35WNP,S2B_MSIL2A_20230607T100559_R022_T35WNP_20240927T025730,14.0,4.9,5.7,,62.0,6.5,11.449999999999998,19.8,740.0,,42.0,7.099999999999999,0.7,Urpalanj Muurik 002 3000,,Miehikkälä,,,,,,,,,ok,,-7,,,,,,,,,-5,,,,,,,,,-3,,,,,,,,,-1,,,,,,,,,0,,,,,,,,,1,,,,,,,,,3,2023-06-10,0.0,22.142614,S2A_MSIL2A_20230610T093041_R136_T35VNH_20240912T151402,1207.0,1289.0,1264.0,2229.0,5,2023-06-13,1.0,0.253536,S2A_MSIL2A_20230613T094041_R036_T35VNH_20240927T204801,1184.0,1237.0,1212.0,2195.0,7,2023-06-13,1.0,0.253536,S2A_MSIL2A_20230613T094041_R036_T35VNH_20240927T204801,1184.0,1237.0,1212.0,2195.0,D:\Water Quality Parameter Estimation\wq_pipeline\artifacts\tolerance_3d\prepared\chips\train\sample_FI_00000533.npz,D:\Water Quality Parameter Estimation\wq_pipeline\artifacts\tolerance_3d\prepared\chips\train\sample_FI_00000533.png,ok,,S2A_MSIL2A_20230610T093041_R136_T35VNH_20240912T151402,2023-06-10,3.0,22.142614,38.2843653314293,0.0,256,128,0,0,9,"B02,B03,B04,B08"
FI_00000534,11146,11146,2023-07-04,60.65688838242908,27.90019461609265,14.0,,,740.0,,42.0,7.099999999999999,14.0,4.9,5.7,,62.0,6.5,11.449999999999998,19.8,740.0,,42.0,7.099999999999999,0.7,Urpalanj Muurik 002 3000,,Miehikkälä,,,,,,,,,FI_00000506,11146,2023-02-07,60.65688838242908,27.90019461609265,,,,1500.0,,28.0,5.1,S2_FI_00000506,2023-07-02,2,63.036811,37.9980577317063,171.675280528173,,,34VEN,S2A_MSIL2A_20230702T100601_R022_T34VEN_20230702T182911,,7.099999999999999,11.1,,76.0,6.400000000000001,4.1000000000000005,0.2,1500.0,,28.0,5.1,1.0,Urpalanj Muurik 002 3000,,Miehikkälä,,,,,,,,,ok,,-7,,,,,,,,,-5,2023-06-30,1.0,37.178165,S2A_MSIL2A_20230630T093041_R136_T35VNH_20240925T041129,2082.0,2520.0,2494.0,3048.0,-3,2023-06-30,1.0,37.178165,S2A_MSIL2A_20230630T093041_R136_T35VNH_20240925T041129,2082.0,2520.0,2494.0,3048.0,-1,,,,,,,,,0,,,,,,,,,1,,,,,,,,,3,,,,,,,,,5,2023-07-10,1.0,26.418412,S2A_MSIL2A_20230710T093041_R136_T35VNH_20241017T153036,1218.0,1190.0,1180.0,2193.0,7,2023-07-10,1.0,26.418412,S2A_MSIL2A_20230710T093041_R136_T35VNH_20241017T153036,1218.0,1190.0,1180.0,2193.0,,,no_match,no_stac_item,,,,,,,256,128,0,0,0,"B02,B03,B04,B08"
FI_00000535,11146,11146,2023-07-04,60.65688838242908,27.90019461609265,14.0,,,740.0,,42.0,7.099999999999999,14.0,4.9,5.7,,62.0,6.5,11.449999999999998,19.8,740.0,,42.0,7.099999999999999,0.7,Urpalanj Muurik 002 3000,,Miehikkälä,,,,,,,,,FI_00000506,11146,2023-02-07,60.65688838242908,27.90019461609265,,,,1500.0,,28.0,5.1,S2_FI_00000506,2023-07-02,2,63.036811,37.9980577317063,171.675280528173,,,34VEN,S2A_MSIL2A_20230702T100601_R022_T34VEN_20230702T182911,,7.099999999999999,11.1,,76.0,6.400000000000001,4.1000000000000005,0.2,1500.0,,28.0,5.1,1.0,Urpalanj Muurik 002 3000,,Miehikkälä,,,,,,,,,ok,,-7,,,,,,,,,-5,2023-06-30,1.0,37.178165,S2A_MSIL2A_20230630T093041_R136_T35VNH_20240925T041129,2082.0,2520.0,2494.0,3048.0,-3,2023-06-30,1.0,37.178165,S2A_MSIL2A_20230630T093041_R136_T35VNH_20240925T041129,2082.0,2520.0,2494.0,3048.0,-1,,,,,,,,,0,,,,,,,,,1,,,,,,,,,3,,,,,,,,,5,2023-07-10,1.0,26.418412,S2A_MSIL2A_20230710T093041_R136_T35VNH_20241017T153036,1218.0,1190.0,1180.0,2193.0,7,2023-07-10,1.0,26.418412,S2A_MSIL2A_20230710T093041_R136_T35VNH_20241017T153036,1218.0,1190.0,1180.0,2193.0,,,no_match,no_stac_item,,,,,,,256,128,0,0,0,"B02,B03,B04,B08"
FI_00000536,11146,11146,2023-07-04,60.65688838242908,27.90019461609265,14.0,,,740.0,,42.0,7.099999999999999,14.0,4.9,5.7,,62.0,6.5,11.449999999999998,19.8,740.0,,42.0,7.099999999999999,0.7,Urpalanj Muurik 002 3000,,Miehikkälä,,,,,,,,,FI_00000506,11146,2023-02-07,60.65688838242908,27.90019461609265,,,,1500.0,,28.0,5.1,S2_FI_00000506,2023-07-02,2,63.036811,37.9980577317063,171.675280528173,,,34VEN,S2A_MSIL2A_20230702T100601_R022_T34VEN_20230702T182911,,7.099999999999999,11.1,,76.0,6.400000000000001,4.1000000000000005,0.2,1500.0,,28.0,5.1,1.0,Urpalanj Muurik 002 3000,,Miehikkälä,,,,,,,,,ok,,-7,,,,,,,,,-5,2023-06-30,1.0,37.178165,S2A_MSIL2A_20230630T093041_R136_T35VNH_20240925T041129,2082.0,2520.0,2494.0,3048.0,-3,2023-06-30,1.0,37.178165,S2A_MSIL2A_20230630T093041_R136_T35VNH_20240925T041129,2082.0,2520.0,2494.0,3048.0,-1,,,,,,,,,0,,,,,,,,,1,,,,,,,,,3,,,,,,,,,5,2023-07-10,1.0,26.418412,S2A_MSIL2A_20230710T093041_R136_T35VNH_20241017T153036,1218.0,1190.0,1180.0,2193.0,7,2023-07-10,1.0,26.418412,S2A_MSIL2A_20230710T093041_R136_T35VNH_20241017T153036,1218.0,1190.0,1180.0,2193.0,,,no_match,no_stac_item,,,,,,,256,128,0,0,0,"B02,B03,B04,B08"
FI_00000537,11146,11146,2023-07-04,60.65688838242908,27.90019461609265,14.0,,,740.0,,42.0,7.099999999999999,14.0,4.9,5.7,,62.0,6.5,11.449999999999998,19.8,740.0,,42.0,7.099999999999999,0.7,Urpalanj Muurik 002 3000,,Miehikkälä,,,,,,,,,FI_00000506,11146,2023-02-07,60.65688838242908,27.90019461609265,,,,1500.0,,28.0,5.1,S2_FI_00000506,2023-07-02,2,63.036811,37.9980577317063,171.675280528173,,,34VEN,S2A_MSIL2A_20230702T100601_R022_T34VEN_20230702T182911,,7.099999999999999,11.1,,76.0,6.400000000000001,4.1000000000000005,0.2,1500.0,,28.0,5.1,1.0,Urpalanj Muurik 002 3000,,Miehikkälä,,,,,,,,,ok,,-7,,,,,,,,,-5,2023-06-30,1.0,37.178165,S2A_MSIL2A_20230630T093041_R136_T35VNH_20240925T041129,2082.0,2520.0,2494.0,3048.0,-3,2023-06-30,1.0,37.178165,S2A_MSIL2A_20230630T093041_R136_T35VNH_20240925T041129,2082.0,2520.0,2494.0,3048.0,-1,,,,,,,,,0,,,,,,,,,1,,,,,,,,,3,,,,,,,,,5,2023-07-10,1.0,26.418412,S2A_MSIL2A_20230710T093041_R136_T35VNH_20241017T153036,1218.0,1190.0,1180.0,2193.0,7,2023-07-10,1.0,26.418412,S2A_MSIL2A_20230710T093041_R136_T35VNH_20241017T153036,1218.0,1190.0,1180.0,2193.0,,,no_match,no_stac_item,,,,,,,256,128,0,0,0,"B02,B03,B04,B08"
FI_00000538,11146,11146,2023-07-04,60.65688838242908,27.90019461609265,14.0,,,740.0,,42.0,7.099999999999999,14.0,4.9,5.7,,62.0,6.5,11.449999999999998,19.8,740.0,,42.0,7.099999999999999,0.7,Urpalanj Muurik 002 3000,,Miehikkälä,,,,,,,,,FI_00000506,11146,2023-02-07,60.65688838242908,27.90019461609265,,,,1500.0,,28.0,5.1,S2_FI_00000506,2023-07-02,2,63.036811,37.9980577317063,171.675280528173,,,34VEN,S2A_MSIL2A_20230702T100601_R022_T34VEN_20230702T182911,,7.099999999999999,11.1,,76.0,6.400000000000001,4.1000000000000005,0.2,1500.0,,28.0,5.1,1.0,Urpalanj Muurik 002 3000,,Miehikkälä,,,,,,,,,ok,,-7,,,,,,,,,-5,2023-06-30,1.0,37.178165,S2A_MSIL2A_20230630T093041_R136_T35VNH_20240925T041129,2082.0,2520.0,2494.0,3048.0,-3,2023-06-30,1.0,37.178165,S2A_MSIL2A_20230630T093041_R136_T35VNH_20240925T041129,2082.0,2520.0,2494.0,3048.0,-1,,,,,,,,,0,,,,,,,,,1,,,,,,,,,3,,,,,,,,,5,2023-07-10,1.0,26.418412,S2A_MSIL2A_20230710T093041_R136_T35VNH_20241017T153036,1218.0,1190.0,1180.0,2193.0,7,2023-07-10,1.0,26.418412,S2A_MSIL2A_20230710T093041_R136_T35VNH_20241017T153036,1218.0,1190.0,1180.0,2193.0,,,no_match,no_stac_item,,,,,,,256,128,0,0,0,"B02,B03,B04,B08"
FI_00000539,11146,11146,2023-07-04,60.65688838242908,27.90019461609265,14.0,,,740.0,,42.0,7.099999999999999,14.0,4.9,5.7,,62.0,6.5,11.449999999999998,19.8,740.0,,42.0,7.099999999999999,0.7,Urpalanj Muurik 002 3000,,Miehikkälä,,,,,,,,,FI_00000506,11146,2023-02-07,60.65688838242908,27.90019461609265,,,,1500.0,,28.0,5.1,S2_FI_00000506,2023-07-02,2,63.036811,37.9980577317063,171.675280528173,,,34VEN,S2A_MSIL2A_20230702T100601_R022_T34VEN_20230702T182911,,7.099999999999999,11.1,,76.0,6.400000000000001,4.1000000000000005,0.2,1500.0,,28.0,5.1,1.0,Urpalanj Muurik 002 3000,,Miehikkälä,,,,,,,,,ok,,-7,,,,,,,,,-5,2023-06-30,1.0,37.178165,S2A_MSIL2A_20230630T093041_R136_T35VNH_20240925T041129,2082.0,2520.0,2494.0,3048.0,-3,2023-06-30,1.0,37.178165,S2A_MSIL2A_20230630T093041_R136_T35VNH_20240925T041129,2082.0,2520.0,2494.0,3048.0,-1,,,,,,,,,0,,,,,,,,,1,,,,,,,,,3,,,,,,,,,5,2023-07-10,1.0,26.418412,S2A_MSIL2A_20230710T093041_R136_T35VNH_20241017T153036,1218.0,1190.0,1180.0,2193.0,7,2023-07-10,1.0,26.418412,S2A_MSIL2A_20230710T093041_R136_T35VNH_20241017T153036,1218.0,1190.0,1180.0,2193.0,,,no_match,no_stac_item,,,,,,,256,128,0,0,0,"B02,B03,B04,B08"
FI_00000540,11146,11146,2023-08-01,60.65688838242908,27.90019461609265,6.8,,,590.0,,30.0,3.5,6.8,5.0,6.099999999999999,,68.0,6.7,3.7,20.7,590.0,,30.0,3.5,0.7,Urpalanj Muurik 002 3000,,Miehikkälä,,,,,,,,,FI_00000582,11146,2024-03-05,60.65688838242908,27.90019461609265,,,,1300.0,,33.0,6.2,S2_FI_00000582,2023-07-30,2,83.717018,45.3440461419301,168.879000655243,,,36VUR,S2A_MSIL2A_20230730T093041_R136_T36VUR_20241018T172529,,6.900000000000001,11.1,,77.0,6.7,6.599999999999999,0.7000000000000001,1300.0,,33.0,6.2,0.7,Urpalanj Muurik 002 3000,,Miehikkälä,,,,,,,,,ok,,-7,,,,,,,,,-5,,,,,,,,,-3,2023-07-30,1.0,24.036452,S2A_MSIL2A_20230730T093041_R136_T35VNH_20241018T172529,1160.0,1185.0,1166.0,2245.0,-1,2023-07-30,1.0,24.036452,S2A_MSIL2A_20230730T093041_R136_T35VNH_20241018T172529,1160.0,1185.0,1166.0,2245.0,0,,,,,,,,,1,,,,,,,,,3,,,,,,,,,5,2023-08-07,1.0,0.359923,S2B_MSIL2A_20230807T093549_R036_T35VNH_20230807T143220,1194.0,1180.0,1214.0,2088.0,7,2023-08-07,1.0,0.359923,S2B_MSIL2A_20230807T093549_R036_T35VNH_20230807T143220,1194.0,1180.0,1214.0,2088.0,D:\Water Quality Parameter Estimation\wq_pipeline\artifacts\tolerance_3d\prepared\chips\train\sample_FI_00000540.npz,D:\Water Quality Parameter Estimation\wq_pipeline\artifacts\tolerance_3d\prepared\chips\train\sample_FI_00000540.png,ok,,S2A_MSIL2A_20230730T093041_R136_T35VNH_20241018T172529,2023-07-30,2.0,24.036452,42.9349625787504,0.0,256,128,0,0,9,"B02,B03,B04,B08"
FI_00000541,11146,11146,2023-08-01,60.65688838242908,27.90019461609265,6.8,,,590.0,,30.0,3.5,6.8,5.0,6.099999999999999,,68.0,6.7,3.7,20.7,590.0,,30.0,3.5,0.7,Urpalanj Muurik 002 3000,,Miehikkälä,,,,,,,,,FI_00000582,11146,2024-03-05,60.65688838242908,27.90019461609265,,,,1300.0,,33.0,6.2,S2_FI_00000582,2023-07-30,2,83.717018,45.3440461419301,168.879000655243,,,36VUR,S2A_MSIL2A_20230730T093041_R136_T36VUR_20241018T172529,,6.900000000000001,11.1,,77.0,6.7,6.599999999999999,0.7000000000000001,1300.0,,33.0,6.2,0.7,Urpalanj Muurik 002 3000,,Miehikkälä,,,,,,,,,ok,,-7,,,,,,,,,-5,,,,,,,,,-3,2023-07-30,1.0,24.036452,S2A_MSIL2A_20230730T093041_R136_T35VNH_20241018T172529,1160.0,1185.0,1166.0,2245.0,-1,2023-07-30,1.0,24.036452,S2A_MSIL2A_20230730T093041_R136_T35VNH_20241018T172529,1160.0,1185.0,1166.0,2245.0,0,,,,,,,,,1,,,,,,,,,3,,,,,,,,,5,2023-08-07,1.0,0.359923,S2B_MSIL2A_20230807T093549_R036_T35VNH_20230807T143220,1194.0,1180.0,1214.0,2088.0,7,2023-08-07,1.0,0.359923,S2B_MSIL2A_20230807T093549_R036_T35VNH_20230807T143220,1194.0,1180.0,1214.0,2088.0,D:\Water Quality Parameter Estimation\wq_pipeline\artifacts\tolerance_3d\prepared\chips\train\sample_FI_00000541.npz,D:\Water Quality Parameter Estimation\wq_pipeline\artifacts\tolerance_3d\prepared\chips\train\sample_FI_00000541.png,ok,,S2A_MSIL2A_20230730T093041_R136_T35VNH_20241018T172529,2023-07-30,2.0,24.036452,42.9349625787504,0.0,256,128,0,0,9,"B02,B03,B04,B08"
FI_00000542,11146,11146,2023-08-01,60.65688838242908,27.90019461609265,6.8,,,590.0,,30.0,3.5,6.8,5.0,6.099999999999999,,68.0,6.7,3.7,20.7,590.0,,30.0,3.5,0.7,Urpalanj Muurik 002 3000,,Miehikkälä,,,,,,,,,FI_00000582,11146,2024-03-05,60.65688838242908,27.90019461609265,,,,1300.0,,33.0,6.2,S2_FI_00000582,2023-07-30,2,83.717018,45.3440461419301,168.879000655243,,,36VUR,S2A_MSIL2A_20230730T093041_R136_T36VUR_20241018T172529,,6.900000000000001,11.1,,77.0,6.7,6.599999999999999,0.7000000000000001,1300.0,,33.0,6.2,0.7,Urpalanj Muurik 002 3000,,Miehikkälä,,,,,,,,,ok,,-7,,,,,,,,,-5,,,,,,,,,-3,2023-07-30,1.0,24.036452,S2A_MSIL2A_20230730T093041_R136_T35VNH_20241018T172529,1160.0,1185.0,1166.0,2245.0,-1,2023-07-30,1.0,24.036452,S2A_MSIL2A_20230730T093041_R136_T35VNH_20241018T172529,1160.0,1185.0,1166.0,2245.0,0,,,,,,,,,1,,,,,,,,,3,,,,,,,,,5,2023-08-07,1.0,0.359923,S2B_MSIL2A_20230807T093549_R036_T35VNH_20230807T143220,1194.0,1180.0,1214.0,2088.0,7,2023-08-07,1.0,0.359923,S2B_MSIL2A_20230807T093549_R036_T35VNH_20230807T143220,1194.0,1180.0,1214.0,2088.0,D:\Water Quality Parameter Estimation\wq_pipeline\artifacts\tolerance_3d\prepared\chips\train\sample_FI_00000542.npz,D:\Water Quality Parameter Estimation\wq_pipeline\artifacts\tolerance_3d\prepared\chips\train\sample_FI_00000542.png,ok,,S2A_MSIL2A_20230730T093041_R136_T35VNH_20241018T172529,2023-07-30,2.0,24.036452,42.9349625787504,0.0,256,128,0,0,9,"B02,B03,B04,B08"
FI_00000543,11146,11146,2023-08-01,60.65688838242908,27.90019461609265,6.8,,,590.0,,30.0,3.5,6.8,5.0,6.099999999999999,,68.0,6.7,3.7,20.7,590.0,,30.0,3.5,0.7,Urpalanj Muurik 002 3000,,Miehikkälä,,,,,,,,,FI_00000582,11146,2024-03-05,60.65688838242908,27.90019461609265,,,,1300.0,,33.0,6.2,S2_FI_00000582,2023-07-30,2,83.717018,45.3440461419301,168.879000655243,,,36VUR,S2A_MSIL2A_20230730T093041_R136_T36VUR_20241018T172529,,6.900000000000001,11.1,,77.0,6.7,6.599999999999999,0.7000000000000001,1300.0,,33.0,6.2,0.7,Urpalanj Muurik 002 3000,,Miehikkälä,,,,,,,,,ok,,-7,,,,,,,,,-5,,,,,,,,,-3,2023-07-30,1.0,24.036452,S2A_MSIL2A_20230730T093041_R136_T35VNH_20241018T172529,1160.0,1185.0,1166.0,2245.0,-1,2023-07-30,1.0,24.036452,S2A_MSIL2A_20230730T093041_R136_T35VNH_20241018T172529,1160.0,1185.0,1166.0,2245.0,0,,,,,,,,,1,,,,,,,,,3,,,,,,,,,5,2023-08-07,1.0,0.359923,S2B_MSIL2A_20230807T093549_R036_T35VNH_20230807T143220,1194.0,1180.0,1214.0,2088.0,7,2023-08-07,1.0,0.359923,S2B_MSIL2A_20230807T093549_R036_T35VNH_20230807T143220,1194.0,1180.0,1214.0,2088.0,D:\Water Quality Parameter Estimation\wq_pipeline\artifacts\tolerance_3d\prepared\chips\train\sample_FI_00000543.npz,D:\Water Quality Parameter Estimation\wq_pipeline\artifacts\tolerance_3d\prepared\chips\train\sample_FI_00000543.png,ok,,S2A_MSIL2A_20230730T093041_R136_T35VNH_20241018T172529,2023-07-30,2.0,24.036452,42.9349625787504,0.0,256,128,0,0,9,"B02,B03,B04,B08"
FI_00000544,11146,11146,2023-08-01,60.65688838242908,27.90019461609265,6.8,,,590.0,,30.0,3.5,6.8,5.0,6.099999999999999,,68.0,6.7,3.7,20.7,590.0,,30.0,3.5,0.7,Urpalanj Muurik 002 3000,,Miehikkälä,,,,,,,,,FI_00000582,11146,2024-03-05,60.65688838242908,27.90019461609265,,,,1300.0,,33.0,6.2,S2_FI_00000582,2023-07-30,2,83.717018,45.3440461419301,168.879000655243,,,36VUR,S2A_MSIL2A_20230730T093041_R136_T36VUR_20241018T172529,,6.900000000000001,11.1,,77.0,6.7,6.599999999999999,0.7000000000000001,1300.0,,33.0,6.2,0.7,Urpalanj Muurik 002 3000,,Miehikkälä,,,,,,,,,ok,,-7,,,,,,,,,-5,,,,,,,,,-3,2023-07-30,1.0,24.036452,S2A_MSIL2A_20230730T093041_R136_T35VNH_20241018T172529,1160.0,1185.0,1166.0,2245.0,-1,2023-07-30,1.0,24.036452,S2A_MSIL2A_20230730T093041_R136_T35VNH_20241018T172529,1160.0,1185.0,1166.0,2245.0,0,,,,,,,,,1,,,,,,,,,3,,,,,,,,,5,2023-08-07,1.0,0.359923,S2B_MSIL2A_20230807T093549_R036_T35VNH_20230807T143220,1194.0,1180.0,1214.0,2088.0,7,2023-08-07,1.0,0.359923,S2B_MSIL2A_20230807T093549_R036_T35VNH_20230807T143220,1194.0,1180.0,1214.0,2088.0,D:\Water Quality Parameter Estimation\wq_pipeline\artifacts\tolerance_3d\prepared\chips\train\sample_FI_00000544.npz,D:\Water Quality Parameter Estimation\wq_pipeline\artifacts\tolerance_3d\prepared\chips\train\sample_FI_00000544.png,ok,,S2A_MSIL2A_20230730T093041_R136_T35VNH_20241018T172529,2023-07-30,2.0,24.036452,42.9349625787504,0.0,256,128,0,0,9,"B02,B03,B04,B08"
FI_00000545,11146,11146,2023-08-01,60.65688838242908,27.90019461609265,6.8,,,590.0,,30.0,3.5,6.8,5.0,6.099999999999999,,68.0,6.7,3.7,20.7,590.0,,30.0,3.5,0.7,Urpalanj Muurik 002 3000,,Miehikkälä,,,,,,,,,FI_00000582,11146,2024-03-05,60.65688838242908,27.90019461609265,,,,1300.0,,33.0,6.2,S2_FI_00000582,2023-07-30,2,83.717018,45.3440461419301,168.879000655243,,,36VUR,S2A_MSIL2A_20230730T093041_R136_T36VUR_20241018T172529,,6.900000000000001,11.1,,77.0,6.7,6.599999999999999,0.7000000000000001,1300.0,,33.0,6.2,0.7,Urpalanj Muurik 002 3000,,Miehikkälä,,,,,,,,,ok,,-7,,,,,,,,,-5,,,,,,,,,-3,2023-07-30,1.0,24.036452,S2A_MSIL2A_20230730T093041_R136_T35VNH_20241018T172529,1160.0,1185.0,1166.0,2245.0,-1,2023-07-30,1.0,24.036452,S2A_MSIL2A_20230730T093041_R136_T35VNH_20241018T172529,1160.0,1185.0,1166.0,2245.0,0,,,,,,,,,1,,,,,,,,,3,,,,,,,,,5,2023-08-07,1.0,0.359923,S2B_MSIL2A_20230807T093549_R036_T35VNH_20230807T143220,1194.0,1180.0,1214.0,2088.0,7,2023-08-07,1.0,0.359923,S2B_MSIL2A_20230807T093549_R036_T35VNH_20230807T143220,1194.0,1180.0,1214.0,2088.0,D:\Water Quality Parameter Estimation\wq_pipeline\artifacts\tolerance_3d\prepared\chips\train\sample_FI_00000545.npz,D:\Water Quality Parameter Estimation\wq_pipeline\artifacts\tolerance_3d\prepared\chips\train\sample_FI_00000545.png,ok,,S2A_MSIL2A_20230730T093041_R136_T35VNH_20241018T172529,2023-07-30,2.0,24.036452,42.9349625787504,0.0,256,128,0,0,9,"B02,B03,B04,B08"
FI_00000546,11146,11146,2023-09-05,60.65688838242908,27.90019461609265,7.7,,,300.0,,26.0,1.1,7.7,5.0,6.2,,65.0,6.599999999999999,1.65,17.5,300.0,,26.0,1.1,0.7,Urpalanj Muurik 002 3000,,Miehikkälä,,,,,,,,,FI_00000508,11146,2023-02-07,60.65688838242908,27.90019461609265,,,,1500.0,,28.0,5.1,S2_FI_00000508,2023-09-04,1,47.679329,54.0904037793306,168.563144428723,,,34VEN,S2A_MSIL2A_20230904T095031_R079_T34VEN_20241017T204831,,7.099999999999999,11.1,,76.0,6.400000000000001,4.1000000000000005,0.2,1500.0,,28.0,5.1,1.0,Urpalanj Muurik 002 3000,,Miehikkälä,,,,,,,,,ok,,-7,2023-08-29,0.0,26.553354,S2A_MSIL2A_20230829T093041_R136_T35VNH_20241017T210307,1169.0,1180.0,1109.0,1306.0,-5,,,,,,,,,-3,,,,,,,,,-1,,,,,,,,,0,2023-09-06,1.0,25.755775,S2B_MSIL2A_20230906T093549_R036_T35VNH_20241029T123722,3956.0,3842.0,3644.0,4456.0,1,2023-09-06,0.0,25.755775,S2B_MSIL2A_20230906T093549_R036_T35VNH_20241029T123722,3956.0,3842.0,3644.0,4456.0,3,,,,,,,,,5,,,,,,,,,7,,,,,,,,,D:\Water Quality Parameter Estimation\wq_pipeline\artifacts\tolerance_3d\prepared\chips\train\sample_FI_00000546.npz,D:\Water Quality Parameter Estimation\wq_pipeline\artifacts\tolerance_3d\prepared\chips\train\sample_FI_00000546.png,ok,,S2B_MSIL2A_20230906T093549_R036_T35VNH_20241029T123722,2023-09-06,1.0,25.755775,54.5450230268766,0.0,256,128,0,0,9,"B02,B03,B04,B08"
FI_00000547,11146,11146,2023-09-05,60.65688838242908,27.90019461609265,7.7,,,300.0,,26.0,1.1,7.7,5.0,6.2,,65.0,6.599999999999999,1.65,17.5,300.0,,26.0,1.1,0.7,Urpalanj Muurik 002 3000,,Miehikkälä,,,,,,,,,FI_00000508,11146,2023-02-07,60.65688838242908,27.90019461609265,,,,1500.0,,28.0,5.1,S2_FI_00000508,2023-09-04,1,47.679329,54.0904037793306,168.563144428723,,,34VEN,S2A_MSIL2A_20230904T095031_R079_T34VEN_20241017T204831,,7.099999999999999,11.1,,76.0,6.400000000000001,4.1000000000000005,0.2,1500.0,,28.0,5.1,1.0,Urpalanj Muurik 002 3000,,Miehikkälä,,,,,,,,,ok,,-7,2023-08-29,0.0,26.553354,S2A_MSIL2A_20230829T093041_R136_T35VNH_20241017T210307,1169.0,1180.0,1109.0,1306.0,-5,,,,,,,,,-3,,,,,,,,,-1,,,,,,,,,0,2023-09-06,1.0,25.755775,S2B_MSIL2A_20230906T093549_R036_T35VNH_20241029T123722,3956.0,3842.0,3644.0,4456.0,1,2023-09-06,0.0,25.755775,S2B_MSIL2A_20230906T093549_R036_T35VNH_20241029T123722,3956.0,3842.0,3644.0,4456.0,3,,,,,,,,,5,,,,,,,,,7,,,,,,,,,D:\Water Quality Parameter Estimation\wq_pipeline\artifacts\tolerance_3d\prepared\chips\train\sample_FI_00000547.npz,D:\Water Quality Parameter Estimation\wq_pipeline\artifacts\tolerance_3d\prepared\chips\train\sample_FI_00000547.png,ok,,S2B_MSIL2A_20230906T093549_R036_T35VNH_20241029T123722,2023-09-06,1.0,25.755775,54.5450230268766,0.0,256,128,0,0,9,"B02,B03,B04,B08"
FI_00000548,11146,11146,2023-09-05,60.65688838242908,27.90019461609265,7.7,,,300.0,,26.0,1.1,7.7,5.0,6.2,,65.0,6.599999999999999,1.65,17.5,300.0,,26.0,1.1,0.7,Urpalanj Muurik 002 3000,,Miehikkälä,,,,,,,,,FI_00000508,11146,2023-02-07,60.65688838242908,27.90019461609265,,,,1500.0,,28.0,5.1,S2_FI_00000508,2023-09-04,1,47.679329,54.0904037793306,168.563144428723,,,34VEN,S2A_MSIL2A_20230904T095031_R079_T34VEN_20241017T204831,,7.099999999999999,11.1,,76.0,6.400000000000001,4.1000000000000005,0.2,1500.0,,28.0,5.1,1.0,Urpalanj Muurik 002 3000,,Miehikkälä,,,,,,,,,ok,,-7,2023-08-29,0.0,26.553354,S2A_MSIL2A_20230829T093041_R136_T35VNH_20241017T210307,1169.0,1180.0,1109.0,1306.0,-5,,,,,,,,,-3,,,,,,,,,-1,,,,,,,,,0,2023-09-06,1.0,25.755775,S2B_MSIL2A_20230906T093549_R036_T35VNH_20241029T123722,3956.0,3842.0,3644.0,4456.0,1,2023-09-06,0.0,25.755775,S2B_MSIL2A_20230906T093549_R036_T35VNH_20241029T123722,3956.0,3842.0,3644.0,4456.0,3,,,,,,,,,5,,,,,,,,,7,,,,,,,,,D:\Water Quality Parameter Estimation\wq_pipeline\artifacts\tolerance_3d\prepared\chips\train\sample_FI_00000548.npz,D:\Water Quality Parameter Estimation\wq_pipeline\artifacts\tolerance_3d\prepared\chips\train\sample_FI_00000548.png,ok,,S2B_MSIL2A_20230906T093549_R036_T35VNH_20241029T123722,2023-09-06,1.0,25.755775,54.5450230268766,0.0,256,128,0,0,9,"B02,B03,B04,B08"
FI_00000549,11146,11146,2023-09-05,60.65688838242908,27.90019461609265,7.7,,,300.0,,26.0,1.1,7.7,5.0,6.2,,65.0,6.599999999999999,1.65,17.5,300.0,,26.0,1.1,0.7,Urpalanj Muurik 002 3000,,Miehikkälä,,,,,,,,,FI_00000508,11146,2023-02-07,60.65688838242908,27.90019461609265,,,,1500.0,,28.0,5.1,S2_FI_00000508,2023-09-04,1,47.679329,54.0904037793306,168.563144428723,,,34VEN,S2A_MSIL2A_20230904T095031_R079_T34VEN_20241017T204831,,7.099999999999999,11.1,,76.0,6.400000000000001,4.1000000000000005,0.2,1500.0,,28.0,5.1,1.0,Urpalanj Muurik 002 3000,,Miehikkälä,,,,,,,,,ok,,-7,2023-08-29,0.0,26.553354,S2A_MSIL2A_20230829T093041_R136_T35VNH_20241017T210307,1169.0,1180.0,1109.0,1306.0,-5,,,,,,,,,-3,,,,,,,,,-1,,,,,,,,,0,2023-09-06,1.0,25.755775,S2B_MSIL2A_20230906T093549_R036_T35VNH_20241029T123722,3956.0,3842.0,3644.0,4456.0,1,2023-09-06,0.0,25.755775,S2B_MSIL2A_20230906T093549_R036_T35VNH_20241029T123722,3956.0,3842.0,3644.0,4456.0,3,,,,,,,,,5,,,,,,,,,7,,,,,,,,,D:\Water Quality Parameter Estimation\wq_pipeline\artifacts\tolerance_3d\prepared\chips\train\sample_FI_00000549.npz,D:\Water Quality Parameter Estimation\wq_pipeline\artifacts\tolerance_3d\prepared\chips\train\sample_FI_00000549.png,ok,,S2B_MSIL2A_20230906T093549_R036_T35VNH_20241029T123722,2023-09-06,1.0,25.755775,54.5450230268766,0.0,256,128,0,0,9,"B02,B03,B04,B08"
FI_00000550,11146,11146,2023-09-05,60.65688838242908,27.90019461609265,7.7,,,300.0,,26.0,1.1,7.7,5.0,6.2,,65.0,6.599999999999999,1.65,17.5,300.0,,26.0,1.1,0.7,Urpalanj Muurik 002 3000,,Miehikkälä,,,,,,,,,FI_00000508,11146,2023-02-07,60.65688838242908,27.90019461609265,,,,1500.0,,28.0,5.1,S2_FI_00000508,2023-09-04,1,47.679329,54.0904037793306,168.563144428723,,,34VEN,S2A_MSIL2A_20230904T095031_R079_T34VEN_20241017T204831,,7.099999999999999,11.1,,76.0,6.400000000000001,4.1000000000000005,0.2,1500.0,,28.0,5.1,1.0,Urpalanj Muurik 002 3000,,Miehikkälä,,,,,,,,,ok,,-7,2023-08-29,0.0,26.553354,S2A_MSIL2A_20230829T093041_R136_T35VNH_20241017T210307,1169.0,1180.0,1109.0,1306.0,-5,,,,,,,,,-3,,,,,,,,,-1,,,,,,,,,0,2023-09-06,1.0,25.755775,S2B_MSIL2A_20230906T093549_R036_T35VNH_20241029T123722,3956.0,3842.0,3644.0,4456.0,1,2023-09-06,0.0,25.755775,S2B_MSIL2A_20230906T093549_R036_T35VNH_20241029T123722,3956.0,3842.0,3644.0,4456.0,3,,,,,,,,,5,,,,,,,,,7,,,,,,,,,D:\Water Quality Parameter Estimation\wq_pipeline\artifacts\tolerance_3d\prepared\chips\train\sample_FI_00000550.npz,D:\Water Quality Parameter Estimation\wq_pipeline\artifacts\tolerance_3d\prepared\chips\train\sample_FI_00000550.png,ok,,S2B_MSIL2A_20230906T093549_R036_T35VNH_20241029T123722,2023-09-06,1.0,25.755775,54.5450230268766,0.0,256,128,0,0,9,"B02,B03,B04,B08"
FI_00000551,11146,11146,2023-09-05,60.65688838242908,27.90019461609265,7.7,,,300.0,,26.0,1.1,7.7,5.0,6.2,,65.0,6.599999999999999,1.65,17.5,300.0,,26.0,1.1,0.7,Urpalanj Muurik 002 3000,,Miehikkälä,,,,,,,,,FI_00000508,11146,2023-02-07,60.65688838242908,27.90019461609265,,,,1500.0,,28.0,5.1,S2_FI_00000508,2023-09-04,1,47.679329,54.0904037793306,168.563144428723,,,34VEN,S2A_MSIL2A_20230904T095031_R079_T34VEN_20241017T204831,,7.099999999999999,11.1,,76.0,6.400000000000001,4.1000000000000005,0.2,1500.0,,28.0,5.1,1.0,Urpalanj Muurik 002 3000,,Miehikkälä,,,,,,,,,ok,,-7,2023-08-29,0.0,26.553354,S2A_MSIL2A_20230829T093041_R136_T35VNH_20241017T210307,1169.0,1180.0,1109.0,1306.0,-5,,,,,,,,,-3,,,,,,,,,-1,,,,,,,,,0,2023-09-06,1.0,25.755775,S2B_MSIL2A_20230906T093549_R036_T35VNH_20241029T123722,3956.0,3842.0,3644.0,4456.0,1,2023-09-06,0.0,25.755775,S2B_MSIL2A_20230906T093549_R036_T35VNH_20241029T123722,3956.0,3842.0,3644.0,4456.0,3,,,,,,,,,5,,,,,,,,,7,,,,,,,,,D:\Water Quality Parameter Estimation\wq_pipeline\artifacts\tolerance_3d\prepared\chips\train\sample_FI_00000551.npz,D:\Water Quality Parameter Estimation\wq_pipeline\artifacts\tolerance_3d\prepared\chips\train\sample_FI_00000551.png,ok,,S2B_MSIL2A_20230906T093549_R036_T35VNH_20241029T123722,2023-09-06,1.0,25.755775,54.5450230268766,0.0,256,128,0,0,9,"B02,B03,B04,B08"
FI_00000552,11146,11146,2023-10-03,60.65688838242908,27.90019461609265,7.400000000000001,,,640.0,,30.0,4.0,7.400000000000001,5.0,6.8,,66.0,6.7,5.3500000000000005,13.699999999999998,640.0,,30.0,4.0,1.0,Urpalanj Muurik 002 3000,,Miehikkälä,,,,,,,,,FI_00000625,11146,2024-10-01,60.65688838242908,27.90019461609265,7.599999999999999,,,570.0,,29.0,5.0,S2_FI_00000625,2023-10-04,1,93.895429,65.195789272616,177.111382078661,,,35VMH,S2A_MSIL2A_20231004T095031_R079_T35VMH_20231004T161756,7.599999999999999,5.1,7.099999999999999,,68.0,6.599999999999999,5.25,13.4,570.0,,29.0,5.0,0.7,Urpalanj Muurik 002 3000,,Miehikkälä,,,,,,,,,ok,,-7,,,,,,,,,-5,2023-09-28,0.0,39.065823,S2A_MSIL2A_20230928T093031_R136_T35VNH_20240826T150026,1947.0,2010.0,1824.0,3612.0,-3,,,,,,,,,-1,,,,,,,,,0,,,,,,,,,1,,,,,,,,,3,2023-10-06,0.0,2.564015,S2B_MSIL2A_20231006T093749_R036_T35VNH_20231006T153859,1115.0,1155.0,1132.0,1891.0,5,,,,,,,,,7,,,,,,,,,D:\Water Quality Parameter Estimation\wq_pipeline\artifacts\tolerance_3d\prepared\chips\train\sample_FI_00000552.npz,D:\Water Quality Parameter Estimation\wq_pipeline\artifacts\tolerance_3d\prepared\chips\train\sample_FI_00000552.png,ok,,S2B_MSIL2A_20231006T093749_R036_T35VNH_20231006T153859,2023-10-06,3.0,2.564015,65.9750824324135,0.0,256,128,0,0,9,"B02,B03,B04,B08"
FI_00000553,11146,11146,2023-10-03,60.65688838242908,27.90019461609265,7.400000000000001,,,640.0,,30.0,4.0,7.400000000000001,5.0,6.8,,66.0,6.7,5.3500000000000005,13.699999999999998,640.0,,30.0,4.0,1.0,Urpalanj Muurik 002 3000,,Miehikkälä,,,,,,,,,FI_00000625,11146,2024-10-01,60.65688838242908,27.90019461609265,7.599999999999999,,,570.0,,29.0,5.0,S2_FI_00000625,2023-10-04,1,93.895429,65.195789272616,177.111382078661,,,35VMH,S2A_MSIL2A_20231004T095031_R079_T35VMH_20231004T161756,7.599999999999999,5.1,7.099999999999999,,68.0,6.599999999999999,5.25,13.4,570.0,,29.0,5.0,0.7,Urpalanj Muurik 002 3000,,Miehikkälä,,,,,,,,,ok,,-7,,,,,,,,,-5,2023-09-28,0.0,39.065823,S2A_MSIL2A_20230928T093031_R136_T35VNH_20240826T150026,1947.0,2010.0,1824.0,3612.0,-3,,,,,,,,,-1,,,,,,,,,0,,,,,,,,,1,,,,,,,,,3,2023-10-06,0.0,2.564015,S2B_MSIL2A_20231006T093749_R036_T35VNH_20231006T153859,1115.0,1155.0,1132.0,1891.0,5,,,,,,,,,7,,,,,,,,,D:\Water Quality Parameter Estimation\wq_pipeline\artifacts\tolerance_3d\prepared\chips\train\sample_FI_00000553.npz,D:\Water Quality Parameter Estimation\wq_pipeline\artifacts\tolerance_3d\prepared\chips\train\sample_FI_00000553.png,ok,,S2B_MSIL2A_20231006T093749_R036_T35VNH_20231006T153859,2023-10-06,3.0,2.564015,65.9750824324135,0.0,256,128,0,0,9,"B02,B03,B04,B08"
FI_00000554,11146,11146,2023-10-03,60.65688838242908,27.90019461609265,7.400000000000001,,,640.0,,30.0,4.0,7.400000000000001,5.0,6.8,,66.0,6.7,5.3500000000000005,13.699999999999998,640.0,,30.0,4.0,1.0,Urpalanj Muurik 002 3000,,Miehikkälä,,,,,,,,,FI_00000625,11146,2024-10-01,60.65688838242908,27.90019461609265,7.599999999999999,,,570.0,,29.0,5.0,S2_FI_00000625,2023-10-04,1,93.895429,65.195789272616,177.111382078661,,,35VMH,S2A_MSIL2A_20231004T095031_R079_T35VMH_20231004T161756,7.599999999999999,5.1,7.099999999999999,,68.0,6.599999999999999,5.25,13.4,570.0,,29.0,5.0,0.7,Urpalanj Muurik 002 3000,,Miehikkälä,,,,,,,,,ok,,-7,,,,,,,,,-5,2023-09-28,0.0,39.065823,S2A_MSIL2A_20230928T093031_R136_T35VNH_20240826T150026,1947.0,2010.0,1824.0,3612.0,-3,,,,,,,,,-1,,,,,,,,,0,,,,,,,,,1,,,,,,,,,3,2023-10-06,0.0,2.564015,S2B_MSIL2A_20231006T093749_R036_T35VNH_20231006T153859,1115.0,1155.0,1132.0,1891.0,5,,,,,,,,,7,,,,,,,,,D:\Water Quality Parameter Estimation\wq_pipeline\artifacts\tolerance_3d\prepared\chips\train\sample_FI_00000554.npz,D:\Water Quality Parameter Estimation\wq_pipeline\artifacts\tolerance_3d\prepared\chips\train\sample_FI_00000554.png,ok,,S2B_MSIL2A_20231006T093749_R036_T35VNH_20231006T153859,2023-10-06,3.0,2.564015,65.9750824324135,0.0,256,128,0,0,9,"B02,B03,B04,B08"
FI_00000555,11146,11146,2023-10-03,60.65688838242908,27.90019461609265,7.400000000000001,,,640.0,,30.0,4.0,7.400000000000001,5.0,6.8,,66.0,6.7,5.3500000000000005,13.699999999999998,640.0,,30.0,4.0,1.0,Urpalanj Muurik 002 3000,,Miehikkälä,,,,,,,,,FI_00000625,11146,2024-10-01,60.65688838242908,27.90019461609265,7.599999999999999,,,570.0,,29.0,5.0,S2_FI_00000625,2023-10-04,1,93.895429,65.195789272616,177.111382078661,,,35VMH,S2A_MSIL2A_20231004T095031_R079_T35VMH_20231004T161756,7.599999999999999,5.1,7.099999999999999,,68.0,6.599999999999999,5.25,13.4,570.0,,29.0,5.0,0.7,Urpalanj Muurik 002 3000,,Miehikkälä,,,,,,,,,ok,,-7,,,,,,,,,-5,2023-09-28,0.0,39.065823,S2A_MSIL2A_20230928T093031_R136_T35VNH_20240826T150026,1947.0,2010.0,1824.0,3612.0,-3,,,,,,,,,-1,,,,,,,,,0,,,,,,,,,1,,,,,,,,,3,2023-10-06,0.0,2.564015,S2B_MSIL2A_20231006T093749_R036_T35VNH_20231006T153859,1115.0,1155.0,1132.0,1891.0,5,,,,,,,,,7,,,,,,,,,D:\Water Quality Parameter Estimation\wq_pipeline\artifacts\tolerance_3d\prepared\chips\train\sample_FI_00000555.npz,D:\Water Quality Parameter Estimation\wq_pipeline\artifacts\tolerance_3d\prepared\chips\train\sample_FI_00000555.png,ok,,S2B_MSIL2A_20231006T093749_R036_T35VNH_20231006T153859,2023-10-06,3.0,2.564015,65.9750824324135,0.0,256,128,0,0,9,"B02,B03,B04,B08"
FI_00000556,11146,11146,2023-10-03,60.65688838242908,27.90019461609265,7.400000000000001,,,640.0,,30.0,4.0,7.400000000000001,5.0,6.8,,66.0,6.7,5.3500000000000005,13.699999999999998,640.0,,30.0,4.0,1.0,Urpalanj Muurik 002 3000,,Miehikkälä,,,,,,,,,FI_00000625,11146,2024-10-01,60.65688838242908,27.90019461609265,7.599999999999999,,,570.0,,29.0,5.0,S2_FI_00000625,2023-10-04,1,93.895429,65.195789272616,177.111382078661,,,35VMH,S2A_MSIL2A_20231004T095031_R079_T35VMH_20231004T161756,7.599999999999999,5.1,7.099999999999999,,68.0,6.599999999999999,5.25,13.4,570.0,,29.0,5.0,0.7,Urpalanj Muurik 002 3000,,Miehikkälä,,,,,,,,,ok,,-7,,,,,,,,,-5,2023-09-28,0.0,39.065823,S2A_MSIL2A_20230928T093031_R136_T35VNH_20240826T150026,1947.0,2010.0,1824.0,3612.0,-3,,,,,,,,,-1,,,,,,,,,0,,,,,,,,,1,,,,,,,,,3,2023-10-06,0.0,2.564015,S2B_MSIL2A_20231006T093749_R036_T35VNH_20231006T153859,1115.0,1155.0,1132.0,1891.0,5,,,,,,,,,7,,,,,,,,,D:\Water Quality Parameter Estimation\wq_pipeline\artifacts\tolerance_3d\prepared\chips\train\sample_FI_00000556.npz,D:\Water Quality Parameter Estimation\wq_pipeline\artifacts\tolerance_3d\prepared\chips\train\sample_FI_00000556.png,ok,,S2B_MSIL2A_20231006T093749_R036_T35VNH_20231006T153859,2023-10-06,3.0,2.564015,65.9750824324135,0.0,256,128,0,0,9,"B02,B03,B04,B08"
FI_00000557,11146,11146,2023-10-03,60.65688838242908,27.90019461609265,7.400000000000001,,,640.0,,30.0,4.0,7.400000000000001,5.0,6.8,,66.0,6.7,5.3500000000000005,13.699999999999998,640.0,,30.0,4.0,1.0,Urpalanj Muurik 002 3000,,Miehikkälä,,,,,,,,,FI_00000625,11146,2024-10-01,60.65688838242908,27.90019461609265,7.599999999999999,,,570.0,,29.0,5.0,S2_FI_00000625,2023-10-04,1,93.895429,65.195789272616,177.111382078661,,,35VMH,S2A_MSIL2A_20231004T095031_R079_T35VMH_20231004T161756,7.599999999999999,5.1,7.099999999999999,,68.0,6.599999999999999,5.25,13.4,570.0,,29.0,5.0,0.7,Urpalanj Muurik 002 3000,,Miehikkälä,,,,,,,,,ok,,-7,,,,,,,,,-5,2023-09-28,0.0,39.065823,S2A_MSIL2A_20230928T093031_R136_T35VNH_20240826T150026,1947.0,2010.0,1824.0,3612.0,-3,,,,,,,,,-1,,,,,,,,,0,,,,,,,,,1,,,,,,,,,3,2023-10-06,0.0,2.564015,S2B_MSIL2A_20231006T093749_R036_T35VNH_20231006T153859,1115.0,1155.0,1132.0,1891.0,5,,,,,,,,,7,,,,,,,,,D:\Water Quality Parameter Estimation\wq_pipeline\artifacts\tolerance_3d\prepared\chips\train\sample_FI_00000557.npz,D:\Water Quality Parameter Estimation\wq_pipeline\artifacts\tolerance_3d\prepared\chips\train\sample_FI_00000557.png,ok,,S2B_MSIL2A_20231006T093749_R036_T35VNH_20231006T153859,2023-10-06,3.0,2.564015,65.9750824324135,0.0,256,128,0,0,9,"B02,B03,B04,B08"
FI_00000558,11146,11146,2023-11-01,60.65688838242908,27.90019461609265,,,,940.0,,55.0,9.5,,5.8,10.3,,75.0,6.400000000000001,8.6,2.3,940.0,,55.0,9.5,0.7,Urpalanj Muurik 002 3000,,Miehikkälä,,,,,,,,,FI_00000588,11146,2024-04-02,60.65688838242908,27.90019461609265,1.0,,,1400.0,,37.0,9.0,S2_FI_00000588,2023-10-31,1,70.222509,77.5870503056884,179.867919591857,,,36VUR,S2A_MSIL2A_20231031T094131_R036_T36VUR_20231031T123126,1.0,5.400000000000001,11.6,,83.0,6.3,11.1,1.7,1400.0,,37.0,9.0,0.9,Urpalanj Muurik 002 3000,,Miehikkälä,,,,,,,,,no_match,,-7,,,,,,,,,-5,,,,,,,,,-3,,,,,,,,,-1,,,,,,,,,0,,,,,,,,,1,,,,,,,,,3,,,,,,,,,5,,,,,,,,,7,,,,,,,,,,,no_match,no_stac_item,,,,,,,256,128,0,0,0,"B02,B03,B04,B08"
FI_00000559,11146,11146,2023-11-01,60.65688838242908,27.90019461609265,,,,940.0,,55.0,9.5,,5.8,10.3,,75.0,6.400000000000001,8.6,2.3,940.0,,55.0,9.5,0.7,Urpalanj Muurik 002 3000,,Miehikkälä,,,,,,,,,FI_00000588,11146,2024-04-02,60.65688838242908,27.90019461609265,1.0,,,1400.0,,37.0,9.0,S2_FI_00000588,2023-10-31,1,70.222509,77.5870503056884,179.867919591857,,,36VUR,S2A_MSIL2A_20231031T094131_R036_T36VUR_20231031T123126,1.0,5.400000000000001,11.6,,83.0,6.3,11.1,1.7,1400.0,,37.0,9.0,0.9,Urpalanj Muurik 002 3000,,Miehikkälä,,,,,,,,,no_match,,-7,,,,,,,,,-5,,,,,,,,,-3,,,,,,,,,-1,,,,,,,,,0,,,,,,,,,1,,,,,,,,,3,,,,,,,,,5,,,,,,,,,7,,,,,,,,,,,no_match,no_stac_item,,,,,,,256,128,0,0,0,"B02,B03,B04,B08"
FI_00000560,11146,11146,2023-11-01,60.65688838242908,27.90019461609265,,,,940.0,,55.0,9.5,,5.8,10.3,,75.0,6.400000000000001,8.6,2.3,940.0,,55.0,9.5,0.7,Urpalanj Muurik 002 3000,,Miehikkälä,,,,,,,,,FI_00000588,11146,2024-04-02,60.65688838242908,27.90019461609265,1.0,,,1400.0,,37.0,9.0,S2_FI_00000588,2023-10-31,1,70.222509,77.5870503056884,179.867919591857,,,36VUR,S2A_MSIL2A_20231031T094131_R036_T36VUR_20231031T123126,1.0,5.400000000000001,11.6,,83.0,6.3,11.1,1.7,1400.0,,37.0,9.0,0.9,Urpalanj Muurik 002 3000,,Miehikkälä,,,,,,,,,no_match,,-7,,,,,,,,,-5,,,,,,,,,-3,,,,,,,,,-1,,,,,,,,,0,,,,,,,,,1,,,,,,,,,3,,,,,,,,,5,,,,,,,,,7,,,,,,,,,,,no_match,no_stac_item,,,,,,,256,128,0,0,0,"B02,B03,B04,B08"
FI_00000561,11146,11146,2023-11-01,60.65688838242908,27.90019461609265,,,,940.0,,55.0,9.5,,5.8,10.3,,75.0,6.400000000000001,8.6,2.3,940.0,,55.0,9.5,0.7,Urpalanj Muurik 002 3000,,Miehikkälä,,,,,,,,,FI_00000588,11146,2024-04-02,60.65688838242908,27.90019461609265,1.0,,,1400.0,,37.0,9.0,S2_FI_00000588,2023-10-31,1,70.222509,77.5870503056884,179.867919591857,,,36VUR,S2A_MSIL2A_20231031T094131_R036_T36VUR_20231031T123126,1.0,5.400000000000001,11.6,,83.0,6.3,11.1,1.7,1400.0,,37.0,9.0,0.9,Urpalanj Muurik 002 3000,,Miehikkälä,,,,,,,,,no_match,,-7,,,,,,,,,-5,,,,,,,,,-3,,,,,,,,,-1,,,,,,,,,0,,,,,,,,,1,,,,,,,,,3,,,,,,,,,5,,,,,,,,,7,,,,,,,,,,,no_match,no_stac_item,,,,,,,256,128,0,0,0,"B02,B03,B04,B08"
FI_00000562,11146,11146,2023-11-01,60.65688838242908,27.90019461609265,,,,940.0,,55.0,9.5,,5.8,10.3,,75.0,6.400000000000001,8.6,2.3,940.0,,55.0,9.5,0.7,Urpalanj Muurik 002 3000,,Miehikkälä,,,,,,,,,FI_00000588,11146,2024-04-02,60.65688838242908,27.90019461609265,1.0,,,1400.0,,37.0,9.0,S2_FI_00000588,2023-10-31,1,70.222509,77.5870503056884,179.867919591857,,,36VUR,S2A_MSIL2A_20231031T094131_R036_T36VUR_20231031T123126,1.0,5.400000000000001,11.6,,83.0,6.3,11.1,1.7,1400.0,,37.0,9.0,0.9,Urpalanj Muurik 002 3000,,Miehikkälä,,,,,,,,,no_match,,-7,,,,,,,,,-5,,,,,,,,,-3,,,,,,,,,-1,,,,,,,,,0,,,,,,,,,1,,,,,,,,,3,,,,,,,,,5,,,,,,,,,7,,,,,,,,,,,no_match,no_stac_item,,,,,,,256,128,0,0,0,"B02,B03,B04,B08"
FI_00000563,11146,11146,2023-11-01,60.65688838242908,27.90019461609265,,,,940.0,,55.0,9.5,,5.8,10.3,,75.0,6.400000000000001,8.6,2.3,940.0,,55.0,9.5,0.7,Urpalanj Muurik 002 3000,,Miehikkälä,,,,,,,,,FI_00000588,11146,2024-04-02,60.65688838242908,27.90019461609265,1.0,,,1400.0,,37.0,9.0,S2_FI_00000588,2023-10-31,1,70.222509,77.5870503056884,179.867919591857,,,36VUR,S2A_MSIL2A_20231031T094131_R036_T36VUR_20231031T123126,1.0,5.400000000000001,11.6,,83.0,6.3,11.1,1.7,1400.0,,37.0,9.0,0.9,Urpalanj Muurik 002 3000,,Miehikkälä,,,,,,,,,no_match,,-7,,,,,,,,,-5,,,,,,,,,-3,,,,,,,,,-1,,,,,,,,,0,,,,,,,,,1,,,,,,,,,3,,,,,,,,,5,,,,,,,,,7,,,,,,,,,,,no_match,no_stac_item,,,,,,,256,128,0,0,0,"B02,B03,B04,B08"
FI_00000564,11146,11146,2023-12-12,60.65688838242908,27.90019461609265,,,,1400.0,,35.0,4.9,,6.5,5.599999999999999,,39.0,6.400000000000001,3.2,0.5,1400.0,,35.0,4.9,0.7,Urpalanj Muurik 002 3000,,Miehikkälä,,,,,,,,,FI_00000511,11146,2023-03-01,60.65688838242908,27.90019461609265,,,,1400.0,,29.0,4.3,S2_FI_00000511,2023-12-11,1,96.286607,83.9417986526449,175.058883517211,,,34VEN,S2B_MSIL2A_20231211T100319_R122_T34VEN_20231211T131547,,7.2,11.199999999999998,,77.0,6.2,3.65,0.2,1400.0,,29.0,4.3,0.7,Urpalanj Muurik 002 3000,,Miehikkälä,,,,,,,,,ok,,-7,2023-12-05,0.0,32.39972,S2B_MSIL2A_20231205T094259_R036_T35VNH_20240904T045623,2906.0,2218.0,2250.0,2554.0,-5,,,,,,,,,-3,,,,,,,,,-1,,,,,,,,,0,,,,,,,,,1,,,,,,,,,3,,,,,,,,,5,,,,,,,,,7,,,,,,,,,,,no_match,no_stac_item,,,,,,,256,128,0,0,0,"B02,B03,B04,B08"
FI_00000565,11146,11146,2023-12-12,60.65688838242908,27.90019461609265,,,,1400.0,,35.0,4.9,,6.5,5.599999999999999,,39.0,6.400000000000001,3.2,0.5,1400.0,,35.0,4.9,0.7,Urpalanj Muurik 002 3000,,Miehikkälä,,,,,,,,,FI_00000511,11146,2023-03-01,60.65688838242908,27.90019461609265,,,,1400.0,,29.0,4.3,S2_FI_00000511,2023-12-11,1,96.286607,83.9417986526449,175.058883517211,,,34VEN,S2B_MSIL2A_20231211T100319_R122_T34VEN_20231211T131547,,7.2,11.199999999999998,,77.0,6.2,3.65,0.2,1400.0,,29.0,4.3,0.7,Urpalanj Muurik 002 3000,,Miehikkälä,,,,,,,,,ok,,-7,2023-12-05,0.0,32.39972,S2B_MSIL2A_20231205T094259_R036_T35VNH_20240904T045623,2906.0,2218.0,2250.0,2554.0,-5,,,,,,,,,-3,,,,,,,,,-1,,,,,,,,,0,,,,,,,,,1,,,,,,,,,3,,,,,,,,,5,,,,,,,,,7,,,,,,,,,,,no_match,no_stac_item,,,,,,,256,128,0,0,0,"B02,B03,B04,B08"
FI_00000566,11146,11146,2023-12-12,60.65688838242908,27.90019461609265,,,,1400.0,,35.0,4.9,,6.5,5.599999999999999,,39.0,6.400000000000001,3.2,0.5,1400.0,,35.0,4.9,0.7,Urpalanj Muurik 002 3000,,Miehikkälä,,,,,,,,,FI_00000511,11146,2023-03-01,60.65688838242908,27.90019461609265,,,,1400.0,,29.0,4.3,S2_FI_00000511,2023-12-11,1,96.286607,83.9417986526449,175.058883517211,,,34VEN,S2B_MSIL2A_20231211T100319_R122_T34VEN_20231211T131547,,7.2,11.199999999999998,,77.0,6.2,3.65,0.2,1400.0,,29.0,4.3,0.7,Urpalanj Muurik 002 3000,,Miehikkälä,,,,,,,,,ok,,-7,2023-12-05,0.0,32.39972,S2B_MSIL2A_20231205T094259_R036_T35VNH_20240904T045623,2906.0,2218.0,2250.0,2554.0,-5,,,,,,,,,-3,,,,,,,,,-1,,,,,,,,,0,,,,,,,,,1,,,,,,,,,3,,,,,,,,,5,,,,,,,,,7,,,,,,,,,,,no_match,no_stac_item,,,,,,,256,128,0,0,0,"B02,B03,B04,B08"
FI_00000567,11146,11146,2023-12-12,60.65688838242908,27.90019461609265,,,,1400.0,,35.0,4.9,,6.5,5.599999999999999,,39.0,6.400000000000001,3.2,0.5,1400.0,,35.0,4.9,0.7,Urpalanj Muurik 002 3000,,Miehikkälä,,,,,,,,,FI_00000511,11146,2023-03-01,60.65688838242908,27.90019461609265,,,,1400.0,,29.0,4.3,S2_FI_00000511,2023-12-11,1,96.286607,83.9417986526449,175.058883517211,,,34VEN,S2B_MSIL2A_20231211T100319_R122_T34VEN_20231211T131547,,7.2,11.199999999999998,,77.0,6.2,3.65,0.2,1400.0,,29.0,4.3,0.7,Urpalanj Muurik 002 3000,,Miehikkälä,,,,,,,,,ok,,-7,2023-12-05,0.0,32.39972,S2B_MSIL2A_20231205T094259_R036_T35VNH_20240904T045623,2906.0,2218.0,2250.0,2554.0,-5,,,,,,,,,-3,,,,,,,,,-1,,,,,,,,,0,,,,,,,,,1,,,,,,,,,3,,,,,,,,,5,,,,,,,,,7,,,,,,,,,,,no_match,no_stac_item,,,,,,,256,128,0,0,0,"B02,B03,B04,B08"
FI_00000568,11146,11146,2023-12-12,60.65688838242908,27.90019461609265,,,,1400.0,,35.0,4.9,,6.5,5.599999999999999,,39.0,6.400000000000001,3.2,0.5,1400.0,,35.0,4.9,0.7,Urpalanj Muurik 002 3000,,Miehikkälä,,,,,,,,,FI_00000511,11146,2023-03-01,60.65688838242908,27.90019461609265,,,,1400.0,,29.0,4.3,S2_FI_00000511,2023-12-11,1,96.286607,83.9417986526449,175.058883517211,,,34VEN,S2B_MSIL2A_20231211T100319_R122_T34VEN_20231211T131547,,7.2,11.199999999999998,,77.0,6.2,3.65,0.2,1400.0,,29.0,4.3,0.7,Urpalanj Muurik 002 3000,,Miehikkälä,,,,,,,,,ok,,-7,2023-12-05,0.0,32.39972,S2B_MSIL2A_20231205T094259_R036_T35VNH_20240904T045623,2906.0,2218.0,2250.0,2554.0,-5,,,,,,,,,-3,,,,,,,,,-1,,,,,,,,,0,,,,,,,,,1,,,,,,,,,3,,,,,,,,,5,,,,,,,,,7,,,,,,,,,,,no_match,no_stac_item,,,,,,,256,128,0,0,0,"B02,B03,B04,B08"
FI_00000569,11146,11146,2023-12-12,60.65688838242908,27.90019461609265,,,,1400.0,,35.0,4.9,,6.5,5.599999999999999,,39.0,6.400000000000001,3.2,0.5,1400.0,,35.0,4.9,0.7,Urpalanj Muurik 002 3000,,Miehikkälä,,,,,,,,,FI_00000511,11146,2023-03-01,60.65688838242908,27.90019461609265,,,,1400.0,,29.0,4.3,S2_FI_00000511,2023-12-11,1,96.286607,83.9417986526449,175.058883517211,,,34VEN,S2B_MSIL2A_20231211T100319_R122_T34VEN_20231211T131547,,7.2,11.199999999999998,,77.0,6.2,3.65,0.2,1400.0,,29.0,4.3,0.7,Urpalanj Muurik 002 3000,,Miehikkälä,,,,,,,,,ok,,-7,2023-12-05,0.0,32.39972,S2B_MSIL2A_20231205T094259_R036_T35VNH_20240904T045623,2906.0,2218.0,2250.0,2554.0,-5,,,,,,,,,-3,,,,,,,,,-1,,,,,,,,,0,,,,,,,,,1,,,,,,,,,3,,,,,,,,,5,,,,,,,,,7,,,,,,,,,,,no_match,no_stac_item,,,,,,,256,128,0,0,0,"B02,B03,B04,B08"
FI_00000570,11146,11146,2024-01-10,60.65688838242908,27.90019461609265,,,,1200.0,,32.0,4.8,,6.5,11.4,,78.0,6.400000000000001,4.55,0.0,1200.0,,32.0,4.8,1.0,Urpalanj Muurik 002 3000,,Miehikkälä,,,,,,,,,FI_00000512,11146,2023-03-01,60.65688838242908,27.90019461609265,,,,1400.0,,29.0,4.3,S2_FI_00000512,2024-01-07,3,1.612129,83.7312695720887,169.724107756795,,,34VEN,S2B_MSIL2A_20240107T095309_R079_T34VEN_20240107T124244,,7.2,11.199999999999998,,77.0,6.2,3.65,0.2,1400.0,,29.0,4.3,0.7,Urpalanj Muurik 002 3000,,Miehikkälä,,,,,,,,,ok,,-7,2024-01-04,1.0,8.291159,S2B_MSIL2A_20240104T094319_R036_T35VNH_20240104T130839,3798.0,2888.0,2762.0,2802.0,-5,2024-01-04,1.0,8.291159,S2B_MSIL2A_20240104T094319_R036_T35VNH_20240104T130839,3798.0,2888.0,2762.0,2802.0,-3,,,,,,,,,-1,,,,,,,,,0,,,,,,,,,1,,,,,,,,,3,,,,,,,,,5,,,,,,,,,7,,,,,,,,,,,no_match,no_stac_item,,,,,,,256,128,0,0,0,"B02,B03,B04,B08"
FI_00000571,11146,11146,2024-01-10,60.65688838242908,27.90019461609265,,,,1200.0,,32.0,4.8,,6.5,11.4,,78.0,6.400000000000001,4.55,0.0,1200.0,,32.0,4.8,1.0,Urpalanj Muurik 002 3000,,Miehikkälä,,,,,,,,,FI_00000512,11146,2023-03-01,60.65688838242908,27.90019461609265,,,,1400.0,,29.0,4.3,S2_FI_00000512,2024-01-07,3,1.612129,83.7312695720887,169.724107756795,,,34VEN,S2B_MSIL2A_20240107T095309_R079_T34VEN_20240107T124244,,7.2,11.199999999999998,,77.0,6.2,3.65,0.2,1400.0,,29.0,4.3,0.7,Urpalanj Muurik 002 3000,,Miehikkälä,,,,,,,,,ok,,-7,2024-01-04,1.0,8.291159,S2B_MSIL2A_20240104T094319_R036_T35VNH_20240104T130839,3798.0,2888.0,2762.0,2802.0,-5,2024-01-04,1.0,8.291159,S2B_MSIL2A_20240104T094319_R036_T35VNH_20240104T130839,3798.0,2888.0,2762.0,2802.0,-3,,,,,,,,,-1,,,,,,,,,0,,,,,,,,,1,,,,,,,,,3,,,,,,,,,5,,,,,,,,,7,,,,,,,,,,,no_match,no_stac_item,,,,,,,256,128,0,0,0,"B02,B03,B04,B08"
FI_00000572,11146,11146,2024-01-10,60.65688838242908,27.90019461609265,,,,1200.0,,32.0,4.8,,6.5,11.4,,78.0,6.400000000000001,4.55,0.0,1200.0,,32.0,4.8,1.0,Urpalanj Muurik 002 3000,,Miehikkälä,,,,,,,,,FI_00000512,11146,2023-03-01,60.65688838242908,27.90019461609265,,,,1400.0,,29.0,4.3,S2_FI_00000512,2024-01-07,3,1.612129,83.7312695720887,169.724107756795,,,34VEN,S2B_MSIL2A_20240107T095309_R079_T34VEN_20240107T124244,,7.2,11.199999999999998,,77.0,6.2,3.65,0.2,1400.0,,29.0,4.3,0.7,Urpalanj Muurik 002 3000,,Miehikkälä,,,,,,,,,ok,,-7,2024-01-04,1.0,8.291159,S2B_MSIL2A_20240104T094319_R036_T35VNH_20240104T130839,3798.0,2888.0,2762.0,2802.0,-5,2024-01-04,1.0,8.291159,S2B_MSIL2A_20240104T094319_R036_T35VNH_20240104T130839,3798.0,2888.0,2762.0,2802.0,-3,,,,,,,,,-1,,,,,,,,,0,,,,,,,,,1,,,,,,,,,3,,,,,,,,,5,,,,,,,,,7,,,,,,,,,,,no_match,no_stac_item,,,,,,,256,128,0,0,0,"B02,B03,B04,B08"
FI_00000573,11146,11146,2024-01-10,60.65688838242908,27.90019461609265,,,,1200.0,,32.0,4.8,,6.5,11.4,,78.0,6.400000000000001,4.55,0.0,1200.0,,32.0,4.8,1.0,Urpalanj Muurik 002 3000,,Miehikkälä,,,,,,,,,FI_00000512,11146,2023-03-01,60.65688838242908,27.90019461609265,,,,1400.0,,29.0,4.3,S2_FI_00000512,2024-01-07,3,1.612129,83.7312695720887,169.724107756795,,,34VEN,S2B_MSIL2A_20240107T095309_R079_T34VEN_20240107T124244,,7.2,11.199999999999998,,77.0,6.2,3.65,0.2,1400.0,,29.0,4.3,0.7,Urpalanj Muurik 002 3000,,Miehikkälä,,,,,,,,,ok,,-7,2024-01-04,1.0,8.291159,S2B_MSIL2A_20240104T094319_R036_T35VNH_20240104T130839,3798.0,2888.0,2762.0,2802.0,-5,2024-01-04,1.0,8.291159,S2B_MSIL2A_20240104T094319_R036_T35VNH_20240104T130839,3798.0,2888.0,2762.0,2802.0,-3,,,,,,,,,-1,,,,,,,,,0,,,,,,,,,1,,,,,,,,,3,,,,,,,,,5,,,,,,,,,7,,,,,,,,,,,no_match,no_stac_item,,,,,,,256,128,0,0,0,"B02,B03,B04,B08"
FI_00000574,11146,11146,2024-01-10,60.65688838242908,27.90019461609265,,,,1200.0,,32.0,4.8,,6.5,11.4,,78.0,6.400000000000001,4.55,0.0,1200.0,,32.0,4.8,1.0,Urpalanj Muurik 002 3000,,Miehikkälä,,,,,,,,,FI_00000512,11146,2023-03-01,60.65688838242908,27.90019461609265,,,,1400.0,,29.0,4.3,S2_FI_00000512,2024-01-07,3,1.612129,83.7312695720887,169.724107756795,,,34VEN,S2B_MSIL2A_20240107T095309_R079_T34VEN_20240107T124244,,7.2,11.199999999999998,,77.0,6.2,3.65,0.2,1400.0,,29.0,4.3,0.7,Urpalanj Muurik 002 3000,,Miehikkälä,,,,,,,,,ok,,-7,2024-01-04,1.0,8.291159,S2B_MSIL2A_20240104T094319_R036_T35VNH_20240104T130839,3798.0,2888.0,2762.0,2802.0,-5,2024-01-04,1.0,8.291159,S2B_MSIL2A_20240104T094319_R036_T35VNH_20240104T130839,3798.0,2888.0,2762.0,2802.0,-3,,,,,,,,,-1,,,,,,,,,0,,,,,,,,,1,,,,,,,,,3,,,,,,,,,5,,,,,,,,,7,,,,,,,,,,,no_match,no_stac_item,,,,,,,256,128,0,0,0,"B02,B03,B04,B08"
FI_00000575,11146,11146,2024-01-10,60.65688838242908,27.90019461609265,,,,1200.0,,32.0,4.8,,6.5,11.4,,78.0,6.400000000000001,4.55,0.0,1200.0,,32.0,4.8,1.0,Urpalanj Muurik 002 3000,,Miehikkälä,,,,,,,,,FI_00000512,11146,2023-03-01,60.65688838242908,27.90019461609265,,,,1400.0,,29.0,4.3,S2_FI_00000512,2024-01-07,3,1.612129,83.7312695720887,169.724107756795,,,34VEN,S2B_MSIL2A_20240107T095309_R079_T34VEN_20240107T124244,,7.2,11.199999999999998,,77.0,6.2,3.65,0.2,1400.0,,29.0,4.3,0.7,Urpalanj Muurik 002 3000,,Miehikkälä,,,,,,,,,ok,,-7,2024-01-04,1.0,8.291159,S2B_MSIL2A_20240104T094319_R036_T35VNH_20240104T130839,3798.0,2888.0,2762.0,2802.0,-5,2024-01-04,1.0,8.291159,S2B_MSIL2A_20240104T094319_R036_T35VNH_20240104T130839,3798.0,2888.0,2762.0,2802.0,-3,,,,,,,,,-1,,,,,,,,,0,,,,,,,,,1,,,,,,,,,3,,,,,,,,,5,,,,,,,,,7,,,,,,,,,,,no_match,no_stac_item,,,,,,,256,128,0,0,0,"B02,B03,B04,B08"
FI_00000576,11146,11146,2024-02-06,60.65688838242908,27.90019461609265,,,,1200.0,,30.0,4.2,,6.7,10.800000000000002,,74.0,6.5,3.1,0.3,1200.0,,30.0,4.2,0.3,Urpalanj Muurik 002 3000,,Miehikkälä,,,,,,,,,FI_00000616,11146,2024-08-06,60.65688838242908,27.90019461609265,11.0,,,570.0,,28.0,2.7000000000000006,S2_FI_00000616,2024-02-06,0,79.078108,76.887328608642,171.168935280014,,,35VMH,S2B_MSIL2A_20240206T095109_R079_T35VMH_20240206T123732,11.0,4.9,6.099999999999999,,69.0,6.599999999999999,2.85,22.05,570.0,,28.0,2.7000000000000006,0.7,Urpalanj Muurik 002 3000,,Miehikkälä,,,,,,,,,ok,,-7,,,,,,,,,-5,,,,,,,,,-3,,,,,,,,,-1,,,,,,,,,0,,,,,,,,,1,2024-02-08,1.0,3.85882,S2A_MSIL2A_20240208T094141_R036_T35VNH_20240208T110851,2856.0,2732.0,2544.0,3110.0,3,2024-02-08,1.0,3.85882,S2A_MSIL2A_20240208T094141_R036_T35VNH_20240208T110851,2856.0,2732.0,2544.0,3110.0,5,2024-02-10,1.0,10.081123,S2B_MSIL2A_20240210T093039_R136_T35VNH_20240210T131630,4516.0,4244.0,4010.0,4732.0,7,2024-02-13,0.0,4.701825,S2B_MSIL2A_20240213T094029_R036_T35VNH_20240213T121757,3004.0,2604.0,2594.0,3346.0,D:\Water Quality Parameter Estimation\wq_pipeline\artifacts\tolerance_3d\prepared\chips\train\sample_FI_00000576.npz,D:\Water Quality Parameter Estimation\wq_pipeline\artifacts\tolerance_3d\prepared\chips\train\sample_FI_00000576.png,ok,,S2A_MSIL2A_20240208T094141_R036_T35VNH_20240208T110851,2024-02-08,2.0,3.85882,76.3233980517361,0.0,256,128,0,0,9,"B02,B03,B04,B08"
FI_00000577,11146,11146,2024-02-06,60.65688838242908,27.90019461609265,,,,1200.0,,30.0,4.2,,6.7,10.800000000000002,,74.0,6.5,3.1,0.3,1200.0,,30.0,4.2,0.3,Urpalanj Muurik 002 3000,,Miehikkälä,,,,,,,,,FI_00000616,11146,2024-08-06,60.65688838242908,27.90019461609265,11.0,,,570.0,,28.0,2.7000000000000006,S2_FI_00000616,2024-02-06,0,79.078108,76.887328608642,171.168935280014,,,35VMH,S2B_MSIL2A_20240206T095109_R079_T35VMH_20240206T123732,11.0,4.9,6.099999999999999,,69.0,6.599999999999999,2.85,22.05,570.0,,28.0,2.7000000000000006,0.7,Urpalanj Muurik 002 3000,,Miehikkälä,,,,,,,,,ok,,-7,,,,,,,,,-5,,,,,,,,,-3,,,,,,,,,-1,,,,,,,,,0,,,,,,,,,1,2024-02-08,1.0,3.85882,S2A_MSIL2A_20240208T094141_R036_T35VNH_20240208T110851,2856.0,2732.0,2544.0,3110.0,3,2024-02-08,1.0,3.85882,S2A_MSIL2A_20240208T094141_R036_T35VNH_20240208T110851,2856.0,2732.0,2544.0,3110.0,5,2024-02-10,1.0,10.081123,S2B_MSIL2A_20240210T093039_R136_T35VNH_20240210T131630,4516.0,4244.0,4010.0,4732.0,7,2024-02-13,0.0,4.701825,S2B_MSIL2A_20240213T094029_R036_T35VNH_20240213T121757,3004.0,2604.0,2594.0,3346.0,D:\Water Quality Parameter Estimation\wq_pipeline\artifacts\tolerance_3d\prepared\chips\train\sample_FI_00000577.npz,D:\Water Quality Parameter Estimation\wq_pipeline\artifacts\tolerance_3d\prepared\chips\train\sample_FI_00000577.png,ok,,S2A_MSIL2A_20240208T094141_R036_T35VNH_20240208T110851,2024-02-08,2.0,3.85882,76.3233980517361,0.0,256,128,0,0,9,"B02,B03,B04,B08"
FI_00000578,11146,11146,2024-02-06,60.65688838242908,27.90019461609265,,,,1200.0,,30.0,4.2,,6.7,10.800000000000002,,74.0,6.5,3.1,0.3,1200.0,,30.0,4.2,0.3,Urpalanj Muurik 002 3000,,Miehikkälä,,,,,,,,,FI_00000616,11146,2024-08-06,60.65688838242908,27.90019461609265,11.0,,,570.0,,28.0,2.7000000000000006,S2_FI_00000616,2024-02-06,0,79.078108,76.887328608642,171.168935280014,,,35VMH,S2B_MSIL2A_20240206T095109_R079_T35VMH_20240206T123732,11.0,4.9,6.099999999999999,,69.0,6.599999999999999,2.85,22.05,570.0,,28.0,2.7000000000000006,0.7,Urpalanj Muurik 002 3000,,Miehikkälä,,,,,,,,,ok,,-7,,,,,,,,,-5,,,,,,,,,-3,,,,,,,,,-1,,,,,,,,,0,,,,,,,,,1,2024-02-08,1.0,3.85882,S2A_MSIL2A_20240208T094141_R036_T35VNH_20240208T110851,2856.0,2732.0,2544.0,3110.0,3,2024-02-08,1.0,3.85882,S2A_MSIL2A_20240208T094141_R036_T35VNH_20240208T110851,2856.0,2732.0,2544.0,3110.0,5,2024-02-10,1.0,10.081123,S2B_MSIL2A_20240210T093039_R136_T35VNH_20240210T131630,4516.0,4244.0,4010.0,4732.0,7,2024-02-13,0.0,4.701825,S2B_MSIL2A_20240213T094029_R036_T35VNH_20240213T121757,3004.0,2604.0,2594.0,3346.0,D:\Water Quality Parameter Estimation\wq_pipeline\artifacts\tolerance_3d\prepared\chips\train\sample_FI_00000578.npz,D:\Water Quality Parameter Estimation\wq_pipeline\artifacts\tolerance_3d\prepared\chips\train\sample_FI_00000578.png,ok,,S2A_MSIL2A_20240208T094141_R036_T35VNH_20240208T110851,2024-02-08,2.0,3.85882,76.3233980517361,0.0,256,128,0,0,9,"B02,B03,B04,B08"
FI_00000579,11146,11146,2024-02-06,60.65688838242908,27.90019461609265,,,,1200.0,,30.0,4.2,,6.7,10.800000000000002,,74.0,6.5,3.1,0.3,1200.0,,30.0,4.2,0.3,Urpalanj Muurik 002 3000,,Miehikkälä,,,,,,,,,FI_00000616,11146,2024-08-06,60.65688838242908,27.90019461609265,11.0,,,570.0,,28.0,2.7000000000000006,S2_FI_00000616,2024-02-06,0,79.078108,76.887328608642,171.168935280014,,,35VMH,S2B_MSIL2A_20240206T095109_R079_T35VMH_20240206T123732,11.0,4.9,6.099999999999999,,69.0,6.599999999999999,2.85,22.05,570.0,,28.0,2.7000000000000006,0.7,Urpalanj Muurik 002 3000,,Miehikkälä,,,,,,,,,ok,,-7,,,,,,,,,-5,,,,,,,,,-3,,,,,,,,,-1,,,,,,,,,0,,,,,,,,,1,2024-02-08,1.0,3.85882,S2A_MSIL2A_20240208T094141_R036_T35VNH_20240208T110851,2856.0,2732.0,2544.0,3110.0,3,2024-02-08,1.0,3.85882,S2A_MSIL2A_20240208T094141_R036_T35VNH_20240208T110851,2856.0,2732.0,2544.0,3110.0,5,2024-02-10,1.0,10.081123,S2B_MSIL2A_20240210T093039_R136_T35VNH_20240210T131630,4516.0,4244.0,4010.0,4732.0,7,2024-02-13,0.0,4.701825,S2B_MSIL2A_20240213T094029_R036_T35VNH_20240213T121757,3004.0,2604.0,2594.0,3346.0,D:\Water Quality Parameter Estimation\wq_pipeline\artifacts\tolerance_3d\prepared\chips\train\sample_FI_00000579.npz,D:\Water Quality Parameter Estimation\wq_pipeline\artifacts\tolerance_3d\prepared\chips\train\sample_FI_00000579.png,ok,,S2A_MSIL2A_20240208T094141_R036_T35VNH_20240208T110851,2024-02-08,2.0,3.85882,76.3233980517361,0.0,256,128,0,0,9,"B02,B03,B04,B08"
FI_00000580,11146,11146,2024-02-06,60.65688838242908,27.90019461609265,,,,1200.0,,30.0,4.2,,6.7,10.800000000000002,,74.0,6.5,3.1,0.3,1200.0,,30.0,4.2,0.3,Urpalanj Muurik 002 3000,,Miehikkälä,,,,,,,,,FI_00000616,11146,2024-08-06,60.65688838242908,27.90019461609265,11.0,,,570.0,,28.0,2.7000000000000006,S2_FI_00000616,2024-02-06,0,79.078108,76.887328608642,171.168935280014,,,35VMH,S2B_MSIL2A_20240206T095109_R079_T35VMH_20240206T123732,11.0,4.9,6.099999999999999,,69.0,6.599999999999999,2.85,22.05,570.0,,28.0,2.7000000000000006,0.7,Urpalanj Muurik 002 3000,,Miehikkälä,,,,,,,,,ok,,-7,,,,,,,,,-5,,,,,,,,,-3,,,,,,,,,-1,,,,,,,,,0,,,,,,,,,1,2024-02-08,1.0,3.85882,S2A_MSIL2A_20240208T094141_R036_T35VNH_20240208T110851,2856.0,2732.0,2544.0,3110.0,3,2024-02-08,1.0,3.85882,S2A_MSIL2A_20240208T094141_R036_T35VNH_20240208T110851,2856.0,2732.0,2544.0,3110.0,5,2024-02-10,1.0,10.081123,S2B_MSIL2A_20240210T093039_R136_T35VNH_20240210T131630,4516.0,4244.0,4010.0,4732.0,7,2024-02-13,0.0,4.701825,S2B_MSIL2A_20240213T094029_R036_T35VNH_20240213T121757,3004.0,2604.0,2594.0,3346.0,D:\Water Quality Parameter Estimation\wq_pipeline\artifacts\tolerance_3d\prepared\chips\train\sample_FI_00000580.npz,D:\Water Quality Parameter Estimation\wq_pipeline\artifacts\tolerance_3d\prepared\chips\train\sample_FI_00000580.png,ok,,S2A_MSIL2A_20240208T094141_R036_T35VNH_20240208T110851,2024-02-08,2.0,3.85882,76.3233980517361,0.0,256,128,0,0,9,"B02,B03,B04,B08"
FI_00000581,11146,11146,2024-02-06,60.65688838242908,27.90019461609265,,,,1200.0,,30.0,4.2,,6.7,10.800000000000002,,74.0,6.5,3.1,0.3,1200.0,,30.0,4.2,0.3,Urpalanj Muurik 002 3000,,Miehikkälä,,,,,,,,,FI_00000616,11146,2024-08-06,60.65688838242908,27.90019461609265,11.0,,,570.0,,28.0,2.7000000000000006,S2_FI_00000616,2024-02-06,0,79.078108,76.887328608642,171.168935280014,,,35VMH,S2B_MSIL2A_20240206T095109_R079_T35VMH_20240206T123732,11.0,4.9,6.099999999999999,,69.0,6.599999999999999,2.85,22.05,570.0,,28.0,2.7000000000000006,0.7,Urpalanj Muurik 002 3000,,Miehikkälä,,,,,,,,,ok,,-7,,,,,,,,,-5,,,,,,,,,-3,,,,,,,,,-1,,,,,,,,,0,,,,,,,,,1,2024-02-08,1.0,3.85882,S2A_MSIL2A_20240208T094141_R036_T35VNH_20240208T110851,2856.0,2732.0,2544.0,3110.0,3,2024-02-08,1.0,3.85882,S2A_MSIL2A_20240208T094141_R036_T35VNH_20240208T110851,2856.0,2732.0,2544.0,3110.0,5,2024-02-10,1.0,10.081123,S2B_MSIL2A_20240210T093039_R136_T35VNH_20240210T131630,4516.0,4244.0,4010.0,4732.0,7,2024-02-13,0.0,4.701825,S2B_MSIL2A_20240213T094029_R036_T35VNH_20240213T121757,3004.0,2604.0,2594.0,3346.0,D:\Water Quality Parameter Estimation\wq_pipeline\artifacts\tolerance_3d\prepared\chips\train\sample_FI_00000581.npz,D:\Water Quality Parameter Estimation\wq_pipeline\artifacts\tolerance_3d\prepared\chips\train\sample_FI_00000581.png,ok,,S2A_MSIL2A_20240208T094141_R036_T35VNH_20240208T110851,2024-02-08,2.0,3.85882,76.3233980517361,0.0,256,128,0,0,9,"B02,B03,B04,B08"
FI_00000582,11146,11146,2024-03-05,60.65688838242908,27.90019461609265,,,,1300.0,,33.0,6.2,,6.900000000000001,11.1,,77.0,6.7,6.599999999999999,0.7000000000000001,1300.0,,33.0,6.2,0.7,Urpalanj Muurik 002 3000,,Miehikkälä,,,,,,,,,FI_00000514,11146,2023-03-01,60.65688838242908,27.90019461609265,,,,1400.0,,29.0,4.3,S2_FI_00000514,2024-03-05,0,0.675411,67.0719505922577,169.300712305185,,,34VEN,S2A_MSIL2A_20240305T100031_R122_T34VEN_20240305T140836,,7.2,11.199999999999998,,77.0,6.2,3.65,0.2,1400.0,,29.0,4.3,0.7,Urpalanj Muurik 002 3000,,Miehikkälä,,,,,,,,,ok,,-7,,,,,,,,,-5,,,,,,,,,-3,,,,,,,,,-1,2024-03-04,0.0,36.642608,S2B_MSIL2A_20240304T093749_R036_T35VNH_20240304T125337,1864.0,1756.0,1854.0,2484.0,0,2024-03-06,1.0,0.016502,S2A_MSIL2A_20240306T093031_R136_T35VNH_20240306T141731,1135.0,1354.0,1512.0,1918.0,1,2024-03-06,0.0,0.016502,S2A_MSIL2A_20240306T093031_R136_T35VNH_20240306T141731,1135.0,1354.0,1512.0,1918.0,3,,,,,,,,,5,2024-03-11,1.0,39.931741,S2B_MSIL2A_20240311T092709_R136_T35VNH_20240311T141903,1672.0,2050.0,1884.0,2422.0,7,2024-03-11,1.0,39.931741,S2B_MSIL2A_20240311T092709_R136_T35VNH_20240311T141903,1672.0,2050.0,1884.0,2422.0,D:\Water Quality Parameter Estimation\wq_pipeline\artifacts\tolerance_3d\prepared\chips\train\sample_FI_00000582.npz,D:\Water Quality Parameter Estimation\wq_pipeline\artifacts\tolerance_3d\prepared\chips\train\sample_FI_00000582.png,ok,,S2A_MSIL2A_20240306T093031_R136_T35VNH_20240306T141731,2024-03-06,1.0,0.016502,66.8378615809566,4.57763671875e-05,256,128,0,0,9,"B02,B03,B04,B08"
FI_00000583,11146,11146,2024-03-05,60.65688838242908,27.90019461609265,,,,1300.0,,33.0,6.2,,6.900000000000001,11.1,,77.0,6.7,6.599999999999999,0.7000000000000001,1300.0,,33.0,6.2,0.7,Urpalanj Muurik 002 3000,,Miehikkälä,,,,,,,,,FI_00000514,11146,2023-03-01,60.65688838242908,27.90019461609265,,,,1400.0,,29.0,4.3,S2_FI_00000514,2024-03-05,0,0.675411,67.0719505922577,169.300712305185,,,34VEN,S2A_MSIL2A_20240305T100031_R122_T34VEN_20240305T140836,,7.2,11.199999999999998,,77.0,6.2,3.65,0.2,1400.0,,29.0,4.3,0.7,Urpalanj Muurik 002 3000,,Miehikkälä,,,,,,,,,ok,,-7,,,,,,,,,-5,,,,,,,,,-3,,,,,,,,,-1,2024-03-04,0.0,36.642608,S2B_MSIL2A_20240304T093749_R036_T35VNH_20240304T125337,1864.0,1756.0,1854.0,2484.0,0,2024-03-06,1.0,0.016502,S2A_MSIL2A_20240306T093031_R136_T35VNH_20240306T141731,1135.0,1354.0,1512.0,1918.0,1,2024-03-06,0.0,0.016502,S2A_MSIL2A_20240306T093031_R136_T35VNH_20240306T141731,1135.0,1354.0,1512.0,1918.0,3,,,,,,,,,5,2024-03-11,1.0,39.931741,S2B_MSIL2A_20240311T092709_R136_T35VNH_20240311T141903,1672.0,2050.0,1884.0,2422.0,7,2024-03-11,1.0,39.931741,S2B_MSIL2A_20240311T092709_R136_T35VNH_20240311T141903,1672.0,2050.0,1884.0,2422.0,D:\Water Quality Parameter Estimation\wq_pipeline\artifacts\tolerance_3d\prepared\chips\train\sample_FI_00000583.npz,D:\Water Quality Parameter Estimation\wq_pipeline\artifacts\tolerance_3d\prepared\chips\train\sample_FI_00000583.png,ok,,S2A_MSIL2A_20240306T093031_R136_T35VNH_20240306T141731,2024-03-06,1.0,0.016502,66.8378615809566,4.57763671875e-05,256,128,0,0,9,"B02,B03,B04,B08"
FI_00000584,11146,11146,2024-03-05,60.65688838242908,27.90019461609265,,,,1300.0,,33.0,6.2,,6.900000000000001,11.1,,77.0,6.7,6.599999999999999,0.7000000000000001,1300.0,,33.0,6.2,0.7,Urpalanj Muurik 002 3000,,Miehikkälä,,,,,,,,,FI_00000514,11146,2023-03-01,60.65688838242908,27.90019461609265,,,,1400.0,,29.0,4.3,S2_FI_00000514,2024-03-05,0,0.675411,67.0719505922577,169.300712305185,,,34VEN,S2A_MSIL2A_20240305T100031_R122_T34VEN_20240305T140836,,7.2,11.199999999999998,,77.0,6.2,3.65,0.2,1400.0,,29.0,4.3,0.7,Urpalanj Muurik 002 3000,,Miehikkälä,,,,,,,,,ok,,-7,,,,,,,,,-5,,,,,,,,,-3,,,,,,,,,-1,2024-03-04,0.0,36.642608,S2B_MSIL2A_20240304T093749_R036_T35VNH_20240304T125337,1864.0,1756.0,1854.0,2484.0,0,2024-03-06,1.0,0.016502,S2A_MSIL2A_20240306T093031_R136_T35VNH_20240306T141731,1135.0,1354.0,1512.0,1918.0,1,2024-03-06,0.0,0.016502,S2A_MSIL2A_20240306T093031_R136_T35VNH_20240306T141731,1135.0,1354.0,1512.0,1918.0,3,,,,,,,,,5,2024-03-11,1.0,39.931741,S2B_MSIL2A_20240311T092709_R136_T35VNH_20240311T141903,1672.0,2050.0,1884.0,2422.0,7,2024-03-11,1.0,39.931741,S2B_MSIL2A_20240311T092709_R136_T35VNH_20240311T141903,1672.0,2050.0,1884.0,2422.0,D:\Water Quality Parameter Estimation\wq_pipeline\artifacts\tolerance_3d\prepared\chips\train\sample_FI_00000584.npz,D:\Water Quality Parameter Estimation\wq_pipeline\artifacts\tolerance_3d\prepared\chips\train\sample_FI_00000584.png,ok,,S2A_MSIL2A_20240306T093031_R136_T35VNH_20240306T141731,2024-03-06,1.0,0.016502,66.8378615809566,4.57763671875e-05,256,128,0,0,9,"B02,B03,B04,B08"
FI_00000585,11146,11146,2024-03-05,60.65688838242908,27.90019461609265,,,,1300.0,,33.0,6.2,,6.900000000000001,11.1,,77.0,6.7,6.599999999999999,0.7000000000000001,1300.0,,33.0,6.2,0.7,Urpalanj Muurik 002 3000,,Miehikkälä,,,,,,,,,FI_00000514,11146,2023-03-01,60.65688838242908,27.90019461609265,,,,1400.0,,29.0,4.3,S2_FI_00000514,2024-03-05,0,0.675411,67.0719505922577,169.300712305185,,,34VEN,S2A_MSIL2A_20240305T100031_R122_T34VEN_20240305T140836,,7.2,11.199999999999998,,77.0,6.2,3.65,0.2,1400.0,,29.0,4.3,0.7,Urpalanj Muurik 002 3000,,Miehikkälä,,,,,,,,,ok,,-7,,,,,,,,,-5,,,,,,,,,-3,,,,,,,,,-1,2024-03-04,0.0,36.642608,S2B_MSIL2A_20240304T093749_R036_T35VNH_20240304T125337,1864.0,1756.0,1854.0,2484.0,0,2024-03-06,1.0,0.016502,S2A_MSIL2A_20240306T093031_R136_T35VNH_20240306T141731,1135.0,1354.0,1512.0,1918.0,1,2024-03-06,0.0,0.016502,S2A_MSIL2A_20240306T093031_R136_T35VNH_20240306T141731,1135.0,1354.0,1512.0,1918.0,3,,,,,,,,,5,2024-03-11,1.0,39.931741,S2B_MSIL2A_20240311T092709_R136_T35VNH_20240311T141903,1672.0,2050.0,1884.0,2422.0,7,2024-03-11,1.0,39.931741,S2B_MSIL2A_20240311T092709_R136_T35VNH_20240311T141903,1672.0,2050.0,1884.0,2422.0,D:\Water Quality Parameter Estimation\wq_pipeline\artifacts\tolerance_3d\prepared\chips\train\sample_FI_00000585.npz,D:\Water Quality Parameter Estimation\wq_pipeline\artifacts\tolerance_3d\prepared\chips\train\sample_FI_00000585.png,ok,,S2A_MSIL2A_20240306T093031_R136_T35VNH_20240306T141731,2024-03-06,1.0,0.016502,66.8378615809566,4.57763671875e-05,256,128,0,0,9,"B02,B03,B04,B08"
FI_00000586,11146,11146,2024-03-05,60.65688838242908,27.90019461609265,,,,1300.0,,33.0,6.2,,6.900000000000001,11.1,,77.0,6.7,6.599999999999999,0.7000000000000001,1300.0,,33.0,6.2,0.7,Urpalanj Muurik 002 3000,,Miehikkälä,,,,,,,,,FI_00000514,11146,2023-03-01,60.65688838242908,27.90019461609265,,,,1400.0,,29.0,4.3,S2_FI_00000514,2024-03-05,0,0.675411,67.0719505922577,169.300712305185,,,34VEN,S2A_MSIL2A_20240305T100031_R122_T34VEN_20240305T140836,,7.2,11.199999999999998,,77.0,6.2,3.65,0.2,1400.0,,29.0,4.3,0.7,Urpalanj Muurik 002 3000,,Miehikkälä,,,,,,,,,ok,,-7,,,,,,,,,-5,,,,,,,,,-3,,,,,,,,,-1,2024-03-04,0.0,36.642608,S2B_MSIL2A_20240304T093749_R036_T35VNH_20240304T125337,1864.0,1756.0,1854.0,2484.0,0,2024-03-06,1.0,0.016502,S2A_MSIL2A_20240306T093031_R136_T35VNH_20240306T141731,1135.0,1354.0,1512.0,1918.0,1,2024-03-06,0.0,0.016502,S2A_MSIL2A_20240306T093031_R136_T35VNH_20240306T141731,1135.0,1354.0,1512.0,1918.0,3,,,,,,,,,5,2024-03-11,1.0,39.931741,S2B_MSIL2A_20240311T092709_R136_T35VNH_20240311T141903,1672.0,2050.0,1884.0,2422.0,7,2024-03-11,1.0,39.931741,S2B_MSIL2A_20240311T092709_R136_T35VNH_20240311T141903,1672.0,2050.0,1884.0,2422.0,D:\Water Quality Parameter Estimation\wq_pipeline\artifacts\tolerance_3d\prepared\chips\train\sample_FI_00000586.npz,D:\Water Quality Parameter Estimation\wq_pipeline\artifacts\tolerance_3d\prepared\chips\train\sample_FI_00000586.png,ok,,S2A_MSIL2A_20240306T093031_R136_T35VNH_20240306T141731,2024-03-06,1.0,0.016502,66.8378615809566,4.57763671875e-05,256,128,0,0,9,"B02,B03,B04,B08"
FI_00000587,11146,11146,2024-03-05,60.65688838242908,27.90019461609265,,,,1300.0,,33.0,6.2,,6.900000000000001,11.1,,77.0,6.7,6.599999999999999,0.7000000000000001,1300.0,,33.0,6.2,0.7,Urpalanj Muurik 002 3000,,Miehikkälä,,,,,,,,,FI_00000514,11146,2023-03-01,60.65688838242908,27.90019461609265,,,,1400.0,,29.0,4.3,S2_FI_00000514,2024-03-05,0,0.675411,67.0719505922577,169.300712305185,,,34VEN,S2A_MSIL2A_20240305T100031_R122_T34VEN_20240305T140836,,7.2,11.199999999999998,,77.0,6.2,3.65,0.2,1400.0,,29.0,4.3,0.7,Urpalanj Muurik 002 3000,,Miehikkälä,,,,,,,,,ok,,-7,,,,,,,,,-5,,,,,,,,,-3,,,,,,,,,-1,2024-03-04,0.0,36.642608,S2B_MSIL2A_20240304T093749_R036_T35VNH_20240304T125337,1864.0,1756.0,1854.0,2484.0,0,2024-03-06,1.0,0.016502,S2A_MSIL2A_20240306T093031_R136_T35VNH_20240306T141731,1135.0,1354.0,1512.0,1918.0,1,2024-03-06,0.0,0.016502,S2A_MSIL2A_20240306T093031_R136_T35VNH_20240306T141731,1135.0,1354.0,1512.0,1918.0,3,,,,,,,,,5,2024-03-11,1.0,39.931741,S2B_MSIL2A_20240311T092709_R136_T35VNH_20240311T141903,1672.0,2050.0,1884.0,2422.0,7,2024-03-11,1.0,39.931741,S2B_MSIL2A_20240311T092709_R136_T35VNH_20240311T141903,1672.0,2050.0,1884.0,2422.0,D:\Water Quality Parameter Estimation\wq_pipeline\artifacts\tolerance_3d\prepared\chips\train\sample_FI_00000587.npz,D:\Water Quality Parameter Estimation\wq_pipeline\artifacts\tolerance_3d\prepared\chips\train\sample_FI_00000587.png,ok,,S2A_MSIL2A_20240306T093031_R136_T35VNH_20240306T141731,2024-03-06,1.0,0.016502,66.8378615809566,4.57763671875e-05,256,128,0,0,9,"B02,B03,B04,B08"
FI_00000588,11146,11146,2024-04-02,60.65688838242908,27.90019461609265,1.0,,,1400.0,,37.0,9.0,1.0,5.400000000000001,11.6,,83.0,6.3,11.1,1.7,1400.0,,37.0,9.0,0.9,Urpalanj Muurik 002 3000,,Miehikkälä,,,,,,,,,FI_00000594,11146,2024-05-07,60.65688838242908,27.90019461609265,3.9,,,1000.0,,31.0,6.3,S2_FI_00000594,2024-04-03,1,99.994147,58.0491713504463,174.111952238289,,,36VUR,S2B_MSIL2A_20240403T093549_R036_T36VUR_20240403T133537,3.9,4.5,8.6,,75.0,6.3,6.75,9.6,1000.0,,31.0,6.3,0.6,Urpalanj Muurik 002 3000,,Miehikkälä,,,,,,,,,ok,,-7,,,,,,,,,-5,,,,,,,,,-3,,,,,,,,,-1,,,,,,,,,0,,,,,,,,,1,,,,,,,,,3,,,,,,,,,5,2024-04-08,1.0,0.631824,S2A_MSIL2A_20240408T094031_R036_T35VNH_20240410T215126,943.0,1108.0,1124.0,1378.0,7,2024-04-08,1.0,0.631824,S2A_MSIL2A_20240408T094031_R036_T35VNH_20240410T215126,943.0,1108.0,1124.0,1378.0,,,no_match,no_stac_item,,,,,,,256,128,0,0,0,"B02,B03,B04,B08"
FI_00000589,11146,11146,2024-04-02,60.65688838242908,27.90019461609265,1.0,,,1400.0,,37.0,9.0,1.0,5.400000000000001,11.6,,83.0,6.3,11.1,1.7,1400.0,,37.0,9.0,0.9,Urpalanj Muurik 002 3000,,Miehikkälä,,,,,,,,,FI_00000594,11146,2024-05-07,60.65688838242908,27.90019461609265,3.9,,,1000.0,,31.0,6.3,S2_FI_00000594,2024-04-03,1,99.994147,58.0491713504463,174.111952238289,,,36VUR,S2B_MSIL2A_20240403T093549_R036_T36VUR_20240403T133537,3.9,4.5,8.6,,75.0,6.3,6.75,9.6,1000.0,,31.0,6.3,0.6,Urpalanj Muurik 002 3000,,Miehikkälä,,,,,,,,,ok,,-7,,,,,,,,,-5,,,,,,,,,-3,,,,,,,,,-1,,,,,,,,,0,,,,,,,,,1,,,,,,,,,3,,,,,,,,,5,2024-04-08,1.0,0.631824,S2A_MSIL2A_20240408T094031_R036_T35VNH_20240410T215126,943.0,1108.0,1124.0,1378.0,7,2024-04-08,1.0,0.631824,S2A_MSIL2A_20240408T094031_R036_T35VNH_20240410T215126,943.0,1108.0,1124.0,1378.0,,,no_match,no_stac_item,,,,,,,256,128,0,0,0,"B02,B03,B04,B08"
FI_00000590,11146,11146,2024-04-02,60.65688838242908,27.90019461609265,1.0,,,1400.0,,37.0,9.0,1.0,5.400000000000001,11.6,,83.0,6.3,11.1,1.7,1400.0,,37.0,9.0,0.9,Urpalanj Muurik 002 3000,,Miehikkälä,,,,,,,,,FI_00000594,11146,2024-05-07,60.65688838242908,27.90019461609265,3.9,,,1000.0,,31.0,6.3,S2_FI_00000594,2024-04-03,1,99.994147,58.0491713504463,174.111952238289,,,36VUR,S2B_MSIL2A_20240403T093549_R036_T36VUR_20240403T133537,3.9,4.5,8.6,,75.0,6.3,6.75,9.6,1000.0,,31.0,6.3,0.6,Urpalanj Muurik 002 3000,,Miehikkälä,,,,,,,,,ok,,-7,,,,,,,,,-5,,,,,,,,,-3,,,,,,,,,-1,,,,,,,,,0,,,,,,,,,1,,,,,,,,,3,,,,,,,,,5,2024-04-08,1.0,0.631824,S2A_MSIL2A_20240408T094031_R036_T35VNH_20240410T215126,943.0,1108.0,1124.0,1378.0,7,2024-04-08,1.0,0.631824,S2A_MSIL2A_20240408T094031_R036_T35VNH_20240410T215126,943.0,1108.0,1124.0,1378.0,,,no_match,no_stac_item,,,,,,,256,128,0,0,0,"B02,B03,B04,B08"
FI_00000591,11146,11146,2024-04-02,60.65688838242908,27.90019461609265,1.0,,,1400.0,,37.0,9.0,1.0,5.400000000000001,11.6,,83.0,6.3,11.1,1.7,1400.0,,37.0,9.0,0.9,Urpalanj Muurik 002 3000,,Miehikkälä,,,,,,,,,FI_00000594,11146,2024-05-07,60.65688838242908,27.90019461609265,3.9,,,1000.0,,31.0,6.3,S2_FI_00000594,2024-04-03,1,99.994147,58.0491713504463,174.111952238289,,,36VUR,S2B_MSIL2A_20240403T093549_R036_T36VUR_20240403T133537,3.9,4.5,8.6,,75.0,6.3,6.75,9.6,1000.0,,31.0,6.3,0.6,Urpalanj Muurik 002 3000,,Miehikkälä,,,,,,,,,ok,,-7,,,,,,,,,-5,,,,,,,,,-3,,,,,,,,,-1,,,,,,,,,0,,,,,,,,,1,,,,,,,,,3,,,,,,,,,5,2024-04-08,1.0,0.631824,S2A_MSIL2A_20240408T094031_R036_T35VNH_20240410T215126,943.0,1108.0,1124.0,1378.0,7,2024-04-08,1.0,0.631824,S2A_MSIL2A_20240408T094031_R036_T35VNH_20240410T215126,943.0,1108.0,1124.0,1378.0,,,no_match,no_stac_item,,,,,,,256,128,0,0,0,"B02,B03,B04,B08"
FI_00000592,11146,11146,2024-04-02,60.65688838242908,27.90019461609265,1.0,,,1400.0,,37.0,9.0,1.0,5.400000000000001,11.6,,83.0,6.3,11.1,1.7,1400.0,,37.0,9.0,0.9,Urpalanj Muurik 002 3000,,Miehikkälä,,,,,,,,,FI_00000594,11146,2024-05-07,60.65688838242908,27.90019461609265,3.9,,,1000.0,,31.0,6.3,S2_FI_00000594,2024-04-03,1,99.994147,58.0491713504463,174.111952238289,,,36VUR,S2B_MSIL2A_20240403T093549_R036_T36VUR_20240403T133537,3.9,4.5,8.6,,75.0,6.3,6.75,9.6,1000.0,,31.0,6.3,0.6,Urpalanj Muurik 002 3000,,Miehikkälä,,,,,,,,,ok,,-7,,,,,,,,,-5,,,,,,,,,-3,,,,,,,,,-1,,,,,,,,,0,,,,,,,,,1,,,,,,,,,3,,,,,,,,,5,2024-04-08,1.0,0.631824,S2A_MSIL2A_20240408T094031_R036_T35VNH_20240410T215126,943.0,1108.0,1124.0,1378.0,7,2024-04-08,1.0,0.631824,S2A_MSIL2A_20240408T094031_R036_T35VNH_20240410T215126,943.0,1108.0,1124.0,1378.0,,,no_match,no_stac_item,,,,,,,256,128,0,0,0,"B02,B03,B04,B08"
FI_00000593,11146,11146,2024-04-02,60.65688838242908,27.90019461609265,1.0,,,1400.0,,37.0,9.0,1.0,5.400000000000001,11.6,,83.0,6.3,11.1,1.7,1400.0,,37.0,9.0,0.9,Urpalanj Muurik 002 3000,,Miehikkälä,,,,,,,,,FI_00000594,11146,2024-05-07,60.65688838242908,27.90019461609265,3.9,,,1000.0,,31.0,6.3,S2_FI_00000594,2024-04-03,1,99.994147,58.0491713504463,174.111952238289,,,36VUR,S2B_MSIL2A_20240403T093549_R036_T36VUR_20240403T133537,3.9,4.5,8.6,,75.0,6.3,6.75,9.6,1000.0,,31.0,6.3,0.6,Urpalanj Muurik 002 3000,,Miehikkälä,,,,,,,,,ok,,-7,,,,,,,,,-5,,,,,,,,,-3,,,,,,,,,-1,,,,,,,,,0,,,,,,,,,1,,,,,,,,,3,,,,,,,,,5,2024-04-08,1.0,0.631824,S2A_MSIL2A_20240408T094031_R036_T35VNH_20240410T215126,943.0,1108.0,1124.0,1378.0,7,2024-04-08,1.0,0.631824,S2A_MSIL2A_20240408T094031_R036_T35VNH_20240410T215126,943.0,1108.0,1124.0,1378.0,,,no_match,no_stac_item,,,,,,,256,128,0,0,0,"B02,B03,B04,B08"
FI_00000594,11146,11146,2024-05-07,60.65688838242908,27.90019461609265,3.9,,,1000.0,,31.0,6.3,3.9,4.5,8.6,,75.0,6.3,6.75,9.6,1000.0,,31.0,6.3,0.6,Urpalanj Muurik 002 3000,,Miehikkälä,,,,,,,,,FI_00000553,11146,2023-10-03,60.65688838242908,27.90019461609265,7.400000000000001,,,640.0,,30.0,4.0,S2_FI_00000553,2024-05-06,1,73.458576,49.5287670746962,176.348831319808,,,35WNP,S2B_MSIL2A_20240506T094549_R079_T35WNP_20240506T131844,7.400000000000001,5.0,6.8,,66.0,6.7,5.3500000000000005,13.699999999999998,640.0,,30.0,4.0,1.0,Urpalanj Muurik 002 3000,,Miehikkälä,,,,,,,,,ok,,-7,2024-04-30,0.0,1.836133,S2B_MSIL2A_20240430T092549_R136_T35VNH_20240430T131830,1196.0,1210.0,1346.0,1508.0,-5,,,,,,,,,-3,,,,,,,,,-1,,,,,,,,,0,2024-05-08,1.0,30.803224,S2A_MSIL2A_20240508T094031_R036_T35VNH_20240508T152742,2464.0,2568.0,2648.0,3988.0,1,2024-05-08,0.0,30.803224,S2A_MSIL2A_20240508T094031_R036_T35VNH_20240508T152742,2464.0,2568.0,2648.0,3988.0,3,,,,,,,,,5,,,,,,,,,7,2024-05-15,1.0,18.821983,S2A_MSIL2A_20240515T093041_R136_T35VNH_20240515T174049,1212.0,1334.0,1347.0,1816.0,D:\Water Quality Parameter Estimation\wq_pipeline\artifacts\tolerance_3d\prepared\chips\train\sample_FI_00000594.npz,D:\Water Quality Parameter Estimation\wq_pipeline\artifacts\tolerance_3d\prepared\chips\train\sample_FI_00000594.png,ok,,S2A_MSIL2A_20240508T094031_R036_T35VNH_20240508T152742,2024-05-08,1.0,30.803224,43.7231349406598,0.0,256,128,0,0,9,"B02,B03,B04,B08"
FI_00000595,11146,11146,2024-05-07,60.65688838242908,27.90019461609265,3.9,,,1000.0,,31.0,6.3,3.9,4.5,8.6,,75.0,6.3,6.75,9.6,1000.0,,31.0,6.3,0.6,Urpalanj Muurik 002 3000,,Miehikkälä,,,,,,,,,FI_00000553,11146,2023-10-03,60.65688838242908,27.90019461609265,7.400000000000001,,,640.0,,30.0,4.0,S2_FI_00000553,2024-05-06,1,73.458576,49.5287670746962,176.348831319808,,,35WNP,S2B_MSIL2A_20240506T094549_R079_T35WNP_20240506T131844,7.400000000000001,5.0,6.8,,66.0,6.7,5.3500000000000005,13.699999999999998,640.0,,30.0,4.0,1.0,Urpalanj Muurik 002 3000,,Miehikkälä,,,,,,,,,ok,,-7,2024-04-30,0.0,1.836133,S2B_MSIL2A_20240430T092549_R136_T35VNH_20240430T131830,1196.0,1210.0,1346.0,1508.0,-5,,,,,,,,,-3,,,,,,,,,-1,,,,,,,,,0,2024-05-08,1.0,30.803224,S2A_MSIL2A_20240508T094031_R036_T35VNH_20240508T152742,2464.0,2568.0,2648.0,3988.0,1,2024-05-08,0.0,30.803224,S2A_MSIL2A_20240508T094031_R036_T35VNH_20240508T152742,2464.0,2568.0,2648.0,3988.0,3,,,,,,,,,5,,,,,,,,,7,2024-05-15,1.0,18.821983,S2A_MSIL2A_20240515T093041_R136_T35VNH_20240515T174049,1212.0,1334.0,1347.0,1816.0,D:\Water Quality Parameter Estimation\wq_pipeline\artifacts\tolerance_3d\prepared\chips\train\sample_FI_00000595.npz,D:\Water Quality Parameter Estimation\wq_pipeline\artifacts\tolerance_3d\prepared\chips\train\sample_FI_00000595.png,ok,,S2A_MSIL2A_20240508T094031_R036_T35VNH_20240508T152742,2024-05-08,1.0,30.803224,43.7231349406598,0.0,256,128,0,0,9,"B02,B03,B04,B08"
FI_00000596,11146,11146,2024-05-07,60.65688838242908,27.90019461609265,3.9,,,1000.0,,31.0,6.3,3.9,4.5,8.6,,75.0,6.3,6.75,9.6,1000.0,,31.0,6.3,0.6,Urpalanj Muurik 002 3000,,Miehikkälä,,,,,,,,,FI_00000553,11146,2023-10-03,60.65688838242908,27.90019461609265,7.400000000000001,,,640.0,,30.0,4.0,S2_FI_00000553,2024-05-06,1,73.458576,49.5287670746962,176.348831319808,,,35WNP,S2B_MSIL2A_20240506T094549_R079_T35WNP_20240506T131844,7.400000000000001,5.0,6.8,,66.0,6.7,5.3500000000000005,13.699999999999998,640.0,,30.0,4.0,1.0,Urpalanj Muurik 002 3000,,Miehikkälä,,,,,,,,,ok,,-7,2024-04-30,0.0,1.836133,S2B_MSIL2A_20240430T092549_R136_T35VNH_20240430T131830,1196.0,1210.0,1346.0,1508.0,-5,,,,,,,,,-3,,,,,,,,,-1,,,,,,,,,0,2024-05-08,1.0,30.803224,S2A_MSIL2A_20240508T094031_R036_T35VNH_20240508T152742,2464.0,2568.0,2648.0,3988.0,1,2024-05-08,0.0,30.803224,S2A_MSIL2A_20240508T094031_R036_T35VNH_20240508T152742,2464.0,2568.0,2648.0,3988.0,3,,,,,,,,,5,,,,,,,,,7,2024-05-15,1.0,18.821983,S2A_MSIL2A_20240515T093041_R136_T35VNH_20240515T174049,1212.0,1334.0,1347.0,1816.0,D:\Water Quality Parameter Estimation\wq_pipeline\artifacts\tolerance_3d\prepared\chips\train\sample_FI_00000596.npz,D:\Water Quality Parameter Estimation\wq_pipeline\artifacts\tolerance_3d\prepared\chips\train\sample_FI_00000596.png,ok,,S2A_MSIL2A_20240508T094031_R036_T35VNH_20240508T152742,2024-05-08,1.0,30.803224,43.7231349406598,0.0,256,128,0,0,9,"B02,B03,B04,B08"
FI_00000597,11146,11146,2024-05-07,60.65688838242908,27.90019461609265,3.9,,,1000.0,,31.0,6.3,3.9,4.5,8.6,,75.0,6.3,6.75,9.6,1000.0,,31.0,6.3,0.6,Urpalanj Muurik 002 3000,,Miehikkälä,,,,,,,,,FI_00000553,11146,2023-10-03,60.65688838242908,27.90019461609265,7.400000000000001,,,640.0,,30.0,4.0,S2_FI_00000553,2024-05-06,1,73.458576,49.5287670746962,176.348831319808,,,35WNP,S2B_MSIL2A_20240506T094549_R079_T35WNP_20240506T131844,7.400000000000001,5.0,6.8,,66.0,6.7,5.3500000000000005,13.699999999999998,640.0,,30.0,4.0,1.0,Urpalanj Muurik 002 3000,,Miehikkälä,,,,,,,,,ok,,-7,2024-04-30,0.0,1.836133,S2B_MSIL2A_20240430T092549_R136_T35VNH_20240430T131830,1196.0,1210.0,1346.0,1508.0,-5,,,,,,,,,-3,,,,,,,,,-1,,,,,,,,,0,2024-05-08,1.0,30.803224,S2A_MSIL2A_20240508T094031_R036_T35VNH_20240508T152742,2464.0,2568.0,2648.0,3988.0,1,2024-05-08,0.0,30.803224,S2A_MSIL2A_20240508T094031_R036_T35VNH_20240508T152742,2464.0,2568.0,2648.0,3988.0,3,,,,,,,,,5,,,,,,,,,7,2024-05-15,1.0,18.821983,S2A_MSIL2A_20240515T093041_R136_T35VNH_20240515T174049,1212.0,1334.0,1347.0,1816.0,D:\Water Quality Parameter Estimation\wq_pipeline\artifacts\tolerance_3d\prepared\chips\train\sample_FI_00000597.npz,D:\Water Quality Parameter Estimation\wq_pipeline\artifacts\tolerance_3d\prepared\chips\train\sample_FI_00000597.png,ok,,S2A_MSIL2A_20240508T094031_R036_T35VNH_20240508T152742,2024-05-08,1.0,30.803224,43.7231349406598,0.0,256,128,0,0,9,"B02,B03,B04,B08"
FI_00000598,11146,11146,2024-05-07,60.65688838242908,27.90019461609265,3.9,,,1000.0,,31.0,6.3,3.9,4.5,8.6,,75.0,6.3,6.75,9.6,1000.0,,31.0,6.3,0.6,Urpalanj Muurik 002 3000,,Miehikkälä,,,,,,,,,FI_00000553,11146,2023-10-03,60.65688838242908,27.90019461609265,7.400000000000001,,,640.0,,30.0,4.0,S2_FI_00000553,2024-05-06,1,73.458576,49.5287670746962,176.348831319808,,,35WNP,S2B_MSIL2A_20240506T094549_R079_T35WNP_20240506T131844,7.400000000000001,5.0,6.8,,66.0,6.7,5.3500000000000005,13.699999999999998,640.0,,30.0,4.0,1.0,Urpalanj Muurik 002 3000,,Miehikkälä,,,,,,,,,ok,,-7,2024-04-30,0.0,1.836133,S2B_MSIL2A_20240430T092549_R136_T35VNH_20240430T131830,1196.0,1210.0,1346.0,1508.0,-5,,,,,,,,,-3,,,,,,,,,-1,,,,,,,,,0,2024-05-08,1.0,30.803224,S2A_MSIL2A_20240508T094031_R036_T35VNH_20240508T152742,2464.0,2568.0,2648.0,3988.0,1,2024-05-08,0.0,30.803224,S2A_MSIL2A_20240508T094031_R036_T35VNH_20240508T152742,2464.0,2568.0,2648.0,3988.0,3,,,,,,,,,5,,,,,,,,,7,2024-05-15,1.0,18.821983,S2A_MSIL2A_20240515T093041_R136_T35VNH_20240515T174049,1212.0,1334.0,1347.0,1816.0,D:\Water Quality Parameter Estimation\wq_pipeline\artifacts\tolerance_3d\prepared\chips\train\sample_FI_00000598.npz,D:\Water Quality Parameter Estimation\wq_pipeline\artifacts\tolerance_3d\prepared\chips\train\sample_FI_00000598.png,ok,,S2A_MSIL2A_20240508T094031_R036_T35VNH_20240508T152742,2024-05-08,1.0,30.803224,43.7231349406598,0.0,256,128,0,0,9,"B02,B03,B04,B08"
FI_00000599,11146,11146,2024-05-07,60.65688838242908,27.90019461609265,3.9,,,1000.0,,31.0,6.3,3.9,4.5,8.6,,75.0,6.3,6.75,9.6,1000.0,,31.0,6.3,0.6,Urpalanj Muurik 002 3000,,Miehikkälä,,,,,,,,,FI_00000553,11146,2023-10-03,60.65688838242908,27.90019461609265,7.400000000000001,,,640.0,,30.0,4.0,S2_FI_00000553,2024-05-06,1,73.458576,49.5287670746962,176.348831319808,,,35WNP,S2B_MSIL2A_20240506T094549_R079_T35WNP_20240506T131844,7.400000000000001,5.0,6.8,,66.0,6.7,5.3500000000000005,13.699999999999998,640.0,,30.0,4.0,1.0,Urpalanj Muurik 002 3000,,Miehikkälä,,,,,,,,,ok,,-7,2024-04-30,0.0,1.836133,S2B_MSIL2A_20240430T092549_R136_T35VNH_20240430T131830,1196.0,1210.0,1346.0,1508.0,-5,,,,,,,,,-3,,,,,,,,,-1,,,,,,,,,0,2024-05-08,1.0,30.803224,S2A_MSIL2A_20240508T094031_R036_T35VNH_20240508T152742,2464.0,2568.0,2648.0,3988.0,1,2024-05-08,0.0,30.803224,S2A_MSIL2A_20240508T094031_R036_T35VNH_20240508T152742,2464.0,2568.0,2648.0,3988.0,3,,,,,,,,,5,,,,,,,,,7,2024-05-15,1.0,18.821983,S2A_MSIL2A_20240515T093041_R136_T35VNH_20240515T174049,1212.0,1334.0,1347.0,1816.0,D:\Water Quality Parameter Estimation\wq_pipeline\artifacts\tolerance_3d\prepared\chips\train\sample_FI_00000599.npz,D:\Water Quality Parameter Estimation\wq_pipeline\artifacts\tolerance_3d\prepared\chips\train\sample_FI_00000599.png,ok,,S2A_MSIL2A_20240508T094031_R036_T35VNH_20240508T152742,2024-05-08,1.0,30.803224,43.7231349406598,0.0,256,128,0,0,9,"B02,B03,B04,B08"
FI_00000600,11146,11146,2024-06-04,60.65688838242908,27.90019461609265,15.0,,,890.0,,32.0,5.0,15.0,4.9,5.400000000000001,,63.0,6.5,5.0,24.25,890.0,,32.0,5.0,0.7,Urpalanj Muurik 002 3000,,Miehikkälä,,,,,,,,,FI_00000557,11146,2023-10-03,60.65688838242908,27.90019461609265,7.400000000000001,,,640.0,,30.0,4.0,S2_FI_00000557,2024-06-03,1,41.528395,43.8282524251242,178.925509612312,,,35WNP,S2A_MSIL2A_20240603T100031_R122_T35WNP_20240603T151846,7.400000000000001,5.0,6.8,,66.0,6.7,5.3500000000000005,13.699999999999998,640.0,,30.0,4.0,1.0,Urpalanj Muurik 002 3000,,Miehikkälä,,,,,,,,,ok,,-7,2024-05-28,0.0,18.432724,S2A_MSIL2A_20240528T094031_R036_T35VNH_20240528T142332,3100.0,3100.0,2994.0,4828.0,-5,,,,,,,,,-3,,,,,,,,,-1,2024-06-04,1.0,36.4135,S2A_MSIL2A_20240604T093041_R136_T35VNH_20240604T132058,3170.0,3440.0,3402.0,5020.0,0,2024-06-04,0.0,36.4135,S2A_MSIL2A_20240604T093041_R136_T35VNH_20240604T132058,3170.0,3440.0,3402.0,5020.0,1,2024-06-04,1.0,36.4135,S2A_MSIL2A_20240604T093041_R136_T35VNH_20240604T132058,3170.0,3440.0,3402.0,5020.0,3,,,,,,,,,5,,,,,,,,,7,,,,,,,,,D:\Water Quality Parameter Estimation\wq_pipeline\artifacts\tolerance_3d\prepared\chips\train\sample_FI_00000600.npz,D:\Water Quality Parameter Estimation\wq_pipeline\artifacts\tolerance_3d\prepared\chips\train\sample_FI_00000600.png,ok,,S2A_MSIL2A_20240604T093041_R136_T35VNH_20240604T132058,2024-06-04,0.0,36.4135,38.7496611520196,0.0,256,128,0,0,9,"B02,B03,B04,B08"
FI_00000601,11146,11146,2024-06-04,60.65688838242908,27.90019461609265,15.0,,,890.0,,32.0,5.0,15.0,4.9,5.400000000000001,,63.0,6.5,5.0,24.25,890.0,,32.0,5.0,0.7,Urpalanj Muurik 002 3000,,Miehikkälä,,,,,,,,,FI_00000557,11146,2023-10-03,60.65688838242908,27.90019461609265,7.400000000000001,,,640.0,,30.0,4.0,S2_FI_00000557,2024-06-03,1,41.528395,43.8282524251242,178.925509612312,,,35WNP,S2A_MSIL2A_20240603T100031_R122_T35WNP_20240603T151846,7.400000000000001,5.0,6.8,,66.0,6.7,5.3500000000000005,13.699999999999998,640.0,,30.0,4.0,1.0,Urpalanj Muurik 002 3000,,Miehikkälä,,,,,,,,,ok,,-7,2024-05-28,0.0,18.432724,S2A_MSIL2A_20240528T094031_R036_T35VNH_20240528T142332,3100.0,3100.0,2994.0,4828.0,-5,,,,,,,,,-3,,,,,,,,,-1,2024-06-04,1.0,36.4135,S2A_MSIL2A_20240604T093041_R136_T35VNH_20240604T132058,3170.0,3440.0,3402.0,5020.0,0,2024-06-04,0.0,36.4135,S2A_MSIL2A_20240604T093041_R136_T35VNH_20240604T132058,3170.0,3440.0,3402.0,5020.0,1,2024-06-04,1.0,36.4135,S2A_MSIL2A_20240604T093041_R136_T35VNH_20240604T132058,3170.0,3440.0,3402.0,5020.0,3,,,,,,,,,5,,,,,,,,,7,,,,,,,,,D:\Water Quality Parameter Estimation\wq_pipeline\artifacts\tolerance_3d\prepared\chips\train\sample_FI_00000601.npz,D:\Water Quality Parameter Estimation\wq_pipeline\artifacts\tolerance_3d\prepared\chips\train\sample_FI_00000601.png,ok,,S2A_MSIL2A_20240604T093041_R136_T35VNH_20240604T132058,2024-06-04,0.0,36.4135,38.7496611520196,0.0,256,128,0,0,9,"B02,B03,B04,B08"
FI_00000602,11146,11146,2024-06-04,60.65688838242908,27.90019461609265,15.0,,,890.0,,32.0,5.0,15.0,4.9,5.400000000000001,,63.0,6.5,5.0,24.25,890.0,,32.0,5.0,0.7,Urpalanj Muurik 002 3000,,Miehikkälä,,,,,,,,,FI_00000557,11146,2023-10-03,60.65688838242908,27.90019461609265,7.400000000000001,,,640.0,,30.0,4.0,S2_FI_00000557,2024-06-03,1,41.528395,43.8282524251242,178.925509612312,,,35WNP,S2A_MSIL2A_20240603T100031_R122_T35WNP_20240603T151846,7.400000000000001,5.0,6.8,,66.0,6.7,5.3500000000000005,13.699999999999998,640.0,,30.0,4.0,1.0,Urpalanj Muurik 002 3000,,Miehikkälä,,,,,,,,,ok,,-7,2024-05-28,0.0,18.432724,S2A_MSIL2A_20240528T094031_R036_T35VNH_20240528T142332,3100.0,3100.0,2994.0,4828.0,-5,,,,,,,,,-3,,,,,,,,,-1,2024-06-04,1.0,36.4135,S2A_MSIL2A_20240604T093041_R136_T35VNH_20240604T132058,3170.0,3440.0,3402.0,5020.0,0,2024-06-04,0.0,36.4135,S2A_MSIL2A_20240604T093041_R136_T35VNH_20240604T132058,3170.0,3440.0,3402.0,5020.0,1,2024-06-04,1.0,36.4135,S2A_MSIL2A_20240604T093041_R136_T35VNH_20240604T132058,3170.0,3440.0,3402.0,5020.0,3,,,,,,,,,5,,,,,,,,,7,,,,,,,,,D:\Water Quality Parameter Estimation\wq_pipeline\artifacts\tolerance_3d\prepared\chips\train\sample_FI_00000602.npz,D:\Water Quality Parameter Estimation\wq_pipeline\artifacts\tolerance_3d\prepared\chips\train\sample_FI_00000602.png,ok,,S2A_MSIL2A_20240604T093041_R136_T35VNH_20240604T132058,2024-06-04,0.0,36.4135,38.7496611520196,0.0,256,128,0,0,9,"B02,B03,B04,B08"
FI_00000603,11146,11146,2024-06-04,60.65688838242908,27.90019461609265,15.0,,,890.0,,32.0,5.0,15.0,4.9,5.400000000000001,,63.0,6.5,5.0,24.25,890.0,,32.0,5.0,0.7,Urpalanj Muurik 002 3000,,Miehikkälä,,,,,,,,,FI_00000557,11146,2023-10-03,60.65688838242908,27.90019461609265,7.400000000000001,,,640.0,,30.0,4.0,S2_FI_00000557,2024-06-03,1,41.528395,43.8282524251242,178.925509612312,,,35WNP,S2A_MSIL2A_20240603T100031_R122_T35WNP_20240603T151846,7.400000000000001,5.0,6.8,,66.0,6.7,5.3500000000000005,13.699999999999998,640.0,,30.0,4.0,1.0,Urpalanj Muurik 002 3000,,Miehikkälä,,,,,,,,,ok,,-7,2024-05-28,0.0,18.432724,S2A_MSIL2A_20240528T094031_R036_T35VNH_20240528T142332,3100.0,3100.0,2994.0,4828.0,-5,,,,,,,,,-3,,,,,,,,,-1,2024-06-04,1.0,36.4135,S2A_MSIL2A_20240604T093041_R136_T35VNH_20240604T132058,3170.0,3440.0,3402.0,5020.0,0,2024-06-04,0.0,36.4135,S2A_MSIL2A_20240604T093041_R136_T35VNH_20240604T132058,3170.0,3440.0,3402.0,5020.0,1,2024-06-04,1.0,36.4135,S2A_MSIL2A_20240604T093041_R136_T35VNH_20240604T132058,3170.0,3440.0,3402.0,5020.0,3,,,,,,,,,5,,,,,,,,,7,,,,,,,,,D:\Water Quality Parameter Estimation\wq_pipeline\artifacts\tolerance_3d\prepared\chips\train\sample_FI_00000603.npz,D:\Water Quality Parameter Estimation\wq_pipeline\artifacts\tolerance_3d\prepared\chips\train\sample_FI_00000603.png,ok,,S2A_MSIL2A_20240604T093041_R136_T35VNH_20240604T132058,2024-06-04,0.0,36.4135,38.7496611520196,0.0,256,128,0,0,9,"B02,B03,B04,B08"
FI_00000604,11146,11146,2024-06-04,60.65688838242908,27.90019461609265,15.0,,,890.0,,32.0,5.0,15.0,4.9,5.400000000000001,,63.0,6.5,5.0,24.25,890.0,,32.0,5.0,0.7,Urpalanj Muurik 002 3000,,Miehikkälä,,,,,,,,,FI_00000557,11146,2023-10-03,60.65688838242908,27.90019461609265,7.400000000000001,,,640.0,,30.0,4.0,S2_FI_00000557,2024-06-03,1,41.528395,43.8282524251242,178.925509612312,,,35WNP,S2A_MSIL2A_20240603T100031_R122_T35WNP_20240603T151846,7.400000000000001,5.0,6.8,,66.0,6.7,5.3500000000000005,13.699999999999998,640.0,,30.0,4.0,1.0,Urpalanj Muurik 002 3000,,Miehikkälä,,,,,,,,,ok,,-7,2024-05-28,0.0,18.432724,S2A_MSIL2A_20240528T094031_R036_T35VNH_20240528T142332,3100.0,3100.0,2994.0,4828.0,-5,,,,,,,,,-3,,,,,,,,,-1,2024-06-04,1.0,36.4135,S2A_MSIL2A_20240604T093041_R136_T35VNH_20240604T132058,3170.0,3440.0,3402.0,5020.0,0,2024-06-04,0.0,36.4135,S2A_MSIL2A_20240604T093041_R136_T35VNH_20240604T132058,3170.0,3440.0,3402.0,5020.0,1,2024-06-04,1.0,36.4135,S2A_MSIL2A_20240604T093041_R136_T35VNH_20240604T132058,3170.0,3440.0,3402.0,5020.0,3,,,,,,,,,5,,,,,,,,,7,,,,,,,,,D:\Water Quality Parameter Estimation\wq_pipeline\artifacts\tolerance_3d\prepared\chips\train\sample_FI_00000604.npz,D:\Water Quality Parameter Estimation\wq_pipeline\artifacts\tolerance_3d\prepared\chips\train\sample_FI_00000604.png,ok,,S2A_MSIL2A_20240604T093041_R136_T35VNH_20240604T132058,2024-06-04,0.0,36.4135,38.7496611520196,0.0,256,128,0,0,9,"B02,B03,B04,B08"
FI_00000605,11146,11146,2024-06-04,60.65688838242908,27.90019461609265,15.0,,,890.0,,32.0,5.0,15.0,4.9,5.400000000000001,,63.0,6.5,5.0,24.25,890.0,,32.0,5.0,0.7,Urpalanj Muurik 002 3000,,Miehikkälä,,,,,,,,,FI_00000557,11146,2023-10-03,60.65688838242908,27.90019461609265,7.400000000000001,,,640.0,,30.0,4.0,S2_FI_00000557,2024-06-03,1,41.528395,43.8282524251242,178.925509612312,,,35WNP,S2A_MSIL2A_20240603T100031_R122_T35WNP_20240603T151846,7.400000000000001,5.0,6.8,,66.0,6.7,5.3500000000000005,13.699999999999998,640.0,,30.0,4.0,1.0,Urpalanj Muurik 002 3000,,Miehikkälä,,,,,,,,,ok,,-7,2024-05-28,0.0,18.432724,S2A_MSIL2A_20240528T094031_R036_T35VNH_20240528T142332,3100.0,3100.0,2994.0,4828.0,-5,,,,,,,,,-3,,,,,,,,,-1,2024-06-04,1.0,36.4135,S2A_MSIL2A_20240604T093041_R136_T35VNH_20240604T132058,3170.0,3440.0,3402.0,5020.0,0,2024-06-04,0.0,36.4135,S2A_MSIL2A_20240604T093041_R136_T35VNH_20240604T132058,3170.0,3440.0,3402.0,5020.0,1,2024-06-04,1.0,36.4135,S2A_MSIL2A_20240604T093041_R136_T35VNH_20240604T132058,3170.0,3440.0,3402.0,5020.0,3,,,,,,,,,5,,,,,,,,,7,,,,,,,,,D:\Water Quality Parameter Estimation\wq_pipeline\artifacts\tolerance_3d\prepared\chips\train\sample_FI_00000605.npz,D:\Water Quality Parameter Estimation\wq_pipeline\artifacts\tolerance_3d\prepared\chips\train\sample_FI_00000605.png,ok,,S2A_MSIL2A_20240604T093041_R136_T35VNH_20240604T132058,2024-06-04,0.0,36.4135,38.7496611520196,0.0,256,128,0,0,9,"B02,B03,B04,B08"
FI_00000606,11146,11146,2024-07-02,60.65688838242908,27.90019461609265,12.0,,,720.0,,35.0,6.3,12.0,5.0,5.3,,61.0,6.7,8.75,22.7,720.0,,35.0,6.3,0.6,Urpalanj Muurik 002 3000,,Miehikkälä,,,,,,,,,FI_00000518,11146,2023-04-04,60.65688838242908,27.90019461609265,3.1,,,1500.0,,32.0,7.2,S2_FI_00000518,2024-07-01,1,98.935711,37.9788965147341,171.692821542258,,,34VEN,S2B_MSIL2A_20240701T100559_R022_T34VEN_20240702T000046,3.1,7.0,11.5,,80.0,6.3,1.95,0.6,1500.0,,32.0,7.2,0.7,Urpalanj Muurik 002 3000,,Miehikkälä,,,,,,,,,ok,,-7,,,,,,,,,-5,2024-06-27,0.0,14.235684,S2A_MSIL2A_20240627T094031_R036_T35VNH_20240627T151606,1197.0,1284.0,1169.0,2440.0,-3,,,,,,,,,-1,,,,,,,,,0,,,,,,,,,1,,,,,,,,,3,,,,,,,,,5,,,,,,,,,7,2024-07-09,0.0,25.134236,S2B_MSIL2A_20240709T092549_R136_T35VNH_20240709T131725,1155.0,1217.0,1187.0,2256.0,,,no_match,no_stac_item,,,,,,,256,128,0,0,0,"B02,B03,B04,B08"
FI_00000607,11146,11146,2024-07-02,60.65688838242908,27.90019461609265,12.0,,,720.0,,35.0,6.3,12.0,5.0,5.3,,61.0,6.7,8.75,22.7,720.0,,35.0,6.3,0.6,Urpalanj Muurik 002 3000,,Miehikkälä,,,,,,,,,FI_00000518,11146,2023-04-04,60.65688838242908,27.90019461609265,3.1,,,1500.0,,32.0,7.2,S2_FI_00000518,2024-07-01,1,98.935711,37.9788965147341,171.692821542258,,,34VEN,S2B_MSIL2A_20240701T100559_R022_T34VEN_20240702T000046,3.1,7.0,11.5,,80.0,6.3,1.95,0.6,1500.0,,32.0,7.2,0.7,Urpalanj Muurik 002 3000,,Miehikkälä,,,,,,,,,ok,,-7,,,,,,,,,-5,2024-06-27,0.0,14.235684,S2A_MSIL2A_20240627T094031_R036_T35VNH_20240627T151606,1197.0,1284.0,1169.0,2440.0,-3,,,,,,,,,-1,,,,,,,,,0,,,,,,,,,1,,,,,,,,,3,,,,,,,,,5,,,,,,,,,7,2024-07-09,0.0,25.134236,S2B_MSIL2A_20240709T092549_R136_T35VNH_20240709T131725,1155.0,1217.0,1187.0,2256.0,,,no_match,no_stac_item,,,,,,,256,128,0,0,0,"B02,B03,B04,B08"
FI_00000608,11146,11146,2024-07-02,60.65688838242908,27.90019461609265,12.0,,,720.0,,35.0,6.3,12.0,5.0,5.3,,61.0,6.7,8.75,22.7,720.0,,35.0,6.3,0.6,Urpalanj Muurik 002 3000,,Miehikkälä,,,,,,,,,FI_00000518,11146,2023-04-04,60.65688838242908,27.90019461609265,3.1,,,1500.0,,32.0,7.2,S2_FI_00000518,2024-07-01,1,98.935711,37.9788965147341,171.692821542258,,,34VEN,S2B_MSIL2A_20240701T100559_R022_T34VEN_20240702T000046,3.1,7.0,11.5,,80.0,6.3,1.95,0.6,1500.0,,32.0,7.2,0.7,Urpalanj Muurik 002 3000,,Miehikkälä,,,,,,,,,ok,,-7,,,,,,,,,-5,2024-06-27,0.0,14.235684,S2A_MSIL2A_20240627T094031_R036_T35VNH_20240627T151606,1197.0,1284.0,1169.0,2440.0,-3,,,,,,,,,-1,,,,,,,,,0,,,,,,,,,1,,,,,,,,,3,,,,,,,,,5,,,,,,,,,7,2024-07-09,0.0,25.134236,S2B_MSIL2A_20240709T092549_R136_T35VNH_20240709T131725,1155.0,1217.0,1187.0,2256.0,,,no_match,no_stac_item,,,,,,,256,128,0,0,0,"B02,B03,B04,B08"
FI_00000609,11146,11146,2024-07-02,60.65688838242908,27.90019461609265,12.0,,,720.0,,35.0,6.3,12.0,5.0,5.3,,61.0,6.7,8.75,22.7,720.0,,35.0,6.3,0.6,Urpalanj Muurik 002 3000,,Miehikkälä,,,,,,,,,FI_00000518,11146,2023-04-04,60.65688838242908,27.90019461609265,3.1,,,1500.0,,32.0,7.2,S2_FI_00000518,2024-07-01,1,98.935711,37.9788965147341,171.692821542258,,,34VEN,S2B_MSIL2A_20240701T100559_R022_T34VEN_20240702T000046,3.1,7.0,11.5,,80.0,6.3,1.95,0.6,1500.0,,32.0,7.2,0.7,Urpalanj Muurik 002 3000,,Miehikkälä,,,,,,,,,ok,,-7,,,,,,,,,-5,2024-06-27,0.0,14.235684,S2A_MSIL2A_20240627T094031_R036_T35VNH_20240627T151606,1197.0,1284.0,1169.0,2440.0,-3,,,,,,,,,-1,,,,,,,,,0,,,,,,,,,1,,,,,,,,,3,,,,,,,,,5,,,,,,,,,7,2024-07-09,0.0,25.134236,S2B_MSIL2A_20240709T092549_R136_T35VNH_20240709T131725,1155.0,1217.0,1187.0,2256.0,,,no_match,no_stac_item,,,,,,,256,128,0,0,0,"B02,B03,B04,B08"
FI_00000610,11146,11146,2024-07-02,60.65688838242908,27.90019461609265,12.0,,,720.0,,35.0,6.3,12.0,5.0,5.3,,61.0,6.7,8.75,22.7,720.0,,35.0,6.3,0.6,Urpalanj Muurik 002 3000,,Miehikkälä,,,,,,,,,FI_00000518,11146,2023-04-04,60.65688838242908,27.90019461609265,3.1,,,1500.0,,32.0,7.2,S2_FI_00000518,2024-07-01,1,98.935711,37.9788965147341,171.692821542258,,,34VEN,S2B_MSIL2A_20240701T100559_R022_T34VEN_20240702T000046,3.1,7.0,11.5,,80.0,6.3,1.95,0.6,1500.0,,32.0,7.2,0.7,Urpalanj Muurik 002 3000,,Miehikkälä,,,,,,,,,ok,,-7,,,,,,,,,-5,2024-06-27,0.0,14.235684,S2A_MSIL2A_20240627T094031_R036_T35VNH_20240627T151606,1197.0,1284.0,1169.0,2440.0,-3,,,,,,,,,-1,,,,,,,,,0,,,,,,,,,1,,,,,,,,,3,,,,,,,,,5,,,,,,,,,7,2024-07-09,0.0,25.134236,S2B_MSIL2A_20240709T092549_R136_T35VNH_20240709T131725,1155.0,1217.0,1187.0,2256.0,,,no_match,no_stac_item,,,,,,,256,128,0,0,0,"B02,B03,B04,B08"
FI_00000611,11146,11146,2024-07-02,60.65688838242908,27.90019461609265,12.0,,,720.0,,35.0,6.3,12.0,5.0,5.3,,61.0,6.7,8.75,22.7,720.0,,35.0,6.3,0.6,Urpalanj Muurik 002 3000,,Miehikkälä,,,,,,,,,FI_00000518,11146,2023-04-04,60.65688838242908,27.90019461609265,3.1,,,1500.0,,32.0,7.2,S2_FI_00000518,2024-07-01,1,98.935711,37.9788965147341,171.692821542258,,,34VEN,S2B_MSIL2A_20240701T100559_R022_T34VEN_20240702T000046,3.1,7.0,11.5,,80.0,6.3,1.95,0.6,1500.0,,32.0,7.2,0.7,Urpalanj Muurik 002 3000,,Miehikkälä,,,,,,,,,ok,,-7,,,,,,,,,-5,2024-06-27,0.0,14.235684,S2A_MSIL2A_20240627T094031_R036_T35VNH_20240627T151606,1197.0,1284.0,1169.0,2440.0,-3,,,,,,,,,-1,,,,,,,,,0,,,,,,,,,1,,,,,,,,,3,,,,,,,,,5,,,,,,,,,7,2024-07-09,0.0,25.134236,S2B_MSIL2A_20240709T092549_R136_T35VNH_20240709T131725,1155.0,1217.0,1187.0,2256.0,,,no_match,no_stac_item,,,,,,,256,128,0,0,0,"B02,B03,B04,B08"
FI_00000612,11146,11146,2024-08-06,60.65688838242908,27.90019461609265,11.0,,,570.0,,28.0,2.7000000000000006,11.0,4.9,6.099999999999999,,69.0,6.599999999999999,2.85,22.05,570.0,,28.0,2.7000000000000006,0.7,Urpalanj Muurik 002 3000,,Miehikkälä,,,,,,,,,FI_00000618,11146,2024-09-03,60.65688838242908,27.90019461609265,9.4,,,550.0,,24.0,2.2,S2_FI_00000618,2024-08-04,2,66.495132,44.0748336419428,170.432600698192,,,35VMH,S2B_MSIL2A_20240804T094549_R079_T35VMH_20240804T123817,9.4,5.0,6.7,,71.0,6.900000000000001,3.0,18.1,550.0,,24.0,2.2,0.7,Urpalanj Muurik 002 3000,,Miehikkälä,,,,,,,,,ok,,-7,,,,,,,,,-5,,,,,,,,,-3,,,,,,,,,-1,,,,,,,,,0,,,,,,,,,1,,,,,,,,,3,,,,,,,,,5,2024-08-11,0.0,32.986945,S2B_MSIL2A_20240811T093549_R036_T35VNH_20240811T122825,1495.0,1590.0,1552.0,3432.0,7,2024-08-13,0.0,19.773349,S2A_MSIL2A_20240813T093031_R136_T35VNH_20240813T133151,1116.0,1166.0,1100.0,1992.0,,,no_match,no_stac_item,,,,,,,256,128,0,0,0,"B02,B03,B04,B08"
FI_00000613,11146,11146,2024-08-06,60.65688838242908,27.90019461609265,11.0,,,570.0,,28.0,2.7000000000000006,11.0,4.9,6.099999999999999,,69.0,6.599999999999999,2.85,22.05,570.0,,28.0,2.7000000000000006,0.7,Urpalanj Muurik 002 3000,,Miehikkälä,,,,,,,,,FI_00000618,11146,2024-09-03,60.65688838242908,27.90019461609265,9.4,,,550.0,,24.0,2.2,S2_FI_00000618,2024-08-04,2,66.495132,44.0748336419428,170.432600698192,,,35VMH,S2B_MSIL2A_20240804T094549_R079_T35VMH_20240804T123817,9.4,5.0,6.7,,71.0,6.900000000000001,3.0,18.1,550.0,,24.0,2.2,0.7,Urpalanj Muurik 002 3000,,Miehikkälä,,,,,,,,,ok,,-7,,,,,,,,,-5,,,,,,,,,-3,,,,,,,,,-1,,,,,,,,,0,,,,,,,,,1,,,,,,,,,3,,,,,,,,,5,2024-08-11,0.0,32.986945,S2B_MSIL2A_20240811T093549_R036_T35VNH_20240811T122825,1495.0,1590.0,1552.0,3432.0,7,2024-08-13,0.0,19.773349,S2A_MSIL2A_20240813T093031_R136_T35VNH_20240813T133151,1116.0,1166.0,1100.0,1992.0,,,no_match,no_stac_item,,,,,,,256,128,0,0,0,"B02,B03,B04,B08"
FI_00000614,11146,11146,2024-08-06,60.65688838242908,27.90019461609265,11.0,,,570.0,,28.0,2.7000000000000006,11.0,4.9,6.099999999999999,,69.0,6.599999999999999,2.85,22.05,570.0,,28.0,2.7000000000000006,0.7,Urpalanj Muurik 002 3000,,Miehikkälä,,,,,,,,,FI_00000618,11146,2024-09-03,60.65688838242908,27.90019461609265,9.4,,,550.0,,24.0,2.2,S2_FI_00000618,2024-08-04,2,66.495132,44.0748336419428,170.432600698192,,,35VMH,S2B_MSIL2A_20240804T094549_R079_T35VMH_20240804T123817,9.4,5.0,6.7,,71.0,6.900000000000001,3.0,18.1,550.0,,24.0,2.2,0.7,Urpalanj Muurik 002 3000,,Miehikkälä,,,,,,,,,ok,,-7,,,,,,,,,-5,,,,,,,,,-3,,,,,,,,,-1,,,,,,,,,0,,,,,,,,,1,,,,,,,,,3,,,,,,,,,5,2024-08-11,0.0,32.986945,S2B_MSIL2A_20240811T093549_R036_T35VNH_20240811T122825,1495.0,1590.0,1552.0,3432.0,7,2024-08-13,0.0,19.773349,S2A_MSIL2A_20240813T093031_R136_T35VNH_20240813T133151,1116.0,1166.0,1100.0,1992.0,,,no_match,no_stac_item,,,,,,,256,128,0,0,0,"B02,B03,B04,B08"
FI_00000615,11146,11146,2024-08-06,60.65688838242908,27.90019461609265,11.0,,,570.0,,28.0,2.7000000000000006,11.0,4.9,6.099999999999999,,69.0,6.599999999999999,2.85,22.05,570.0,,28.0,2.7000000000000006,0.7,Urpalanj Muurik 002 3000,,Miehikkälä,,,,,,,,,FI_00000618,11146,2024-09-03,60.65688838242908,27.90019461609265,9.4,,,550.0,,24.0,2.2,S2_FI_00000618,2024-08-04,2,66.495132,44.0748336419428,170.432600698192,,,35VMH,S2B_MSIL2A_20240804T094549_R079_T35VMH_20240804T123817,9.4,5.0,6.7,,71.0,6.900000000000001,3.0,18.1,550.0,,24.0,2.2,0.7,Urpalanj Muurik 002 3000,,Miehikkälä,,,,,,,,,ok,,-7,,,,,,,,,-5,,,,,,,,,-3,,,,,,,,,-1,,,,,,,,,0,,,,,,,,,1,,,,,,,,,3,,,,,,,,,5,2024-08-11,0.0,32.986945,S2B_MSIL2A_20240811T093549_R036_T35VNH_20240811T122825,1495.0,1590.0,1552.0,3432.0,7,2024-08-13,0.0,19.773349,S2A_MSIL2A_20240813T093031_R136_T35VNH_20240813T133151,1116.0,1166.0,1100.0,1992.0,,,no_match,no_stac_item,,,,,,,256,128,0,0,0,"B02,B03,B04,B08"
FI_00000616,11146,11146,2024-08-06,60.65688838242908,27.90019461609265,11.0,,,570.0,,28.0,2.7000000000000006,11.0,4.9,6.099999999999999,,69.0,6.599999999999999,2.85,22.05,570.0,,28.0,2.7000000000000006,0.7,Urpalanj Muurik 002 3000,,Miehikkälä,,,,,,,,,FI_00000618,11146,2024-09-03,60.65688838242908,27.90019461609265,9.4,,,550.0,,24.0,2.2,S2_FI_00000618,2024-08-04,2,66.495132,44.0748336419428,170.432600698192,,,35VMH,S2B_MSIL2A_20240804T094549_R079_T35VMH_20240804T123817,9.4,5.0,6.7,,71.0,6.900000000000001,3.0,18.1,550.0,,24.0,2.2,0.7,Urpalanj Muurik 002 3000,,Miehikkälä,,,,,,,,,ok,,-7,,,,,,,,,-5,,,,,,,,,-3,,,,,,,,,-1,,,,,,,,,0,,,,,,,,,1,,,,,,,,,3,,,,,,,,,5,2024-08-11,0.0,32.986945,S2B_MSIL2A_20240811T093549_R036_T35VNH_20240811T122825,1495.0,1590.0,1552.0,3432.0,7,2024-08-13,0.0,19.773349,S2A_MSIL2A_20240813T093031_R136_T35VNH_20240813T133151,1116.0,1166.0,1100.0,1992.0,,,no_match,no_stac_item,,,,,,,256,128,0,0,0,"B02,B03,B04,B08"
FI_00000617,11146,11146,2024-08-06,60.65688838242908,27.90019461609265,11.0,,,570.0,,28.0,2.7000000000000006,11.0,4.9,6.099999999999999,,69.0,6.599999999999999,2.85,22.05,570.0,,28.0,2.7000000000000006,0.7,Urpalanj Muurik 002 3000,,Miehikkälä,,,,,,,,,FI_00000618,11146,2024-09-03,60.65688838242908,27.90019461609265,9.4,,,550.0,,24.0,2.2,S2_FI_00000618,2024-08-04,2,66.495132,44.0748336419428,170.432600698192,,,35VMH,S2B_MSIL2A_20240804T094549_R079_T35VMH_20240804T123817,9.4,5.0,6.7,,71.0,6.900000000000001,3.0,18.1,550.0,,24.0,2.2,0.7,Urpalanj Muurik 002 3000,,Miehikkälä,,,,,,,,,ok,,-7,,,,,,,,,-5,,,,,,,,,-3,,,,,,,,,-1,,,,,,,,,0,,,,,,,,,1,,,,,,,,,3,,,,,,,,,5,2024-08-11,0.0,32.986945,S2B_MSIL2A_20240811T093549_R036_T35VNH_20240811T122825,1495.0,1590.0,1552.0,3432.0,7,2024-08-13,0.0,19.773349,S2A_MSIL2A_20240813T093031_R136_T35VNH_20240813T133151,1116.0,1166.0,1100.0,1992.0,,,no_match,no_stac_item,,,,,,,256,128,0,0,0,"B02,B03,B04,B08"
FI_00000618,11146,11146,2024-09-03,60.65688838242908,27.90019461609265,9.4,,,550.0,,24.0,2.2,9.4,5.0,6.7,,71.0,6.900000000000001,3.0,18.1,550.0,,24.0,2.2,0.7,Urpalanj Muurik 002 3000,,Miehikkälä,,,,,,,,,FI_00000520,11146,2023-04-04,60.65688838242908,27.90019461609265,3.1,,,1500.0,,32.0,7.2,S2_FI_00000520,2024-09-03,0,46.519426,54.0050812111251,168.515202383156,,,34VEN,S2B_MSIL2A_20240903T094549_R079_T34VEN_20240903T123335,3.1,7.0,11.5,,80.0,6.3,1.95,0.6,1500.0,,32.0,7.2,0.7,Urpalanj Muurik 002 3000,,Miehikkälä,,,,,,,,,ok,,-7,2024-08-26,1.0,10.257372,S2A_MSIL2A_20240826T094031_R036_T35VNH_20240826T134251,1098.0,1214.0,1155.0,2048.0,-5,2024-08-28,1.0,31.898484,S2B_MSIL2A_20240828T092549_R136_T35VNH_20240828T122710,2168.0,2090.0,1874.0,3056.0,-3,,,,,,,,,-1,,,,,,,,,0,,,,,,,,,1,2024-09-05,1.0,0.492109,S2A_MSIL2A_20240905T094031_R036_T35VNH_20240905T133953,1154.0,1199.0,1188.0,1797.0,3,2024-09-05,1.0,0.492109,S2A_MSIL2A_20240905T094031_R036_T35VNH_20240905T133953,1154.0,1199.0,1188.0,1797.0,5,2024-09-07,1.0,8.214046,S2B_MSIL2A_20240907T093039_R136_T35VNH_20240907T121433,1172.0,1240.0,1147.0,2296.0,7,,,,,,,,,D:\Water Quality Parameter Estimation\wq_pipeline\artifacts\tolerance_3d\prepared\chips\train\sample_FI_00000618.npz,D:\Water Quality Parameter Estimation\wq_pipeline\artifacts\tolerance_3d\prepared\chips\train\sample_FI_00000618.png,ok,,S2A_MSIL2A_20240905T094031_R036_T35VNH_20240905T133953,2024-09-05,2.0,0.492109,54.4583986301398,0.0,256,128,0,0,9,"B02,B03,B04,B08"
FI_00000619,11146,11146,2024-09-03,60.65688838242908,27.90019461609265,9.4,,,550.0,,24.0,2.2,9.4,5.0,6.7,,71.0,6.900000000000001,3.0,18.1,550.0,,24.0,2.2,0.7,Urpalanj Muurik 002 3000,,Miehikkälä,,,,,,,,,FI_00000520,11146,2023-04-04,60.65688838242908,27.90019461609265,3.1,,,1500.0,,32.0,7.2,S2_FI_00000520,2024-09-03,0,46.519426,54.0050812111251,168.515202383156,,,34VEN,S2B_MSIL2A_20240903T094549_R079_T34VEN_20240903T123335,3.1,7.0,11.5,,80.0,6.3,1.95,0.6,1500.0,,32.0,7.2,0.7,Urpalanj Muurik 002 3000,,Miehikkälä,,,,,,,,,ok,,-7,2024-08-26,1.0,10.257372,S2A_MSIL2A_20240826T094031_R036_T35VNH_20240826T134251,1098.0,1214.0,1155.0,2048.0,-5,2024-08-28,1.0,31.898484,S2B_MSIL2A_20240828T092549_R136_T35VNH_20240828T122710,2168.0,2090.0,1874.0,3056.0,-3,,,,,,,,,-1,,,,,,,,,0,,,,,,,,,1,2024-09-05,1.0,0.492109,S2A_MSIL2A_20240905T094031_R036_T35VNH_20240905T133953,1154.0,1199.0,1188.0,1797.0,3,2024-09-05,1.0,0.492109,S2A_MSIL2A_20240905T094031_R036_T35VNH_20240905T133953,1154.0,1199.0,1188.0,1797.0,5,2024-09-07,1.0,8.214046,S2B_MSIL2A_20240907T093039_R136_T35VNH_20240907T121433,1172.0,1240.0,1147.0,2296.0,7,,,,,,,,,D:\Water Quality Parameter Estimation\wq_pipeline\artifacts\tolerance_3d\prepared\chips\train\sample_FI_00000619.npz,D:\Water Quality Parameter Estimation\wq_pipeline\artifacts\tolerance_3d\prepared\chips\train\sample_FI_00000619.png,ok,,S2A_MSIL2A_20240905T094031_R036_T35VNH_20240905T133953,2024-09-05,2.0,0.492109,54.4583986301398,0.0,256,128,0,0,9,"B02,B03,B04,B08"
FI_00000620,11146,11146,2024-09-03,60.65688838242908,27.90019461609265,9.4,,,550.0,,24.0,2.2,9.4,5.0,6.7,,71.0,6.900000000000001,3.0,18.1,550.0,,24.0,2.2,0.7,Urpalanj Muurik 002 3000,,Miehikkälä,,,,,,,,,FI_00000520,11146,2023-04-04,60.65688838242908,27.90019461609265,3.1,,,1500.0,,32.0,7.2,S2_FI_00000520,2024-09-03,0,46.519426,54.0050812111251,168.515202383156,,,34VEN,S2B_MSIL2A_20240903T094549_R079_T34VEN_20240903T123335,3.1,7.0,11.5,,80.0,6.3,1.95,0.6,1500.0,,32.0,7.2,0.7,Urpalanj Muurik 002 3000,,Miehikkälä,,,,,,,,,ok,,-7,2024-08-26,1.0,10.257372,S2A_MSIL2A_20240826T094031_R036_T35VNH_20240826T134251,1098.0,1214.0,1155.0,2048.0,-5,2024-08-28,1.0,31.898484,S2B_MSIL2A_20240828T092549_R136_T35VNH_20240828T122710,2168.0,2090.0,1874.0,3056.0,-3,,,,,,,,,-1,,,,,,,,,0,,,,,,,,,1,2024-09-05,1.0,0.492109,S2A_MSIL2A_20240905T094031_R036_T35VNH_20240905T133953,1154.0,1199.0,1188.0,1797.0,3,2024-09-05,1.0,0.492109,S2A_MSIL2A_20240905T094031_R036_T35VNH_20240905T133953,1154.0,1199.0,1188.0,1797.0,5,2024-09-07,1.0,8.214046,S2B_MSIL2A_20240907T093039_R136_T35VNH_20240907T121433,1172.0,1240.0,1147.0,2296.0,7,,,,,,,,,D:\Water Quality Parameter Estimation\wq_pipeline\artifacts\tolerance_3d\prepared\chips\train\sample_FI_00000620.npz,D:\Water Quality Parameter Estimation\wq_pipeline\artifacts\tolerance_3d\prepared\chips\train\sample_FI_00000620.png,ok,,S2A_MSIL2A_20240905T094031_R036_T35VNH_20240905T133953,2024-09-05,2.0,0.492109,54.4583986301398,0.0,256,128,0,0,9,"B02,B03,B04,B08"
FI_00000621,11146,11146,2024-09-03,60.65688838242908,27.90019461609265,9.4,,,550.0,,24.0,2.2,9.4,5.0,6.7,,71.0,6.900000000000001,3.0,18.1,550.0,,24.0,2.2,0.7,Urpalanj Muurik 002 3000,,Miehikkälä,,,,,,,,,FI_00000520,11146,2023-04-04,60.65688838242908,27.90019461609265,3.1,,,1500.0,,32.0,7.2,S2_FI_00000520,2024-09-03,0,46.519426,54.0050812111251,168.515202383156,,,34VEN,S2B_MSIL2A_20240903T094549_R079_T34VEN_20240903T123335,3.1,7.0,11.5,,80.0,6.3,1.95,0.6,1500.0,,32.0,7.2,0.7,Urpalanj Muurik 002 3000,,Miehikkälä,,,,,,,,,ok,,-7,2024-08-26,1.0,10.257372,S2A_MSIL2A_20240826T094031_R036_T35VNH_20240826T134251,1098.0,1214.0,1155.0,2048.0,-5,2024-08-28,1.0,31.898484,S2B_MSIL2A_20240828T092549_R136_T35VNH_20240828T122710,2168.0,2090.0,1874.0,3056.0,-3,,,,,,,,,-1,,,,,,,,,0,,,,,,,,,1,2024-09-05,1.0,0.492109,S2A_MSIL2A_20240905T094031_R036_T35VNH_20240905T133953,1154.0,1199.0,1188.0,1797.0,3,2024-09-05,1.0,0.492109,S2A_MSIL2A_20240905T094031_R036_T35VNH_20240905T133953,1154.0,1199.0,1188.0,1797.0,5,2024-09-07,1.0,8.214046,S2B_MSIL2A_20240907T093039_R136_T35VNH_20240907T121433,1172.0,1240.0,1147.0,2296.0,7,,,,,,,,,D:\Water Quality Parameter Estimation\wq_pipeline\artifacts\tolerance_3d\prepared\chips\train\sample_FI_00000621.npz,D:\Water Quality Parameter Estimation\wq_pipeline\artifacts\tolerance_3d\prepared\chips\train\sample_FI_00000621.png,ok,,S2A_MSIL2A_20240905T094031_R036_T35VNH_20240905T133953,2024-09-05,2.0,0.492109,54.4583986301398,0.0,256,128,0,0,9,"B02,B03,B04,B08"
FI_00000622,11146,11146,2024-09-03,60.65688838242908,27.90019461609265,9.4,,,550.0,,24.0,2.2,9.4,5.0,6.7,,71.0,6.900000000000001,3.0,18.1,550.0,,24.0,2.2,0.7,Urpalanj Muurik 002 3000,,Miehikkälä,,,,,,,,,FI_00000520,11146,2023-04-04,60.65688838242908,27.90019461609265,3.1,,,1500.0,,32.0,7.2,S2_FI_00000520,2024-09-03,0,46.519426,54.0050812111251,168.515202383156,,,34VEN,S2B_MSIL2A_20240903T094549_R079_T34VEN_20240903T123335,3.1,7.0,11.5,,80.0,6.3,1.95,0.6,1500.0,,32.0,7.2,0.7,Urpalanj Muurik 002 3000,,Miehikkälä,,,,,,,,,ok,,-7,2024-08-26,1.0,10.257372,S2A_MSIL2A_20240826T094031_R036_T35VNH_20240826T134251,1098.0,1214.0,1155.0,2048.0,-5,2024-08-28,1.0,31.898484,S2B_MSIL2A_20240828T092549_R136_T35VNH_20240828T122710,2168.0,2090.0,1874.0,3056.0,-3,,,,,,,,,-1,,,,,,,,,0,,,,,,,,,1,2024-09-05,1.0,0.492109,S2A_MSIL2A_20240905T094031_R036_T35VNH_20240905T133953,1154.0,1199.0,1188.0,1797.0,3,2024-09-05,1.0,0.492109,S2A_MSIL2A_20240905T094031_R036_T35VNH_20240905T133953,1154.0,1199.0,1188.0,1797.0,5,2024-09-07,1.0,8.214046,S2B_MSIL2A_20240907T093039_R136_T35VNH_20240907T121433,1172.0,1240.0,1147.0,2296.0,7,,,,,,,,,D:\Water Quality Parameter Estimation\wq_pipeline\artifacts\tolerance_3d\prepared\chips\train\sample_FI_00000622.npz,D:\Water Quality Parameter Estimation\wq_pipeline\artifacts\tolerance_3d\prepared\chips\train\sample_FI_00000622.png,ok,,S2A_MSIL2A_20240905T094031_R036_T35VNH_20240905T133953,2024-09-05,2.0,0.492109,54.4583986301398,0.0,256,128,0,0,9,"B02,B03,B04,B08"
FI_00000623,11146,11146,2024-09-03,60.65688838242908,27.90019461609265,9.4,,,550.0,,24.0,2.2,9.4,5.0,6.7,,71.0,6.900000000000001,3.0,18.1,550.0,,24.0,2.2,0.7,Urpalanj Muurik 002 3000,,Miehikkälä,,,,,,,,,FI_00000520,11146,2023-04-04,60.65688838242908,27.90019461609265,3.1,,,1500.0,,32.0,7.2,S2_FI_00000520,2024-09-03,0,46.519426,54.0050812111251,168.515202383156,,,34VEN,S2B_MSIL2A_20240903T094549_R079_T34VEN_20240903T123335,3.1,7.0,11.5,,80.0,6.3,1.95,0.6,1500.0,,32.0,7.2,0.7,Urpalanj Muurik 002 3000,,Miehikkälä,,,,,,,,,ok,,-7,2024-08-26,1.0,10.257372,S2A_MSIL2A_20240826T094031_R036_T35VNH_20240826T134251,1098.0,1214.0,1155.0,2048.0,-5,2024-08-28,1.0,31.898484,S2B_MSIL2A_20240828T092549_R136_T35VNH_20240828T122710,2168.0,2090.0,1874.0,3056.0,-3,,,,,,,,,-1,,,,,,,,,0,,,,,,,,,1,2024-09-05,1.0,0.492109,S2A_MSIL2A_20240905T094031_R036_T35VNH_20240905T133953,1154.0,1199.0,1188.0,1797.0,3,2024-09-05,1.0,0.492109,S2A_MSIL2A_20240905T094031_R036_T35VNH_20240905T133953,1154.0,1199.0,1188.0,1797.0,5,2024-09-07,1.0,8.214046,S2B_MSIL2A_20240907T093039_R136_T35VNH_20240907T121433,1172.0,1240.0,1147.0,2296.0,7,,,,,,,,,D:\Water Quality Parameter Estimation\wq_pipeline\artifacts\tolerance_3d\prepared\chips\train\sample_FI_00000623.npz,D:\Water Quality Parameter Estimation\wq_pipeline\artifacts\tolerance_3d\prepared\chips\train\sample_FI_00000623.png,ok,,S2A_MSIL2A_20240905T094031_R036_T35VNH_20240905T133953,2024-09-05,2.0,0.492109,54.4583986301398,0.0,256,128,0,0,9,"B02,B03,B04,B08"
FI_00000624,11146,11146,2024-10-01,60.65688838242908,27.90019461609265,7.599999999999999,,,570.0,,29.0,5.0,7.599999999999999,5.1,7.099999999999999,,68.0,6.599999999999999,5.25,13.4,570.0,,29.0,5.0,0.7,Urpalanj Muurik 002 3000,,Miehikkälä,,,,,,,,,FI_00000609,11146,2024-07-02,60.65688838242908,27.90019461609265,12.0,,,720.0,,35.0,6.3,S2_FI_00000609,2024-10-02,1,100.0,67.4125091877877,175.664657347109,,,36VUR,S2A_MSIL2A_20241002T093031_R136_T36VUR_20241002T125105,12.0,5.0,5.3,,61.0,6.7,8.75,22.7,720.0,,35.0,6.3,0.6,Urpalanj Muurik 002 3000,,Miehikkälä,,,,,,,,,ok,,-7,2024-09-25,1.0,28.341952,S2A_MSIL2A_20240925T094031_R036_T35VNH_20240925T131054,8496.0,9072.0,8560.0,8656.0,-5,2024-09-25,1.0,28.341952,S2A_MSIL2A_20240925T094031_R036_T35VNH_20240925T131054,8496.0,9072.0,8560.0,8656.0,-3,,,,,,,,,-1,2024-09-30,0.0,6.764941,S2B_MSIL2A_20240930T094029_R036_T35VNH_20240930T125406,1170.0,1194.0,1162.0,2502.0,0,2024-09-30,1.0,6.764941,S2B_MSIL2A_20240930T094029_R036_T35VNH_20240930T125406,1170.0,1194.0,1162.0,2502.0,1,,,,,,,,,3,2024-10-05,1.0,17.198107,S2A_MSIL2A_20241005T094031_R036_T35VNH_20241005T125814,1195.0,1440.0,1432.0,2926.0,5,2024-10-05,1.0,17.198107,S2A_MSIL2A_20241005T094031_R036_T35VNH_20241005T125814,1195.0,1440.0,1432.0,2926.0,7,,,,,,,,,D:\Water Quality Parameter Estimation\wq_pipeline\artifacts\tolerance_3d\prepared\chips\train\sample_FI_00000624.npz,D:\Water Quality Parameter Estimation\wq_pipeline\artifacts\tolerance_3d\prepared\chips\train\sample_FI_00000624.png,ok,,S2B_MSIL2A_20240930T094029_R036_T35VNH_20240930T125406,2024-09-30,1.0,6.764941,63.9655152771795,1.1444091796875e-05,256,128,0,0,9,"B02,B03,B04,B08"
FI_00000625,11146,11146,2024-10-01,60.65688838242908,27.90019461609265,7.599999999999999,,,570.0,,29.0,5.0,7.599999999999999,5.1,7.099999999999999,,68.0,6.599999999999999,5.25,13.4,570.0,,29.0,5.0,0.7,Urpalanj Muurik 002 3000,,Miehikkälä,,,,,,,,,FI_00000609,11146,2024-07-02,60.65688838242908,27.90019461609265,12.0,,,720.0,,35.0,6.3,S2_FI_00000609,2024-10-02,1,100.0,67.4125091877877,175.664657347109,,,36VUR,S2A_MSIL2A_20241002T093031_R136_T36VUR_20241002T125105,12.0,5.0,5.3,,61.0,6.7,8.75,22.7,720.0,,35.0,6.3,0.6,Urpalanj Muurik 002 3000,,Miehikkälä,,,,,,,,,ok,,-7,2024-09-25,1.0,28.341952,S2A_MSIL2A_20240925T094031_R036_T35VNH_20240925T131054,8496.0,9072.0,8560.0,8656.0,-5,2024-09-25,1.0,28.341952,S2A_MSIL2A_20240925T094031_R036_T35VNH_20240925T131054,8496.0,9072.0,8560.0,8656.0,-3,,,,,,,,,-1,2024-09-30,0.0,6.764941,S2B_MSIL2A_20240930T094029_R036_T35VNH_20240930T125406,1170.0,1194.0,1162.0,2502.0,0,2024-09-30,1.0,6.764941,S2B_MSIL2A_20240930T094029_R036_T35VNH_20240930T125406,1170.0,1194.0,1162.0,2502.0,1,,,,,,,,,3,2024-10-05,1.0,17.198107,S2A_MSIL2A_20241005T094031_R036_T35VNH_20241005T125814,1195.0,1440.0,1432.0,2926.0,5,2024-10-05,1.0,17.198107,S2A_MSIL2A_20241005T094031_R036_T35VNH_20241005T125814,1195.0,1440.0,1432.0,2926.0,7,,,,,,,,,D:\Water Quality Parameter Estimation\wq_pipeline\artifacts\tolerance_3d\prepared\chips\train\sample_FI_00000625.npz,D:\Water Quality Parameter Estimation\wq_pipeline\artifacts\tolerance_3d\prepared\chips\train\sample_FI_00000625.png,ok,,S2B_MSIL2A_20240930T094029_R036_T35VNH_20240930T125406,2024-09-30,1.0,6.764941,63.9655152771795,1.1444091796875e-05,256,128,0,0,9,"B02,B03,B04,B08"
FI_00000626,11146,11146,2024-10-01,60.65688838242908,27.90019461609265,7.599999999999999,,,570.0,,29.0,5.0,7.599999999999999,5.1,7.099999999999999,,68.0,6.599999999999999,5.25,13.4,570.0,,29.0,5.0,0.7,Urpalanj Muurik 002 3000,,Miehikkälä,,,,,,,,,FI_00000609,11146,2024-07-02,60.65688838242908,27.90019461609265,12.0,,,720.0,,35.0,6.3,S2_FI_00000609,2024-10-02,1,100.0,67.4125091877877,175.664657347109,,,36VUR,S2A_MSIL2A_20241002T093031_R136_T36VUR_20241002T125105,12.0,5.0,5.3,,61.0,6.7,8.75,22.7,720.0,,35.0,6.3,0.6,Urpalanj Muurik 002 3000,,Miehikkälä,,,,,,,,,ok,,-7,2024-09-25,1.0,28.341952,S2A_MSIL2A_20240925T094031_R036_T35VNH_20240925T131054,8496.0,9072.0,8560.0,8656.0,-5,2024-09-25,1.0,28.341952,S2A_MSIL2A_20240925T094031_R036_T35VNH_20240925T131054,8496.0,9072.0,8560.0,8656.0,-3,,,,,,,,,-1,2024-09-30,0.0,6.764941,S2B_MSIL2A_20240930T094029_R036_T35VNH_20240930T125406,1170.0,1194.0,1162.0,2502.0,0,2024-09-30,1.0,6.764941,S2B_MSIL2A_20240930T094029_R036_T35VNH_20240930T125406,1170.0,1194.0,1162.0,2502.0,1,,,,,,,,,3,2024-10-05,1.0,17.198107,S2A_MSIL2A_20241005T094031_R036_T35VNH_20241005T125814,1195.0,1440.0,1432.0,2926.0,5,2024-10-05,1.0,17.198107,S2A_MSIL2A_20241005T094031_R036_T35VNH_20241005T125814,1195.0,1440.0,1432.0,2926.0,7,,,,,,,,,D:\Water Quality Parameter Estimation\wq_pipeline\artifacts\tolerance_3d\prepared\chips\train\sample_FI_00000626.npz,D:\Water Quality Parameter Estimation\wq_pipeline\artifacts\tolerance_3d\prepared\chips\train\sample_FI_00000626.png,ok,,S2B_MSIL2A_20240930T094029_R036_T35VNH_20240930T125406,2024-09-30,1.0,6.764941,63.9655152771795,1.1444091796875e-05,256,128,0,0,9,"B02,B03,B04,B08"
FI_00000627,11146,11146,2024-10-01,60.65688838242908,27.90019461609265,7.599999999999999,,,570.0,,29.0,5.0,7.599999999999999,5.1,7.099999999999999,,68.0,6.599999999999999,5.25,13.4,570.0,,29.0,5.0,0.7,Urpalanj Muurik 002 3000,,Miehikkälä,,,,,,,,,FI_00000609,11146,2024-07-02,60.65688838242908,27.90019461609265,12.0,,,720.0,,35.0,6.3,S2_FI_00000609,2024-10-02,1,100.0,67.4125091877877,175.664657347109,,,36VUR,S2A_MSIL2A_20241002T093031_R136_T36VUR_20241002T125105,12.0,5.0,5.3,,61.0,6.7,8.75,22.7,720.0,,35.0,6.3,0.6,Urpalanj Muurik 002 3000,,Miehikkälä,,,,,,,,,ok,,-7,2024-09-25,1.0,28.341952,S2A_MSIL2A_20240925T094031_R036_T35VNH_20240925T131054,8496.0,9072.0,8560.0,8656.0,-5,2024-09-25,1.0,28.341952,S2A_MSIL2A_20240925T094031_R036_T35VNH_20240925T131054,8496.0,9072.0,8560.0,8656.0,-3,,,,,,,,,-1,2024-09-30,0.0,6.764941,S2B_MSIL2A_20240930T094029_R036_T35VNH_20240930T125406,1170.0,1194.0,1162.0,2502.0,0,2024-09-30,1.0,6.764941,S2B_MSIL2A_20240930T094029_R036_T35VNH_20240930T125406,1170.0,1194.0,1162.0,2502.0,1,,,,,,,,,3,2024-10-05,1.0,17.198107,S2A_MSIL2A_20241005T094031_R036_T35VNH_20241005T125814,1195.0,1440.0,1432.0,2926.0,5,2024-10-05,1.0,17.198107,S2A_MSIL2A_20241005T094031_R036_T35VNH_20241005T125814,1195.0,1440.0,1432.0,2926.0,7,,,,,,,,,D:\Water Quality Parameter Estimation\wq_pipeline\artifacts\tolerance_3d\prepared\chips\train\sample_FI_00000627.npz,D:\Water Quality Parameter Estimation\wq_pipeline\artifacts\tolerance_3d\prepared\chips\train\sample_FI_00000627.png,ok,,S2B_MSIL2A_20240930T094029_R036_T35VNH_20240930T125406,2024-09-30,1.0,6.764941,63.9655152771795,1.1444091796875e-05,256,128,0,0,9,"B02,B03,B04,B08"
FI_00000628,11146,11146,2024-10-01,60.65688838242908,27.90019461609265,7.599999999999999,,,570.0,,29.0,5.0,7.599999999999999,5.1,7.099999999999999,,68.0,6.599999999999999,5.25,13.4,570.0,,29.0,5.0,0.7,Urpalanj Muurik 002 3000,,Miehikkälä,,,,,,,,,FI_00000609,11146,2024-07-02,60.65688838242908,27.90019461609265,12.0,,,720.0,,35.0,6.3,S2_FI_00000609,2024-10-02,1,100.0,67.4125091877877,175.664657347109,,,36VUR,S2A_MSIL2A_20241002T093031_R136_T36VUR_20241002T125105,12.0,5.0,5.3,,61.0,6.7,8.75,22.7,720.0,,35.0,6.3,0.6,Urpalanj Muurik 002 3000,,Miehikkälä,,,,,,,,,ok,,-7,2024-09-25,1.0,28.341952,S2A_MSIL2A_20240925T094031_R036_T35VNH_20240925T131054,8496.0,9072.0,8560.0,8656.0,-5,2024-09-25,1.0,28.341952,S2A_MSIL2A_20240925T094031_R036_T35VNH_20240925T131054,8496.0,9072.0,8560.0,8656.0,-3,,,,,,,,,-1,2024-09-30,0.0,6.764941,S2B_MSIL2A_20240930T094029_R036_T35VNH_20240930T125406,1170.0,1194.0,1162.0,2502.0,0,2024-09-30,1.0,6.764941,S2B_MSIL2A_20240930T094029_R036_T35VNH_20240930T125406,1170.0,1194.0,1162.0,2502.0,1,,,,,,,,,3,2024-10-05,1.0,17.198107,S2A_MSIL2A_20241005T094031_R036_T35VNH_20241005T125814,1195.0,1440.0,1432.0,2926.0,5,2024-10-05,1.0,17.198107,S2A_MSIL2A_20241005T094031_R036_T35VNH_20241005T125814,1195.0,1440.0,1432.0,2926.0,7,,,,,,,,,D:\Water Quality Parameter Estimation\wq_pipeline\artifacts\tolerance_3d\prepared\chips\train\sample_FI_00000628.npz,D:\Water Quality Parameter Estimation\wq_pipeline\artifacts\tolerance_3d\prepared\chips\train\sample_FI_00000628.png,ok,,S2B_MSIL2A_20240930T094029_R036_T35VNH_20240930T125406,2024-09-30,1.0,6.764941,63.9655152771795,1.1444091796875e-05,256,128,0,0,9,"B02,B03,B04,B08"
FI_00000629,11146,11146,2024-10-01,60.65688838242908,27.90019461609265,7.599999999999999,,,570.0,,29.0,5.0,7.599999999999999,5.1,7.099999999999999,,68.0,6.599999999999999,5.25,13.4,570.0,,29.0,5.0,0.7,Urpalanj Muurik 002 3000,,Miehikkälä,,,,,,,,,FI_00000609,11146,2024-07-02,60.65688838242908,27.90019461609265,12.0,,,720.0,,35.0,6.3,S2_FI_00000609,2024-10-02,1,100.0,67.4125091877877,175.664657347109,,,36VUR,S2A_MSIL2A_20241002T093031_R136_T36VUR_20241002T125105,12.0,5.0,5.3,,61.0,6.7,8.75,22.7,720.0,,35.0,6.3,0.6,Urpalanj Muurik 002 3000,,Miehikkälä,,,,,,,,,ok,,-7,2024-09-25,1.0,28.341952,S2A_MSIL2A_20240925T094031_R036_T35VNH_20240925T131054,8496.0,9072.0,8560.0,8656.0,-5,2024-09-25,1.0,28.341952,S2A_MSIL2A_20240925T094031_R036_T35VNH_20240925T131054,8496.0,9072.0,8560.0,8656.0,-3,,,,,,,,,-1,2024-09-30,0.0,6.764941,S2B_MSIL2A_20240930T094029_R036_T35VNH_20240930T125406,1170.0,1194.0,1162.0,2502.0,0,2024-09-30,1.0,6.764941,S2B_MSIL2A_20240930T094029_R036_T35VNH_20240930T125406,1170.0,1194.0,1162.0,2502.0,1,,,,,,,,,3,2024-10-05,1.0,17.198107,S2A_MSIL2A_20241005T094031_R036_T35VNH_20241005T125814,1195.0,1440.0,1432.0,2926.0,5,2024-10-05,1.0,17.198107,S2A_MSIL2A_20241005T094031_R036_T35VNH_20241005T125814,1195.0,1440.0,1432.0,2926.0,7,,,,,,,,,D:\Water Quality Parameter Estimation\wq_pipeline\artifacts\tolerance_3d\prepared\chips\train\sample_FI_00000629.npz,D:\Water Quality Parameter Estimation\wq_pipeline\artifacts\tolerance_3d\prepared\chips\train\sample_FI_00000629.png,ok,,S2B_MSIL2A_20240930T094029_R036_T35VNH_20240930T125406,2024-09-30,1.0,6.764941,63.9655152771795,1.1444091796875e-05,256,128,0,0,9,"B02,B03,B04,B08"
FI_00000630,11146,11146,2024-11-06,60.65688838242908,27.90019461609265,,,,580.0,,24.0,4.1,,5.400000000000001,10.2,,77.0,6.599999999999999,4.75,3.4,580.0,,24.0,4.1,0.7,Urpalanj Muurik 002 3000,,Miehikkälä,,,,,,,,,FI_00000566,11146,2023-12-12,60.65688838242908,27.90019461609265,,,,1400.0,,35.0,4.9,S2_FI_00000566,2024-11-05,1,97.294939,82.137605294287,182.736736733073,,,35WNP,S2B_MSIL2A_20241105T100109_R122_T35WNP_20241105T111000,,6.5,5.599999999999999,,39.0,6.400000000000001,3.2,0.5,1400.0,,35.0,4.9,0.7,Urpalanj Muurik 002 3000,,Miehikkälä,,,,,,,,,ok,,-7,2024-10-30,0.0,31.685829,S2B_MSIL2A_20241030T094029_R036_T35VNH_20241030T111154,1314.0,1245.0,1218.0,1775.0,-5,,,,,,,,,-3,,,,,,,,,-1,,,,,,,,,0,,,,,,,,,1,,,,,,,,,3,,,,,,,,,5,,,,,,,,,7,,,,,,,,,,,no_match,no_stac_item,,,,,,,256,128,0,0,0,"B02,B03,B04,B08"
FI_00000631,11146,11146,2024-11-06,60.65688838242908,27.90019461609265,,,,580.0,,24.0,4.1,,5.400000000000001,10.2,,77.0,6.599999999999999,4.75,3.4,580.0,,24.0,4.1,0.7,Urpalanj Muurik 002 3000,,Miehikkälä,,,,,,,,,FI_00000566,11146,2023-12-12,60.65688838242908,27.90019461609265,,,,1400.0,,35.0,4.9,S2_FI_00000566,2024-11-05,1,97.294939,82.137605294287,182.736736733073,,,35WNP,S2B_MSIL2A_20241105T100109_R122_T35WNP_20241105T111000,,6.5,5.599999999999999,,39.0,6.400000000000001,3.2,0.5,1400.0,,35.0,4.9,0.7,Urpalanj Muurik 002 3000,,Miehikkälä,,,,,,,,,ok,,-7,2024-10-30,0.0,31.685829,S2B_MSIL2A_20241030T094029_R036_T35VNH_20241030T111154,1314.0,1245.0,1218.0,1775.0,-5,,,,,,,,,-3,,,,,,,,,-1,,,,,,,,,0,,,,,,,,,1,,,,,,,,,3,,,,,,,,,5,,,,,,,,,7,,,,,,,,,,,no_match,no_stac_item,,,,,,,256,128,0,0,0,"B02,B03,B04,B08"
FI_00000632,11146,11146,2024-11-06,60.65688838242908,27.90019461609265,,,,580.0,,24.0,4.1,,5.400000000000001,10.2,,77.0,6.599999999999999,4.75,3.4,580.0,,24.0,4.1,0.7,Urpalanj Muurik 002 3000,,Miehikkälä,,,,,,,,,FI_00000566,11146,2023-12-12,60.65688838242908,27.90019461609265,,,,1400.0,,35.0,4.9,S2_FI_00000566,2024-11-05,1,97.294939,82.137605294287,182.736736733073,,,35WNP,S2B_MSIL2A_20241105T100109_R122_T35WNP_20241105T111000,,6.5,5.599999999999999,,39.0,6.400000000000001,3.2,0.5,1400.0,,35.0,4.9,0.7,Urpalanj Muurik 002 3000,,Miehikkälä,,,,,,,,,ok,,-7,2024-10-30,0.0,31.685829,S2B_MSIL2A_20241030T094029_R036_T35VNH_20241030T111154,1314.0,1245.0,1218.0,1775.0,-5,,,,,,,,,-3,,,,,,,,,-1,,,,,,,,,0,,,,,,,,,1,,,,,,,,,3,,,,,,,,,5,,,,,,,,,7,,,,,,,,,,,no_match,no_stac_item,,,,,,,256,128,0,0,0,"B02,B03,B04,B08"
FI_00000633,11146,11146,2024-11-06,60.65688838242908,27.90019461609265,,,,580.0,,24.0,4.1,,5.400000000000001,10.2,,77.0,6.599999999999999,4.75,3.4,580.0,,24.0,4.1,0.7,Urpalanj Muurik 002 3000,,Miehikkälä,,,,,,,,,FI_00000566,11146,2023-12-12,60.65688838242908,27.90019461609265,,,,1400.0,,35.0,4.9,S2_FI_00000566,2024-11-05,1,97.294939,82.137605294287,182.736736733073,,,35WNP,S2B_MSIL2A_20241105T100109_R122_T35WNP_20241105T111000,,6.5,5.599999999999999,,39.0,6.400000000000001,3.2,0.5,1400.0,,35.0,4.9,0.7,Urpalanj Muurik 002 3000,,Miehikkälä,,,,,,,,,ok,,-7,2024-10-30,0.0,31.685829,S2B_MSIL2A_20241030T094029_R036_T35VNH_20241030T111154,1314.0,1245.0,1218.0,1775.0,-5,,,,,,,,,-3,,,,,,,,,-1,,,,,,,,,0,,,,,,,,,1,,,,,,,,,3,,,,,,,,,5,,,,,,,,,7,,,,,,,,,,,no_match,no_stac_item,,,,,,,256,128,0,0,0,"B02,B03,B04,B08"
FI_00000634,11146,11146,2024-11-06,60.65688838242908,27.90019461609265,,,,580.0,,24.0,4.1,,5.400000000000001,10.2,,77.0,6.599999999999999,4.75,3.4,580.0,,24.0,4.1,0.7,Urpalanj Muurik 002 3000,,Miehikkälä,,,,,,,,,FI_00000566,11146,2023-12-12,60.65688838242908,27.90019461609265,,,,1400.0,,35.0,4.9,S2_FI_00000566,2024-11-05,1,97.294939,82.137605294287,182.736736733073,,,35WNP,S2B_MSIL2A_20241105T100109_R122_T35WNP_20241105T111000,,6.5,5.599999999999999,,39.0,6.400000000000001,3.2,0.5,1400.0,,35.0,4.9,0.7,Urpalanj Muurik 002 3000,,Miehikkälä,,,,,,,,,ok,,-7,2024-10-30,0.0,31.685829,S2B_MSIL2A_20241030T094029_R036_T35VNH_20241030T111154,1314.0,1245.0,1218.0,1775.0,-5,,,,,,,,,-3,,,,,,,,,-1,,,,,,,,,0,,,,,,,,,1,,,,,,,,,3,,,,,,,,,5,,,,,,,,,7,,,,,,,,,,,no_match,no_stac_item,,,,,,,256,128,0,0,0,"B02,B03,B04,B08"
FI_00000635,11146,11146,2024-11-06,60.65688838242908,27.90019461609265,,,,580.0,,24.0,4.1,,5.400000000000001,10.2,,77.0,6.599999999999999,4.75,3.4,580.0,,24.0,4.1,0.7,Urpalanj Muurik 002 3000,,Miehikkälä,,,,,,,,,FI_00000566,11146,2023-12-12,60.65688838242908,27.90019461609265,,,,1400.0,,35.0,4.9,S2_FI_00000566,2024-11-05,1,97.294939,82.137605294287,182.736736733073,,,35WNP,S2B_MSIL2A_20241105T100109_R122_T35WNP_20241105T111000,,6.5,5.599999999999999,,39.0,6.400000000000001,3.2,0.5,1400.0,,35.0,4.9,0.7,Urpalanj Muurik 002 3000,,Miehikkälä,,,,,,,,,ok,,-7,2024-10-30,0.0,31.685829,S2B_MSIL2A_20241030T094029_R036_T35VNH_20241030T111154,1314.0,1245.0,1218.0,1775.0,-5,,,,,,,,,-3,,,,,,,,,-1,,,,,,,,,0,,,,,,,,,1,,,,,,,,,3,,,,,,,,,5,,,,,,,,,7,,,,,,,,,,,no_match,no_stac_item,,,,,,,256,128,0,0,0,"B02,B03,B04,B08"
FI_00000642,1229,1229,2023-02-08,60.33564037793927,24.06683532961399,,,,1100.0,,38.0,1.1,,8.7,,,,7.099999999999999,4.4,1.6000000000000003,1100.0,,38.0,1.1,1.0,"Väänteenjoki 0,9  5800",,Lohja,Lohja,River,VHA2,Kymijoen-Suomenlahden vesienhoitoalue,23.031,Hiidenveden la,Keskisuuret savimaiden joet,106.0,FI_00000697,1229,2023-12-07,60.33564037793927,24.06683532961399,,,,840.0,,39.0,10.0,S2_FI_00000697,2023-02-07,1,99.387193,76.4389759647387,171.973761573183,,,34VEN,S2B_MSIL2A_20230207T101109_R022_T34VEN_20240813T003502,,10.0,,,,7.3,3.6,0.6,840.0,,39.0,10.0,0.5,"Väänteenjoki 0,9  5800",,Lohja,Lohja,River,VHA2,Kymijoen-Suomenlahden vesienhoitoalue,23.031,Hiidenveden la,Keskisuuret savimaiden joet,106.0,ok,,-7,,,,,,,,,-5,2023-02-04,1.0,0.053407,S2B_MSIL2A_20230204T100119_R122_T34VFN_20230205T032316,1744.0,1514.0,1557.0,1962.0,-3,2023-02-04,1.0,0.053407,S2B_MSIL2A_20230204T100119_R122_T34VFN_20230205T032316,1744.0,1514.0,1557.0,1962.0,-1,2023-02-06,1.0,3.568933,S2A_MSIL2A_20230206T095201_R079_T35VLG_20240731T235028,1803.0,1918.0,1960.0,2233.0,0,,,,,,,,,1,,,,,,,,,3,2023-02-11,0.0,13.620296,S2B_MSIL2A_20230211T095039_R079_T34VFN_20230211T230636,2622.0,2378.0,2484.0,2802.0,5,2023-02-14,1.0,20.254558,S2B_MSIL2A_20230214T100029_R122_T34VFM_20230214T185754,4680.0,4632.0,4672.0,5672.0,7,2023-02-14,1.0,20.254558,S2B_MSIL2A_20230214T100029_R122_T34VFM_20230214T185754,4680.0,4632.0,4672.0,5672.0,D:\Water Quality Parameter Estimation\wq_pipeline\artifacts\tolerance_3d\prepared\chips\train\sample_FI_00000642.npz,D:\Water Quality Parameter Estimation\wq_pipeline\artifacts\tolerance_3d\prepared\chips\train\sample_FI_00000642.png,ok,,S2A_MSIL2A_20230206T095201_R079_T35VLG_20240731T235028,2023-02-06,2.0,3.568933,76.0464990183534,0.0,256,128,0,0,9,"B02,B03,B04,B08"
FI_00000643,1229,1229,2023-02-08,60.33564037793927,24.06683532961399,,,,1100.0,,38.0,1.1,,8.7,,,,7.099999999999999,4.4,1.6000000000000003,1100.0,,38.0,1.1,1.0,"Väänteenjoki 0,9  5800",,Lohja,Lohja,River,VHA2,Kymijoen-Suomenlahden vesienhoitoalue,23.031,Hiidenveden la,Keskisuuret savimaiden joet,106.0,FI_00000697,1229,2023-12-07,60.33564037793927,24.06683532961399,,,,840.0,,39.0,10.0,S2_FI_00000697,2023-02-07,1,99.387193,76.4389759647387,171.973761573183,,,34VEN,S2B_MSIL2A_20230207T101109_R022_T34VEN_20240813T003502,,10.0,,,,7.3,3.6,0.6,840.0,,39.0,10.0,0.5,"Väänteenjoki 0,9  5800",,Lohja,Lohja,River,VHA2,Kymijoen-Suomenlahden vesienhoitoalue,23.031,Hiidenveden la,Keskisuuret savimaiden joet,106.0,ok,,-7,,,,,,,,,-5,2023-02-04,1.0,0.053407,S2B_MSIL2A_20230204T100119_R122_T34VFN_20230205T032316,1744.0,1514.0,1557.0,1962.0,-3,2023-02-04,1.0,0.053407,S2B_MSIL2A_20230204T100119_R122_T34VFN_20230205T032316,1744.0,1514.0,1557.0,1962.0,-1,2023-02-06,1.0,3.568933,S2A_MSIL2A_20230206T095201_R079_T35VLG_20240731T235028,1803.0,1918.0,1960.0,2233.0,0,,,,,,,,,1,,,,,,,,,3,2023-02-11,0.0,13.620296,S2B_MSIL2A_20230211T095039_R079_T34VFN_20230211T230636,2622.0,2378.0,2484.0,2802.0,5,2023-02-14,1.0,20.254558,S2B_MSIL2A_20230214T100029_R122_T34VFM_20230214T185754,4680.0,4632.0,4672.0,5672.0,7,2023-02-14,1.0,20.254558,S2B_MSIL2A_20230214T100029_R122_T34VFM_20230214T185754,4680.0,4632.0,4672.0,5672.0,D:\Water Quality Parameter Estimation\wq_pipeline\artifacts\tolerance_3d\prepared\chips\train\sample_FI_00000643.npz,D:\Water Quality Parameter Estimation\wq_pipeline\artifacts\tolerance_3d\prepared\chips\train\sample_FI_00000643.png,ok,,S2A_MSIL2A_20230206T095201_R079_T35VLG_20240731T235028,2023-02-06,2.0,3.568933,76.0464990183534,0.0,256,128,0,0,9,"B02,B03,B04,B08"
FI_00000644,1229,1229,2023-02-08,60.33564037793927,24.06683532961399,,,,1100.0,,38.0,1.1,,8.7,,,,7.099999999999999,4.4,1.6000000000000003,1100.0,,38.0,1.1,1.0,"Väänteenjoki 0,9  5800",,Lohja,Lohja,River,VHA2,Kymijoen-Suomenlahden vesienhoitoalue,23.031,Hiidenveden la,Keskisuuret savimaiden joet,106.0,FI_00000697,1229,2023-12-07,60.33564037793927,24.06683532961399,,,,840.0,,39.0,10.0,S2_FI_00000697,2023-02-07,1,99.387193,76.4389759647387,171.973761573183,,,34VEN,S2B_MSIL2A_20230207T101109_R022_T34VEN_20240813T003502,,10.0,,,,7.3,3.6,0.6,840.0,,39.0,10.0,0.5,"Väänteenjoki 0,9  5800",,Lohja,Lohja,River,VHA2,Kymijoen-Suomenlahden vesienhoitoalue,23.031,Hiidenveden la,Keskisuuret savimaiden joet,106.0,ok,,-7,,,,,,,,,-5,2023-02-04,1.0,0.053407,S2B_MSIL2A_20230204T100119_R122_T34VFN_20230205T032316,1744.0,1514.0,1557.0,1962.0,-3,2023-02-04,1.0,0.053407,S2B_MSIL2A_20230204T100119_R122_T34VFN_20230205T032316,1744.0,1514.0,1557.0,1962.0,-1,2023-02-06,1.0,3.568933,S2A_MSIL2A_20230206T095201_R079_T35VLG_20240731T235028,1803.0,1918.0,1960.0,2233.0,0,,,,,,,,,1,,,,,,,,,3,2023-02-11,0.0,13.620296,S2B_MSIL2A_20230211T095039_R079_T34VFN_20230211T230636,2622.0,2378.0,2484.0,2802.0,5,2023-02-14,1.0,20.254558,S2B_MSIL2A_20230214T100029_R122_T34VFM_20230214T185754,4680.0,4632.0,4672.0,5672.0,7,2023-02-14,1.0,20.254558,S2B_MSIL2A_20230214T100029_R122_T34VFM_20230214T185754,4680.0,4632.0,4672.0,5672.0,D:\Water Quality Parameter Estimation\wq_pipeline\artifacts\tolerance_3d\prepared\chips\train\sample_FI_00000644.npz,D:\Water Quality Parameter Estimation\wq_pipeline\artifacts\tolerance_3d\prepared\chips\train\sample_FI_00000644.png,ok,,S2A_MSIL2A_20230206T095201_R079_T35VLG_20240731T235028,2023-02-06,2.0,3.568933,76.0464990183534,0.0,256,128,0,0,9,"B02,B03,B04,B08"
FI_00000645,1229,1229,2023-02-08,60.33564037793927,24.06683532961399,,,,1100.0,,38.0,1.1,,8.7,,,,7.099999999999999,4.4,1.6000000000000003,1100.0,,38.0,1.1,1.0,"Väänteenjoki 0,9  5800",,Lohja,Lohja,River,VHA2,Kymijoen-Suomenlahden vesienhoitoalue,23.031,Hiidenveden la,Keskisuuret savimaiden joet,106.0,FI_00000697,1229,2023-12-07,60.33564037793927,24.06683532961399,,,,840.0,,39.0,10.0,S2_FI_00000697,2023-02-07,1,99.387193,76.4389759647387,171.973761573183,,,34VEN,S2B_MSIL2A_20230207T101109_R022_T34VEN_20240813T003502,,10.0,,,,7.3,3.6,0.6,840.0,,39.0,10.0,0.5,"Väänteenjoki 0,9  5800",,Lohja,Lohja,River,VHA2,Kymijoen-Suomenlahden vesienhoitoalue,23.031,Hiidenveden la,Keskisuuret savimaiden joet,106.0,ok,,-7,,,,,,,,,-5,2023-02-04,1.0,0.053407,S2B_MSIL2A_20230204T100119_R122_T34VFN_20230205T032316,1744.0,1514.0,1557.0,1962.0,-3,2023-02-04,1.0,0.053407,S2B_MSIL2A_20230204T100119_R122_T34VFN_20230205T032316,1744.0,1514.0,1557.0,1962.0,-1,2023-02-06,1.0,3.568933,S2A_MSIL2A_20230206T095201_R079_T35VLG_20240731T235028,1803.0,1918.0,1960.0,2233.0,0,,,,,,,,,1,,,,,,,,,3,2023-02-11,0.0,13.620296,S2B_MSIL2A_20230211T095039_R079_T34VFN_20230211T230636,2622.0,2378.0,2484.0,2802.0,5,2023-02-14,1.0,20.254558,S2B_MSIL2A_20230214T100029_R122_T34VFM_20230214T185754,4680.0,4632.0,4672.0,5672.0,7,2023-02-14,1.0,20.254558,S2B_MSIL2A_20230214T100029_R122_T34VFM_20230214T185754,4680.0,4632.0,4672.0,5672.0,D:\Water Quality Parameter Estimation\wq_pipeline\artifacts\tolerance_3d\prepared\chips\train\sample_FI_00000645.npz,D:\Water Quality Parameter Estimation\wq_pipeline\artifacts\tolerance_3d\prepared\chips\train\sample_FI_00000645.png,ok,,S2A_MSIL2A_20230206T095201_R079_T35VLG_20240731T235028,2023-02-06,2.0,3.568933,76.0464990183534,0.0,256,128,0,0,9,"B02,B03,B04,B08"
FI_00000646,1229,1229,2023-02-08,60.33564037793927,24.06683532961399,,,,1100.0,,38.0,1.1,,8.7,,,,7.099999999999999,4.4,1.6000000000000003,1100.0,,38.0,1.1,1.0,"Väänteenjoki 0,9  5800",,Lohja,Lohja,River,VHA2,Kymijoen-Suomenlahden vesienhoitoalue,23.031,Hiidenveden la,Keskisuuret savimaiden joet,106.0,FI_00000697,1229,2023-12-07,60.33564037793927,24.06683532961399,,,,840.0,,39.0,10.0,S2_FI_00000697,2023-02-07,1,99.387193,76.4389759647387,171.973761573183,,,34VEN,S2B_MSIL2A_20230207T101109_R022_T34VEN_20240813T003502,,10.0,,,,7.3,3.6,0.6,840.0,,39.0,10.0,0.5,"Väänteenjoki 0,9  5800",,Lohja,Lohja,River,VHA2,Kymijoen-Suomenlahden vesienhoitoalue,23.031,Hiidenveden la,Keskisuuret savimaiden joet,106.0,ok,,-7,,,,,,,,,-5,2023-02-04,1.0,0.053407,S2B_MSIL2A_20230204T100119_R122_T34VFN_20230205T032316,1744.0,1514.0,1557.0,1962.0,-3,2023-02-04,1.0,0.053407,S2B_MSIL2A_20230204T100119_R122_T34VFN_20230205T032316,1744.0,1514.0,1557.0,1962.0,-1,2023-02-06,1.0,3.568933,S2A_MSIL2A_20230206T095201_R079_T35VLG_20240731T235028,1803.0,1918.0,1960.0,2233.0,0,,,,,,,,,1,,,,,,,,,3,2023-02-11,0.0,13.620296,S2B_MSIL2A_20230211T095039_R079_T34VFN_20230211T230636,2622.0,2378.0,2484.0,2802.0,5,2023-02-14,1.0,20.254558,S2B_MSIL2A_20230214T100029_R122_T34VFM_20230214T185754,4680.0,4632.0,4672.0,5672.0,7,2023-02-14,1.0,20.254558,S2B_MSIL2A_20230214T100029_R122_T34VFM_20230214T185754,4680.0,4632.0,4672.0,5672.0,D:\Water Quality Parameter Estimation\wq_pipeline\artifacts\tolerance_3d\prepared\chips\train\sample_FI_00000646.npz,D:\Water Quality Parameter Estimation\wq_pipeline\artifacts\tolerance_3d\prepared\chips\train\sample_FI_00000646.png,ok,,S2A_MSIL2A_20230206T095201_R079_T35VLG_20240731T235028,2023-02-06,2.0,3.568933,76.0464990183534,0.0,256,128,0,0,9,"B02,B03,B04,B08"
FI_00000647,1229,1229,2023-02-08,60.33564037793927,24.06683532961399,,,,1100.0,,38.0,1.1,,8.7,,,,7.099999999999999,4.4,1.6000000000000003,1100.0,,38.0,1.1,1.0,"Väänteenjoki 0,9  5800",,Lohja,Lohja,River,VHA2,Kymijoen-Suomenlahden vesienhoitoalue,23.031,Hiidenveden la,Keskisuuret savimaiden joet,106.0,FI_00000697,1229,2023-12-07,60.33564037793927,24.06683532961399,,,,840.0,,39.0,10.0,S2_FI_00000697,2023-02-07,1,99.387193,76.4389759647387,171.973761573183,,,34VEN,S2B_MSIL2A_20230207T101109_R022_T34VEN_20240813T003502,,10.0,,,,7.3,3.6,0.6,840.0,,39.0,10.0,0.5,"Väänteenjoki 0,9  5800",,Lohja,Lohja,River,VHA2,Kymijoen-Suomenlahden vesienhoitoalue,23.031,Hiidenveden la,Keskisuuret savimaiden joet,106.0,ok,,-7,,,,,,,,,-5,2023-02-04,1.0,0.053407,S2B_MSIL2A_20230204T100119_R122_T34VFN_20230205T032316,1744.0,1514.0,1557.0,1962.0,-3,2023-02-04,1.0,0.053407,S2B_MSIL2A_20230204T100119_R122_T34VFN_20230205T032316,1744.0,1514.0,1557.0,1962.0,-1,2023-02-06,1.0,3.568933,S2A_MSIL2A_20230206T095201_R079_T35VLG_20240731T235028,1803.0,1918.0,1960.0,2233.0,0,,,,,,,,,1,,,,,,,,,3,2023-02-11,0.0,13.620296,S2B_MSIL2A_20230211T095039_R079_T34VFN_20230211T230636,2622.0,2378.0,2484.0,2802.0,5,2023-02-14,1.0,20.254558,S2B_MSIL2A_20230214T100029_R122_T34VFM_20230214T185754,4680.0,4632.0,4672.0,5672.0,7,2023-02-14,1.0,20.254558,S2B_MSIL2A_20230214T100029_R122_T34VFM_20230214T185754,4680.0,4632.0,4672.0,5672.0,D:\Water Quality Parameter Estimation\wq_pipeline\artifacts\tolerance_3d\prepared\chips\train\sample_FI_00000647.npz,D:\Water Quality Parameter Estimation\wq_pipeline\artifacts\tolerance_3d\prepared\chips\train\sample_FI_00000647.png,ok,,S2A_MSIL2A_20230206T095201_R079_T35VLG_20240731T235028,2023-02-06,2.0,3.568933,76.0464990183534,0.0,256,128,0,0,9,"B02,B03,B04,B08"
FI_00000648,1229,1229,2023-03-22,60.33564037793927,24.06683532961399,,,,1100.0,,34.0,8.6,,9.0,,,,7.0,3.2000000000000006,1.7,1100.0,,34.0,8.6,0.5,"Väänteenjoki 0,9  5800",,Lohja,Lohja,River,VHA2,Kymijoen-Suomenlahden vesienhoitoalue,23.031,Hiidenveden la,Keskisuuret savimaiden joet,106.0,FI_00000642,1229,2023-02-08,60.33564037793927,24.06683532961399,,,,1100.0,,38.0,1.1,S2_FI_00000642,2023-03-23,1,94.224054,60.0892671666393,171.816267726032,,,35VMH,S2B_MSIL2A_20230323T095029_R079_T35VMH_20240830T065439,,8.7,,,,7.099999999999999,4.4,1.6000000000000003,1100.0,,38.0,1.1,1.0,"Väänteenjoki 0,9  5800",,Lohja,Lohja,River,VHA2,Kymijoen-Suomenlahden vesienhoitoalue,23.031,Hiidenveden la,Keskisuuret savimaiden joet,106.0,ok,,-7,2023-03-15,0.0,5.112967,S2A_MSIL2A_20230315T094031_R036_T34VFM_20240821T080821,1568.0,1746.0,1977.0,2134.0,-5,2023-03-16,1.0,0.655952,S2B_MSIL2A_20230316T100029_R122_T34VFM_20240827T115615,1416.0,1580.0,1809.0,1840.0,-3,,,,,,,,,-1,2023-03-21,0.0,12.240521,S2A_MSIL2A_20230321T100031_R122_T35VLH_20230321T173818,1183.0,1242.0,1489.0,1597.0,0,2023-03-21,1.0,12.240521,S2A_MSIL2A_20230321T100031_R122_T35VLH_20230321T173818,1183.0,1242.0,1489.0,1597.0,1,2023-03-23,0.0,34.407374,S2B_MSIL2A_20230323T095029_R079_T35VLG_20240830T065439,6865.0,6248.0,6224.0,6776.0,3,,,,,,,,,5,,,,,,,,,7,2023-03-30,1.0,32.034999,S2B_MSIL2A_20230330T094039_R036_T34VFN_20240824T210041,2438.0,2412.0,2842.0,2996.0,,,rejected,nodata_reject,S2A_MSIL2A_20230321T100031_R122_T35VLH_20230321T173818,2023-03-21,1.0,12.240521,60.8170103050899,1.0,256,128,0,0,9,"B02,B03,B04,B08"
FI_00000649,1229,1229,2023-03-22,60.33564037793927,24.06683532961399,,,,1100.0,,34.0,8.6,,9.0,,,,7.0,3.2000000000000006,1.7,1100.0,,34.0,8.6,0.5,"Väänteenjoki 0,9  5800",,Lohja,Lohja,River,VHA2,Kymijoen-Suomenlahden vesienhoitoalue,23.031,Hiidenveden la,Keskisuuret savimaiden joet,106.0,FI_00000642,1229,2023-02-08,60.33564037793927,24.06683532961399,,,,1100.0,,38.0,1.1,S2_FI_00000642,2023-03-23,1,94.224054,60.0892671666393,171.816267726032,,,35VMH,S2B_MSIL2A_20230323T095029_R079_T35VMH_20240830T065439,,8.7,,,,7.099999999999999,4.4,1.6000000000000003,1100.0,,38.0,1.1,1.0,"Väänteenjoki 0,9  5800",,Lohja,Lohja,River,VHA2,Kymijoen-Suomenlahden vesienhoitoalue,23.031,Hiidenveden la,Keskisuuret savimaiden joet,106.0,ok,,-7,2023-03-15,0.0,5.112967,S2A_MSIL2A_20230315T094031_R036_T34VFM_20240821T080821,1568.0,1746.0,1977.0,2134.0,-5,2023-03-16,1.0,0.655952,S2B_MSIL2A_20230316T100029_R122_T34VFM_20240827T115615,1416.0,1580.0,1809.0,1840.0,-3,,,,,,,,,-1,2023-03-21,0.0,12.240521,S2A_MSIL2A_20230321T100031_R122_T35VLH_20230321T173818,1183.0,1242.0,1489.0,1597.0,0,2023-03-21,1.0,12.240521,S2A_MSIL2A_20230321T100031_R122_T35VLH_20230321T173818,1183.0,1242.0,1489.0,1597.0,1,2023-03-23,0.0,34.407374,S2B_MSIL2A_20230323T095029_R079_T35VLG_20240830T065439,6865.0,6248.0,6224.0,6776.0,3,,,,,,,,,5,,,,,,,,,7,2023-03-30,1.0,32.034999,S2B_MSIL2A_20230330T094039_R036_T34VFN_20240824T210041,2438.0,2412.0,2842.0,2996.0,,,rejected,nodata_reject,S2A_MSIL2A_20230321T100031_R122_T35VLH_20230321T173818,2023-03-21,1.0,12.240521,60.8170103050899,1.0,256,128,0,0,9,"B02,B03,B04,B08"
FI_00000650,1229,1229,2023-03-22,60.33564037793927,24.06683532961399,,,,1100.0,,34.0,8.6,,9.0,,,,7.0,3.2000000000000006,1.7,1100.0,,34.0,8.6,0.5,"Väänteenjoki 0,9  5800",,Lohja,Lohja,River,VHA2,Kymijoen-Suomenlahden vesienhoitoalue,23.031,Hiidenveden la,Keskisuuret savimaiden joet,106.0,FI_00000642,1229,2023-02-08,60.33564037793927,24.06683532961399,,,,1100.0,,38.0,1.1,S2_FI_00000642,2023-03-23,1,94.224054,60.0892671666393,171.816267726032,,,35VMH,S2B_MSIL2A_20230323T095029_R079_T35VMH_20240830T065439,,8.7,,,,7.099999999999999,4.4,1.6000000000000003,1100.0,,38.0,1.1,1.0,"Väänteenjoki 0,9  5800",,Lohja,Lohja,River,VHA2,Kymijoen-Suomenlahden vesienhoitoalue,23.031,Hiidenveden la,Keskisuuret savimaiden joet,106.0,ok,,-7,2023-03-15,0.0,5.112967,S2A_MSIL2A_20230315T094031_R036_T34VFM_20240821T080821,1568.0,1746.0,1977.0,2134.0,-5,2023-03-16,1.0,0.655952,S2B_MSIL2A_20230316T100029_R122_T34VFM_20240827T115615,1416.0,1580.0,1809.0,1840.0,-3,,,,,,,,,-1,2023-03-21,0.0,12.240521,S2A_MSIL2A_20230321T100031_R122_T35VLH_20230321T173818,1183.0,1242.0,1489.0,1597.0,0,2023-03-21,1.0,12.240521,S2A_MSIL2A_20230321T100031_R122_T35VLH_20230321T173818,1183.0,1242.0,1489.0,1597.0,1,2023-03-23,0.0,34.407374,S2B_MSIL2A_20230323T095029_R079_T35VLG_20240830T065439,6865.0,6248.0,6224.0,6776.0,3,,,,,,,,,5,,,,,,,,,7,2023-03-30,1.0,32.034999,S2B_MSIL2A_20230330T094039_R036_T34VFN_20240824T210041,2438.0,2412.0,2842.0,2996.0,,,rejected,nodata_reject,S2A_MSIL2A_20230321T100031_R122_T35VLH_20230321T173818,2023-03-21,1.0,12.240521,60.8170103050899,1.0,256,128,0,0,9,"B02,B03,B04,B08"
FI_00000651,1229,1229,2023-03-22,60.33564037793927,24.06683532961399,,,,1100.0,,34.0,8.6,,9.0,,,,7.0,3.2000000000000006,1.7,1100.0,,34.0,8.6,0.5,"Väänteenjoki 0,9  5800",,Lohja,Lohja,River,VHA2,Kymijoen-Suomenlahden vesienhoitoalue,23.031,Hiidenveden la,Keskisuuret savimaiden joet,106.0,FI_00000642,1229,2023-02-08,60.33564037793927,24.06683532961399,,,,1100.0,,38.0,1.1,S2_FI_00000642,2023-03-23,1,94.224054,60.0892671666393,171.816267726032,,,35VMH,S2B_MSIL2A_20230323T095029_R079_T35VMH_20240830T065439,,8.7,,,,7.099999999999999,4.4,1.6000000000000003,1100.0,,38.0,1.1,1.0,"Väänteenjoki 0,9  5800",,Lohja,Lohja,River,VHA2,Kymijoen-Suomenlahden vesienhoitoalue,23.031,Hiidenveden la,Keskisuuret savimaiden joet,106.0,ok,,-7,2023-03-15,0.0,5.112967,S2A_MSIL2A_20230315T094031_R036_T34VFM_20240821T080821,1568.0,1746.0,1977.0,2134.0,-5,2023-03-16,1.0,0.655952,S2B_MSIL2A_20230316T100029_R122_T34VFM_20240827T115615,1416.0,1580.0,1809.0,1840.0,-3,,,,,,,,,-1,2023-03-21,0.0,12.240521,S2A_MSIL2A_20230321T100031_R122_T35VLH_20230321T173818,1183.0,1242.0,1489.0,1597.0,0,2023-03-21,1.0,12.240521,S2A_MSIL2A_20230321T100031_R122_T35VLH_20230321T173818,1183.0,1242.0,1489.0,1597.0,1,2023-03-23,0.0,34.407374,S2B_MSIL2A_20230323T095029_R079_T35VLG_20240830T065439,6865.0,6248.0,6224.0,6776.0,3,,,,,,,,,5,,,,,,,,,7,2023-03-30,1.0,32.034999,S2B_MSIL2A_20230330T094039_R036_T34VFN_20240824T210041,2438.0,2412.0,2842.0,2996.0,,,rejected,nodata_reject,S2A_MSIL2A_20230321T100031_R122_T35VLH_20230321T173818,2023-03-21,1.0,12.240521,60.8170103050899,1.0,256,128,0,0,9,"B02,B03,B04,B08"
FI_00000652,1229,1229,2023-03-22,60.33564037793927,24.06683532961399,,,,1100.0,,34.0,8.6,,9.0,,,,7.0,3.2000000000000006,1.7,1100.0,,34.0,8.6,0.5,"Väänteenjoki 0,9  5800",,Lohja,Lohja,River,VHA2,Kymijoen-Suomenlahden vesienhoitoalue,23.031,Hiidenveden la,Keskisuuret savimaiden joet,106.0,FI_00000642,1229,2023-02-08,60.33564037793927,24.06683532961399,,,,1100.0,,38.0,1.1,S2_FI_00000642,2023-03-23,1,94.224054,60.0892671666393,171.816267726032,,,35VMH,S2B_MSIL2A_20230323T095029_R079_T35VMH_20240830T065439,,8.7,,,,7.099999999999999,4.4,1.6000000000000003,1100.0,,38.0,1.1,1.0,"Väänteenjoki 0,9  5800",,Lohja,Lohja,River,VHA2,Kymijoen-Suomenlahden vesienhoitoalue,23.031,Hiidenveden la,Keskisuuret savimaiden joet,106.0,ok,,-7,2023-03-15,0.0,5.112967,S2A_MSIL2A_20230315T094031_R036_T34VFM_20240821T080821,1568.0,1746.0,1977.0,2134.0,-5,2023-03-16,1.0,0.655952,S2B_MSIL2A_20230316T100029_R122_T34VFM_20240827T115615,1416.0,1580.0,1809.0,1840.0,-3,,,,,,,,,-1,2023-03-21,0.0,12.240521,S2A_MSIL2A_20230321T100031_R122_T35VLH_20230321T173818,1183.0,1242.0,1489.0,1597.0,0,2023-03-21,1.0,12.240521,S2A_MSIL2A_20230321T100031_R122_T35VLH_20230321T173818,1183.0,1242.0,1489.0,1597.0,1,2023-03-23,0.0,34.407374,S2B_MSIL2A_20230323T095029_R079_T35VLG_20240830T065439,6865.0,6248.0,6224.0,6776.0,3,,,,,,,,,5,,,,,,,,,7,2023-03-30,1.0,32.034999,S2B_MSIL2A_20230330T094039_R036_T34VFN_20240824T210041,2438.0,2412.0,2842.0,2996.0,,,rejected,nodata_reject,S2A_MSIL2A_20230321T100031_R122_T35VLH_20230321T173818,2023-03-21,1.0,12.240521,60.8170103050899,1.0,256,128,0,0,9,"B02,B03,B04,B08"
FI_00000653,1229,1229,2023-03-22,60.33564037793927,24.06683532961399,,,,1100.0,,34.0,8.6,,9.0,,,,7.0,3.2000000000000006,1.7,1100.0,,34.0,8.6,0.5,"Väänteenjoki 0,9  5800",,Lohja,Lohja,River,VHA2,Kymijoen-Suomenlahden vesienhoitoalue,23.031,Hiidenveden la,Keskisuuret savimaiden joet,106.0,FI_00000642,1229,2023-02-08,60.33564037793927,24.06683532961399,,,,1100.0,,38.0,1.1,S2_FI_00000642,2023-03-23,1,94.224054,60.0892671666393,171.816267726032,,,35VMH,S2B_MSIL2A_20230323T095029_R079_T35VMH_20240830T065439,,8.7,,,,7.099999999999999,4.4,1.6000000000000003,1100.0,,38.0,1.1,1.0,"Väänteenjoki 0,9  5800",,Lohja,Lohja,River,VHA2,Kymijoen-Suomenlahden vesienhoitoalue,23.031,Hiidenveden la,Keskisuuret savimaiden joet,106.0,ok,,-7,2023-03-15,0.0,5.112967,S2A_MSIL2A_20230315T094031_R036_T34VFM_20240821T080821,1568.0,1746.0,1977.0,2134.0,-5,2023-03-16,1.0,0.655952,S2B_MSIL2A_20230316T100029_R122_T34VFM_20240827T115615,1416.0,1580.0,1809.0,1840.0,-3,,,,,,,,,-1,2023-03-21,0.0,12.240521,S2A_MSIL2A_20230321T100031_R122_T35VLH_20230321T173818,1183.0,1242.0,1489.0,1597.0,0,2023-03-21,1.0,12.240521,S2A_MSIL2A_20230321T100031_R122_T35VLH_20230321T173818,1183.0,1242.0,1489.0,1597.0,1,2023-03-23,0.0,34.407374,S2B_MSIL2A_20230323T095029_R079_T35VLG_20240830T065439,6865.0,6248.0,6224.0,6776.0,3,,,,,,,,,5,,,,,,,,,7,2023-03-30,1.0,32.034999,S2B_MSIL2A_20230330T094039_R036_T34VFN_20240824T210041,2438.0,2412.0,2842.0,2996.0,,,rejected,nodata_reject,S2A_MSIL2A_20230321T100031_R122_T35VLH_20230321T173818,2023-03-21,1.0,12.240521,60.8170103050899,1.0,256,128,0,0,9,"B02,B03,B04,B08"
FI_00000654,1229,1229,2023-04-12,60.33564037793927,24.06683532961399,,,,1100.0,,41.0,13.0,,9.0,,,,7.3,4.7,3.5,1100.0,,41.0,13.0,0.5,"Väänteenjoki 0,9  5800",,Lohja,Lohja,River,VHA2,Kymijoen-Suomenlahden vesienhoitoalue,23.031,Hiidenveden la,Keskisuuret savimaiden joet,106.0,FI_00000657,1229,2023-04-12,60.33564037793927,24.06683532961399,,,,1100.0,,41.0,13.0,S2_FI_00000657,2023-04-10,2,3.935649,56.5138644513712,178.131447475377,,,35WNM,S2A_MSIL2A_20230410T100031_R122_T35WNM_20240826T061228,,9.0,,,,7.3,4.7,3.5,1100.0,,41.0,13.0,0.5,"Väänteenjoki 0,9  5800",,Lohja,Lohja,River,VHA2,Kymijoen-Suomenlahden vesienhoitoalue,23.031,Hiidenveden la,Keskisuuret savimaiden joet,106.0,ok,,-7,2023-04-04,1.0,1.800076,S2A_MSIL2A_20230404T094031_R036_T35VLG_20240825T224659,2202.0,2350.0,2284.0,2388.0,-5,2023-04-07,0.0,7.929841,S2A_MSIL2A_20230407T095031_R079_T34VFM_20240828T105639,1274.0,1501.0,1788.0,1744.0,-3,2023-04-09,0.0,31.614339,S2B_MSIL2A_20230409T094039_R036_T34VFN_20240825T050634,1430.0,1518.0,1634.0,1756.0,-1,2023-04-10,1.0,0.020444,S2A_MSIL2A_20230410T100031_R122_T35VLG_20230410T163432,1276.0,1449.0,1652.0,1622.0,0,2023-04-12,0.0,27.784055,S2B_MSIL2A_20230412T095029_R079_T35VLG_20240828T091729,1624.0,1724.0,1877.0,2114.0,1,2023-04-14,1.0,1.816993,S2A_MSIL2A_20230414T094031_R036_T35VLH_20240825T150622,1414.0,1696.0,1789.0,2098.0,3,2023-04-15,0.0,2.096659,S2B_MSIL2A_20230415T100029_R122_T35VLH_20240826T150136,1351.0,1372.0,1607.0,1550.0,5,2023-04-17,0.0,0.116048,S2A_MSIL2A_20230417T095031_R079_T34VFM_20240902T191342,1698.0,1880.0,1960.0,2204.0,7,2023-04-19,0.0,0.010558,S2B_MSIL2A_20230419T094029_R036_T34VFN_20240905T044627,1401.0,1586.0,1740.0,1950.0,D:\Water Quality Parameter Estimation\wq_pipeline\artifacts\tolerance_3d\prepared\chips\train\sample_FI_00000654.npz,D:\Water Quality Parameter Estimation\wq_pipeline\artifacts\tolerance_3d\prepared\chips\train\sample_FI_00000654.png,ok,,S2B_MSIL2A_20230412T095029_R079_T35VLG_20240828T091729,2023-04-12,0.0,27.784055,51.5574149139497,4.1961669921875e-05,256,128,0,0,9,"B02,B03,B04,B08"
FI_00000655,1229,1229,2023-04-12,60.33564037793927,24.06683532961399,,,,1100.0,,41.0,13.0,,9.0,,,,7.3,4.7,3.5,1100.0,,41.0,13.0,0.5,"Väänteenjoki 0,9  5800",,Lohja,Lohja,River,VHA2,Kymijoen-Suomenlahden vesienhoitoalue,23.031,Hiidenveden la,Keskisuuret savimaiden joet,106.0,FI_00000657,1229,2023-04-12,60.33564037793927,24.06683532961399,,,,1100.0,,41.0,13.0,S2_FI_00000657,2023-04-10,2,3.935649,56.5138644513712,178.131447475377,,,35WNM,S2A_MSIL2A_20230410T100031_R122_T35WNM_20240826T061228,,9.0,,,,7.3,4.7,3.5,1100.0,,41.0,13.0,0.5,"Väänteenjoki 0,9  5800",,Lohja,Lohja,River,VHA2,Kymijoen-Suomenlahden vesienhoitoalue,23.031,Hiidenveden la,Keskisuuret savimaiden joet,106.0,ok,,-7,2023-04-04,1.0,1.800076,S2A_MSIL2A_20230404T094031_R036_T35VLG_20240825T224659,2202.0,2350.0,2284.0,2388.0,-5,2023-04-07,0.0,7.929841,S2A_MSIL2A_20230407T095031_R079_T34VFM_20240828T105639,1274.0,1501.0,1788.0,1744.0,-3,2023-04-09,0.0,31.614339,S2B_MSIL2A_20230409T094039_R036_T34VFN_20240825T050634,1430.0,1518.0,1634.0,1756.0,-1,2023-04-10,1.0,0.020444,S2A_MSIL2A_20230410T100031_R122_T35VLG_20230410T163432,1276.0,1449.0,1652.0,1622.0,0,2023-04-12,0.0,27.784055,S2B_MSIL2A_20230412T095029_R079_T35VLG_20240828T091729,1624.0,1724.0,1877.0,2114.0,1,2023-04-14,1.0,1.816993,S2A_MSIL2A_20230414T094031_R036_T35VLH_20240825T150622,1414.0,1696.0,1789.0,2098.0,3,2023-04-15,0.0,2.096659,S2B_MSIL2A_20230415T100029_R122_T35VLH_20240826T150136,1351.0,1372.0,1607.0,1550.0,5,2023-04-17,0.0,0.116048,S2A_MSIL2A_20230417T095031_R079_T34VFM_20240902T191342,1698.0,1880.0,1960.0,2204.0,7,2023-04-19,0.0,0.010558,S2B_MSIL2A_20230419T094029_R036_T34VFN_20240905T044627,1401.0,1586.0,1740.0,1950.0,D:\Water Quality Parameter Estimation\wq_pipeline\artifacts\tolerance_3d\prepared\chips\train\sample_FI_00000655.npz,D:\Water Quality Parameter Estimation\wq_pipeline\artifacts\tolerance_3d\prepared\chips\train\sample_FI_00000655.png,ok,,S2B_MSIL2A_20230412T095029_R079_T35VLG_20240828T091729,2023-04-12,0.0,27.784055,51.5574149139497,4.1961669921875e-05,256,128,0,0,9,"B02,B03,B04,B08"
FI_00000656,1229,1229,2023-04-12,60.33564037793927,24.06683532961399,,,,1100.0,,41.0,13.0,,9.0,,,,7.3,4.7,3.5,1100.0,,41.0,13.0,0.5,"Väänteenjoki 0,9  5800",,Lohja,Lohja,River,VHA2,Kymijoen-Suomenlahden vesienhoitoalue,23.031,Hiidenveden la,Keskisuuret savimaiden joet,106.0,FI_00000657,1229,2023-04-12,60.33564037793927,24.06683532961399,,,,1100.0,,41.0,13.0,S2_FI_00000657,2023-04-10,2,3.935649,56.5138644513712,178.131447475377,,,35WNM,S2A_MSIL2A_20230410T100031_R122_T35WNM_20240826T061228,,9.0,,,,7.3,4.7,3.5,1100.0,,41.0,13.0,0.5,"Väänteenjoki 0,9  5800",,Lohja,Lohja,River,VHA2,Kymijoen-Suomenlahden vesienhoitoalue,23.031,Hiidenveden la,Keskisuuret savimaiden joet,106.0,ok,,-7,2023-04-04,1.0,1.800076,S2A_MSIL2A_20230404T094031_R036_T35VLG_20240825T224659,2202.0,2350.0,2284.0,2388.0,-5,2023-04-07,0.0,7.929841,S2A_MSIL2A_20230407T095031_R079_T34VFM_20240828T105639,1274.0,1501.0,1788.0,1744.0,-3,2023-04-09,0.0,31.614339,S2B_MSIL2A_20230409T094039_R036_T34VFN_20240825T050634,1430.0,1518.0,1634.0,1756.0,-1,2023-04-10,1.0,0.020444,S2A_MSIL2A_20230410T100031_R122_T35VLG_20230410T163432,1276.0,1449.0,1652.0,1622.0,0,2023-04-12,0.0,27.784055,S2B_MSIL2A_20230412T095029_R079_T35VLG_20240828T091729,1624.0,1724.0,1877.0,2114.0,1,2023-04-14,1.0,1.816993,S2A_MSIL2A_20230414T094031_R036_T35VLH_20240825T150622,1414.0,1696.0,1789.0,2098.0,3,2023-04-15,0.0,2.096659,S2B_MSIL2A_20230415T100029_R122_T35VLH_20240826T150136,1351.0,1372.0,1607.0,1550.0,5,2023-04-17,0.0,0.116048,S2A_MSIL2A_20230417T095031_R079_T34VFM_20240902T191342,1698.0,1880.0,1960.0,2204.0,7,2023-04-19,0.0,0.010558,S2B_MSIL2A_20230419T094029_R036_T34VFN_20240905T044627,1401.0,1586.0,1740.0,1950.0,D:\Water Quality Parameter Estimation\wq_pipeline\artifacts\tolerance_3d\prepared\chips\train\sample_FI_00000656.npz,D:\Water Quality Parameter Estimation\wq_pipeline\artifacts\tolerance_3d\prepared\chips\train\sample_FI_00000656.png,ok,,S2B_MSIL2A_20230412T095029_R079_T35VLG_20240828T091729,2023-04-12,0.0,27.784055,51.5574149139497,4.1961669921875e-05,256,128,0,0,9,"B02,B03,B04,B08"
FI_00000657,1229,1229,2023-04-12,60.33564037793927,24.06683532961399,,,,1100.0,,41.0,13.0,,9.0,,,,7.3,4.7,3.5,1100.0,,41.0,13.0,0.5,"Väänteenjoki 0,9  5800",,Lohja,Lohja,River,VHA2,Kymijoen-Suomenlahden vesienhoitoalue,23.031,Hiidenveden la,Keskisuuret savimaiden joet,106.0,FI_00000657,1229,2023-04-12,60.33564037793927,24.06683532961399,,,,1100.0,,41.0,13.0,S2_FI_00000657,2023-04-10,2,3.935649,56.5138644513712,178.131447475377,,,35WNM,S2A_MSIL2A_20230410T100031_R122_T35WNM_20240826T061228,,9.0,,,,7.3,4.7,3.5,1100.0,,41.0,13.0,0.5,"Väänteenjoki 0,9  5800",,Lohja,Lohja,River,VHA2,Kymijoen-Suomenlahden vesienhoitoalue,23.031,Hiidenveden la,Keskisuuret savimaiden joet,106.0,ok,,-7,2023-04-04,1.0,1.800076,S2A_MSIL2A_20230404T094031_R036_T35VLG_20240825T224659,2202.0,2350.0,2284.0,2388.0,-5,2023-04-07,0.0,7.929841,S2A_MSIL2A_20230407T095031_R079_T34VFM_20240828T105639,1274.0,1501.0,1788.0,1744.0,-3,2023-04-09,0.0,31.614339,S2B_MSIL2A_20230409T094039_R036_T34VFN_20240825T050634,1430.0,1518.0,1634.0,1756.0,-1,2023-04-10,1.0,0.020444,S2A_MSIL2A_20230410T100031_R122_T35VLG_20230410T163432,1276.0,1449.0,1652.0,1622.0,0,2023-04-12,0.0,27.784055,S2B_MSIL2A_20230412T095029_R079_T35VLG_20240828T091729,1624.0,1724.0,1877.0,2114.0,1,2023-04-14,1.0,1.816993,S2A_MSIL2A_20230414T094031_R036_T35VLH_20240825T150622,1414.0,1696.0,1789.0,2098.0,3,2023-04-15,0.0,2.096659,S2B_MSIL2A_20230415T100029_R122_T35VLH_20240826T150136,1351.0,1372.0,1607.0,1550.0,5,2023-04-17,0.0,0.116048,S2A_MSIL2A_20230417T095031_R079_T34VFM_20240902T191342,1698.0,1880.0,1960.0,2204.0,7,2023-04-19,0.0,0.010558,S2B_MSIL2A_20230419T094029_R036_T34VFN_20240905T044627,1401.0,1586.0,1740.0,1950.0,D:\Water Quality Parameter Estimation\wq_pipeline\artifacts\tolerance_3d\prepared\chips\train\sample_FI_00000657.npz,D:\Water Quality Parameter Estimation\wq_pipeline\artifacts\tolerance_3d\prepared\chips\train\sample_FI_00000657.png,ok,,S2B_MSIL2A_20230412T095029_R079_T35VLG_20240828T091729,2023-04-12,0.0,27.784055,51.5574149139497,4.1961669921875e-05,256,128,0,0,9,"B02,B03,B04,B08"
FI_00000658,1229,1229,2023-04-12,60.33564037793927,24.06683532961399,,,,1100.0,,41.0,13.0,,9.0,,,,7.3,4.7,3.5,1100.0,,41.0,13.0,0.5,"Väänteenjoki 0,9  5800",,Lohja,Lohja,River,VHA2,Kymijoen-Suomenlahden vesienhoitoalue,23.031,Hiidenveden la,Keskisuuret savimaiden joet,106.0,FI_00000657,1229,2023-04-12,60.33564037793927,24.06683532961399,,,,1100.0,,41.0,13.0,S2_FI_00000657,2023-04-10,2,3.935649,56.5138644513712,178.131447475377,,,35WNM,S2A_MSIL2A_20230410T100031_R122_T35WNM_20240826T061228,,9.0,,,,7.3,4.7,3.5,1100.0,,41.0,13.0,0.5,"Väänteenjoki 0,9  5800",,Lohja,Lohja,River,VHA2,Kymijoen-Suomenlahden vesienhoitoalue,23.031,Hiidenveden la,Keskisuuret savimaiden joet,106.0,ok,,-7,2023-04-04,1.0,1.800076,S2A_MSIL2A_20230404T094031_R036_T35VLG_20240825T224659,2202.0,2350.0,2284.0,2388.0,-5,2023-04-07,0.0,7.929841,S2A_MSIL2A_20230407T095031_R079_T34VFM_20240828T105639,1274.0,1501.0,1788.0,1744.0,-3,2023-04-09,0.0,31.614339,S2B_MSIL2A_20230409T094039_R036_T34VFN_20240825T050634,1430.0,1518.0,1634.0,1756.0,-1,2023-04-10,1.0,0.020444,S2A_MSIL2A_20230410T100031_R122_T35VLG_20230410T163432,1276.0,1449.0,1652.0,1622.0,0,2023-04-12,0.0,27.784055,S2B_MSIL2A_20230412T095029_R079_T35VLG_20240828T091729,1624.0,1724.0,1877.0,2114.0,1,2023-04-14,1.0,1.816993,S2A_MSIL2A_20230414T094031_R036_T35VLH_20240825T150622,1414.0,1696.0,1789.0,2098.0,3,2023-04-15,0.0,2.096659,S2B_MSIL2A_20230415T100029_R122_T35VLH_20240826T150136,1351.0,1372.0,1607.0,1550.0,5,2023-04-17,0.0,0.116048,S2A_MSIL2A_20230417T095031_R079_T34VFM_20240902T191342,1698.0,1880.0,1960.0,2204.0,7,2023-04-19,0.0,0.010558,S2B_MSIL2A_20230419T094029_R036_T34VFN_20240905T044627,1401.0,1586.0,1740.0,1950.0,D:\Water Quality Parameter Estimation\wq_pipeline\artifacts\tolerance_3d\prepared\chips\train\sample_FI_00000658.npz,D:\Water Quality Parameter Estimation\wq_pipeline\artifacts\tolerance_3d\prepared\chips\train\sample_FI_00000658.png,ok,,S2B_MSIL2A_20230412T095029_R079_T35VLG_20240828T091729,2023-04-12,0.0,27.784055,51.5574149139497,4.1961669921875e-05,256,128,0,0,9,"B02,B03,B04,B08"
FI_00000659,1229,1229,2023-04-12,60.33564037793927,24.06683532961399,,,,1100.0,,41.0,13.0,,9.0,,,,7.3,4.7,3.5,1100.0,,41.0,13.0,0.5,"Väänteenjoki 0,9  5800",,Lohja,Lohja,River,VHA2,Kymijoen-Suomenlahden vesienhoitoalue,23.031,Hiidenveden la,Keskisuuret savimaiden joet,106.0,FI_00000657,1229,2023-04-12,60.33564037793927,24.06683532961399,,,,1100.0,,41.0,13.0,S2_FI_00000657,2023-04-10,2,3.935649,56.5138644513712,178.131447475377,,,35WNM,S2A_MSIL2A_20230410T100031_R122_T35WNM_20240826T061228,,9.0,,,,7.3,4.7,3.5,1100.0,,41.0,13.0,0.5,"Väänteenjoki 0,9  5800",,Lohja,Lohja,River,VHA2,Kymijoen-Suomenlahden vesienhoitoalue,23.031,Hiidenveden la,Keskisuuret savimaiden joet,106.0,ok,,-7,2023-04-04,1.0,1.800076,S2A_MSIL2A_20230404T094031_R036_T35VLG_20240825T224659,2202.0,2350.0,2284.0,2388.0,-5,2023-04-07,0.0,7.929841,S2A_MSIL2A_20230407T095031_R079_T34VFM_20240828T105639,1274.0,1501.0,1788.0,1744.0,-3,2023-04-09,0.0,31.614339,S2B_MSIL2A_20230409T094039_R036_T34VFN_20240825T050634,1430.0,1518.0,1634.0,1756.0,-1,2023-04-10,1.0,0.020444,S2A_MSIL2A_20230410T100031_R122_T35VLG_20230410T163432,1276.0,1449.0,1652.0,1622.0,0,2023-04-12,0.0,27.784055,S2B_MSIL2A_20230412T095029_R079_T35VLG_20240828T091729,1624.0,1724.0,1877.0,2114.0,1,2023-04-14,1.0,1.816993,S2A_MSIL2A_20230414T094031_R036_T35VLH_20240825T150622,1414.0,1696.0,1789.0,2098.0,3,2023-04-15,0.0,2.096659,S2B_MSIL2A_20230415T100029_R122_T35VLH_20240826T150136,1351.0,1372.0,1607.0,1550.0,5,2023-04-17,0.0,0.116048,S2A_MSIL2A_20230417T095031_R079_T34VFM_20240902T191342,1698.0,1880.0,1960.0,2204.0,7,2023-04-19,0.0,0.010558,S2B_MSIL2A_20230419T094029_R036_T34VFN_20240905T044627,1401.0,1586.0,1740.0,1950.0,D:\Water Quality Parameter Estimation\wq_pipeline\artifacts\tolerance_3d\prepared\chips\train\sample_FI_00000659.npz,D:\Water Quality Parameter Estimation\wq_pipeline\artifacts\tolerance_3d\prepared\chips\train\sample_FI_00000659.png,ok,,S2B_MSIL2A_20230412T095029_R079_T35VLG_20240828T091729,2023-04-12,0.0,27.784055,51.5574149139497,4.1961669921875e-05,256,128,0,0,9,"B02,B03,B04,B08"
FI_00000660,1229,1229,2023-05-09,60.33564037793927,24.06683532961399,,,,920.0,,39.0,12.0,,9.1,,,,7.400000000000001,9.8,8.6,920.0,,39.0,12.0,0.5,"Väänteenjoki 0,9  5800",,Lohja,Lohja,River,VHA2,Kymijoen-Suomenlahden vesienhoitoalue,23.031,Hiidenveden la,Keskisuuret savimaiden joet,106.0,FI_00000661,1229,2023-05-09,60.33564037793927,24.06683532961399,,,,920.0,,39.0,12.0,S2_FI_00000661,2023-05-09,0,72.237957,47.2271516066966,173.078920649601,,,35WNM,S2B_MSIL2A_20230509T093549_R036_T35WNM_20230509T141250,,9.1,,,,7.400000000000001,9.8,8.6,920.0,,39.0,12.0,0.5,"Väänteenjoki 0,9  5800",,Lohja,Lohja,River,VHA2,Kymijoen-Suomenlahden vesienhoitoalue,23.031,Hiidenveden la,Keskisuuret savimaiden joet,106.0,ok,,-7,,,,,,,,,-5,,,,,,,,,-3,2023-05-07,1.0,0.777804,S2A_MSIL2A_20230507T095031_R079_T35VLG_20240907T000712,1394.0,1492.0,1526.0,1692.0,-1,2023-05-07,1.0,0.777804,S2A_MSIL2A_20230507T095031_R079_T35VLG_20240907T000712,1394.0,1492.0,1526.0,1692.0,0,2023-05-10,1.0,13.221435,S2A_MSIL2A_20230510T100031_R122_T34VFN_20230510T160725,1808.0,1864.0,1902.0,2198.0,1,2023-05-10,0.0,13.221435,S2A_MSIL2A_20230510T100031_R122_T34VFN_20230510T160725,1808.0,1864.0,1902.0,2198.0,3,2023-05-12,0.0,0.008172,S2B_MSIL2A_20230512T094549_R079_T34VFM_20230512T141848,1766.0,1862.0,1811.0,2026.0,5,2023-05-14,0.0,0.002611,S2A_MSIL2A_20230514T094031_R036_T34VFM_20230515T000025,1654.0,1682.0,1789.0,1861.0,7,2023-05-15,1.0,1.60108,S2B_MSIL2A_20230515T095559_R122_T34VFN_20230515T155701,1630.0,1766.0,1822.0,1940.0,D:\Water Quality Parameter Estimation\wq_pipeline\artifacts\tolerance_3d\prepared\chips\train\sample_FI_00000660.npz,D:\Water Quality Parameter Estimation\wq_pipeline\artifacts\tolerance_3d\prepared\chips\train\sample_FI_00000660.png,ok,,S2A_MSIL2A_20230510T100031_R122_T34VFN_20230510T160725,2023-05-10,1.0,13.221435,43.3163388318382,0.0,256,128,0,0,9,"B02,B03,B04,B08"
FI_00000661,1229,1229,2023-05-09,60.33564037793927,24.06683532961399,,,,920.0,,39.0,12.0,,9.1,,,,7.400000000000001,9.8,8.6,920.0,,39.0,12.0,0.5,"Väänteenjoki 0,9  5800",,Lohja,Lohja,River,VHA2,Kymijoen-Suomenlahden vesienhoitoalue,23.031,Hiidenveden la,Keskisuuret savimaiden joet,106.0,FI_00000661,1229,2023-05-09,60.33564037793927,24.06683532961399,,,,920.0,,39.0,12.0,S2_FI_00000661,2023-05-09,0,72.237957,47.2271516066966,173.078920649601,,,35WNM,S2B_MSIL2A_20230509T093549_R036_T35WNM_20230509T141250,,9.1,,,,7.400000000000001,9.8,8.6,920.0,,39.0,12.0,0.5,"Väänteenjoki 0,9  5800",,Lohja,Lohja,River,VHA2,Kymijoen-Suomenlahden vesienhoitoalue,23.031,Hiidenveden la,Keskisuuret savimaiden joet,106.0,ok,,-7,,,,,,,,,-5,,,,,,,,,-3,2023-05-07,1.0,0.777804,S2A_MSIL2A_20230507T095031_R079_T35VLG_20240907T000712,1394.0,1492.0,1526.0,1692.0,-1,2023-05-07,1.0,0.777804,S2A_MSIL2A_20230507T095031_R079_T35VLG_20240907T000712,1394.0,1492.0,1526.0,1692.0,0,2023-05-10,1.0,13.221435,S2A_MSIL2A_20230510T100031_R122_T34VFN_20230510T160725,1808.0,1864.0,1902.0,2198.0,1,2023-05-10,0.0,13.221435,S2A_MSIL2A_20230510T100031_R122_T34VFN_20230510T160725,1808.0,1864.0,1902.0,2198.0,3,2023-05-12,0.0,0.008172,S2B_MSIL2A_20230512T094549_R079_T34VFM_20230512T141848,1766.0,1862.0,1811.0,2026.0,5,2023-05-14,0.0,0.002611,S2A_MSIL2A_20230514T094031_R036_T34VFM_20230515T000025,1654.0,1682.0,1789.0,1861.0,7,2023-05-15,1.0,1.60108,S2B_MSIL2A_20230515T095559_R122_T34VFN_20230515T155701,1630.0,1766.0,1822.0,1940.0,D:\Water Quality Parameter Estimation\wq_pipeline\artifacts\tolerance_3d\prepared\chips\train\sample_FI_00000661.npz,D:\Water Quality Parameter Estimation\wq_pipeline\artifacts\tolerance_3d\prepared\chips\train\sample_FI_00000661.png,ok,,S2A_MSIL2A_20230510T100031_R122_T34VFN_20230510T160725,2023-05-10,1.0,13.221435,43.3163388318382,0.0,256,128,0,0,9,"B02,B03,B04,B08"
FI_00000662,1229,1229,2023-05-09,60.33564037793927,24.06683532961399,,,,920.0,,39.0,12.0,,9.1,,,,7.400000000000001,9.8,8.6,920.0,,39.0,12.0,0.5,"Väänteenjoki 0,9  5800",,Lohja,Lohja,River,VHA2,Kymijoen-Suomenlahden vesienhoitoalue,23.031,Hiidenveden la,Keskisuuret savimaiden joet,106.0,FI_00000661,1229,2023-05-09,60.33564037793927,24.06683532961399,,,,920.0,,39.0,12.0,S2_FI_00000661,2023-05-09,0,72.237957,47.2271516066966,173.078920649601,,,35WNM,S2B_MSIL2A_20230509T093549_R036_T35WNM_20230509T141250,,9.1,,,,7.400000000000001,9.8,8.6,920.0,,39.0,12.0,0.5,"Väänteenjoki 0,9  5800",,Lohja,Lohja,River,VHA2,Kymijoen-Suomenlahden vesienhoitoalue,23.031,Hiidenveden la,Keskisuuret savimaiden joet,106.0,ok,,-7,,,,,,,,,-5,,,,,,,,,-3,2023-05-07,1.0,0.777804,S2A_MSIL2A_20230507T095031_R079_T35VLG_20240907T000712,1394.0,1492.0,1526.0,1692.0,-1,2023-05-07,1.0,0.777804,S2A_MSIL2A_20230507T095031_R079_T35VLG_20240907T000712,1394.0,1492.0,1526.0,1692.0,0,2023-05-10,1.0,13.221435,S2A_MSIL2A_20230510T100031_R122_T34VFN_20230510T160725,1808.0,1864.0,1902.0,2198.0,1,2023-05-10,0.0,13.221435,S2A_MSIL2A_20230510T100031_R122_T34VFN_20230510T160725,1808.0,1864.0,1902.0,2198.0,3,2023-05-12,0.0,0.008172,S2B_MSIL2A_20230512T094549_R079_T34VFM_20230512T141848,1766.0,1862.0,1811.0,2026.0,5,2023-05-14,0.0,0.002611,S2A_MSIL2A_20230514T094031_R036_T34VFM_20230515T000025,1654.0,1682.0,1789.0,1861.0,7,2023-05-15,1.0,1.60108,S2B_MSIL2A_20230515T095559_R122_T34VFN_20230515T155701,1630.0,1766.0,1822.0,1940.0,D:\Water Quality Parameter Estimation\wq_pipeline\artifacts\tolerance_3d\prepared\chips\train\sample_FI_00000662.npz,D:\Water Quality Parameter Estimation\wq_pipeline\artifacts\tolerance_3d\prepared\chips\train\sample_FI_00000662.png,ok,,S2A_MSIL2A_20230510T100031_R122_T34VFN_20230510T160725,2023-05-10,1.0,13.221435,43.3163388318382,0.0,256,128,0,0,9,"B02,B03,B04,B08"
FI_00000663,1229,1229,2023-05-09,60.33564037793927,24.06683532961399,,,,920.0,,39.0,12.0,,9.1,,,,7.400000000000001,9.8,8.6,920.0,,39.0,12.0,0.5,"Väänteenjoki 0,9  5800",,Lohja,Lohja,River,VHA2,Kymijoen-Suomenlahden vesienhoitoalue,23.031,Hiidenveden la,Keskisuuret savimaiden joet,106.0,FI_00000661,1229,2023-05-09,60.33564037793927,24.06683532961399,,,,920.0,,39.0,12.0,S2_FI_00000661,2023-05-09,0,72.237957,47.2271516066966,173.078920649601,,,35WNM,S2B_MSIL2A_20230509T093549_R036_T35WNM_20230509T141250,,9.1,,,,7.400000000000001,9.8,8.6,920.0,,39.0,12.0,0.5,"Väänteenjoki 0,9  5800",,Lohja,Lohja,River,VHA2,Kymijoen-Suomenlahden vesienhoitoalue,23.031,Hiidenveden la,Keskisuuret savimaiden joet,106.0,ok,,-7,,,,,,,,,-5,,,,,,,,,-3,2023-05-07,1.0,0.777804,S2A_MSIL2A_20230507T095031_R079_T35VLG_20240907T000712,1394.0,1492.0,1526.0,1692.0,-1,2023-05-07,1.0,0.777804,S2A_MSIL2A_20230507T095031_R079_T35VLG_20240907T000712,1394.0,1492.0,1526.0,1692.0,0,2023-05-10,1.0,13.221435,S2A_MSIL2A_20230510T100031_R122_T34VFN_20230510T160725,1808.0,1864.0,1902.0,2198.0,1,2023-05-10,0.0,13.221435,S2A_MSIL2A_20230510T100031_R122_T34VFN_20230510T160725,1808.0,1864.0,1902.0,2198.0,3,2023-05-12,0.0,0.008172,S2B_MSIL2A_20230512T094549_R079_T34VFM_20230512T141848,1766.0,1862.0,1811.0,2026.0,5,2023-05-14,0.0,0.002611,S2A_MSIL2A_20230514T094031_R036_T34VFM_20230515T000025,1654.0,1682.0,1789.0,1861.0,7,2023-05-15,1.0,1.60108,S2B_MSIL2A_20230515T095559_R122_T34VFN_20230515T155701,1630.0,1766.0,1822.0,1940.0,D:\Water Quality Parameter Estimation\wq_pipeline\artifacts\tolerance_3d\prepared\chips\train\sample_FI_00000663.npz,D:\Water Quality Parameter Estimation\wq_pipeline\artifacts\tolerance_3d\prepared\chips\train\sample_FI_00000663.png,ok,,S2A_MSIL2A_20230510T100031_R122_T34VFN_20230510T160725,2023-05-10,1.0,13.221435,43.3163388318382,0.0,256,128,0,0,9,"B02,B03,B04,B08"
FI_00000664,1229,1229,2023-05-09,60.33564037793927,24.06683532961399,,,,920.0,,39.0,12.0,,9.1,,,,7.400000000000001,9.8,8.6,920.0,,39.0,12.0,0.5,"Väänteenjoki 0,9  5800",,Lohja,Lohja,River,VHA2,Kymijoen-Suomenlahden vesienhoitoalue,23.031,Hiidenveden la,Keskisuuret savimaiden joet,106.0,FI_00000661,1229,2023-05-09,60.33564037793927,24.06683532961399,,,,920.0,,39.0,12.0,S2_FI_00000661,2023-05-09,0,72.237957,47.2271516066966,173.078920649601,,,35WNM,S2B_MSIL2A_20230509T093549_R036_T35WNM_20230509T141250,,9.1,,,,7.400000000000001,9.8,8.6,920.0,,39.0,12.0,0.5,"Väänteenjoki 0,9  5800",,Lohja,Lohja,River,VHA2,Kymijoen-Suomenlahden vesienhoitoalue,23.031,Hiidenveden la,Keskisuuret savimaiden joet,106.0,ok,,-7,,,,,,,,,-5,,,,,,,,,-3,2023-05-07,1.0,0.777804,S2A_MSIL2A_20230507T095031_R079_T35VLG_20240907T000712,1394.0,1492.0,1526.0,1692.0,-1,2023-05-07,1.0,0.777804,S2A_MSIL2A_20230507T095031_R079_T35VLG_20240907T000712,1394.0,1492.0,1526.0,1692.0,0,2023-05-10,1.0,13.221435,S2A_MSIL2A_20230510T100031_R122_T34VFN_20230510T160725,1808.0,1864.0,1902.0,2198.0,1,2023-05-10,0.0,13.221435,S2A_MSIL2A_20230510T100031_R122_T34VFN_20230510T160725,1808.0,1864.0,1902.0,2198.0,3,2023-05-12,0.0,0.008172,S2B_MSIL2A_20230512T094549_R079_T34VFM_20230512T141848,1766.0,1862.0,1811.0,2026.0,5,2023-05-14,0.0,0.002611,S2A_MSIL2A_20230514T094031_R036_T34VFM_20230515T000025,1654.0,1682.0,1789.0,1861.0,7,2023-05-15,1.0,1.60108,S2B_MSIL2A_20230515T095559_R122_T34VFN_20230515T155701,1630.0,1766.0,1822.0,1940.0,D:\Water Quality Parameter Estimation\wq_pipeline\artifacts\tolerance_3d\prepared\chips\train\sample_FI_00000664.npz,D:\Water Quality Parameter Estimation\wq_pipeline\artifacts\tolerance_3d\prepared\chips\train\sample_FI_00000664.png,ok,,S2A_MSIL2A_20230510T100031_R122_T34VFN_20230510T160725,2023-05-10,1.0,13.221435,43.3163388318382,0.0,256,128,0,0,9,"B02,B03,B04,B08"
FI_00000665,1229,1229,2023-05-09,60.33564037793927,24.06683532961399,,,,920.0,,39.0,12.0,,9.1,,,,7.400000000000001,9.8,8.6,920.0,,39.0,12.0,0.5,"Väänteenjoki 0,9  5800",,Lohja,Lohja,River,VHA2,Kymijoen-Suomenlahden vesienhoitoalue,23.031,Hiidenveden la,Keskisuuret savimaiden joet,106.0,FI_00000661,1229,2023-05-09,60.33564037793927,24.06683532961399,,,,920.0,,39.0,12.0,S2_FI_00000661,2023-05-09,0,72.237957,47.2271516066966,173.078920649601,,,35WNM,S2B_MSIL2A_20230509T093549_R036_T35WNM_20230509T141250,,9.1,,,,7.400000000000001,9.8,8.6,920.0,,39.0,12.0,0.5,"Väänteenjoki 0,9  5800",,Lohja,Lohja,River,VHA2,Kymijoen-Suomenlahden vesienhoitoalue,23.031,Hiidenveden la,Keskisuuret savimaiden joet,106.0,ok,,-7,,,,,,,,,-5,,,,,,,,,-3,2023-05-07,1.0,0.777804,S2A_MSIL2A_20230507T095031_R079_T35VLG_20240907T000712,1394.0,1492.0,1526.0,1692.0,-1,2023-05-07,1.0,0.777804,S2A_MSIL2A_20230507T095031_R079_T35VLG_20240907T000712,1394.0,1492.0,1526.0,1692.0,0,2023-05-10,1.0,13.221435,S2A_MSIL2A_20230510T100031_R122_T34VFN_20230510T160725,1808.0,1864.0,1902.0,2198.0,1,2023-05-10,0.0,13.221435,S2A_MSIL2A_20230510T100031_R122_T34VFN_20230510T160725,1808.0,1864.0,1902.0,2198.0,3,2023-05-12,0.0,0.008172,S2B_MSIL2A_20230512T094549_R079_T34VFM_20230512T141848,1766.0,1862.0,1811.0,2026.0,5,2023-05-14,0.0,0.002611,S2A_MSIL2A_20230514T094031_R036_T34VFM_20230515T000025,1654.0,1682.0,1789.0,1861.0,7,2023-05-15,1.0,1.60108,S2B_MSIL2A_20230515T095559_R122_T34VFN_20230515T155701,1630.0,1766.0,1822.0,1940.0,D:\Water Quality Parameter Estimation\wq_pipeline\artifacts\tolerance_3d\prepared\chips\train\sample_FI_00000665.npz,D:\Water Quality Parameter Estimation\wq_pipeline\artifacts\tolerance_3d\prepared\chips\train\sample_FI_00000665.png,ok,,S2A_MSIL2A_20230510T100031_R122_T34VFN_20230510T160725,2023-05-10,1.0,13.221435,43.3163388318382,0.0,256,128,0,0,9,"B02,B03,B04,B08"
FI_00000666,1229,1229,2023-06-06,60.33564037793927,24.06683532961399,,,,860.0,,34.0,11.0,,9.4,,,,7.3,10.0,14.800000000000002,860.0,,34.0,11.0,0.5,"Väänteenjoki 0,9  5800",,Lohja,Lohja,River,VHA2,Kymijoen-Suomenlahden vesienhoitoalue,23.031,Hiidenveden la,Keskisuuret savimaiden joet,106.0,FI_00000665,1229,2023-05-09,60.33564037793927,24.06683532961399,,,,920.0,,39.0,12.0,S2_FI_00000665,2023-06-04,2,93.914753,42.0054013135468,178.916169304442,,,35WNM,S2B_MSIL2A_20230604T095559_R122_T35WNM_20240926T190423,,9.1,,,,7.400000000000001,9.8,8.6,920.0,,39.0,12.0,0.5,"Väänteenjoki 0,9  5800",,Lohja,Lohja,River,VHA2,Kymijoen-Suomenlahden vesienhoitoalue,23.031,Hiidenveden la,Keskisuuret savimaiden joet,106.0,ok,,-7,2023-05-30,0.0,29.423976,S2A_MSIL2A_20230530T100031_R122_T34VFM_20240906T093135,2070.0,2008.0,1966.0,2188.0,-5,,,,,,,,,-3,,,,,,,,,-1,,,,,,,,,0,,,,,,,,,1,,,,,,,,,3,2023-06-09,0.0,15.974534,S2A_MSIL2A_20230609T100031_R122_T35VLH_20240927T235334,2092.0,2106.0,1979.0,2832.0,5,2023-06-11,0.0,0.222946,S2B_MSIL2A_20230611T094549_R079_T35VLG_20240909T132336,1319.0,1447.0,1362.0,1995.0,7,2023-06-13,0.0,0.003695,S2A_MSIL2A_20230613T094041_R036_T34VFM_20230613T152657,1600.0,1642.0,1708.0,1940.0,,,rejected,nodata_reject,S2A_MSIL2A_20230609T100031_R122_T35VLH_20240927T235334,2023-06-09,3.0,15.974534,38.0212903285673,1.0,256,128,0,0,9,"B02,B03,B04,B08"
FI_00000667,1229,1229,2023-06-06,60.33564037793927,24.06683532961399,,,,860.0,,34.0,11.0,,9.4,,,,7.3,10.0,14.800000000000002,860.0,,34.0,11.0,0.5,"Väänteenjoki 0,9  5800",,Lohja,Lohja,River,VHA2,Kymijoen-Suomenlahden vesienhoitoalue,23.031,Hiidenveden la,Keskisuuret savimaiden joet,106.0,FI_00000665,1229,2023-05-09,60.33564037793927,24.06683532961399,,,,920.0,,39.0,12.0,S2_FI_00000665,2023-06-04,2,93.914753,42.0054013135468,178.916169304442,,,35WNM,S2B_MSIL2A_20230604T095559_R122_T35WNM_20240926T190423,,9.1,,,,7.400000000000001,9.8,8.6,920.0,,39.0,12.0,0.5,"Väänteenjoki 0,9  5800",,Lohja,Lohja,River,VHA2,Kymijoen-Suomenlahden vesienhoitoalue,23.031,Hiidenveden la,Keskisuuret savimaiden joet,106.0,ok,,-7,2023-05-30,0.0,29.423976,S2A_MSIL2A_20230530T100031_R122_T34VFM_20240906T093135,2070.0,2008.0,1966.0,2188.0,-5,,,,,,,,,-3,,,,,,,,,-1,,,,,,,,,0,,,,,,,,,1,,,,,,,,,3,2023-06-09,0.0,15.974534,S2A_MSIL2A_20230609T100031_R122_T35VLH_20240927T235334,2092.0,2106.0,1979.0,2832.0,5,2023-06-11,0.0,0.222946,S2B_MSIL2A_20230611T094549_R079_T35VLG_20240909T132336,1319.0,1447.0,1362.0,1995.0,7,2023-06-13,0.0,0.003695,S2A_MSIL2A_20230613T094041_R036_T34VFM_20230613T152657,1600.0,1642.0,1708.0,1940.0,,,rejected,nodata_reject,S2A_MSIL2A_20230609T100031_R122_T35VLH_20240927T235334,2023-06-09,3.0,15.974534,38.0212903285673,1.0,256,128,0,0,9,"B02,B03,B04,B08"
FI_00000668,1229,1229,2023-06-06,60.33564037793927,24.06683532961399,,,,860.0,,34.0,11.0,,9.4,,,,7.3,10.0,14.800000000000002,860.0,,34.0,11.0,0.5,"Väänteenjoki 0,9  5800",,Lohja,Lohja,River,VHA2,Kymijoen-Suomenlahden vesienhoitoalue,23.031,Hiidenveden la,Keskisuuret savimaiden joet,106.0,FI_00000665,1229,2023-05-09,60.33564037793927,24.06683532961399,,,,920.0,,39.0,12.0,S2_FI_00000665,2023-06-04,2,93.914753,42.0054013135468,178.916169304442,,,35WNM,S2B_MSIL2A_20230604T095559_R122_T35WNM_20240926T190423,,9.1,,,,7.400000000000001,9.8,8.6,920.0,,39.0,12.0,0.5,"Väänteenjoki 0,9  5800",,Lohja,Lohja,River,VHA2,Kymijoen-Suomenlahden vesienhoitoalue,23.031,Hiidenveden la,Keskisuuret savimaiden joet,106.0,ok,,-7,2023-05-30,0.0,29.423976,S2A_MSIL2A_20230530T100031_R122_T34VFM_20240906T093135,2070.0,2008.0,1966.0,2188.0,-5,,,,,,,,,-3,,,,,,,,,-1,,,,,,,,,0,,,,,,,,,1,,,,,,,,,3,2023-06-09,0.0,15.974534,S2A_MSIL2A_20230609T100031_R122_T35VLH_20240927T235334,2092.0,2106.0,1979.0,2832.0,5,2023-06-11,0.0,0.222946,S2B_MSIL2A_20230611T094549_R079_T35VLG_20240909T132336,1319.0,1447.0,1362.0,1995.0,7,2023-06-13,0.0,0.003695,S2A_MSIL2A_20230613T094041_R036_T34VFM_20230613T152657,1600.0,1642.0,1708.0,1940.0,,,rejected,nodata_reject,S2A_MSIL2A_20230609T100031_R122_T35VLH_20240927T235334,2023-06-09,3.0,15.974534,38.0212903285673,1.0,256,128,0,0,9,"B02,B03,B04,B08"
FI_00000669,1229,1229,2023-06-06,60.33564037793927,24.06683532961399,,,,860.0,,34.0,11.0,,9.4,,,,7.3,10.0,14.800000000000002,860.0,,34.0,11.0,0.5,"Väänteenjoki 0,9  5800",,Lohja,Lohja,River,VHA2,Kymijoen-Suomenlahden vesienhoitoalue,23.031,Hiidenveden la,Keskisuuret savimaiden joet,106.0,FI_00000665,1229,2023-05-09,60.33564037793927,24.06683532961399,,,,920.0,,39.0,12.0,S2_FI_00000665,2023-06-04,2,93.914753,42.0054013135468,178.916169304442,,,35WNM,S2B_MSIL2A_20230604T095559_R122_T35WNM_20240926T190423,,9.1,,,,7.400000000000001,9.8,8.6,920.0,,39.0,12.0,0.5,"Väänteenjoki 0,9  5800",,Lohja,Lohja,River,VHA2,Kymijoen-Suomenlahden vesienhoitoalue,23.031,Hiidenveden la,Keskisuuret savimaiden joet,106.0,ok,,-7,2023-05-30,0.0,29.423976,S2A_MSIL2A_20230530T100031_R122_T34VFM_20240906T093135,2070.0,2008.0,1966.0,2188.0,-5,,,,,,,,,-3,,,,,,,,,-1,,,,,,,,,0,,,,,,,,,1,,,,,,,,,3,2023-06-09,0.0,15.974534,S2A_MSIL2A_20230609T100031_R122_T35VLH_20240927T235334,2092.0,2106.0,1979.0,2832.0,5,2023-06-11,0.0,0.222946,S2B_MSIL2A_20230611T094549_R079_T35VLG_20240909T132336,1319.0,1447.0,1362.0,1995.0,7,2023-06-13,0.0,0.003695,S2A_MSIL2A_20230613T094041_R036_T34VFM_20230613T152657,1600.0,1642.0,1708.0,1940.0,,,rejected,nodata_reject,S2A_MSIL2A_20230609T100031_R122_T35VLH_20240927T235334,2023-06-09,3.0,15.974534,38.0212903285673,1.0,256,128,0,0,9,"B02,B03,B04,B08"
FI_00000670,1229,1229,2023-06-06,60.33564037793927,24.06683532961399,,,,860.0,,34.0,11.0,,9.4,,,,7.3,10.0,14.800000000000002,860.0,,34.0,11.0,0.5,"Väänteenjoki 0,9  5800",,Lohja,Lohja,River,VHA2,Kymijoen-Suomenlahden vesienhoitoalue,23.031,Hiidenveden la,Keskisuuret savimaiden joet,106.0,FI_00000665,1229,2023-05-09,60.33564037793927,24.06683532961399,,,,920.0,,39.0,12.0,S2_FI_00000665,2023-06-04,2,93.914753,42.0054013135468,178.916169304442,,,35WNM,S2B_MSIL2A_20230604T095559_R122_T35WNM_20240926T190423,,9.1,,,,7.400000000000001,9.8,8.6,920.0,,39.0,12.0,0.5,"Väänteenjoki 0,9  5800",,Lohja,Lohja,River,VHA2,Kymijoen-Suomenlahden vesienhoitoalue,23.031,Hiidenveden la,Keskisuuret savimaiden joet,106.0,ok,,-7,2023-05-30,0.0,29.423976,S2A_MSIL2A_20230530T100031_R122_T34VFM_20240906T093135,2070.0,2008.0,1966.0,2188.0,-5,,,,,,,,,-3,,,,,,,,,-1,,,,,,,,,0,,,,,,,,,1,,,,,,,,,3,2023-06-09,0.0,15.974534,S2A_MSIL2A_20230609T100031_R122_T35VLH_20240927T235334,2092.0,2106.0,1979.0,2832.0,5,2023-06-11,0.0,0.222946,S2B_MSIL2A_20230611T094549_R079_T35VLG_20240909T132336,1319.0,1447.0,1362.0,1995.0,7,2023-06-13,0.0,0.003695,S2A_MSIL2A_20230613T094041_R036_T34VFM_20230613T152657,1600.0,1642.0,1708.0,1940.0,,,rejected,nodata_reject,S2A_MSIL2A_20230609T100031_R122_T35VLH_20240927T235334,2023-06-09,3.0,15.974534,38.0212903285673,1.0,256,128,0,0,9,"B02,B03,B04,B08"
FI_00000671,1229,1229,2023-06-06,60.33564037793927,24.06683532961399,,,,860.0,,34.0,11.0,,9.4,,,,7.3,10.0,14.800000000000002,860.0,,34.0,11.0,0.5,"Väänteenjoki 0,9  5800",,Lohja,Lohja,River,VHA2,Kymijoen-Suomenlahden vesienhoitoalue,23.031,Hiidenveden la,Keskisuuret savimaiden joet,106.0,FI_00000665,1229,2023-05-09,60.33564037793927,24.06683532961399,,,,920.0,,39.0,12.0,S2_FI_00000665,2023-06-04,2,93.914753,42.0054013135468,178.916169304442,,,35WNM,S2B_MSIL2A_20230604T095559_R122_T35WNM_20240926T190423,,9.1,,,,7.400000000000001,9.8,8.6,920.0,,39.0,12.0,0.5,"Väänteenjoki 0,9  5800",,Lohja,Lohja,River,VHA2,Kymijoen-Suomenlahden vesienhoitoalue,23.031,Hiidenveden la,Keskisuuret savimaiden joet,106.0,ok,,-7,2023-05-30,0.0,29.423976,S2A_MSIL2A_20230530T100031_R122_T34VFM_20240906T093135,2070.0,2008.0,1966.0,2188.0,-5,,,,,,,,,-3,,,,,,,,,-1,,,,,,,,,0,,,,,,,,,1,,,,,,,,,3,2023-06-09,0.0,15.974534,S2A_MSIL2A_20230609T100031_R122_T35VLH_20240927T235334,2092.0,2106.0,1979.0,2832.0,5,2023-06-11,0.0,0.222946,S2B_MSIL2A_20230611T094549_R079_T35VLG_20240909T132336,1319.0,1447.0,1362.0,1995.0,7,2023-06-13,0.0,0.003695,S2A_MSIL2A_20230613T094041_R036_T34VFM_20230613T152657,1600.0,1642.0,1708.0,1940.0,,,rejected,nodata_reject,S2A_MSIL2A_20230609T100031_R122_T35VLH_20240927T235334,2023-06-09,3.0,15.974534,38.0212903285673,1.0,256,128,0,0,9,"B02,B03,B04,B08"
FI_00000672,1229,1229,2023-08-30,60.33564037793927,24.06683532961399,,,,530.0,,33.0,10.0,,9.4,,,,7.3,11.0,17.9,530.0,,33.0,10.0,0.5,"Väänteenjoki 0,9  5800",,Lohja,Lohja,River,VHA2,Kymijoen-Suomenlahden vesienhoitoalue,23.031,Hiidenveden la,Keskisuuret savimaiden joet,106.0,FI_00000645,1229,2023-02-08,60.33564037793927,24.06683532961399,,,,1100.0,,38.0,1.1,S2_FI_00000645,2023-08-30,0,99.995023,51.9904308555791,172.974737919354,,,35VMH,S2B_MSIL2A_20230830T094549_R079_T35VMH_20241022T104510,,8.7,,,,7.099999999999999,4.4,1.6000000000000003,1100.0,,38.0,1.1,1.0,"Väänteenjoki 0,9  5800",,Lohja,Lohja,River,VHA2,Kymijoen-Suomenlahden vesienhoitoalue,23.031,Hiidenveden la,Keskisuuret savimaiden joet,106.0,ok,,-7,,,,,,,,,-5,2023-08-25,0.0,36.022416,S2A_MSIL2A_20230825T095031_R079_T35VLG_20240912T211410,1474.0,1606.0,1565.0,2886.0,-3,,,,,,,,,-1,,,,,,,,,0,,,,,,,,,1,,,,,,,,,3,,,,,,,,,5,,,,,,,,,7,2023-09-06,0.0,7.34247,S2B_MSIL2A_20230906T093549_R036_T35VLG_20230906T171544,1698.0,1888.0,1817.0,3728.0,,,no_match,no_stac_item,,,,,,,256,128,0,0,0,"B02,B03,B04,B08"
FI_00000673,1229,1229,2023-08-30,60.33564037793927,24.06683532961399,,,,530.0,,33.0,10.0,,9.4,,,,7.3,11.0,17.9,530.0,,33.0,10.0,0.5,"Väänteenjoki 0,9  5800",,Lohja,Lohja,River,VHA2,Kymijoen-Suomenlahden vesienhoitoalue,23.031,Hiidenveden la,Keskisuuret savimaiden joet,106.0,FI_00000645,1229,2023-02-08,60.33564037793927,24.06683532961399,,,,1100.0,,38.0,1.1,S2_FI_00000645,2023-08-30,0,99.995023,51.9904308555791,172.974737919354,,,35VMH,S2B_MSIL2A_20230830T094549_R079_T35VMH_20241022T104510,,8.7,,,,7.099999999999999,4.4,1.6000000000000003,1100.0,,38.0,1.1,1.0,"Väänteenjoki 0,9  5800",,Lohja,Lohja,River,VHA2,Kymijoen-Suomenlahden vesienhoitoalue,23.031,Hiidenveden la,Keskisuuret savimaiden joet,106.0,ok,,-7,,,,,,,,,-5,2023-08-25,0.0,36.022416,S2A_MSIL2A_20230825T095031_R079_T35VLG_20240912T211410,1474.0,1606.0,1565.0,2886.0,-3,,,,,,,,,-1,,,,,,,,,0,,,,,,,,,1,,,,,,,,,3,,,,,,,,,5,,,,,,,,,7,2023-09-06,0.0,7.34247,S2B_MSIL2A_20230906T093549_R036_T35VLG_20230906T171544,1698.0,1888.0,1817.0,3728.0,,,no_match,no_stac_item,,,,,,,256,128,0,0,0,"B02,B03,B04,B08"
FI_00000674,1229,1229,2023-08-30,60.33564037793927,24.06683532961399,,,,530.0,,33.0,10.0,,9.4,,,,7.3,11.0,17.9,530.0,,33.0,10.0,0.5,"Väänteenjoki 0,9  5800",,Lohja,Lohja,River,VHA2,Kymijoen-Suomenlahden vesienhoitoalue,23.031,Hiidenveden la,Keskisuuret savimaiden joet,106.0,FI_00000645,1229,2023-02-08,60.33564037793927,24.06683532961399,,,,1100.0,,38.0,1.1,S2_FI_00000645,2023-08-30,0,99.995023,51.9904308555791,172.974737919354,,,35VMH,S2B_MSIL2A_20230830T094549_R079_T35VMH_20241022T104510,,8.7,,,,7.099999999999999,4.4,1.6000000000000003,1100.0,,38.0,1.1,1.0,"Väänteenjoki 0,9  5800",,Lohja,Lohja,River,VHA2,Kymijoen-Suomenlahden vesienhoitoalue,23.031,Hiidenveden la,Keskisuuret savimaiden joet,106.0,ok,,-7,,,,,,,,,-5,2023-08-25,0.0,36.022416,S2A_MSIL2A_20230825T095031_R079_T35VLG_20240912T211410,1474.0,1606.0,1565.0,2886.0,-3,,,,,,,,,-1,,,,,,,,,0,,,,,,,,,1,,,,,,,,,3,,,,,,,,,5,,,,,,,,,7,2023-09-06,0.0,7.34247,S2B_MSIL2A_20230906T093549_R036_T35VLG_20230906T171544,1698.0,1888.0,1817.0,3728.0,,,no_match,no_stac_item,,,,,,,256,128,0,0,0,"B02,B03,B04,B08"
FI_00000675,1229,1229,2023-08-30,60.33564037793927,24.06683532961399,,,,530.0,,33.0,10.0,,9.4,,,,7.3,11.0,17.9,530.0,,33.0,10.0,0.5,"Väänteenjoki 0,9  5800",,Lohja,Lohja,River,VHA2,Kymijoen-Suomenlahden vesienhoitoalue,23.031,Hiidenveden la,Keskisuuret savimaiden joet,106.0,FI_00000645,1229,2023-02-08,60.33564037793927,24.06683532961399,,,,1100.0,,38.0,1.1,S2_FI_00000645,2023-08-30,0,99.995023,51.9904308555791,172.974737919354,,,35VMH,S2B_MSIL2A_20230830T094549_R079_T35VMH_20241022T104510,,8.7,,,,7.099999999999999,4.4,1.6000000000000003,1100.0,,38.0,1.1,1.0,"Väänteenjoki 0,9  5800",,Lohja,Lohja,River,VHA2,Kymijoen-Suomenlahden vesienhoitoalue,23.031,Hiidenveden la,Keskisuuret savimaiden joet,106.0,ok,,-7,,,,,,,,,-5,2023-08-25,0.0,36.022416,S2A_MSIL2A_20230825T095031_R079_T35VLG_20240912T211410,1474.0,1606.0,1565.0,2886.0,-3,,,,,,,,,-1,,,,,,,,,0,,,,,,,,,1,,,,,,,,,3,,,,,,,,,5,,,,,,,,,7,2023-09-06,0.0,7.34247,S2B_MSIL2A_20230906T093549_R036_T35VLG_20230906T171544,1698.0,1888.0,1817.0,3728.0,,,no_match,no_stac_item,,,,,,,256,128,0,0,0,"B02,B03,B04,B08"
FI_00000676,1229,1229,2023-08-30,60.33564037793927,24.06683532961399,,,,530.0,,33.0,10.0,,9.4,,,,7.3,11.0,17.9,530.0,,33.0,10.0,0.5,"Väänteenjoki 0,9  5800",,Lohja,Lohja,River,VHA2,Kymijoen-Suomenlahden vesienhoitoalue,23.031,Hiidenveden la,Keskisuuret savimaiden joet,106.0,FI_00000645,1229,2023-02-08,60.33564037793927,24.06683532961399,,,,1100.0,,38.0,1.1,S2_FI_00000645,2023-08-30,0,99.995023,51.9904308555791,172.974737919354,,,35VMH,S2B_MSIL2A_20230830T094549_R079_T35VMH_20241022T104510,,8.7,,,,7.099999999999999,4.4,1.6000000000000003,1100.0,,38.0,1.1,1.0,"Väänteenjoki 0,9  5800",,Lohja,Lohja,River,VHA2,Kymijoen-Suomenlahden vesienhoitoalue,23.031,Hiidenveden la,Keskisuuret savimaiden joet,106.0,ok,,-7,,,,,,,,,-5,2023-08-25,0.0,36.022416,S2A_MSIL2A_20230825T095031_R079_T35VLG_20240912T211410,1474.0,1606.0,1565.0,2886.0,-3,,,,,,,,,-1,,,,,,,,,0,,,,,,,,,1,,,,,,,,,3,,,,,,,,,5,,,,,,,,,7,2023-09-06,0.0,7.34247,S2B_MSIL2A_20230906T093549_R036_T35VLG_20230906T171544,1698.0,1888.0,1817.0,3728.0,,,no_match,no_stac_item,,,,,,,256,128,0,0,0,"B02,B03,B04,B08"
FI_00000677,1229,1229,2023-08-30,60.33564037793927,24.06683532961399,,,,530.0,,33.0,10.0,,9.4,,,,7.3,11.0,17.9,530.0,,33.0,10.0,0.5,"Väänteenjoki 0,9  5800",,Lohja,Lohja,River,VHA2,Kymijoen-Suomenlahden vesienhoitoalue,23.031,Hiidenveden la,Keskisuuret savimaiden joet,106.0,FI_00000645,1229,2023-02-08,60.33564037793927,24.06683532961399,,,,1100.0,,38.0,1.1,S2_FI_00000645,2023-08-30,0,99.995023,51.9904308555791,172.974737919354,,,35VMH,S2B_MSIL2A_20230830T094549_R079_T35VMH_20241022T104510,,8.7,,,,7.099999999999999,4.4,1.6000000000000003,1100.0,,38.0,1.1,1.0,"Väänteenjoki 0,9  5800",,Lohja,Lohja,River,VHA2,Kymijoen-Suomenlahden vesienhoitoalue,23.031,Hiidenveden la,Keskisuuret savimaiden joet,106.0,ok,,-7,,,,,,,,,-5,2023-08-25,0.0,36.022416,S2A_MSIL2A_20230825T095031_R079_T35VLG_20240912T211410,1474.0,1606.0,1565.0,2886.0,-3,,,,,,,,,-1,,,,,,,,,0,,,,,,,,,1,,,,,,,,,3,,,,,,,,,5,,,,,,,,,7,2023-09-06,0.0,7.34247,S2B_MSIL2A_20230906T093549_R036_T35VLG_20230906T171544,1698.0,1888.0,1817.0,3728.0,,,no_match,no_stac_item,,,,,,,256,128,0,0,0,"B02,B03,B04,B08"
FI_00000678,1229,1229,2023-09-27,60.33564037793927,24.06683532961399,,,,460.0,,32.0,9.3,,9.6,,,,7.5,8.6,15.699999999999998,460.0,,32.0,9.3,0.5,"Väänteenjoki 0,9  5800",,Lohja,Lohja,River,VHA2,Kymijoen-Suomenlahden vesienhoitoalue,23.031,Hiidenveden la,Keskisuuret savimaiden joet,106.0,FI_00000671,1229,2023-06-06,60.33564037793927,24.06683532961399,,,,860.0,,34.0,11.0,S2_FI_00000671,2023-09-24,3,92.226928,64.8822700479198,178.073359295562,,,35WNM,S2A_MSIL2A_20230924T095031_R079_T35WNM_20241027T021934,,9.4,,,,7.3,10.0,14.800000000000002,860.0,,34.0,11.0,0.5,"Väänteenjoki 0,9  5800",,Lohja,Lohja,River,VHA2,Kymijoen-Suomenlahden vesienhoitoalue,23.031,Hiidenveden la,Keskisuuret savimaiden joet,106.0,ok,,-7,,,,,,,,,-5,2023-09-22,0.0,0.012112,S2B_MSIL2A_20230922T095649_R122_T35VLH_20230922T153555,1298.0,1439.0,1383.0,2414.0,-3,2023-09-24,0.0,39.929393,S2A_MSIL2A_20230924T095031_R079_T34VFM_20241027T021934,3104.0,3048.0,2738.0,4564.0,-1,,,,,,,,,0,,,,,,,,,1,,,,,,,,,3,2023-10-01,1.0,27.88879,S2A_MSIL2A_20231001T094031_R036_T34VFM_20240828T165824,2780.0,3118.0,3060.0,4752.0,5,2023-10-01,1.0,27.88879,S2A_MSIL2A_20231001T094031_R036_T34VFM_20240828T165824,2780.0,3118.0,3060.0,4752.0,7,,,,,,,,,D:\Water Quality Parameter Estimation\wq_pipeline\artifacts\tolerance_3d\prepared\chips\train\sample_FI_00000678.npz,D:\Water Quality Parameter Estimation\wq_pipeline\artifacts\tolerance_3d\prepared\chips\train\sample_FI_00000678.png,ok,,S2A_MSIL2A_20230924T095031_R079_T34VFM_20241027T021934,2023-09-24,3.0,39.929393,60.5246887459188,0.0,256,128,0,0,9,"B02,B03,B04,B08"
FI_00000679,1229,1229,2023-09-27,60.33564037793927,24.06683532961399,,,,460.0,,32.0,9.3,,9.6,,,,7.5,8.6,15.699999999999998,460.0,,32.0,9.3,0.5,"Väänteenjoki 0,9  5800",,Lohja,Lohja,River,VHA2,Kymijoen-Suomenlahden vesienhoitoalue,23.031,Hiidenveden la,Keskisuuret savimaiden joet,106.0,FI_00000671,1229,2023-06-06,60.33564037793927,24.06683532961399,,,,860.0,,34.0,11.0,S2_FI_00000671,2023-09-24,3,92.226928,64.8822700479198,178.073359295562,,,35WNM,S2A_MSIL2A_20230924T095031_R079_T35WNM_20241027T021934,,9.4,,,,7.3,10.0,14.800000000000002,860.0,,34.0,11.0,0.5,"Väänteenjoki 0,9  5800",,Lohja,Lohja,River,VHA2,Kymijoen-Suomenlahden vesienhoitoalue,23.031,Hiidenveden la,Keskisuuret savimaiden joet,106.0,ok,,-7,,,,,,,,,-5,2023-09-22,0.0,0.012112,S2B_MSIL2A_20230922T095649_R122_T35VLH_20230922T153555,1298.0,1439.0,1383.0,2414.0,-3,2023-09-24,0.0,39.929393,S2A_MSIL2A_20230924T095031_R079_T34VFM_20241027T021934,3104.0,3048.0,2738.0,4564.0,-1,,,,,,,,,0,,,,,,,,,1,,,,,,,,,3,2023-10-01,1.0,27.88879,S2A_MSIL2A_20231001T094031_R036_T34VFM_20240828T165824,2780.0,3118.0,3060.0,4752.0,5,2023-10-01,1.0,27.88879,S2A_MSIL2A_20231001T094031_R036_T34VFM_20240828T165824,2780.0,3118.0,3060.0,4752.0,7,,,,,,,,,D:\Water Quality Parameter Estimation\wq_pipeline\artifacts\tolerance_3d\prepared\chips\train\sample_FI_00000679.npz,D:\Water Quality Parameter Estimation\wq_pipeline\artifacts\tolerance_3d\prepared\chips\train\sample_FI_00000679.png,ok,,S2A_MSIL2A_20230924T095031_R079_T34VFM_20241027T021934,2023-09-24,3.0,39.929393,60.5246887459188,0.0,256,128,0,0,9,"B02,B03,B04,B08"
FI_00000680,1229,1229,2023-09-27,60.33564037793927,24.06683532961399,,,,460.0,,32.0,9.3,,9.6,,,,7.5,8.6,15.699999999999998,460.0,,32.0,9.3,0.5,"Väänteenjoki 0,9  5800",,Lohja,Lohja,River,VHA2,Kymijoen-Suomenlahden vesienhoitoalue,23.031,Hiidenveden la,Keskisuuret savimaiden joet,106.0,FI_00000671,1229,2023-06-06,60.33564037793927,24.06683532961399,,,,860.0,,34.0,11.0,S2_FI_00000671,2023-09-24,3,92.226928,64.8822700479198,178.073359295562,,,35WNM,S2A_MSIL2A_20230924T095031_R079_T35WNM_20241027T021934,,9.4,,,,7.3,10.0,14.800000000000002,860.0,,34.0,11.0,0.5,"Väänteenjoki 0,9  5800",,Lohja,Lohja,River,VHA2,Kymijoen-Suomenlahden vesienhoitoalue,23.031,Hiidenveden la,Keskisuuret savimaiden joet,106.0,ok,,-7,,,,,,,,,-5,2023-09-22,0.0,0.012112,S2B_MSIL2A_20230922T095649_R122_T35VLH_20230922T153555,1298.0,1439.0,1383.0,2414.0,-3,2023-09-24,0.0,39.929393,S2A_MSIL2A_20230924T095031_R079_T34VFM_20241027T021934,3104.0,3048.0,2738.0,4564.0,-1,,,,,,,,,0,,,,,,,,,1,,,,,,,,,3,2023-10-01,1.0,27.88879,S2A_MSIL2A_20231001T094031_R036_T34VFM_20240828T165824,2780.0,3118.0,3060.0,4752.0,5,2023-10-01,1.0,27.88879,S2A_MSIL2A_20231001T094031_R036_T34VFM_20240828T165824,2780.0,3118.0,3060.0,4752.0,7,,,,,,,,,D:\Water Quality Parameter Estimation\wq_pipeline\artifacts\tolerance_3d\prepared\chips\train\sample_FI_00000680.npz,D:\Water Quality Parameter Estimation\wq_pipeline\artifacts\tolerance_3d\prepared\chips\train\sample_FI_00000680.png,ok,,S2A_MSIL2A_20230924T095031_R079_T34VFM_20241027T021934,2023-09-24,3.0,39.929393,60.5246887459188,0.0,256,128,0,0,9,"B02,B03,B04,B08"
FI_00000681,1229,1229,2023-09-27,60.33564037793927,24.06683532961399,,,,460.0,,32.0,9.3,,9.6,,,,7.5,8.6,15.699999999999998,460.0,,32.0,9.3,0.5,"Väänteenjoki 0,9  5800",,Lohja,Lohja,River,VHA2,Kymijoen-Suomenlahden vesienhoitoalue,23.031,Hiidenveden la,Keskisuuret savimaiden joet,106.0,FI_00000671,1229,2023-06-06,60.33564037793927,24.06683532961399,,,,860.0,,34.0,11.0,S2_FI_00000671,2023-09-24,3,92.226928,64.8822700479198,178.073359295562,,,35WNM,S2A_MSIL2A_20230924T095031_R079_T35WNM_20241027T021934,,9.4,,,,7.3,10.0,14.800000000000002,860.0,,34.0,11.0,0.5,"Väänteenjoki 0,9  5800",,Lohja,Lohja,River,VHA2,Kymijoen-Suomenlahden vesienhoitoalue,23.031,Hiidenveden la,Keskisuuret savimaiden joet,106.0,ok,,-7,,,,,,,,,-5,2023-09-22,0.0,0.012112,S2B_MSIL2A_20230922T095649_R122_T35VLH_20230922T153555,1298.0,1439.0,1383.0,2414.0,-3,2023-09-24,0.0,39.929393,S2A_MSIL2A_20230924T095031_R079_T34VFM_20241027T021934,3104.0,3048.0,2738.0,4564.0,-1,,,,,,,,,0,,,,,,,,,1,,,,,,,,,3,2023-10-01,1.0,27.88879,S2A_MSIL2A_20231001T094031_R036_T34VFM_20240828T165824,2780.0,3118.0,3060.0,4752.0,5,2023-10-01,1.0,27.88879,S2A_MSIL2A_20231001T094031_R036_T34VFM_20240828T165824,2780.0,3118.0,3060.0,4752.0,7,,,,,,,,,D:\Water Quality Parameter Estimation\wq_pipeline\artifacts\tolerance_3d\prepared\chips\train\sample_FI_00000681.npz,D:\Water Quality Parameter Estimation\wq_pipeline\artifacts\tolerance_3d\prepared\chips\train\sample_FI_00000681.png,ok,,S2A_MSIL2A_20230924T095031_R079_T34VFM_20241027T021934,2023-09-24,3.0,39.929393,60.5246887459188,0.0,256,128,0,0,9,"B02,B03,B04,B08"
FI_00000682,1229,1229,2023-09-27,60.33564037793927,24.06683532961399,,,,460.0,,32.0,9.3,,9.6,,,,7.5,8.6,15.699999999999998,460.0,,32.0,9.3,0.5,"Väänteenjoki 0,9  5800",,Lohja,Lohja,River,VHA2,Kymijoen-Suomenlahden vesienhoitoalue,23.031,Hiidenveden la,Keskisuuret savimaiden joet,106.0,FI_00000671,1229,2023-06-06,60.33564037793927,24.06683532961399,,,,860.0,,34.0,11.0,S2_FI_00000671,2023-09-24,3,92.226928,64.8822700479198,178.073359295562,,,35WNM,S2A_MSIL2A_20230924T095031_R079_T35WNM_20241027T021934,,9.4,,,,7.3,10.0,14.800000000000002,860.0,,34.0,11.0,0.5,"Väänteenjoki 0,9  5800",,Lohja,Lohja,River,VHA2,Kymijoen-Suomenlahden vesienhoitoalue,23.031,Hiidenveden la,Keskisuuret savimaiden joet,106.0,ok,,-7,,,,,,,,,-5,2023-09-22,0.0,0.012112,S2B_MSIL2A_20230922T095649_R122_T35VLH_20230922T153555,1298.0,1439.0,1383.0,2414.0,-3,2023-09-24,0.0,39.929393,S2A_MSIL2A_20230924T095031_R079_T34VFM_20241027T021934,3104.0,3048.0,2738.0,4564.0,-1,,,,,,,,,0,,,,,,,,,1,,,,,,,,,3,2023-10-01,1.0,27.88879,S2A_MSIL2A_20231001T094031_R036_T34VFM_20240828T165824,2780.0,3118.0,3060.0,4752.0,5,2023-10-01,1.0,27.88879,S2A_MSIL2A_20231001T094031_R036_T34VFM_20240828T165824,2780.0,3118.0,3060.0,4752.0,7,,,,,,,,,D:\Water Quality Parameter Estimation\wq_pipeline\artifacts\tolerance_3d\prepared\chips\train\sample_FI_00000682.npz,D:\Water Quality Parameter Estimation\wq_pipeline\artifacts\tolerance_3d\prepared\chips\train\sample_FI_00000682.png,ok,,S2A_MSIL2A_20230924T095031_R079_T34VFM_20241027T021934,2023-09-24,3.0,39.929393,60.5246887459188,0.0,256,128,0,0,9,"B02,B03,B04,B08"
FI_00000683,1229,1229,2023-09-27,60.33564037793927,24.06683532961399,,,,460.0,,32.0,9.3,,9.6,,,,7.5,8.6,15.699999999999998,460.0,,32.0,9.3,0.5,"Väänteenjoki 0,9  5800",,Lohja,Lohja,River,VHA2,Kymijoen-Suomenlahden vesienhoitoalue,23.031,Hiidenveden la,Keskisuuret savimaiden joet,106.0,FI_00000671,1229,2023-06-06,60.33564037793927,24.06683532961399,,,,860.0,,34.0,11.0,S2_FI_00000671,2023-09-24,3,92.226928,64.8822700479198,178.073359295562,,,35WNM,S2A_MSIL2A_20230924T095031_R079_T35WNM_20241027T021934,,9.4,,,,7.3,10.0,14.800000000000002,860.0,,34.0,11.0,0.5,"Väänteenjoki 0,9  5800",,Lohja,Lohja,River,VHA2,Kymijoen-Suomenlahden vesienhoitoalue,23.031,Hiidenveden la,Keskisuuret savimaiden joet,106.0,ok,,-7,,,,,,,,,-5,2023-09-22,0.0,0.012112,S2B_MSIL2A_20230922T095649_R122_T35VLH_20230922T153555,1298.0,1439.0,1383.0,2414.0,-3,2023-09-24,0.0,39.929393,S2A_MSIL2A_20230924T095031_R079_T34VFM_20241027T021934,3104.0,3048.0,2738.0,4564.0,-1,,,,,,,,,0,,,,,,,,,1,,,,,,,,,3,2023-10-01,1.0,27.88879,S2A_MSIL2A_20231001T094031_R036_T34VFM_20240828T165824,2780.0,3118.0,3060.0,4752.0,5,2023-10-01,1.0,27.88879,S2A_MSIL2A_20231001T094031_R036_T34VFM_20240828T165824,2780.0,3118.0,3060.0,4752.0,7,,,,,,,,,D:\Water Quality Parameter Estimation\wq_pipeline\artifacts\tolerance_3d\prepared\chips\train\sample_FI_00000683.npz,D:\Water Quality Parameter Estimation\wq_pipeline\artifacts\tolerance_3d\prepared\chips\train\sample_FI_00000683.png,ok,,S2A_MSIL2A_20230924T095031_R079_T34VFM_20241027T021934,2023-09-24,3.0,39.929393,60.5246887459188,0.0,256,128,0,0,9,"B02,B03,B04,B08"
FI_00000684,1229,1229,2023-10-12,60.33564037793927,24.06683532961399,,,,600.0,,50.0,12.0,,9.6,,,,7.400000000000001,8.4,10.4,600.0,,50.0,12.0,1.0,"Väänteenjoki 0,9  5800",,Lohja,Lohja,River,VHA2,Kymijoen-Suomenlahden vesienhoitoalue,23.031,Hiidenveden la,Keskisuuret savimaiden joet,106.0,FI_00000734,1229,2024-08-06,60.33564037793927,24.06683532961399,,,,600.0,,36.0,13.0,S2_FI_00000734,2023-10-09,3,59.890139,70.6679502035239,179.420209088832,,,35WNM,S2B_MSIL2A_20231009T094819_R079_T35WNM_20231009T142154,,9.3,7.7,,89.0,7.400000000000001,14.0,22.399999999999995,600.0,,36.0,13.0,0.5,"Väänteenjoki 0,9  5800",,Lohja,Lohja,River,VHA2,Kymijoen-Suomenlahden vesienhoitoalue,23.031,Hiidenveden la,Keskisuuret savimaiden joet,106.0,ok,,-7,2023-10-06,1.0,9.03258,S2B_MSIL2A_20231006T093749_R036_T34VFN_20231006T152508,1628.0,1818.0,1855.0,3016.0,-5,2023-10-06,1.0,9.03258,S2B_MSIL2A_20231006T093749_R036_T34VFN_20231006T152508,1628.0,1818.0,1855.0,3016.0,-3,2023-10-09,0.0,33.308929,S2B_MSIL2A_20231009T094819_R079_T35VLH_20231009T142844,3844.0,3864.0,3812.0,4840.0,-1,,,,,,,,,0,,,,,,,,,1,,,,,,,,,3,2023-10-16,1.0,26.360902,S2B_MSIL2A_20231016T093909_R036_T35VLG_20231016T140958,12152.0,11936.0,11832.0,13136.0,5,2023-10-17,0.0,36.239469,S2A_MSIL2A_20231017T100031_R122_T34VFM_20231017T191730,1720.0,1686.0,1640.0,1910.0,7,,,,,,,,,D:\Water Quality Parameter Estimation\wq_pipeline\artifacts\tolerance_3d\prepared\chips\train\sample_FI_00000684.npz,D:\Water Quality Parameter Estimation\wq_pipeline\artifacts\tolerance_3d\prepared\chips\train\sample_FI_00000684.png,ok,,S2B_MSIL2A_20231009T094819_R079_T35VLH_20231009T142844,2023-10-09,3.0,33.308929,67.1315568904927,0.0,256,128,0,0,9,"B02,B03,B04,B08"
FI_00000685,1229,1229,2023-10-12,60.33564037793927,24.06683532961399,,,,600.0,,50.0,12.0,,9.6,,,,7.400000000000001,8.4,10.4,600.0,,50.0,12.0,1.0,"Väänteenjoki 0,9  5800",,Lohja,Lohja,River,VHA2,Kymijoen-Suomenlahden vesienhoitoalue,23.031,Hiidenveden la,Keskisuuret savimaiden joet,106.0,FI_00000734,1229,2024-08-06,60.33564037793927,24.06683532961399,,,,600.0,,36.0,13.0,S2_FI_00000734,2023-10-09,3,59.890139,70.6679502035239,179.420209088832,,,35WNM,S2B_MSIL2A_20231009T094819_R079_T35WNM_20231009T142154,,9.3,7.7,,89.0,7.400000000000001,14.0,22.399999999999995,600.0,,36.0,13.0,0.5,"Väänteenjoki 0,9  5800",,Lohja,Lohja,River,VHA2,Kymijoen-Suomenlahden vesienhoitoalue,23.031,Hiidenveden la,Keskisuuret savimaiden joet,106.0,ok,,-7,2023-10-06,1.0,9.03258,S2B_MSIL2A_20231006T093749_R036_T34VFN_20231006T152508,1628.0,1818.0,1855.0,3016.0,-5,2023-10-06,1.0,9.03258,S2B_MSIL2A_20231006T093749_R036_T34VFN_20231006T152508,1628.0,1818.0,1855.0,3016.0,-3,2023-10-09,0.0,33.308929,S2B_MSIL2A_20231009T094819_R079_T35VLH_20231009T142844,3844.0,3864.0,3812.0,4840.0,-1,,,,,,,,,0,,,,,,,,,1,,,,,,,,,3,2023-10-16,1.0,26.360902,S2B_MSIL2A_20231016T093909_R036_T35VLG_20231016T140958,12152.0,11936.0,11832.0,13136.0,5,2023-10-17,0.0,36.239469,S2A_MSIL2A_20231017T100031_R122_T34VFM_20231017T191730,1720.0,1686.0,1640.0,1910.0,7,,,,,,,,,D:\Water Quality Parameter Estimation\wq_pipeline\artifacts\tolerance_3d\prepared\chips\train\sample_FI_00000685.npz,D:\Water Quality Parameter Estimation\wq_pipeline\artifacts\tolerance_3d\prepared\chips\train\sample_FI_00000685.png,ok,,S2B_MSIL2A_20231009T094819_R079_T35VLH_20231009T142844,2023-10-09,3.0,33.308929,67.1315568904927,0.0,256,128,0,0,9,"B02,B03,B04,B08"
FI_00000686,1229,1229,2023-10-12,60.33564037793927,24.06683532961399,,,,600.0,,50.0,12.0,,9.6,,,,7.400000000000001,8.4,10.4,600.0,,50.0,12.0,1.0,"Väänteenjoki 0,9  5800",,Lohja,Lohja,River,VHA2,Kymijoen-Suomenlahden vesienhoitoalue,23.031,Hiidenveden la,Keskisuuret savimaiden joet,106.0,FI_00000734,1229,2024-08-06,60.33564037793927,24.06683532961399,,,,600.0,,36.0,13.0,S2_FI_00000734,2023-10-09,3,59.890139,70.6679502035239,179.420209088832,,,35WNM,S2B_MSIL2A_20231009T094819_R079_T35WNM_20231009T142154,,9.3,7.7,,89.0,7.400000000000001,14.0,22.399999999999995,600.0,,36.0,13.0,0.5,"Väänteenjoki 0,9  5800",,Lohja,Lohja,River,VHA2,Kymijoen-Suomenlahden vesienhoitoalue,23.031,Hiidenveden la,Keskisuuret savimaiden joet,106.0,ok,,-7,2023-10-06,1.0,9.03258,S2B_MSIL2A_20231006T093749_R036_T34VFN_20231006T152508,1628.0,1818.0,1855.0,3016.0,-5,2023-10-06,1.0,9.03258,S2B_MSIL2A_20231006T093749_R036_T34VFN_20231006T152508,1628.0,1818.0,1855.0,3016.0,-3,2023-10-09,0.0,33.308929,S2B_MSIL2A_20231009T094819_R079_T35VLH_20231009T142844,3844.0,3864.0,3812.0,4840.0,-1,,,,,,,,,0,,,,,,,,,1,,,,,,,,,3,2023-10-16,1.0,26.360902,S2B_MSIL2A_20231016T093909_R036_T35VLG_20231016T140958,12152.0,11936.0,11832.0,13136.0,5,2023-10-17,0.0,36.239469,S2A_MSIL2A_20231017T100031_R122_T34VFM_20231017T191730,1720.0,1686.0,1640.0,1910.0,7,,,,,,,,,D:\Water Quality Parameter Estimation\wq_pipeline\artifacts\tolerance_3d\prepared\chips\train\sample_FI_00000686.npz,D:\Water Quality Parameter Estimation\wq_pipeline\artifacts\tolerance_3d\prepared\chips\train\sample_FI_00000686.png,ok,,S2B_MSIL2A_20231009T094819_R079_T35VLH_20231009T142844,2023-10-09,3.0,33.308929,67.1315568904927,0.0,256,128,0,0,9,"B02,B03,B04,B08"
FI_00000687,1229,1229,2023-10-12,60.33564037793927,24.06683532961399,,,,600.0,,50.0,12.0,,9.6,,,,7.400000000000001,8.4,10.4,600.0,,50.0,12.0,1.0,"Väänteenjoki 0,9  5800",,Lohja,Lohja,River,VHA2,Kymijoen-Suomenlahden vesienhoitoalue,23.031,Hiidenveden la,Keskisuuret savimaiden joet,106.0,FI_00000734,1229,2024-08-06,60.33564037793927,24.06683532961399,,,,600.0,,36.0,13.0,S2_FI_00000734,2023-10-09,3,59.890139,70.6679502035239,179.420209088832,,,35WNM,S2B_MSIL2A_20231009T094819_R079_T35WNM_20231009T142154,,9.3,7.7,,89.0,7.400000000000001,14.0,22.399999999999995,600.0,,36.0,13.0,0.5,"Väänteenjoki 0,9  5800",,Lohja,Lohja,River,VHA2,Kymijoen-Suomenlahden vesienhoitoalue,23.031,Hiidenveden la,Keskisuuret savimaiden joet,106.0,ok,,-7,2023-10-06,1.0,9.03258,S2B_MSIL2A_20231006T093749_R036_T34VFN_20231006T152508,1628.0,1818.0,1855.0,3016.0,-5,2023-10-06,1.0,9.03258,S2B_MSIL2A_20231006T093749_R036_T34VFN_20231006T152508,1628.0,1818.0,1855.0,3016.0,-3,2023-10-09,0.0,33.308929,S2B_MSIL2A_20231009T094819_R079_T35VLH_20231009T142844,3844.0,3864.0,3812.0,4840.0,-1,,,,,,,,,0,,,,,,,,,1,,,,,,,,,3,2023-10-16,1.0,26.360902,S2B_MSIL2A_20231016T093909_R036_T35VLG_20231016T140958,12152.0,11936.0,11832.0,13136.0,5,2023-10-17,0.0,36.239469,S2A_MSIL2A_20231017T100031_R122_T34VFM_20231017T191730,1720.0,1686.0,1640.0,1910.0,7,,,,,,,,,D:\Water Quality Parameter Estimation\wq_pipeline\artifacts\tolerance_3d\prepared\chips\train\sample_FI_00000687.npz,D:\Water Quality Parameter Estimation\wq_pipeline\artifacts\tolerance_3d\prepared\chips\train\sample_FI_00000687.png,ok,,S2B_MSIL2A_20231009T094819_R079_T35VLH_20231009T142844,2023-10-09,3.0,33.308929,67.1315568904927,0.0,256,128,0,0,9,"B02,B03,B04,B08"
FI_00000688,1229,1229,2023-10-12,60.33564037793927,24.06683532961399,,,,600.0,,50.0,12.0,,9.6,,,,7.400000000000001,8.4,10.4,600.0,,50.0,12.0,1.0,"Väänteenjoki 0,9  5800",,Lohja,Lohja,River,VHA2,Kymijoen-Suomenlahden vesienhoitoalue,23.031,Hiidenveden la,Keskisuuret savimaiden joet,106.0,FI_00000734,1229,2024-08-06,60.33564037793927,24.06683532961399,,,,600.0,,36.0,13.0,S2_FI_00000734,2023-10-09,3,59.890139,70.6679502035239,179.420209088832,,,35WNM,S2B_MSIL2A_20231009T094819_R079_T35WNM_20231009T142154,,9.3,7.7,,89.0,7.400000000000001,14.0,22.399999999999995,600.0,,36.0,13.0,0.5,"Väänteenjoki 0,9  5800",,Lohja,Lohja,River,VHA2,Kymijoen-Suomenlahden vesienhoitoalue,23.031,Hiidenveden la,Keskisuuret savimaiden joet,106.0,ok,,-7,2023-10-06,1.0,9.03258,S2B_MSIL2A_20231006T093749_R036_T34VFN_20231006T152508,1628.0,1818.0,1855.0,3016.0,-5,2023-10-06,1.0,9.03258,S2B_MSIL2A_20231006T093749_R036_T34VFN_20231006T152508,1628.0,1818.0,1855.0,3016.0,-3,2023-10-09,0.0,33.308929,S2B_MSIL2A_20231009T094819_R079_T35VLH_20231009T142844,3844.0,3864.0,3812.0,4840.0,-1,,,,,,,,,0,,,,,,,,,1,,,,,,,,,3,2023-10-16,1.0,26.360902,S2B_MSIL2A_20231016T093909_R036_T35VLG_20231016T140958,12152.0,11936.0,11832.0,13136.0,5,2023-10-17,0.0,36.239469,S2A_MSIL2A_20231017T100031_R122_T34VFM_20231017T191730,1720.0,1686.0,1640.0,1910.0,7,,,,,,,,,D:\Water Quality Parameter Estimation\wq_pipeline\artifacts\tolerance_3d\prepared\chips\train\sample_FI_00000688.npz,D:\Water Quality Parameter Estimation\wq_pipeline\artifacts\tolerance_3d\prepared\chips\train\sample_FI_00000688.png,ok,,S2B_MSIL2A_20231009T094819_R079_T35VLH_20231009T142844,2023-10-09,3.0,33.308929,67.1315568904927,0.0,256,128,0,0,9,"B02,B03,B04,B08"
FI_00000689,1229,1229,2023-10-12,60.33564037793927,24.06683532961399,,,,600.0,,50.0,12.0,,9.6,,,,7.400000000000001,8.4,10.4,600.0,,50.0,12.0,1.0,"Väänteenjoki 0,9  5800",,Lohja,Lohja,River,VHA2,Kymijoen-Suomenlahden vesienhoitoalue,23.031,Hiidenveden la,Keskisuuret savimaiden joet,106.0,FI_00000734,1229,2024-08-06,60.33564037793927,24.06683532961399,,,,600.0,,36.0,13.0,S2_FI_00000734,2023-10-09,3,59.890139,70.6679502035239,179.420209088832,,,35WNM,S2B_MSIL2A_20231009T094819_R079_T35WNM_20231009T142154,,9.3,7.7,,89.0,7.400000000000001,14.0,22.399999999999995,600.0,,36.0,13.0,0.5,"Väänteenjoki 0,9  5800",,Lohja,Lohja,River,VHA2,Kymijoen-Suomenlahden vesienhoitoalue,23.031,Hiidenveden la,Keskisuuret savimaiden joet,106.0,ok,,-7,2023-10-06,1.0,9.03258,S2B_MSIL2A_20231006T093749_R036_T34VFN_20231006T152508,1628.0,1818.0,1855.0,3016.0,-5,2023-10-06,1.0,9.03258,S2B_MSIL2A_20231006T093749_R036_T34VFN_20231006T152508,1628.0,1818.0,1855.0,3016.0,-3,2023-10-09,0.0,33.308929,S2B_MSIL2A_20231009T094819_R079_T35VLH_20231009T142844,3844.0,3864.0,3812.0,4840.0,-1,,,,,,,,,0,,,,,,,,,1,,,,,,,,,3,2023-10-16,1.0,26.360902,S2B_MSIL2A_20231016T093909_R036_T35VLG_20231016T140958,12152.0,11936.0,11832.0,13136.0,5,2023-10-17,0.0,36.239469,S2A_MSIL2A_20231017T100031_R122_T34VFM_20231017T191730,1720.0,1686.0,1640.0,1910.0,7,,,,,,,,,D:\Water Quality Parameter Estimation\wq_pipeline\artifacts\tolerance_3d\prepared\chips\train\sample_FI_00000689.npz,D:\Water Quality Parameter Estimation\wq_pipeline\artifacts\tolerance_3d\prepared\chips\train\sample_FI_00000689.png,ok,,S2B_MSIL2A_20231009T094819_R079_T35VLH_20231009T142844,2023-10-09,3.0,33.308929,67.1315568904927,0.0,256,128,0,0,9,"B02,B03,B04,B08"
FI_00000690,1229,1229,2023-11-15,60.33564037793927,24.06683532961399,,,,780.0,,36.0,12.0,,9.8,,,,7.5,4.9,3.8,780.0,,36.0,12.0,0.5,"Väänteenjoki 0,9  5800",,Lohja,Lohja,River,VHA2,Kymijoen-Suomenlahden vesienhoitoalue,23.031,Hiidenveden la,Keskisuuret savimaiden joet,106.0,FI_00000674,1229,2023-08-30,60.33564037793927,24.06683532961399,,,,530.0,,33.0,10.0,S2_FI_00000674,2023-11-18,3,96.936268,83.6341471791456,180.001313861121,,,35WNM,S2B_MSIL2A_20231118T095209_R079_T35WNM_20241107T113514,,9.4,,,,7.3,11.0,17.9,530.0,,33.0,10.0,0.5,"Väänteenjoki 0,9  5800",,Lohja,Lohja,River,VHA2,Kymijoen-Suomenlahden vesienhoitoalue,23.031,Hiidenveden la,Keskisuuret savimaiden joet,106.0,ok,,-7,,,,,,,,,-5,,,,,,,,,-3,,,,,,,,,-1,,,,,,,,,0,2023-11-16,1.0,39.578974,S2A_MSIL2A_20231116T100301_R122_T35VLG_20241109T030028,1385.0,1237.0,1211.0,1220.0,1,2023-11-16,0.0,39.578974,S2A_MSIL2A_20231116T100301_R122_T35VLG_20241109T030028,1385.0,1237.0,1211.0,1220.0,3,,,,,,,,,5,,,,,,,,,7,,,,,,,,,D:\Water Quality Parameter Estimation\wq_pipeline\artifacts\tolerance_3d\prepared\chips\train\sample_FI_00000690.npz,D:\Water Quality Parameter Estimation\wq_pipeline\artifacts\tolerance_3d\prepared\chips\train\sample_FI_00000690.png,ok,,S2A_MSIL2A_20231116T100301_R122_T35VLG_20241109T030028,2023-11-16,1.0,39.578974,78.640791012919,3.0517578125e-05,256,128,0,0,9,"B02,B03,B04,B08"
FI_00000691,1229,1229,2023-11-15,60.33564037793927,24.06683532961399,,,,780.0,,36.0,12.0,,9.8,,,,7.5,4.9,3.8,780.0,,36.0,12.0,0.5,"Väänteenjoki 0,9  5800",,Lohja,Lohja,River,VHA2,Kymijoen-Suomenlahden vesienhoitoalue,23.031,Hiidenveden la,Keskisuuret savimaiden joet,106.0,FI_00000674,1229,2023-08-30,60.33564037793927,24.06683532961399,,,,530.0,,33.0,10.0,S2_FI_00000674,2023-11-18,3,96.936268,83.6341471791456,180.001313861121,,,35WNM,S2B_MSIL2A_20231118T095209_R079_T35WNM_20241107T113514,,9.4,,,,7.3,11.0,17.9,530.0,,33.0,10.0,0.5,"Väänteenjoki 0,9  5800",,Lohja,Lohja,River,VHA2,Kymijoen-Suomenlahden vesienhoitoalue,23.031,Hiidenveden la,Keskisuuret savimaiden joet,106.0,ok,,-7,,,,,,,,,-5,,,,,,,,,-3,,,,,,,,,-1,,,,,,,,,0,2023-11-16,1.0,39.578974,S2A_MSIL2A_20231116T100301_R122_T35VLG_20241109T030028,1385.0,1237.0,1211.0,1220.0,1,2023-11-16,0.0,39.578974,S2A_MSIL2A_20231116T100301_R122_T35VLG_20241109T030028,1385.0,1237.0,1211.0,1220.0,3,,,,,,,,,5,,,,,,,,,7,,,,,,,,,D:\Water Quality Parameter Estimation\wq_pipeline\artifacts\tolerance_3d\prepared\chips\train\sample_FI_00000691.npz,D:\Water Quality Parameter Estimation\wq_pipeline\artifacts\tolerance_3d\prepared\chips\train\sample_FI_00000691.png,ok,,S2A_MSIL2A_20231116T100301_R122_T35VLG_20241109T030028,2023-11-16,1.0,39.578974,78.640791012919,3.0517578125e-05,256,128,0,0,9,"B02,B03,B04,B08"
FI_00000692,1229,1229,2023-11-15,60.33564037793927,24.06683532961399,,,,780.0,,36.0,12.0,,9.8,,,,7.5,4.9,3.8,780.0,,36.0,12.0,0.5,"Väänteenjoki 0,9  5800",,Lohja,Lohja,River,VHA2,Kymijoen-Suomenlahden vesienhoitoalue,23.031,Hiidenveden la,Keskisuuret savimaiden joet,106.0,FI_00000674,1229,2023-08-30,60.33564037793927,24.06683532961399,,,,530.0,,33.0,10.0,S2_FI_00000674,2023-11-18,3,96.936268,83.6341471791456,180.001313861121,,,35WNM,S2B_MSIL2A_20231118T095209_R079_T35WNM_20241107T113514,,9.4,,,,7.3,11.0,17.9,530.0,,33.0,10.0,0.5,"Väänteenjoki 0,9  5800",,Lohja,Lohja,River,VHA2,Kymijoen-Suomenlahden vesienhoitoalue,23.031,Hiidenveden la,Keskisuuret savimaiden joet,106.0,ok,,-7,,,,,,,,,-5,,,,,,,,,-3,,,,,,,,,-1,,,,,,,,,0,2023-11-16,1.0,39.578974,S2A_MSIL2A_20231116T100301_R122_T35VLG_20241109T030028,1385.0,1237.0,1211.0,1220.0,1,2023-11-16,0.0,39.578974,S2A_MSIL2A_20231116T100301_R122_T35VLG_20241109T030028,1385.0,1237.0,1211.0,1220.0,3,,,,,,,,,5,,,,,,,,,7,,,,,,,,,D:\Water Quality Parameter Estimation\wq_pipeline\artifacts\tolerance_3d\prepared\chips\train\sample_FI_00000692.npz,D:\Water Quality Parameter Estimation\wq_pipeline\artifacts\tolerance_3d\prepared\chips\train\sample_FI_00000692.png,ok,,S2A_MSIL2A_20231116T100301_R122_T35VLG_20241109T030028,2023-11-16,1.0,39.578974,78.640791012919,3.0517578125e-05,256,128,0,0,9,"B02,B03,B04,B08"
FI_00000693,1229,1229,2023-11-15,60.33564037793927,24.06683532961399,,,,780.0,,36.0,12.0,,9.8,,,,7.5,4.9,3.8,780.0,,36.0,12.0,0.5,"Väänteenjoki 0,9  5800",,Lohja,Lohja,River,VHA2,Kymijoen-Suomenlahden vesienhoitoalue,23.031,Hiidenveden la,Keskisuuret savimaiden joet,106.0,FI_00000674,1229,2023-08-30,60.33564037793927,24.06683532961399,,,,530.0,,33.0,10.0,S2_FI_00000674,2023-11-18,3,96.936268,83.6341471791456,180.001313861121,,,35WNM,S2B_MSIL2A_20231118T095209_R079_T35WNM_20241107T113514,,9.4,,,,7.3,11.0,17.9,530.0,,33.0,10.0,0.5,"Väänteenjoki 0,9  5800",,Lohja,Lohja,River,VHA2,Kymijoen-Suomenlahden vesienhoitoalue,23.031,Hiidenveden la,Keskisuuret savimaiden joet,106.0,ok,,-7,,,,,,,,,-5,,,,,,,,,-3,,,,,,,,,-1,,,,,,,,,0,2023-11-16,1.0,39.578974,S2A_MSIL2A_20231116T100301_R122_T35VLG_20241109T030028,1385.0,1237.0,1211.0,1220.0,1,2023-11-16,0.0,39.578974,S2A_MSIL2A_20231116T100301_R122_T35VLG_20241109T030028,1385.0,1237.0,1211.0,1220.0,3,,,,,,,,,5,,,,,,,,,7,,,,,,,,,D:\Water Quality Parameter Estimation\wq_pipeline\artifacts\tolerance_3d\prepared\chips\train\sample_FI_00000693.npz,D:\Water Quality Parameter Estimation\wq_pipeline\artifacts\tolerance_3d\prepared\chips\train\sample_FI_00000693.png,ok,,S2A_MSIL2A_20231116T100301_R122_T35VLG_20241109T030028,2023-11-16,1.0,39.578974,78.640791012919,3.0517578125e-05,256,128,0,0,9,"B02,B03,B04,B08"
FI_00000694,1229,1229,2023-11-15,60.33564037793927,24.06683532961399,,,,780.0,,36.0,12.0,,9.8,,,,7.5,4.9,3.8,780.0,,36.0,12.0,0.5,"Väänteenjoki 0,9  5800",,Lohja,Lohja,River,VHA2,Kymijoen-Suomenlahden vesienhoitoalue,23.031,Hiidenveden la,Keskisuuret savimaiden joet,106.0,FI_00000674,1229,2023-08-30,60.33564037793927,24.06683532961399,,,,530.0,,33.0,10.0,S2_FI_00000674,2023-11-18,3,96.936268,83.6341471791456,180.001313861121,,,35WNM,S2B_MSIL2A_20231118T095209_R079_T35WNM_20241107T113514,,9.4,,,,7.3,11.0,17.9,530.0,,33.0,10.0,0.5,"Väänteenjoki 0,9  5800",,Lohja,Lohja,River,VHA2,Kymijoen-Suomenlahden vesienhoitoalue,23.031,Hiidenveden la,Keskisuuret savimaiden joet,106.0,ok,,-7,,,,,,,,,-5,,,,,,,,,-3,,,,,,,,,-1,,,,,,,,,0,2023-11-16,1.0,39.578974,S2A_MSIL2A_20231116T100301_R122_T35VLG_20241109T030028,1385.0,1237.0,1211.0,1220.0,1,2023-11-16,0.0,39.578974,S2A_MSIL2A_20231116T100301_R122_T35VLG_20241109T030028,1385.0,1237.0,1211.0,1220.0,3,,,,,,,,,5,,,,,,,,,7,,,,,,,,,D:\Water Quality Parameter Estimation\wq_pipeline\artifacts\tolerance_3d\prepared\chips\train\sample_FI_00000694.npz,D:\Water Quality Parameter Estimation\wq_pipeline\artifacts\tolerance_3d\prepared\chips\train\sample_FI_00000694.png,ok,,S2A_MSIL2A_20231116T100301_R122_T35VLG_20241109T030028,2023-11-16,1.0,39.578974,78.640791012919,3.0517578125e-05,256,128,0,0,9,"B02,B03,B04,B08"
FI_00000695,1229,1229,2023-11-15,60.33564037793927,24.06683532961399,,,,780.0,,36.0,12.0,,9.8,,,,7.5,4.9,3.8,780.0,,36.0,12.0,0.5,"Väänteenjoki 0,9  5800",,Lohja,Lohja,River,VHA2,Kymijoen-Suomenlahden vesienhoitoalue,23.031,Hiidenveden la,Keskisuuret savimaiden joet,106.0,FI_00000674,1229,2023-08-30,60.33564037793927,24.06683532961399,,,,530.0,,33.0,10.0,S2_FI_00000674,2023-11-18,3,96.936268,83.6341471791456,180.001313861121,,,35WNM,S2B_MSIL2A_20231118T095209_R079_T35WNM_20241107T113514,,9.4,,,,7.3,11.0,17.9,530.0,,33.0,10.0,0.5,"Väänteenjoki 0,9  5800",,Lohja,Lohja,River,VHA2,Kymijoen-Suomenlahden vesienhoitoalue,23.031,Hiidenveden la,Keskisuuret savimaiden joet,106.0,ok,,-7,,,,,,,,,-5,,,,,,,,,-3,,,,,,,,,-1,,,,,,,,,0,2023-11-16,1.0,39.578974,S2A_MSIL2A_20231116T100301_R122_T35VLG_20241109T030028,1385.0,1237.0,1211.0,1220.0,1,2023-11-16,0.0,39.578974,S2A_MSIL2A_20231116T100301_R122_T35VLG_20241109T030028,1385.0,1237.0,1211.0,1220.0,3,,,,,,,,,5,,,,,,,,,7,,,,,,,,,D:\Water Quality Parameter Estimation\wq_pipeline\artifacts\tolerance_3d\prepared\chips\train\sample_FI_00000695.npz,D:\Water Quality Parameter Estimation\wq_pipeline\artifacts\tolerance_3d\prepared\chips\train\sample_FI_00000695.png,ok,,S2A_MSIL2A_20231116T100301_R122_T35VLG_20241109T030028,2023-11-16,1.0,39.578974,78.640791012919,3.0517578125e-05,256,128,0,0,9,"B02,B03,B04,B08"
FI_00000708,1229,1229,2024-03-06,60.33564037793927,24.06683532961399,,,,930.0,,35.0,8.3,,10.0,,,,7.099999999999999,2.3,1.3,930.0,,35.0,8.3,1.0,"Väänteenjoki 0,9  5800",,Lohja,Lohja,River,VHA2,Kymijoen-Suomenlahden vesienhoitoalue,23.031,Hiidenveden la,Keskisuuret savimaiden joet,106.0,FI_00000711,1229,2024-03-06,60.33564037793927,24.06683532961399,,,,930.0,,35.0,8.3,S2_FI_00000711,2024-03-05,1,0.675411,67.0719505922577,169.300712305185,,,34VEN,S2A_MSIL2A_20240305T100031_R122_T34VEN_20240305T140836,,10.0,,,,7.099999999999999,2.3,1.3,930.0,,35.0,8.3,1.0,"Väänteenjoki 0,9  5800",,Lohja,Lohja,River,VHA2,Kymijoen-Suomenlahden vesienhoitoalue,23.031,Hiidenveden la,Keskisuuret savimaiden joet,106.0,ok,,-7,,,,,,,,,-5,,,,,,,,,-3,,,,,,,,,-1,2024-03-05,0.0,0.249044,S2A_MSIL2A_20240305T100031_R122_T35VLH_20240305T140829,1670.0,2224.0,2408.0,2652.0,0,2024-03-05,1.0,0.249044,S2A_MSIL2A_20240305T100031_R122_T35VLH_20240305T140829,1670.0,2224.0,2408.0,2652.0,1,,,,,,,,,3,,,,,,,,,5,2024-03-12,1.0,2.145149,S2A_MSIL2A_20240312T095031_R079_T34VFM_20240313T154942,1483.0,1702.0,2096.0,2214.0,7,2024-03-12,1.0,2.145149,S2A_MSIL2A_20240312T095031_R079_T34VFM_20240313T154942,1483.0,1702.0,2096.0,2214.0,,,rejected,nodata_reject,S2A_MSIL2A_20240305T100031_R122_T35VLH_20240305T140829,2024-03-05,1.0,0.249044,66.8653509920274,1.0,256,128,0,0,9,"B02,B03,B04,B08"
FI_00000709,1229,1229,2024-03-06,60.33564037793927,24.06683532961399,,,,930.0,,35.0,8.3,,10.0,,,,7.099999999999999,2.3,1.3,930.0,,35.0,8.3,1.0,"Väänteenjoki 0,9  5800",,Lohja,Lohja,River,VHA2,Kymijoen-Suomenlahden vesienhoitoalue,23.031,Hiidenveden la,Keskisuuret savimaiden joet,106.0,FI_00000711,1229,2024-03-06,60.33564037793927,24.06683532961399,,,,930.0,,35.0,8.3,S2_FI_00000711,2024-03-05,1,0.675411,67.0719505922577,169.300712305185,,,34VEN,S2A_MSIL2A_20240305T100031_R122_T34VEN_20240305T140836,,10.0,,,,7.099999999999999,2.3,1.3,930.0,,35.0,8.3,1.0,"Väänteenjoki 0,9  5800",,Lohja,Lohja,River,VHA2,Kymijoen-Suomenlahden vesienhoitoalue,23.031,Hiidenveden la,Keskisuuret savimaiden joet,106.0,ok,,-7,,,,,,,,,-5,,,,,,,,,-3,,,,,,,,,-1,2024-03-05,0.0,0.249044,S2A_MSIL2A_20240305T100031_R122_T35VLH_20240305T140829,1670.0,2224.0,2408.0,2652.0,0,2024-03-05,1.0,0.249044,S2A_MSIL2A_20240305T100031_R122_T35VLH_20240305T140829,1670.0,2224.0,2408.0,2652.0,1,,,,,,,,,3,,,,,,,,,5,2024-03-12,1.0,2.145149,S2A_MSIL2A_20240312T095031_R079_T34VFM_20240313T154942,1483.0,1702.0,2096.0,2214.0,7,2024-03-12,1.0,2.145149,S2A_MSIL2A_20240312T095031_R079_T34VFM_20240313T154942,1483.0,1702.0,2096.0,2214.0,,,rejected,nodata_reject,S2A_MSIL2A_20240305T100031_R122_T35VLH_20240305T140829,2024-03-05,1.0,0.249044,66.8653509920274,1.0,256,128,0,0,9,"B02,B03,B04,B08"
FI_00000710,1229,1229,2024-03-06,60.33564037793927,24.06683532961399,,,,930.0,,35.0,8.3,,10.0,,,,7.099999999999999,2.3,1.3,930.0,,35.0,8.3,1.0,"Väänteenjoki 0,9  5800",,Lohja,Lohja,River,VHA2,Kymijoen-Suomenlahden vesienhoitoalue,23.031,Hiidenveden la,Keskisuuret savimaiden joet,106.0,FI_00000711,1229,2024-03-06,60.33564037793927,24.06683532961399,,,,930.0,,35.0,8.3,S2_FI_00000711,2024-03-05,1,0.675411,67.0719505922577,169.300712305185,,,34VEN,S2A_MSIL2A_20240305T100031_R122_T34VEN_20240305T140836,,10.0,,,,7.099999999999999,2.3,1.3,930.0,,35.0,8.3,1.0,"Väänteenjoki 0,9  5800",,Lohja,Lohja,River,VHA2,Kymijoen-Suomenlahden vesienhoitoalue,23.031,Hiidenveden la,Keskisuuret savimaiden joet,106.0,ok,,-7,,,,,,,,,-5,,,,,,,,,-3,,,,,,,,,-1,2024-03-05,0.0,0.249044,S2A_MSIL2A_20240305T100031_R122_T35VLH_20240305T140829,1670.0,2224.0,2408.0,2652.0,0,2024-03-05,1.0,0.249044,S2A_MSIL2A_20240305T100031_R122_T35VLH_20240305T140829,1670.0,2224.0,2408.0,2652.0,1,,,,,,,,,3,,,,,,,,,5,2024-03-12,1.0,2.145149,S2A_MSIL2A_20240312T095031_R079_T34VFM_20240313T154942,1483.0,1702.0,2096.0,2214.0,7,2024-03-12,1.0,2.145149,S2A_MSIL2A_20240312T095031_R079_T34VFM_20240313T154942,1483.0,1702.0,2096.0,2214.0,,,rejected,nodata_reject,S2A_MSIL2A_20240305T100031_R122_T35VLH_20240305T140829,2024-03-05,1.0,0.249044,66.8653509920274,1.0,256,128,0,0,9,"B02,B03,B04,B08"
FI_00000711,1229,1229,2024-03-06,60.33564037793927,24.06683532961399,,,,930.0,,35.0,8.3,,10.0,,,,7.099999999999999,2.3,1.3,930.0,,35.0,8.3,1.0,"Väänteenjoki 0,9  5800",,Lohja,Lohja,River,VHA2,Kymijoen-Suomenlahden vesienhoitoalue,23.031,Hiidenveden la,Keskisuuret savimaiden joet,106.0,FI_00000711,1229,2024-03-06,60.33564037793927,24.06683532961399,,,,930.0,,35.0,8.3,S2_FI_00000711,2024-03-05,1,0.675411,67.0719505922577,169.300712305185,,,34VEN,S2A_MSIL2A_20240305T100031_R122_T34VEN_20240305T140836,,10.0,,,,7.099999999999999,2.3,1.3,930.0,,35.0,8.3,1.0,"Väänteenjoki 0,9  5800",,Lohja,Lohja,River,VHA2,Kymijoen-Suomenlahden vesienhoitoalue,23.031,Hiidenveden la,Keskisuuret savimaiden joet,106.0,ok,,-7,,,,,,,,,-5,,,,,,,,,-3,,,,,,,,,-1,2024-03-05,0.0,0.249044,S2A_MSIL2A_20240305T100031_R122_T35VLH_20240305T140829,1670.0,2224.0,2408.0,2652.0,0,2024-03-05,1.0,0.249044,S2A_MSIL2A_20240305T100031_R122_T35VLH_20240305T140829,1670.0,2224.0,2408.0,2652.0,1,,,,,,,,,3,,,,,,,,,5,2024-03-12,1.0,2.145149,S2A_MSIL2A_20240312T095031_R079_T34VFM_20240313T154942,1483.0,1702.0,2096.0,2214.0,7,2024-03-12,1.0,2.145149,S2A_MSIL2A_20240312T095031_R079_T34VFM_20240313T154942,1483.0,1702.0,2096.0,2214.0,,,rejected,nodata_reject,S2A_MSIL2A_20240305T100031_R122_T35VLH_20240305T140829,2024-03-05,1.0,0.249044,66.8653509920274,1.0,256,128,0,0,9,"B02,B03,B04,B08"
FI_00000712,1229,1229,2024-03-06,60.33564037793927,24.06683532961399,,,,930.0,,35.0,8.3,,10.0,,,,7.099999999999999,2.3,1.3,930.0,,35.0,8.3,1.0,"Väänteenjoki 0,9  5800",,Lohja,Lohja,River,VHA2,Kymijoen-Suomenlahden vesienhoitoalue,23.031,Hiidenveden la,Keskisuuret savimaiden joet,106.0,FI_00000711,1229,2024-03-06,60.33564037793927,24.06683532961399,,,,930.0,,35.0,8.3,S2_FI_00000711,2024-03-05,1,0.675411,67.0719505922577,169.300712305185,,,34VEN,S2A_MSIL2A_20240305T100031_R122_T34VEN_20240305T140836,,10.0,,,,7.099999999999999,2.3,1.3,930.0,,35.0,8.3,1.0,"Väänteenjoki 0,9  5800",,Lohja,Lohja,River,VHA2,Kymijoen-Suomenlahden vesienhoitoalue,23.031,Hiidenveden la,Keskisuuret savimaiden joet,106.0,ok,,-7,,,,,,,,,-5,,,,,,,,,-3,,,,,,,,,-1,2024-03-05,0.0,0.249044,S2A_MSIL2A_20240305T100031_R122_T35VLH_20240305T140829,1670.0,2224.0,2408.0,2652.0,0,2024-03-05,1.0,0.249044,S2A_MSIL2A_20240305T100031_R122_T35VLH_20240305T140829,1670.0,2224.0,2408.0,2652.0,1,,,,,,,,,3,,,,,,,,,5,2024-03-12,1.0,2.145149,S2A_MSIL2A_20240312T095031_R079_T34VFM_20240313T154942,1483.0,1702.0,2096.0,2214.0,7,2024-03-12,1.0,2.145149,S2A_MSIL2A_20240312T095031_R079_T34VFM_20240313T154942,1483.0,1702.0,2096.0,2214.0,,,rejected,nodata_reject,S2A_MSIL2A_20240305T100031_R122_T35VLH_20240305T140829,2024-03-05,1.0,0.249044,66.8653509920274,1.0,256,128,0,0,9,"B02,B03,B04,B08"
FI_00000713,1229,1229,2024-03-06,60.33564037793927,24.06683532961399,,,,930.0,,35.0,8.3,,10.0,,,,7.099999999999999,2.3,1.3,930.0,,35.0,8.3,1.0,"Väänteenjoki 0,9  5800",,Lohja,Lohja,River,VHA2,Kymijoen-Suomenlahden vesienhoitoalue,23.031,Hiidenveden la,Keskisuuret savimaiden joet,106.0,FI_00000711,1229,2024-03-06,60.33564037793927,24.06683532961399,,,,930.0,,35.0,8.3,S2_FI_00000711,2024-03-05,1,0.675411,67.0719505922577,169.300712305185,,,34VEN,S2A_MSIL2A_20240305T100031_R122_T34VEN_20240305T140836,,10.0,,,,7.099999999999999,2.3,1.3,930.0,,35.0,8.3,1.0,"Väänteenjoki 0,9  5800",,Lohja,Lohja,River,VHA2,Kymijoen-Suomenlahden vesienhoitoalue,23.031,Hiidenveden la,Keskisuuret savimaiden joet,106.0,ok,,-7,,,,,,,,,-5,,,,,,,,,-3,,,,,,,,,-1,2024-03-05,0.0,0.249044,S2A_MSIL2A_20240305T100031_R122_T35VLH_20240305T140829,1670.0,2224.0,2408.0,2652.0,0,2024-03-05,1.0,0.249044,S2A_MSIL2A_20240305T100031_R122_T35VLH_20240305T140829,1670.0,2224.0,2408.0,2652.0,1,,,,,,,,,3,,,,,,,,,5,2024-03-12,1.0,2.145149,S2A_MSIL2A_20240312T095031_R079_T34VFM_20240313T154942,1483.0,1702.0,2096.0,2214.0,7,2024-03-12,1.0,2.145149,S2A_MSIL2A_20240312T095031_R079_T34VFM_20240313T154942,1483.0,1702.0,2096.0,2214.0,,,rejected,nodata_reject,S2A_MSIL2A_20240305T100031_R122_T35VLH_20240305T140829,2024-03-05,1.0,0.249044,66.8653509920274,1.0,256,128,0,0,9,"B02,B03,B04,B08"
FI_00000714,1229,1229,2024-04-02,60.33564037793927,24.06683532961399,,,,1100.0,,41.0,12.0,,9.5,10.9,,81.0,7.2,6.65,3.2000000000000006,1100.0,,41.0,12.0,1.0,"Väänteenjoki 0,9  5800",,Lohja,Lohja,River,VHA2,Kymijoen-Suomenlahden vesienhoitoalue,23.031,Hiidenveden la,Keskisuuret savimaiden joet,106.0,FI_00000712,1229,2024-03-06,60.33564037793927,24.06683532961399,,,,930.0,,35.0,8.3,S2_FI_00000712,2024-04-04,2,10.975799,55.1924173491004,170.5592239834,,,34VEN,S2A_MSIL2A_20240404T100021_R122_T34VEN_20240404T152622,,10.0,,,,7.099999999999999,2.3,1.3,930.0,,35.0,8.3,1.0,"Väänteenjoki 0,9  5800",,Lohja,Lohja,River,VHA2,Kymijoen-Suomenlahden vesienhoitoalue,23.031,Hiidenveden la,Keskisuuret savimaiden joet,106.0,ok,,-7,,,,,,,,,-5,,,,,,,,,-3,,,,,,,,,-1,2024-04-01,0.0,22.030239,S2A_MSIL2A_20240401T095031_R079_T35VLH_20240401T132305,1929.0,2122.0,2296.0,2688.0,0,2024-04-01,1.0,22.030239,S2A_MSIL2A_20240401T095031_R079_T35VLH_20240401T132305,1929.0,2122.0,2296.0,2688.0,1,2024-04-04,1.0,22.779225,S2A_MSIL2A_20240404T100021_R122_T34VFM_20240404T152618,2456.0,2282.0,2460.0,2600.0,3,2024-04-04,1.0,22.779225,S2A_MSIL2A_20240404T100021_R122_T34VFM_20240404T152618,2456.0,2282.0,2460.0,2600.0,5,2024-04-08,1.0,0.874158,S2A_MSIL2A_20240408T094031_R036_T35VLG_20240410T215036,1109.0,1262.0,1456.0,1496.0,7,2024-04-08,1.0,0.874158,S2A_MSIL2A_20240408T094031_R036_T35VLG_20240410T215036,1109.0,1262.0,1456.0,1496.0,D:\Water Quality Parameter Estimation\wq_pipeline\artifacts\tolerance_3d\prepared\chips\train\sample_FI_00000714.npz,D:\Water Quality Parameter Estimation\wq_pipeline\artifacts\tolerance_3d\prepared\chips\train\sample_FI_00000714.png,ok,,S2A_MSIL2A_20240401T095031_R079_T35VLH_20240401T132305,2024-04-01,1.0,22.030239,56.3502347566109,0.0,256,128,0,0,9,"B02,B03,B04,B08"
FI_00000715,1229,1229,2024-04-02,60.33564037793927,24.06683532961399,,,,1100.0,,41.0,12.0,,9.5,10.9,,81.0,7.2,6.65,3.2000000000000006,1100.0,,41.0,12.0,1.0,"Väänteenjoki 0,9  5800",,Lohja,Lohja,River,VHA2,Kymijoen-Suomenlahden vesienhoitoalue,23.031,Hiidenveden la,Keskisuuret savimaiden joet,106.0,FI_00000712,1229,2024-03-06,60.33564037793927,24.06683532961399,,,,930.0,,35.0,8.3,S2_FI_00000712,2024-04-04,2,10.975799,55.1924173491004,170.5592239834,,,34VEN,S2A_MSIL2A_20240404T100021_R122_T34VEN_20240404T152622,,10.0,,,,7.099999999999999,2.3,1.3,930.0,,35.0,8.3,1.0,"Väänteenjoki 0,9  5800",,Lohja,Lohja,River,VHA2,Kymijoen-Suomenlahden vesienhoitoalue,23.031,Hiidenveden la,Keskisuuret savimaiden joet,106.0,ok,,-7,,,,,,,,,-5,,,,,,,,,-3,,,,,,,,,-1,2024-04-01,0.0,22.030239,S2A_MSIL2A_20240401T095031_R079_T35VLH_20240401T132305,1929.0,2122.0,2296.0,2688.0,0,2024-04-01,1.0,22.030239,S2A_MSIL2A_20240401T095031_R079_T35VLH_20240401T132305,1929.0,2122.0,2296.0,2688.0,1,2024-04-04,1.0,22.779225,S2A_MSIL2A_20240404T100021_R122_T34VFM_20240404T152618,2456.0,2282.0,2460.0,2600.0,3,2024-04-04,1.0,22.779225,S2A_MSIL2A_20240404T100021_R122_T34VFM_20240404T152618,2456.0,2282.0,2460.0,2600.0,5,2024-04-08,1.0,0.874158,S2A_MSIL2A_20240408T094031_R036_T35VLG_20240410T215036,1109.0,1262.0,1456.0,1496.0,7,2024-04-08,1.0,0.874158,S2A_MSIL2A_20240408T094031_R036_T35VLG_20240410T215036,1109.0,1262.0,1456.0,1496.0,D:\Water Quality Parameter Estimation\wq_pipeline\artifacts\tolerance_3d\prepared\chips\train\sample_FI_00000715.npz,D:\Water Quality Parameter Estimation\wq_pipeline\artifacts\tolerance_3d\prepared\chips\train\sample_FI_00000715.png,ok,,S2A_MSIL2A_20240401T095031_R079_T35VLH_20240401T132305,2024-04-01,1.0,22.030239,56.3502347566109,0.0,256,128,0,0,9,"B02,B03,B04,B08"
FI_00000716,1229,1229,2024-04-02,60.33564037793927,24.06683532961399,,,,1100.0,,41.0,12.0,,9.5,10.9,,81.0,7.2,6.65,3.2000000000000006,1100.0,,41.0,12.0,1.0,"Väänteenjoki 0,9  5800",,Lohja,Lohja,River,VHA2,Kymijoen-Suomenlahden vesienhoitoalue,23.031,Hiidenveden la,Keskisuuret savimaiden joet,106.0,FI_00000712,1229,2024-03-06,60.33564037793927,24.06683532961399,,,,930.0,,35.0,8.3,S2_FI_00000712,2024-04-04,2,10.975799,55.1924173491004,170.5592239834,,,34VEN,S2A_MSIL2A_20240404T100021_R122_T34VEN_20240404T152622,,10.0,,,,7.099999999999999,2.3,1.3,930.0,,35.0,8.3,1.0,"Väänteenjoki 0,9  5800",,Lohja,Lohja,River,VHA2,Kymijoen-Suomenlahden vesienhoitoalue,23.031,Hiidenveden la,Keskisuuret savimaiden joet,106.0,ok,,-7,,,,,,,,,-5,,,,,,,,,-3,,,,,,,,,-1,2024-04-01,0.0,22.030239,S2A_MSIL2A_20240401T095031_R079_T35VLH_20240401T132305,1929.0,2122.0,2296.0,2688.0,0,2024-04-01,1.0,22.030239,S2A_MSIL2A_20240401T095031_R079_T35VLH_20240401T132305,1929.0,2122.0,2296.0,2688.0,1,2024-04-04,1.0,22.779225,S2A_MSIL2A_20240404T100021_R122_T34VFM_20240404T152618,2456.0,2282.0,2460.0,2600.0,3,2024-04-04,1.0,22.779225,S2A_MSIL2A_20240404T100021_R122_T34VFM_20240404T152618,2456.0,2282.0,2460.0,2600.0,5,2024-04-08,1.0,0.874158,S2A_MSIL2A_20240408T094031_R036_T35VLG_20240410T215036,1109.0,1262.0,1456.0,1496.0,7,2024-04-08,1.0,0.874158,S2A_MSIL2A_20240408T094031_R036_T35VLG_20240410T215036,1109.0,1262.0,1456.0,1496.0,D:\Water Quality Parameter Estimation\wq_pipeline\artifacts\tolerance_3d\prepared\chips\train\sample_FI_00000716.npz,D:\Water Quality Parameter Estimation\wq_pipeline\artifacts\tolerance_3d\prepared\chips\train\sample_FI_00000716.png,ok,,S2A_MSIL2A_20240401T095031_R079_T35VLH_20240401T132305,2024-04-01,1.0,22.030239,56.3502347566109,0.0,256,128,0,0,9,"B02,B03,B04,B08"
FI_00000717,1229,1229,2024-04-02,60.33564037793927,24.06683532961399,,,,1100.0,,41.0,12.0,,9.5,10.9,,81.0,7.2,6.65,3.2000000000000006,1100.0,,41.0,12.0,1.0,"Väänteenjoki 0,9  5800",,Lohja,Lohja,River,VHA2,Kymijoen-Suomenlahden vesienhoitoalue,23.031,Hiidenveden la,Keskisuuret savimaiden joet,106.0,FI_00000712,1229,2024-03-06,60.33564037793927,24.06683532961399,,,,930.0,,35.0,8.3,S2_FI_00000712,2024-04-04,2,10.975799,55.1924173491004,170.5592239834,,,34VEN,S2A_MSIL2A_20240404T100021_R122_T34VEN_20240404T152622,,10.0,,,,7.099999999999999,2.3,1.3,930.0,,35.0,8.3,1.0,"Väänteenjoki 0,9  5800",,Lohja,Lohja,River,VHA2,Kymijoen-Suomenlahden vesienhoitoalue,23.031,Hiidenveden la,Keskisuuret savimaiden joet,106.0,ok,,-7,,,,,,,,,-5,,,,,,,,,-3,,,,,,,,,-1,2024-04-01,0.0,22.030239,S2A_MSIL2A_20240401T095031_R079_T35VLH_20240401T132305,1929.0,2122.0,2296.0,2688.0,0,2024-04-01,1.0,22.030239,S2A_MSIL2A_20240401T095031_R079_T35VLH_20240401T132305,1929.0,2122.0,2296.0,2688.0,1,2024-04-04,1.0,22.779225,S2A_MSIL2A_20240404T100021_R122_T34VFM_20240404T152618,2456.0,2282.0,2460.0,2600.0,3,2024-04-04,1.0,22.779225,S2A_MSIL2A_20240404T100021_R122_T34VFM_20240404T152618,2456.0,2282.0,2460.0,2600.0,5,2024-04-08,1.0,0.874158,S2A_MSIL2A_20240408T094031_R036_T35VLG_20240410T215036,1109.0,1262.0,1456.0,1496.0,7,2024-04-08,1.0,0.874158,S2A_MSIL2A_20240408T094031_R036_T35VLG_20240410T215036,1109.0,1262.0,1456.0,1496.0,D:\Water Quality Parameter Estimation\wq_pipeline\artifacts\tolerance_3d\prepared\chips\train\sample_FI_00000717.npz,D:\Water Quality Parameter Estimation\wq_pipeline\artifacts\tolerance_3d\prepared\chips\train\sample_FI_00000717.png,ok,,S2A_MSIL2A_20240401T095031_R079_T35VLH_20240401T132305,2024-04-01,1.0,22.030239,56.3502347566109,0.0,256,128,0,0,9,"B02,B03,B04,B08"
FI_00000718,1229,1229,2024-04-02,60.33564037793927,24.06683532961399,,,,1100.0,,41.0,12.0,,9.5,10.9,,81.0,7.2,6.65,3.2000000000000006,1100.0,,41.0,12.0,1.0,"Väänteenjoki 0,9  5800",,Lohja,Lohja,River,VHA2,Kymijoen-Suomenlahden vesienhoitoalue,23.031,Hiidenveden la,Keskisuuret savimaiden joet,106.0,FI_00000712,1229,2024-03-06,60.33564037793927,24.06683532961399,,,,930.0,,35.0,8.3,S2_FI_00000712,2024-04-04,2,10.975799,55.1924173491004,170.5592239834,,,34VEN,S2A_MSIL2A_20240404T100021_R122_T34VEN_20240404T152622,,10.0,,,,7.099999999999999,2.3,1.3,930.0,,35.0,8.3,1.0,"Väänteenjoki 0,9  5800",,Lohja,Lohja,River,VHA2,Kymijoen-Suomenlahden vesienhoitoalue,23.031,Hiidenveden la,Keskisuuret savimaiden joet,106.0,ok,,-7,,,,,,,,,-5,,,,,,,,,-3,,,,,,,,,-1,2024-04-01,0.0,22.030239,S2A_MSIL2A_20240401T095031_R079_T35VLH_20240401T132305,1929.0,2122.0,2296.0,2688.0,0,2024-04-01,1.0,22.030239,S2A_MSIL2A_20240401T095031_R079_T35VLH_20240401T132305,1929.0,2122.0,2296.0,2688.0,1,2024-04-04,1.0,22.779225,S2A_MSIL2A_20240404T100021_R122_T34VFM_20240404T152618,2456.0,2282.0,2460.0,2600.0,3,2024-04-04,1.0,22.779225,S2A_MSIL2A_20240404T100021_R122_T34VFM_20240404T152618,2456.0,2282.0,2460.0,2600.0,5,2024-04-08,1.0,0.874158,S2A_MSIL2A_20240408T094031_R036_T35VLG_20240410T215036,1109.0,1262.0,1456.0,1496.0,7,2024-04-08,1.0,0.874158,S2A_MSIL2A_20240408T094031_R036_T35VLG_20240410T215036,1109.0,1262.0,1456.0,1496.0,D:\Water Quality Parameter Estimation\wq_pipeline\artifacts\tolerance_3d\prepared\chips\train\sample_FI_00000718.npz,D:\Water Quality Parameter Estimation\wq_pipeline\artifacts\tolerance_3d\prepared\chips\train\sample_FI_00000718.png,ok,,S2A_MSIL2A_20240401T095031_R079_T35VLH_20240401T132305,2024-04-01,1.0,22.030239,56.3502347566109,0.0,256,128,0,0,9,"B02,B03,B04,B08"
FI_00000719,1229,1229,2024-04-02,60.33564037793927,24.06683532961399,,,,1100.0,,41.0,12.0,,9.5,10.9,,81.0,7.2,6.65,3.2000000000000006,1100.0,,41.0,12.0,1.0,"Väänteenjoki 0,9  5800",,Lohja,Lohja,River,VHA2,Kymijoen-Suomenlahden vesienhoitoalue,23.031,Hiidenveden la,Keskisuuret savimaiden joet,106.0,FI_00000712,1229,2024-03-06,60.33564037793927,24.06683532961399,,,,930.0,,35.0,8.3,S2_FI_00000712,2024-04-04,2,10.975799,55.1924173491004,170.5592239834,,,34VEN,S2A_MSIL2A_20240404T100021_R122_T34VEN_20240404T152622,,10.0,,,,7.099999999999999,2.3,1.3,930.0,,35.0,8.3,1.0,"Väänteenjoki 0,9  5800",,Lohja,Lohja,River,VHA2,Kymijoen-Suomenlahden vesienhoitoalue,23.031,Hiidenveden la,Keskisuuret savimaiden joet,106.0,ok,,-7,,,,,,,,,-5,,,,,,,,,-3,,,,,,,,,-1,2024-04-01,0.0,22.030239,S2A_MSIL2A_20240401T095031_R079_T35VLH_20240401T132305,1929.0,2122.0,2296.0,2688.0,0,2024-04-01,1.0,22.030239,S2A_MSIL2A_20240401T095031_R079_T35VLH_20240401T132305,1929.0,2122.0,2296.0,2688.0,1,2024-04-04,1.0,22.779225,S2A_MSIL2A_20240404T100021_R122_T34VFM_20240404T152618,2456.0,2282.0,2460.0,2600.0,3,2024-04-04,1.0,22.779225,S2A_MSIL2A_20240404T100021_R122_T34VFM_20240404T152618,2456.0,2282.0,2460.0,2600.0,5,2024-04-08,1.0,0.874158,S2A_MSIL2A_20240408T094031_R036_T35VLG_20240410T215036,1109.0,1262.0,1456.0,1496.0,7,2024-04-08,1.0,0.874158,S2A_MSIL2A_20240408T094031_R036_T35VLG_20240410T215036,1109.0,1262.0,1456.0,1496.0,D:\Water Quality Parameter Estimation\wq_pipeline\artifacts\tolerance_3d\prepared\chips\train\sample_FI_00000719.npz,D:\Water Quality Parameter Estimation\wq_pipeline\artifacts\tolerance_3d\prepared\chips\train\sample_FI_00000719.png,ok,,S2A_MSIL2A_20240401T095031_R079_T35VLH_20240401T132305,2024-04-01,1.0,22.030239,56.3502347566109,0.0,256,128,0,0,9,"B02,B03,B04,B08"
FI_00000720,1229,1229,2024-05-02,60.33564037793927,24.06683532961399,,,,1100.0,,57.0,13.0,,9.5,,,,7.2,7.599999999999999,9.7,1100.0,,57.0,13.0,1.0,"Väänteenjoki 0,9  5800",,Lohja,Lohja,River,VHA2,Kymijoen-Suomenlahden vesienhoitoalue,23.031,Hiidenveden la,Keskisuuret savimaiden joet,106.0,FI_00000680,1229,2023-09-27,60.33564037793927,24.06683532961399,,,,460.0,,32.0,9.3,S2_FI_00000680,2024-04-29,3,91.386402,49.7482320546876,179.301801051724,,,35WNM,S2B_MSIL2A_20240429T095549_R122_T35WNM_20240429T142123,,9.6,,,,7.5,8.6,15.699999999999998,460.0,,32.0,9.3,0.5,"Väänteenjoki 0,9  5800",,Lohja,Lohja,River,VHA2,Kymijoen-Suomenlahden vesienhoitoalue,23.031,Hiidenveden la,Keskisuuret savimaiden joet,106.0,ok,,-7,2024-04-24,1.0,26.797861,S2A_MSIL2A_20240424T100031_R122_T34VFM_20240424T155010,1530.0,1684.0,1640.0,1676.0,-5,,,,,,,,,-3,,,,,,,,,-1,2024-05-01,0.0,0.045389,S2A_MSIL2A_20240501T095031_R079_T34VFM_20240501T154015,1658.0,1803.0,1839.0,1960.0,0,2024-05-01,1.0,0.045389,S2A_MSIL2A_20240501T095031_R079_T34VFM_20240501T154015,1658.0,1803.0,1839.0,1960.0,1,2024-05-03,0.0,18.791649,S2B_MSIL2A_20240503T093549_R036_T34VFM_20240503T121600,1456.0,1494.0,1526.0,1701.0,3,2024-05-04,1.0,14.3307,S2A_MSIL2A_20240504T100031_R122_T34VFN_20240504T154421,4660.0,4560.0,4544.0,5604.0,5,2024-05-08,1.0,5.404939,S2A_MSIL2A_20240508T094031_R036_T34VFN_20240508T152303,1700.0,1722.0,1853.0,1983.0,7,2024-05-09,0.0,20.05562,S2B_MSIL2A_20240509T095549_R122_T35VLH_20240509T131628,1416.0,1476.0,1564.0,1654.0,D:\Water Quality Parameter Estimation\wq_pipeline\artifacts\tolerance_3d\prepared\chips\train\sample_FI_00000720.npz,D:\Water Quality Parameter Estimation\wq_pipeline\artifacts\tolerance_3d\prepared\chips\train\sample_FI_00000720.png,ok,,S2A_MSIL2A_20240501T095031_R079_T34VFM_20240501T154015,2024-05-01,1.0,0.045389,44.9209990968574,3.0517578125e-05,256,128,0,0,9,"B02,B03,B04,B08"
FI_00000721,1229,1229,2024-05-02,60.33564037793927,24.06683532961399,,,,1100.0,,57.0,13.0,,9.5,,,,7.2,7.599999999999999,9.7,1100.0,,57.0,13.0,1.0,"Väänteenjoki 0,9  5800",,Lohja,Lohja,River,VHA2,Kymijoen-Suomenlahden vesienhoitoalue,23.031,Hiidenveden la,Keskisuuret savimaiden joet,106.0,FI_00000680,1229,2023-09-27,60.33564037793927,24.06683532961399,,,,460.0,,32.0,9.3,S2_FI_00000680,2024-04-29,3,91.386402,49.7482320546876,179.301801051724,,,35WNM,S2B_MSIL2A_20240429T095549_R122_T35WNM_20240429T142123,,9.6,,,,7.5,8.6,15.699999999999998,460.0,,32.0,9.3,0.5,"Väänteenjoki 0,9  5800",,Lohja,Lohja,River,VHA2,Kymijoen-Suomenlahden vesienhoitoalue,23.031,Hiidenveden la,Keskisuuret savimaiden joet,106.0,ok,,-7,2024-04-24,1.0,26.797861,S2A_MSIL2A_20240424T100031_R122_T34VFM_20240424T155010,1530.0,1684.0,1640.0,1676.0,-5,,,,,,,,,-3,,,,,,,,,-1,2024-05-01,0.0,0.045389,S2A_MSIL2A_20240501T095031_R079_T34VFM_20240501T154015,1658.0,1803.0,1839.0,1960.0,0,2024-05-01,1.0,0.045389,S2A_MSIL2A_20240501T095031_R079_T34VFM_20240501T154015,1658.0,1803.0,1839.0,1960.0,1,2024-05-03,0.0,18.791649,S2B_MSIL2A_20240503T093549_R036_T34VFM_20240503T121600,1456.0,1494.0,1526.0,1701.0,3,2024-05-04,1.0,14.3307,S2A_MSIL2A_20240504T100031_R122_T34VFN_20240504T154421,4660.0,4560.0,4544.0,5604.0,5,2024-05-08,1.0,5.404939,S2A_MSIL2A_20240508T094031_R036_T34VFN_20240508T152303,1700.0,1722.0,1853.0,1983.0,7,2024-05-09,0.0,20.05562,S2B_MSIL2A_20240509T095549_R122_T35VLH_20240509T131628,1416.0,1476.0,1564.0,1654.0,D:\Water Quality Parameter Estimation\wq_pipeline\artifacts\tolerance_3d\prepared\chips\train\sample_FI_00000721.npz,D:\Water Quality Parameter Estimation\wq_pipeline\artifacts\tolerance_3d\prepared\chips\train\sample_FI_00000721.png,ok,,S2A_MSIL2A_20240501T095031_R079_T34VFM_20240501T154015,2024-05-01,1.0,0.045389,44.9209990968574,3.0517578125e-05,256,128,0,0,9,"B02,B03,B04,B08"
FI_00000722,1229,1229,2024-05-02,60.33564037793927,24.06683532961399,,,,1100.0,,57.0,13.0,,9.5,,,,7.2,7.599999999999999,9.7,1100.0,,57.0,13.0,1.0,"Väänteenjoki 0,9  5800",,Lohja,Lohja,River,VHA2,Kymijoen-Suomenlahden vesienhoitoalue,23.031,Hiidenveden la,Keskisuuret savimaiden joet,106.0,FI_00000680,1229,2023-09-27,60.33564037793927,24.06683532961399,,,,460.0,,32.0,9.3,S2_FI_00000680,2024-04-29,3,91.386402,49.7482320546876,179.301801051724,,,35WNM,S2B_MSIL2A_20240429T095549_R122_T35WNM_20240429T142123,,9.6,,,,7.5,8.6,15.699999999999998,460.0,,32.0,9.3,0.5,"Väänteenjoki 0,9  5800",,Lohja,Lohja,River,VHA2,Kymijoen-Suomenlahden vesienhoitoalue,23.031,Hiidenveden la,Keskisuuret savimaiden joet,106.0,ok,,-7,2024-04-24,1.0,26.797861,S2A_MSIL2A_20240424T100031_R122_T34VFM_20240424T155010,1530.0,1684.0,1640.0,1676.0,-5,,,,,,,,,-3,,,,,,,,,-1,2024-05-01,0.0,0.045389,S2A_MSIL2A_20240501T095031_R079_T34VFM_20240501T154015,1658.0,1803.0,1839.0,1960.0,0,2024-05-01,1.0,0.045389,S2A_MSIL2A_20240501T095031_R079_T34VFM_20240501T154015,1658.0,1803.0,1839.0,1960.0,1,2024-05-03,0.0,18.791649,S2B_MSIL2A_20240503T093549_R036_T34VFM_20240503T121600,1456.0,1494.0,1526.0,1701.0,3,2024-05-04,1.0,14.3307,S2A_MSIL2A_20240504T100031_R122_T34VFN_20240504T154421,4660.0,4560.0,4544.0,5604.0,5,2024-05-08,1.0,5.404939,S2A_MSIL2A_20240508T094031_R036_T34VFN_20240508T152303,1700.0,1722.0,1853.0,1983.0,7,2024-05-09,0.0,20.05562,S2B_MSIL2A_20240509T095549_R122_T35VLH_20240509T131628,1416.0,1476.0,1564.0,1654.0,D:\Water Quality Parameter Estimation\wq_pipeline\artifacts\tolerance_3d\prepared\chips\train\sample_FI_00000722.npz,D:\Water Quality Parameter Estimation\wq_pipeline\artifacts\tolerance_3d\prepared\chips\train\sample_FI_00000722.png,ok,,S2A_MSIL2A_20240501T095031_R079_T34VFM_20240501T154015,2024-05-01,1.0,0.045389,44.9209990968574,3.0517578125e-05,256,128,0,0,9,"B02,B03,B04,B08"
FI_00000723,1229,1229,2024-05-02,60.33564037793927,24.06683532961399,,,,1100.0,,57.0,13.0,,9.5,,,,7.2,7.599999999999999,9.7,1100.0,,57.0,13.0,1.0,"Väänteenjoki 0,9  5800",,Lohja,Lohja,River,VHA2,Kymijoen-Suomenlahden vesienhoitoalue,23.031,Hiidenveden la,Keskisuuret savimaiden joet,106.0,FI_00000680,1229,2023-09-27,60.33564037793927,24.06683532961399,,,,460.0,,32.0,9.3,S2_FI_00000680,2024-04-29,3,91.386402,49.7482320546876,179.301801051724,,,35WNM,S2B_MSIL2A_20240429T095549_R122_T35WNM_20240429T142123,,9.6,,,,7.5,8.6,15.699999999999998,460.0,,32.0,9.3,0.5,"Väänteenjoki 0,9  5800",,Lohja,Lohja,River,VHA2,Kymijoen-Suomenlahden vesienhoitoalue,23.031,Hiidenveden la,Keskisuuret savimaiden joet,106.0,ok,,-7,2024-04-24,1.0,26.797861,S2A_MSIL2A_20240424T100031_R122_T34VFM_20240424T155010,1530.0,1684.0,1640.0,1676.0,-5,,,,,,,,,-3,,,,,,,,,-1,2024-05-01,0.0,0.045389,S2A_MSIL2A_20240501T095031_R079_T34VFM_20240501T154015,1658.0,1803.0,1839.0,1960.0,0,2024-05-01,1.0,0.045389,S2A_MSIL2A_20240501T095031_R079_T34VFM_20240501T154015,1658.0,1803.0,1839.0,1960.0,1,2024-05-03,0.0,18.791649,S2B_MSIL2A_20240503T093549_R036_T34VFM_20240503T121600,1456.0,1494.0,1526.0,1701.0,3,2024-05-04,1.0,14.3307,S2A_MSIL2A_20240504T100031_R122_T34VFN_20240504T154421,4660.0,4560.0,4544.0,5604.0,5,2024-05-08,1.0,5.404939,S2A_MSIL2A_20240508T094031_R036_T34VFN_20240508T152303,1700.0,1722.0,1853.0,1983.0,7,2024-05-09,0.0,20.05562,S2B_MSIL2A_20240509T095549_R122_T35VLH_20240509T131628,1416.0,1476.0,1564.0,1654.0,D:\Water Quality Parameter Estimation\wq_pipeline\artifacts\tolerance_3d\prepared\chips\train\sample_FI_00000723.npz,D:\Water Quality Parameter Estimation\wq_pipeline\artifacts\tolerance_3d\prepared\chips\train\sample_FI_00000723.png,ok,,S2A_MSIL2A_20240501T095031_R079_T34VFM_20240501T154015,2024-05-01,1.0,0.045389,44.9209990968574,3.0517578125e-05,256,128,0,0,9,"B02,B03,B04,B08"
FI_00000724,1229,1229,2024-05-02,60.33564037793927,24.06683532961399,,,,1100.0,,57.0,13.0,,9.5,,,,7.2,7.599999999999999,9.7,1100.0,,57.0,13.0,1.0,"Väänteenjoki 0,9  5800",,Lohja,Lohja,River,VHA2,Kymijoen-Suomenlahden vesienhoitoalue,23.031,Hiidenveden la,Keskisuuret savimaiden joet,106.0,FI_00000680,1229,2023-09-27,60.33564037793927,24.06683532961399,,,,460.0,,32.0,9.3,S2_FI_00000680,2024-04-29,3,91.386402,49.7482320546876,179.301801051724,,,35WNM,S2B_MSIL2A_20240429T095549_R122_T35WNM_20240429T142123,,9.6,,,,7.5,8.6,15.699999999999998,460.0,,32.0,9.3,0.5,"Väänteenjoki 0,9  5800",,Lohja,Lohja,River,VHA2,Kymijoen-Suomenlahden vesienhoitoalue,23.031,Hiidenveden la,Keskisuuret savimaiden joet,106.0,ok,,-7,2024-04-24,1.0,26.797861,S2A_MSIL2A_20240424T100031_R122_T34VFM_20240424T155010,1530.0,1684.0,1640.0,1676.0,-5,,,,,,,,,-3,,,,,,,,,-1,2024-05-01,0.0,0.045389,S2A_MSIL2A_20240501T095031_R079_T34VFM_20240501T154015,1658.0,1803.0,1839.0,1960.0,0,2024-05-01,1.0,0.045389,S2A_MSIL2A_20240501T095031_R079_T34VFM_20240501T154015,1658.0,1803.0,1839.0,1960.0,1,2024-05-03,0.0,18.791649,S2B_MSIL2A_20240503T093549_R036_T34VFM_20240503T121600,1456.0,1494.0,1526.0,1701.0,3,2024-05-04,1.0,14.3307,S2A_MSIL2A_20240504T100031_R122_T34VFN_20240504T154421,4660.0,4560.0,4544.0,5604.0,5,2024-05-08,1.0,5.404939,S2A_MSIL2A_20240508T094031_R036_T34VFN_20240508T152303,1700.0,1722.0,1853.0,1983.0,7,2024-05-09,0.0,20.05562,S2B_MSIL2A_20240509T095549_R122_T35VLH_20240509T131628,1416.0,1476.0,1564.0,1654.0,D:\Water Quality Parameter Estimation\wq_pipeline\artifacts\tolerance_3d\prepared\chips\train\sample_FI_00000724.npz,D:\Water Quality Parameter Estimation\wq_pipeline\artifacts\tolerance_3d\prepared\chips\train\sample_FI_00000724.png,ok,,S2A_MSIL2A_20240501T095031_R079_T34VFM_20240501T154015,2024-05-01,1.0,0.045389,44.9209990968574,3.0517578125e-05,256,128,0,0,9,"B02,B03,B04,B08"
FI_00000725,1229,1229,2024-05-02,60.33564037793927,24.06683532961399,,,,1100.0,,57.0,13.0,,9.5,,,,7.2,7.599999999999999,9.7,1100.0,,57.0,13.0,1.0,"Väänteenjoki 0,9  5800",,Lohja,Lohja,River,VHA2,Kymijoen-Suomenlahden vesienhoitoalue,23.031,Hiidenveden la,Keskisuuret savimaiden joet,106.0,FI_00000680,1229,2023-09-27,60.33564037793927,24.06683532961399,,,,460.0,,32.0,9.3,S2_FI_00000680,2024-04-29,3,91.386402,49.7482320546876,179.301801051724,,,35WNM,S2B_MSIL2A_20240429T095549_R122_T35WNM_20240429T142123,,9.6,,,,7.5,8.6,15.699999999999998,460.0,,32.0,9.3,0.5,"Väänteenjoki 0,9  5800",,Lohja,Lohja,River,VHA2,Kymijoen-Suomenlahden vesienhoitoalue,23.031,Hiidenveden la,Keskisuuret savimaiden joet,106.0,ok,,-7,2024-04-24,1.0,26.797861,S2A_MSIL2A_20240424T100031_R122_T34VFM_20240424T155010,1530.0,1684.0,1640.0,1676.0,-5,,,,,,,,,-3,,,,,,,,,-1,2024-05-01,0.0,0.045389,S2A_MSIL2A_20240501T095031_R079_T34VFM_20240501T154015,1658.0,1803.0,1839.0,1960.0,0,2024-05-01,1.0,0.045389,S2A_MSIL2A_20240501T095031_R079_T34VFM_20240501T154015,1658.0,1803.0,1839.0,1960.0,1,2024-05-03,0.0,18.791649,S2B_MSIL2A_20240503T093549_R036_T34VFM_20240503T121600,1456.0,1494.0,1526.0,1701.0,3,2024-05-04,1.0,14.3307,S2A_MSIL2A_20240504T100031_R122_T34VFN_20240504T154421,4660.0,4560.0,4544.0,5604.0,5,2024-05-08,1.0,5.404939,S2A_MSIL2A_20240508T094031_R036_T34VFN_20240508T152303,1700.0,1722.0,1853.0,1983.0,7,2024-05-09,0.0,20.05562,S2B_MSIL2A_20240509T095549_R122_T35VLH_20240509T131628,1416.0,1476.0,1564.0,1654.0,D:\Water Quality Parameter Estimation\wq_pipeline\artifacts\tolerance_3d\prepared\chips\train\sample_FI_00000725.npz,D:\Water Quality Parameter Estimation\wq_pipeline\artifacts\tolerance_3d\prepared\chips\train\sample_FI_00000725.png,ok,,S2A_MSIL2A_20240501T095031_R079_T34VFM_20240501T154015,2024-05-01,1.0,0.045389,44.9209990968574,3.0517578125e-05,256,128,0,0,9,"B02,B03,B04,B08"
FI_00000726,1229,1229,2024-06-04,60.33564037793927,24.06683532961399,,,,930.0,,39.0,17.0,,9.6,,,,7.400000000000001,18.0,19.5,930.0,,39.0,17.0,1.0,"Väänteenjoki 0,9  5800",,Lohja,Lohja,River,VHA2,Kymijoen-Suomenlahden vesienhoitoalue,23.031,Hiidenveden la,Keskisuuret savimaiden joet,106.0,FI_00000650,1229,2023-03-22,60.33564037793927,24.06683532961399,,,,1100.0,,34.0,8.6,S2_FI_00000650,2024-06-05,1,12.768275,38.3825713811711,172.448960163137,,,35VMH,S2B_MSIL2A_20240605T094549_R079_T35VMH_20240605T121845,,9.0,,,,7.0,3.2000000000000006,1.7,1100.0,,34.0,8.6,0.5,"Väänteenjoki 0,9  5800",,Lohja,Lohja,River,VHA2,Kymijoen-Suomenlahden vesienhoitoalue,23.031,Hiidenveden la,Keskisuuret savimaiden joet,106.0,ok,,-7,2024-05-28,0.0,0.412693,S2A_MSIL2A_20240528T094031_R036_T34VFM_20240528T141618,1647.0,1732.0,1791.0,2116.0,-5,2024-05-29,1.0,17.316076,S2B_MSIL2A_20240529T095549_R122_T35VLH_20240529T170854,1403.0,1421.0,1410.0,1722.0,-3,2024-06-02,1.0,17.445301,S2B_MSIL2A_20240602T093549_R036_T34VFM_20240602T122847,7168.0,6884.0,6440.0,7820.0,-1,2024-06-03,0.0,25.539288,S2A_MSIL2A_20240603T100031_R122_T34VFM_20240603T151654,3802.0,3780.0,3596.0,5448.0,0,2024-06-05,1.0,0.460052,S2B_MSIL2A_20240605T094549_R079_T34VFM_20240605T123126,1686.0,1751.0,1747.0,2132.0,1,2024-06-05,0.0,0.460052,S2B_MSIL2A_20240605T094549_R079_T34VFM_20240605T123126,1686.0,1751.0,1747.0,2132.0,3,2024-06-08,1.0,32.556298,S2B_MSIL2A_20240608T095549_R122_T34VFM_20240608T131654,1474.0,1435.0,1345.0,1542.0,5,2024-06-10,1.0,18.104783,S2A_MSIL2A_20240610T095031_R079_T34VFM_20240610T131730,1730.0,1780.0,1756.0,2146.0,7,2024-06-10,1.0,18.104783,S2A_MSIL2A_20240610T095031_R079_T34VFM_20240610T131730,1730.0,1780.0,1756.0,2146.0,D:\Water Quality Parameter Estimation\wq_pipeline\artifacts\tolerance_3d\prepared\chips\train\sample_FI_00000726.npz,D:\Water Quality Parameter Estimation\wq_pipeline\artifacts\tolerance_3d\prepared\chips\train\sample_FI_00000726.png,ok,,S2B_MSIL2A_20240605T094549_R079_T34VFM_20240605T123126,2024-06-05,1.0,0.460052,37.6565926418507,0.0,256,128,0,0,9,"B02,B03,B04,B08"
FI_00000727,1229,1229,2024-06-04,60.33564037793927,24.06683532961399,,,,930.0,,39.0,17.0,,9.6,,,,7.400000000000001,18.0,19.5,930.0,,39.0,17.0,1.0,"Väänteenjoki 0,9  5800",,Lohja,Lohja,River,VHA2,Kymijoen-Suomenlahden vesienhoitoalue,23.031,Hiidenveden la,Keskisuuret savimaiden joet,106.0,FI_00000650,1229,2023-03-22,60.33564037793927,24.06683532961399,,,,1100.0,,34.0,8.6,S2_FI_00000650,2024-06-05,1,12.768275,38.3825713811711,172.448960163137,,,35VMH,S2B_MSIL2A_20240605T094549_R079_T35VMH_20240605T121845,,9.0,,,,7.0,3.2000000000000006,1.7,1100.0,,34.0,8.6,0.5,"Väänteenjoki 0,9  5800",,Lohja,Lohja,River,VHA2,Kymijoen-Suomenlahden vesienhoitoalue,23.031,Hiidenveden la,Keskisuuret savimaiden joet,106.0,ok,,-7,2024-05-28,0.0,0.412693,S2A_MSIL2A_20240528T094031_R036_T34VFM_20240528T141618,1647.0,1732.0,1791.0,2116.0,-5,2024-05-29,1.0,17.316076,S2B_MSIL2A_20240529T095549_R122_T35VLH_20240529T170854,1403.0,1421.0,1410.0,1722.0,-3,2024-06-02,1.0,17.445301,S2B_MSIL2A_20240602T093549_R036_T34VFM_20240602T122847,7168.0,6884.0,6440.0,7820.0,-1,2024-06-03,0.0,25.539288,S2A_MSIL2A_20240603T100031_R122_T34VFM_20240603T151654,3802.0,3780.0,3596.0,5448.0,0,2024-06-05,1.0,0.460052,S2B_MSIL2A_20240605T094549_R079_T34VFM_20240605T123126,1686.0,1751.0,1747.0,2132.0,1,2024-06-05,0.0,0.460052,S2B_MSIL2A_20240605T094549_R079_T34VFM_20240605T123126,1686.0,1751.0,1747.0,2132.0,3,2024-06-08,1.0,32.556298,S2B_MSIL2A_20240608T095549_R122_T34VFM_20240608T131654,1474.0,1435.0,1345.0,1542.0,5,2024-06-10,1.0,18.104783,S2A_MSIL2A_20240610T095031_R079_T34VFM_20240610T131730,1730.0,1780.0,1756.0,2146.0,7,2024-06-10,1.0,18.104783,S2A_MSIL2A_20240610T095031_R079_T34VFM_20240610T131730,1730.0,1780.0,1756.0,2146.0,D:\Water Quality Parameter Estimation\wq_pipeline\artifacts\tolerance_3d\prepared\chips\train\sample_FI_00000727.npz,D:\Water Quality Parameter Estimation\wq_pipeline\artifacts\tolerance_3d\prepared\chips\train\sample_FI_00000727.png,ok,,S2B_MSIL2A_20240605T094549_R079_T34VFM_20240605T123126,2024-06-05,1.0,0.460052,37.6565926418507,0.0,256,128,0,0,9,"B02,B03,B04,B08"
FI_00000728,1229,1229,2024-06-04,60.33564037793927,24.06683532961399,,,,930.0,,39.0,17.0,,9.6,,,,7.400000000000001,18.0,19.5,930.0,,39.0,17.0,1.0,"Väänteenjoki 0,9  5800",,Lohja,Lohja,River,VHA2,Kymijoen-Suomenlahden vesienhoitoalue,23.031,Hiidenveden la,Keskisuuret savimaiden joet,106.0,FI_00000650,1229,2023-03-22,60.33564037793927,24.06683532961399,,,,1100.0,,34.0,8.6,S2_FI_00000650,2024-06-05,1,12.768275,38.3825713811711,172.448960163137,,,35VMH,S2B_MSIL2A_20240605T094549_R079_T35VMH_20240605T121845,,9.0,,,,7.0,3.2000000000000006,1.7,1100.0,,34.0,8.6,0.5,"Väänteenjoki 0,9  5800",,Lohja,Lohja,River,VHA2,Kymijoen-Suomenlahden vesienhoitoalue,23.031,Hiidenveden la,Keskisuuret savimaiden joet,106.0,ok,,-7,2024-05-28,0.0,0.412693,S2A_MSIL2A_20240528T094031_R036_T34VFM_20240528T141618,1647.0,1732.0,1791.0,2116.0,-5,2024-05-29,1.0,17.316076,S2B_MSIL2A_20240529T095549_R122_T35VLH_20240529T170854,1403.0,1421.0,1410.0,1722.0,-3,2024-06-02,1.0,17.445301,S2B_MSIL2A_20240602T093549_R036_T34VFM_20240602T122847,7168.0,6884.0,6440.0,7820.0,-1,2024-06-03,0.0,25.539288,S2A_MSIL2A_20240603T100031_R122_T34VFM_20240603T151654,3802.0,3780.0,3596.0,5448.0,0,2024-06-05,1.0,0.460052,S2B_MSIL2A_20240605T094549_R079_T34VFM_20240605T123126,1686.0,1751.0,1747.0,2132.0,1,2024-06-05,0.0,0.460052,S2B_MSIL2A_20240605T094549_R079_T34VFM_20240605T123126,1686.0,1751.0,1747.0,2132.0,3,2024-06-08,1.0,32.556298,S2B_MSIL2A_20240608T095549_R122_T34VFM_20240608T131654,1474.0,1435.0,1345.0,1542.0,5,2024-06-10,1.0,18.104783,S2A_MSIL2A_20240610T095031_R079_T34VFM_20240610T131730,1730.0,1780.0,1756.0,2146.0,7,2024-06-10,1.0,18.104783,S2A_MSIL2A_20240610T095031_R079_T34VFM_20240610T131730,1730.0,1780.0,1756.0,2146.0,D:\Water Quality Parameter Estimation\wq_pipeline\artifacts\tolerance_3d\prepared\chips\train\sample_FI_00000728.npz,D:\Water Quality Parameter Estimation\wq_pipeline\artifacts\tolerance_3d\prepared\chips\train\sample_FI_00000728.png,ok,,S2B_MSIL2A_20240605T094549_R079_T34VFM_20240605T123126,2024-06-05,1.0,0.460052,37.6565926418507,0.0,256,128,0,0,9,"B02,B03,B04,B08"
FI_00000729,1229,1229,2024-06-04,60.33564037793927,24.06683532961399,,,,930.0,,39.0,17.0,,9.6,,,,7.400000000000001,18.0,19.5,930.0,,39.0,17.0,1.0,"Väänteenjoki 0,9  5800",,Lohja,Lohja,River,VHA2,Kymijoen-Suomenlahden vesienhoitoalue,23.031,Hiidenveden la,Keskisuuret savimaiden joet,106.0,FI_00000650,1229,2023-03-22,60.33564037793927,24.06683532961399,,,,1100.0,,34.0,8.6,S2_FI_00000650,2024-06-05,1,12.768275,38.3825713811711,172.448960163137,,,35VMH,S2B_MSIL2A_20240605T094549_R079_T35VMH_20240605T121845,,9.0,,,,7.0,3.2000000000000006,1.7,1100.0,,34.0,8.6,0.5,"Väänteenjoki 0,9  5800",,Lohja,Lohja,River,VHA2,Kymijoen-Suomenlahden vesienhoitoalue,23.031,Hiidenveden la,Keskisuuret savimaiden joet,106.0,ok,,-7,2024-05-28,0.0,0.412693,S2A_MSIL2A_20240528T094031_R036_T34VFM_20240528T141618,1647.0,1732.0,1791.0,2116.0,-5,2024-05-29,1.0,17.316076,S2B_MSIL2A_20240529T095549_R122_T35VLH_20240529T170854,1403.0,1421.0,1410.0,1722.0,-3,2024-06-02,1.0,17.445301,S2B_MSIL2A_20240602T093549_R036_T34VFM_20240602T122847,7168.0,6884.0,6440.0,7820.0,-1,2024-06-03,0.0,25.539288,S2A_MSIL2A_20240603T100031_R122_T34VFM_20240603T151654,3802.0,3780.0,3596.0,5448.0,0,2024-06-05,1.0,0.460052,S2B_MSIL2A_20240605T094549_R079_T34VFM_20240605T123126,1686.0,1751.0,1747.0,2132.0,1,2024-06-05,0.0,0.460052,S2B_MSIL2A_20240605T094549_R079_T34VFM_20240605T123126,1686.0,1751.0,1747.0,2132.0,3,2024-06-08,1.0,32.556298,S2B_MSIL2A_20240608T095549_R122_T34VFM_20240608T131654,1474.0,1435.0,1345.0,1542.0,5,2024-06-10,1.0,18.104783,S2A_MSIL2A_20240610T095031_R079_T34VFM_20240610T131730,1730.0,1780.0,1756.0,2146.0,7,2024-06-10,1.0,18.104783,S2A_MSIL2A_20240610T095031_R079_T34VFM_20240610T131730,1730.0,1780.0,1756.0,2146.0,D:\Water Quality Parameter Estimation\wq_pipeline\artifacts\tolerance_3d\prepared\chips\train\sample_FI_00000729.npz,D:\Water Quality Parameter Estimation\wq_pipeline\artifacts\tolerance_3d\prepared\chips\train\sample_FI_00000729.png,ok,,S2B_MSIL2A_20240605T094549_R079_T34VFM_20240605T123126,2024-06-05,1.0,0.460052,37.6565926418507,0.0,256,128,0,0,9,"B02,B03,B04,B08"
FI_00000730,1229,1229,2024-06-04,60.33564037793927,24.06683532961399,,,,930.0,,39.0,17.0,,9.6,,,,7.400000000000001,18.0,19.5,930.0,,39.0,17.0,1.0,"Väänteenjoki 0,9  5800",,Lohja,Lohja,River,VHA2,Kymijoen-Suomenlahden vesienhoitoalue,23.031,Hiidenveden la,Keskisuuret savimaiden joet,106.0,FI_00000650,1229,2023-03-22,60.33564037793927,24.06683532961399,,,,1100.0,,34.0,8.6,S2_FI_00000650,2024-06-05,1,12.768275,38.3825713811711,172.448960163137,,,35VMH,S2B_MSIL2A_20240605T094549_R079_T35VMH_20240605T121845,,9.0,,,,7.0,3.2000000000000006,1.7,1100.0,,34.0,8.6,0.5,"Väänteenjoki 0,9  5800",,Lohja,Lohja,River,VHA2,Kymijoen-Suomenlahden vesienhoitoalue,23.031,Hiidenveden la,Keskisuuret savimaiden joet,106.0,ok,,-7,2024-05-28,0.0,0.412693,S2A_MSIL2A_20240528T094031_R036_T34VFM_20240528T141618,1647.0,1732.0,1791.0,2116.0,-5,2024-05-29,1.0,17.316076,S2B_MSIL2A_20240529T095549_R122_T35VLH_20240529T170854,1403.0,1421.0,1410.0,1722.0,-3,2024-06-02,1.0,17.445301,S2B_MSIL2A_20240602T093549_R036_T34VFM_20240602T122847,7168.0,6884.0,6440.0,7820.0,-1,2024-06-03,0.0,25.539288,S2A_MSIL2A_20240603T100031_R122_T34VFM_20240603T151654,3802.0,3780.0,3596.0,5448.0,0,2024-06-05,1.0,0.460052,S2B_MSIL2A_20240605T094549_R079_T34VFM_20240605T123126,1686.0,1751.0,1747.0,2132.0,1,2024-06-05,0.0,0.460052,S2B_MSIL2A_20240605T094549_R079_T34VFM_20240605T123126,1686.0,1751.0,1747.0,2132.0,3,2024-06-08,1.0,32.556298,S2B_MSIL2A_20240608T095549_R122_T34VFM_20240608T131654,1474.0,1435.0,1345.0,1542.0,5,2024-06-10,1.0,18.104783,S2A_MSIL2A_20240610T095031_R079_T34VFM_20240610T131730,1730.0,1780.0,1756.0,2146.0,7,2024-06-10,1.0,18.104783,S2A_MSIL2A_20240610T095031_R079_T34VFM_20240610T131730,1730.0,1780.0,1756.0,2146.0,D:\Water Quality Parameter Estimation\wq_pipeline\artifacts\tolerance_3d\prepared\chips\train\sample_FI_00000730.npz,D:\Water Quality Parameter Estimation\wq_pipeline\artifacts\tolerance_3d\prepared\chips\train\sample_FI_00000730.png,ok,,S2B_MSIL2A_20240605T094549_R079_T34VFM_20240605T123126,2024-06-05,1.0,0.460052,37.6565926418507,0.0,256,128,0,0,9,"B02,B03,B04,B08"
FI_00000731,1229,1229,2024-06-04,60.33564037793927,24.06683532961399,,,,930.0,,39.0,17.0,,9.6,,,,7.400000000000001,18.0,19.5,930.0,,39.0,17.0,1.0,"Väänteenjoki 0,9  5800",,Lohja,Lohja,River,VHA2,Kymijoen-Suomenlahden vesienhoitoalue,23.031,Hiidenveden la,Keskisuuret savimaiden joet,106.0,FI_00000650,1229,2023-03-22,60.33564037793927,24.06683532961399,,,,1100.0,,34.0,8.6,S2_FI_00000650,2024-06-05,1,12.768275,38.3825713811711,172.448960163137,,,35VMH,S2B_MSIL2A_20240605T094549_R079_T35VMH_20240605T121845,,9.0,,,,7.0,3.2000000000000006,1.7,1100.0,,34.0,8.6,0.5,"Väänteenjoki 0,9  5800",,Lohja,Lohja,River,VHA2,Kymijoen-Suomenlahden vesienhoitoalue,23.031,Hiidenveden la,Keskisuuret savimaiden joet,106.0,ok,,-7,2024-05-28,0.0,0.412693,S2A_MSIL2A_20240528T094031_R036_T34VFM_20240528T141618,1647.0,1732.0,1791.0,2116.0,-5,2024-05-29,1.0,17.316076,S2B_MSIL2A_20240529T095549_R122_T35VLH_20240529T170854,1403.0,1421.0,1410.0,1722.0,-3,2024-06-02,1.0,17.445301,S2B_MSIL2A_20240602T093549_R036_T34VFM_20240602T122847,7168.0,6884.0,6440.0,7820.0,-1,2024-06-03,0.0,25.539288,S2A_MSIL2A_20240603T100031_R122_T34VFM_20240603T151654,3802.0,3780.0,3596.0,5448.0,0,2024-06-05,1.0,0.460052,S2B_MSIL2A_20240605T094549_R079_T34VFM_20240605T123126,1686.0,1751.0,1747.0,2132.0,1,2024-06-05,0.0,0.460052,S2B_MSIL2A_20240605T094549_R079_T34VFM_20240605T123126,1686.0,1751.0,1747.0,2132.0,3,2024-06-08,1.0,32.556298,S2B_MSIL2A_20240608T095549_R122_T34VFM_20240608T131654,1474.0,1435.0,1345.0,1542.0,5,2024-06-10,1.0,18.104783,S2A_MSIL2A_20240610T095031_R079_T34VFM_20240610T131730,1730.0,1780.0,1756.0,2146.0,7,2024-06-10,1.0,18.104783,S2A_MSIL2A_20240610T095031_R079_T34VFM_20240610T131730,1730.0,1780.0,1756.0,2146.0,D:\Water Quality Parameter Estimation\wq_pipeline\artifacts\tolerance_3d\prepared\chips\train\sample_FI_00000731.npz,D:\Water Quality Parameter Estimation\wq_pipeline\artifacts\tolerance_3d\prepared\chips\train\sample_FI_00000731.png,ok,,S2B_MSIL2A_20240605T094549_R079_T34VFM_20240605T123126,2024-06-05,1.0,0.460052,37.6565926418507,0.0,256,128,0,0,9,"B02,B03,B04,B08"
FI_00000732,1229,1229,2024-08-06,60.33564037793927,24.06683532961399,,,,600.0,,36.0,13.0,,9.3,7.7,,89.0,7.400000000000001,14.0,22.399999999999995,600.0,,36.0,13.0,0.5,"Väänteenjoki 0,9  5800",,Lohja,Lohja,River,VHA2,Kymijoen-Suomenlahden vesienhoitoalue,23.031,Hiidenveden la,Keskisuuret savimaiden joet,106.0,FI_00000745,1229,2024-11-18,60.33564037793927,24.06683532961399,,,,710.0,,37.0,9.3,S2_FI_00000745,2024-08-07,1,0.0,48.2447542615386,176.587718645961,,,35WNM,S2B_MSIL2A_20240807T095549_R122_T35WNM_20240807T132638,,9.6,,,,7.400000000000001,4.2,4.4,710.0,,37.0,9.3,1.0,"Väänteenjoki 0,9  5800",,Lohja,Lohja,River,VHA2,Kymijoen-Suomenlahden vesienhoitoalue,23.031,Hiidenveden la,Keskisuuret savimaiden joet,106.0,ok,,-7,2024-07-30,0.0,18.841647,S2A_MSIL2A_20240730T095031_R079_T34VFM_20240730T155453,1787.0,1850.0,1900.0,2451.0,-5,,,,,,,,,-3,2024-08-04,1.0,33.356014,S2B_MSIL2A_20240804T094549_R079_T34VFM_20240804T123817,12080.0,10992.0,10096.0,10712.0,-1,2024-08-06,1.0,27.409568,S2A_MSIL2A_20240806T094031_R036_T34VFM_20240806T115350,3856.0,4312.0,4528.0,5216.0,0,2024-08-06,0.0,27.409568,S2A_MSIL2A_20240806T094031_R036_T34VFM_20240806T115350,3856.0,4312.0,4528.0,5216.0,1,2024-08-07,0.0,27.205992,S2B_MSIL2A_20240807T095549_R122_T34VFM_20240807T132638,1772.0,1654.0,1507.0,2204.0,3,,,,,,,,,5,2024-08-11,0.0,31.666395,S2B_MSIL2A_20240811T093549_R036_T35VLG_20240811T122825,4216.0,4088.0,3690.0,5604.0,7,2024-08-14,1.0,0.720648,S2B_MSIL2A_20240814T094549_R079_T34VFN_20240814T123852,1462.0,1720.0,1610.0,2203.0,,,rejected,nodata_reject,S2A_MSIL2A_20240806T094031_R036_T34VFM_20240806T115350,2024-08-06,0.0,27.409568,44.2402567674622,1.0,256,128,0,0,9,"B02,B03,B04,B08"
FI_00000733,1229,1229,2024-08-06,60.33564037793927,24.06683532961399,,,,600.0,,36.0,13.0,,9.3,7.7,,89.0,7.400000000000001,14.0,22.399999999999995,600.0,,36.0,13.0,0.5,"Väänteenjoki 0,9  5800",,Lohja,Lohja,River,VHA2,Kymijoen-Suomenlahden vesienhoitoalue,23.031,Hiidenveden la,Keskisuuret savimaiden joet,106.0,FI_00000745,1229,2024-11-18,60.33564037793927,24.06683532961399,,,,710.0,,37.0,9.3,S2_FI_00000745,2024-08-07,1,0.0,48.2447542615386,176.587718645961,,,35WNM,S2B_MSIL2A_20240807T095549_R122_T35WNM_20240807T132638,,9.6,,,,7.400000000000001,4.2,4.4,710.0,,37.0,9.3,1.0,"Väänteenjoki 0,9  5800",,Lohja,Lohja,River,VHA2,Kymijoen-Suomenlahden vesienhoitoalue,23.031,Hiidenveden la,Keskisuuret savimaiden joet,106.0,ok,,-7,2024-07-30,0.0,18.841647,S2A_MSIL2A_20240730T095031_R079_T34VFM_20240730T155453,1787.0,1850.0,1900.0,2451.0,-5,,,,,,,,,-3,2024-08-04,1.0,33.356014,S2B_MSIL2A_20240804T094549_R079_T34VFM_20240804T123817,12080.0,10992.0,10096.0,10712.0,-1,2024-08-06,1.0,27.409568,S2A_MSIL2A_20240806T094031_R036_T34VFM_20240806T115350,3856.0,4312.0,4528.0,5216.0,0,2024-08-06,0.0,27.409568,S2A_MSIL2A_20240806T094031_R036_T34VFM_20240806T115350,3856.0,4312.0,4528.0,5216.0,1,2024-08-07,0.0,27.205992,S2B_MSIL2A_20240807T095549_R122_T34VFM_20240807T132638,1772.0,1654.0,1507.0,2204.0,3,,,,,,,,,5,2024-08-11,0.0,31.666395,S2B_MSIL2A_20240811T093549_R036_T35VLG_20240811T122825,4216.0,4088.0,3690.0,5604.0,7,2024-08-14,1.0,0.720648,S2B_MSIL2A_20240814T094549_R079_T34VFN_20240814T123852,1462.0,1720.0,1610.0,2203.0,,,rejected,nodata_reject,S2A_MSIL2A_20240806T094031_R036_T34VFM_20240806T115350,2024-08-06,0.0,27.409568,44.2402567674622,1.0,256,128,0,0,9,"B02,B03,B04,B08"
FI_00000734,1229,1229,2024-08-06,60.33564037793927,24.06683532961399,,,,600.0,,36.0,13.0,,9.3,7.7,,89.0,7.400000000000001,14.0,22.399999999999995,600.0,,36.0,13.0,0.5,"Väänteenjoki 0,9  5800",,Lohja,Lohja,River,VHA2,Kymijoen-Suomenlahden vesienhoitoalue,23.031,Hiidenveden la,Keskisuuret savimaiden joet,106.0,FI_00000745,1229,2024-11-18,60.33564037793927,24.06683532961399,,,,710.0,,37.0,9.3,S2_FI_00000745,2024-08-07,1,0.0,48.2447542615386,176.587718645961,,,35WNM,S2B_MSIL2A_20240807T095549_R122_T35WNM_20240807T132638,,9.6,,,,7.400000000000001,4.2,4.4,710.0,,37.0,9.3,1.0,"Väänteenjoki 0,9  5800",,Lohja,Lohja,River,VHA2,Kymijoen-Suomenlahden vesienhoitoalue,23.031,Hiidenveden la,Keskisuuret savimaiden joet,106.0,ok,,-7,2024-07-30,0.0,18.841647,S2A_MSIL2A_20240730T095031_R079_T34VFM_20240730T155453,1787.0,1850.0,1900.0,2451.0,-5,,,,,,,,,-3,2024-08-04,1.0,33.356014,S2B_MSIL2A_20240804T094549_R079_T34VFM_20240804T123817,12080.0,10992.0,10096.0,10712.0,-1,2024-08-06,1.0,27.409568,S2A_MSIL2A_20240806T094031_R036_T34VFM_20240806T115350,3856.0,4312.0,4528.0,5216.0,0,2024-08-06,0.0,27.409568,S2A_MSIL2A_20240806T094031_R036_T34VFM_20240806T115350,3856.0,4312.0,4528.0,5216.0,1,2024-08-07,0.0,27.205992,S2B_MSIL2A_20240807T095549_R122_T34VFM_20240807T132638,1772.0,1654.0,1507.0,2204.0,3,,,,,,,,,5,2024-08-11,0.0,31.666395,S2B_MSIL2A_20240811T093549_R036_T35VLG_20240811T122825,4216.0,4088.0,3690.0,5604.0,7,2024-08-14,1.0,0.720648,S2B_MSIL2A_20240814T094549_R079_T34VFN_20240814T123852,1462.0,1720.0,1610.0,2203.0,,,rejected,nodata_reject,S2A_MSIL2A_20240806T094031_R036_T34VFM_20240806T115350,2024-08-06,0.0,27.409568,44.2402567674622,1.0,256,128,0,0,9,"B02,B03,B04,B08"
FI_00000735,1229,1229,2024-08-06,60.33564037793927,24.06683532961399,,,,600.0,,36.0,13.0,,9.3,7.7,,89.0,7.400000000000001,14.0,22.399999999999995,600.0,,36.0,13.0,0.5,"Väänteenjoki 0,9  5800",,Lohja,Lohja,River,VHA2,Kymijoen-Suomenlahden vesienhoitoalue,23.031,Hiidenveden la,Keskisuuret savimaiden joet,106.0,FI_00000745,1229,2024-11-18,60.33564037793927,24.06683532961399,,,,710.0,,37.0,9.3,S2_FI_00000745,2024-08-07,1,0.0,48.2447542615386,176.587718645961,,,35WNM,S2B_MSIL2A_20240807T095549_R122_T35WNM_20240807T132638,,9.6,,,,7.400000000000001,4.2,4.4,710.0,,37.0,9.3,1.0,"Väänteenjoki 0,9  5800",,Lohja,Lohja,River,VHA2,Kymijoen-Suomenlahden vesienhoitoalue,23.031,Hiidenveden la,Keskisuuret savimaiden joet,106.0,ok,,-7,2024-07-30,0.0,18.841647,S2A_MSIL2A_20240730T095031_R079_T34VFM_20240730T155453,1787.0,1850.0,1900.0,2451.0,-5,,,,,,,,,-3,2024-08-04,1.0,33.356014,S2B_MSIL2A_20240804T094549_R079_T34VFM_20240804T123817,12080.0,10992.0,10096.0,10712.0,-1,2024-08-06,1.0,27.409568,S2A_MSIL2A_20240806T094031_R036_T34VFM_20240806T115350,3856.0,4312.0,4528.0,5216.0,0,2024-08-06,0.0,27.409568,S2A_MSIL2A_20240806T094031_R036_T34VFM_20240806T115350,3856.0,4312.0,4528.0,5216.0,1,2024-08-07,0.0,27.205992,S2B_MSIL2A_20240807T095549_R122_T34VFM_20240807T132638,1772.0,1654.0,1507.0,2204.0,3,,,,,,,,,5,2024-08-11,0.0,31.666395,S2B_MSIL2A_20240811T093549_R036_T35VLG_20240811T122825,4216.0,4088.0,3690.0,5604.0,7,2024-08-14,1.0,0.720648,S2B_MSIL2A_20240814T094549_R079_T34VFN_20240814T123852,1462.0,1720.0,1610.0,2203.0,,,rejected,nodata_reject,S2A_MSIL2A_20240806T094031_R036_T34VFM_20240806T115350,2024-08-06,0.0,27.409568,44.2402567674622,1.0,256,128,0,0,9,"B02,B03,B04,B08"
FI_00000736,1229,1229,2024-08-06,60.33564037793927,24.06683532961399,,,,600.0,,36.0,13.0,,9.3,7.7,,89.0,7.400000000000001,14.0,22.399999999999995,600.0,,36.0,13.0,0.5,"Väänteenjoki 0,9  5800",,Lohja,Lohja,River,VHA2,Kymijoen-Suomenlahden vesienhoitoalue,23.031,Hiidenveden la,Keskisuuret savimaiden joet,106.0,FI_00000745,1229,2024-11-18,60.33564037793927,24.06683532961399,,,,710.0,,37.0,9.3,S2_FI_00000745,2024-08-07,1,0.0,48.2447542615386,176.587718645961,,,35WNM,S2B_MSIL2A_20240807T095549_R122_T35WNM_20240807T132638,,9.6,,,,7.400000000000001,4.2,4.4,710.0,,37.0,9.3,1.0,"Väänteenjoki 0,9  5800",,Lohja,Lohja,River,VHA2,Kymijoen-Suomenlahden vesienhoitoalue,23.031,Hiidenveden la,Keskisuuret savimaiden joet,106.0,ok,,-7,2024-07-30,0.0,18.841647,S2A_MSIL2A_20240730T095031_R079_T34VFM_20240730T155453,1787.0,1850.0,1900.0,2451.0,-5,,,,,,,,,-3,2024-08-04,1.0,33.356014,S2B_MSIL2A_20240804T094549_R079_T34VFM_20240804T123817,12080.0,10992.0,10096.0,10712.0,-1,2024-08-06,1.0,27.409568,S2A_MSIL2A_20240806T094031_R036_T34VFM_20240806T115350,3856.0,4312.0,4528.0,5216.0,0,2024-08-06,0.0,27.409568,S2A_MSIL2A_20240806T094031_R036_T34VFM_20240806T115350,3856.0,4312.0,4528.0,5216.0,1,2024-08-07,0.0,27.205992,S2B_MSIL2A_20240807T095549_R122_T34VFM_20240807T132638,1772.0,1654.0,1507.0,2204.0,3,,,,,,,,,5,2024-08-11,0.0,31.666395,S2B_MSIL2A_20240811T093549_R036_T35VLG_20240811T122825,4216.0,4088.0,3690.0,5604.0,7,2024-08-14,1.0,0.720648,S2B_MSIL2A_20240814T094549_R079_T34VFN_20240814T123852,1462.0,1720.0,1610.0,2203.0,,,rejected,nodata_reject,S2A_MSIL2A_20240806T094031_R036_T34VFM_20240806T115350,2024-08-06,0.0,27.409568,44.2402567674622,1.0,256,128,0,0,9,"B02,B03,B04,B08"
FI_00000737,1229,1229,2024-08-06,60.33564037793927,24.06683532961399,,,,600.0,,36.0,13.0,,9.3,7.7,,89.0,7.400000000000001,14.0,22.399999999999995,600.0,,36.0,13.0,0.5,"Väänteenjoki 0,9  5800",,Lohja,Lohja,River,VHA2,Kymijoen-Suomenlahden vesienhoitoalue,23.031,Hiidenveden la,Keskisuuret savimaiden joet,106.0,FI_00000745,1229,2024-11-18,60.33564037793927,24.06683532961399,,,,710.0,,37.0,9.3,S2_FI_00000745,2024-08-07,1,0.0,48.2447542615386,176.587718645961,,,35WNM,S2B_MSIL2A_20240807T095549_R122_T35WNM_20240807T132638,,9.6,,,,7.400000000000001,4.2,4.4,710.0,,37.0,9.3,1.0,"Väänteenjoki 0,9  5800",,Lohja,Lohja,River,VHA2,Kymijoen-Suomenlahden vesienhoitoalue,23.031,Hiidenveden la,Keskisuuret savimaiden joet,106.0,ok,,-7,2024-07-30,0.0,18.841647,S2A_MSIL2A_20240730T095031_R079_T34VFM_20240730T155453,1787.0,1850.0,1900.0,2451.0,-5,,,,,,,,,-3,2024-08-04,1.0,33.356014,S2B_MSIL2A_20240804T094549_R079_T34VFM_20240804T123817,12080.0,10992.0,10096.0,10712.0,-1,2024-08-06,1.0,27.409568,S2A_MSIL2A_20240806T094031_R036_T34VFM_20240806T115350,3856.0,4312.0,4528.0,5216.0,0,2024-08-06,0.0,27.409568,S2A_MSIL2A_20240806T094031_R036_T34VFM_20240806T115350,3856.0,4312.0,4528.0,5216.0,1,2024-08-07,0.0,27.205992,S2B_MSIL2A_20240807T095549_R122_T34VFM_20240807T132638,1772.0,1654.0,1507.0,2204.0,3,,,,,,,,,5,2024-08-11,0.0,31.666395,S2B_MSIL2A_20240811T093549_R036_T35VLG_20240811T122825,4216.0,4088.0,3690.0,5604.0,7,2024-08-14,1.0,0.720648,S2B_MSIL2A_20240814T094549_R079_T34VFN_20240814T123852,1462.0,1720.0,1610.0,2203.0,,,rejected,nodata_reject,S2A_MSIL2A_20240806T094031_R036_T34VFM_20240806T115350,2024-08-06,0.0,27.409568,44.2402567674622,1.0,256,128,0,0,9,"B02,B03,B04,B08"
FI_00000738,1229,1229,2024-10-28,60.33564037793927,24.06683532961399,,,,670.0,,47.0,9.8,,9.5,,,,7.3,6.5,8.4,670.0,,47.0,9.8,1.0,"Väänteenjoki 0,9  5800",,Lohja,Lohja,River,VHA2,Kymijoen-Suomenlahden vesienhoitoalue,23.031,Hiidenveden la,Keskisuuret savimaiden joet,106.0,FI_00000719,1229,2024-04-02,60.33564037793927,24.06683532961399,,,,1100.0,,41.0,12.0,S2_FI_00000719,2024-10-28,0,44.678524,74.3152936006191,174.457002197009,,,34VEN,S2A_MSIL2A_20241028T095121_R079_T34VEN_20241028T124759,,9.5,10.9,,81.0,7.2,6.65,3.2000000000000006,1100.0,,41.0,12.0,1.0,"Väänteenjoki 0,9  5800",,Lohja,Lohja,River,VHA2,Kymijoen-Suomenlahden vesienhoitoalue,23.031,Hiidenveden la,Keskisuuret savimaiden joet,106.0,ok,,-7,,,,,,,,,-5,2024-10-23,0.0,0.181127,S2B_MSIL2A_20241023T095029_R079_T34VFM_20241023T112106,1178.0,1231.0,1243.0,1959.0,-3,,,,,,,,,-1,,,,,,,,,0,,,,,,,,,1,2024-10-30,1.0,6.180026,S2B_MSIL2A_20241030T094029_R036_T34VFN_20241030T111154,2400.0,2316.0,2328.0,2816.0,3,2024-10-30,1.0,6.180026,S2B_MSIL2A_20241030T094029_R036_T34VFN_20241030T111154,2400.0,2316.0,2328.0,2816.0,5,2024-11-02,0.0,33.397654,S2B_MSIL2A_20241102T095059_R079_T34VFM_20241102T111522,4156.0,3942.0,3968.0,4464.0,7,,,,,,,,,D:\Water Quality Parameter Estimation\wq_pipeline\artifacts\tolerance_3d\prepared\chips\train\sample_FI_00000738.npz,D:\Water Quality Parameter Estimation\wq_pipeline\artifacts\tolerance_3d\prepared\chips\train\sample_FI_00000738.png,ok,,S2B_MSIL2A_20241030T094029_R036_T34VFN_20241030T111154,2024-10-30,2.0,6.180026,74.9758880278893,0.0,256,128,0,0,9,"B02,B03,B04,B08"
FI_00000739,1229,1229,2024-10-28,60.33564037793927,24.06683532961399,,,,670.0,,47.0,9.8,,9.5,,,,7.3,6.5,8.4,670.0,,47.0,9.8,1.0,"Väänteenjoki 0,9  5800",,Lohja,Lohja,River,VHA2,Kymijoen-Suomenlahden vesienhoitoalue,23.031,Hiidenveden la,Keskisuuret savimaiden joet,106.0,FI_00000719,1229,2024-04-02,60.33564037793927,24.06683532961399,,,,1100.0,,41.0,12.0,S2_FI_00000719,2024-10-28,0,44.678524,74.3152936006191,174.457002197009,,,34VEN,S2A_MSIL2A_20241028T095121_R079_T34VEN_20241028T124759,,9.5,10.9,,81.0,7.2,6.65,3.2000000000000006,1100.0,,41.0,12.0,1.0,"Väänteenjoki 0,9  5800",,Lohja,Lohja,River,VHA2,Kymijoen-Suomenlahden vesienhoitoalue,23.031,Hiidenveden la,Keskisuuret savimaiden joet,106.0,ok,,-7,,,,,,,,,-5,2024-10-23,0.0,0.181127,S2B_MSIL2A_20241023T095029_R079_T34VFM_20241023T112106,1178.0,1231.0,1243.0,1959.0,-3,,,,,,,,,-1,,,,,,,,,0,,,,,,,,,1,2024-10-30,1.0,6.180026,S2B_MSIL2A_20241030T094029_R036_T34VFN_20241030T111154,2400.0,2316.0,2328.0,2816.0,3,2024-10-30,1.0,6.180026,S2B_MSIL2A_20241030T094029_R036_T34VFN_20241030T111154,2400.0,2316.0,2328.0,2816.0,5,2024-11-02,0.0,33.397654,S2B_MSIL2A_20241102T095059_R079_T34VFM_20241102T111522,4156.0,3942.0,3968.0,4464.0,7,,,,,,,,,D:\Water Quality Parameter Estimation\wq_pipeline\artifacts\tolerance_3d\prepared\chips\train\sample_FI_00000739.npz,D:\Water Quality Parameter Estimation\wq_pipeline\artifacts\tolerance_3d\prepared\chips\train\sample_FI_00000739.png,ok,,S2B_MSIL2A_20241030T094029_R036_T34VFN_20241030T111154,2024-10-30,2.0,6.180026,74.9758880278893,0.0,256,128,0,0,9,"B02,B03,B04,B08"
FI_00000740,1229,1229,2024-10-28,60.33564037793927,24.06683532961399,,,,670.0,,47.0,9.8,,9.5,,,,7.3,6.5,8.4,670.0,,47.0,9.8,1.0,"Väänteenjoki 0,9  5800",,Lohja,Lohja,River,VHA2,Kymijoen-Suomenlahden vesienhoitoalue,23.031,Hiidenveden la,Keskisuuret savimaiden joet,106.0,FI_00000719,1229,2024-04-02,60.33564037793927,24.06683532961399,,,,1100.0,,41.0,12.0,S2_FI_00000719,2024-10-28,0,44.678524,74.3152936006191,174.457002197009,,,34VEN,S2A_MSIL2A_20241028T095121_R079_T34VEN_20241028T124759,,9.5,10.9,,81.0,7.2,6.65,3.2000000000000006,1100.0,,41.0,12.0,1.0,"Väänteenjoki 0,9  5800",,Lohja,Lohja,River,VHA2,Kymijoen-Suomenlahden vesienhoitoalue,23.031,Hiidenveden la,Keskisuuret savimaiden joet,106.0,ok,,-7,,,,,,,,,-5,2024-10-23,0.0,0.181127,S2B_MSIL2A_20241023T095029_R079_T34VFM_20241023T112106,1178.0,1231.0,1243.0,1959.0,-3,,,,,,,,,-1,,,,,,,,,0,,,,,,,,,1,2024-10-30,1.0,6.180026,S2B_MSIL2A_20241030T094029_R036_T34VFN_20241030T111154,2400.0,2316.0,2328.0,2816.0,3,2024-10-30,1.0,6.180026,S2B_MSIL2A_20241030T094029_R036_T34VFN_20241030T111154,2400.0,2316.0,2328.0,2816.0,5,2024-11-02,0.0,33.397654,S2B_MSIL2A_20241102T095059_R079_T34VFM_20241102T111522,4156.0,3942.0,3968.0,4464.0,7,,,,,,,,,D:\Water Quality Parameter Estimation\wq_pipeline\artifacts\tolerance_3d\prepared\chips\train\sample_FI_00000740.npz,D:\Water Quality Parameter Estimation\wq_pipeline\artifacts\tolerance_3d\prepared\chips\train\sample_FI_00000740.png,ok,,S2B_MSIL2A_20241030T094029_R036_T34VFN_20241030T111154,2024-10-30,2.0,6.180026,74.9758880278893,0.0,256,128,0,0,9,"B02,B03,B04,B08"
FI_00000741,1229,1229,2024-10-28,60.33564037793927,24.06683532961399,,,,670.0,,47.0,9.8,,9.5,,,,7.3,6.5,8.4,670.0,,47.0,9.8,1.0,"Väänteenjoki 0,9  5800",,Lohja,Lohja,River,VHA2,Kymijoen-Suomenlahden vesienhoitoalue,23.031,Hiidenveden la,Keskisuuret savimaiden joet,106.0,FI_00000719,1229,2024-04-02,60.33564037793927,24.06683532961399,,,,1100.0,,41.0,12.0,S2_FI_00000719,2024-10-28,0,44.678524,74.3152936006191,174.457002197009,,,34VEN,S2A_MSIL2A_20241028T095121_R079_T34VEN_20241028T124759,,9.5,10.9,,81.0,7.2,6.65,3.2000000000000006,1100.0,,41.0,12.0,1.0,"Väänteenjoki 0,9  5800",,Lohja,Lohja,River,VHA2,Kymijoen-Suomenlahden vesienhoitoalue,23.031,Hiidenveden la,Keskisuuret savimaiden joet,106.0,ok,,-7,,,,,,,,,-5,2024-10-23,0.0,0.181127,S2B_MSIL2A_20241023T095029_R079_T34VFM_20241023T112106,1178.0,1231.0,1243.0,1959.0,-3,,,,,,,,,-1,,,,,,,,,0,,,,,,,,,1,2024-10-30,1.0,6.180026,S2B_MSIL2A_20241030T094029_R036_T34VFN_20241030T111154,2400.0,2316.0,2328.0,2816.0,3,2024-10-30,1.0,6.180026,S2B_MSIL2A_20241030T094029_R036_T34VFN_20241030T111154,2400.0,2316.0,2328.0,2816.0,5,2024-11-02,0.0,33.397654,S2B_MSIL2A_20241102T095059_R079_T34VFM_20241102T111522,4156.0,3942.0,3968.0,4464.0,7,,,,,,,,,D:\Water Quality Parameter Estimation\wq_pipeline\artifacts\tolerance_3d\prepared\chips\train\sample_FI_00000741.npz,D:\Water Quality Parameter Estimation\wq_pipeline\artifacts\tolerance_3d\prepared\chips\train\sample_FI_00000741.png,ok,,S2B_MSIL2A_20241030T094029_R036_T34VFN_20241030T111154,2024-10-30,2.0,6.180026,74.9758880278893,0.0,256,128,0,0,9,"B02,B03,B04,B08"
FI_00000742,1229,1229,2024-10-28,60.33564037793927,24.06683532961399,,,,670.0,,47.0,9.8,,9.5,,,,7.3,6.5,8.4,670.0,,47.0,9.8,1.0,"Väänteenjoki 0,9  5800",,Lohja,Lohja,River,VHA2,Kymijoen-Suomenlahden vesienhoitoalue,23.031,Hiidenveden la,Keskisuuret savimaiden joet,106.0,FI_00000719,1229,2024-04-02,60.33564037793927,24.06683532961399,,,,1100.0,,41.0,12.0,S2_FI_00000719,2024-10-28,0,44.678524,74.3152936006191,174.457002197009,,,34VEN,S2A_MSIL2A_20241028T095121_R079_T34VEN_20241028T124759,,9.5,10.9,,81.0,7.2,6.65,3.2000000000000006,1100.0,,41.0,12.0,1.0,"Väänteenjoki 0,9  5800",,Lohja,Lohja,River,VHA2,Kymijoen-Suomenlahden vesienhoitoalue,23.031,Hiidenveden la,Keskisuuret savimaiden joet,106.0,ok,,-7,,,,,,,,,-5,2024-10-23,0.0,0.181127,S2B_MSIL2A_20241023T095029_R079_T34VFM_20241023T112106,1178.0,1231.0,1243.0,1959.0,-3,,,,,,,,,-1,,,,,,,,,0,,,,,,,,,1,2024-10-30,1.0,6.180026,S2B_MSIL2A_20241030T094029_R036_T34VFN_20241030T111154,2400.0,2316.0,2328.0,2816.0,3,2024-10-30,1.0,6.180026,S2B_MSIL2A_20241030T094029_R036_T34VFN_20241030T111154,2400.0,2316.0,2328.0,2816.0,5,2024-11-02,0.0,33.397654,S2B_MSIL2A_20241102T095059_R079_T34VFM_20241102T111522,4156.0,3942.0,3968.0,4464.0,7,,,,,,,,,D:\Water Quality Parameter Estimation\wq_pipeline\artifacts\tolerance_3d\prepared\chips\train\sample_FI_00000742.npz,D:\Water Quality Parameter Estimation\wq_pipeline\artifacts\tolerance_3d\prepared\chips\train\sample_FI_00000742.png,ok,,S2B_MSIL2A_20241030T094029_R036_T34VFN_20241030T111154,2024-10-30,2.0,6.180026,74.9758880278893,0.0,256,128,0,0,9,"B02,B03,B04,B08"
FI_00000743,1229,1229,2024-10-28,60.33564037793927,24.06683532961399,,,,670.0,,47.0,9.8,,9.5,,,,7.3,6.5,8.4,670.0,,47.0,9.8,1.0,"Väänteenjoki 0,9  5800",,Lohja,Lohja,River,VHA2,Kymijoen-Suomenlahden vesienhoitoalue,23.031,Hiidenveden la,Keskisuuret savimaiden joet,106.0,FI_00000719,1229,2024-04-02,60.33564037793927,24.06683532961399,,,,1100.0,,41.0,12.0,S2_FI_00000719,2024-10-28,0,44.678524,74.3152936006191,174.457002197009,,,34VEN,S2A_MSIL2A_20241028T095121_R079_T34VEN_20241028T124759,,9.5,10.9,,81.0,7.2,6.65,3.2000000000000006,1100.0,,41.0,12.0,1.0,"Väänteenjoki 0,9  5800",,Lohja,Lohja,River,VHA2,Kymijoen-Suomenlahden vesienhoitoalue,23.031,Hiidenveden la,Keskisuuret savimaiden joet,106.0,ok,,-7,,,,,,,,,-5,2024-10-23,0.0,0.181127,S2B_MSIL2A_20241023T095029_R079_T34VFM_20241023T112106,1178.0,1231.0,1243.0,1959.0,-3,,,,,,,,,-1,,,,,,,,,0,,,,,,,,,1,2024-10-30,1.0,6.180026,S2B_MSIL2A_20241030T094029_R036_T34VFN_20241030T111154,2400.0,2316.0,2328.0,2816.0,3,2024-10-30,1.0,6.180026,S2B_MSIL2A_20241030T094029_R036_T34VFN_20241030T111154,2400.0,2316.0,2328.0,2816.0,5,2024-11-02,0.0,33.397654,S2B_MSIL2A_20241102T095059_R079_T34VFM_20241102T111522,4156.0,3942.0,3968.0,4464.0,7,,,,,,,,,D:\Water Quality Parameter Estimation\wq_pipeline\artifacts\tolerance_3d\prepared\chips\train\sample_FI_00000743.npz,D:\Water Quality Parameter Estimation\wq_pipeline\artifacts\tolerance_3d\prepared\chips\train\sample_FI_00000743.png,ok,,S2B_MSIL2A_20241030T094029_R036_T34VFN_20241030T111154,2024-10-30,2.0,6.180026,74.9758880278893,0.0,256,128,0,0,9,"B02,B03,B04,B08"
FI_00000942,1636,Pitkäjärvi,2023-03-14,60.66558908011945,23.292230275876104,,12.0,,1400.0,11.0,49.0,37.0,,9.5,10.6,12.0,73.0,7.0,37.0,0.3,1400.0,11.0,49.0,37.0,0.5,Pajo Hovirinnank.va 6210,Pitkäjärvi,Somero,Somero,River,VHA3,Kokemäenjoen-Saaristomeren-Selkämeren vesienhoitoalue,27.032,Pitkäjärven - Pusulanjärven a,Keskisuuret savimaiden joet,106.0,FI_00000945,Pitkäjärvi,2023-03-14,60.66558908011945,23.292230275876104,,12.0,,1400.0,11.0,49.0,37.0,S2_FI_00000945,2023-03-14,0,99.946731,64.5101991569139,172.332931710427,,,34VEP,S2A_MSIL2A_20230314T101021_R022_T34VEP_20240820T194151,,9.5,10.6,12.0,73.0,7.0,37.0,0.3,1400.0,11.0,49.0,37.0,0.5,Pajo Hovirinnank.va 6210,Pitkäjärvi,Somero,Somero,River,VHA3,Kokemäenjoen-Saaristomeren-Selkämeren vesienhoitoalue,27.032,Pitkäjärven - Pusulanjärven a,Keskisuuret savimaiden joet,106.0,ok,,-7,,,,,,,,,-5,,,,,,,,,-3,,,,,,,,,-1,,,,,,,,,0,,,,,,,,,1,2023-03-16,1.0,29.65945,S2B_MSIL2A_20230316T100029_R122_T34VFN_20240827T115615,1915.0,2606.0,2490.0,3547.0,3,2023-03-16,1.0,29.65945,S2B_MSIL2A_20230316T100029_R122_T34VFN_20240827T115615,1915.0,2606.0,2490.0,3547.0,5,,,,,,,,,7,2023-03-21,0.0,19.073986,S2A_MSIL2A_20230321T100031_R122_T34VFN_20230321T173823,655.0,858.0,1019.0,1262.0,D:\Water Quality Parameter Estimation\wq_pipeline\artifacts\tolerance_3d\prepared\chips\train\sample_FI_00000942.npz,D:\Water Quality Parameter Estimation\wq_pipeline\artifacts\tolerance_3d\prepared\chips\train\sample_FI_00000942.png,ok,,S2B_MSIL2A_20230316T100029_R122_T34VFN_20240827T115615,2023-03-16,2.0,29.65945,62.841470747948,0.0,256,128,0,0,9,"B02,B03,B04,B08"
FI_00000943,1636,Pitkäjärvi,2023-03-14,60.66558908011945,23.292230275876104,,12.0,,1400.0,11.0,49.0,37.0,,9.5,10.6,12.0,73.0,7.0,37.0,0.3,1400.0,11.0,49.0,37.0,0.5,Pajo Hovirinnank.va 6210,Pitkäjärvi,Somero,Somero,River,VHA3,Kokemäenjoen-Saaristomeren-Selkämeren vesienhoitoalue,27.032,Pitkäjärven - Pusulanjärven a,Keskisuuret savimaiden joet,106.0,FI_00000945,Pitkäjärvi,2023-03-14,60.66558908011945,23.292230275876104,,12.0,,1400.0,11.0,49.0,37.0,S2_FI_00000945,2023-03-14,0,99.946731,64.5101991569139,172.332931710427,,,34VEP,S2A_MSIL2A_20230314T101021_R022_T34VEP_20240820T194151,,9.5,10.6,12.0,73.0,7.0,37.0,0.3,1400.0,11.0,49.0,37.0,0.5,Pajo Hovirinnank.va 6210,Pitkäjärvi,Somero,Somero,River,VHA3,Kokemäenjoen-Saaristomeren-Selkämeren vesienhoitoalue,27.032,Pitkäjärven - Pusulanjärven a,Keskisuuret savimaiden joet,106.0,ok,,-7,,,,,,,,,-5,,,,,,,,,-3,,,,,,,,,-1,,,,,,,,,0,,,,,,,,,1,2023-03-16,1.0,29.65945,S2B_MSIL2A_20230316T100029_R122_T34VFN_20240827T115615,1915.0,2606.0,2490.0,3547.0,3,2023-03-16,1.0,29.65945,S2B_MSIL2A_20230316T100029_R122_T34VFN_20240827T115615,1915.0,2606.0,2490.0,3547.0,5,,,,,,,,,7,2023-03-21,0.0,19.073986,S2A_MSIL2A_20230321T100031_R122_T34VFN_20230321T173823,655.0,858.0,1019.0,1262.0,D:\Water Quality Parameter Estimation\wq_pipeline\artifacts\tolerance_3d\prepared\chips\train\sample_FI_00000943.npz,D:\Water Quality Parameter Estimation\wq_pipeline\artifacts\tolerance_3d\prepared\chips\train\sample_FI_00000943.png,ok,,S2B_MSIL2A_20230316T100029_R122_T34VFN_20240827T115615,2023-03-16,2.0,29.65945,62.841470747948,0.0,256,128,0,0,9,"B02,B03,B04,B08"
FI_00000944,1636,Pitkäjärvi,2023-03-14,60.66558908011945,23.292230275876104,,12.0,,1400.0,11.0,49.0,37.0,,9.5,10.6,12.0,73.0,7.0,37.0,0.3,1400.0,11.0,49.0,37.0,0.5,Pajo Hovirinnank.va 6210,Pitkäjärvi,Somero,Somero,River,VHA3,Kokemäenjoen-Saaristomeren-Selkämeren vesienhoitoalue,27.032,Pitkäjärven - Pusulanjärven a,Keskisuuret savimaiden joet,106.0,FI_00000945,Pitkäjärvi,2023-03-14,60.66558908011945,23.292230275876104,,12.0,,1400.0,11.0,49.0,37.0,S2_FI_00000945,2023-03-14,0,99.946731,64.5101991569139,172.332931710427,,,34VEP,S2A_MSIL2A_20230314T101021_R022_T34VEP_20240820T194151,,9.5,10.6,12.0,73.0,7.0,37.0,0.3,1400.0,11.0,49.0,37.0,0.5,Pajo Hovirinnank.va 6210,Pitkäjärvi,Somero,Somero,River,VHA3,Kokemäenjoen-Saaristomeren-Selkämeren vesienhoitoalue,27.032,Pitkäjärven - Pusulanjärven a,Keskisuuret savimaiden joet,106.0,ok,,-7,,,,,,,,,-5,,,,,,,,,-3,,,,,,,,,-1,,,,,,,,,0,,,,,,,,,1,2023-03-16,1.0,29.65945,S2B_MSIL2A_20230316T100029_R122_T34VFN_20240827T115615,1915.0,2606.0,2490.0,3547.0,3,2023-03-16,1.0,29.65945,S2B_MSIL2A_20230316T100029_R122_T34VFN_20240827T115615,1915.0,2606.0,2490.0,3547.0,5,,,,,,,,,7,2023-03-21,0.0,19.073986,S2A_MSIL2A_20230321T100031_R122_T34VFN_20230321T173823,655.0,858.0,1019.0,1262.0,D:\Water Quality Parameter Estimation\wq_pipeline\artifacts\tolerance_3d\prepared\chips\train\sample_FI_00000944.npz,D:\Water Quality Parameter Estimation\wq_pipeline\artifacts\tolerance_3d\prepared\chips\train\sample_FI_00000944.png,ok,,S2B_MSIL2A_20230316T100029_R122_T34VFN_20240827T115615,2023-03-16,2.0,29.65945,62.841470747948,0.0,256,128,0,0,9,"B02,B03,B04,B08"
FI_00000945,1636,Pitkäjärvi,2023-03-14,60.66558908011945,23.292230275876104,,12.0,,1400.0,11.0,49.0,37.0,,9.5,10.6,12.0,73.0,7.0,37.0,0.3,1400.0,11.0,49.0,37.0,0.5,Pajo Hovirinnank.va 6210,Pitkäjärvi,Somero,Somero,River,VHA3,Kokemäenjoen-Saaristomeren-Selkämeren vesienhoitoalue,27.032,Pitkäjärven - Pusulanjärven a,Keskisuuret savimaiden joet,106.0,FI_00000945,Pitkäjärvi,2023-03-14,60.66558908011945,23.292230275876104,,12.0,,1400.0,11.0,49.0,37.0,S2_FI_00000945,2023-03-14,0,99.946731,64.5101991569139,172.332931710427,,,34VEP,S2A_MSIL2A_20230314T101021_R022_T34VEP_20240820T194151,,9.5,10.6,12.0,73.0,7.0,37.0,0.3,1400.0,11.0,49.0,37.0,0.5,Pajo Hovirinnank.va 6210,Pitkäjärvi,Somero,Somero,River,VHA3,Kokemäenjoen-Saaristomeren-Selkämeren vesienhoitoalue,27.032,Pitkäjärven - Pusulanjärven a,Keskisuuret savimaiden joet,106.0,ok,,-7,,,,,,,,,-5,,,,,,,,,-3,,,,,,,,,-1,,,,,,,,,0,,,,,,,,,1,2023-03-16,1.0,29.65945,S2B_MSIL2A_20230316T100029_R122_T34VFN_20240827T115615,1915.0,2606.0,2490.0,3547.0,3,2023-03-16,1.0,29.65945,S2B_MSIL2A_20230316T100029_R122_T34VFN_20240827T115615,1915.0,2606.0,2490.0,3547.0,5,,,,,,,,,7,2023-03-21,0.0,19.073986,S2A_MSIL2A_20230321T100031_R122_T34VFN_20230321T173823,655.0,858.0,1019.0,1262.0,D:\Water Quality Parameter Estimation\wq_pipeline\artifacts\tolerance_3d\prepared\chips\train\sample_FI_00000945.npz,D:\Water Quality Parameter Estimation\wq_pipeline\artifacts\tolerance_3d\prepared\chips\train\sample_FI_00000945.png,ok,,S2B_MSIL2A_20230316T100029_R122_T34VFN_20240827T115615,2023-03-16,2.0,29.65945,62.841470747948,0.0,256,128,0,0,9,"B02,B03,B04,B08"
FI_00000946,1636,Pitkäjärvi,2023-03-14,60.66558908011945,23.292230275876104,,12.0,,1400.0,11.0,49.0,37.0,,9.5,10.6,12.0,73.0,7.0,37.0,0.3,1400.0,11.0,49.0,37.0,0.5,Pajo Hovirinnank.va 6210,Pitkäjärvi,Somero,Somero,River,VHA3,Kokemäenjoen-Saaristomeren-Selkämeren vesienhoitoalue,27.032,Pitkäjärven - Pusulanjärven a,Keskisuuret savimaiden joet,106.0,FI_00000945,Pitkäjärvi,2023-03-14,60.66558908011945,23.292230275876104,,12.0,,1400.0,11.0,49.0,37.0,S2_FI_00000945,2023-03-14,0,99.946731,64.5101991569139,172.332931710427,,,34VEP,S2A_MSIL2A_20230314T101021_R022_T34VEP_20240820T194151,,9.5,10.6,12.0,73.0,7.0,37.0,0.3,1400.0,11.0,49.0,37.0,0.5,Pajo Hovirinnank.va 6210,Pitkäjärvi,Somero,Somero,River,VHA3,Kokemäenjoen-Saaristomeren-Selkämeren vesienhoitoalue,27.032,Pitkäjärven - Pusulanjärven a,Keskisuuret savimaiden joet,106.0,ok,,-7,,,,,,,,,-5,,,,,,,,,-3,,,,,,,,,-1,,,,,,,,,0,,,,,,,,,1,2023-03-16,1.0,29.65945,S2B_MSIL2A_20230316T100029_R122_T34VFN_20240827T115615,1915.0,2606.0,2490.0,3547.0,3,2023-03-16,1.0,29.65945,S2B_MSIL2A_20230316T100029_R122_T34VFN_20240827T115615,1915.0,2606.0,2490.0,3547.0,5,,,,,,,,,7,2023-03-21,0.0,19.073986,S2A_MSIL2A_20230321T100031_R122_T34VFN_20230321T173823,655.0,858.0,1019.0,1262.0,D:\Water Quality Parameter Estimation\wq_pipeline\artifacts\tolerance_3d\prepared\chips\train\sample_FI_00000946.npz,D:\Water Quality Parameter Estimation\wq_pipeline\artifacts\tolerance_3d\prepared\chips\train\sample_FI_00000946.png,ok,,S2B_MSIL2A_20230316T100029_R122_T34VFN_20240827T115615,2023-03-16,2.0,29.65945,62.841470747948,0.0,256,128,0,0,9,"B02,B03,B04,B08"
FI_00000947,1636,Pitkäjärvi,2023-03-14,60.66558908011945,23.292230275876104,,12.0,,1400.0,11.0,49.0,37.0,,9.5,10.6,12.0,73.0,7.0,37.0,0.3,1400.0,11.0,49.0,37.0,0.5,Pajo Hovirinnank.va 6210,Pitkäjärvi,Somero,Somero,River,VHA3,Kokemäenjoen-Saaristomeren-Selkämeren vesienhoitoalue,27.032,Pitkäjärven - Pusulanjärven a,Keskisuuret savimaiden joet,106.0,FI_00000945,Pitkäjärvi,2023-03-14,60.66558908011945,23.292230275876104,,12.0,,1400.0,11.0,49.0,37.0,S2_FI_00000945,2023-03-14,0,99.946731,64.5101991569139,172.332931710427,,,34VEP,S2A_MSIL2A_20230314T101021_R022_T34VEP_20240820T194151,,9.5,10.6,12.0,73.0,7.0,37.0,0.3,1400.0,11.0,49.0,37.0,0.5,Pajo Hovirinnank.va 6210,Pitkäjärvi,Somero,Somero,River,VHA3,Kokemäenjoen-Saaristomeren-Selkämeren vesienhoitoalue,27.032,Pitkäjärven - Pusulanjärven a,Keskisuuret savimaiden joet,106.0,ok,,-7,,,,,,,,,-5,,,,,,,,,-3,,,,,,,,,-1,,,,,,,,,0,,,,,,,,,1,2023-03-16,1.0,29.65945,S2B_MSIL2A_20230316T100029_R122_T34VFN_20240827T115615,1915.0,2606.0,2490.0,3547.0,3,2023-03-16,1.0,29.65945,S2B_MSIL2A_20230316T100029_R122_T34VFN_20240827T115615,1915.0,2606.0,2490.0,3547.0,5,,,,,,,,,7,2023-03-21,0.0,19.073986,S2A_MSIL2A_20230321T100031_R122_T34VFN_20230321T173823,655.0,858.0,1019.0,1262.0,D:\Water Quality Parameter Estimation\wq_pipeline\artifacts\tolerance_3d\prepared\chips\train\sample_FI_00000947.npz,D:\Water Quality Parameter Estimation\wq_pipeline\artifacts\tolerance_3d\prepared\chips\train\sample_FI_00000947.png,ok,,S2B_MSIL2A_20230316T100029_R122_T34VFN_20240827T115615,2023-03-16,2.0,29.65945,62.841470747948,0.0,256,128,0,0,9,"B02,B03,B04,B08"
FI_00000960,1636,Pitkäjärvi,2023-10-23,60.66558908011945,23.292230275876104,,13.0,,1700.0,15.0,111.5,100.0,,12.0,8.3,13.0,67.0,7.5,100.0,6.2,1700.0,15.0,111.5,100.0,1.0,Pajo Hovirinnank.va 6210,Pitkäjärvi,Somero,Somero,River,VHA3,Kokemäenjoen-Saaristomeren-Selkämeren vesienhoitoalue,27.032,Pitkäjärven - Pusulanjärven a,Keskisuuret savimaiden joet,106.0,FI_00000960,Pitkäjärvi,2023-10-23,60.66558908011945,23.292230275876104,,13.0,,1700.0,15.0,111.5,100.0,S2_FI_00000960,2023-10-25,2,54.85329,73.8178145923918,179.366702411738,,,34VEP,S2B_MSIL2A_20231025T101029_R022_T34VEP_20231025T134033,,12.0,8.3,13.0,67.0,7.5,100.0,6.2,1700.0,15.0,111.5,100.0,1.0,Pajo Hovirinnank.va 6210,Pitkäjärvi,Somero,Somero,River,VHA3,Kokemäenjoen-Saaristomeren-Selkämeren vesienhoitoalue,27.032,Pitkäjärven - Pusulanjärven a,Keskisuuret savimaiden joet,106.0,ok,,-7,,,,,,,,,-5,,,,,,,,,-3,,,,,,,,,-1,,,,,,,,,0,,,,,,,,,1,,,,,,,,,3,,,,,,,,,5,2023-10-29,1.0,0.084273,S2B_MSIL2A_20231029T095029_R079_T34VFN_20241106T064325,1232.0,1292.0,1247.0,2273.0,7,2023-10-29,1.0,0.084273,S2B_MSIL2A_20231029T095029_R079_T34VFN_20241106T064325,1232.0,1292.0,1247.0,2273.0,,,no_match,no_stac_item,,,,,,,256,128,0,0,0,"B02,B03,B04,B08"
FI_00000961,1636,Pitkäjärvi,2023-10-23,60.66558908011945,23.292230275876104,,13.0,,1700.0,15.0,111.5,100.0,,12.0,8.3,13.0,67.0,7.5,100.0,6.2,1700.0,15.0,111.5,100.0,1.0,Pajo Hovirinnank.va 6210,Pitkäjärvi,Somero,Somero,River,VHA3,Kokemäenjoen-Saaristomeren-Selkämeren vesienhoitoalue,27.032,Pitkäjärven - Pusulanjärven a,Keskisuuret savimaiden joet,106.0,FI_00000960,Pitkäjärvi,2023-10-23,60.66558908011945,23.292230275876104,,13.0,,1700.0,15.0,111.5,100.0,S2_FI_00000960,2023-10-25,2,54.85329,73.8178145923918,179.366702411738,,,34VEP,S2B_MSIL2A_20231025T101029_R022_T34VEP_20231025T134033,,12.0,8.3,13.0,67.0,7.5,100.0,6.2,1700.0,15.0,111.5,100.0,1.0,Pajo Hovirinnank.va 6210,Pitkäjärvi,Somero,Somero,River,VHA3,Kokemäenjoen-Saaristomeren-Selkämeren vesienhoitoalue,27.032,Pitkäjärven - Pusulanjärven a,Keskisuuret savimaiden joet,106.0,ok,,-7,,,,,,,,,-5,,,,,,,,,-3,,,,,,,,,-1,,,,,,,,,0,,,,,,,,,1,,,,,,,,,3,,,,,,,,,5,2023-10-29,1.0,0.084273,S2B_MSIL2A_20231029T095029_R079_T34VFN_20241106T064325,1232.0,1292.0,1247.0,2273.0,7,2023-10-29,1.0,0.084273,S2B_MSIL2A_20231029T095029_R079_T34VFN_20241106T064325,1232.0,1292.0,1247.0,2273.0,,,no_match,no_stac_item,,,,,,,256,128,0,0,0,"B02,B03,B04,B08"
FI_00000962,1636,Pitkäjärvi,2023-10-23,60.66558908011945,23.292230275876104,,13.0,,1700.0,15.0,111.5,100.0,,12.0,8.3,13.0,67.0,7.5,100.0,6.2,1700.0,15.0,111.5,100.0,1.0,Pajo Hovirinnank.va 6210,Pitkäjärvi,Somero,Somero,River,VHA3,Kokemäenjoen-Saaristomeren-Selkämeren vesienhoitoalue,27.032,Pitkäjärven - Pusulanjärven a,Keskisuuret savimaiden joet,106.0,FI_00000960,Pitkäjärvi,2023-10-23,60.66558908011945,23.292230275876104,,13.0,,1700.0,15.0,111.5,100.0,S2_FI_00000960,2023-10-25,2,54.85329,73.8178145923918,179.366702411738,,,34VEP,S2B_MSIL2A_20231025T101029_R022_T34VEP_20231025T134033,,12.0,8.3,13.0,67.0,7.5,100.0,6.2,1700.0,15.0,111.5,100.0,1.0,Pajo Hovirinnank.va 6210,Pitkäjärvi,Somero,Somero,River,VHA3,Kokemäenjoen-Saaristomeren-Selkämeren vesienhoitoalue,27.032,Pitkäjärven - Pusulanjärven a,Keskisuuret savimaiden joet,106.0,ok,,-7,,,,,,,,,-5,,,,,,,,,-3,,,,,,,,,-1,,,,,,,,,0,,,,,,,,,1,,,,,,,,,3,,,,,,,,,5,2023-10-29,1.0,0.084273,S2B_MSIL2A_20231029T095029_R079_T34VFN_20241106T064325,1232.0,1292.0,1247.0,2273.0,7,2023-10-29,1.0,0.084273,S2B_MSIL2A_20231029T095029_R079_T34VFN_20241106T064325,1232.0,1292.0,1247.0,2273.0,,,no_match,no_stac_item,,,,,,,256,128,0,0,0,"B02,B03,B04,B08"
FI_00000963,1636,Pitkäjärvi,2023-10-23,60.66558908011945,23.292230275876104,,13.0,,1700.0,15.0,111.5,100.0,,12.0,8.3,13.0,67.0,7.5,100.0,6.2,1700.0,15.0,111.5,100.0,1.0,Pajo Hovirinnank.va 6210,Pitkäjärvi,Somero,Somero,River,VHA3,Kokemäenjoen-Saaristomeren-Selkämeren vesienhoitoalue,27.032,Pitkäjärven - Pusulanjärven a,Keskisuuret savimaiden joet,106.0,FI_00000960,Pitkäjärvi,2023-10-23,60.66558908011945,23.292230275876104,,13.0,,1700.0,15.0,111.5,100.0,S2_FI_00000960,2023-10-25,2,54.85329,73.8178145923918,179.366702411738,,,34VEP,S2B_MSIL2A_20231025T101029_R022_T34VEP_20231025T134033,,12.0,8.3,13.0,67.0,7.5,100.0,6.2,1700.0,15.0,111.5,100.0,1.0,Pajo Hovirinnank.va 6210,Pitkäjärvi,Somero,Somero,River,VHA3,Kokemäenjoen-Saaristomeren-Selkämeren vesienhoitoalue,27.032,Pitkäjärven - Pusulanjärven a,Keskisuuret savimaiden joet,106.0,ok,,-7,,,,,,,,,-5,,,,,,,,,-3,,,,,,,,,-1,,,,,,,,,0,,,,,,,,,1,,,,,,,,,3,,,,,,,,,5,2023-10-29,1.0,0.084273,S2B_MSIL2A_20231029T095029_R079_T34VFN_20241106T064325,1232.0,1292.0,1247.0,2273.0,7,2023-10-29,1.0,0.084273,S2B_MSIL2A_20231029T095029_R079_T34VFN_20241106T064325,1232.0,1292.0,1247.0,2273.0,,,no_match,no_stac_item,,,,,,,256,128,0,0,0,"B02,B03,B04,B08"
FI_00000964,1636,Pitkäjärvi,2023-10-23,60.66558908011945,23.292230275876104,,13.0,,1700.0,15.0,111.5,100.0,,12.0,8.3,13.0,67.0,7.5,100.0,6.2,1700.0,15.0,111.5,100.0,1.0,Pajo Hovirinnank.va 6210,Pitkäjärvi,Somero,Somero,River,VHA3,Kokemäenjoen-Saaristomeren-Selkämeren vesienhoitoalue,27.032,Pitkäjärven - Pusulanjärven a,Keskisuuret savimaiden joet,106.0,FI_00000960,Pitkäjärvi,2023-10-23,60.66558908011945,23.292230275876104,,13.0,,1700.0,15.0,111.5,100.0,S2_FI_00000960,2023-10-25,2,54.85329,73.8178145923918,179.366702411738,,,34VEP,S2B_MSIL2A_20231025T101029_R022_T34VEP_20231025T134033,,12.0,8.3,13.0,67.0,7.5,100.0,6.2,1700.0,15.0,111.5,100.0,1.0,Pajo Hovirinnank.va 6210,Pitkäjärvi,Somero,Somero,River,VHA3,Kokemäenjoen-Saaristomeren-Selkämeren vesienhoitoalue,27.032,Pitkäjärven - Pusulanjärven a,Keskisuuret savimaiden joet,106.0,ok,,-7,,,,,,,,,-5,,,,,,,,,-3,,,,,,,,,-1,,,,,,,,,0,,,,,,,,,1,,,,,,,,,3,,,,,,,,,5,2023-10-29,1.0,0.084273,S2B_MSIL2A_20231029T095029_R079_T34VFN_20241106T064325,1232.0,1292.0,1247.0,2273.0,7,2023-10-29,1.0,0.084273,S2B_MSIL2A_20231029T095029_R079_T34VFN_20241106T064325,1232.0,1292.0,1247.0,2273.0,,,no_match,no_stac_item,,,,,,,256,128,0,0,0,"B02,B03,B04,B08"
FI_00000965,1636,Pitkäjärvi,2023-10-23,60.66558908011945,23.292230275876104,,13.0,,1700.0,15.0,111.5,100.0,,12.0,8.3,13.0,67.0,7.5,100.0,6.2,1700.0,15.0,111.5,100.0,1.0,Pajo Hovirinnank.va 6210,Pitkäjärvi,Somero,Somero,River,VHA3,Kokemäenjoen-Saaristomeren-Selkämeren vesienhoitoalue,27.032,Pitkäjärven - Pusulanjärven a,Keskisuuret savimaiden joet,106.0,FI_00000960,Pitkäjärvi,2023-10-23,60.66558908011945,23.292230275876104,,13.0,,1700.0,15.0,111.5,100.0,S2_FI_00000960,2023-10-25,2,54.85329,73.8178145923918,179.366702411738,,,34VEP,S2B_MSIL2A_20231025T101029_R022_T34VEP_20231025T134033,,12.0,8.3,13.0,67.0,7.5,100.0,6.2,1700.0,15.0,111.5,100.0,1.0,Pajo Hovirinnank.va 6210,Pitkäjärvi,Somero,Somero,River,VHA3,Kokemäenjoen-Saaristomeren-Selkämeren vesienhoitoalue,27.032,Pitkäjärven - Pusulanjärven a,Keskisuuret savimaiden joet,106.0,ok,,-7,,,,,,,,,-5,,,,,,,,,-3,,,,,,,,,-1,,,,,,,,,0,,,,,,,,,1,,,,,,,,,3,,,,,,,,,5,2023-10-29,1.0,0.084273,S2B_MSIL2A_20231029T095029_R079_T34VFN_20241106T064325,1232.0,1292.0,1247.0,2273.0,7,2023-10-29,1.0,0.084273,S2B_MSIL2A_20231029T095029_R079_T34VFN_20241106T064325,1232.0,1292.0,1247.0,2273.0,,,no_match,no_stac_item,,,,,,,256,128,0,0,0,"B02,B03,B04,B08"
FI_00000972,1636,Pitkäjärvi,2024-03-12,60.66558908011945,23.292230275876104,,11.0,,1400.0,13.0,85.5,45.0,,11.0,8.6,11.0,60.0,7.2,48.0,0.5,1400.0,13.0,85.5,45.0,1.0,Pajo Hovirinnank.va 6210,Pitkäjärvi,Somero,Somero,River,VHA3,Kokemäenjoen-Saaristomeren-Selkämeren vesienhoitoalue,27.032,Pitkäjärven - Pusulanjärven a,Keskisuuret savimaiden joet,106.0,FI_00000967,Pitkäjärvi,2023-12-12,60.66558908011945,23.292230275876104,,15.0,,1700.0,17.0,91.0,85.0,S2_FI_00000967,2024-03-13,1,100.0,64.6042373761208,172.317850849095,,,34VEP,S2B_MSIL2A_20240313T100709_R022_T34VEP_20240313T134442,,10.0,9.6,15.0,66.0,7.0,84.0,0.4000000000000001,1700.0,17.0,91.0,85.0,1.0,Pajo Hovirinnank.va 6210,Pitkäjärvi,Somero,Somero,River,VHA3,Kokemäenjoen-Saaristomeren-Selkämeren vesienhoitoalue,27.032,Pitkäjärven - Pusulanjärven a,Keskisuuret savimaiden joet,106.0,ok,,-7,2024-03-05,0.0,0.344638,S2A_MSIL2A_20240305T100031_R122_T34VFN_20240305T140837,1244.0,1570.0,1734.0,2782.0,-5,,,,,,,,,-3,,,,,,,,,-1,2024-03-12,1.0,8.379667,S2A_MSIL2A_20240312T095031_R079_T34VFN_20240313T154824,827.0,1255.0,1278.0,1880.0,0,2024-03-12,0.0,8.379667,S2A_MSIL2A_20240312T095031_R079_T34VFN_20240313T154824,827.0,1255.0,1278.0,1880.0,1,2024-03-12,1.0,8.379667,S2A_MSIL2A_20240312T095031_R079_T34VFN_20240313T154824,827.0,1255.0,1278.0,1880.0,3,,,,,,,,,5,,,,,,,,,7,,,,,,,,,D:\Water Quality Parameter Estimation\wq_pipeline\artifacts\tolerance_3d\prepared\chips\train\sample_FI_00000972.npz,D:\Water Quality Parameter Estimation\wq_pipeline\artifacts\tolerance_3d\prepared\chips\train\sample_FI_00000972.png,ok,,S2A_MSIL2A_20240312T095031_R079_T34VFN_20240313T154824,2024-03-12,0.0,8.379667,64.3438677780617,8.392333984375e-05,256,128,0,0,9,"B02,B03,B04,B08"
FI_00000973,1636,Pitkäjärvi,2024-03-12,60.66558908011945,23.292230275876104,,11.0,,1400.0,13.0,85.5,45.0,,11.0,8.6,11.0,60.0,7.2,48.0,0.5,1400.0,13.0,85.5,45.0,1.0,Pajo Hovirinnank.va 6210,Pitkäjärvi,Somero,Somero,River,VHA3,Kokemäenjoen-Saaristomeren-Selkämeren vesienhoitoalue,27.032,Pitkäjärven - Pusulanjärven a,Keskisuuret savimaiden joet,106.0,FI_00000967,Pitkäjärvi,2023-12-12,60.66558908011945,23.292230275876104,,15.0,,1700.0,17.0,91.0,85.0,S2_FI_00000967,2024-03-13,1,100.0,64.6042373761208,172.317850849095,,,34VEP,S2B_MSIL2A_20240313T100709_R022_T34VEP_20240313T134442,,10.0,9.6,15.0,66.0,7.0,84.0,0.4000000000000001,1700.0,17.0,91.0,85.0,1.0,Pajo Hovirinnank.va 6210,Pitkäjärvi,Somero,Somero,River,VHA3,Kokemäenjoen-Saaristomeren-Selkämeren vesienhoitoalue,27.032,Pitkäjärven - Pusulanjärven a,Keskisuuret savimaiden joet,106.0,ok,,-7,2024-03-05,0.0,0.344638,S2A_MSIL2A_20240305T100031_R122_T34VFN_20240305T140837,1244.0,1570.0,1734.0,2782.0,-5,,,,,,,,,-3,,,,,,,,,-1,2024-03-12,1.0,8.379667,S2A_MSIL2A_20240312T095031_R079_T34VFN_20240313T154824,827.0,1255.0,1278.0,1880.0,0,2024-03-12,0.0,8.379667,S2A_MSIL2A_20240312T095031_R079_T34VFN_20240313T154824,827.0,1255.0,1278.0,1880.0,1,2024-03-12,1.0,8.379667,S2A_MSIL2A_20240312T095031_R079_T34VFN_20240313T154824,827.0,1255.0,1278.0,1880.0,3,,,,,,,,,5,,,,,,,,,7,,,,,,,,,D:\Water Quality Parameter Estimation\wq_pipeline\artifacts\tolerance_3d\prepared\chips\train\sample_FI_00000973.npz,D:\Water Quality Parameter Estimation\wq_pipeline\artifacts\tolerance_3d\prepared\chips\train\sample_FI_00000973.png,ok,,S2A_MSIL2A_20240312T095031_R079_T34VFN_20240313T154824,2024-03-12,0.0,8.379667,64.3438677780617,8.392333984375e-05,256,128,0,0,9,"B02,B03,B04,B08"
FI_00000974,1636,Pitkäjärvi,2024-03-12,60.66558908011945,23.292230275876104,,11.0,,1400.0,13.0,85.5,45.0,,11.0,8.6,11.0,60.0,7.2,48.0,0.5,1400.0,13.0,85.5,45.0,1.0,Pajo Hovirinnank.va 6210,Pitkäjärvi,Somero,Somero,River,VHA3,Kokemäenjoen-Saaristomeren-Selkämeren vesienhoitoalue,27.032,Pitkäjärven - Pusulanjärven a,Keskisuuret savimaiden joet,106.0,FI_00000967,Pitkäjärvi,2023-12-12,60.66558908011945,23.292230275876104,,15.0,,1700.0,17.0,91.0,85.0,S2_FI_00000967,2024-03-13,1,100.0,64.6042373761208,172.317850849095,,,34VEP,S2B_MSIL2A_20240313T100709_R022_T34VEP_20240313T134442,,10.0,9.6,15.0,66.0,7.0,84.0,0.4000000000000001,1700.0,17.0,91.0,85.0,1.0,Pajo Hovirinnank.va 6210,Pitkäjärvi,Somero,Somero,River,VHA3,Kokemäenjoen-Saaristomeren-Selkämeren vesienhoitoalue,27.032,Pitkäjärven - Pusulanjärven a,Keskisuuret savimaiden joet,106.0,ok,,-7,2024-03-05,0.0,0.344638,S2A_MSIL2A_20240305T100031_R122_T34VFN_20240305T140837,1244.0,1570.0,1734.0,2782.0,-5,,,,,,,,,-3,,,,,,,,,-1,2024-03-12,1.0,8.379667,S2A_MSIL2A_20240312T095031_R079_T34VFN_20240313T154824,827.0,1255.0,1278.0,1880.0,0,2024-03-12,0.0,8.379667,S2A_MSIL2A_20240312T095031_R079_T34VFN_20240313T154824,827.0,1255.0,1278.0,1880.0,1,2024-03-12,1.0,8.379667,S2A_MSIL2A_20240312T095031_R079_T34VFN_20240313T154824,827.0,1255.0,1278.0,1880.0,3,,,,,,,,,5,,,,,,,,,7,,,,,,,,,D:\Water Quality Parameter Estimation\wq_pipeline\artifacts\tolerance_3d\prepared\chips\train\sample_FI_00000974.npz,D:\Water Quality Parameter Estimation\wq_pipeline\artifacts\tolerance_3d\prepared\chips\train\sample_FI_00000974.png,ok,,S2A_MSIL2A_20240312T095031_R079_T34VFN_20240313T154824,2024-03-12,0.0,8.379667,64.3438677780617,8.392333984375e-05,256,128,0,0,9,"B02,B03,B04,B08"
FI_00000975,1636,Pitkäjärvi,2024-03-12,60.66558908011945,23.292230275876104,,11.0,,1400.0,13.0,85.5,45.0,,11.0,8.6,11.0,60.0,7.2,48.0,0.5,1400.0,13.0,85.5,45.0,1.0,Pajo Hovirinnank.va 6210,Pitkäjärvi,Somero,Somero,River,VHA3,Kokemäenjoen-Saaristomeren-Selkämeren vesienhoitoalue,27.032,Pitkäjärven - Pusulanjärven a,Keskisuuret savimaiden joet,106.0,FI_00000967,Pitkäjärvi,2023-12-12,60.66558908011945,23.292230275876104,,15.0,,1700.0,17.0,91.0,85.0,S2_FI_00000967,2024-03-13,1,100.0,64.6042373761208,172.317850849095,,,34VEP,S2B_MSIL2A_20240313T100709_R022_T34VEP_20240313T134442,,10.0,9.6,15.0,66.0,7.0,84.0,0.4000000000000001,1700.0,17.0,91.0,85.0,1.0,Pajo Hovirinnank.va 6210,Pitkäjärvi,Somero,Somero,River,VHA3,Kokemäenjoen-Saaristomeren-Selkämeren vesienhoitoalue,27.032,Pitkäjärven - Pusulanjärven a,Keskisuuret savimaiden joet,106.0,ok,,-7,2024-03-05,0.0,0.344638,S2A_MSIL2A_20240305T100031_R122_T34VFN_20240305T140837,1244.0,1570.0,1734.0,2782.0,-5,,,,,,,,,-3,,,,,,,,,-1,2024-03-12,1.0,8.379667,S2A_MSIL2A_20240312T095031_R079_T34VFN_20240313T154824,827.0,1255.0,1278.0,1880.0,0,2024-03-12,0.0,8.379667,S2A_MSIL2A_20240312T095031_R079_T34VFN_20240313T154824,827.0,1255.0,1278.0,1880.0,1,2024-03-12,1.0,8.379667,S2A_MSIL2A_20240312T095031_R079_T34VFN_20240313T154824,827.0,1255.0,1278.0,1880.0,3,,,,,,,,,5,,,,,,,,,7,,,,,,,,,D:\Water Quality Parameter Estimation\wq_pipeline\artifacts\tolerance_3d\prepared\chips\train\sample_FI_00000975.npz,D:\Water Quality Parameter Estimation\wq_pipeline\artifacts\tolerance_3d\prepared\chips\train\sample_FI_00000975.png,ok,,S2A_MSIL2A_20240312T095031_R079_T34VFN_20240313T154824,2024-03-12,0.0,8.379667,64.3438677780617,8.392333984375e-05,256,128,0,0,9,"B02,B03,B04,B08"
FI_00000976,1636,Pitkäjärvi,2024-03-12,60.66558908011945,23.292230275876104,,11.0,,1400.0,13.0,85.5,45.0,,11.0,8.6,11.0,60.0,7.2,48.0,0.5,1400.0,13.0,85.5,45.0,1.0,Pajo Hovirinnank.va 6210,Pitkäjärvi,Somero,Somero,River,VHA3,Kokemäenjoen-Saaristomeren-Selkämeren vesienhoitoalue,27.032,Pitkäjärven - Pusulanjärven a,Keskisuuret savimaiden joet,106.0,FI_00000967,Pitkäjärvi,2023-12-12,60.66558908011945,23.292230275876104,,15.0,,1700.0,17.0,91.0,85.0,S2_FI_00000967,2024-03-13,1,100.0,64.6042373761208,172.317850849095,,,34VEP,S2B_MSIL2A_20240313T100709_R022_T34VEP_20240313T134442,,10.0,9.6,15.0,66.0,7.0,84.0,0.4000000000000001,1700.0,17.0,91.0,85.0,1.0,Pajo Hovirinnank.va 6210,Pitkäjärvi,Somero,Somero,River,VHA3,Kokemäenjoen-Saaristomeren-Selkämeren vesienhoitoalue,27.032,Pitkäjärven - Pusulanjärven a,Keskisuuret savimaiden joet,106.0,ok,,-7,2024-03-05,0.0,0.344638,S2A_MSIL2A_20240305T100031_R122_T34VFN_20240305T140837,1244.0,1570.0,1734.0,2782.0,-5,,,,,,,,,-3,,,,,,,,,-1,2024-03-12,1.0,8.379667,S2A_MSIL2A_20240312T095031_R079_T34VFN_20240313T154824,827.0,1255.0,1278.0,1880.0,0,2024-03-12,0.0,8.379667,S2A_MSIL2A_20240312T095031_R079_T34VFN_20240313T154824,827.0,1255.0,1278.0,1880.0,1,2024-03-12,1.0,8.379667,S2A_MSIL2A_20240312T095031_R079_T34VFN_20240313T154824,827.0,1255.0,1278.0,1880.0,3,,,,,,,,,5,,,,,,,,,7,,,,,,,,,D:\Water Quality Parameter Estimation\wq_pipeline\artifacts\tolerance_3d\prepared\chips\train\sample_FI_00000976.npz,D:\Water Quality Parameter Estimation\wq_pipeline\artifacts\tolerance_3d\prepared\chips\train\sample_FI_00000976.png,ok,,S2A_MSIL2A_20240312T095031_R079_T34VFN_20240313T154824,2024-03-12,0.0,8.379667,64.3438677780617,8.392333984375e-05,256,128,0,0,9,"B02,B03,B04,B08"
FI_00000977,1636,Pitkäjärvi,2024-03-12,60.66558908011945,23.292230275876104,,11.0,,1400.0,13.0,85.5,45.0,,11.0,8.6,11.0,60.0,7.2,48.0,0.5,1400.0,13.0,85.5,45.0,1.0,Pajo Hovirinnank.va 6210,Pitkäjärvi,Somero,Somero,River,VHA3,Kokemäenjoen-Saaristomeren-Selkämeren vesienhoitoalue,27.032,Pitkäjärven - Pusulanjärven a,Keskisuuret savimaiden joet,106.0,FI_00000967,Pitkäjärvi,2023-12-12,60.66558908011945,23.292230275876104,,15.0,,1700.0,17.0,91.0,85.0,S2_FI_00000967,2024-03-13,1,100.0,64.6042373761208,172.317850849095,,,34VEP,S2B_MSIL2A_20240313T100709_R022_T34VEP_20240313T134442,,10.0,9.6,15.0,66.0,7.0,84.0,0.4000000000000001,1700.0,17.0,91.0,85.0,1.0,Pajo Hovirinnank.va 6210,Pitkäjärvi,Somero,Somero,River,VHA3,Kokemäenjoen-Saaristomeren-Selkämeren vesienhoitoalue,27.032,Pitkäjärven - Pusulanjärven a,Keskisuuret savimaiden joet,106.0,ok,,-7,2024-03-05,0.0,0.344638,S2A_MSIL2A_20240305T100031_R122_T34VFN_20240305T140837,1244.0,1570.0,1734.0,2782.0,-5,,,,,,,,,-3,,,,,,,,,-1,2024-03-12,1.0,8.379667,S2A_MSIL2A_20240312T095031_R079_T34VFN_20240313T154824,827.0,1255.0,1278.0,1880.0,0,2024-03-12,0.0,8.379667,S2A_MSIL2A_20240312T095031_R079_T34VFN_20240313T154824,827.0,1255.0,1278.0,1880.0,1,2024-03-12,1.0,8.379667,S2A_MSIL2A_20240312T095031_R079_T34VFN_20240313T154824,827.0,1255.0,1278.0,1880.0,3,,,,,,,,,5,,,,,,,,,7,,,,,,,,,D:\Water Quality Parameter Estimation\wq_pipeline\artifacts\tolerance_3d\prepared\chips\train\sample_FI_00000977.npz,D:\Water Quality Parameter Estimation\wq_pipeline\artifacts\tolerance_3d\prepared\chips\train\sample_FI_00000977.png,ok,,S2A_MSIL2A_20240312T095031_R079_T34VFN_20240313T154824,2024-03-12,0.0,8.379667,64.3438677780617,8.392333984375e-05,256,128,0,0,9,"B02,B03,B04,B08"
FI_00000984,1636,Pitkäjärvi,2024-08-19,60.66558908011945,23.292230275876104,,,,640.0,,51.0,18.0,,10.0,6.8,,74.0,7.5,15.0,19.8,640.0,,51.0,18.0,1.0,Pajo Hovirinnank.va 6210,Pitkäjärvi,Somero,Somero,River,VHA3,Kokemäenjoen-Saaristomeren-Selkämeren vesienhoitoalue,27.032,Pitkäjärven - Pusulanjärven a,Keskisuuret savimaiden joet,106.0,FI_00000977,Pitkäjärvi,2024-03-12,60.66558908011945,23.292230275876104,,11.0,,1400.0,13.0,85.5,45.0,S2_FI_00000977,2024-08-20,1,61.928302,49.6864329995599,173.050615515001,,,34VEP,S2B_MSIL2A_20240820T100559_R022_T34VEP_20240820T130319,,11.0,8.6,11.0,60.0,7.2,48.0,0.5,1400.0,13.0,85.5,45.0,1.0,Pajo Hovirinnank.va 6210,Pitkäjärvi,Somero,Somero,River,VHA3,Kokemäenjoen-Saaristomeren-Selkämeren vesienhoitoalue,27.032,Pitkäjärven - Pusulanjärven a,Keskisuuret savimaiden joet,106.0,ok,,-7,,,,,,,,,-5,2024-08-14,0.0,0.720648,S2B_MSIL2A_20240814T094549_R079_T34VFN_20240814T123852,1258.0,1380.0,1278.0,2496.0,-3,,,,,,,,,-1,,,,,,,,,0,,,,,,,,,1,,,,,,,,,3,,,,,,,,,5,,,,,,,,,7,,,,,,,,,,,no_match,no_stac_item,,,,,,,256,128,0,0,0,"B02,B03,B04,B08"
FI_00000985,1636,Pitkäjärvi,2024-08-19,60.66558908011945,23.292230275876104,,,,640.0,,51.0,18.0,,10.0,6.8,,74.0,7.5,15.0,19.8,640.0,,51.0,18.0,1.0,Pajo Hovirinnank.va 6210,Pitkäjärvi,Somero,Somero,River,VHA3,Kokemäenjoen-Saaristomeren-Selkämeren vesienhoitoalue,27.032,Pitkäjärven - Pusulanjärven a,Keskisuuret savimaiden joet,106.0,FI_00000977,Pitkäjärvi,2024-03-12,60.66558908011945,23.292230275876104,,11.0,,1400.0,13.0,85.5,45.0,S2_FI_00000977,2024-08-20,1,61.928302,49.6864329995599,173.050615515001,,,34VEP,S2B_MSIL2A_20240820T100559_R022_T34VEP_20240820T130319,,11.0,8.6,11.0,60.0,7.2,48.0,0.5,1400.0,13.0,85.5,45.0,1.0,Pajo Hovirinnank.va 6210,Pitkäjärvi,Somero,Somero,River,VHA3,Kokemäenjoen-Saaristomeren-Selkämeren vesienhoitoalue,27.032,Pitkäjärven - Pusulanjärven a,Keskisuuret savimaiden joet,106.0,ok,,-7,,,,,,,,,-5,2024-08-14,0.0,0.720648,S2B_MSIL2A_20240814T094549_R079_T34VFN_20240814T123852,1258.0,1380.0,1278.0,2496.0,-3,,,,,,,,,-1,,,,,,,,,0,,,,,,,,,1,,,,,,,,,3,,,,,,,,,5,,,,,,,,,7,,,,,,,,,,,no_match,no_stac_item,,,,,,,256,128,0,0,0,"B02,B03,B04,B08"
FI_00000986,1636,Pitkäjärvi,2024-08-19,60.66558908011945,23.292230275876104,,,,640.0,,51.0,18.0,,10.0,6.8,,74.0,7.5,15.0,19.8,640.0,,51.0,18.0,1.0,Pajo Hovirinnank.va 6210,Pitkäjärvi,Somero,Somero,River,VHA3,Kokemäenjoen-Saaristomeren-Selkämeren vesienhoitoalue,27.032,Pitkäjärven - Pusulanjärven a,Keskisuuret savimaiden joet,106.0,FI_00000977,Pitkäjärvi,2024-03-12,60.66558908011945,23.292230275876104,,11.0,,1400.0,13.0,85.5,45.0,S2_FI_00000977,2024-08-20,1,61.928302,49.6864329995599,173.050615515001,,,34VEP,S2B_MSIL2A_20240820T100559_R022_T34VEP_20240820T130319,,11.0,8.6,11.0,60.0,7.2,48.0,0.5,1400.0,13.0,85.5,45.0,1.0,Pajo Hovirinnank.va 6210,Pitkäjärvi,Somero,Somero,River,VHA3,Kokemäenjoen-Saaristomeren-Selkämeren vesienhoitoalue,27.032,Pitkäjärven - Pusulanjärven a,Keskisuuret savimaiden joet,106.0,ok,,-7,,,,,,,,,-5,2024-08-14,0.0,0.720648,S2B_MSIL2A_20240814T094549_R079_T34VFN_20240814T123852,1258.0,1380.0,1278.0,2496.0,-3,,,,,,,,,-1,,,,,,,,,0,,,,,,,,,1,,,,,,,,,3,,,,,,,,,5,,,,,,,,,7,,,,,,,,,,,no_match,no_stac_item,,,,,,,256,128,0,0,0,"B02,B03,B04,B08"
FI_00000987,1636,Pitkäjärvi,2024-08-19,60.66558908011945,23.292230275876104,,,,640.0,,51.0,18.0,,10.0,6.8,,74.0,7.5,15.0,19.8,640.0,,51.0,18.0,1.0,Pajo Hovirinnank.va 6210,Pitkäjärvi,Somero,Somero,River,VHA3,Kokemäenjoen-Saaristomeren-Selkämeren vesienhoitoalue,27.032,Pitkäjärven - Pusulanjärven a,Keskisuuret savimaiden joet,106.0,FI_00000977,Pitkäjärvi,2024-03-12,60.66558908011945,23.292230275876104,,11.0,,1400.0,13.0,85.5,45.0,S2_FI_00000977,2024-08-20,1,61.928302,49.6864329995599,173.050615515001,,,34VEP,S2B_MSIL2A_20240820T100559_R022_T34VEP_20240820T130319,,11.0,8.6,11.0,60.0,7.2,48.0,0.5,1400.0,13.0,85.5,45.0,1.0,Pajo Hovirinnank.va 6210,Pitkäjärvi,Somero,Somero,River,VHA3,Kokemäenjoen-Saaristomeren-Selkämeren vesienhoitoalue,27.032,Pitkäjärven - Pusulanjärven a,Keskisuuret savimaiden joet,106.0,ok,,-7,,,,,,,,,-5,2024-08-14,0.0,0.720648,S2B_MSIL2A_20240814T094549_R079_T34VFN_20240814T123852,1258.0,1380.0,1278.0,2496.0,-3,,,,,,,,,-1,,,,,,,,,0,,,,,,,,,1,,,,,,,,,3,,,,,,,,,5,,,,,,,,,7,,,,,,,,,,,no_match,no_stac_item,,,,,,,256,128,0,0,0,"B02,B03,B04,B08"
FI_00000988,1636,Pitkäjärvi,2024-08-19,60.66558908011945,23.292230275876104,,,,640.0,,51.0,18.0,,10.0,6.8,,74.0,7.5,15.0,19.8,640.0,,51.0,18.0,1.0,Pajo Hovirinnank.va 6210,Pitkäjärvi,Somero,Somero,River,VHA3,Kokemäenjoen-Saaristomeren-Selkämeren vesienhoitoalue,27.032,Pitkäjärven - Pusulanjärven a,Keskisuuret savimaiden joet,106.0,FI_00000977,Pitkäjärvi,2024-03-12,60.66558908011945,23.292230275876104,,11.0,,1400.0,13.0,85.5,45.0,S2_FI_00000977,2024-08-20,1,61.928302,49.6864329995599,173.050615515001,,,34VEP,S2B_MSIL2A_20240820T100559_R022_T34VEP_20240820T130319,,11.0,8.6,11.0,60.0,7.2,48.0,0.5,1400.0,13.0,85.5,45.0,1.0,Pajo Hovirinnank.va 6210,Pitkäjärvi,Somero,Somero,River,VHA3,Kokemäenjoen-Saaristomeren-Selkämeren vesienhoitoalue,27.032,Pitkäjärven - Pusulanjärven a,Keskisuuret savimaiden joet,106.0,ok,,-7,,,,,,,,,-5,2024-08-14,0.0,0.720648,S2B_MSIL2A_20240814T094549_R079_T34VFN_20240814T123852,1258.0,1380.0,1278.0,2496.0,-3,,,,,,,,,-1,,,,,,,,,0,,,,,,,,,1,,,,,,,,,3,,,,,,,,,5,,,,,,,,,7,,,,,,,,,,,no_match,no_stac_item,,,,,,,256,128,0,0,0,"B02,B03,B04,B08"
FI_00000989,1636,Pitkäjärvi,2024-08-19,60.66558908011945,23.292230275876104,,,,640.0,,51.0,18.0,,10.0,6.8,,74.0,7.5,15.0,19.8,640.0,,51.0,18.0,1.0,Pajo Hovirinnank.va 6210,Pitkäjärvi,Somero,Somero,River,VHA3,Kokemäenjoen-Saaristomeren-Selkämeren vesienhoitoalue,27.032,Pitkäjärven - Pusulanjärven a,Keskisuuret savimaiden joet,106.0,FI_00000977,Pitkäjärvi,2024-03-12,60.66558908011945,23.292230275876104,,11.0,,1400.0,13.0,85.5,45.0,S2_FI_00000977,2024-08-20,1,61.928302,49.6864329995599,173.050615515001,,,34VEP,S2B_MSIL2A_20240820T100559_R022_T34VEP_20240820T130319,,11.0,8.6,11.0,60.0,7.2,48.0,0.5,1400.0,13.0,85.5,45.0,1.0,Pajo Hovirinnank.va 6210,Pitkäjärvi,Somero,Somero,River,VHA3,Kokemäenjoen-Saaristomeren-Selkämeren vesienhoitoalue,27.032,Pitkäjärven - Pusulanjärven a,Keskisuuret savimaiden joet,106.0,ok,,-7,,,,,,,,,-5,2024-08-14,0.0,0.720648,S2B_MSIL2A_20240814T094549_R079_T34VFN_20240814T123852,1258.0,1380.0,1278.0,2496.0,-3,,,,,,,,,-1,,,,,,,,,0,,,,,,,,,1,,,,,,,,,3,,,,,,,,,5,,,,,,,,,7,,,,,,,,,,,no_match,no_stac_item,,,,,,,256,128,0,0,0,"B02,B03,B04,B08"
FI_00000990,1636,Pitkäjärvi,2024-10-22,60.66558908011945,23.292230275876104,,,,1500.0,,170.0,94.0,,11.0,7.8,,67.0,7.3,74.0,8.4,1500.0,,170.0,94.0,1.0,Pajo Hovirinnank.va 6210,Pitkäjärvi,Somero,Somero,River,VHA3,Kokemäenjoen-Saaristomeren-Selkämeren vesienhoitoalue,27.032,Pitkäjärven - Pusulanjärven a,Keskisuuret savimaiden joet,106.0,FI_00000982,Pitkäjärvi,2024-05-16,60.66558908011945,23.292230275876104,,,,1300.0,,110.0,68.0,S2_FI_00000982,2024-10-21,1,95.709914,72.723607562745,176.684145876962,,,34VEP,S2A_MSIL2A_20241021T100041_R122_T34VEP_20241021T123351,,8.6,8.5,,83.0,7.3,62.0,14.300000000000002,1300.0,,110.0,68.0,1.0,Pajo Hovirinnank.va 6210,Pitkäjärvi,Somero,Somero,River,VHA3,Kokemäenjoen-Saaristomeren-Selkämeren vesienhoitoalue,27.032,Pitkäjärven - Pusulanjärven a,Keskisuuret savimaiden joet,106.0,ok,,-7,2024-10-16,1.0,25.709349,S2B_MSIL2A_20241016T100029_R122_T34VFN_20241016T141503,1095.0,1366.0,1389.0,2647.0,-5,2024-10-16,1.0,25.709349,S2B_MSIL2A_20241016T100029_R122_T34VFN_20241016T141503,1095.0,1366.0,1389.0,2647.0,-3,,,,,,,,,-1,,,,,,,,,0,2024-10-23,1.0,18.497606,S2B_MSIL2A_20241023T095029_R079_T34VFN_20241023T112106,1169.0,1146.0,1179.0,1977.0,1,2024-10-23,0.0,18.497606,S2B_MSIL2A_20241023T095029_R079_T34VFN_20241023T112106,1169.0,1146.0,1179.0,1977.0,3,,,,,,,,,5,,,,,,,,,7,,,,,,,,,D:\Water Quality Parameter Estimation\wq_pipeline\artifacts\tolerance_3d\prepared\chips\train\sample_FI_00000990.npz,D:\Water Quality Parameter Estimation\wq_pipeline\artifacts\tolerance_3d\prepared\chips\train\sample_FI_00000990.png,ok,,S2B_MSIL2A_20241023T095029_R079_T34VFN_20241023T112106,2024-10-23,1.0,18.497606,72.5186875092467,0.0,256,128,0,0,9,"B02,B03,B04,B08"
FI_00000991,1636,Pitkäjärvi,2024-10-22,60.66558908011945,23.292230275876104,,,,1500.0,,170.0,94.0,,11.0,7.8,,67.0,7.3,74.0,8.4,1500.0,,170.0,94.0,1.0,Pajo Hovirinnank.va 6210,Pitkäjärvi,Somero,Somero,River,VHA3,Kokemäenjoen-Saaristomeren-Selkämeren vesienhoitoalue,27.032,Pitkäjärven - Pusulanjärven a,Keskisuuret savimaiden joet,106.0,FI_00000982,Pitkäjärvi,2024-05-16,60.66558908011945,23.292230275876104,,,,1300.0,,110.0,68.0,S2_FI_00000982,2024-10-21,1,95.709914,72.723607562745,176.684145876962,,,34VEP,S2A_MSIL2A_20241021T100041_R122_T34VEP_20241021T123351,,8.6,8.5,,83.0,7.3,62.0,14.300000000000002,1300.0,,110.0,68.0,1.0,Pajo Hovirinnank.va 6210,Pitkäjärvi,Somero,Somero,River,VHA3,Kokemäenjoen-Saaristomeren-Selkämeren vesienhoitoalue,27.032,Pitkäjärven - Pusulanjärven a,Keskisuuret savimaiden joet,106.0,ok,,-7,2024-10-16,1.0,25.709349,S2B_MSIL2A_20241016T100029_R122_T34VFN_20241016T141503,1095.0,1366.0,1389.0,2647.0,-5,2024-10-16,1.0,25.709349,S2B_MSIL2A_20241016T100029_R122_T34VFN_20241016T141503,1095.0,1366.0,1389.0,2647.0,-3,,,,,,,,,-1,,,,,,,,,0,2024-10-23,1.0,18.497606,S2B_MSIL2A_20241023T095029_R079_T34VFN_20241023T112106,1169.0,1146.0,1179.0,1977.0,1,2024-10-23,0.0,18.497606,S2B_MSIL2A_20241023T095029_R079_T34VFN_20241023T112106,1169.0,1146.0,1179.0,1977.0,3,,,,,,,,,5,,,,,,,,,7,,,,,,,,,D:\Water Quality Parameter Estimation\wq_pipeline\artifacts\tolerance_3d\prepared\chips\train\sample_FI_00000991.npz,D:\Water Quality Parameter Estimation\wq_pipeline\artifacts\tolerance_3d\prepared\chips\train\sample_FI_00000991.png,ok,,S2B_MSIL2A_20241023T095029_R079_T34VFN_20241023T112106,2024-10-23,1.0,18.497606,72.5186875092467,0.0,256,128,0,0,9,"B02,B03,B04,B08"
FI_00000992,1636,Pitkäjärvi,2024-10-22,60.66558908011945,23.292230275876104,,,,1500.0,,170.0,94.0,,11.0,7.8,,67.0,7.3,74.0,8.4,1500.0,,170.0,94.0,1.0,Pajo Hovirinnank.va 6210,Pitkäjärvi,Somero,Somero,River,VHA3,Kokemäenjoen-Saaristomeren-Selkämeren vesienhoitoalue,27.032,Pitkäjärven - Pusulanjärven a,Keskisuuret savimaiden joet,106.0,FI_00000982,Pitkäjärvi,2024-05-16,60.66558908011945,23.292230275876104,,,,1300.0,,110.0,68.0,S2_FI_00000982,2024-10-21,1,95.709914,72.723607562745,176.684145876962,,,34VEP,S2A_MSIL2A_20241021T100041_R122_T34VEP_20241021T123351,,8.6,8.5,,83.0,7.3,62.0,14.300000000000002,1300.0,,110.0,68.0,1.0,Pajo Hovirinnank.va 6210,Pitkäjärvi,Somero,Somero,River,VHA3,Kokemäenjoen-Saaristomeren-Selkämeren vesienhoitoalue,27.032,Pitkäjärven - Pusulanjärven a,Keskisuuret savimaiden joet,106.0,ok,,-7,2024-10-16,1.0,25.709349,S2B_MSIL2A_20241016T100029_R122_T34VFN_20241016T141503,1095.0,1366.0,1389.0,2647.0,-5,2024-10-16,1.0,25.709349,S2B_MSIL2A_20241016T100029_R122_T34VFN_20241016T141503,1095.0,1366.0,1389.0,2647.0,-3,,,,,,,,,-1,,,,,,,,,0,2024-10-23,1.0,18.497606,S2B_MSIL2A_20241023T095029_R079_T34VFN_20241023T112106,1169.0,1146.0,1179.0,1977.0,1,2024-10-23,0.0,18.497606,S2B_MSIL2A_20241023T095029_R079_T34VFN_20241023T112106,1169.0,1146.0,1179.0,1977.0,3,,,,,,,,,5,,,,,,,,,7,,,,,,,,,D:\Water Quality Parameter Estimation\wq_pipeline\artifacts\tolerance_3d\prepared\chips\train\sample_FI_00000992.npz,D:\Water Quality Parameter Estimation\wq_pipeline\artifacts\tolerance_3d\prepared\chips\train\sample_FI_00000992.png,ok,,S2B_MSIL2A_20241023T095029_R079_T34VFN_20241023T112106,2024-10-23,1.0,18.497606,72.5186875092467,0.0,256,128,0,0,9,"B02,B03,B04,B08"
FI_00000993,1636,Pitkäjärvi,2024-10-22,60.66558908011945,23.292230275876104,,,,1500.0,,170.0,94.0,,11.0,7.8,,67.0,7.3,74.0,8.4,1500.0,,170.0,94.0,1.0,Pajo Hovirinnank.va 6210,Pitkäjärvi,Somero,Somero,River,VHA3,Kokemäenjoen-Saaristomeren-Selkämeren vesienhoitoalue,27.032,Pitkäjärven - Pusulanjärven a,Keskisuuret savimaiden joet,106.0,FI_00000982,Pitkäjärvi,2024-05-16,60.66558908011945,23.292230275876104,,,,1300.0,,110.0,68.0,S2_FI_00000982,2024-10-21,1,95.709914,72.723607562745,176.684145876962,,,34VEP,S2A_MSIL2A_20241021T100041_R122_T34VEP_20241021T123351,,8.6,8.5,,83.0,7.3,62.0,14.300000000000002,1300.0,,110.0,68.0,1.0,Pajo Hovirinnank.va 6210,Pitkäjärvi,Somero,Somero,River,VHA3,Kokemäenjoen-Saaristomeren-Selkämeren vesienhoitoalue,27.032,Pitkäjärven - Pusulanjärven a,Keskisuuret savimaiden joet,106.0,ok,,-7,2024-10-16,1.0,25.709349,S2B_MSIL2A_20241016T100029_R122_T34VFN_20241016T141503,1095.0,1366.0,1389.0,2647.0,-5,2024-10-16,1.0,25.709349,S2B_MSIL2A_20241016T100029_R122_T34VFN_20241016T141503,1095.0,1366.0,1389.0,2647.0,-3,,,,,,,,,-1,,,,,,,,,0,2024-10-23,1.0,18.497606,S2B_MSIL2A_20241023T095029_R079_T34VFN_20241023T112106,1169.0,1146.0,1179.0,1977.0,1,2024-10-23,0.0,18.497606,S2B_MSIL2A_20241023T095029_R079_T34VFN_20241023T112106,1169.0,1146.0,1179.0,1977.0,3,,,,,,,,,5,,,,,,,,,7,,,,,,,,,D:\Water Quality Parameter Estimation\wq_pipeline\artifacts\tolerance_3d\prepared\chips\train\sample_FI_00000993.npz,D:\Water Quality Parameter Estimation\wq_pipeline\artifacts\tolerance_3d\prepared\chips\train\sample_FI_00000993.png,ok,,S2B_MSIL2A_20241023T095029_R079_T34VFN_20241023T112106,2024-10-23,1.0,18.497606,72.5186875092467,0.0,256,128,0,0,9,"B02,B03,B04,B08"
FI_00000994,1636,Pitkäjärvi,2024-10-22,60.66558908011945,23.292230275876104,,,,1500.0,,170.0,94.0,,11.0,7.8,,67.0,7.3,74.0,8.4,1500.0,,170.0,94.0,1.0,Pajo Hovirinnank.va 6210,Pitkäjärvi,Somero,Somero,River,VHA3,Kokemäenjoen-Saaristomeren-Selkämeren vesienhoitoalue,27.032,Pitkäjärven - Pusulanjärven a,Keskisuuret savimaiden joet,106.0,FI_00000982,Pitkäjärvi,2024-05-16,60.66558908011945,23.292230275876104,,,,1300.0,,110.0,68.0,S2_FI_00000982,2024-10-21,1,95.709914,72.723607562745,176.684145876962,,,34VEP,S2A_MSIL2A_20241021T100041_R122_T34VEP_20241021T123351,,8.6,8.5,,83.0,7.3,62.0,14.300000000000002,1300.0,,110.0,68.0,1.0,Pajo Hovirinnank.va 6210,Pitkäjärvi,Somero,Somero,River,VHA3,Kokemäenjoen-Saaristomeren-Selkämeren vesienhoitoalue,27.032,Pitkäjärven - Pusulanjärven a,Keskisuuret savimaiden joet,106.0,ok,,-7,2024-10-16,1.0,25.709349,S2B_MSIL2A_20241016T100029_R122_T34VFN_20241016T141503,1095.0,1366.0,1389.0,2647.0,-5,2024-10-16,1.0,25.709349,S2B_MSIL2A_20241016T100029_R122_T34VFN_20241016T141503,1095.0,1366.0,1389.0,2647.0,-3,,,,,,,,,-1,,,,,,,,,0,2024-10-23,1.0,18.497606,S2B_MSIL2A_20241023T095029_R079_T34VFN_20241023T112106,1169.0,1146.0,1179.0,1977.0,1,2024-10-23,0.0,18.497606,S2B_MSIL2A_20241023T095029_R079_T34VFN_20241023T112106,1169.0,1146.0,1179.0,1977.0,3,,,,,,,,,5,,,,,,,,,7,,,,,,,,,D:\Water Quality Parameter Estimation\wq_pipeline\artifacts\tolerance_3d\prepared\chips\train\sample_FI_00000994.npz,D:\Water Quality Parameter Estimation\wq_pipeline\artifacts\tolerance_3d\prepared\chips\train\sample_FI_00000994.png,ok,,S2B_MSIL2A_20241023T095029_R079_T34VFN_20241023T112106,2024-10-23,1.0,18.497606,72.5186875092467,0.0,256,128,0,0,9,"B02,B03,B04,B08"
FI_00000995,1636,Pitkäjärvi,2024-10-22,60.66558908011945,23.292230275876104,,,,1500.0,,170.0,94.0,,11.0,7.8,,67.0,7.3,74.0,8.4,1500.0,,170.0,94.0,1.0,Pajo Hovirinnank.va 6210,Pitkäjärvi,Somero,Somero,River,VHA3,Kokemäenjoen-Saaristomeren-Selkämeren vesienhoitoalue,27.032,Pitkäjärven - Pusulanjärven a,Keskisuuret savimaiden joet,106.0,FI_00000982,Pitkäjärvi,2024-05-16,60.66558908011945,23.292230275876104,,,,1300.0,,110.0,68.0,S2_FI_00000982,2024-10-21,1,95.709914,72.723607562745,176.684145876962,,,34VEP,S2A_MSIL2A_20241021T100041_R122_T34VEP_20241021T123351,,8.6,8.5,,83.0,7.3,62.0,14.300000000000002,1300.0,,110.0,68.0,1.0,Pajo Hovirinnank.va 6210,Pitkäjärvi,Somero,Somero,River,VHA3,Kokemäenjoen-Saaristomeren-Selkämeren vesienhoitoalue,27.032,Pitkäjärven - Pusulanjärven a,Keskisuuret savimaiden joet,106.0,ok,,-7,2024-10-16,1.0,25.709349,S2B_MSIL2A_20241016T100029_R122_T34VFN_20241016T141503,1095.0,1366.0,1389.0,2647.0,-5,2024-10-16,1.0,25.709349,S2B_MSIL2A_20241016T100029_R122_T34VFN_20241016T141503,1095.0,1366.0,1389.0,2647.0,-3,,,,,,,,,-1,,,,,,,,,0,2024-10-23,1.0,18.497606,S2B_MSIL2A_20241023T095029_R079_T34VFN_20241023T112106,1169.0,1146.0,1179.0,1977.0,1,2024-10-23,0.0,18.497606,S2B_MSIL2A_20241023T095029_R079_T34VFN_20241023T112106,1169.0,1146.0,1179.0,1977.0,3,,,,,,,,,5,,,,,,,,,7,,,,,,,,,D:\Water Quality Parameter Estimation\wq_pipeline\artifacts\tolerance_3d\prepared\chips\train\sample_FI_00000995.npz,D:\Water Quality Parameter Estimation\wq_pipeline\artifacts\tolerance_3d\prepared\chips\train\sample_FI_00000995.png,ok,,S2B_MSIL2A_20241023T095029_R079_T34VFN_20241023T112106,2024-10-23,1.0,18.497606,72.5186875092467,0.0,256,128,0,0,9,"B02,B03,B04,B08"
FI_00001020,17662,Lapinjärvi,2024-07-15,63.12479397420693,27.432628122752828,,,,905.0,,72.5,6.400000000000001,,7.55,4.9750000000000005,,54.0,7.25,,18.975,905.0,,72.5,6.400000000000001,1.0,Lapinjärvi 214,Lapinjärvi,Kuopio,,,,,,,,,FI_00001022,Lapinjärvi,2024-07-15,63.12479397420693,27.432628122752828,,,,905.0,,72.5,6.400000000000001,S2_FI_00001022,2024-07-16,1,78.459483,41.6067760648268,171.341090971308,,,34VEQ,S2A_MSIL2A_20240716T100601_R022_T34VEQ_20240716T160046,,7.55,4.9750000000000005,,54.0,7.25,,18.975,905.0,,72.5,6.400000000000001,1.0,Lapinjärvi 214,Lapinjärvi,Kuopio,,,,,,,,,ok,,-7,,,,,,,,,-5,2024-07-10,0.0,20.025995,S2A_MSIL2A_20240710T095031_R079_T35VNK_20240710T164001,1093.0,1090.0,1108.0,1026.0,-3,,,,,,,,,-1,,,,,,,,,0,,,,,,,,,1,,,,,,,,,3,,,,,,,,,5,,,,,,,,,7,2024-07-22,0.0,7.642624,S2B_MSIL2A_20240722T093549_R036_T35VNL_20240722T142158,1186.0,1131.0,1110.0,1077.0,,,no_match,no_stac_item,,,,,,,256,128,0,0,0,"B02,B03,B04,B08"
FI_00001021,17662,Lapinjärvi,2024-07-15,63.12479397420693,27.432628122752828,,,,905.0,,72.5,6.400000000000001,,7.55,4.9750000000000005,,54.0,7.25,,18.975,905.0,,72.5,6.400000000000001,1.0,Lapinjärvi 214,Lapinjärvi,Kuopio,,,,,,,,,FI_00001022,Lapinjärvi,2024-07-15,63.12479397420693,27.432628122752828,,,,905.0,,72.5,6.400000000000001,S2_FI_00001022,2024-07-16,1,78.459483,41.6067760648268,171.341090971308,,,34VEQ,S2A_MSIL2A_20240716T100601_R022_T34VEQ_20240716T160046,,7.55,4.9750000000000005,,54.0,7.25,,18.975,905.0,,72.5,6.400000000000001,1.0,Lapinjärvi 214,Lapinjärvi,Kuopio,,,,,,,,,ok,,-7,,,,,,,,,-5,2024-07-10,0.0,20.025995,S2A_MSIL2A_20240710T095031_R079_T35VNK_20240710T164001,1093.0,1090.0,1108.0,1026.0,-3,,,,,,,,,-1,,,,,,,,,0,,,,,,,,,1,,,,,,,,,3,,,,,,,,,5,,,,,,,,,7,2024-07-22,0.0,7.642624,S2B_MSIL2A_20240722T093549_R036_T35VNL_20240722T142158,1186.0,1131.0,1110.0,1077.0,,,no_match,no_stac_item,,,,,,,256,128,0,0,0,"B02,B03,B04,B08"
FI_00001022,17662,Lapinjärvi,2024-07-15,63.12479397420693,27.432628122752828,,,,905.0,,72.5,6.400000000000001,,7.55,4.9750000000000005,,54.0,7.25,,18.975,905.0,,72.5,6.400000000000001,1.0,Lapinjärvi 214,Lapinjärvi,Kuopio,,,,,,,,,FI_00001022,Lapinjärvi,2024-07-15,63.12479397420693,27.432628122752828,,,,905.0,,72.5,6.400000000000001,S2_FI_00001022,2024-07-16,1,78.459483,41.6067760648268,171.341090971308,,,34VEQ,S2A_MSIL2A_20240716T100601_R022_T34VEQ_20240716T160046,,7.55,4.9750000000000005,,54.0,7.25,,18.975,905.0,,72.5,6.400000000000001,1.0,Lapinjärvi 214,Lapinjärvi,Kuopio,,,,,,,,,ok,,-7,,,,,,,,,-5,2024-07-10,0.0,20.025995,S2A_MSIL2A_20240710T095031_R079_T35VNK_20240710T164001,1093.0,1090.0,1108.0,1026.0,-3,,,,,,,,,-1,,,,,,,,,0,,,,,,,,,1,,,,,,,,,3,,,,,,,,,5,,,,,,,,,7,2024-07-22,0.0,7.642624,S2B_MSIL2A_20240722T093549_R036_T35VNL_20240722T142158,1186.0,1131.0,1110.0,1077.0,,,no_match,no_stac_item,,,,,,,256,128,0,0,0,"B02,B03,B04,B08"
FI_00001023,17662,Lapinjärvi,2024-07-15,63.12479397420693,27.432628122752828,,,,905.0,,72.5,6.400000000000001,,7.55,4.9750000000000005,,54.0,7.25,,18.975,905.0,,72.5,6.400000000000001,1.0,Lapinjärvi 214,Lapinjärvi,Kuopio,,,,,,,,,FI_00001022,Lapinjärvi,2024-07-15,63.12479397420693,27.432628122752828,,,,905.0,,72.5,6.400000000000001,S2_FI_00001022,2024-07-16,1,78.459483,41.6067760648268,171.341090971308,,,34VEQ,S2A_MSIL2A_20240716T100601_R022_T34VEQ_20240716T160046,,7.55,4.9750000000000005,,54.0,7.25,,18.975,905.0,,72.5,6.400000000000001,1.0,Lapinjärvi 214,Lapinjärvi,Kuopio,,,,,,,,,ok,,-7,,,,,,,,,-5,2024-07-10,0.0,20.025995,S2A_MSIL2A_20240710T095031_R079_T35VNK_20240710T164001,1093.0,1090.0,1108.0,1026.0,-3,,,,,,,,,-1,,,,,,,,,0,,,,,,,,,1,,,,,,,,,3,,,,,,,,,5,,,,,,,,,7,2024-07-22,0.0,7.642624,S2B_MSIL2A_20240722T093549_R036_T35VNL_20240722T142158,1186.0,1131.0,1110.0,1077.0,,,no_match,no_stac_item,,,,,,,256,128,0,0,0,"B02,B03,B04,B08"
FI_00001024,17662,Lapinjärvi,2024-07-15,63.12479397420693,27.432628122752828,,,,905.0,,72.5,6.400000000000001,,7.55,4.9750000000000005,,54.0,7.25,,18.975,905.0,,72.5,6.400000000000001,1.0,Lapinjärvi 214,Lapinjärvi,Kuopio,,,,,,,,,FI_00001022,Lapinjärvi,2024-07-15,63.12479397420693,27.432628122752828,,,,905.0,,72.5,6.400000000000001,S2_FI_00001022,2024-07-16,1,78.459483,41.6067760648268,171.341090971308,,,34VEQ,S2A_MSIL2A_20240716T100601_R022_T34VEQ_20240716T160046,,7.55,4.9750000000000005,,54.0,7.25,,18.975,905.0,,72.5,6.400000000000001,1.0,Lapinjärvi 214,Lapinjärvi,Kuopio,,,,,,,,,ok,,-7,,,,,,,,,-5,2024-07-10,0.0,20.025995,S2A_MSIL2A_20240710T095031_R079_T35VNK_20240710T164001,1093.0,1090.0,1108.0,1026.0,-3,,,,,,,,,-1,,,,,,,,,0,,,,,,,,,1,,,,,,,,,3,,,,,,,,,5,,,,,,,,,7,2024-07-22,0.0,7.642624,S2B_MSIL2A_20240722T093549_R036_T35VNL_20240722T142158,1186.0,1131.0,1110.0,1077.0,,,no_match,no_stac_item,,,,,,,256,128,0,0,0,"B02,B03,B04,B08"
FI_00001025,17662,Lapinjärvi,2024-07-15,63.12479397420693,27.432628122752828,,,,905.0,,72.5,6.400000000000001,,7.55,4.9750000000000005,,54.0,7.25,,18.975,905.0,,72.5,6.400000000000001,1.0,Lapinjärvi 214,Lapinjärvi,Kuopio,,,,,,,,,FI_00001022,Lapinjärvi,2024-07-15,63.12479397420693,27.432628122752828,,,,905.0,,72.5,6.400000000000001,S2_FI_00001022,2024-07-16,1,78.459483,41.6067760648268,171.341090971308,,,34VEQ,S2A_MSIL2A_20240716T100601_R022_T34VEQ_20240716T160046,,7.55,4.9750000000000005,,54.0,7.25,,18.975,905.0,,72.5,6.400000000000001,1.0,Lapinjärvi 214,Lapinjärvi,Kuopio,,,,,,,,,ok,,-7,,,,,,,,,-5,2024-07-10,0.0,20.025995,S2A_MSIL2A_20240710T095031_R079_T35VNK_20240710T164001,1093.0,1090.0,1108.0,1026.0,-3,,,,,,,,,-1,,,,,,,,,0,,,,,,,,,1,,,,,,,,,3,,,,,,,,,5,,,,,,,,,7,2024-07-22,0.0,7.642624,S2B_MSIL2A_20240722T093549_R036_T35VNL_20240722T142158,1186.0,1131.0,1110.0,1077.0,,,no_match,no_stac_item,,,,,,,256,128,0,0,0,"B02,B03,B04,B08"
FI_00001026,17662,Lapinjärvi,2024-08-29,63.12479397420693,27.432628122752828,,,,940.0,,57.0,7.95,,7.35,8.0,,83.0,7.45,,17.1,940.0,,57.0,7.95,1.0,Lapinjärvi 214,Lapinjärvi,Kuopio,,,,,,,,,FI_00001024,Lapinjärvi,2024-07-15,63.12479397420693,27.432628122752828,,,,905.0,,72.5,6.400000000000001,S2_FI_00001024,2024-08-27,2,94.797188,53.0974632715207,170.79222887158,,,34VEQ,S2B_MSIL2A_20240827T095549_R122_T34VEQ_20240827T130925,,7.55,4.9750000000000005,,54.0,7.25,,18.975,905.0,,72.5,6.400000000000001,1.0,Lapinjärvi 214,Lapinjärvi,Kuopio,,,,,,,,,ok,,-7,2024-08-21,1.0,12.170371,S2B_MSIL2A_20240821T093549_R036_T35VNL_20240821T121804,1243.0,1180.0,1171.0,1154.0,-5,,,,,,,,,-3,2024-08-26,0.0,23.216881,S2A_MSIL2A_20240826T094031_R036_T35VNK_20240826T134251,1283.0,1274.0,1231.0,1188.0,-1,2024-08-29,1.0,29.047936,S2A_MSIL2A_20240829T095031_R079_T35VNK_20240829T134149,1144.0,1148.0,1136.0,1043.0,0,2024-08-29,0.0,29.047936,S2A_MSIL2A_20240829T095031_R079_T35VNK_20240829T134149,1144.0,1148.0,1136.0,1043.0,1,2024-08-29,1.0,29.047936,S2A_MSIL2A_20240829T095031_R079_T35VNK_20240829T134149,1144.0,1148.0,1136.0,1043.0,3,,,,,,,,,5,,,,,,,,,7,2024-09-05,0.0,0.067783,S2A_MSIL2A_20240905T094031_R036_T35VNK_20240905T133953,1189.0,1188.0,1194.0,1131.0,D:\Water Quality Parameter Estimation\wq_pipeline\artifacts\tolerance_3d\prepared\chips\train\sample_FI_00001026.npz,D:\Water Quality Parameter Estimation\wq_pipeline\artifacts\tolerance_3d\prepared\chips\train\sample_FI_00001026.png,ok,,S2A_MSIL2A_20240829T095031_R079_T35VNK_20240829T134149,2024-08-29,0.0,29.047936,53.6031927656378,0.32421875,256,128,0,0,9,"B02,B03,B04,B08"
FI_00001027,17662,Lapinjärvi,2024-08-29,63.12479397420693,27.432628122752828,,,,940.0,,57.0,7.95,,7.35,8.0,,83.0,7.45,,17.1,940.0,,57.0,7.95,1.0,Lapinjärvi 214,Lapinjärvi,Kuopio,,,,,,,,,FI_00001024,Lapinjärvi,2024-07-15,63.12479397420693,27.432628122752828,,,,905.0,,72.5,6.400000000000001,S2_FI_00001024,2024-08-27,2,94.797188,53.0974632715207,170.79222887158,,,34VEQ,S2B_MSIL2A_20240827T095549_R122_T34VEQ_20240827T130925,,7.55,4.9750000000000005,,54.0,7.25,,18.975,905.0,,72.5,6.400000000000001,1.0,Lapinjärvi 214,Lapinjärvi,Kuopio,,,,,,,,,ok,,-7,2024-08-21,1.0,12.170371,S2B_MSIL2A_20240821T093549_R036_T35VNL_20240821T121804,1243.0,1180.0,1171.0,1154.0,-5,,,,,,,,,-3,2024-08-26,0.0,23.216881,S2A_MSIL2A_20240826T094031_R036_T35VNK_20240826T134251,1283.0,1274.0,1231.0,1188.0,-1,2024-08-29,1.0,29.047936,S2A_MSIL2A_20240829T095031_R079_T35VNK_20240829T134149,1144.0,1148.0,1136.0,1043.0,0,2024-08-29,0.0,29.047936,S2A_MSIL2A_20240829T095031_R079_T35VNK_20240829T134149,1144.0,1148.0,1136.0,1043.0,1,2024-08-29,1.0,29.047936,S2A_MSIL2A_20240829T095031_R079_T35VNK_20240829T134149,1144.0,1148.0,1136.0,1043.0,3,,,,,,,,,5,,,,,,,,,7,2024-09-05,0.0,0.067783,S2A_MSIL2A_20240905T094031_R036_T35VNK_20240905T133953,1189.0,1188.0,1194.0,1131.0,D:\Water Quality Parameter Estimation\wq_pipeline\artifacts\tolerance_3d\prepared\chips\train\sample_FI_00001027.npz,D:\Water Quality Parameter Estimation\wq_pipeline\artifacts\tolerance_3d\prepared\chips\train\sample_FI_00001027.png,ok,,S2A_MSIL2A_20240829T095031_R079_T35VNK_20240829T134149,2024-08-29,0.0,29.047936,53.6031927656378,0.32421875,256,128,0,0,9,"B02,B03,B04,B08"
FI_00001028,17662,Lapinjärvi,2024-08-29,63.12479397420693,27.432628122752828,,,,940.0,,57.0,7.95,,7.35,8.0,,83.0,7.45,,17.1,940.0,,57.0,7.95,1.0,Lapinjärvi 214,Lapinjärvi,Kuopio,,,,,,,,,FI_00001024,Lapinjärvi,2024-07-15,63.12479397420693,27.432628122752828,,,,905.0,,72.5,6.400000000000001,S2_FI_00001024,2024-08-27,2,94.797188,53.0974632715207,170.79222887158,,,34VEQ,S2B_MSIL2A_20240827T095549_R122_T34VEQ_20240827T130925,,7.55,4.9750000000000005,,54.0,7.25,,18.975,905.0,,72.5,6.400000000000001,1.0,Lapinjärvi 214,Lapinjärvi,Kuopio,,,,,,,,,ok,,-7,2024-08-21,1.0,12.170371,S2B_MSIL2A_20240821T093549_R036_T35VNL_20240821T121804,1243.0,1180.0,1171.0,1154.0,-5,,,,,,,,,-3,2024-08-26,0.0,23.216881,S2A_MSIL2A_20240826T094031_R036_T35VNK_20240826T134251,1283.0,1274.0,1231.0,1188.0,-1,2024-08-29,1.0,29.047936,S2A_MSIL2A_20240829T095031_R079_T35VNK_20240829T134149,1144.0,1148.0,1136.0,1043.0,0,2024-08-29,0.0,29.047936,S2A_MSIL2A_20240829T095031_R079_T35VNK_20240829T134149,1144.0,1148.0,1136.0,1043.0,1,2024-08-29,1.0,29.047936,S2A_MSIL2A_20240829T095031_R079_T35VNK_20240829T134149,1144.0,1148.0,1136.0,1043.0,3,,,,,,,,,5,,,,,,,,,7,2024-09-05,0.0,0.067783,S2A_MSIL2A_20240905T094031_R036_T35VNK_20240905T133953,1189.0,1188.0,1194.0,1131.0,D:\Water Quality Parameter Estimation\wq_pipeline\artifacts\tolerance_3d\prepared\chips\train\sample_FI_00001028.npz,D:\Water Quality Parameter Estimation\wq_pipeline\artifacts\tolerance_3d\prepared\chips\train\sample_FI_00001028.png,ok,,S2A_MSIL2A_20240829T095031_R079_T35VNK_20240829T134149,2024-08-29,0.0,29.047936,53.6031927656378,0.32421875,256,128,0,0,9,"B02,B03,B04,B08"
FI_00001029,17662,Lapinjärvi,2024-08-29,63.12479397420693,27.432628122752828,,,,940.0,,57.0,7.95,,7.35,8.0,,83.0,7.45,,17.1,940.0,,57.0,7.95,1.0,Lapinjärvi 214,Lapinjärvi,Kuopio,,,,,,,,,FI_00001024,Lapinjärvi,2024-07-15,63.12479397420693,27.432628122752828,,,,905.0,,72.5,6.400000000000001,S2_FI_00001024,2024-08-27,2,94.797188,53.0974632715207,170.79222887158,,,34VEQ,S2B_MSIL2A_20240827T095549_R122_T34VEQ_20240827T130925,,7.55,4.9750000000000005,,54.0,7.25,,18.975,905.0,,72.5,6.400000000000001,1.0,Lapinjärvi 214,Lapinjärvi,Kuopio,,,,,,,,,ok,,-7,2024-08-21,1.0,12.170371,S2B_MSIL2A_20240821T093549_R036_T35VNL_20240821T121804,1243.0,1180.0,1171.0,1154.0,-5,,,,,,,,,-3,2024-08-26,0.0,23.216881,S2A_MSIL2A_20240826T094031_R036_T35VNK_20240826T134251,1283.0,1274.0,1231.0,1188.0,-1,2024-08-29,1.0,29.047936,S2A_MSIL2A_20240829T095031_R079_T35VNK_20240829T134149,1144.0,1148.0,1136.0,1043.0,0,2024-08-29,0.0,29.047936,S2A_MSIL2A_20240829T095031_R079_T35VNK_20240829T134149,1144.0,1148.0,1136.0,1043.0,1,2024-08-29,1.0,29.047936,S2A_MSIL2A_20240829T095031_R079_T35VNK_20240829T134149,1144.0,1148.0,1136.0,1043.0,3,,,,,,,,,5,,,,,,,,,7,2024-09-05,0.0,0.067783,S2A_MSIL2A_20240905T094031_R036_T35VNK_20240905T133953,1189.0,1188.0,1194.0,1131.0,D:\Water Quality Parameter Estimation\wq_pipeline\artifacts\tolerance_3d\prepared\chips\train\sample_FI_00001029.npz,D:\Water Quality Parameter Estimation\wq_pipeline\artifacts\tolerance_3d\prepared\chips\train\sample_FI_00001029.png,ok,,S2A_MSIL2A_20240829T095031_R079_T35VNK_20240829T134149,2024-08-29,0.0,29.047936,53.6031927656378,0.32421875,256,128,0,0,9,"B02,B03,B04,B08"
FI_00001030,17662,Lapinjärvi,2024-08-29,63.12479397420693,27.432628122752828,,,,940.0,,57.0,7.95,,7.35,8.0,,83.0,7.45,,17.1,940.0,,57.0,7.95,1.0,Lapinjärvi 214,Lapinjärvi,Kuopio,,,,,,,,,FI_00001024,Lapinjärvi,2024-07-15,63.12479397420693,27.432628122752828,,,,905.0,,72.5,6.400000000000001,S2_FI_00001024,2024-08-27,2,94.797188,53.0974632715207,170.79222887158,,,34VEQ,S2B_MSIL2A_20240827T095549_R122_T34VEQ_20240827T130925,,7.55,4.9750000000000005,,54.0,7.25,,18.975,905.0,,72.5,6.400000000000001,1.0,Lapinjärvi 214,Lapinjärvi,Kuopio,,,,,,,,,ok,,-7,2024-08-21,1.0,12.170371,S2B_MSIL2A_20240821T093549_R036_T35VNL_20240821T121804,1243.0,1180.0,1171.0,1154.0,-5,,,,,,,,,-3,2024-08-26,0.0,23.216881,S2A_MSIL2A_20240826T094031_R036_T35VNK_20240826T134251,1283.0,1274.0,1231.0,1188.0,-1,2024-08-29,1.0,29.047936,S2A_MSIL2A_20240829T095031_R079_T35VNK_20240829T134149,1144.0,1148.0,1136.0,1043.0,0,2024-08-29,0.0,29.047936,S2A_MSIL2A_20240829T095031_R079_T35VNK_20240829T134149,1144.0,1148.0,1136.0,1043.0,1,2024-08-29,1.0,29.047936,S2A_MSIL2A_20240829T095031_R079_T35VNK_20240829T134149,1144.0,1148.0,1136.0,1043.0,3,,,,,,,,,5,,,,,,,,,7,2024-09-05,0.0,0.067783,S2A_MSIL2A_20240905T094031_R036_T35VNK_20240905T133953,1189.0,1188.0,1194.0,1131.0,D:\Water Quality Parameter Estimation\wq_pipeline\artifacts\tolerance_3d\prepared\chips\train\sample_FI_00001030.npz,D:\Water Quality Parameter Estimation\wq_pipeline\artifacts\tolerance_3d\prepared\chips\train\sample_FI_00001030.png,ok,,S2A_MSIL2A_20240829T095031_R079_T35VNK_20240829T134149,2024-08-29,0.0,29.047936,53.6031927656378,0.32421875,256,128,0,0,9,"B02,B03,B04,B08"
FI_00001031,17662,Lapinjärvi,2024-08-29,63.12479397420693,27.432628122752828,,,,940.0,,57.0,7.95,,7.35,8.0,,83.0,7.45,,17.1,940.0,,57.0,7.95,1.0,Lapinjärvi 214,Lapinjärvi,Kuopio,,,,,,,,,FI_00001024,Lapinjärvi,2024-07-15,63.12479397420693,27.432628122752828,,,,905.0,,72.5,6.400000000000001,S2_FI_00001024,2024-08-27,2,94.797188,53.0974632715207,170.79222887158,,,34VEQ,S2B_MSIL2A_20240827T095549_R122_T34VEQ_20240827T130925,,7.55,4.9750000000000005,,54.0,7.25,,18.975,905.0,,72.5,6.400000000000001,1.0,Lapinjärvi 214,Lapinjärvi,Kuopio,,,,,,,,,ok,,-7,2024-08-21,1.0,12.170371,S2B_MSIL2A_20240821T093549_R036_T35VNL_20240821T121804,1243.0,1180.0,1171.0,1154.0,-5,,,,,,,,,-3,2024-08-26,0.0,23.216881,S2A_MSIL2A_20240826T094031_R036_T35VNK_20240826T134251,1283.0,1274.0,1231.0,1188.0,-1,2024-08-29,1.0,29.047936,S2A_MSIL2A_20240829T095031_R079_T35VNK_20240829T134149,1144.0,1148.0,1136.0,1043.0,0,2024-08-29,0.0,29.047936,S2A_MSIL2A_20240829T095031_R079_T35VNK_20240829T134149,1144.0,1148.0,1136.0,1043.0,1,2024-08-29,1.0,29.047936,S2A_MSIL2A_20240829T095031_R079_T35VNK_20240829T134149,1144.0,1148.0,1136.0,1043.0,3,,,,,,,,,5,,,,,,,,,7,2024-09-05,0.0,0.067783,S2A_MSIL2A_20240905T094031_R036_T35VNK_20240905T133953,1189.0,1188.0,1194.0,1131.0,D:\Water Quality Parameter Estimation\wq_pipeline\artifacts\tolerance_3d\prepared\chips\train\sample_FI_00001031.npz,D:\Water Quality Parameter Estimation\wq_pipeline\artifacts\tolerance_3d\prepared\chips\train\sample_FI_00001031.png,ok,,S2A_MSIL2A_20240829T095031_R079_T35VNK_20240829T134149,2024-08-29,0.0,29.047936,53.6031927656378,0.32421875,256,128,0,0,9,"B02,B03,B04,B08"
FI_00001032,18170,18170,2023-01-12,63.728776901271246,26.38240528354664,,,,840.0,19.0,59.0,11.0,,,,,,7.099999999999999,10.0,-0.2,840.0,19.0,59.0,11.0,0.1,Korpijoki 2,,Kiuruvesi,,,,,,,,,FI_00001170,18170,2024-01-08,63.728776901271246,26.38240528354664,,,,840.0,18.0,71.0,11.0,S2_FI_00001170,2023-01-12,0,93.960816,83.711775127636,171.176829977033,,,35VLJ,S2B_MSIL2A_20230112T095249_R079_T35VLJ_20240810T224550,,,,,,7.099999999999999,18.0,0.0,840.0,18.0,71.0,11.0,0.0,Korpijoki 2,,Kiuruvesi,,,,,,,,,no_match,,-7,,,,,,,,,-5,,,,,,,,,-3,,,,,,,,,-1,,,,,,,,,0,,,,,,,,,1,,,,,,,,,3,,,,,,,,,5,,,,,,,,,7,,,,,,,,,,,no_match,no_stac_item,,,,,,,256,128,0,0,0,"B02,B03,B04,B08"
FI_00001033,18170,18170,2023-01-12,63.728776901271246,26.38240528354664,,,,840.0,19.0,59.0,11.0,,,,,,7.099999999999999,10.0,-0.2,840.0,19.0,59.0,11.0,0.1,Korpijoki 2,,Kiuruvesi,,,,,,,,,FI_00001170,18170,2024-01-08,63.728776901271246,26.38240528354664,,,,840.0,18.0,71.0,11.0,S2_FI_00001170,2023-01-12,0,93.960816,83.711775127636,171.176829977033,,,35VLJ,S2B_MSIL2A_20230112T095249_R079_T35VLJ_20240810T224550,,,,,,7.099999999999999,18.0,0.0,840.0,18.0,71.0,11.0,0.0,Korpijoki 2,,Kiuruvesi,,,,,,,,,no_match,,-7,,,,,,,,,-5,,,,,,,,,-3,,,,,,,,,-1,,,,,,,,,0,,,,,,,,,1,,,,,,,,,3,,,,,,,,,5,,,,,,,,,7,,,,,,,,,,,no_match,no_stac_item,,,,,,,256,128,0,0,0,"B02,B03,B04,B08"
FI_00001034,18170,18170,2023-01-12,63.728776901271246,26.38240528354664,,,,840.0,19.0,59.0,11.0,,,,,,7.099999999999999,10.0,-0.2,840.0,19.0,59.0,11.0,0.1,Korpijoki 2,,Kiuruvesi,,,,,,,,,FI_00001170,18170,2024-01-08,63.728776901271246,26.38240528354664,,,,840.0,18.0,71.0,11.0,S2_FI_00001170,2023-01-12,0,93.960816,83.711775127636,171.176829977033,,,35VLJ,S2B_MSIL2A_20230112T095249_R079_T35VLJ_20240810T224550,,,,,,7.099999999999999,18.0,0.0,840.0,18.0,71.0,11.0,0.0,Korpijoki 2,,Kiuruvesi,,,,,,,,,no_match,,-7,,,,,,,,,-5,,,,,,,,,-3,,,,,,,,,-1,,,,,,,,,0,,,,,,,,,1,,,,,,,,,3,,,,,,,,,5,,,,,,,,,7,,,,,,,,,,,no_match,no_stac_item,,,,,,,256,128,0,0,0,"B02,B03,B04,B08"
FI_00001035,18170,18170,2023-01-12,63.728776901271246,26.38240528354664,,,,840.0,19.0,59.0,11.0,,,,,,7.099999999999999,10.0,-0.2,840.0,19.0,59.0,11.0,0.1,Korpijoki 2,,Kiuruvesi,,,,,,,,,FI_00001170,18170,2024-01-08,63.728776901271246,26.38240528354664,,,,840.0,18.0,71.0,11.0,S2_FI_00001170,2023-01-12,0,93.960816,83.711775127636,171.176829977033,,,35VLJ,S2B_MSIL2A_20230112T095249_R079_T35VLJ_20240810T224550,,,,,,7.099999999999999,18.0,0.0,840.0,18.0,71.0,11.0,0.0,Korpijoki 2,,Kiuruvesi,,,,,,,,,no_match,,-7,,,,,,,,,-5,,,,,,,,,-3,,,,,,,,,-1,,,,,,,,,0,,,,,,,,,1,,,,,,,,,3,,,,,,,,,5,,,,,,,,,7,,,,,,,,,,,no_match,no_stac_item,,,,,,,256,128,0,0,0,"B02,B03,B04,B08"
FI_00001036,18170,18170,2023-01-12,63.728776901271246,26.38240528354664,,,,840.0,19.0,59.0,11.0,,,,,,7.099999999999999,10.0,-0.2,840.0,19.0,59.0,11.0,0.1,Korpijoki 2,,Kiuruvesi,,,,,,,,,FI_00001170,18170,2024-01-08,63.728776901271246,26.38240528354664,,,,840.0,18.0,71.0,11.0,S2_FI_00001170,2023-01-12,0,93.960816,83.711775127636,171.176829977033,,,35VLJ,S2B_MSIL2A_20230112T095249_R079_T35VLJ_20240810T224550,,,,,,7.099999999999999,18.0,0.0,840.0,18.0,71.0,11.0,0.0,Korpijoki 2,,Kiuruvesi,,,,,,,,,no_match,,-7,,,,,,,,,-5,,,,,,,,,-3,,,,,,,,,-1,,,,,,,,,0,,,,,,,,,1,,,,,,,,,3,,,,,,,,,5,,,,,,,,,7,,,,,,,,,,,no_match,no_stac_item,,,,,,,256,128,0,0,0,"B02,B03,B04,B08"
FI_00001037,18170,18170,2023-01-12,63.728776901271246,26.38240528354664,,,,840.0,19.0,59.0,11.0,,,,,,7.099999999999999,10.0,-0.2,840.0,19.0,59.0,11.0,0.1,Korpijoki 2,,Kiuruvesi,,,,,,,,,FI_00001170,18170,2024-01-08,63.728776901271246,26.38240528354664,,,,840.0,18.0,71.0,11.0,S2_FI_00001170,2023-01-12,0,93.960816,83.711775127636,171.176829977033,,,35VLJ,S2B_MSIL2A_20230112T095249_R079_T35VLJ_20240810T224550,,,,,,7.099999999999999,18.0,0.0,840.0,18.0,71.0,11.0,0.0,Korpijoki 2,,Kiuruvesi,,,,,,,,,no_match,,-7,,,,,,,,,-5,,,,,,,,,-3,,,,,,,,,-1,,,,,,,,,0,,,,,,,,,1,,,,,,,,,3,,,,,,,,,5,,,,,,,,,7,,,,,,,,,,,no_match,no_stac_item,,,,,,,256,128,0,0,0,"B02,B03,B04,B08"
FI_00001038,18170,18170,2023-02-13,63.728776901271246,26.38240528354664,,,,830.0,19.0,51.0,8.9,,,,,,7.0,14.0,-1.0,830.0,19.0,51.0,8.9,0.2,Korpijoki 2,,Kiuruvesi,,,,,,,,,FI_00001116,18170,2023-08-17,63.728776901271246,26.38240528354664,,27.0,,1100.0,31.0,58.5,9.5,S2_FI_00001116,2023-02-14,1,98.475462,79.3447539929829,175.240491094592,,,35WNP,S2B_MSIL2A_20230214T100029_R122_T35WNP_20240812T190154,,6.5,,27.0,,7.2,23.0,15.6,1100.0,31.0,58.5,9.5,0.1,Korpijoki 2,,Kiuruvesi,,,,,,,,,ok,,-7,2023-02-06,0.0,3.53099,S2A_MSIL2A_20230206T095201_R079_T35VML_20230207T042217,3252.0,2726.0,2404.0,2510.0,-5,,,,,,,,,-3,2023-02-11,1.0,2.844958,S2B_MSIL2A_20230211T095039_R079_T35VML_20230212T020942,2764.0,2172.0,1907.0,2156.0,-1,2023-02-11,1.0,2.844958,S2B_MSIL2A_20230211T095039_R079_T35VML_20230212T020942,2764.0,2172.0,1907.0,2156.0,0,2023-02-13,0.0,28.785446,S2A_MSIL2A_20230213T094111_R036_T35VML_20230213T181729,2688.0,2196.0,1836.0,2392.0,1,2023-02-13,1.0,28.785446,S2A_MSIL2A_20230213T094111_R036_T35VML_20230213T181729,2688.0,2196.0,1836.0,2392.0,3,,,,,,,,,5,,,,,,,,,7,,,,,,,,,,,rejected,nodata_reject,S2A_MSIL2A_20230213T094111_R036_T35VML_20230213T181729,2023-02-13,0.0,28.785446,77.4489342377156,1.0,256,128,0,0,9,"B02,B03,B04,B08"
FI_00001039,18170,18170,2023-02-13,63.728776901271246,26.38240528354664,,,,830.0,19.0,51.0,8.9,,,,,,7.0,14.0,-1.0,830.0,19.0,51.0,8.9,0.2,Korpijoki 2,,Kiuruvesi,,,,,,,,,FI_00001116,18170,2023-08-17,63.728776901271246,26.38240528354664,,27.0,,1100.0,31.0,58.5,9.5,S2_FI_00001116,2023-02-14,1,98.475462,79.3447539929829,175.240491094592,,,35WNP,S2B_MSIL2A_20230214T100029_R122_T35WNP_20240812T190154,,6.5,,27.0,,7.2,23.0,15.6,1100.0,31.0,58.5,9.5,0.1,Korpijoki 2,,Kiuruvesi,,,,,,,,,ok,,-7,2023-02-06,0.0,3.53099,S2A_MSIL2A_20230206T095201_R079_T35VML_20230207T042217,3252.0,2726.0,2404.0,2510.0,-5,,,,,,,,,-3,2023-02-11,1.0,2.844958,S2B_MSIL2A_20230211T095039_R079_T35VML_20230212T020942,2764.0,2172.0,1907.0,2156.0,-1,2023-02-11,1.0,2.844958,S2B_MSIL2A_20230211T095039_R079_T35VML_20230212T020942,2764.0,2172.0,1907.0,2156.0,0,2023-02-13,0.0,28.785446,S2A_MSIL2A_20230213T094111_R036_T35VML_20230213T181729,2688.0,2196.0,1836.0,2392.0,1,2023-02-13,1.0,28.785446,S2A_MSIL2A_20230213T094111_R036_T35VML_20230213T181729,2688.0,2196.0,1836.0,2392.0,3,,,,,,,,,5,,,,,,,,,7,,,,,,,,,,,rejected,nodata_reject,S2A_MSIL2A_20230213T094111_R036_T35VML_20230213T181729,2023-02-13,0.0,28.785446,77.4489342377156,1.0,256,128,0,0,9,"B02,B03,B04,B08"
FI_00001040,18170,18170,2023-02-13,63.728776901271246,26.38240528354664,,,,830.0,19.0,51.0,8.9,,,,,,7.0,14.0,-1.0,830.0,19.0,51.0,8.9,0.2,Korpijoki 2,,Kiuruvesi,,,,,,,,,FI_00001116,18170,2023-08-17,63.728776901271246,26.38240528354664,,27.0,,1100.0,31.0,58.5,9.5,S2_FI_00001116,2023-02-14,1,98.475462,79.3447539929829,175.240491094592,,,35WNP,S2B_MSIL2A_20230214T100029_R122_T35WNP_20240812T190154,,6.5,,27.0,,7.2,23.0,15.6,1100.0,31.0,58.5,9.5,0.1,Korpijoki 2,,Kiuruvesi,,,,,,,,,ok,,-7,2023-02-06,0.0,3.53099,S2A_MSIL2A_20230206T095201_R079_T35VML_20230207T042217,3252.0,2726.0,2404.0,2510.0,-5,,,,,,,,,-3,2023-02-11,1.0,2.844958,S2B_MSIL2A_20230211T095039_R079_T35VML_20230212T020942,2764.0,2172.0,1907.0,2156.0,-1,2023-02-11,1.0,2.844958,S2B_MSIL2A_20230211T095039_R079_T35VML_20230212T020942,2764.0,2172.0,1907.0,2156.0,0,2023-02-13,0.0,28.785446,S2A_MSIL2A_20230213T094111_R036_T35VML_20230213T181729,2688.0,2196.0,1836.0,2392.0,1,2023-02-13,1.0,28.785446,S2A_MSIL2A_20230213T094111_R036_T35VML_20230213T181729,2688.0,2196.0,1836.0,2392.0,3,,,,,,,,,5,,,,,,,,,7,,,,,,,,,,,rejected,nodata_reject,S2A_MSIL2A_20230213T094111_R036_T35VML_20230213T181729,2023-02-13,0.0,28.785446,77.4489342377156,1.0,256,128,0,0,9,"B02,B03,B04,B08"
FI_00001041,18170,18170,2023-02-13,63.728776901271246,26.38240528354664,,,,830.0,19.0,51.0,8.9,,,,,,7.0,14.0,-1.0,830.0,19.0,51.0,8.9,0.2,Korpijoki 2,,Kiuruvesi,,,,,,,,,FI_00001116,18170,2023-08-17,63.728776901271246,26.38240528354664,,27.0,,1100.0,31.0,58.5,9.5,S2_FI_00001116,2023-02-14,1,98.475462,79.3447539929829,175.240491094592,,,35WNP,S2B_MSIL2A_20230214T100029_R122_T35WNP_20240812T190154,,6.5,,27.0,,7.2,23.0,15.6,1100.0,31.0,58.5,9.5,0.1,Korpijoki 2,,Kiuruvesi,,,,,,,,,ok,,-7,2023-02-06,0.0,3.53099,S2A_MSIL2A_20230206T095201_R079_T35VML_20230207T042217,3252.0,2726.0,2404.0,2510.0,-5,,,,,,,,,-3,2023-02-11,1.0,2.844958,S2B_MSIL2A_20230211T095039_R079_T35VML_20230212T020942,2764.0,2172.0,1907.0,2156.0,-1,2023-02-11,1.0,2.844958,S2B_MSIL2A_20230211T095039_R079_T35VML_20230212T020942,2764.0,2172.0,1907.0,2156.0,0,2023-02-13,0.0,28.785446,S2A_MSIL2A_20230213T094111_R036_T35VML_20230213T181729,2688.0,2196.0,1836.0,2392.0,1,2023-02-13,1.0,28.785446,S2A_MSIL2A_20230213T094111_R036_T35VML_20230213T181729,2688.0,2196.0,1836.0,2392.0,3,,,,,,,,,5,,,,,,,,,7,,,,,,,,,,,rejected,nodata_reject,S2A_MSIL2A_20230213T094111_R036_T35VML_20230213T181729,2023-02-13,0.0,28.785446,77.4489342377156,1.0,256,128,0,0,9,"B02,B03,B04,B08"
FI_00001042,18170,18170,2023-02-13,63.728776901271246,26.38240528354664,,,,830.0,19.0,51.0,8.9,,,,,,7.0,14.0,-1.0,830.0,19.0,51.0,8.9,0.2,Korpijoki 2,,Kiuruvesi,,,,,,,,,FI_00001116,18170,2023-08-17,63.728776901271246,26.38240528354664,,27.0,,1100.0,31.0,58.5,9.5,S2_FI_00001116,2023-02-14,1,98.475462,79.3447539929829,175.240491094592,,,35WNP,S2B_MSIL2A_20230214T100029_R122_T35WNP_20240812T190154,,6.5,,27.0,,7.2,23.0,15.6,1100.0,31.0,58.5,9.5,0.1,Korpijoki 2,,Kiuruvesi,,,,,,,,,ok,,-7,2023-02-06,0.0,3.53099,S2A_MSIL2A_20230206T095201_R079_T35VML_20230207T042217,3252.0,2726.0,2404.0,2510.0,-5,,,,,,,,,-3,2023-02-11,1.0,2.844958,S2B_MSIL2A_20230211T095039_R079_T35VML_20230212T020942,2764.0,2172.0,1907.0,2156.0,-1,2023-02-11,1.0,2.844958,S2B_MSIL2A_20230211T095039_R079_T35VML_20230212T020942,2764.0,2172.0,1907.0,2156.0,0,2023-02-13,0.0,28.785446,S2A_MSIL2A_20230213T094111_R036_T35VML_20230213T181729,2688.0,2196.0,1836.0,2392.0,1,2023-02-13,1.0,28.785446,S2A_MSIL2A_20230213T094111_R036_T35VML_20230213T181729,2688.0,2196.0,1836.0,2392.0,3,,,,,,,,,5,,,,,,,,,7,,,,,,,,,,,rejected,nodata_reject,S2A_MSIL2A_20230213T094111_R036_T35VML_20230213T181729,2023-02-13,0.0,28.785446,77.4489342377156,1.0,256,128,0,0,9,"B02,B03,B04,B08"
FI_00001043,18170,18170,2023-02-13,63.728776901271246,26.38240528354664,,,,830.0,19.0,51.0,8.9,,,,,,7.0,14.0,-1.0,830.0,19.0,51.0,8.9,0.2,Korpijoki 2,,Kiuruvesi,,,,,,,,,FI_00001116,18170,2023-08-17,63.728776901271246,26.38240528354664,,27.0,,1100.0,31.0,58.5,9.5,S2_FI_00001116,2023-02-14,1,98.475462,79.3447539929829,175.240491094592,,,35WNP,S2B_MSIL2A_20230214T100029_R122_T35WNP_20240812T190154,,6.5,,27.0,,7.2,23.0,15.6,1100.0,31.0,58.5,9.5,0.1,Korpijoki 2,,Kiuruvesi,,,,,,,,,ok,,-7,2023-02-06,0.0,3.53099,S2A_MSIL2A_20230206T095201_R079_T35VML_20230207T042217,3252.0,2726.0,2404.0,2510.0,-5,,,,,,,,,-3,2023-02-11,1.0,2.844958,S2B_MSIL2A_20230211T095039_R079_T35VML_20230212T020942,2764.0,2172.0,1907.0,2156.0,-1,2023-02-11,1.0,2.844958,S2B_MSIL2A_20230211T095039_R079_T35VML_20230212T020942,2764.0,2172.0,1907.0,2156.0,0,2023-02-13,0.0,28.785446,S2A_MSIL2A_20230213T094111_R036_T35VML_20230213T181729,2688.0,2196.0,1836.0,2392.0,1,2023-02-13,1.0,28.785446,S2A_MSIL2A_20230213T094111_R036_T35VML_20230213T181729,2688.0,2196.0,1836.0,2392.0,3,,,,,,,,,5,,,,,,,,,7,,,,,,,,,,,rejected,nodata_reject,S2A_MSIL2A_20230213T094111_R036_T35VML_20230213T181729,2023-02-13,0.0,28.785446,77.4489342377156,1.0,256,128,0,0,9,"B02,B03,B04,B08"
FI_00001044,18170,18170,2023-03-16,63.728776901271246,26.38240528354664,,14.0,,1100.0,18.0,46.0,13.0,,9.1,,14.0,,7.2,13.0,0.2,1100.0,18.0,46.0,13.0,0.1,Korpijoki 2,,Kiuruvesi,,,,,,,,,FI_00001036,18170,2023-01-12,63.728776901271246,26.38240528354664,,,,840.0,19.0,59.0,11.0,S2_FI_00001036,2023-03-14,2,98.147136,63.6190198923232,172.307591130161,,,34VEN,S2A_MSIL2A_20230314T101021_R022_T34VEN_20240820T194151,,,,,,7.099999999999999,10.0,-0.2,840.0,19.0,59.0,11.0,0.1,Korpijoki 2,,Kiuruvesi,,,,,,,,,ok,,-7,,,,,,,,,-5,,,,,,,,,-3,2023-03-13,0.0,34.588033,S2B_MSIL2A_20230313T095039_R079_T35VML_20240819T180634,2232.0,1878.0,1667.0,2304.0,-1,2023-03-16,1.0,19.089602,S2B_MSIL2A_20230316T100029_R122_T35VML_20240806T010023,1799.0,1623.0,1618.0,2490.0,0,2023-03-16,0.0,19.089602,S2B_MSIL2A_20230316T100029_R122_T35VML_20240806T010023,1799.0,1623.0,1618.0,2490.0,1,2023-03-16,1.0,19.089602,S2B_MSIL2A_20230316T100029_R122_T35VML_20240806T010023,1799.0,1623.0,1618.0,2490.0,3,,,,,,,,,5,,,,,,,,,7,,,,,,,,,D:\Water Quality Parameter Estimation\wq_pipeline\artifacts\tolerance_3d\prepared\chips\train\sample_FI_00001044.npz,D:\Water Quality Parameter Estimation\wq_pipeline\artifacts\tolerance_3d\prepared\chips\train\sample_FI_00001044.png,ok,,S2B_MSIL2A_20230316T100029_R122_T35VML_20240806T010023,2023-03-16,0.0,19.089602,65.4229790210436,1.1444091796875e-05,256,128,0,0,9,"B02,B03,B04,B08"
FI_00001045,18170,18170,2023-03-16,63.728776901271246,26.38240528354664,,14.0,,1100.0,18.0,46.0,13.0,,9.1,,14.0,,7.2,13.0,0.2,1100.0,18.0,46.0,13.0,0.1,Korpijoki 2,,Kiuruvesi,,,,,,,,,FI_00001036,18170,2023-01-12,63.728776901271246,26.38240528354664,,,,840.0,19.0,59.0,11.0,S2_FI_00001036,2023-03-14,2,98.147136,63.6190198923232,172.307591130161,,,34VEN,S2A_MSIL2A_20230314T101021_R022_T34VEN_20240820T194151,,,,,,7.099999999999999,10.0,-0.2,840.0,19.0,59.0,11.0,0.1,Korpijoki 2,,Kiuruvesi,,,,,,,,,ok,,-7,,,,,,,,,-5,,,,,,,,,-3,2023-03-13,0.0,34.588033,S2B_MSIL2A_20230313T095039_R079_T35VML_20240819T180634,2232.0,1878.0,1667.0,2304.0,-1,2023-03-16,1.0,19.089602,S2B_MSIL2A_20230316T100029_R122_T35VML_20240806T010023,1799.0,1623.0,1618.0,2490.0,0,2023-03-16,0.0,19.089602,S2B_MSIL2A_20230316T100029_R122_T35VML_20240806T010023,1799.0,1623.0,1618.0,2490.0,1,2023-03-16,1.0,19.089602,S2B_MSIL2A_20230316T100029_R122_T35VML_20240806T010023,1799.0,1623.0,1618.0,2490.0,3,,,,,,,,,5,,,,,,,,,7,,,,,,,,,D:\Water Quality Parameter Estimation\wq_pipeline\artifacts\tolerance_3d\prepared\chips\train\sample_FI_00001045.npz,D:\Water Quality Parameter Estimation\wq_pipeline\artifacts\tolerance_3d\prepared\chips\train\sample_FI_00001045.png,ok,,S2B_MSIL2A_20230316T100029_R122_T35VML_20240806T010023,2023-03-16,0.0,19.089602,65.4229790210436,1.1444091796875e-05,256,128,0,0,9,"B02,B03,B04,B08"
FI_00001046,18170,18170,2023-03-16,63.728776901271246,26.38240528354664,,14.0,,1100.0,18.0,46.0,13.0,,9.1,,14.0,,7.2,13.0,0.2,1100.0,18.0,46.0,13.0,0.1,Korpijoki 2,,Kiuruvesi,,,,,,,,,FI_00001036,18170,2023-01-12,63.728776901271246,26.38240528354664,,,,840.0,19.0,59.0,11.0,S2_FI_00001036,2023-03-14,2,98.147136,63.6190198923232,172.307591130161,,,34VEN,S2A_MSIL2A_20230314T101021_R022_T34VEN_20240820T194151,,,,,,7.099999999999999,10.0,-0.2,840.0,19.0,59.0,11.0,0.1,Korpijoki 2,,Kiuruvesi,,,,,,,,,ok,,-7,,,,,,,,,-5,,,,,,,,,-3,2023-03-13,0.0,34.588033,S2B_MSIL2A_20230313T095039_R079_T35VML_20240819T180634,2232.0,1878.0,1667.0,2304.0,-1,2023-03-16,1.0,19.089602,S2B_MSIL2A_20230316T100029_R122_T35VML_20240806T010023,1799.0,1623.0,1618.0,2490.0,0,2023-03-16,0.0,19.089602,S2B_MSIL2A_20230316T100029_R122_T35VML_20240806T010023,1799.0,1623.0,1618.0,2490.0,1,2023-03-16,1.0,19.089602,S2B_MSIL2A_20230316T100029_R122_T35VML_20240806T010023,1799.0,1623.0,1618.0,2490.0,3,,,,,,,,,5,,,,,,,,,7,,,,,,,,,D:\Water Quality Parameter Estimation\wq_pipeline\artifacts\tolerance_3d\prepared\chips\train\sample_FI_00001046.npz,D:\Water Quality Parameter Estimation\wq_pipeline\artifacts\tolerance_3d\prepared\chips\train\sample_FI_00001046.png,ok,,S2B_MSIL2A_20230316T100029_R122_T35VML_20240806T010023,2023-03-16,0.0,19.089602,65.4229790210436,1.1444091796875e-05,256,128,0,0,9,"B02,B03,B04,B08"
FI_00001047,18170,18170,2023-03-16,63.728776901271246,26.38240528354664,,14.0,,1100.0,18.0,46.0,13.0,,9.1,,14.0,,7.2,13.0,0.2,1100.0,18.0,46.0,13.0,0.1,Korpijoki 2,,Kiuruvesi,,,,,,,,,FI_00001036,18170,2023-01-12,63.728776901271246,26.38240528354664,,,,840.0,19.0,59.0,11.0,S2_FI_00001036,2023-03-14,2,98.147136,63.6190198923232,172.307591130161,,,34VEN,S2A_MSIL2A_20230314T101021_R022_T34VEN_20240820T194151,,,,,,7.099999999999999,10.0,-0.2,840.0,19.0,59.0,11.0,0.1,Korpijoki 2,,Kiuruvesi,,,,,,,,,ok,,-7,,,,,,,,,-5,,,,,,,,,-3,2023-03-13,0.0,34.588033,S2B_MSIL2A_20230313T095039_R079_T35VML_20240819T180634,2232.0,1878.0,1667.0,2304.0,-1,2023-03-16,1.0,19.089602,S2B_MSIL2A_20230316T100029_R122_T35VML_20240806T010023,1799.0,1623.0,1618.0,2490.0,0,2023-03-16,0.0,19.089602,S2B_MSIL2A_20230316T100029_R122_T35VML_20240806T010023,1799.0,1623.0,1618.0,2490.0,1,2023-03-16,1.0,19.089602,S2B_MSIL2A_20230316T100029_R122_T35VML_20240806T010023,1799.0,1623.0,1618.0,2490.0,3,,,,,,,,,5,,,,,,,,,7,,,,,,,,,D:\Water Quality Parameter Estimation\wq_pipeline\artifacts\tolerance_3d\prepared\chips\train\sample_FI_00001047.npz,D:\Water Quality Parameter Estimation\wq_pipeline\artifacts\tolerance_3d\prepared\chips\train\sample_FI_00001047.png,ok,,S2B_MSIL2A_20230316T100029_R122_T35VML_20240806T010023,2023-03-16,0.0,19.089602,65.4229790210436,1.1444091796875e-05,256,128,0,0,9,"B02,B03,B04,B08"
FI_00001048,18170,18170,2023-03-16,63.728776901271246,26.38240528354664,,14.0,,1100.0,18.0,46.0,13.0,,9.1,,14.0,,7.2,13.0,0.2,1100.0,18.0,46.0,13.0,0.1,Korpijoki 2,,Kiuruvesi,,,,,,,,,FI_00001036,18170,2023-01-12,63.728776901271246,26.38240528354664,,,,840.0,19.0,59.0,11.0,S2_FI_00001036,2023-03-14,2,98.147136,63.6190198923232,172.307591130161,,,34VEN,S2A_MSIL2A_20230314T101021_R022_T34VEN_20240820T194151,,,,,,7.099999999999999,10.0,-0.2,840.0,19.0,59.0,11.0,0.1,Korpijoki 2,,Kiuruvesi,,,,,,,,,ok,,-7,,,,,,,,,-5,,,,,,,,,-3,2023-03-13,0.0,34.588033,S2B_MSIL2A_20230313T095039_R079_T35VML_20240819T180634,2232.0,1878.0,1667.0,2304.0,-1,2023-03-16,1.0,19.089602,S2B_MSIL2A_20230316T100029_R122_T35VML_20240806T010023,1799.0,1623.0,1618.0,2490.0,0,2023-03-16,0.0,19.089602,S2B_MSIL2A_20230316T100029_R122_T35VML_20240806T010023,1799.0,1623.0,1618.0,2490.0,1,2023-03-16,1.0,19.089602,S2B_MSIL2A_20230316T100029_R122_T35VML_20240806T010023,1799.0,1623.0,1618.0,2490.0,3,,,,,,,,,5,,,,,,,,,7,,,,,,,,,D:\Water Quality Parameter Estimation\wq_pipeline\artifacts\tolerance_3d\prepared\chips\train\sample_FI_00001048.npz,D:\Water Quality Parameter Estimation\wq_pipeline\artifacts\tolerance_3d\prepared\chips\train\sample_FI_00001048.png,ok,,S2B_MSIL2A_20230316T100029_R122_T35VML_20240806T010023,2023-03-16,0.0,19.089602,65.4229790210436,1.1444091796875e-05,256,128,0,0,9,"B02,B03,B04,B08"
FI_00001049,18170,18170,2023-03-16,63.728776901271246,26.38240528354664,,14.0,,1100.0,18.0,46.0,13.0,,9.1,,14.0,,7.2,13.0,0.2,1100.0,18.0,46.0,13.0,0.1,Korpijoki 2,,Kiuruvesi,,,,,,,,,FI_00001036,18170,2023-01-12,63.728776901271246,26.38240528354664,,,,840.0,19.0,59.0,11.0,S2_FI_00001036,2023-03-14,2,98.147136,63.6190198923232,172.307591130161,,,34VEN,S2A_MSIL2A_20230314T101021_R022_T34VEN_20240820T194151,,,,,,7.099999999999999,10.0,-0.2,840.0,19.0,59.0,11.0,0.1,Korpijoki 2,,Kiuruvesi,,,,,,,,,ok,,-7,,,,,,,,,-5,,,,,,,,,-3,2023-03-13,0.0,34.588033,S2B_MSIL2A_20230313T095039_R079_T35VML_20240819T180634,2232.0,1878.0,1667.0,2304.0,-1,2023-03-16,1.0,19.089602,S2B_MSIL2A_20230316T100029_R122_T35VML_20240806T010023,1799.0,1623.0,1618.0,2490.0,0,2023-03-16,0.0,19.089602,S2B_MSIL2A_20230316T100029_R122_T35VML_20240806T010023,1799.0,1623.0,1618.0,2490.0,1,2023-03-16,1.0,19.089602,S2B_MSIL2A_20230316T100029_R122_T35VML_20240806T010023,1799.0,1623.0,1618.0,2490.0,3,,,,,,,,,5,,,,,,,,,7,,,,,,,,,D:\Water Quality Parameter Estimation\wq_pipeline\artifacts\tolerance_3d\prepared\chips\train\sample_FI_00001049.npz,D:\Water Quality Parameter Estimation\wq_pipeline\artifacts\tolerance_3d\prepared\chips\train\sample_FI_00001049.png,ok,,S2B_MSIL2A_20230316T100029_R122_T35VML_20240806T010023,2023-03-16,0.0,19.089602,65.4229790210436,1.1444091796875e-05,256,128,0,0,9,"B02,B03,B04,B08"
FI_00001050,18170,18170,2023-04-05,63.728776901271246,26.38240528354664,,,,830.0,17.0,67.0,13.0,,,,,,7.3,18.0,0.5,830.0,17.0,67.0,13.0,0.1,Korpijoki 2,,Kiuruvesi,,,,,,,,,FI_00001204,18170,2024-04-17,63.728776901271246,26.38240528354664,,,,1900.0,30.0,75.0,18.0,S2_FI_00001204,2023-04-05,0,53.753448,55.8164590734542,173.291873466939,,,35VLJ,S2B_MSIL2A_20230405T100029_R122_T35VLJ_20240830T025509,,,,,,5.8,26.0,-0.1,1900.0,30.0,75.0,18.0,0.1,Korpijoki 2,,Kiuruvesi,,,,,,,,,ok,,-7,2023-03-30,1.0,39.537928,S2B_MSIL2A_20230330T094039_R036_T35VML_20230330T143424,2110.0,1783.0,1506.0,1522.0,-5,2023-03-31,0.0,15.245068,S2A_MSIL2A_20230331T100031_R122_T35VML_20240825T230202,2691.0,2604.0,2575.0,3115.0,-3,2023-04-02,0.0,8.334698,S2B_MSIL2A_20230402T095039_R079_T35VML_20240829T005541,1593.0,1523.0,1472.0,2651.0,-1,2023-04-04,0.0,26.227349,S2A_MSIL2A_20230404T094031_R036_T35VML_20240825T224659,1201.0,1453.0,1326.0,2782.0,0,2023-04-04,1.0,26.227349,S2A_MSIL2A_20230404T094031_R036_T35VML_20240825T224659,1201.0,1453.0,1326.0,2782.0,1,2023-04-07,1.0,12.736347,S2A_MSIL2A_20230407T095031_R079_T35VML_20240828T105639,2981.0,2577.0,2948.0,3249.0,3,2023-04-09,1.0,0.68895,S2B_MSIL2A_20230409T094039_R036_T35VML_20240825T050634,1946.0,1978.0,2418.0,3214.0,5,2023-04-09,1.0,0.68895,S2B_MSIL2A_20230409T094039_R036_T35VML_20240825T050634,1946.0,1978.0,2418.0,3214.0,7,,,,,,,,,,,rejected,nodata_reject,S2A_MSIL2A_20230404T094031_R036_T35VML_20240825T224659,2023-04-04,1.0,26.227349,58.2328376586048,1.0,256,128,0,0,9,"B02,B03,B04,B08"
FI_00001051,18170,18170,2023-04-05,63.728776901271246,26.38240528354664,,,,830.0,17.0,67.0,13.0,,,,,,7.3,18.0,0.5,830.0,17.0,67.0,13.0,0.1,Korpijoki 2,,Kiuruvesi,,,,,,,,,FI_00001204,18170,2024-04-17,63.728776901271246,26.38240528354664,,,,1900.0,30.0,75.0,18.0,S2_FI_00001204,2023-04-05,0,53.753448,55.8164590734542,173.291873466939,,,35VLJ,S2B_MSIL2A_20230405T100029_R122_T35VLJ_20240830T025509,,,,,,5.8,26.0,-0.1,1900.0,30.0,75.0,18.0,0.1,Korpijoki 2,,Kiuruvesi,,,,,,,,,ok,,-7,2023-03-30,1.0,39.537928,S2B_MSIL2A_20230330T094039_R036_T35VML_20230330T143424,2110.0,1783.0,1506.0,1522.0,-5,2023-03-31,0.0,15.245068,S2A_MSIL2A_20230331T100031_R122_T35VML_20240825T230202,2691.0,2604.0,2575.0,3115.0,-3,2023-04-02,0.0,8.334698,S2B_MSIL2A_20230402T095039_R079_T35VML_20240829T005541,1593.0,1523.0,1472.0,2651.0,-1,2023-04-04,0.0,26.227349,S2A_MSIL2A_20230404T094031_R036_T35VML_20240825T224659,1201.0,1453.0,1326.0,2782.0,0,2023-04-04,1.0,26.227349,S2A_MSIL2A_20230404T094031_R036_T35VML_20240825T224659,1201.0,1453.0,1326.0,2782.0,1,2023-04-07,1.0,12.736347,S2A_MSIL2A_20230407T095031_R079_T35VML_20240828T105639,2981.0,2577.0,2948.0,3249.0,3,2023-04-09,1.0,0.68895,S2B_MSIL2A_20230409T094039_R036_T35VML_20240825T050634,1946.0,1978.0,2418.0,3214.0,5,2023-04-09,1.0,0.68895,S2B_MSIL2A_20230409T094039_R036_T35VML_20240825T050634,1946.0,1978.0,2418.0,3214.0,7,,,,,,,,,,,rejected,nodata_reject,S2A_MSIL2A_20230404T094031_R036_T35VML_20240825T224659,2023-04-04,1.0,26.227349,58.2328376586048,1.0,256,128,0,0,9,"B02,B03,B04,B08"
FI_00001052,18170,18170,2023-04-05,63.728776901271246,26.38240528354664,,,,830.0,17.0,67.0,13.0,,,,,,7.3,18.0,0.5,830.0,17.0,67.0,13.0,0.1,Korpijoki 2,,Kiuruvesi,,,,,,,,,FI_00001204,18170,2024-04-17,63.728776901271246,26.38240528354664,,,,1900.0,30.0,75.0,18.0,S2_FI_00001204,2023-04-05,0,53.753448,55.8164590734542,173.291873466939,,,35VLJ,S2B_MSIL2A_20230405T100029_R122_T35VLJ_20240830T025509,,,,,,5.8,26.0,-0.1,1900.0,30.0,75.0,18.0,0.1,Korpijoki 2,,Kiuruvesi,,,,,,,,,ok,,-7,2023-03-30,1.0,39.537928,S2B_MSIL2A_20230330T094039_R036_T35VML_20230330T143424,2110.0,1783.0,1506.0,1522.0,-5,2023-03-31,0.0,15.245068,S2A_MSIL2A_20230331T100031_R122_T35VML_20240825T230202,2691.0,2604.0,2575.0,3115.0,-3,2023-04-02,0.0,8.334698,S2B_MSIL2A_20230402T095039_R079_T35VML_20240829T005541,1593.0,1523.0,1472.0,2651.0,-1,2023-04-04,0.0,26.227349,S2A_MSIL2A_20230404T094031_R036_T35VML_20240825T224659,1201.0,1453.0,1326.0,2782.0,0,2023-04-04,1.0,26.227349,S2A_MSIL2A_20230404T094031_R036_T35VML_20240825T224659,1201.0,1453.0,1326.0,2782.0,1,2023-04-07,1.0,12.736347,S2A_MSIL2A_20230407T095031_R079_T35VML_20240828T105639,2981.0,2577.0,2948.0,3249.0,3,2023-04-09,1.0,0.68895,S2B_MSIL2A_20230409T094039_R036_T35VML_20240825T050634,1946.0,1978.0,2418.0,3214.0,5,2023-04-09,1.0,0.68895,S2B_MSIL2A_20230409T094039_R036_T35VML_20240825T050634,1946.0,1978.0,2418.0,3214.0,7,,,,,,,,,,,rejected,nodata_reject,S2A_MSIL2A_20230404T094031_R036_T35VML_20240825T224659,2023-04-04,1.0,26.227349,58.2328376586048,1.0,256,128,0,0,9,"B02,B03,B04,B08"
FI_00001053,18170,18170,2023-04-05,63.728776901271246,26.38240528354664,,,,830.0,17.0,67.0,13.0,,,,,,7.3,18.0,0.5,830.0,17.0,67.0,13.0,0.1,Korpijoki 2,,Kiuruvesi,,,,,,,,,FI_00001204,18170,2024-04-17,63.728776901271246,26.38240528354664,,,,1900.0,30.0,75.0,18.0,S2_FI_00001204,2023-04-05,0,53.753448,55.8164590734542,173.291873466939,,,35VLJ,S2B_MSIL2A_20230405T100029_R122_T35VLJ_20240830T025509,,,,,,5.8,26.0,-0.1,1900.0,30.0,75.0,18.0,0.1,Korpijoki 2,,Kiuruvesi,,,,,,,,,ok,,-7,2023-03-30,1.0,39.537928,S2B_MSIL2A_20230330T094039_R036_T35VML_20230330T143424,2110.0,1783.0,1506.0,1522.0,-5,2023-03-31,0.0,15.245068,S2A_MSIL2A_20230331T100031_R122_T35VML_20240825T230202,2691.0,2604.0,2575.0,3115.0,-3,2023-04-02,0.0,8.334698,S2B_MSIL2A_20230402T095039_R079_T35VML_20240829T005541,1593.0,1523.0,1472.0,2651.0,-1,2023-04-04,0.0,26.227349,S2A_MSIL2A_20230404T094031_R036_T35VML_20240825T224659,1201.0,1453.0,1326.0,2782.0,0,2023-04-04,1.0,26.227349,S2A_MSIL2A_20230404T094031_R036_T35VML_20240825T224659,1201.0,1453.0,1326.0,2782.0,1,2023-04-07,1.0,12.736347,S2A_MSIL2A_20230407T095031_R079_T35VML_20240828T105639,2981.0,2577.0,2948.0,3249.0,3,2023-04-09,1.0,0.68895,S2B_MSIL2A_20230409T094039_R036_T35VML_20240825T050634,1946.0,1978.0,2418.0,3214.0,5,2023-04-09,1.0,0.68895,S2B_MSIL2A_20230409T094039_R036_T35VML_20240825T050634,1946.0,1978.0,2418.0,3214.0,7,,,,,,,,,,,rejected,nodata_reject,S2A_MSIL2A_20230404T094031_R036_T35VML_20240825T224659,2023-04-04,1.0,26.227349,58.2328376586048,1.0,256,128,0,0,9,"B02,B03,B04,B08"
FI_00001054,18170,18170,2023-04-05,63.728776901271246,26.38240528354664,,,,830.0,17.0,67.0,13.0,,,,,,7.3,18.0,0.5,830.0,17.0,67.0,13.0,0.1,Korpijoki 2,,Kiuruvesi,,,,,,,,,FI_00001204,18170,2024-04-17,63.728776901271246,26.38240528354664,,,,1900.0,30.0,75.0,18.0,S2_FI_00001204,2023-04-05,0,53.753448,55.8164590734542,173.291873466939,,,35VLJ,S2B_MSIL2A_20230405T100029_R122_T35VLJ_20240830T025509,,,,,,5.8,26.0,-0.1,1900.0,30.0,75.0,18.0,0.1,Korpijoki 2,,Kiuruvesi,,,,,,,,,ok,,-7,2023-03-30,1.0,39.537928,S2B_MSIL2A_20230330T094039_R036_T35VML_20230330T143424,2110.0,1783.0,1506.0,1522.0,-5,2023-03-31,0.0,15.245068,S2A_MSIL2A_20230331T100031_R122_T35VML_20240825T230202,2691.0,2604.0,2575.0,3115.0,-3,2023-04-02,0.0,8.334698,S2B_MSIL2A_20230402T095039_R079_T35VML_20240829T005541,1593.0,1523.0,1472.0,2651.0,-1,2023-04-04,0.0,26.227349,S2A_MSIL2A_20230404T094031_R036_T35VML_20240825T224659,1201.0,1453.0,1326.0,2782.0,0,2023-04-04,1.0,26.227349,S2A_MSIL2A_20230404T094031_R036_T35VML_20240825T224659,1201.0,1453.0,1326.0,2782.0,1,2023-04-07,1.0,12.736347,S2A_MSIL2A_20230407T095031_R079_T35VML_20240828T105639,2981.0,2577.0,2948.0,3249.0,3,2023-04-09,1.0,0.68895,S2B_MSIL2A_20230409T094039_R036_T35VML_20240825T050634,1946.0,1978.0,2418.0,3214.0,5,2023-04-09,1.0,0.68895,S2B_MSIL2A_20230409T094039_R036_T35VML_20240825T050634,1946.0,1978.0,2418.0,3214.0,7,,,,,,,,,,,rejected,nodata_reject,S2A_MSIL2A_20230404T094031_R036_T35VML_20240825T224659,2023-04-04,1.0,26.227349,58.2328376586048,1.0,256,128,0,0,9,"B02,B03,B04,B08"
FI_00001055,18170,18170,2023-04-05,63.728776901271246,26.38240528354664,,,,830.0,17.0,67.0,13.0,,,,,,7.3,18.0,0.5,830.0,17.0,67.0,13.0,0.1,Korpijoki 2,,Kiuruvesi,,,,,,,,,FI_00001204,18170,2024-04-17,63.728776901271246,26.38240528354664,,,,1900.0,30.0,75.0,18.0,S2_FI_00001204,2023-04-05,0,53.753448,55.8164590734542,173.291873466939,,,35VLJ,S2B_MSIL2A_20230405T100029_R122_T35VLJ_20240830T025509,,,,,,5.8,26.0,-0.1,1900.0,30.0,75.0,18.0,0.1,Korpijoki 2,,Kiuruvesi,,,,,,,,,ok,,-7,2023-03-30,1.0,39.537928,S2B_MSIL2A_20230330T094039_R036_T35VML_20230330T143424,2110.0,1783.0,1506.0,1522.0,-5,2023-03-31,0.0,15.245068,S2A_MSIL2A_20230331T100031_R122_T35VML_20240825T230202,2691.0,2604.0,2575.0,3115.0,-3,2023-04-02,0.0,8.334698,S2B_MSIL2A_20230402T095039_R079_T35VML_20240829T005541,1593.0,1523.0,1472.0,2651.0,-1,2023-04-04,0.0,26.227349,S2A_MSIL2A_20230404T094031_R036_T35VML_20240825T224659,1201.0,1453.0,1326.0,2782.0,0,2023-04-04,1.0,26.227349,S2A_MSIL2A_20230404T094031_R036_T35VML_20240825T224659,1201.0,1453.0,1326.0,2782.0,1,2023-04-07,1.0,12.736347,S2A_MSIL2A_20230407T095031_R079_T35VML_20240828T105639,2981.0,2577.0,2948.0,3249.0,3,2023-04-09,1.0,0.68895,S2B_MSIL2A_20230409T094039_R036_T35VML_20240825T050634,1946.0,1978.0,2418.0,3214.0,5,2023-04-09,1.0,0.68895,S2B_MSIL2A_20230409T094039_R036_T35VML_20240825T050634,1946.0,1978.0,2418.0,3214.0,7,,,,,,,,,,,rejected,nodata_reject,S2A_MSIL2A_20230404T094031_R036_T35VML_20240825T224659,2023-04-04,1.0,26.227349,58.2328376586048,1.0,256,128,0,0,9,"B02,B03,B04,B08"
FI_00001056,18170,18170,2023-04-12,63.728776901271246,26.38240528354664,,,,1500.0,19.0,81.0,14.0,,,,,,7.2,16.0,0.2,1500.0,19.0,81.0,14.0,0.2,Korpijoki 2,,Kiuruvesi,,,,,,,,,FI_00001205,18170,2024-04-17,63.728776901271246,26.38240528354664,,,,1900.0,30.0,75.0,18.0,S2_FI_00001205,2023-04-12,0,59.426057,53.3484618395951,170.624960597929,,,35VLJ,S2B_MSIL2A_20230412T095029_R079_T35VLJ_20240828T091729,,,,,,5.8,26.0,-0.1,1900.0,30.0,75.0,18.0,0.1,Korpijoki 2,,Kiuruvesi,,,,,,,,,ok,,-7,2023-04-04,1.0,26.227349,S2A_MSIL2A_20230404T094031_R036_T35VML_20240825T224659,1201.0,1453.0,1326.0,2782.0,-5,2023-04-07,0.0,12.736347,S2A_MSIL2A_20230407T095031_R079_T35VML_20240828T105639,2981.0,2577.0,2948.0,3249.0,-3,2023-04-09,0.0,0.68895,S2B_MSIL2A_20230409T094039_R036_T35VML_20240825T050634,1946.0,1978.0,2418.0,3214.0,-1,,,,,,,,,0,,,,,,,,,1,2023-04-14,1.0,2.668856,S2A_MSIL2A_20230414T094031_R036_T35VML_20230414T162121,747.0,1052.0,1108.0,2462.0,3,2023-04-15,0.0,11.012667,S2B_MSIL2A_20230415T100029_R122_T35VML_20240826T150136,1249.0,1312.0,1508.0,2332.0,5,2023-04-17,0.0,19.486843,S2A_MSIL2A_20230417T095031_R079_T35VML_20240902T191342,879.0,1172.0,1289.0,2137.0,7,,,,,,,,,,,rejected,nodata_reject,S2A_MSIL2A_20230414T094031_R036_T35VML_20230414T162121,2023-04-14,2.0,2.668856,54.4737998590792,1.0,256,128,0,0,9,"B02,B03,B04,B08"
FI_00001057,18170,18170,2023-04-12,63.728776901271246,26.38240528354664,,,,1500.0,19.0,81.0,14.0,,,,,,7.2,16.0,0.2,1500.0,19.0,81.0,14.0,0.2,Korpijoki 2,,Kiuruvesi,,,,,,,,,FI_00001205,18170,2024-04-17,63.728776901271246,26.38240528354664,,,,1900.0,30.0,75.0,18.0,S2_FI_00001205,2023-04-12,0,59.426057,53.3484618395951,170.624960597929,,,35VLJ,S2B_MSIL2A_20230412T095029_R079_T35VLJ_20240828T091729,,,,,,5.8,26.0,-0.1,1900.0,30.0,75.0,18.0,0.1,Korpijoki 2,,Kiuruvesi,,,,,,,,,ok,,-7,2023-04-04,1.0,26.227349,S2A_MSIL2A_20230404T094031_R036_T35VML_20240825T224659,1201.0,1453.0,1326.0,2782.0,-5,2023-04-07,0.0,12.736347,S2A_MSIL2A_20230407T095031_R079_T35VML_20240828T105639,2981.0,2577.0,2948.0,3249.0,-3,2023-04-09,0.0,0.68895,S2B_MSIL2A_20230409T094039_R036_T35VML_20240825T050634,1946.0,1978.0,2418.0,3214.0,-1,,,,,,,,,0,,,,,,,,,1,2023-04-14,1.0,2.668856,S2A_MSIL2A_20230414T094031_R036_T35VML_20230414T162121,747.0,1052.0,1108.0,2462.0,3,2023-04-15,0.0,11.012667,S2B_MSIL2A_20230415T100029_R122_T35VML_20240826T150136,1249.0,1312.0,1508.0,2332.0,5,2023-04-17,0.0,19.486843,S2A_MSIL2A_20230417T095031_R079_T35VML_20240902T191342,879.0,1172.0,1289.0,2137.0,7,,,,,,,,,,,rejected,nodata_reject,S2A_MSIL2A_20230414T094031_R036_T35VML_20230414T162121,2023-04-14,2.0,2.668856,54.4737998590792,1.0,256,128,0,0,9,"B02,B03,B04,B08"
FI_00001058,18170,18170,2023-04-12,63.728776901271246,26.38240528354664,,,,1500.0,19.0,81.0,14.0,,,,,,7.2,16.0,0.2,1500.0,19.0,81.0,14.0,0.2,Korpijoki 2,,Kiuruvesi,,,,,,,,,FI_00001205,18170,2024-04-17,63.728776901271246,26.38240528354664,,,,1900.0,30.0,75.0,18.0,S2_FI_00001205,2023-04-12,0,59.426057,53.3484618395951,170.624960597929,,,35VLJ,S2B_MSIL2A_20230412T095029_R079_T35VLJ_20240828T091729,,,,,,5.8,26.0,-0.1,1900.0,30.0,75.0,18.0,0.1,Korpijoki 2,,Kiuruvesi,,,,,,,,,ok,,-7,2023-04-04,1.0,26.227349,S2A_MSIL2A_20230404T094031_R036_T35VML_20240825T224659,1201.0,1453.0,1326.0,2782.0,-5,2023-04-07,0.0,12.736347,S2A_MSIL2A_20230407T095031_R079_T35VML_20240828T105639,2981.0,2577.0,2948.0,3249.0,-3,2023-04-09,0.0,0.68895,S2B_MSIL2A_20230409T094039_R036_T35VML_20240825T050634,1946.0,1978.0,2418.0,3214.0,-1,,,,,,,,,0,,,,,,,,,1,2023-04-14,1.0,2.668856,S2A_MSIL2A_20230414T094031_R036_T35VML_20230414T162121,747.0,1052.0,1108.0,2462.0,3,2023-04-15,0.0,11.012667,S2B_MSIL2A_20230415T100029_R122_T35VML_20240826T150136,1249.0,1312.0,1508.0,2332.0,5,2023-04-17,0.0,19.486843,S2A_MSIL2A_20230417T095031_R079_T35VML_20240902T191342,879.0,1172.0,1289.0,2137.0,7,,,,,,,,,,,rejected,nodata_reject,S2A_MSIL2A_20230414T094031_R036_T35VML_20230414T162121,2023-04-14,2.0,2.668856,54.4737998590792,1.0,256,128,0,0,9,"B02,B03,B04,B08"
FI_00001059,18170,18170,2023-04-12,63.728776901271246,26.38240528354664,,,,1500.0,19.0,81.0,14.0,,,,,,7.2,16.0,0.2,1500.0,19.0,81.0,14.0,0.2,Korpijoki 2,,Kiuruvesi,,,,,,,,,FI_00001205,18170,2024-04-17,63.728776901271246,26.38240528354664,,,,1900.0,30.0,75.0,18.0,S2_FI_00001205,2023-04-12,0,59.426057,53.3484618395951,170.624960597929,,,35VLJ,S2B_MSIL2A_20230412T095029_R079_T35VLJ_20240828T091729,,,,,,5.8,26.0,-0.1,1900.0,30.0,75.0,18.0,0.1,Korpijoki 2,,Kiuruvesi,,,,,,,,,ok,,-7,2023-04-04,1.0,26.227349,S2A_MSIL2A_20230404T094031_R036_T35VML_20240825T224659,1201.0,1453.0,1326.0,2782.0,-5,2023-04-07,0.0,12.736347,S2A_MSIL2A_20230407T095031_R079_T35VML_20240828T105639,2981.0,2577.0,2948.0,3249.0,-3,2023-04-09,0.0,0.68895,S2B_MSIL2A_20230409T094039_R036_T35VML_20240825T050634,1946.0,1978.0,2418.0,3214.0,-1,,,,,,,,,0,,,,,,,,,1,2023-04-14,1.0,2.668856,S2A_MSIL2A_20230414T094031_R036_T35VML_20230414T162121,747.0,1052.0,1108.0,2462.0,3,2023-04-15,0.0,11.012667,S2B_MSIL2A_20230415T100029_R122_T35VML_20240826T150136,1249.0,1312.0,1508.0,2332.0,5,2023-04-17,0.0,19.486843,S2A_MSIL2A_20230417T095031_R079_T35VML_20240902T191342,879.0,1172.0,1289.0,2137.0,7,,,,,,,,,,,rejected,nodata_reject,S2A_MSIL2A_20230414T094031_R036_T35VML_20230414T162121,2023-04-14,2.0,2.668856,54.4737998590792,1.0,256,128,0,0,9,"B02,B03,B04,B08"
FI_00001060,18170,18170,2023-04-12,63.728776901271246,26.38240528354664,,,,1500.0,19.0,81.0,14.0,,,,,,7.2,16.0,0.2,1500.0,19.0,81.0,14.0,0.2,Korpijoki 2,,Kiuruvesi,,,,,,,,,FI_00001205,18170,2024-04-17,63.728776901271246,26.38240528354664,,,,1900.0,30.0,75.0,18.0,S2_FI_00001205,2023-04-12,0,59.426057,53.3484618395951,170.624960597929,,,35VLJ,S2B_MSIL2A_20230412T095029_R079_T35VLJ_20240828T091729,,,,,,5.8,26.0,-0.1,1900.0,30.0,75.0,18.0,0.1,Korpijoki 2,,Kiuruvesi,,,,,,,,,ok,,-7,2023-04-04,1.0,26.227349,S2A_MSIL2A_20230404T094031_R036_T35VML_20240825T224659,1201.0,1453.0,1326.0,2782.0,-5,2023-04-07,0.0,12.736347,S2A_MSIL2A_20230407T095031_R079_T35VML_20240828T105639,2981.0,2577.0,2948.0,3249.0,-3,2023-04-09,0.0,0.68895,S2B_MSIL2A_20230409T094039_R036_T35VML_20240825T050634,1946.0,1978.0,2418.0,3214.0,-1,,,,,,,,,0,,,,,,,,,1,2023-04-14,1.0,2.668856,S2A_MSIL2A_20230414T094031_R036_T35VML_20230414T162121,747.0,1052.0,1108.0,2462.0,3,2023-04-15,0.0,11.012667,S2B_MSIL2A_20230415T100029_R122_T35VML_20240826T150136,1249.0,1312.0,1508.0,2332.0,5,2023-04-17,0.0,19.486843,S2A_MSIL2A_20230417T095031_R079_T35VML_20240902T191342,879.0,1172.0,1289.0,2137.0,7,,,,,,,,,,,rejected,nodata_reject,S2A_MSIL2A_20230414T094031_R036_T35VML_20230414T162121,2023-04-14,2.0,2.668856,54.4737998590792,1.0,256,128,0,0,9,"B02,B03,B04,B08"
FI_00001061,18170,18170,2023-04-12,63.728776901271246,26.38240528354664,,,,1500.0,19.0,81.0,14.0,,,,,,7.2,16.0,0.2,1500.0,19.0,81.0,14.0,0.2,Korpijoki 2,,Kiuruvesi,,,,,,,,,FI_00001205,18170,2024-04-17,63.728776901271246,26.38240528354664,,,,1900.0,30.0,75.0,18.0,S2_FI_00001205,2023-04-12,0,59.426057,53.3484618395951,170.624960597929,,,35VLJ,S2B_MSIL2A_20230412T095029_R079_T35VLJ_20240828T091729,,,,,,5.8,26.0,-0.1,1900.0,30.0,75.0,18.0,0.1,Korpijoki 2,,Kiuruvesi,,,,,,,,,ok,,-7,2023-04-04,1.0,26.227349,S2A_MSIL2A_20230404T094031_R036_T35VML_20240825T224659,1201.0,1453.0,1326.0,2782.0,-5,2023-04-07,0.0,12.736347,S2A_MSIL2A_20230407T095031_R079_T35VML_20240828T105639,2981.0,2577.0,2948.0,3249.0,-3,2023-04-09,0.0,0.68895,S2B_MSIL2A_20230409T094039_R036_T35VML_20240825T050634,1946.0,1978.0,2418.0,3214.0,-1,,,,,,,,,0,,,,,,,,,1,2023-04-14,1.0,2.668856,S2A_MSIL2A_20230414T094031_R036_T35VML_20230414T162121,747.0,1052.0,1108.0,2462.0,3,2023-04-15,0.0,11.012667,S2B_MSIL2A_20230415T100029_R122_T35VML_20240826T150136,1249.0,1312.0,1508.0,2332.0,5,2023-04-17,0.0,19.486843,S2A_MSIL2A_20230417T095031_R079_T35VML_20240902T191342,879.0,1172.0,1289.0,2137.0,7,,,,,,,,,,,rejected,nodata_reject,S2A_MSIL2A_20230414T094031_R036_T35VML_20230414T162121,2023-04-14,2.0,2.668856,54.4737998590792,1.0,256,128,0,0,9,"B02,B03,B04,B08"
FI_00001062,18170,18170,2023-04-19,63.728776901271246,26.38240528354664,,,,2500.0,24.0,73.0,14.0,,,,,,6.3,18.0,0.0,2500.0,24.0,73.0,14.0,0.1,Korpijoki 2,,Kiuruvesi,,,,,,,,,FI_00001041,18170,2023-02-13,63.728776901271246,26.38240528354664,,,,830.0,19.0,51.0,8.9,S2_FI_00001041,2023-04-18,1,9.260777,50.1356820029202,174.34964732165,,,34VEN,S2B_MSIL2A_20230418T100559_R022_T34VEN_20240905T154426,,,,,,7.0,14.0,-1.0,830.0,19.0,51.0,8.9,0.2,Korpijoki 2,,Kiuruvesi,,,,,,,,,ok,,-7,,,,,,,,,-5,2023-04-14,0.0,2.668856,S2A_MSIL2A_20230414T094031_R036_T35VML_20230414T162121,747.0,1052.0,1108.0,2462.0,-3,2023-04-15,1.0,11.012667,S2B_MSIL2A_20230415T100029_R122_T35VML_20240826T150136,1249.0,1312.0,1508.0,2332.0,-1,2023-04-17,1.0,19.486843,S2A_MSIL2A_20230417T095031_R079_T35VML_20240902T191342,879.0,1172.0,1289.0,2137.0,0,,,,,,,,,1,,,,,,,,,3,2023-04-22,0.0,0.261655,S2B_MSIL2A_20230422T095029_R079_T35VML_20240904T131701,715.0,845.0,966.0,1653.0,5,,,,,,,,,7,,,,,,,,,D:\Water Quality Parameter Estimation\wq_pipeline\artifacts\tolerance_3d\prepared\chips\train\sample_FI_00001062.npz,D:\Water Quality Parameter Estimation\wq_pipeline\artifacts\tolerance_3d\prepared\chips\train\sample_FI_00001062.png,ok,,S2A_MSIL2A_20230417T095031_R079_T35VML_20240902T191342,2023-04-17,2.0,19.486843,53.2291528432814,1.52587890625e-05,256,128,0,0,9,"B02,B03,B04,B08"
FI_00001063,18170,18170,2023-04-19,63.728776901271246,26.38240528354664,,,,2500.0,24.0,73.0,14.0,,,,,,6.3,18.0,0.0,2500.0,24.0,73.0,14.0,0.1,Korpijoki 2,,Kiuruvesi,,,,,,,,,FI_00001041,18170,2023-02-13,63.728776901271246,26.38240528354664,,,,830.0,19.0,51.0,8.9,S2_FI_00001041,2023-04-18,1,9.260777,50.1356820029202,174.34964732165,,,34VEN,S2B_MSIL2A_20230418T100559_R022_T34VEN_20240905T154426,,,,,,7.0,14.0,-1.0,830.0,19.0,51.0,8.9,0.2,Korpijoki 2,,Kiuruvesi,,,,,,,,,ok,,-7,,,,,,,,,-5,2023-04-14,0.0,2.668856,S2A_MSIL2A_20230414T094031_R036_T35VML_20230414T162121,747.0,1052.0,1108.0,2462.0,-3,2023-04-15,1.0,11.012667,S2B_MSIL2A_20230415T100029_R122_T35VML_20240826T150136,1249.0,1312.0,1508.0,2332.0,-1,2023-04-17,1.0,19.486843,S2A_MSIL2A_20230417T095031_R079_T35VML_20240902T191342,879.0,1172.0,1289.0,2137.0,0,,,,,,,,,1,,,,,,,,,3,2023-04-22,0.0,0.261655,S2B_MSIL2A_20230422T095029_R079_T35VML_20240904T131701,715.0,845.0,966.0,1653.0,5,,,,,,,,,7,,,,,,,,,D:\Water Quality Parameter Estimation\wq_pipeline\artifacts\tolerance_3d\prepared\chips\train\sample_FI_00001063.npz,D:\Water Quality Parameter Estimation\wq_pipeline\artifacts\tolerance_3d\prepared\chips\train\sample_FI_00001063.png,ok,,S2A_MSIL2A_20230417T095031_R079_T35VML_20240902T191342,2023-04-17,2.0,19.486843,53.2291528432814,1.52587890625e-05,256,128,0,0,9,"B02,B03,B04,B08"
FI_00001064,18170,18170,2023-04-19,63.728776901271246,26.38240528354664,,,,2500.0,24.0,73.0,14.0,,,,,,6.3,18.0,0.0,2500.0,24.0,73.0,14.0,0.1,Korpijoki 2,,Kiuruvesi,,,,,,,,,FI_00001041,18170,2023-02-13,63.728776901271246,26.38240528354664,,,,830.0,19.0,51.0,8.9,S2_FI_00001041,2023-04-18,1,9.260777,50.1356820029202,174.34964732165,,,34VEN,S2B_MSIL2A_20230418T100559_R022_T34VEN_20240905T154426,,,,,,7.0,14.0,-1.0,830.0,19.0,51.0,8.9,0.2,Korpijoki 2,,Kiuruvesi,,,,,,,,,ok,,-7,,,,,,,,,-5,2023-04-14,0.0,2.668856,S2A_MSIL2A_20230414T094031_R036_T35VML_20230414T162121,747.0,1052.0,1108.0,2462.0,-3,2023-04-15,1.0,11.012667,S2B_MSIL2A_20230415T100029_R122_T35VML_20240826T150136,1249.0,1312.0,1508.0,2332.0,-1,2023-04-17,1.0,19.486843,S2A_MSIL2A_20230417T095031_R079_T35VML_20240902T191342,879.0,1172.0,1289.0,2137.0,0,,,,,,,,,1,,,,,,,,,3,2023-04-22,0.0,0.261655,S2B_MSIL2A_20230422T095029_R079_T35VML_20240904T131701,715.0,845.0,966.0,1653.0,5,,,,,,,,,7,,,,,,,,,D:\Water Quality Parameter Estimation\wq_pipeline\artifacts\tolerance_3d\prepared\chips\train\sample_FI_00001064.npz,D:\Water Quality Parameter Estimation\wq_pipeline\artifacts\tolerance_3d\prepared\chips\train\sample_FI_00001064.png,ok,,S2A_MSIL2A_20230417T095031_R079_T35VML_20240902T191342,2023-04-17,2.0,19.486843,53.2291528432814,1.52587890625e-05,256,128,0,0,9,"B02,B03,B04,B08"
FI_00001065,18170,18170,2023-04-19,63.728776901271246,26.38240528354664,,,,2500.0,24.0,73.0,14.0,,,,,,6.3,18.0,0.0,2500.0,24.0,73.0,14.0,0.1,Korpijoki 2,,Kiuruvesi,,,,,,,,,FI_00001041,18170,2023-02-13,63.728776901271246,26.38240528354664,,,,830.0,19.0,51.0,8.9,S2_FI_00001041,2023-04-18,1,9.260777,50.1356820029202,174.34964732165,,,34VEN,S2B_MSIL2A_20230418T100559_R022_T34VEN_20240905T154426,,,,,,7.0,14.0,-1.0,830.0,19.0,51.0,8.9,0.2,Korpijoki 2,,Kiuruvesi,,,,,,,,,ok,,-7,,,,,,,,,-5,2023-04-14,0.0,2.668856,S2A_MSIL2A_20230414T094031_R036_T35VML_20230414T162121,747.0,1052.0,1108.0,2462.0,-3,2023-04-15,1.0,11.012667,S2B_MSIL2A_20230415T100029_R122_T35VML_20240826T150136,1249.0,1312.0,1508.0,2332.0,-1,2023-04-17,1.0,19.486843,S2A_MSIL2A_20230417T095031_R079_T35VML_20240902T191342,879.0,1172.0,1289.0,2137.0,0,,,,,,,,,1,,,,,,,,,3,2023-04-22,0.0,0.261655,S2B_MSIL2A_20230422T095029_R079_T35VML_20240904T131701,715.0,845.0,966.0,1653.0,5,,,,,,,,,7,,,,,,,,,D:\Water Quality Parameter Estimation\wq_pipeline\artifacts\tolerance_3d\prepared\chips\train\sample_FI_00001065.npz,D:\Water Quality Parameter Estimation\wq_pipeline\artifacts\tolerance_3d\prepared\chips\train\sample_FI_00001065.png,ok,,S2A_MSIL2A_20230417T095031_R079_T35VML_20240902T191342,2023-04-17,2.0,19.486843,53.2291528432814,1.52587890625e-05,256,128,0,0,9,"B02,B03,B04,B08"
FI_00001066,18170,18170,2023-04-19,63.728776901271246,26.38240528354664,,,,2500.0,24.0,73.0,14.0,,,,,,6.3,18.0,0.0,2500.0,24.0,73.0,14.0,0.1,Korpijoki 2,,Kiuruvesi,,,,,,,,,FI_00001041,18170,2023-02-13,63.728776901271246,26.38240528354664,,,,830.0,19.0,51.0,8.9,S2_FI_00001041,2023-04-18,1,9.260777,50.1356820029202,174.34964732165,,,34VEN,S2B_MSIL2A_20230418T100559_R022_T34VEN_20240905T154426,,,,,,7.0,14.0,-1.0,830.0,19.0,51.0,8.9,0.2,Korpijoki 2,,Kiuruvesi,,,,,,,,,ok,,-7,,,,,,,,,-5,2023-04-14,0.0,2.668856,S2A_MSIL2A_20230414T094031_R036_T35VML_20230414T162121,747.0,1052.0,1108.0,2462.0,-3,2023-04-15,1.0,11.012667,S2B_MSIL2A_20230415T100029_R122_T35VML_20240826T150136,1249.0,1312.0,1508.0,2332.0,-1,2023-04-17,1.0,19.486843,S2A_MSIL2A_20230417T095031_R079_T35VML_20240902T191342,879.0,1172.0,1289.0,2137.0,0,,,,,,,,,1,,,,,,,,,3,2023-04-22,0.0,0.261655,S2B_MSIL2A_20230422T095029_R079_T35VML_20240904T131701,715.0,845.0,966.0,1653.0,5,,,,,,,,,7,,,,,,,,,D:\Water Quality Parameter Estimation\wq_pipeline\artifacts\tolerance_3d\prepared\chips\train\sample_FI_00001066.npz,D:\Water Quality Parameter Estimation\wq_pipeline\artifacts\tolerance_3d\prepared\chips\train\sample_FI_00001066.png,ok,,S2A_MSIL2A_20230417T095031_R079_T35VML_20240902T191342,2023-04-17,2.0,19.486843,53.2291528432814,1.52587890625e-05,256,128,0,0,9,"B02,B03,B04,B08"
FI_00001067,18170,18170,2023-04-19,63.728776901271246,26.38240528354664,,,,2500.0,24.0,73.0,14.0,,,,,,6.3,18.0,0.0,2500.0,24.0,73.0,14.0,0.1,Korpijoki 2,,Kiuruvesi,,,,,,,,,FI_00001041,18170,2023-02-13,63.728776901271246,26.38240528354664,,,,830.0,19.0,51.0,8.9,S2_FI_00001041,2023-04-18,1,9.260777,50.1356820029202,174.34964732165,,,34VEN,S2B_MSIL2A_20230418T100559_R022_T34VEN_20240905T154426,,,,,,7.0,14.0,-1.0,830.0,19.0,51.0,8.9,0.2,Korpijoki 2,,Kiuruvesi,,,,,,,,,ok,,-7,,,,,,,,,-5,2023-04-14,0.0,2.668856,S2A_MSIL2A_20230414T094031_R036_T35VML_20230414T162121,747.0,1052.0,1108.0,2462.0,-3,2023-04-15,1.0,11.012667,S2B_MSIL2A_20230415T100029_R122_T35VML_20240826T150136,1249.0,1312.0,1508.0,2332.0,-1,2023-04-17,1.0,19.486843,S2A_MSIL2A_20230417T095031_R079_T35VML_20240902T191342,879.0,1172.0,1289.0,2137.0,0,,,,,,,,,1,,,,,,,,,3,2023-04-22,0.0,0.261655,S2B_MSIL2A_20230422T095029_R079_T35VML_20240904T131701,715.0,845.0,966.0,1653.0,5,,,,,,,,,7,,,,,,,,,D:\Water Quality Parameter Estimation\wq_pipeline\artifacts\tolerance_3d\prepared\chips\train\sample_FI_00001067.npz,D:\Water Quality Parameter Estimation\wq_pipeline\artifacts\tolerance_3d\prepared\chips\train\sample_FI_00001067.png,ok,,S2A_MSIL2A_20230417T095031_R079_T35VML_20240902T191342,2023-04-17,2.0,19.486843,53.2291528432814,1.52587890625e-05,256,128,0,0,9,"B02,B03,B04,B08"
FI_00001068,18170,18170,2023-04-24,63.728776901271246,26.38240528354664,,,,3200.0,29.0,77.0,16.0,,,,,,6.2,24.0,0.0,3200.0,29.0,77.0,16.0,0.2,Korpijoki 2,,Kiuruvesi,,,,,,,,,FI_00001042,18170,2023-02-13,63.728776901271246,26.38240528354664,,,,830.0,19.0,51.0,8.9,S2_FI_00001042,2023-04-25,1,65.082109,47.9050866655451,171.380844913483,,,34VEN,S2B_MSIL2A_20230425T100029_R122_T34VEN_20240901T190605,,,,,,7.0,14.0,-1.0,830.0,19.0,51.0,8.9,0.2,Korpijoki 2,,Kiuruvesi,,,,,,,,,ok,,-7,2023-04-17,0.0,19.486843,S2A_MSIL2A_20230417T095031_R079_T35VML_20240902T191342,879.0,1172.0,1289.0,2137.0,-5,,,,,,,,,-3,2023-04-22,1.0,0.261655,S2B_MSIL2A_20230422T095029_R079_T35VML_20240904T131701,715.0,845.0,966.0,1653.0,-1,2023-04-22,1.0,0.261655,S2B_MSIL2A_20230422T095029_R079_T35VML_20240904T131701,715.0,845.0,966.0,1653.0,0,,,,,,,,,1,,,,,,,,,3,,,,,,,,,5,,,,,,,,,7,,,,,,,,,D:\Water Quality Parameter Estimation\wq_pipeline\artifacts\tolerance_3d\prepared\chips\train\sample_FI_00001068.npz,D:\Water Quality Parameter Estimation\wq_pipeline\artifacts\tolerance_3d\prepared\chips\train\sample_FI_00001068.png,ok,,S2B_MSIL2A_20230422T095029_R079_T35VML_20240904T131701,2023-04-22,2.0,0.261655,51.4935804660198,3.814697265625e-06,256,128,0,0,9,"B02,B03,B04,B08"
FI_00001069,18170,18170,2023-04-24,63.728776901271246,26.38240528354664,,,,3200.0,29.0,77.0,16.0,,,,,,6.2,24.0,0.0,3200.0,29.0,77.0,16.0,0.2,Korpijoki 2,,Kiuruvesi,,,,,,,,,FI_00001042,18170,2023-02-13,63.728776901271246,26.38240528354664,,,,830.0,19.0,51.0,8.9,S2_FI_00001042,2023-04-25,1,65.082109,47.9050866655451,171.380844913483,,,34VEN,S2B_MSIL2A_20230425T100029_R122_T34VEN_20240901T190605,,,,,,7.0,14.0,-1.0,830.0,19.0,51.0,8.9,0.2,Korpijoki 2,,Kiuruvesi,,,,,,,,,ok,,-7,2023-04-17,0.0,19.486843,S2A_MSIL2A_20230417T095031_R079_T35VML_20240902T191342,879.0,1172.0,1289.0,2137.0,-5,,,,,,,,,-3,2023-04-22,1.0,0.261655,S2B_MSIL2A_20230422T095029_R079_T35VML_20240904T131701,715.0,845.0,966.0,1653.0,-1,2023-04-22,1.0,0.261655,S2B_MSIL2A_20230422T095029_R079_T35VML_20240904T131701,715.0,845.0,966.0,1653.0,0,,,,,,,,,1,,,,,,,,,3,,,,,,,,,5,,,,,,,,,7,,,,,,,,,D:\Water Quality Parameter Estimation\wq_pipeline\artifacts\tolerance_3d\prepared\chips\train\sample_FI_00001069.npz,D:\Water Quality Parameter Estimation\wq_pipeline\artifacts\tolerance_3d\prepared\chips\train\sample_FI_00001069.png,ok,,S2B_MSIL2A_20230422T095029_R079_T35VML_20240904T131701,2023-04-22,2.0,0.261655,51.4935804660198,3.814697265625e-06,256,128,0,0,9,"B02,B03,B04,B08"
FI_00001070,18170,18170,2023-04-24,63.728776901271246,26.38240528354664,,,,3200.0,29.0,77.0,16.0,,,,,,6.2,24.0,0.0,3200.0,29.0,77.0,16.0,0.2,Korpijoki 2,,Kiuruvesi,,,,,,,,,FI_00001042,18170,2023-02-13,63.728776901271246,26.38240528354664,,,,830.0,19.0,51.0,8.9,S2_FI_00001042,2023-04-25,1,65.082109,47.9050866655451,171.380844913483,,,34VEN,S2B_MSIL2A_20230425T100029_R122_T34VEN_20240901T190605,,,,,,7.0,14.0,-1.0,830.0,19.0,51.0,8.9,0.2,Korpijoki 2,,Kiuruvesi,,,,,,,,,ok,,-7,2023-04-17,0.0,19.486843,S2A_MSIL2A_20230417T095031_R079_T35VML_20240902T191342,879.0,1172.0,1289.0,2137.0,-5,,,,,,,,,-3,2023-04-22,1.0,0.261655,S2B_MSIL2A_20230422T095029_R079_T35VML_20240904T131701,715.0,845.0,966.0,1653.0,-1,2023-04-22,1.0,0.261655,S2B_MSIL2A_20230422T095029_R079_T35VML_20240904T131701,715.0,845.0,966.0,1653.0,0,,,,,,,,,1,,,,,,,,,3,,,,,,,,,5,,,,,,,,,7,,,,,,,,,D:\Water Quality Parameter Estimation\wq_pipeline\artifacts\tolerance_3d\prepared\chips\train\sample_FI_00001070.npz,D:\Water Quality Parameter Estimation\wq_pipeline\artifacts\tolerance_3d\prepared\chips\train\sample_FI_00001070.png,ok,,S2B_MSIL2A_20230422T095029_R079_T35VML_20240904T131701,2023-04-22,2.0,0.261655,51.4935804660198,3.814697265625e-06,256,128,0,0,9,"B02,B03,B04,B08"
FI_00001071,18170,18170,2023-04-24,63.728776901271246,26.38240528354664,,,,3200.0,29.0,77.0,16.0,,,,,,6.2,24.0,0.0,3200.0,29.0,77.0,16.0,0.2,Korpijoki 2,,Kiuruvesi,,,,,,,,,FI_00001042,18170,2023-02-13,63.728776901271246,26.38240528354664,,,,830.0,19.0,51.0,8.9,S2_FI_00001042,2023-04-25,1,65.082109,47.9050866655451,171.380844913483,,,34VEN,S2B_MSIL2A_20230425T100029_R122_T34VEN_20240901T190605,,,,,,7.0,14.0,-1.0,830.0,19.0,51.0,8.9,0.2,Korpijoki 2,,Kiuruvesi,,,,,,,,,ok,,-7,2023-04-17,0.0,19.486843,S2A_MSIL2A_20230417T095031_R079_T35VML_20240902T191342,879.0,1172.0,1289.0,2137.0,-5,,,,,,,,,-3,2023-04-22,1.0,0.261655,S2B_MSIL2A_20230422T095029_R079_T35VML_20240904T131701,715.0,845.0,966.0,1653.0,-1,2023-04-22,1.0,0.261655,S2B_MSIL2A_20230422T095029_R079_T35VML_20240904T131701,715.0,845.0,966.0,1653.0,0,,,,,,,,,1,,,,,,,,,3,,,,,,,,,5,,,,,,,,,7,,,,,,,,,D:\Water Quality Parameter Estimation\wq_pipeline\artifacts\tolerance_3d\prepared\chips\train\sample_FI_00001071.npz,D:\Water Quality Parameter Estimation\wq_pipeline\artifacts\tolerance_3d\prepared\chips\train\sample_FI_00001071.png,ok,,S2B_MSIL2A_20230422T095029_R079_T35VML_20240904T131701,2023-04-22,2.0,0.261655,51.4935804660198,3.814697265625e-06,256,128,0,0,9,"B02,B03,B04,B08"
FI_00001072,18170,18170,2023-04-24,63.728776901271246,26.38240528354664,,,,3200.0,29.0,77.0,16.0,,,,,,6.2,24.0,0.0,3200.0,29.0,77.0,16.0,0.2,Korpijoki 2,,Kiuruvesi,,,,,,,,,FI_00001042,18170,2023-02-13,63.728776901271246,26.38240528354664,,,,830.0,19.0,51.0,8.9,S2_FI_00001042,2023-04-25,1,65.082109,47.9050866655451,171.380844913483,,,34VEN,S2B_MSIL2A_20230425T100029_R122_T34VEN_20240901T190605,,,,,,7.0,14.0,-1.0,830.0,19.0,51.0,8.9,0.2,Korpijoki 2,,Kiuruvesi,,,,,,,,,ok,,-7,2023-04-17,0.0,19.486843,S2A_MSIL2A_20230417T095031_R079_T35VML_20240902T191342,879.0,1172.0,1289.0,2137.0,-5,,,,,,,,,-3,2023-04-22,1.0,0.261655,S2B_MSIL2A_20230422T095029_R079_T35VML_20240904T131701,715.0,845.0,966.0,1653.0,-1,2023-04-22,1.0,0.261655,S2B_MSIL2A_20230422T095029_R079_T35VML_20240904T131701,715.0,845.0,966.0,1653.0,0,,,,,,,,,1,,,,,,,,,3,,,,,,,,,5,,,,,,,,,7,,,,,,,,,D:\Water Quality Parameter Estimation\wq_pipeline\artifacts\tolerance_3d\prepared\chips\train\sample_FI_00001072.npz,D:\Water Quality Parameter Estimation\wq_pipeline\artifacts\tolerance_3d\prepared\chips\train\sample_FI_00001072.png,ok,,S2B_MSIL2A_20230422T095029_R079_T35VML_20240904T131701,2023-04-22,2.0,0.261655,51.4935804660198,3.814697265625e-06,256,128,0,0,9,"B02,B03,B04,B08"
FI_00001073,18170,18170,2023-04-24,63.728776901271246,26.38240528354664,,,,3200.0,29.0,77.0,16.0,,,,,,6.2,24.0,0.0,3200.0,29.0,77.0,16.0,0.2,Korpijoki 2,,Kiuruvesi,,,,,,,,,FI_00001042,18170,2023-02-13,63.728776901271246,26.38240528354664,,,,830.0,19.0,51.0,8.9,S2_FI_00001042,2023-04-25,1,65.082109,47.9050866655451,171.380844913483,,,34VEN,S2B_MSIL2A_20230425T100029_R122_T34VEN_20240901T190605,,,,,,7.0,14.0,-1.0,830.0,19.0,51.0,8.9,0.2,Korpijoki 2,,Kiuruvesi,,,,,,,,,ok,,-7,2023-04-17,0.0,19.486843,S2A_MSIL2A_20230417T095031_R079_T35VML_20240902T191342,879.0,1172.0,1289.0,2137.0,-5,,,,,,,,,-3,2023-04-22,1.0,0.261655,S2B_MSIL2A_20230422T095029_R079_T35VML_20240904T131701,715.0,845.0,966.0,1653.0,-1,2023-04-22,1.0,0.261655,S2B_MSIL2A_20230422T095029_R079_T35VML_20240904T131701,715.0,845.0,966.0,1653.0,0,,,,,,,,,1,,,,,,,,,3,,,,,,,,,5,,,,,,,,,7,,,,,,,,,D:\Water Quality Parameter Estimation\wq_pipeline\artifacts\tolerance_3d\prepared\chips\train\sample_FI_00001073.npz,D:\Water Quality Parameter Estimation\wq_pipeline\artifacts\tolerance_3d\prepared\chips\train\sample_FI_00001073.png,ok,,S2B_MSIL2A_20230422T095029_R079_T35VML_20240904T131701,2023-04-22,2.0,0.261655,51.4935804660198,3.814697265625e-06,256,128,0,0,9,"B02,B03,B04,B08"
FI_00001074,18170,18170,2023-05-03,63.728776901271246,26.38240528354664,,,,1700.0,29.0,72.0,22.0,,,,,,6.0,34.0,0.6,1700.0,29.0,72.0,22.0,0.2,Korpijoki 2,,Kiuruvesi,,,,,,,,,FI_00001208,18170,2024-04-22,63.728776901271246,26.38240528354664,,,,1500.0,27.0,43.0,6.099999999999999,S2_FI_00001208,2023-05-05,2,82.464147,45.5657900667927,174.529709116462,,,35VLJ,S2B_MSIL2A_20230505T100029_R122_T35VLJ_20230505T132714,,,,,,6.3,6.3,0.3,1500.0,27.0,43.0,6.099999999999999,0.1,Korpijoki 2,,Kiuruvesi,,,,,,,,,ok,,-7,,,,,,,,,-5,,,,,,,,,-3,,,,,,,,,-1,,,,,,,,,0,,,,,,,,,1,,,,,,,,,3,2023-05-07,1.0,17.642176,S2A_MSIL2A_20230507T095031_R079_T35VML_20230507T152641,1006.0,1141.0,1177.0,2064.0,5,2023-05-07,1.0,17.642176,S2A_MSIL2A_20230507T095031_R079_T35VML_20230507T152641,1006.0,1141.0,1177.0,2064.0,7,,,,,,,,,,,no_match,no_stac_item,,,,,,,256,128,0,0,0,"B02,B03,B04,B08"
FI_00001075,18170,18170,2023-05-03,63.728776901271246,26.38240528354664,,,,1700.0,29.0,72.0,22.0,,,,,,6.0,34.0,0.6,1700.0,29.0,72.0,22.0,0.2,Korpijoki 2,,Kiuruvesi,,,,,,,,,FI_00001208,18170,2024-04-22,63.728776901271246,26.38240528354664,,,,1500.0,27.0,43.0,6.099999999999999,S2_FI_00001208,2023-05-05,2,82.464147,45.5657900667927,174.529709116462,,,35VLJ,S2B_MSIL2A_20230505T100029_R122_T35VLJ_20230505T132714,,,,,,6.3,6.3,0.3,1500.0,27.0,43.0,6.099999999999999,0.1,Korpijoki 2,,Kiuruvesi,,,,,,,,,ok,,-7,,,,,,,,,-5,,,,,,,,,-3,,,,,,,,,-1,,,,,,,,,0,,,,,,,,,1,,,,,,,,,3,2023-05-07,1.0,17.642176,S2A_MSIL2A_20230507T095031_R079_T35VML_20230507T152641,1006.0,1141.0,1177.0,2064.0,5,2023-05-07,1.0,17.642176,S2A_MSIL2A_20230507T095031_R079_T35VML_20230507T152641,1006.0,1141.0,1177.0,2064.0,7,,,,,,,,,,,no_match,no_stac_item,,,,,,,256,128,0,0,0,"B02,B03,B04,B08"
FI_00001076,18170,18170,2023-05-03,63.728776901271246,26.38240528354664,,,,1700.0,29.0,72.0,22.0,,,,,,6.0,34.0,0.6,1700.0,29.0,72.0,22.0,0.2,Korpijoki 2,,Kiuruvesi,,,,,,,,,FI_00001208,18170,2024-04-22,63.728776901271246,26.38240528354664,,,,1500.0,27.0,43.0,6.099999999999999,S2_FI_00001208,2023-05-05,2,82.464147,45.5657900667927,174.529709116462,,,35VLJ,S2B_MSIL2A_20230505T100029_R122_T35VLJ_20230505T132714,,,,,,6.3,6.3,0.3,1500.0,27.0,43.0,6.099999999999999,0.1,Korpijoki 2,,Kiuruvesi,,,,,,,,,ok,,-7,,,,,,,,,-5,,,,,,,,,-3,,,,,,,,,-1,,,,,,,,,0,,,,,,,,,1,,,,,,,,,3,2023-05-07,1.0,17.642176,S2A_MSIL2A_20230507T095031_R079_T35VML_20230507T152641,1006.0,1141.0,1177.0,2064.0,5,2023-05-07,1.0,17.642176,S2A_MSIL2A_20230507T095031_R079_T35VML_20230507T152641,1006.0,1141.0,1177.0,2064.0,7,,,,,,,,,,,no_match,no_stac_item,,,,,,,256,128,0,0,0,"B02,B03,B04,B08"
FI_00001077,18170,18170,2023-05-03,63.728776901271246,26.38240528354664,,,,1700.0,29.0,72.0,22.0,,,,,,6.0,34.0,0.6,1700.0,29.0,72.0,22.0,0.2,Korpijoki 2,,Kiuruvesi,,,,,,,,,FI_00001208,18170,2024-04-22,63.728776901271246,26.38240528354664,,,,1500.0,27.0,43.0,6.099999999999999,S2_FI_00001208,2023-05-05,2,82.464147,45.5657900667927,174.529709116462,,,35VLJ,S2B_MSIL2A_20230505T100029_R122_T35VLJ_20230505T132714,,,,,,6.3,6.3,0.3,1500.0,27.0,43.0,6.099999999999999,0.1,Korpijoki 2,,Kiuruvesi,,,,,,,,,ok,,-7,,,,,,,,,-5,,,,,,,,,-3,,,,,,,,,-1,,,,,,,,,0,,,,,,,,,1,,,,,,,,,3,2023-05-07,1.0,17.642176,S2A_MSIL2A_20230507T095031_R079_T35VML_20230507T152641,1006.0,1141.0,1177.0,2064.0,5,2023-05-07,1.0,17.642176,S2A_MSIL2A_20230507T095031_R079_T35VML_20230507T152641,1006.0,1141.0,1177.0,2064.0,7,,,,,,,,,,,no_match,no_stac_item,,,,,,,256,128,0,0,0,"B02,B03,B04,B08"
FI_00001078,18170,18170,2023-05-03,63.728776901271246,26.38240528354664,,,,1700.0,29.0,72.0,22.0,,,,,,6.0,34.0,0.6,1700.0,29.0,72.0,22.0,0.2,Korpijoki 2,,Kiuruvesi,,,,,,,,,FI_00001208,18170,2024-04-22,63.728776901271246,26.38240528354664,,,,1500.0,27.0,43.0,6.099999999999999,S2_FI_00001208,2023-05-05,2,82.464147,45.5657900667927,174.529709116462,,,35VLJ,S2B_MSIL2A_20230505T100029_R122_T35VLJ_20230505T132714,,,,,,6.3,6.3,0.3,1500.0,27.0,43.0,6.099999999999999,0.1,Korpijoki 2,,Kiuruvesi,,,,,,,,,ok,,-7,,,,,,,,,-5,,,,,,,,,-3,,,,,,,,,-1,,,,,,,,,0,,,,,,,,,1,,,,,,,,,3,2023-05-07,1.0,17.642176,S2A_MSIL2A_20230507T095031_R079_T35VML_20230507T152641,1006.0,1141.0,1177.0,2064.0,5,2023-05-07,1.0,17.642176,S2A_MSIL2A_20230507T095031_R079_T35VML_20230507T152641,1006.0,1141.0,1177.0,2064.0,7,,,,,,,,,,,no_match,no_stac_item,,,,,,,256,128,0,0,0,"B02,B03,B04,B08"
FI_00001079,18170,18170,2023-05-03,63.728776901271246,26.38240528354664,,,,1700.0,29.0,72.0,22.0,,,,,,6.0,34.0,0.6,1700.0,29.0,72.0,22.0,0.2,Korpijoki 2,,Kiuruvesi,,,,,,,,,FI_00001208,18170,2024-04-22,63.728776901271246,26.38240528354664,,,,1500.0,27.0,43.0,6.099999999999999,S2_FI_00001208,2023-05-05,2,82.464147,45.5657900667927,174.529709116462,,,35VLJ,S2B_MSIL2A_20230505T100029_R122_T35VLJ_20230505T132714,,,,,,6.3,6.3,0.3,1500.0,27.0,43.0,6.099999999999999,0.1,Korpijoki 2,,Kiuruvesi,,,,,,,,,ok,,-7,,,,,,,,,-5,,,,,,,,,-3,,,,,,,,,-1,,,,,,,,,0,,,,,,,,,1,,,,,,,,,3,2023-05-07,1.0,17.642176,S2A_MSIL2A_20230507T095031_R079_T35VML_20230507T152641,1006.0,1141.0,1177.0,2064.0,5,2023-05-07,1.0,17.642176,S2A_MSIL2A_20230507T095031_R079_T35VML_20230507T152641,1006.0,1141.0,1177.0,2064.0,7,,,,,,,,,,,no_match,no_stac_item,,,,,,,256,128,0,0,0,"B02,B03,B04,B08"
FI_00001080,18170,18170,2023-05-10,63.728776901271246,26.38240528354664,,,,1200.0,27.0,44.0,14.0,,,,,,6.0,16.0,3.9,1200.0,27.0,44.0,14.0,0.2,Korpijoki 2,,Kiuruvesi,,,,,,,,,FI_00001120,18170,2023-08-17,63.728776901271246,26.38240528354664,,27.0,,1100.0,31.0,58.5,9.5,S2_FI_00001120,2023-05-10,0,96.690667,48.6157391944614,179.528359938755,,,35WNP,S2A_MSIL2A_20230510T100031_R122_T35WNP_20230510T154649,,6.5,,27.0,,7.2,23.0,15.6,1100.0,31.0,58.5,9.5,0.1,Korpijoki 2,,Kiuruvesi,,,,,,,,,ok,,-7,,,,,,,,,-5,,,,,,,,,-3,2023-05-07,0.0,17.642176,S2A_MSIL2A_20230507T095031_R079_T35VML_20230507T152641,1006.0,1141.0,1177.0,2064.0,-1,,,,,,,,,0,,,,,,,,,1,2023-05-12,1.0,18.189865,S2B_MSIL2A_20230512T094549_R079_T35VML_20230512T141851,1100.0,1155.0,1143.0,1701.0,3,2023-05-12,1.0,18.189865,S2B_MSIL2A_20230512T094549_R079_T35VML_20230512T141851,1100.0,1155.0,1143.0,1701.0,5,2023-05-15,0.0,20.801798,S2B_MSIL2A_20230515T095559_R122_T35VML_20230515T161452,9032.0,9136.0,8128.0,9080.0,7,,,,,,,,,D:\Water Quality Parameter Estimation\wq_pipeline\artifacts\tolerance_3d\prepared\chips\train\sample_FI_00001080.npz,D:\Water Quality Parameter Estimation\wq_pipeline\artifacts\tolerance_3d\prepared\chips\train\sample_FI_00001080.png,ok,,S2B_MSIL2A_20230512T094549_R079_T35VML_20230512T141851,2023-05-12,2.0,18.189865,45.5305301572924,0.0,256,128,0,0,9,"B02,B03,B04,B08"
FI_00001081,18170,18170,2023-05-10,63.728776901271246,26.38240528354664,,,,1200.0,27.0,44.0,14.0,,,,,,6.0,16.0,3.9,1200.0,27.0,44.0,14.0,0.2,Korpijoki 2,,Kiuruvesi,,,,,,,,,FI_00001120,18170,2023-08-17,63.728776901271246,26.38240528354664,,27.0,,1100.0,31.0,58.5,9.5,S2_FI_00001120,2023-05-10,0,96.690667,48.6157391944614,179.528359938755,,,35WNP,S2A_MSIL2A_20230510T100031_R122_T35WNP_20230510T154649,,6.5,,27.0,,7.2,23.0,15.6,1100.0,31.0,58.5,9.5,0.1,Korpijoki 2,,Kiuruvesi,,,,,,,,,ok,,-7,,,,,,,,,-5,,,,,,,,,-3,2023-05-07,0.0,17.642176,S2A_MSIL2A_20230507T095031_R079_T35VML_20230507T152641,1006.0,1141.0,1177.0,2064.0,-1,,,,,,,,,0,,,,,,,,,1,2023-05-12,1.0,18.189865,S2B_MSIL2A_20230512T094549_R079_T35VML_20230512T141851,1100.0,1155.0,1143.0,1701.0,3,2023-05-12,1.0,18.189865,S2B_MSIL2A_20230512T094549_R079_T35VML_20230512T141851,1100.0,1155.0,1143.0,1701.0,5,2023-05-15,0.0,20.801798,S2B_MSIL2A_20230515T095559_R122_T35VML_20230515T161452,9032.0,9136.0,8128.0,9080.0,7,,,,,,,,,D:\Water Quality Parameter Estimation\wq_pipeline\artifacts\tolerance_3d\prepared\chips\train\sample_FI_00001081.npz,D:\Water Quality Parameter Estimation\wq_pipeline\artifacts\tolerance_3d\prepared\chips\train\sample_FI_00001081.png,ok,,S2B_MSIL2A_20230512T094549_R079_T35VML_20230512T141851,2023-05-12,2.0,18.189865,45.5305301572924,0.0,256,128,0,0,9,"B02,B03,B04,B08"
FI_00001082,18170,18170,2023-05-10,63.728776901271246,26.38240528354664,,,,1200.0,27.0,44.0,14.0,,,,,,6.0,16.0,3.9,1200.0,27.0,44.0,14.0,0.2,Korpijoki 2,,Kiuruvesi,,,,,,,,,FI_00001120,18170,2023-08-17,63.728776901271246,26.38240528354664,,27.0,,1100.0,31.0,58.5,9.5,S2_FI_00001120,2023-05-10,0,96.690667,48.6157391944614,179.528359938755,,,35WNP,S2A_MSIL2A_20230510T100031_R122_T35WNP_20230510T154649,,6.5,,27.0,,7.2,23.0,15.6,1100.0,31.0,58.5,9.5,0.1,Korpijoki 2,,Kiuruvesi,,,,,,,,,ok,,-7,,,,,,,,,-5,,,,,,,,,-3,2023-05-07,0.0,17.642176,S2A_MSIL2A_20230507T095031_R079_T35VML_20230507T152641,1006.0,1141.0,1177.0,2064.0,-1,,,,,,,,,0,,,,,,,,,1,2023-05-12,1.0,18.189865,S2B_MSIL2A_20230512T094549_R079_T35VML_20230512T141851,1100.0,1155.0,1143.0,1701.0,3,2023-05-12,1.0,18.189865,S2B_MSIL2A_20230512T094549_R079_T35VML_20230512T141851,1100.0,1155.0,1143.0,1701.0,5,2023-05-15,0.0,20.801798,S2B_MSIL2A_20230515T095559_R122_T35VML_20230515T161452,9032.0,9136.0,8128.0,9080.0,7,,,,,,,,,D:\Water Quality Parameter Estimation\wq_pipeline\artifacts\tolerance_3d\prepared\chips\train\sample_FI_00001082.npz,D:\Water Quality Parameter Estimation\wq_pipeline\artifacts\tolerance_3d\prepared\chips\train\sample_FI_00001082.png,ok,,S2B_MSIL2A_20230512T094549_R079_T35VML_20230512T141851,2023-05-12,2.0,18.189865,45.5305301572924,0.0,256,128,0,0,9,"B02,B03,B04,B08"
FI_00001083,18170,18170,2023-05-10,63.728776901271246,26.38240528354664,,,,1200.0,27.0,44.0,14.0,,,,,,6.0,16.0,3.9,1200.0,27.0,44.0,14.0,0.2,Korpijoki 2,,Kiuruvesi,,,,,,,,,FI_00001120,18170,2023-08-17,63.728776901271246,26.38240528354664,,27.0,,1100.0,31.0,58.5,9.5,S2_FI_00001120,2023-05-10,0,96.690667,48.6157391944614,179.528359938755,,,35WNP,S2A_MSIL2A_20230510T100031_R122_T35WNP_20230510T154649,,6.5,,27.0,,7.2,23.0,15.6,1100.0,31.0,58.5,9.5,0.1,Korpijoki 2,,Kiuruvesi,,,,,,,,,ok,,-7,,,,,,,,,-5,,,,,,,,,-3,2023-05-07,0.0,17.642176,S2A_MSIL2A_20230507T095031_R079_T35VML_20230507T152641,1006.0,1141.0,1177.0,2064.0,-1,,,,,,,,,0,,,,,,,,,1,2023-05-12,1.0,18.189865,S2B_MSIL2A_20230512T094549_R079_T35VML_20230512T141851,1100.0,1155.0,1143.0,1701.0,3,2023-05-12,1.0,18.189865,S2B_MSIL2A_20230512T094549_R079_T35VML_20230512T141851,1100.0,1155.0,1143.0,1701.0,5,2023-05-15,0.0,20.801798,S2B_MSIL2A_20230515T095559_R122_T35VML_20230515T161452,9032.0,9136.0,8128.0,9080.0,7,,,,,,,,,D:\Water Quality Parameter Estimation\wq_pipeline\artifacts\tolerance_3d\prepared\chips\train\sample_FI_00001083.npz,D:\Water Quality Parameter Estimation\wq_pipeline\artifacts\tolerance_3d\prepared\chips\train\sample_FI_00001083.png,ok,,S2B_MSIL2A_20230512T094549_R079_T35VML_20230512T141851,2023-05-12,2.0,18.189865,45.5305301572924,0.0,256,128,0,0,9,"B02,B03,B04,B08"
FI_00001084,18170,18170,2023-05-10,63.728776901271246,26.38240528354664,,,,1200.0,27.0,44.0,14.0,,,,,,6.0,16.0,3.9,1200.0,27.0,44.0,14.0,0.2,Korpijoki 2,,Kiuruvesi,,,,,,,,,FI_00001120,18170,2023-08-17,63.728776901271246,26.38240528354664,,27.0,,1100.0,31.0,58.5,9.5,S2_FI_00001120,2023-05-10,0,96.690667,48.6157391944614,179.528359938755,,,35WNP,S2A_MSIL2A_20230510T100031_R122_T35WNP_20230510T154649,,6.5,,27.0,,7.2,23.0,15.6,1100.0,31.0,58.5,9.5,0.1,Korpijoki 2,,Kiuruvesi,,,,,,,,,ok,,-7,,,,,,,,,-5,,,,,,,,,-3,2023-05-07,0.0,17.642176,S2A_MSIL2A_20230507T095031_R079_T35VML_20230507T152641,1006.0,1141.0,1177.0,2064.0,-1,,,,,,,,,0,,,,,,,,,1,2023-05-12,1.0,18.189865,S2B_MSIL2A_20230512T094549_R079_T35VML_20230512T141851,1100.0,1155.0,1143.0,1701.0,3,2023-05-12,1.0,18.189865,S2B_MSIL2A_20230512T094549_R079_T35VML_20230512T141851,1100.0,1155.0,1143.0,1701.0,5,2023-05-15,0.0,20.801798,S2B_MSIL2A_20230515T095559_R122_T35VML_20230515T161452,9032.0,9136.0,8128.0,9080.0,7,,,,,,,,,D:\Water Quality Parameter Estimation\wq_pipeline\artifacts\tolerance_3d\prepared\chips\train\sample_FI_00001084.npz,D:\Water Quality Parameter Estimation\wq_pipeline\artifacts\tolerance_3d\prepared\chips\train\sample_FI_00001084.png,ok,,S2B_MSIL2A_20230512T094549_R079_T35VML_20230512T141851,2023-05-12,2.0,18.189865,45.5305301572924,0.0,256,128,0,0,9,"B02,B03,B04,B08"
FI_00001085,18170,18170,2023-05-10,63.728776901271246,26.38240528354664,,,,1200.0,27.0,44.0,14.0,,,,,,6.0,16.0,3.9,1200.0,27.0,44.0,14.0,0.2,Korpijoki 2,,Kiuruvesi,,,,,,,,,FI_00001120,18170,2023-08-17,63.728776901271246,26.38240528354664,,27.0,,1100.0,31.0,58.5,9.5,S2_FI_00001120,2023-05-10,0,96.690667,48.6157391944614,179.528359938755,,,35WNP,S2A_MSIL2A_20230510T100031_R122_T35WNP_20230510T154649,,6.5,,27.0,,7.2,23.0,15.6,1100.0,31.0,58.5,9.5,0.1,Korpijoki 2,,Kiuruvesi,,,,,,,,,ok,,-7,,,,,,,,,-5,,,,,,,,,-3,2023-05-07,0.0,17.642176,S2A_MSIL2A_20230507T095031_R079_T35VML_20230507T152641,1006.0,1141.0,1177.0,2064.0,-1,,,,,,,,,0,,,,,,,,,1,2023-05-12,1.0,18.189865,S2B_MSIL2A_20230512T094549_R079_T35VML_20230512T141851,1100.0,1155.0,1143.0,1701.0,3,2023-05-12,1.0,18.189865,S2B_MSIL2A_20230512T094549_R079_T35VML_20230512T141851,1100.0,1155.0,1143.0,1701.0,5,2023-05-15,0.0,20.801798,S2B_MSIL2A_20230515T095559_R122_T35VML_20230515T161452,9032.0,9136.0,8128.0,9080.0,7,,,,,,,,,D:\Water Quality Parameter Estimation\wq_pipeline\artifacts\tolerance_3d\prepared\chips\train\sample_FI_00001085.npz,D:\Water Quality Parameter Estimation\wq_pipeline\artifacts\tolerance_3d\prepared\chips\train\sample_FI_00001085.png,ok,,S2B_MSIL2A_20230512T094549_R079_T35VML_20230512T141851,2023-05-12,2.0,18.189865,45.5305301572924,0.0,256,128,0,0,9,"B02,B03,B04,B08"
FI_00001086,18170,18170,2023-05-16,63.728776901271246,26.38240528354664,,24.0,,1000.0,27.0,31.0,9.3,,3.2999999999999994,,24.0,,6.5,12.0,10.0,1000.0,27.0,31.0,9.3,0.1,Korpijoki 2,,Kiuruvesi,,,,,,,,,FI_00001043,18170,2023-02-13,63.728776901271246,26.38240528354664,,,,830.0,19.0,51.0,8.9,S2_FI_00001043,2023-05-15,1,28.729132,42.2096151999223,171.347479837009,,,34VEN,S2B_MSIL2A_20230515T095559_R122_T34VEN_20230515T150703,,,,,,7.0,14.0,-1.0,830.0,19.0,51.0,8.9,0.2,Korpijoki 2,,Kiuruvesi,,,,,,,,,ok,,-7,,,,,,,,,-5,2023-05-12,1.0,18.189865,S2B_MSIL2A_20230512T094549_R079_T35VML_20230512T141851,1100.0,1155.0,1143.0,1701.0,-3,2023-05-12,1.0,18.189865,S2B_MSIL2A_20230512T094549_R079_T35VML_20230512T141851,1100.0,1155.0,1143.0,1701.0,-1,2023-05-15,0.0,20.801798,S2B_MSIL2A_20230515T095559_R122_T35VML_20230515T161452,9032.0,9136.0,8128.0,9080.0,0,2023-05-15,1.0,20.801798,S2B_MSIL2A_20230515T095559_R122_T35VML_20230515T161452,9032.0,9136.0,8128.0,9080.0,1,,,,,,,,,3,2023-05-19,0.0,20.353115,S2B_MSIL2A_20230519T093549_R036_T35VML_20230519T131307,1666.0,1636.0,1548.0,2684.0,5,2023-05-20,1.0,1.025535,S2A_MSIL2A_20230520T100031_R122_T35VML_20230520T154511,1154.0,1186.0,1183.0,1739.0,7,2023-05-24,1.0,25.454789,S2A_MSIL2A_20230524T094031_R036_T35VML_20240906T080202,1271.0,1453.0,1392.0,2404.0,D:\Water Quality Parameter Estimation\wq_pipeline\artifacts\tolerance_3d\prepared\chips\train\sample_FI_00001086.npz,D:\Water Quality Parameter Estimation\wq_pipeline\artifacts\tolerance_3d\prepared\chips\train\sample_FI_00001086.png,ok,,S2B_MSIL2A_20230515T095559_R122_T35VML_20230515T161452,2023-05-15,1.0,20.801798,44.7050789030647,0.0,256,128,0,0,9,"B02,B03,B04,B08"
FI_00001087,18170,18170,2023-05-16,63.728776901271246,26.38240528354664,,24.0,,1000.0,27.0,31.0,9.3,,3.2999999999999994,,24.0,,6.5,12.0,10.0,1000.0,27.0,31.0,9.3,0.1,Korpijoki 2,,Kiuruvesi,,,,,,,,,FI_00001043,18170,2023-02-13,63.728776901271246,26.38240528354664,,,,830.0,19.0,51.0,8.9,S2_FI_00001043,2023-05-15,1,28.729132,42.2096151999223,171.347479837009,,,34VEN,S2B_MSIL2A_20230515T095559_R122_T34VEN_20230515T150703,,,,,,7.0,14.0,-1.0,830.0,19.0,51.0,8.9,0.2,Korpijoki 2,,Kiuruvesi,,,,,,,,,ok,,-7,,,,,,,,,-5,2023-05-12,1.0,18.189865,S2B_MSIL2A_20230512T094549_R079_T35VML_20230512T141851,1100.0,1155.0,1143.0,1701.0,-3,2023-05-12,1.0,18.189865,S2B_MSIL2A_20230512T094549_R079_T35VML_20230512T141851,1100.0,1155.0,1143.0,1701.0,-1,2023-05-15,0.0,20.801798,S2B_MSIL2A_20230515T095559_R122_T35VML_20230515T161452,9032.0,9136.0,8128.0,9080.0,0,2023-05-15,1.0,20.801798,S2B_MSIL2A_20230515T095559_R122_T35VML_20230515T161452,9032.0,9136.0,8128.0,9080.0,1,,,,,,,,,3,2023-05-19,0.0,20.353115,S2B_MSIL2A_20230519T093549_R036_T35VML_20230519T131307,1666.0,1636.0,1548.0,2684.0,5,2023-05-20,1.0,1.025535,S2A_MSIL2A_20230520T100031_R122_T35VML_20230520T154511,1154.0,1186.0,1183.0,1739.0,7,2023-05-24,1.0,25.454789,S2A_MSIL2A_20230524T094031_R036_T35VML_20240906T080202,1271.0,1453.0,1392.0,2404.0,D:\Water Quality Parameter Estimation\wq_pipeline\artifacts\tolerance_3d\prepared\chips\train\sample_FI_00001087.npz,D:\Water Quality Parameter Estimation\wq_pipeline\artifacts\tolerance_3d\prepared\chips\train\sample_FI_00001087.png,ok,,S2B_MSIL2A_20230515T095559_R122_T35VML_20230515T161452,2023-05-15,1.0,20.801798,44.7050789030647,0.0,256,128,0,0,9,"B02,B03,B04,B08"
FI_00001088,18170,18170,2023-05-16,63.728776901271246,26.38240528354664,,24.0,,1000.0,27.0,31.0,9.3,,3.2999999999999994,,24.0,,6.5,12.0,10.0,1000.0,27.0,31.0,9.3,0.1,Korpijoki 2,,Kiuruvesi,,,,,,,,,FI_00001043,18170,2023-02-13,63.728776901271246,26.38240528354664,,,,830.0,19.0,51.0,8.9,S2_FI_00001043,2023-05-15,1,28.729132,42.2096151999223,171.347479837009,,,34VEN,S2B_MSIL2A_20230515T095559_R122_T34VEN_20230515T150703,,,,,,7.0,14.0,-1.0,830.0,19.0,51.0,8.9,0.2,Korpijoki 2,,Kiuruvesi,,,,,,,,,ok,,-7,,,,,,,,,-5,2023-05-12,1.0,18.189865,S2B_MSIL2A_20230512T094549_R079_T35VML_20230512T141851,1100.0,1155.0,1143.0,1701.0,-3,2023-05-12,1.0,18.189865,S2B_MSIL2A_20230512T094549_R079_T35VML_20230512T141851,1100.0,1155.0,1143.0,1701.0,-1,2023-05-15,0.0,20.801798,S2B_MSIL2A_20230515T095559_R122_T35VML_20230515T161452,9032.0,9136.0,8128.0,9080.0,0,2023-05-15,1.0,20.801798,S2B_MSIL2A_20230515T095559_R122_T35VML_20230515T161452,9032.0,9136.0,8128.0,9080.0,1,,,,,,,,,3,2023-05-19,0.0,20.353115,S2B_MSIL2A_20230519T093549_R036_T35VML_20230519T131307,1666.0,1636.0,1548.0,2684.0,5,2023-05-20,1.0,1.025535,S2A_MSIL2A_20230520T100031_R122_T35VML_20230520T154511,1154.0,1186.0,1183.0,1739.0,7,2023-05-24,1.0,25.454789,S2A_MSIL2A_20230524T094031_R036_T35VML_20240906T080202,1271.0,1453.0,1392.0,2404.0,D:\Water Quality Parameter Estimation\wq_pipeline\artifacts\tolerance_3d\prepared\chips\train\sample_FI_00001088.npz,D:\Water Quality Parameter Estimation\wq_pipeline\artifacts\tolerance_3d\prepared\chips\train\sample_FI_00001088.png,ok,,S2B_MSIL2A_20230515T095559_R122_T35VML_20230515T161452,2023-05-15,1.0,20.801798,44.7050789030647,0.0,256,128,0,0,9,"B02,B03,B04,B08"
FI_00001089,18170,18170,2023-05-16,63.728776901271246,26.38240528354664,,24.0,,1000.0,27.0,31.0,9.3,,3.2999999999999994,,24.0,,6.5,12.0,10.0,1000.0,27.0,31.0,9.3,0.1,Korpijoki 2,,Kiuruvesi,,,,,,,,,FI_00001043,18170,2023-02-13,63.728776901271246,26.38240528354664,,,,830.0,19.0,51.0,8.9,S2_FI_00001043,2023-05-15,1,28.729132,42.2096151999223,171.347479837009,,,34VEN,S2B_MSIL2A_20230515T095559_R122_T34VEN_20230515T150703,,,,,,7.0,14.0,-1.0,830.0,19.0,51.0,8.9,0.2,Korpijoki 2,,Kiuruvesi,,,,,,,,,ok,,-7,,,,,,,,,-5,2023-05-12,1.0,18.189865,S2B_MSIL2A_20230512T094549_R079_T35VML_20230512T141851,1100.0,1155.0,1143.0,1701.0,-3,2023-05-12,1.0,18.189865,S2B_MSIL2A_20230512T094549_R079_T35VML_20230512T141851,1100.0,1155.0,1143.0,1701.0,-1,2023-05-15,0.0,20.801798,S2B_MSIL2A_20230515T095559_R122_T35VML_20230515T161452,9032.0,9136.0,8128.0,9080.0,0,2023-05-15,1.0,20.801798,S2B_MSIL2A_20230515T095559_R122_T35VML_20230515T161452,9032.0,9136.0,8128.0,9080.0,1,,,,,,,,,3,2023-05-19,0.0,20.353115,S2B_MSIL2A_20230519T093549_R036_T35VML_20230519T131307,1666.0,1636.0,1548.0,2684.0,5,2023-05-20,1.0,1.025535,S2A_MSIL2A_20230520T100031_R122_T35VML_20230520T154511,1154.0,1186.0,1183.0,1739.0,7,2023-05-24,1.0,25.454789,S2A_MSIL2A_20230524T094031_R036_T35VML_20240906T080202,1271.0,1453.0,1392.0,2404.0,D:\Water Quality Parameter Estimation\wq_pipeline\artifacts\tolerance_3d\prepared\chips\train\sample_FI_00001089.npz,D:\Water Quality Parameter Estimation\wq_pipeline\artifacts\tolerance_3d\prepared\chips\train\sample_FI_00001089.png,ok,,S2B_MSIL2A_20230515T095559_R122_T35VML_20230515T161452,2023-05-15,1.0,20.801798,44.7050789030647,0.0,256,128,0,0,9,"B02,B03,B04,B08"
FI_00001090,18170,18170,2023-05-16,63.728776901271246,26.38240528354664,,24.0,,1000.0,27.0,31.0,9.3,,3.2999999999999994,,24.0,,6.5,12.0,10.0,1000.0,27.0,31.0,9.3,0.1,Korpijoki 2,,Kiuruvesi,,,,,,,,,FI_00001043,18170,2023-02-13,63.728776901271246,26.38240528354664,,,,830.0,19.0,51.0,8.9,S2_FI_00001043,2023-05-15,1,28.729132,42.2096151999223,171.347479837009,,,34VEN,S2B_MSIL2A_20230515T095559_R122_T34VEN_20230515T150703,,,,,,7.0,14.0,-1.0,830.0,19.0,51.0,8.9,0.2,Korpijoki 2,,Kiuruvesi,,,,,,,,,ok,,-7,,,,,,,,,-5,2023-05-12,1.0,18.189865,S2B_MSIL2A_20230512T094549_R079_T35VML_20230512T141851,1100.0,1155.0,1143.0,1701.0,-3,2023-05-12,1.0,18.189865,S2B_MSIL2A_20230512T094549_R079_T35VML_20230512T141851,1100.0,1155.0,1143.0,1701.0,-1,2023-05-15,0.0,20.801798,S2B_MSIL2A_20230515T095559_R122_T35VML_20230515T161452,9032.0,9136.0,8128.0,9080.0,0,2023-05-15,1.0,20.801798,S2B_MSIL2A_20230515T095559_R122_T35VML_20230515T161452,9032.0,9136.0,8128.0,9080.0,1,,,,,,,,,3,2023-05-19,0.0,20.353115,S2B_MSIL2A_20230519T093549_R036_T35VML_20230519T131307,1666.0,1636.0,1548.0,2684.0,5,2023-05-20,1.0,1.025535,S2A_MSIL2A_20230520T100031_R122_T35VML_20230520T154511,1154.0,1186.0,1183.0,1739.0,7,2023-05-24,1.0,25.454789,S2A_MSIL2A_20230524T094031_R036_T35VML_20240906T080202,1271.0,1453.0,1392.0,2404.0,D:\Water Quality Parameter Estimation\wq_pipeline\artifacts\tolerance_3d\prepared\chips\train\sample_FI_00001090.npz,D:\Water Quality Parameter Estimation\wq_pipeline\artifacts\tolerance_3d\prepared\chips\train\sample_FI_00001090.png,ok,,S2B_MSIL2A_20230515T095559_R122_T35VML_20230515T161452,2023-05-15,1.0,20.801798,44.7050789030647,0.0,256,128,0,0,9,"B02,B03,B04,B08"
FI_00001091,18170,18170,2023-05-16,63.728776901271246,26.38240528354664,,24.0,,1000.0,27.0,31.0,9.3,,3.2999999999999994,,24.0,,6.5,12.0,10.0,1000.0,27.0,31.0,9.3,0.1,Korpijoki 2,,Kiuruvesi,,,,,,,,,FI_00001043,18170,2023-02-13,63.728776901271246,26.38240528354664,,,,830.0,19.0,51.0,8.9,S2_FI_00001043,2023-05-15,1,28.729132,42.2096151999223,171.347479837009,,,34VEN,S2B_MSIL2A_20230515T095559_R122_T34VEN_20230515T150703,,,,,,7.0,14.0,-1.0,830.0,19.0,51.0,8.9,0.2,Korpijoki 2,,Kiuruvesi,,,,,,,,,ok,,-7,,,,,,,,,-5,2023-05-12,1.0,18.189865,S2B_MSIL2A_20230512T094549_R079_T35VML_20230512T141851,1100.0,1155.0,1143.0,1701.0,-3,2023-05-12,1.0,18.189865,S2B_MSIL2A_20230512T094549_R079_T35VML_20230512T141851,1100.0,1155.0,1143.0,1701.0,-1,2023-05-15,0.0,20.801798,S2B_MSIL2A_20230515T095559_R122_T35VML_20230515T161452,9032.0,9136.0,8128.0,9080.0,0,2023-05-15,1.0,20.801798,S2B_MSIL2A_20230515T095559_R122_T35VML_20230515T161452,9032.0,9136.0,8128.0,9080.0,1,,,,,,,,,3,2023-05-19,0.0,20.353115,S2B_MSIL2A_20230519T093549_R036_T35VML_20230519T131307,1666.0,1636.0,1548.0,2684.0,5,2023-05-20,1.0,1.025535,S2A_MSIL2A_20230520T100031_R122_T35VML_20230520T154511,1154.0,1186.0,1183.0,1739.0,7,2023-05-24,1.0,25.454789,S2A_MSIL2A_20230524T094031_R036_T35VML_20240906T080202,1271.0,1453.0,1392.0,2404.0,D:\Water Quality Parameter Estimation\wq_pipeline\artifacts\tolerance_3d\prepared\chips\train\sample_FI_00001091.npz,D:\Water Quality Parameter Estimation\wq_pipeline\artifacts\tolerance_3d\prepared\chips\train\sample_FI_00001091.png,ok,,S2B_MSIL2A_20230515T095559_R122_T35VML_20230515T161452,2023-05-15,1.0,20.801798,44.7050789030647,0.0,256,128,0,0,9,"B02,B03,B04,B08"
FI_00001092,18170,18170,2023-05-22,63.728776901271246,26.38240528354664,,,,900.0,24.0,51.0,9.0,,,,,,6.900000000000001,14.0,11.4,900.0,24.0,51.0,9.0,0.1,Korpijoki 2,,Kiuruvesi,,,,,,,,,FI_00001174,18170,2024-01-08,63.728776901271246,26.38240528354664,,,,840.0,18.0,71.0,11.0,S2_FI_00001174,2023-05-22,0,60.619199,41.5880749517369,170.75536354474,,,35VLJ,S2B_MSIL2A_20230522T094549_R079_T35VLJ_20230522T142441,,,,,,7.099999999999999,18.0,0.0,840.0,18.0,71.0,11.0,0.0,Korpijoki 2,,Kiuruvesi,,,,,,,,,ok,,-7,2023-05-15,0.0,20.801798,S2B_MSIL2A_20230515T095559_R122_T35VML_20230515T161452,9032.0,9136.0,8128.0,9080.0,-5,,,,,,,,,-3,2023-05-19,0.0,20.353115,S2B_MSIL2A_20230519T093549_R036_T35VML_20230519T131307,1666.0,1636.0,1548.0,2684.0,-1,2023-05-20,1.0,1.025535,S2A_MSIL2A_20230520T100031_R122_T35VML_20230520T154511,1154.0,1186.0,1183.0,1739.0,0,,,,,,,,,1,2023-05-24,1.0,25.454789,S2A_MSIL2A_20230524T094031_R036_T35VML_20240906T080202,1271.0,1453.0,1392.0,2404.0,3,2023-05-25,0.0,29.266343,S2B_MSIL2A_20230525T095559_R122_T35VML_20240908T101427,1358.0,1409.0,1317.0,2078.0,5,2023-05-27,0.0,23.531328,S2A_MSIL2A_20230527T095031_R079_T35VML_20240906T215111,1230.0,1325.0,1259.0,2276.0,7,,,,,,,,,D:\Water Quality Parameter Estimation\wq_pipeline\artifacts\tolerance_3d\prepared\chips\train\sample_FI_00001092.npz,D:\Water Quality Parameter Estimation\wq_pipeline\artifacts\tolerance_3d\prepared\chips\train\sample_FI_00001092.png,ok,,S2A_MSIL2A_20230520T100031_R122_T35VML_20230520T154511,2023-05-20,2.0,1.025535,43.5922959096703,0.0,256,128,0,0,9,"B02,B03,B04,B08"
FI_00001093,18170,18170,2023-05-22,63.728776901271246,26.38240528354664,,,,900.0,24.0,51.0,9.0,,,,,,6.900000000000001,14.0,11.4,900.0,24.0,51.0,9.0,0.1,Korpijoki 2,,Kiuruvesi,,,,,,,,,FI_00001174,18170,2024-01-08,63.728776901271246,26.38240528354664,,,,840.0,18.0,71.0,11.0,S2_FI_00001174,2023-05-22,0,60.619199,41.5880749517369,170.75536354474,,,35VLJ,S2B_MSIL2A_20230522T094549_R079_T35VLJ_20230522T142441,,,,,,7.099999999999999,18.0,0.0,840.0,18.0,71.0,11.0,0.0,Korpijoki 2,,Kiuruvesi,,,,,,,,,ok,,-7,2023-05-15,0.0,20.801798,S2B_MSIL2A_20230515T095559_R122_T35VML_20230515T161452,9032.0,9136.0,8128.0,9080.0,-5,,,,,,,,,-3,2023-05-19,0.0,20.353115,S2B_MSIL2A_20230519T093549_R036_T35VML_20230519T131307,1666.0,1636.0,1548.0,2684.0,-1,2023-05-20,1.0,1.025535,S2A_MSIL2A_20230520T100031_R122_T35VML_20230520T154511,1154.0,1186.0,1183.0,1739.0,0,,,,,,,,,1,2023-05-24,1.0,25.454789,S2A_MSIL2A_20230524T094031_R036_T35VML_20240906T080202,1271.0,1453.0,1392.0,2404.0,3,2023-05-25,0.0,29.266343,S2B_MSIL2A_20230525T095559_R122_T35VML_20240908T101427,1358.0,1409.0,1317.0,2078.0,5,2023-05-27,0.0,23.531328,S2A_MSIL2A_20230527T095031_R079_T35VML_20240906T215111,1230.0,1325.0,1259.0,2276.0,7,,,,,,,,,D:\Water Quality Parameter Estimation\wq_pipeline\artifacts\tolerance_3d\prepared\chips\train\sample_FI_00001093.npz,D:\Water Quality Parameter Estimation\wq_pipeline\artifacts\tolerance_3d\prepared\chips\train\sample_FI_00001093.png,ok,,S2A_MSIL2A_20230520T100031_R122_T35VML_20230520T154511,2023-05-20,2.0,1.025535,43.5922959096703,0.0,256,128,0,0,9,"B02,B03,B04,B08"
FI_00001094,18170,18170,2023-05-22,63.728776901271246,26.38240528354664,,,,900.0,24.0,51.0,9.0,,,,,,6.900000000000001,14.0,11.4,900.0,24.0,51.0,9.0,0.1,Korpijoki 2,,Kiuruvesi,,,,,,,,,FI_00001174,18170,2024-01-08,63.728776901271246,26.38240528354664,,,,840.0,18.0,71.0,11.0,S2_FI_00001174,2023-05-22,0,60.619199,41.5880749517369,170.75536354474,,,35VLJ,S2B_MSIL2A_20230522T094549_R079_T35VLJ_20230522T142441,,,,,,7.099999999999999,18.0,0.0,840.0,18.0,71.0,11.0,0.0,Korpijoki 2,,Kiuruvesi,,,,,,,,,ok,,-7,2023-05-15,0.0,20.801798,S2B_MSIL2A_20230515T095559_R122_T35VML_20230515T161452,9032.0,9136.0,8128.0,9080.0,-5,,,,,,,,,-3,2023-05-19,0.0,20.353115,S2B_MSIL2A_20230519T093549_R036_T35VML_20230519T131307,1666.0,1636.0,1548.0,2684.0,-1,2023-05-20,1.0,1.025535,S2A_MSIL2A_20230520T100031_R122_T35VML_20230520T154511,1154.0,1186.0,1183.0,1739.0,0,,,,,,,,,1,2023-05-24,1.0,25.454789,S2A_MSIL2A_20230524T094031_R036_T35VML_20240906T080202,1271.0,1453.0,1392.0,2404.0,3,2023-05-25,0.0,29.266343,S2B_MSIL2A_20230525T095559_R122_T35VML_20240908T101427,1358.0,1409.0,1317.0,2078.0,5,2023-05-27,0.0,23.531328,S2A_MSIL2A_20230527T095031_R079_T35VML_20240906T215111,1230.0,1325.0,1259.0,2276.0,7,,,,,,,,,D:\Water Quality Parameter Estimation\wq_pipeline\artifacts\tolerance_3d\prepared\chips\train\sample_FI_00001094.npz,D:\Water Quality Parameter Estimation\wq_pipeline\artifacts\tolerance_3d\prepared\chips\train\sample_FI_00001094.png,ok,,S2A_MSIL2A_20230520T100031_R122_T35VML_20230520T154511,2023-05-20,2.0,1.025535,43.5922959096703,0.0,256,128,0,0,9,"B02,B03,B04,B08"
FI_00001095,18170,18170,2023-05-22,63.728776901271246,26.38240528354664,,,,900.0,24.0,51.0,9.0,,,,,,6.900000000000001,14.0,11.4,900.0,24.0,51.0,9.0,0.1,Korpijoki 2,,Kiuruvesi,,,,,,,,,FI_00001174,18170,2024-01-08,63.728776901271246,26.38240528354664,,,,840.0,18.0,71.0,11.0,S2_FI_00001174,2023-05-22,0,60.619199,41.5880749517369,170.75536354474,,,35VLJ,S2B_MSIL2A_20230522T094549_R079_T35VLJ_20230522T142441,,,,,,7.099999999999999,18.0,0.0,840.0,18.0,71.0,11.0,0.0,Korpijoki 2,,Kiuruvesi,,,,,,,,,ok,,-7,2023-05-15,0.0,20.801798,S2B_MSIL2A_20230515T095559_R122_T35VML_20230515T161452,9032.0,9136.0,8128.0,9080.0,-5,,,,,,,,,-3,2023-05-19,0.0,20.353115,S2B_MSIL2A_20230519T093549_R036_T35VML_20230519T131307,1666.0,1636.0,1548.0,2684.0,-1,2023-05-20,1.0,1.025535,S2A_MSIL2A_20230520T100031_R122_T35VML_20230520T154511,1154.0,1186.0,1183.0,1739.0,0,,,,,,,,,1,2023-05-24,1.0,25.454789,S2A_MSIL2A_20230524T094031_R036_T35VML_20240906T080202,1271.0,1453.0,1392.0,2404.0,3,2023-05-25,0.0,29.266343,S2B_MSIL2A_20230525T095559_R122_T35VML_20240908T101427,1358.0,1409.0,1317.0,2078.0,5,2023-05-27,0.0,23.531328,S2A_MSIL2A_20230527T095031_R079_T35VML_20240906T215111,1230.0,1325.0,1259.0,2276.0,7,,,,,,,,,D:\Water Quality Parameter Estimation\wq_pipeline\artifacts\tolerance_3d\prepared\chips\train\sample_FI_00001095.npz,D:\Water Quality Parameter Estimation\wq_pipeline\artifacts\tolerance_3d\prepared\chips\train\sample_FI_00001095.png,ok,,S2A_MSIL2A_20230520T100031_R122_T35VML_20230520T154511,2023-05-20,2.0,1.025535,43.5922959096703,0.0,256,128,0,0,9,"B02,B03,B04,B08"
FI_00001096,18170,18170,2023-05-22,63.728776901271246,26.38240528354664,,,,900.0,24.0,51.0,9.0,,,,,,6.900000000000001,14.0,11.4,900.0,24.0,51.0,9.0,0.1,Korpijoki 2,,Kiuruvesi,,,,,,,,,FI_00001174,18170,2024-01-08,63.728776901271246,26.38240528354664,,,,840.0,18.0,71.0,11.0,S2_FI_00001174,2023-05-22,0,60.619199,41.5880749517369,170.75536354474,,,35VLJ,S2B_MSIL2A_20230522T094549_R079_T35VLJ_20230522T142441,,,,,,7.099999999999999,18.0,0.0,840.0,18.0,71.0,11.0,0.0,Korpijoki 2,,Kiuruvesi,,,,,,,,,ok,,-7,2023-05-15,0.0,20.801798,S2B_MSIL2A_20230515T095559_R122_T35VML_20230515T161452,9032.0,9136.0,8128.0,9080.0,-5,,,,,,,,,-3,2023-05-19,0.0,20.353115,S2B_MSIL2A_20230519T093549_R036_T35VML_20230519T131307,1666.0,1636.0,1548.0,2684.0,-1,2023-05-20,1.0,1.025535,S2A_MSIL2A_20230520T100031_R122_T35VML_20230520T154511,1154.0,1186.0,1183.0,1739.0,0,,,,,,,,,1,2023-05-24,1.0,25.454789,S2A_MSIL2A_20230524T094031_R036_T35VML_20240906T080202,1271.0,1453.0,1392.0,2404.0,3,2023-05-25,0.0,29.266343,S2B_MSIL2A_20230525T095559_R122_T35VML_20240908T101427,1358.0,1409.0,1317.0,2078.0,5,2023-05-27,0.0,23.531328,S2A_MSIL2A_20230527T095031_R079_T35VML_20240906T215111,1230.0,1325.0,1259.0,2276.0,7,,,,,,,,,D:\Water Quality Parameter Estimation\wq_pipeline\artifacts\tolerance_3d\prepared\chips\train\sample_FI_00001096.npz,D:\Water Quality Parameter Estimation\wq_pipeline\artifacts\tolerance_3d\prepared\chips\train\sample_FI_00001096.png,ok,,S2A_MSIL2A_20230520T100031_R122_T35VML_20230520T154511,2023-05-20,2.0,1.025535,43.5922959096703,0.0,256,128,0,0,9,"B02,B03,B04,B08"
FI_00001097,18170,18170,2023-05-22,63.728776901271246,26.38240528354664,,,,900.0,24.0,51.0,9.0,,,,,,6.900000000000001,14.0,11.4,900.0,24.0,51.0,9.0,0.1,Korpijoki 2,,Kiuruvesi,,,,,,,,,FI_00001174,18170,2024-01-08,63.728776901271246,26.38240528354664,,,,840.0,18.0,71.0,11.0,S2_FI_00001174,2023-05-22,0,60.619199,41.5880749517369,170.75536354474,,,35VLJ,S2B_MSIL2A_20230522T094549_R079_T35VLJ_20230522T142441,,,,,,7.099999999999999,18.0,0.0,840.0,18.0,71.0,11.0,0.0,Korpijoki 2,,Kiuruvesi,,,,,,,,,ok,,-7,2023-05-15,0.0,20.801798,S2B_MSIL2A_20230515T095559_R122_T35VML_20230515T161452,9032.0,9136.0,8128.0,9080.0,-5,,,,,,,,,-3,2023-05-19,0.0,20.353115,S2B_MSIL2A_20230519T093549_R036_T35VML_20230519T131307,1666.0,1636.0,1548.0,2684.0,-1,2023-05-20,1.0,1.025535,S2A_MSIL2A_20230520T100031_R122_T35VML_20230520T154511,1154.0,1186.0,1183.0,1739.0,0,,,,,,,,,1,2023-05-24,1.0,25.454789,S2A_MSIL2A_20230524T094031_R036_T35VML_20240906T080202,1271.0,1453.0,1392.0,2404.0,3,2023-05-25,0.0,29.266343,S2B_MSIL2A_20230525T095559_R122_T35VML_20240908T101427,1358.0,1409.0,1317.0,2078.0,5,2023-05-27,0.0,23.531328,S2A_MSIL2A_20230527T095031_R079_T35VML_20240906T215111,1230.0,1325.0,1259.0,2276.0,7,,,,,,,,,D:\Water Quality Parameter Estimation\wq_pipeline\artifacts\tolerance_3d\prepared\chips\train\sample_FI_00001097.npz,D:\Water Quality Parameter Estimation\wq_pipeline\artifacts\tolerance_3d\prepared\chips\train\sample_FI_00001097.png,ok,,S2A_MSIL2A_20230520T100031_R122_T35VML_20230520T154511,2023-05-20,2.0,1.025535,43.5922959096703,0.0,256,128,0,0,9,"B02,B03,B04,B08"
FI_00001098,18170,18170,2023-05-31,63.728776901271246,26.38240528354664,,,,850.0,25.0,52.0,7.3,,,,,,7.099999999999999,8.0,9.7,850.0,25.0,52.0,7.3,0.2,Korpijoki 2,,Kiuruvesi,,,,,,,,,FI_00001121,18170,2023-08-17,63.728776901271246,26.38240528354664,,27.0,,1100.0,31.0,58.5,9.5,S2_FI_00001121,2023-05-30,1,44.812593,44.4621218720377,179.165169473991,,,35WNP,S2A_MSIL2A_20230530T100031_R122_T35WNP_20240906T093135,,6.5,,27.0,,7.2,23.0,15.6,1100.0,31.0,58.5,9.5,0.1,Korpijoki 2,,Kiuruvesi,,,,,,,,,ok,,-7,2023-05-24,0.0,25.454789,S2A_MSIL2A_20230524T094031_R036_T35VML_20240906T080202,1271.0,1453.0,1392.0,2404.0,-5,2023-05-27,1.0,23.531328,S2A_MSIL2A_20230527T095031_R079_T35VML_20240906T215111,1230.0,1325.0,1259.0,2276.0,-3,2023-05-27,1.0,23.531328,S2A_MSIL2A_20230527T095031_R079_T35VML_20240906T215111,1230.0,1325.0,1259.0,2276.0,-1,,,,,,,,,0,,,,,,,,,1,,,,,,,,,3,,,,,,,,,5,,,,,,,,,7,,,,,,,,,,,no_match,no_stac_item,,,,,,,256,128,0,0,0,"B02,B03,B04,B08"
FI_00001099,18170,18170,2023-05-31,63.728776901271246,26.38240528354664,,,,850.0,25.0,52.0,7.3,,,,,,7.099999999999999,8.0,9.7,850.0,25.0,52.0,7.3,0.2,Korpijoki 2,,Kiuruvesi,,,,,,,,,FI_00001121,18170,2023-08-17,63.728776901271246,26.38240528354664,,27.0,,1100.0,31.0,58.5,9.5,S2_FI_00001121,2023-05-30,1,44.812593,44.4621218720377,179.165169473991,,,35WNP,S2A_MSIL2A_20230530T100031_R122_T35WNP_20240906T093135,,6.5,,27.0,,7.2,23.0,15.6,1100.0,31.0,58.5,9.5,0.1,Korpijoki 2,,Kiuruvesi,,,,,,,,,ok,,-7,2023-05-24,0.0,25.454789,S2A_MSIL2A_20230524T094031_R036_T35VML_20240906T080202,1271.0,1453.0,1392.0,2404.0,-5,2023-05-27,1.0,23.531328,S2A_MSIL2A_20230527T095031_R079_T35VML_20240906T215111,1230.0,1325.0,1259.0,2276.0,-3,2023-05-27,1.0,23.531328,S2A_MSIL2A_20230527T095031_R079_T35VML_20240906T215111,1230.0,1325.0,1259.0,2276.0,-1,,,,,,,,,0,,,,,,,,,1,,,,,,,,,3,,,,,,,,,5,,,,,,,,,7,,,,,,,,,,,no_match,no_stac_item,,,,,,,256,128,0,0,0,"B02,B03,B04,B08"
FI_00001100,18170,18170,2023-05-31,63.728776901271246,26.38240528354664,,,,850.0,25.0,52.0,7.3,,,,,,7.099999999999999,8.0,9.7,850.0,25.0,52.0,7.3,0.2,Korpijoki 2,,Kiuruvesi,,,,,,,,,FI_00001121,18170,2023-08-17,63.728776901271246,26.38240528354664,,27.0,,1100.0,31.0,58.5,9.5,S2_FI_00001121,2023-05-30,1,44.812593,44.4621218720377,179.165169473991,,,35WNP,S2A_MSIL2A_20230530T100031_R122_T35WNP_20240906T093135,,6.5,,27.0,,7.2,23.0,15.6,1100.0,31.0,58.5,9.5,0.1,Korpijoki 2,,Kiuruvesi,,,,,,,,,ok,,-7,2023-05-24,0.0,25.454789,S2A_MSIL2A_20230524T094031_R036_T35VML_20240906T080202,1271.0,1453.0,1392.0,2404.0,-5,2023-05-27,1.0,23.531328,S2A_MSIL2A_20230527T095031_R079_T35VML_20240906T215111,1230.0,1325.0,1259.0,2276.0,-3,2023-05-27,1.0,23.531328,S2A_MSIL2A_20230527T095031_R079_T35VML_20240906T215111,1230.0,1325.0,1259.0,2276.0,-1,,,,,,,,,0,,,,,,,,,1,,,,,,,,,3,,,,,,,,,5,,,,,,,,,7,,,,,,,,,,,no_match,no_stac_item,,,,,,,256,128,0,0,0,"B02,B03,B04,B08"
FI_00001101,18170,18170,2023-05-31,63.728776901271246,26.38240528354664,,,,850.0,25.0,52.0,7.3,,,,,,7.099999999999999,8.0,9.7,850.0,25.0,52.0,7.3,0.2,Korpijoki 2,,Kiuruvesi,,,,,,,,,FI_00001121,18170,2023-08-17,63.728776901271246,26.38240528354664,,27.0,,1100.0,31.0,58.5,9.5,S2_FI_00001121,2023-05-30,1,44.812593,44.4621218720377,179.165169473991,,,35WNP,S2A_MSIL2A_20230530T100031_R122_T35WNP_20240906T093135,,6.5,,27.0,,7.2,23.0,15.6,1100.0,31.0,58.5,9.5,0.1,Korpijoki 2,,Kiuruvesi,,,,,,,,,ok,,-7,2023-05-24,0.0,25.454789,S2A_MSIL2A_20230524T094031_R036_T35VML_20240906T080202,1271.0,1453.0,1392.0,2404.0,-5,2023-05-27,1.0,23.531328,S2A_MSIL2A_20230527T095031_R079_T35VML_20240906T215111,1230.0,1325.0,1259.0,2276.0,-3,2023-05-27,1.0,23.531328,S2A_MSIL2A_20230527T095031_R079_T35VML_20240906T215111,1230.0,1325.0,1259.0,2276.0,-1,,,,,,,,,0,,,,,,,,,1,,,,,,,,,3,,,,,,,,,5,,,,,,,,,7,,,,,,,,,,,no_match,no_stac_item,,,,,,,256,128,0,0,0,"B02,B03,B04,B08"
FI_00001102,18170,18170,2023-05-31,63.728776901271246,26.38240528354664,,,,850.0,25.0,52.0,7.3,,,,,,7.099999999999999,8.0,9.7,850.0,25.0,52.0,7.3,0.2,Korpijoki 2,,Kiuruvesi,,,,,,,,,FI_00001121,18170,2023-08-17,63.728776901271246,26.38240528354664,,27.0,,1100.0,31.0,58.5,9.5,S2_FI_00001121,2023-05-30,1,44.812593,44.4621218720377,179.165169473991,,,35WNP,S2A_MSIL2A_20230530T100031_R122_T35WNP_20240906T093135,,6.5,,27.0,,7.2,23.0,15.6,1100.0,31.0,58.5,9.5,0.1,Korpijoki 2,,Kiuruvesi,,,,,,,,,ok,,-7,2023-05-24,0.0,25.454789,S2A_MSIL2A_20230524T094031_R036_T35VML_20240906T080202,1271.0,1453.0,1392.0,2404.0,-5,2023-05-27,1.0,23.531328,S2A_MSIL2A_20230527T095031_R079_T35VML_20240906T215111,1230.0,1325.0,1259.0,2276.0,-3,2023-05-27,1.0,23.531328,S2A_MSIL2A_20230527T095031_R079_T35VML_20240906T215111,1230.0,1325.0,1259.0,2276.0,-1,,,,,,,,,0,,,,,,,,,1,,,,,,,,,3,,,,,,,,,5,,,,,,,,,7,,,,,,,,,,,no_match,no_stac_item,,,,,,,256,128,0,0,0,"B02,B03,B04,B08"
FI_00001103,18170,18170,2023-05-31,63.728776901271246,26.38240528354664,,,,850.0,25.0,52.0,7.3,,,,,,7.099999999999999,8.0,9.7,850.0,25.0,52.0,7.3,0.2,Korpijoki 2,,Kiuruvesi,,,,,,,,,FI_00001121,18170,2023-08-17,63.728776901271246,26.38240528354664,,27.0,,1100.0,31.0,58.5,9.5,S2_FI_00001121,2023-05-30,1,44.812593,44.4621218720377,179.165169473991,,,35WNP,S2A_MSIL2A_20230530T100031_R122_T35WNP_20240906T093135,,6.5,,27.0,,7.2,23.0,15.6,1100.0,31.0,58.5,9.5,0.1,Korpijoki 2,,Kiuruvesi,,,,,,,,,ok,,-7,2023-05-24,0.0,25.454789,S2A_MSIL2A_20230524T094031_R036_T35VML_20240906T080202,1271.0,1453.0,1392.0,2404.0,-5,2023-05-27,1.0,23.531328,S2A_MSIL2A_20230527T095031_R079_T35VML_20240906T215111,1230.0,1325.0,1259.0,2276.0,-3,2023-05-27,1.0,23.531328,S2A_MSIL2A_20230527T095031_R079_T35VML_20240906T215111,1230.0,1325.0,1259.0,2276.0,-1,,,,,,,,,0,,,,,,,,,1,,,,,,,,,3,,,,,,,,,5,,,,,,,,,7,,,,,,,,,,,no_match,no_stac_item,,,,,,,256,128,0,0,0,"B02,B03,B04,B08"
FI_00001104,18170,18170,2023-06-19,63.728776901271246,26.38240528354664,,,,750.0,21.0,70.0,4.9,,,,,,7.3,11.0,18.4,750.0,21.0,70.0,4.9,0.1,Korpijoki 2,,Kiuruvesi,,,,,,,,,FI_00001124,18170,2023-08-28,63.728776901271246,26.38240528354664,,,,870.0,24.0,91.0,10.0,S2_FI_00001124,2023-06-19,0,5.771082,42.8131059857055,177.870595018803,,,35WNP,S2A_MSIL2A_20230619T100031_R122_T35WNP_20240911T192325,,,,,,7.5,10.0,11.9,870.0,24.0,91.0,10.0,0.1,Korpijoki 2,,Kiuruvesi,,,,,,,,,ok,,-7,,,,,,,,,-5,2023-06-14,0.0,0.816692,S2B_MSIL2A_20230614T095559_R122_T35VML_20230614T142558,1172.0,1234.0,1142.0,2406.0,-3,2023-06-16,0.0,4e-05,S2A_MSIL2A_20230616T095031_R079_T35VML_20240912T001946,1141.0,1244.0,1187.0,2300.0,-1,2023-06-18,0.0,0.000274,S2B_MSIL2A_20230618T093549_R036_T35VML_20230618T134848,1326.0,1466.0,1342.0,3498.0,0,2023-06-19,0.0,6.327912,S2A_MSIL2A_20230619T100031_R122_T35VML_20240911T192325,1243.0,1298.0,1197.0,2377.0,1,2023-06-19,1.0,6.327912,S2A_MSIL2A_20230619T100031_R122_T35VML_20240911T192325,1243.0,1298.0,1197.0,2377.0,3,2023-06-21,1.0,29.366791,S2B_MSIL2A_20230621T094549_R079_T35VML_20241120T230517,1674.0,1790.0,1639.0,3324.0,5,,,,,,,,,7,2023-06-26,0.0,23.012,S2A_MSIL2A_20230626T095031_R079_T35VML_20241002T040319,3042.0,2572.0,2192.0,4367.0,D:\Water Quality Parameter Estimation\wq_pipeline\artifacts\tolerance_3d\prepared\chips\train\sample_FI_00001104.npz,D:\Water Quality Parameter Estimation\wq_pipeline\artifacts\tolerance_3d\prepared\chips\train\sample_FI_00001104.png,ok,,S2A_MSIL2A_20230619T100031_R122_T35VML_20240911T192325,2023-06-19,0.0,6.327912,40.1794568873729,1.1444091796875e-05,256,128,0,0,9,"B02,B03,B04,B08"
FI_00001105,18170,18170,2023-06-19,63.728776901271246,26.38240528354664,,,,750.0,21.0,70.0,4.9,,,,,,7.3,11.0,18.4,750.0,21.0,70.0,4.9,0.1,Korpijoki 2,,Kiuruvesi,,,,,,,,,FI_00001124,18170,2023-08-28,63.728776901271246,26.38240528354664,,,,870.0,24.0,91.0,10.0,S2_FI_00001124,2023-06-19,0,5.771082,42.8131059857055,177.870595018803,,,35WNP,S2A_MSIL2A_20230619T100031_R122_T35WNP_20240911T192325,,,,,,7.5,10.0,11.9,870.0,24.0,91.0,10.0,0.1,Korpijoki 2,,Kiuruvesi,,,,,,,,,ok,,-7,,,,,,,,,-5,2023-06-14,0.0,0.816692,S2B_MSIL2A_20230614T095559_R122_T35VML_20230614T142558,1172.0,1234.0,1142.0,2406.0,-3,2023-06-16,0.0,4e-05,S2A_MSIL2A_20230616T095031_R079_T35VML_20240912T001946,1141.0,1244.0,1187.0,2300.0,-1,2023-06-18,0.0,0.000274,S2B_MSIL2A_20230618T093549_R036_T35VML_20230618T134848,1326.0,1466.0,1342.0,3498.0,0,2023-06-19,0.0,6.327912,S2A_MSIL2A_20230619T100031_R122_T35VML_20240911T192325,1243.0,1298.0,1197.0,2377.0,1,2023-06-19,1.0,6.327912,S2A_MSIL2A_20230619T100031_R122_T35VML_20240911T192325,1243.0,1298.0,1197.0,2377.0,3,2023-06-21,1.0,29.366791,S2B_MSIL2A_20230621T094549_R079_T35VML_20241120T230517,1674.0,1790.0,1639.0,3324.0,5,,,,,,,,,7,2023-06-26,0.0,23.012,S2A_MSIL2A_20230626T095031_R079_T35VML_20241002T040319,3042.0,2572.0,2192.0,4367.0,D:\Water Quality Parameter Estimation\wq_pipeline\artifacts\tolerance_3d\prepared\chips\train\sample_FI_00001105.npz,D:\Water Quality Parameter Estimation\wq_pipeline\artifacts\tolerance_3d\prepared\chips\train\sample_FI_00001105.png,ok,,S2A_MSIL2A_20230619T100031_R122_T35VML_20240911T192325,2023-06-19,0.0,6.327912,40.1794568873729,1.1444091796875e-05,256,128,0,0,9,"B02,B03,B04,B08"
FI_00001106,18170,18170,2023-06-19,63.728776901271246,26.38240528354664,,,,750.0,21.0,70.0,4.9,,,,,,7.3,11.0,18.4,750.0,21.0,70.0,4.9,0.1,Korpijoki 2,,Kiuruvesi,,,,,,,,,FI_00001124,18170,2023-08-28,63.728776901271246,26.38240528354664,,,,870.0,24.0,91.0,10.0,S2_FI_00001124,2023-06-19,0,5.771082,42.8131059857055,177.870595018803,,,35WNP,S2A_MSIL2A_20230619T100031_R122_T35WNP_20240911T192325,,,,,,7.5,10.0,11.9,870.0,24.0,91.0,10.0,0.1,Korpijoki 2,,Kiuruvesi,,,,,,,,,ok,,-7,,,,,,,,,-5,2023-06-14,0.0,0.816692,S2B_MSIL2A_20230614T095559_R122_T35VML_20230614T142558,1172.0,1234.0,1142.0,2406.0,-3,2023-06-16,0.0,4e-05,S2A_MSIL2A_20230616T095031_R079_T35VML_20240912T001946,1141.0,1244.0,1187.0,2300.0,-1,2023-06-18,0.0,0.000274,S2B_MSIL2A_20230618T093549_R036_T35VML_20230618T134848,1326.0,1466.0,1342.0,3498.0,0,2023-06-19,0.0,6.327912,S2A_MSIL2A_20230619T100031_R122_T35VML_20240911T192325,1243.0,1298.0,1197.0,2377.0,1,2023-06-19,1.0,6.327912,S2A_MSIL2A_20230619T100031_R122_T35VML_20240911T192325,1243.0,1298.0,1197.0,2377.0,3,2023-06-21,1.0,29.366791,S2B_MSIL2A_20230621T094549_R079_T35VML_20241120T230517,1674.0,1790.0,1639.0,3324.0,5,,,,,,,,,7,2023-06-26,0.0,23.012,S2A_MSIL2A_20230626T095031_R079_T35VML_20241002T040319,3042.0,2572.0,2192.0,4367.0,D:\Water Quality Parameter Estimation\wq_pipeline\artifacts\tolerance_3d\prepared\chips\train\sample_FI_00001106.npz,D:\Water Quality Parameter Estimation\wq_pipeline\artifacts\tolerance_3d\prepared\chips\train\sample_FI_00001106.png,ok,,S2A_MSIL2A_20230619T100031_R122_T35VML_20240911T192325,2023-06-19,0.0,6.327912,40.1794568873729,1.1444091796875e-05,256,128,0,0,9,"B02,B03,B04,B08"
FI_00001107,18170,18170,2023-06-19,63.728776901271246,26.38240528354664,,,,750.0,21.0,70.0,4.9,,,,,,7.3,11.0,18.4,750.0,21.0,70.0,4.9,0.1,Korpijoki 2,,Kiuruvesi,,,,,,,,,FI_00001124,18170,2023-08-28,63.728776901271246,26.38240528354664,,,,870.0,24.0,91.0,10.0,S2_FI_00001124,2023-06-19,0,5.771082,42.8131059857055,177.870595018803,,,35WNP,S2A_MSIL2A_20230619T100031_R122_T35WNP_20240911T192325,,,,,,7.5,10.0,11.9,870.0,24.0,91.0,10.0,0.1,Korpijoki 2,,Kiuruvesi,,,,,,,,,ok,,-7,,,,,,,,,-5,2023-06-14,0.0,0.816692,S2B_MSIL2A_20230614T095559_R122_T35VML_20230614T142558,1172.0,1234.0,1142.0,2406.0,-3,2023-06-16,0.0,4e-05,S2A_MSIL2A_20230616T095031_R079_T35VML_20240912T001946,1141.0,1244.0,1187.0,2300.0,-1,2023-06-18,0.0,0.000274,S2B_MSIL2A_20230618T093549_R036_T35VML_20230618T134848,1326.0,1466.0,1342.0,3498.0,0,2023-06-19,0.0,6.327912,S2A_MSIL2A_20230619T100031_R122_T35VML_20240911T192325,1243.0,1298.0,1197.0,2377.0,1,2023-06-19,1.0,6.327912,S2A_MSIL2A_20230619T100031_R122_T35VML_20240911T192325,1243.0,1298.0,1197.0,2377.0,3,2023-06-21,1.0,29.366791,S2B_MSIL2A_20230621T094549_R079_T35VML_20241120T230517,1674.0,1790.0,1639.0,3324.0,5,,,,,,,,,7,2023-06-26,0.0,23.012,S2A_MSIL2A_20230626T095031_R079_T35VML_20241002T040319,3042.0,2572.0,2192.0,4367.0,D:\Water Quality Parameter Estimation\wq_pipeline\artifacts\tolerance_3d\prepared\chips\train\sample_FI_00001107.npz,D:\Water Quality Parameter Estimation\wq_pipeline\artifacts\tolerance_3d\prepared\chips\train\sample_FI_00001107.png,ok,,S2A_MSIL2A_20230619T100031_R122_T35VML_20240911T192325,2023-06-19,0.0,6.327912,40.1794568873729,1.1444091796875e-05,256,128,0,0,9,"B02,B03,B04,B08"
FI_00001108,18170,18170,2023-06-19,63.728776901271246,26.38240528354664,,,,750.0,21.0,70.0,4.9,,,,,,7.3,11.0,18.4,750.0,21.0,70.0,4.9,0.1,Korpijoki 2,,Kiuruvesi,,,,,,,,,FI_00001124,18170,2023-08-28,63.728776901271246,26.38240528354664,,,,870.0,24.0,91.0,10.0,S2_FI_00001124,2023-06-19,0,5.771082,42.8131059857055,177.870595018803,,,35WNP,S2A_MSIL2A_20230619T100031_R122_T35WNP_20240911T192325,,,,,,7.5,10.0,11.9,870.0,24.0,91.0,10.0,0.1,Korpijoki 2,,Kiuruvesi,,,,,,,,,ok,,-7,,,,,,,,,-5,2023-06-14,0.0,0.816692,S2B_MSIL2A_20230614T095559_R122_T35VML_20230614T142558,1172.0,1234.0,1142.0,2406.0,-3,2023-06-16,0.0,4e-05,S2A_MSIL2A_20230616T095031_R079_T35VML_20240912T001946,1141.0,1244.0,1187.0,2300.0,-1,2023-06-18,0.0,0.000274,S2B_MSIL2A_20230618T093549_R036_T35VML_20230618T134848,1326.0,1466.0,1342.0,3498.0,0,2023-06-19,0.0,6.327912,S2A_MSIL2A_20230619T100031_R122_T35VML_20240911T192325,1243.0,1298.0,1197.0,2377.0,1,2023-06-19,1.0,6.327912,S2A_MSIL2A_20230619T100031_R122_T35VML_20240911T192325,1243.0,1298.0,1197.0,2377.0,3,2023-06-21,1.0,29.366791,S2B_MSIL2A_20230621T094549_R079_T35VML_20241120T230517,1674.0,1790.0,1639.0,3324.0,5,,,,,,,,,7,2023-06-26,0.0,23.012,S2A_MSIL2A_20230626T095031_R079_T35VML_20241002T040319,3042.0,2572.0,2192.0,4367.0,D:\Water Quality Parameter Estimation\wq_pipeline\artifacts\tolerance_3d\prepared\chips\train\sample_FI_00001108.npz,D:\Water Quality Parameter Estimation\wq_pipeline\artifacts\tolerance_3d\prepared\chips\train\sample_FI_00001108.png,ok,,S2A_MSIL2A_20230619T100031_R122_T35VML_20240911T192325,2023-06-19,0.0,6.327912,40.1794568873729,1.1444091796875e-05,256,128,0,0,9,"B02,B03,B04,B08"
FI_00001109,18170,18170,2023-06-19,63.728776901271246,26.38240528354664,,,,750.0,21.0,70.0,4.9,,,,,,7.3,11.0,18.4,750.0,21.0,70.0,4.9,0.1,Korpijoki 2,,Kiuruvesi,,,,,,,,,FI_00001124,18170,2023-08-28,63.728776901271246,26.38240528354664,,,,870.0,24.0,91.0,10.0,S2_FI_00001124,2023-06-19,0,5.771082,42.8131059857055,177.870595018803,,,35WNP,S2A_MSIL2A_20230619T100031_R122_T35WNP_20240911T192325,,,,,,7.5,10.0,11.9,870.0,24.0,91.0,10.0,0.1,Korpijoki 2,,Kiuruvesi,,,,,,,,,ok,,-7,,,,,,,,,-5,2023-06-14,0.0,0.816692,S2B_MSIL2A_20230614T095559_R122_T35VML_20230614T142558,1172.0,1234.0,1142.0,2406.0,-3,2023-06-16,0.0,4e-05,S2A_MSIL2A_20230616T095031_R079_T35VML_20240912T001946,1141.0,1244.0,1187.0,2300.0,-1,2023-06-18,0.0,0.000274,S2B_MSIL2A_20230618T093549_R036_T35VML_20230618T134848,1326.0,1466.0,1342.0,3498.0,0,2023-06-19,0.0,6.327912,S2A_MSIL2A_20230619T100031_R122_T35VML_20240911T192325,1243.0,1298.0,1197.0,2377.0,1,2023-06-19,1.0,6.327912,S2A_MSIL2A_20230619T100031_R122_T35VML_20240911T192325,1243.0,1298.0,1197.0,2377.0,3,2023-06-21,1.0,29.366791,S2B_MSIL2A_20230621T094549_R079_T35VML_20241120T230517,1674.0,1790.0,1639.0,3324.0,5,,,,,,,,,7,2023-06-26,0.0,23.012,S2A_MSIL2A_20230626T095031_R079_T35VML_20241002T040319,3042.0,2572.0,2192.0,4367.0,D:\Water Quality Parameter Estimation\wq_pipeline\artifacts\tolerance_3d\prepared\chips\train\sample_FI_00001109.npz,D:\Water Quality Parameter Estimation\wq_pipeline\artifacts\tolerance_3d\prepared\chips\train\sample_FI_00001109.png,ok,,S2A_MSIL2A_20230619T100031_R122_T35VML_20240911T192325,2023-06-19,0.0,6.327912,40.1794568873729,1.1444091796875e-05,256,128,0,0,9,"B02,B03,B04,B08"
FI_00001110,18170,18170,2023-07-18,63.728776901271246,26.38240528354664,,,,1000.0,29.0,94.0,8.8,,,,,,7.5,20.0,18.7,1000.0,29.0,94.0,8.8,0.1,Korpijoki 2,,Kiuruvesi,,,,,,,,,FI_00001176,18170,2024-02-14,63.728776901271246,26.38240528354664,,,,1100.0,17.0,90.0,15.0,S2_FI_00001176,2023-07-19,1,43.154007,41.1080368262074,170.798383926463,,,35VLJ,S2A_MSIL2A_20230719T100031_R122_T35VLJ_20241021T091658,,,,,,7.3,10.0,0.0,1100.0,17.0,90.0,15.0,0.1,Korpijoki 2,,Kiuruvesi,,,,,,,,,ok,,-7,2023-07-11,0.0,5.421083,S2B_MSIL2A_20230711T094549_R079_T35VML_20241020T140024,1179.0,1226.0,1149.0,2310.0,-5,2023-07-14,1.0,37.650269,S2B_MSIL2A_20230714T095559_R122_T35VML_20230714T133225,1210.0,1225.0,1129.0,2310.0,-3,2023-07-14,1.0,37.650269,S2B_MSIL2A_20230714T095559_R122_T35VML_20230714T133225,1210.0,1225.0,1129.0,2310.0,-1,2023-07-18,1.0,36.944178,S2B_MSIL2A_20230718T093549_R036_T35VML_20230718T141551,1183.0,1215.0,1149.0,2378.0,0,2023-07-18,0.0,36.944178,S2B_MSIL2A_20230718T093549_R036_T35VML_20230718T141551,1183.0,1215.0,1149.0,2378.0,1,2023-07-18,1.0,36.944178,S2B_MSIL2A_20230718T093549_R036_T35VML_20230718T141551,1183.0,1215.0,1149.0,2378.0,3,,,,,,,,,5,,,,,,,,,7,,,,,,,,,,,rejected,nodata_reject,S2B_MSIL2A_20230718T093549_R036_T35VML_20230718T141551,2023-07-18,0.0,36.944178,43.0059444510833,1.0,256,128,0,0,9,"B02,B03,B04,B08"
FI_00001111,18170,18170,2023-07-18,63.728776901271246,26.38240528354664,,,,1000.0,29.0,94.0,8.8,,,,,,7.5,20.0,18.7,1000.0,29.0,94.0,8.8,0.1,Korpijoki 2,,Kiuruvesi,,,,,,,,,FI_00001176,18170,2024-02-14,63.728776901271246,26.38240528354664,,,,1100.0,17.0,90.0,15.0,S2_FI_00001176,2023-07-19,1,43.154007,41.1080368262074,170.798383926463,,,35VLJ,S2A_MSIL2A_20230719T100031_R122_T35VLJ_20241021T091658,,,,,,7.3,10.0,0.0,1100.0,17.0,90.0,15.0,0.1,Korpijoki 2,,Kiuruvesi,,,,,,,,,ok,,-7,2023-07-11,0.0,5.421083,S2B_MSIL2A_20230711T094549_R079_T35VML_20241020T140024,1179.0,1226.0,1149.0,2310.0,-5,2023-07-14,1.0,37.650269,S2B_MSIL2A_20230714T095559_R122_T35VML_20230714T133225,1210.0,1225.0,1129.0,2310.0,-3,2023-07-14,1.0,37.650269,S2B_MSIL2A_20230714T095559_R122_T35VML_20230714T133225,1210.0,1225.0,1129.0,2310.0,-1,2023-07-18,1.0,36.944178,S2B_MSIL2A_20230718T093549_R036_T35VML_20230718T141551,1183.0,1215.0,1149.0,2378.0,0,2023-07-18,0.0,36.944178,S2B_MSIL2A_20230718T093549_R036_T35VML_20230718T141551,1183.0,1215.0,1149.0,2378.0,1,2023-07-18,1.0,36.944178,S2B_MSIL2A_20230718T093549_R036_T35VML_20230718T141551,1183.0,1215.0,1149.0,2378.0,3,,,,,,,,,5,,,,,,,,,7,,,,,,,,,,,rejected,nodata_reject,S2B_MSIL2A_20230718T093549_R036_T35VML_20230718T141551,2023-07-18,0.0,36.944178,43.0059444510833,1.0,256,128,0,0,9,"B02,B03,B04,B08"
FI_00001112,18170,18170,2023-07-18,63.728776901271246,26.38240528354664,,,,1000.0,29.0,94.0,8.8,,,,,,7.5,20.0,18.7,1000.0,29.0,94.0,8.8,0.1,Korpijoki 2,,Kiuruvesi,,,,,,,,,FI_00001176,18170,2024-02-14,63.728776901271246,26.38240528354664,,,,1100.0,17.0,90.0,15.0,S2_FI_00001176,2023-07-19,1,43.154007,41.1080368262074,170.798383926463,,,35VLJ,S2A_MSIL2A_20230719T100031_R122_T35VLJ_20241021T091658,,,,,,7.3,10.0,0.0,1100.0,17.0,90.0,15.0,0.1,Korpijoki 2,,Kiuruvesi,,,,,,,,,ok,,-7,2023-07-11,0.0,5.421083,S2B_MSIL2A_20230711T094549_R079_T35VML_20241020T140024,1179.0,1226.0,1149.0,2310.0,-5,2023-07-14,1.0,37.650269,S2B_MSIL2A_20230714T095559_R122_T35VML_20230714T133225,1210.0,1225.0,1129.0,2310.0,-3,2023-07-14,1.0,37.650269,S2B_MSIL2A_20230714T095559_R122_T35VML_20230714T133225,1210.0,1225.0,1129.0,2310.0,-1,2023-07-18,1.0,36.944178,S2B_MSIL2A_20230718T093549_R036_T35VML_20230718T141551,1183.0,1215.0,1149.0,2378.0,0,2023-07-18,0.0,36.944178,S2B_MSIL2A_20230718T093549_R036_T35VML_20230718T141551,1183.0,1215.0,1149.0,2378.0,1,2023-07-18,1.0,36.944178,S2B_MSIL2A_20230718T093549_R036_T35VML_20230718T141551,1183.0,1215.0,1149.0,2378.0,3,,,,,,,,,5,,,,,,,,,7,,,,,,,,,,,rejected,nodata_reject,S2B_MSIL2A_20230718T093549_R036_T35VML_20230718T141551,2023-07-18,0.0,36.944178,43.0059444510833,1.0,256,128,0,0,9,"B02,B03,B04,B08"
FI_00001113,18170,18170,2023-07-18,63.728776901271246,26.38240528354664,,,,1000.0,29.0,94.0,8.8,,,,,,7.5,20.0,18.7,1000.0,29.0,94.0,8.8,0.1,Korpijoki 2,,Kiuruvesi,,,,,,,,,FI_00001176,18170,2024-02-14,63.728776901271246,26.38240528354664,,,,1100.0,17.0,90.0,15.0,S2_FI_00001176,2023-07-19,1,43.154007,41.1080368262074,170.798383926463,,,35VLJ,S2A_MSIL2A_20230719T100031_R122_T35VLJ_20241021T091658,,,,,,7.3,10.0,0.0,1100.0,17.0,90.0,15.0,0.1,Korpijoki 2,,Kiuruvesi,,,,,,,,,ok,,-7,2023-07-11,0.0,5.421083,S2B_MSIL2A_20230711T094549_R079_T35VML_20241020T140024,1179.0,1226.0,1149.0,2310.0,-5,2023-07-14,1.0,37.650269,S2B_MSIL2A_20230714T095559_R122_T35VML_20230714T133225,1210.0,1225.0,1129.0,2310.0,-3,2023-07-14,1.0,37.650269,S2B_MSIL2A_20230714T095559_R122_T35VML_20230714T133225,1210.0,1225.0,1129.0,2310.0,-1,2023-07-18,1.0,36.944178,S2B_MSIL2A_20230718T093549_R036_T35VML_20230718T141551,1183.0,1215.0,1149.0,2378.0,0,2023-07-18,0.0,36.944178,S2B_MSIL2A_20230718T093549_R036_T35VML_20230718T141551,1183.0,1215.0,1149.0,2378.0,1,2023-07-18,1.0,36.944178,S2B_MSIL2A_20230718T093549_R036_T35VML_20230718T141551,1183.0,1215.0,1149.0,2378.0,3,,,,,,,,,5,,,,,,,,,7,,,,,,,,,,,rejected,nodata_reject,S2B_MSIL2A_20230718T093549_R036_T35VML_20230718T141551,2023-07-18,0.0,36.944178,43.0059444510833,1.0,256,128,0,0,9,"B02,B03,B04,B08"
FI_00001114,18170,18170,2023-07-18,63.728776901271246,26.38240528354664,,,,1000.0,29.0,94.0,8.8,,,,,,7.5,20.0,18.7,1000.0,29.0,94.0,8.8,0.1,Korpijoki 2,,Kiuruvesi,,,,,,,,,FI_00001176,18170,2024-02-14,63.728776901271246,26.38240528354664,,,,1100.0,17.0,90.0,15.0,S2_FI_00001176,2023-07-19,1,43.154007,41.1080368262074,170.798383926463,,,35VLJ,S2A_MSIL2A_20230719T100031_R122_T35VLJ_20241021T091658,,,,,,7.3,10.0,0.0,1100.0,17.0,90.0,15.0,0.1,Korpijoki 2,,Kiuruvesi,,,,,,,,,ok,,-7,2023-07-11,0.0,5.421083,S2B_MSIL2A_20230711T094549_R079_T35VML_20241020T140024,1179.0,1226.0,1149.0,2310.0,-5,2023-07-14,1.0,37.650269,S2B_MSIL2A_20230714T095559_R122_T35VML_20230714T133225,1210.0,1225.0,1129.0,2310.0,-3,2023-07-14,1.0,37.650269,S2B_MSIL2A_20230714T095559_R122_T35VML_20230714T133225,1210.0,1225.0,1129.0,2310.0,-1,2023-07-18,1.0,36.944178,S2B_MSIL2A_20230718T093549_R036_T35VML_20230718T141551,1183.0,1215.0,1149.0,2378.0,0,2023-07-18,0.0,36.944178,S2B_MSIL2A_20230718T093549_R036_T35VML_20230718T141551,1183.0,1215.0,1149.0,2378.0,1,2023-07-18,1.0,36.944178,S2B_MSIL2A_20230718T093549_R036_T35VML_20230718T141551,1183.0,1215.0,1149.0,2378.0,3,,,,,,,,,5,,,,,,,,,7,,,,,,,,,,,rejected,nodata_reject,S2B_MSIL2A_20230718T093549_R036_T35VML_20230718T141551,2023-07-18,0.0,36.944178,43.0059444510833,1.0,256,128,0,0,9,"B02,B03,B04,B08"
FI_00001115,18170,18170,2023-07-18,63.728776901271246,26.38240528354664,,,,1000.0,29.0,94.0,8.8,,,,,,7.5,20.0,18.7,1000.0,29.0,94.0,8.8,0.1,Korpijoki 2,,Kiuruvesi,,,,,,,,,FI_00001176,18170,2024-02-14,63.728776901271246,26.38240528354664,,,,1100.0,17.0,90.0,15.0,S2_FI_00001176,2023-07-19,1,43.154007,41.1080368262074,170.798383926463,,,35VLJ,S2A_MSIL2A_20230719T100031_R122_T35VLJ_20241021T091658,,,,,,7.3,10.0,0.0,1100.0,17.0,90.0,15.0,0.1,Korpijoki 2,,Kiuruvesi,,,,,,,,,ok,,-7,2023-07-11,0.0,5.421083,S2B_MSIL2A_20230711T094549_R079_T35VML_20241020T140024,1179.0,1226.0,1149.0,2310.0,-5,2023-07-14,1.0,37.650269,S2B_MSIL2A_20230714T095559_R122_T35VML_20230714T133225,1210.0,1225.0,1129.0,2310.0,-3,2023-07-14,1.0,37.650269,S2B_MSIL2A_20230714T095559_R122_T35VML_20230714T133225,1210.0,1225.0,1129.0,2310.0,-1,2023-07-18,1.0,36.944178,S2B_MSIL2A_20230718T093549_R036_T35VML_20230718T141551,1183.0,1215.0,1149.0,2378.0,0,2023-07-18,0.0,36.944178,S2B_MSIL2A_20230718T093549_R036_T35VML_20230718T141551,1183.0,1215.0,1149.0,2378.0,1,2023-07-18,1.0,36.944178,S2B_MSIL2A_20230718T093549_R036_T35VML_20230718T141551,1183.0,1215.0,1149.0,2378.0,3,,,,,,,,,5,,,,,,,,,7,,,,,,,,,,,rejected,nodata_reject,S2B_MSIL2A_20230718T093549_R036_T35VML_20230718T141551,2023-07-18,0.0,36.944178,43.0059444510833,1.0,256,128,0,0,9,"B02,B03,B04,B08"
FI_00001116,18170,18170,2023-08-17,63.728776901271246,26.38240528354664,,27.0,,1100.0,31.0,58.5,9.5,,6.5,,27.0,,7.2,23.0,15.6,1100.0,31.0,58.5,9.5,0.1,Korpijoki 2,,Kiuruvesi,,,,,,,,,FI_00001177,18170,2024-02-14,63.728776901271246,26.38240528354664,,,,1100.0,17.0,90.0,15.0,S2_FI_00001177,2023-08-20,3,0.743359,49.6131236376985,169.415576748615,,,35VLJ,S2B_MSIL2A_20230820T094549_R079_T35VLJ_20241022T160002,,,,,,7.3,10.0,0.0,1100.0,17.0,90.0,15.0,0.1,Korpijoki 2,,Kiuruvesi,,,,,,,,,ok,,-7,,,,,,,,,-5,2023-08-12,0.0,31.874463,S2A_MSIL2A_20230812T094041_R036_T35VML_20240913T083841,5284.0,4780.0,4042.0,7048.0,-3,2023-08-13,1.0,2.291794,S2B_MSIL2A_20230813T095559_R122_T35VML_20241015T114308,1088.0,1134.0,1069.0,1891.0,-1,2023-08-15,1.0,31.251553,S2A_MSIL2A_20230815T095031_R079_T35VML_20241014T195621,1371.0,1390.0,1270.0,2290.0,0,,,,,,,,,1,,,,,,,,,3,2023-08-20,0.0,20.411821,S2B_MSIL2A_20230820T094549_R079_T35VML_20241022T160002,1229.0,1213.0,1154.0,2166.0,5,,,,,,,,,7,,,,,,,,,D:\Water Quality Parameter Estimation\wq_pipeline\artifacts\tolerance_3d\prepared\chips\train\sample_FI_00001116.npz,D:\Water Quality Parameter Estimation\wq_pipeline\artifacts\tolerance_3d\prepared\chips\train\sample_FI_00001116.png,ok,,S2A_MSIL2A_20230815T095031_R079_T35VML_20241014T195621,2023-08-15,2.0,31.251553,49.6978407121379,0.0,256,128,0,0,9,"B02,B03,B04,B08"
FI_00001117,18170,18170,2023-08-17,63.728776901271246,26.38240528354664,,27.0,,1100.0,31.0,58.5,9.5,,6.5,,27.0,,7.2,23.0,15.6,1100.0,31.0,58.5,9.5,0.1,Korpijoki 2,,Kiuruvesi,,,,,,,,,FI_00001177,18170,2024-02-14,63.728776901271246,26.38240528354664,,,,1100.0,17.0,90.0,15.0,S2_FI_00001177,2023-08-20,3,0.743359,49.6131236376985,169.415576748615,,,35VLJ,S2B_MSIL2A_20230820T094549_R079_T35VLJ_20241022T160002,,,,,,7.3,10.0,0.0,1100.0,17.0,90.0,15.0,0.1,Korpijoki 2,,Kiuruvesi,,,,,,,,,ok,,-7,,,,,,,,,-5,2023-08-12,0.0,31.874463,S2A_MSIL2A_20230812T094041_R036_T35VML_20240913T083841,5284.0,4780.0,4042.0,7048.0,-3,2023-08-13,1.0,2.291794,S2B_MSIL2A_20230813T095559_R122_T35VML_20241015T114308,1088.0,1134.0,1069.0,1891.0,-1,2023-08-15,1.0,31.251553,S2A_MSIL2A_20230815T095031_R079_T35VML_20241014T195621,1371.0,1390.0,1270.0,2290.0,0,,,,,,,,,1,,,,,,,,,3,2023-08-20,0.0,20.411821,S2B_MSIL2A_20230820T094549_R079_T35VML_20241022T160002,1229.0,1213.0,1154.0,2166.0,5,,,,,,,,,7,,,,,,,,,D:\Water Quality Parameter Estimation\wq_pipeline\artifacts\tolerance_3d\prepared\chips\train\sample_FI_00001117.npz,D:\Water Quality Parameter Estimation\wq_pipeline\artifacts\tolerance_3d\prepared\chips\train\sample_FI_00001117.png,ok,,S2A_MSIL2A_20230815T095031_R079_T35VML_20241014T195621,2023-08-15,2.0,31.251553,49.6978407121379,0.0,256,128,0,0,9,"B02,B03,B04,B08"
FI_00001118,18170,18170,2023-08-17,63.728776901271246,26.38240528354664,,27.0,,1100.0,31.0,58.5,9.5,,6.5,,27.0,,7.2,23.0,15.6,1100.0,31.0,58.5,9.5,0.1,Korpijoki 2,,Kiuruvesi,,,,,,,,,FI_00001177,18170,2024-02-14,63.728776901271246,26.38240528354664,,,,1100.0,17.0,90.0,15.0,S2_FI_00001177,2023-08-20,3,0.743359,49.6131236376985,169.415576748615,,,35VLJ,S2B_MSIL2A_20230820T094549_R079_T35VLJ_20241022T160002,,,,,,7.3,10.0,0.0,1100.0,17.0,90.0,15.0,0.1,Korpijoki 2,,Kiuruvesi,,,,,,,,,ok,,-7,,,,,,,,,-5,2023-08-12,0.0,31.874463,S2A_MSIL2A_20230812T094041_R036_T35VML_20240913T083841,5284.0,4780.0,4042.0,7048.0,-3,2023-08-13,1.0,2.291794,S2B_MSIL2A_20230813T095559_R122_T35VML_20241015T114308,1088.0,1134.0,1069.0,1891.0,-1,2023-08-15,1.0,31.251553,S2A_MSIL2A_20230815T095031_R079_T35VML_20241014T195621,1371.0,1390.0,1270.0,2290.0,0,,,,,,,,,1,,,,,,,,,3,2023-08-20,0.0,20.411821,S2B_MSIL2A_20230820T094549_R079_T35VML_20241022T160002,1229.0,1213.0,1154.0,2166.0,5,,,,,,,,,7,,,,,,,,,D:\Water Quality Parameter Estimation\wq_pipeline\artifacts\tolerance_3d\prepared\chips\train\sample_FI_00001118.npz,D:\Water Quality Parameter Estimation\wq_pipeline\artifacts\tolerance_3d\prepared\chips\train\sample_FI_00001118.png,ok,,S2A_MSIL2A_20230815T095031_R079_T35VML_20241014T195621,2023-08-15,2.0,31.251553,49.6978407121379,0.0,256,128,0,0,9,"B02,B03,B04,B08"
FI_00001119,18170,18170,2023-08-17,63.728776901271246,26.38240528354664,,27.0,,1100.0,31.0,58.5,9.5,,6.5,,27.0,,7.2,23.0,15.6,1100.0,31.0,58.5,9.5,0.1,Korpijoki 2,,Kiuruvesi,,,,,,,,,FI_00001177,18170,2024-02-14,63.728776901271246,26.38240528354664,,,,1100.0,17.0,90.0,15.0,S2_FI_00001177,2023-08-20,3,0.743359,49.6131236376985,169.415576748615,,,35VLJ,S2B_MSIL2A_20230820T094549_R079_T35VLJ_20241022T160002,,,,,,7.3,10.0,0.0,1100.0,17.0,90.0,15.0,0.1,Korpijoki 2,,Kiuruvesi,,,,,,,,,ok,,-7,,,,,,,,,-5,2023-08-12,0.0,31.874463,S2A_MSIL2A_20230812T094041_R036_T35VML_20240913T083841,5284.0,4780.0,4042.0,7048.0,-3,2023-08-13,1.0,2.291794,S2B_MSIL2A_20230813T095559_R122_T35VML_20241015T114308,1088.0,1134.0,1069.0,1891.0,-1,2023-08-15,1.0,31.251553,S2A_MSIL2A_20230815T095031_R079_T35VML_20241014T195621,1371.0,1390.0,1270.0,2290.0,0,,,,,,,,,1,,,,,,,,,3,2023-08-20,0.0,20.411821,S2B_MSIL2A_20230820T094549_R079_T35VML_20241022T160002,1229.0,1213.0,1154.0,2166.0,5,,,,,,,,,7,,,,,,,,,D:\Water Quality Parameter Estimation\wq_pipeline\artifacts\tolerance_3d\prepared\chips\train\sample_FI_00001119.npz,D:\Water Quality Parameter Estimation\wq_pipeline\artifacts\tolerance_3d\prepared\chips\train\sample_FI_00001119.png,ok,,S2A_MSIL2A_20230815T095031_R079_T35VML_20241014T195621,2023-08-15,2.0,31.251553,49.6978407121379,0.0,256,128,0,0,9,"B02,B03,B04,B08"
FI_00001120,18170,18170,2023-08-17,63.728776901271246,26.38240528354664,,27.0,,1100.0,31.0,58.5,9.5,,6.5,,27.0,,7.2,23.0,15.6,1100.0,31.0,58.5,9.5,0.1,Korpijoki 2,,Kiuruvesi,,,,,,,,,FI_00001177,18170,2024-02-14,63.728776901271246,26.38240528354664,,,,1100.0,17.0,90.0,15.0,S2_FI_00001177,2023-08-20,3,0.743359,49.6131236376985,169.415576748615,,,35VLJ,S2B_MSIL2A_20230820T094549_R079_T35VLJ_20241022T160002,,,,,,7.3,10.0,0.0,1100.0,17.0,90.0,15.0,0.1,Korpijoki 2,,Kiuruvesi,,,,,,,,,ok,,-7,,,,,,,,,-5,2023-08-12,0.0,31.874463,S2A_MSIL2A_20230812T094041_R036_T35VML_20240913T083841,5284.0,4780.0,4042.0,7048.0,-3,2023-08-13,1.0,2.291794,S2B_MSIL2A_20230813T095559_R122_T35VML_20241015T114308,1088.0,1134.0,1069.0,1891.0,-1,2023-08-15,1.0,31.251553,S2A_MSIL2A_20230815T095031_R079_T35VML_20241014T195621,1371.0,1390.0,1270.0,2290.0,0,,,,,,,,,1,,,,,,,,,3,2023-08-20,0.0,20.411821,S2B_MSIL2A_20230820T094549_R079_T35VML_20241022T160002,1229.0,1213.0,1154.0,2166.0,5,,,,,,,,,7,,,,,,,,,D:\Water Quality Parameter Estimation\wq_pipeline\artifacts\tolerance_3d\prepared\chips\train\sample_FI_00001120.npz,D:\Water Quality Parameter Estimation\wq_pipeline\artifacts\tolerance_3d\prepared\chips\train\sample_FI_00001120.png,ok,,S2A_MSIL2A_20230815T095031_R079_T35VML_20241014T195621,2023-08-15,2.0,31.251553,49.6978407121379,0.0,256,128,0,0,9,"B02,B03,B04,B08"
FI_00001121,18170,18170,2023-08-17,63.728776901271246,26.38240528354664,,27.0,,1100.0,31.0,58.5,9.5,,6.5,,27.0,,7.2,23.0,15.6,1100.0,31.0,58.5,9.5,0.1,Korpijoki 2,,Kiuruvesi,,,,,,,,,FI_00001177,18170,2024-02-14,63.728776901271246,26.38240528354664,,,,1100.0,17.0,90.0,15.0,S2_FI_00001177,2023-08-20,3,0.743359,49.6131236376985,169.415576748615,,,35VLJ,S2B_MSIL2A_20230820T094549_R079_T35VLJ_20241022T160002,,,,,,7.3,10.0,0.0,1100.0,17.0,90.0,15.0,0.1,Korpijoki 2,,Kiuruvesi,,,,,,,,,ok,,-7,,,,,,,,,-5,2023-08-12,0.0,31.874463,S2A_MSIL2A_20230812T094041_R036_T35VML_20240913T083841,5284.0,4780.0,4042.0,7048.0,-3,2023-08-13,1.0,2.291794,S2B_MSIL2A_20230813T095559_R122_T35VML_20241015T114308,1088.0,1134.0,1069.0,1891.0,-1,2023-08-15,1.0,31.251553,S2A_MSIL2A_20230815T095031_R079_T35VML_20241014T195621,1371.0,1390.0,1270.0,2290.0,0,,,,,,,,,1,,,,,,,,,3,2023-08-20,0.0,20.411821,S2B_MSIL2A_20230820T094549_R079_T35VML_20241022T160002,1229.0,1213.0,1154.0,2166.0,5,,,,,,,,,7,,,,,,,,,D:\Water Quality Parameter Estimation\wq_pipeline\artifacts\tolerance_3d\prepared\chips\train\sample_FI_00001121.npz,D:\Water Quality Parameter Estimation\wq_pipeline\artifacts\tolerance_3d\prepared\chips\train\sample_FI_00001121.png,ok,,S2A_MSIL2A_20230815T095031_R079_T35VML_20241014T195621,2023-08-15,2.0,31.251553,49.6978407121379,0.0,256,128,0,0,9,"B02,B03,B04,B08"
FI_00001122,18170,18170,2023-08-28,63.728776901271246,26.38240528354664,,,,870.0,24.0,91.0,10.0,,,,,,7.5,10.0,11.9,870.0,24.0,91.0,10.0,0.1,Korpijoki 2,,Kiuruvesi,,,,,,,,,FI_00001127,18170,2023-08-28,63.728776901271246,26.38240528354664,,,,870.0,24.0,91.0,10.0,S2_FI_00001127,2023-08-28,0,47.150344,56.5079261040285,178.137133105958,,,35WNP,S2A_MSIL2A_20230828T100031_R122_T35WNP_20241018T065117,,,,,,7.5,10.0,11.9,870.0,24.0,91.0,10.0,0.1,Korpijoki 2,,Kiuruvesi,,,,,,,,,ok,,-7,2023-08-20,1.0,20.411821,S2B_MSIL2A_20230820T094549_R079_T35VML_20241022T160002,1229.0,1213.0,1154.0,2166.0,-5,,,,,,,,,-3,,,,,,,,,-1,2023-08-27,0.0,23.752455,S2B_MSIL2A_20230827T093549_R036_T35VML_20241023T223442,7036.0,7056.0,6992.0,9664.0,0,2023-08-27,1.0,23.752455,S2B_MSIL2A_20230827T093549_R036_T35VML_20241023T223442,7036.0,7056.0,6992.0,9664.0,1,,,,,,,,,3,,,,,,,,,5,,,,,,,,,7,,,,,,,,,,,rejected,nodata_reject,S2B_MSIL2A_20230827T093549_R036_T35VML_20241023T223442,2023-08-27,1.0,23.752455,53.8005653234158,1.0,256,128,0,0,9,"B02,B03,B04,B08"
FI_00001123,18170,18170,2023-08-28,63.728776901271246,26.38240528354664,,,,870.0,24.0,91.0,10.0,,,,,,7.5,10.0,11.9,870.0,24.0,91.0,10.0,0.1,Korpijoki 2,,Kiuruvesi,,,,,,,,,FI_00001127,18170,2023-08-28,63.728776901271246,26.38240528354664,,,,870.0,24.0,91.0,10.0,S2_FI_00001127,2023-08-28,0,47.150344,56.5079261040285,178.137133105958,,,35WNP,S2A_MSIL2A_20230828T100031_R122_T35WNP_20241018T065117,,,,,,7.5,10.0,11.9,870.0,24.0,91.0,10.0,0.1,Korpijoki 2,,Kiuruvesi,,,,,,,,,ok,,-7,2023-08-20,1.0,20.411821,S2B_MSIL2A_20230820T094549_R079_T35VML_20241022T160002,1229.0,1213.0,1154.0,2166.0,-5,,,,,,,,,-3,,,,,,,,,-1,2023-08-27,0.0,23.752455,S2B_MSIL2A_20230827T093549_R036_T35VML_20241023T223442,7036.0,7056.0,6992.0,9664.0,0,2023-08-27,1.0,23.752455,S2B_MSIL2A_20230827T093549_R036_T35VML_20241023T223442,7036.0,7056.0,6992.0,9664.0,1,,,,,,,,,3,,,,,,,,,5,,,,,,,,,7,,,,,,,,,,,rejected,nodata_reject,S2B_MSIL2A_20230827T093549_R036_T35VML_20241023T223442,2023-08-27,1.0,23.752455,53.8005653234158,1.0,256,128,0,0,9,"B02,B03,B04,B08"
FI_00001124,18170,18170,2023-08-28,63.728776901271246,26.38240528354664,,,,870.0,24.0,91.0,10.0,,,,,,7.5,10.0,11.9,870.0,24.0,91.0,10.0,0.1,Korpijoki 2,,Kiuruvesi,,,,,,,,,FI_00001127,18170,2023-08-28,63.728776901271246,26.38240528354664,,,,870.0,24.0,91.0,10.0,S2_FI_00001127,2023-08-28,0,47.150344,56.5079261040285,178.137133105958,,,35WNP,S2A_MSIL2A_20230828T100031_R122_T35WNP_20241018T065117,,,,,,7.5,10.0,11.9,870.0,24.0,91.0,10.0,0.1,Korpijoki 2,,Kiuruvesi,,,,,,,,,ok,,-7,2023-08-20,1.0,20.411821,S2B_MSIL2A_20230820T094549_R079_T35VML_20241022T160002,1229.0,1213.0,1154.0,2166.0,-5,,,,,,,,,-3,,,,,,,,,-1,2023-08-27,0.0,23.752455,S2B_MSIL2A_20230827T093549_R036_T35VML_20241023T223442,7036.0,7056.0,6992.0,9664.0,0,2023-08-27,1.0,23.752455,S2B_MSIL2A_20230827T093549_R036_T35VML_20241023T223442,7036.0,7056.0,6992.0,9664.0,1,,,,,,,,,3,,,,,,,,,5,,,,,,,,,7,,,,,,,,,,,rejected,nodata_reject,S2B_MSIL2A_20230827T093549_R036_T35VML_20241023T223442,2023-08-27,1.0,23.752455,53.8005653234158,1.0,256,128,0,0,9,"B02,B03,B04,B08"
FI_00001125,18170,18170,2023-08-28,63.728776901271246,26.38240528354664,,,,870.0,24.0,91.0,10.0,,,,,,7.5,10.0,11.9,870.0,24.0,91.0,10.0,0.1,Korpijoki 2,,Kiuruvesi,,,,,,,,,FI_00001127,18170,2023-08-28,63.728776901271246,26.38240528354664,,,,870.0,24.0,91.0,10.0,S2_FI_00001127,2023-08-28,0,47.150344,56.5079261040285,178.137133105958,,,35WNP,S2A_MSIL2A_20230828T100031_R122_T35WNP_20241018T065117,,,,,,7.5,10.0,11.9,870.0,24.0,91.0,10.0,0.1,Korpijoki 2,,Kiuruvesi,,,,,,,,,ok,,-7,2023-08-20,1.0,20.411821,S2B_MSIL2A_20230820T094549_R079_T35VML_20241022T160002,1229.0,1213.0,1154.0,2166.0,-5,,,,,,,,,-3,,,,,,,,,-1,2023-08-27,0.0,23.752455,S2B_MSIL2A_20230827T093549_R036_T35VML_20241023T223442,7036.0,7056.0,6992.0,9664.0,0,2023-08-27,1.0,23.752455,S2B_MSIL2A_20230827T093549_R036_T35VML_20241023T223442,7036.0,7056.0,6992.0,9664.0,1,,,,,,,,,3,,,,,,,,,5,,,,,,,,,7,,,,,,,,,,,rejected,nodata_reject,S2B_MSIL2A_20230827T093549_R036_T35VML_20241023T223442,2023-08-27,1.0,23.752455,53.8005653234158,1.0,256,128,0,0,9,"B02,B03,B04,B08"
FI_00001126,18170,18170,2023-08-28,63.728776901271246,26.38240528354664,,,,870.0,24.0,91.0,10.0,,,,,,7.5,10.0,11.9,870.0,24.0,91.0,10.0,0.1,Korpijoki 2,,Kiuruvesi,,,,,,,,,FI_00001127,18170,2023-08-28,63.728776901271246,26.38240528354664,,,,870.0,24.0,91.0,10.0,S2_FI_00001127,2023-08-28,0,47.150344,56.5079261040285,178.137133105958,,,35WNP,S2A_MSIL2A_20230828T100031_R122_T35WNP_20241018T065117,,,,,,7.5,10.0,11.9,870.0,24.0,91.0,10.0,0.1,Korpijoki 2,,Kiuruvesi,,,,,,,,,ok,,-7,2023-08-20,1.0,20.411821,S2B_MSIL2A_20230820T094549_R079_T35VML_20241022T160002,1229.0,1213.0,1154.0,2166.0,-5,,,,,,,,,-3,,,,,,,,,-1,2023-08-27,0.0,23.752455,S2B_MSIL2A_20230827T093549_R036_T35VML_20241023T223442,7036.0,7056.0,6992.0,9664.0,0,2023-08-27,1.0,23.752455,S2B_MSIL2A_20230827T093549_R036_T35VML_20241023T223442,7036.0,7056.0,6992.0,9664.0,1,,,,,,,,,3,,,,,,,,,5,,,,,,,,,7,,,,,,,,,,,rejected,nodata_reject,S2B_MSIL2A_20230827T093549_R036_T35VML_20241023T223442,2023-08-27,1.0,23.752455,53.8005653234158,1.0,256,128,0,0,9,"B02,B03,B04,B08"
FI_00001127,18170,18170,2023-08-28,63.728776901271246,26.38240528354664,,,,870.0,24.0,91.0,10.0,,,,,,7.5,10.0,11.9,870.0,24.0,91.0,10.0,0.1,Korpijoki 2,,Kiuruvesi,,,,,,,,,FI_00001127,18170,2023-08-28,63.728776901271246,26.38240528354664,,,,870.0,24.0,91.0,10.0,S2_FI_00001127,2023-08-28,0,47.150344,56.5079261040285,178.137133105958,,,35WNP,S2A_MSIL2A_20230828T100031_R122_T35WNP_20241018T065117,,,,,,7.5,10.0,11.9,870.0,24.0,91.0,10.0,0.1,Korpijoki 2,,Kiuruvesi,,,,,,,,,ok,,-7,2023-08-20,1.0,20.411821,S2B_MSIL2A_20230820T094549_R079_T35VML_20241022T160002,1229.0,1213.0,1154.0,2166.0,-5,,,,,,,,,-3,,,,,,,,,-1,2023-08-27,0.0,23.752455,S2B_MSIL2A_20230827T093549_R036_T35VML_20241023T223442,7036.0,7056.0,6992.0,9664.0,0,2023-08-27,1.0,23.752455,S2B_MSIL2A_20230827T093549_R036_T35VML_20241023T223442,7036.0,7056.0,6992.0,9664.0,1,,,,,,,,,3,,,,,,,,,5,,,,,,,,,7,,,,,,,,,,,rejected,nodata_reject,S2B_MSIL2A_20230827T093549_R036_T35VML_20241023T223442,2023-08-27,1.0,23.752455,53.8005653234158,1.0,256,128,0,0,9,"B02,B03,B04,B08"
FI_00001128,18170,18170,2023-09-12,63.728776901271246,26.38240528354664,,,,900.0,27.0,78.0,7.3,,,,,,7.2,18.0,14.0,900.0,27.0,78.0,7.3,0.1,Korpijoki 2,,Kiuruvesi,,,,,,,,,FI_00001213,18170,2024-04-29,63.728776901271246,26.38240528354664,,,,1700.0,26.0,88.0,19.0,S2_FI_00001213,2023-09-12,0,38.851899,57.5954112192955,175.300057666513,,,35VLJ,S2B_MSIL2A_20230912T095609_R122_T35VLJ_20241103T122113,,,,,,6.400000000000001,36.0,0.3,1700.0,26.0,88.0,19.0,0.4,Korpijoki 2,,Kiuruvesi,,,,,,,,,ok,,-7,2023-09-06,1.0,26.811367,S2B_MSIL2A_20230906T093549_R036_T35VML_20241029T123722,1369.0,1318.0,1251.0,1607.0,-5,2023-09-06,1.0,26.811367,S2B_MSIL2A_20230906T093549_R036_T35VML_20241029T123722,1369.0,1318.0,1251.0,1607.0,-3,2023-09-09,0.0,1.773689,S2B_MSIL2A_20230909T094549_R079_T35VML_20230909T173208,1132.0,1115.0,1102.0,1786.0,-1,,,,,,,,,0,,,,,,,,,1,2023-09-14,1.0,24.737227,S2A_MSIL2A_20230914T095031_R079_T35VML_20240825T021032,9496.0,9128.0,9112.0,10087.0,3,2023-09-14,1.0,24.737227,S2A_MSIL2A_20230914T095031_R079_T35VML_20240825T021032,9496.0,9128.0,9112.0,10087.0,5,,,,,,,,,7,,,,,,,,,D:\Water Quality Parameter Estimation\wq_pipeline\artifacts\tolerance_3d\prepared\chips\train\sample_FI_00001128.npz,D:\Water Quality Parameter Estimation\wq_pipeline\artifacts\tolerance_3d\prepared\chips\train\sample_FI_00001128.png,ok,,S2A_MSIL2A_20230914T095031_R079_T35VML_20240825T021032,2023-09-14,2.0,24.737227,60.1949846231114,0.0,256,128,0,0,9,"B02,B03,B04,B08"
FI_00001129,18170,18170,2023-09-12,63.728776901271246,26.38240528354664,,,,900.0,27.0,78.0,7.3,,,,,,7.2,18.0,14.0,900.0,27.0,78.0,7.3,0.1,Korpijoki 2,,Kiuruvesi,,,,,,,,,FI_00001213,18170,2024-04-29,63.728776901271246,26.38240528354664,,,,1700.0,26.0,88.0,19.0,S2_FI_00001213,2023-09-12,0,38.851899,57.5954112192955,175.300057666513,,,35VLJ,S2B_MSIL2A_20230912T095609_R122_T35VLJ_20241103T122113,,,,,,6.400000000000001,36.0,0.3,1700.0,26.0,88.0,19.0,0.4,Korpijoki 2,,Kiuruvesi,,,,,,,,,ok,,-7,2023-09-06,1.0,26.811367,S2B_MSIL2A_20230906T093549_R036_T35VML_20241029T123722,1369.0,1318.0,1251.0,1607.0,-5,2023-09-06,1.0,26.811367,S2B_MSIL2A_20230906T093549_R036_T35VML_20241029T123722,1369.0,1318.0,1251.0,1607.0,-3,2023-09-09,0.0,1.773689,S2B_MSIL2A_20230909T094549_R079_T35VML_20230909T173208,1132.0,1115.0,1102.0,1786.0,-1,,,,,,,,,0,,,,,,,,,1,2023-09-14,1.0,24.737227,S2A_MSIL2A_20230914T095031_R079_T35VML_20240825T021032,9496.0,9128.0,9112.0,10087.0,3,2023-09-14,1.0,24.737227,S2A_MSIL2A_20230914T095031_R079_T35VML_20240825T021032,9496.0,9128.0,9112.0,10087.0,5,,,,,,,,,7,,,,,,,,,D:\Water Quality Parameter Estimation\wq_pipeline\artifacts\tolerance_3d\prepared\chips\train\sample_FI_00001129.npz,D:\Water Quality Parameter Estimation\wq_pipeline\artifacts\tolerance_3d\prepared\chips\train\sample_FI_00001129.png,ok,,S2A_MSIL2A_20230914T095031_R079_T35VML_20240825T021032,2023-09-14,2.0,24.737227,60.1949846231114,0.0,256,128,0,0,9,"B02,B03,B04,B08"
FI_00001130,18170,18170,2023-09-12,63.728776901271246,26.38240528354664,,,,900.0,27.0,78.0,7.3,,,,,,7.2,18.0,14.0,900.0,27.0,78.0,7.3,0.1,Korpijoki 2,,Kiuruvesi,,,,,,,,,FI_00001213,18170,2024-04-29,63.728776901271246,26.38240528354664,,,,1700.0,26.0,88.0,19.0,S2_FI_00001213,2023-09-12,0,38.851899,57.5954112192955,175.300057666513,,,35VLJ,S2B_MSIL2A_20230912T095609_R122_T35VLJ_20241103T122113,,,,,,6.400000000000001,36.0,0.3,1700.0,26.0,88.0,19.0,0.4,Korpijoki 2,,Kiuruvesi,,,,,,,,,ok,,-7,2023-09-06,1.0,26.811367,S2B_MSIL2A_20230906T093549_R036_T35VML_20241029T123722,1369.0,1318.0,1251.0,1607.0,-5,2023-09-06,1.0,26.811367,S2B_MSIL2A_20230906T093549_R036_T35VML_20241029T123722,1369.0,1318.0,1251.0,1607.0,-3,2023-09-09,0.0,1.773689,S2B_MSIL2A_20230909T094549_R079_T35VML_20230909T173208,1132.0,1115.0,1102.0,1786.0,-1,,,,,,,,,0,,,,,,,,,1,2023-09-14,1.0,24.737227,S2A_MSIL2A_20230914T095031_R079_T35VML_20240825T021032,9496.0,9128.0,9112.0,10087.0,3,2023-09-14,1.0,24.737227,S2A_MSIL2A_20230914T095031_R079_T35VML_20240825T021032,9496.0,9128.0,9112.0,10087.0,5,,,,,,,,,7,,,,,,,,,D:\Water Quality Parameter Estimation\wq_pipeline\artifacts\tolerance_3d\prepared\chips\train\sample_FI_00001130.npz,D:\Water Quality Parameter Estimation\wq_pipeline\artifacts\tolerance_3d\prepared\chips\train\sample_FI_00001130.png,ok,,S2A_MSIL2A_20230914T095031_R079_T35VML_20240825T021032,2023-09-14,2.0,24.737227,60.1949846231114,0.0,256,128,0,0,9,"B02,B03,B04,B08"
FI_00001131,18170,18170,2023-09-12,63.728776901271246,26.38240528354664,,,,900.0,27.0,78.0,7.3,,,,,,7.2,18.0,14.0,900.0,27.0,78.0,7.3,0.1,Korpijoki 2,,Kiuruvesi,,,,,,,,,FI_00001213,18170,2024-04-29,63.728776901271246,26.38240528354664,,,,1700.0,26.0,88.0,19.0,S2_FI_00001213,2023-09-12,0,38.851899,57.5954112192955,175.300057666513,,,35VLJ,S2B_MSIL2A_20230912T095609_R122_T35VLJ_20241103T122113,,,,,,6.400000000000001,36.0,0.3,1700.0,26.0,88.0,19.0,0.4,Korpijoki 2,,Kiuruvesi,,,,,,,,,ok,,-7,2023-09-06,1.0,26.811367,S2B_MSIL2A_20230906T093549_R036_T35VML_20241029T123722,1369.0,1318.0,1251.0,1607.0,-5,2023-09-06,1.0,26.811367,S2B_MSIL2A_20230906T093549_R036_T35VML_20241029T123722,1369.0,1318.0,1251.0,1607.0,-3,2023-09-09,0.0,1.773689,S2B_MSIL2A_20230909T094549_R079_T35VML_20230909T173208,1132.0,1115.0,1102.0,1786.0,-1,,,,,,,,,0,,,,,,,,,1,2023-09-14,1.0,24.737227,S2A_MSIL2A_20230914T095031_R079_T35VML_20240825T021032,9496.0,9128.0,9112.0,10087.0,3,2023-09-14,1.0,24.737227,S2A_MSIL2A_20230914T095031_R079_T35VML_20240825T021032,9496.0,9128.0,9112.0,10087.0,5,,,,,,,,,7,,,,,,,,,D:\Water Quality Parameter Estimation\wq_pipeline\artifacts\tolerance_3d\prepared\chips\train\sample_FI_00001131.npz,D:\Water Quality Parameter Estimation\wq_pipeline\artifacts\tolerance_3d\prepared\chips\train\sample_FI_00001131.png,ok,,S2A_MSIL2A_20230914T095031_R079_T35VML_20240825T021032,2023-09-14,2.0,24.737227,60.1949846231114,0.0,256,128,0,0,9,"B02,B03,B04,B08"
FI_00001132,18170,18170,2023-09-12,63.728776901271246,26.38240528354664,,,,900.0,27.0,78.0,7.3,,,,,,7.2,18.0,14.0,900.0,27.0,78.0,7.3,0.1,Korpijoki 2,,Kiuruvesi,,,,,,,,,FI_00001213,18170,2024-04-29,63.728776901271246,26.38240528354664,,,,1700.0,26.0,88.0,19.0,S2_FI_00001213,2023-09-12,0,38.851899,57.5954112192955,175.300057666513,,,35VLJ,S2B_MSIL2A_20230912T095609_R122_T35VLJ_20241103T122113,,,,,,6.400000000000001,36.0,0.3,1700.0,26.0,88.0,19.0,0.4,Korpijoki 2,,Kiuruvesi,,,,,,,,,ok,,-7,2023-09-06,1.0,26.811367,S2B_MSIL2A_20230906T093549_R036_T35VML_20241029T123722,1369.0,1318.0,1251.0,1607.0,-5,2023-09-06,1.0,26.811367,S2B_MSIL2A_20230906T093549_R036_T35VML_20241029T123722,1369.0,1318.0,1251.0,1607.0,-3,2023-09-09,0.0,1.773689,S2B_MSIL2A_20230909T094549_R079_T35VML_20230909T173208,1132.0,1115.0,1102.0,1786.0,-1,,,,,,,,,0,,,,,,,,,1,2023-09-14,1.0,24.737227,S2A_MSIL2A_20230914T095031_R079_T35VML_20240825T021032,9496.0,9128.0,9112.0,10087.0,3,2023-09-14,1.0,24.737227,S2A_MSIL2A_20230914T095031_R079_T35VML_20240825T021032,9496.0,9128.0,9112.0,10087.0,5,,,,,,,,,7,,,,,,,,,D:\Water Quality Parameter Estimation\wq_pipeline\artifacts\tolerance_3d\prepared\chips\train\sample_FI_00001132.npz,D:\Water Quality Parameter Estimation\wq_pipeline\artifacts\tolerance_3d\prepared\chips\train\sample_FI_00001132.png,ok,,S2A_MSIL2A_20230914T095031_R079_T35VML_20240825T021032,2023-09-14,2.0,24.737227,60.1949846231114,0.0,256,128,0,0,9,"B02,B03,B04,B08"
FI_00001133,18170,18170,2023-09-12,63.728776901271246,26.38240528354664,,,,900.0,27.0,78.0,7.3,,,,,,7.2,18.0,14.0,900.0,27.0,78.0,7.3,0.1,Korpijoki 2,,Kiuruvesi,,,,,,,,,FI_00001213,18170,2024-04-29,63.728776901271246,26.38240528354664,,,,1700.0,26.0,88.0,19.0,S2_FI_00001213,2023-09-12,0,38.851899,57.5954112192955,175.300057666513,,,35VLJ,S2B_MSIL2A_20230912T095609_R122_T35VLJ_20241103T122113,,,,,,6.400000000000001,36.0,0.3,1700.0,26.0,88.0,19.0,0.4,Korpijoki 2,,Kiuruvesi,,,,,,,,,ok,,-7,2023-09-06,1.0,26.811367,S2B_MSIL2A_20230906T093549_R036_T35VML_20241029T123722,1369.0,1318.0,1251.0,1607.0,-5,2023-09-06,1.0,26.811367,S2B_MSIL2A_20230906T093549_R036_T35VML_20241029T123722,1369.0,1318.0,1251.0,1607.0,-3,2023-09-09,0.0,1.773689,S2B_MSIL2A_20230909T094549_R079_T35VML_20230909T173208,1132.0,1115.0,1102.0,1786.0,-1,,,,,,,,,0,,,,,,,,,1,2023-09-14,1.0,24.737227,S2A_MSIL2A_20230914T095031_R079_T35VML_20240825T021032,9496.0,9128.0,9112.0,10087.0,3,2023-09-14,1.0,24.737227,S2A_MSIL2A_20230914T095031_R079_T35VML_20240825T021032,9496.0,9128.0,9112.0,10087.0,5,,,,,,,,,7,,,,,,,,,D:\Water Quality Parameter Estimation\wq_pipeline\artifacts\tolerance_3d\prepared\chips\train\sample_FI_00001133.npz,D:\Water Quality Parameter Estimation\wq_pipeline\artifacts\tolerance_3d\prepared\chips\train\sample_FI_00001133.png,ok,,S2A_MSIL2A_20230914T095031_R079_T35VML_20240825T021032,2023-09-14,2.0,24.737227,60.1949846231114,0.0,256,128,0,0,9,"B02,B03,B04,B08"
FI_00001134,18170,18170,2023-09-27,63.728776901271246,26.38240528354664,,,,1100.0,38.0,66.0,5.8,,,,,,6.8,12.0,10.5,1100.0,38.0,66.0,5.8,0.1,Korpijoki 2,,Kiuruvesi,,,,,,,,,FI_00001214,18170,2024-04-29,63.728776901271246,26.38240528354664,,,,1700.0,26.0,88.0,19.0,S2_FI_00001214,2023-09-24,3,63.605785,62.2910695030988,173.884748732103,,,35VLJ,S2A_MSIL2A_20230924T095031_R079_T35VLJ_20241027T021934,,,,,,6.400000000000001,36.0,0.3,1700.0,26.0,88.0,19.0,0.4,Korpijoki 2,,Kiuruvesi,,,,,,,,,ok,,-7,,,,,,,,,-5,2023-09-22,0.0,10.958353,S2B_MSIL2A_20230922T095649_R122_T35VML_20241026T075651,1061.0,1057.0,1046.0,1463.0,-3,,,,,,,,,-1,,,,,,,,,0,,,,,,,,,1,,,,,,,,,3,,,,,,,,,5,,,,,,,,,7,,,,,,,,,,,no_match,no_stac_item,,,,,,,256,128,0,0,0,"B02,B03,B04,B08"
FI_00001135,18170,18170,2023-09-27,63.728776901271246,26.38240528354664,,,,1100.0,38.0,66.0,5.8,,,,,,6.8,12.0,10.5,1100.0,38.0,66.0,5.8,0.1,Korpijoki 2,,Kiuruvesi,,,,,,,,,FI_00001214,18170,2024-04-29,63.728776901271246,26.38240528354664,,,,1700.0,26.0,88.0,19.0,S2_FI_00001214,2023-09-24,3,63.605785,62.2910695030988,173.884748732103,,,35VLJ,S2A_MSIL2A_20230924T095031_R079_T35VLJ_20241027T021934,,,,,,6.400000000000001,36.0,0.3,1700.0,26.0,88.0,19.0,0.4,Korpijoki 2,,Kiuruvesi,,,,,,,,,ok,,-7,,,,,,,,,-5,2023-09-22,0.0,10.958353,S2B_MSIL2A_20230922T095649_R122_T35VML_20241026T075651,1061.0,1057.0,1046.0,1463.0,-3,,,,,,,,,-1,,,,,,,,,0,,,,,,,,,1,,,,,,,,,3,,,,,,,,,5,,,,,,,,,7,,,,,,,,,,,no_match,no_stac_item,,,,,,,256,128,0,0,0,"B02,B03,B04,B08"
FI_00001136,18170,18170,2023-09-27,63.728776901271246,26.38240528354664,,,,1100.0,38.0,66.0,5.8,,,,,,6.8,12.0,10.5,1100.0,38.0,66.0,5.8,0.1,Korpijoki 2,,Kiuruvesi,,,,,,,,,FI_00001214,18170,2024-04-29,63.728776901271246,26.38240528354664,,,,1700.0,26.0,88.0,19.0,S2_FI_00001214,2023-09-24,3,63.605785,62.2910695030988,173.884748732103,,,35VLJ,S2A_MSIL2A_20230924T095031_R079_T35VLJ_20241027T021934,,,,,,6.400000000000001,36.0,0.3,1700.0,26.0,88.0,19.0,0.4,Korpijoki 2,,Kiuruvesi,,,,,,,,,ok,,-7,,,,,,,,,-5,2023-09-22,0.0,10.958353,S2B_MSIL2A_20230922T095649_R122_T35VML_20241026T075651,1061.0,1057.0,1046.0,1463.0,-3,,,,,,,,,-1,,,,,,,,,0,,,,,,,,,1,,,,,,,,,3,,,,,,,,,5,,,,,,,,,7,,,,,,,,,,,no_match,no_stac_item,,,,,,,256,128,0,0,0,"B02,B03,B04,B08"
FI_00001137,18170,18170,2023-09-27,63.728776901271246,26.38240528354664,,,,1100.0,38.0,66.0,5.8,,,,,,6.8,12.0,10.5,1100.0,38.0,66.0,5.8,0.1,Korpijoki 2,,Kiuruvesi,,,,,,,,,FI_00001214,18170,2024-04-29,63.728776901271246,26.38240528354664,,,,1700.0,26.0,88.0,19.0,S2_FI_00001214,2023-09-24,3,63.605785,62.2910695030988,173.884748732103,,,35VLJ,S2A_MSIL2A_20230924T095031_R079_T35VLJ_20241027T021934,,,,,,6.400000000000001,36.0,0.3,1700.0,26.0,88.0,19.0,0.4,Korpijoki 2,,Kiuruvesi,,,,,,,,,ok,,-7,,,,,,,,,-5,2023-09-22,0.0,10.958353,S2B_MSIL2A_20230922T095649_R122_T35VML_20241026T075651,1061.0,1057.0,1046.0,1463.0,-3,,,,,,,,,-1,,,,,,,,,0,,,,,,,,,1,,,,,,,,,3,,,,,,,,,5,,,,,,,,,7,,,,,,,,,,,no_match,no_stac_item,,,,,,,256,128,0,0,0,"B02,B03,B04,B08"
FI_00001138,18170,18170,2023-09-27,63.728776901271246,26.38240528354664,,,,1100.0,38.0,66.0,5.8,,,,,,6.8,12.0,10.5,1100.0,38.0,66.0,5.8,0.1,Korpijoki 2,,Kiuruvesi,,,,,,,,,FI_00001214,18170,2024-04-29,63.728776901271246,26.38240528354664,,,,1700.0,26.0,88.0,19.0,S2_FI_00001214,2023-09-24,3,63.605785,62.2910695030988,173.884748732103,,,35VLJ,S2A_MSIL2A_20230924T095031_R079_T35VLJ_20241027T021934,,,,,,6.400000000000001,36.0,0.3,1700.0,26.0,88.0,19.0,0.4,Korpijoki 2,,Kiuruvesi,,,,,,,,,ok,,-7,,,,,,,,,-5,2023-09-22,0.0,10.958353,S2B_MSIL2A_20230922T095649_R122_T35VML_20241026T075651,1061.0,1057.0,1046.0,1463.0,-3,,,,,,,,,-1,,,,,,,,,0,,,,,,,,,1,,,,,,,,,3,,,,,,,,,5,,,,,,,,,7,,,,,,,,,,,no_match,no_stac_item,,,,,,,256,128,0,0,0,"B02,B03,B04,B08"
FI_00001139,18170,18170,2023-09-27,63.728776901271246,26.38240528354664,,,,1100.0,38.0,66.0,5.8,,,,,,6.8,12.0,10.5,1100.0,38.0,66.0,5.8,0.1,Korpijoki 2,,Kiuruvesi,,,,,,,,,FI_00001214,18170,2024-04-29,63.728776901271246,26.38240528354664,,,,1700.0,26.0,88.0,19.0,S2_FI_00001214,2023-09-24,3,63.605785,62.2910695030988,173.884748732103,,,35VLJ,S2A_MSIL2A_20230924T095031_R079_T35VLJ_20241027T021934,,,,,,6.400000000000001,36.0,0.3,1700.0,26.0,88.0,19.0,0.4,Korpijoki 2,,Kiuruvesi,,,,,,,,,ok,,-7,,,,,,,,,-5,2023-09-22,0.0,10.958353,S2B_MSIL2A_20230922T095649_R122_T35VML_20241026T075651,1061.0,1057.0,1046.0,1463.0,-3,,,,,,,,,-1,,,,,,,,,0,,,,,,,,,1,,,,,,,,,3,,,,,,,,,5,,,,,,,,,7,,,,,,,,,,,no_match,no_stac_item,,,,,,,256,128,0,0,0,"B02,B03,B04,B08"
FI_00001140,18170,18170,2023-10-09,63.728776901271246,26.38240528354664,,35.0,,1200.0,38.0,40.0,7.2,,4.4,,35.0,,6.599999999999999,10.0,4.5,1200.0,38.0,40.0,7.2,0.1,Korpijoki 2,,Kiuruvesi,,,,,,,,,FI_00001179,18170,2024-02-14,63.728776901271246,26.38240528354664,,,,1100.0,17.0,90.0,15.0,S2_FI_00001179,2023-10-09,0,24.984132,68.0302604041041,175.478268554585,,,35VLJ,S2B_MSIL2A_20231009T094819_R079_T35VLJ_20231009T143616,,,,,,7.3,10.0,0.0,1100.0,17.0,90.0,15.0,0.1,Korpijoki 2,,Kiuruvesi,,,,,,,,,ok,,-7,,,,,,,,,-5,,,,,,,,,-3,2023-10-06,0.0,10.832471,S2B_MSIL2A_20231006T093749_R036_T35VML_20231006T152355,1100.0,1050.0,1097.0,1476.0,-1,,,,,,,,,0,,,,,,,,,1,,,,,,,,,3,,,,,,,,,5,,,,,,,,,7,,,,,,,,,,,rejected,nodata_reject,S2B_MSIL2A_20231006T093749_R036_T35VML_20231006T152355,2023-10-06,3.0,10.832471,68.7364211743584,1.0,256,128,0,0,9,"B02,B03,B04,B08"
FI_00001141,18170,18170,2023-10-09,63.728776901271246,26.38240528354664,,35.0,,1200.0,38.0,40.0,7.2,,4.4,,35.0,,6.599999999999999,10.0,4.5,1200.0,38.0,40.0,7.2,0.1,Korpijoki 2,,Kiuruvesi,,,,,,,,,FI_00001179,18170,2024-02-14,63.728776901271246,26.38240528354664,,,,1100.0,17.0,90.0,15.0,S2_FI_00001179,2023-10-09,0,24.984132,68.0302604041041,175.478268554585,,,35VLJ,S2B_MSIL2A_20231009T094819_R079_T35VLJ_20231009T143616,,,,,,7.3,10.0,0.0,1100.0,17.0,90.0,15.0,0.1,Korpijoki 2,,Kiuruvesi,,,,,,,,,ok,,-7,,,,,,,,,-5,,,,,,,,,-3,2023-10-06,0.0,10.832471,S2B_MSIL2A_20231006T093749_R036_T35VML_20231006T152355,1100.0,1050.0,1097.0,1476.0,-1,,,,,,,,,0,,,,,,,,,1,,,,,,,,,3,,,,,,,,,5,,,,,,,,,7,,,,,,,,,,,rejected,nodata_reject,S2B_MSIL2A_20231006T093749_R036_T35VML_20231006T152355,2023-10-06,3.0,10.832471,68.7364211743584,1.0,256,128,0,0,9,"B02,B03,B04,B08"
FI_00001142,18170,18170,2023-10-09,63.728776901271246,26.38240528354664,,35.0,,1200.0,38.0,40.0,7.2,,4.4,,35.0,,6.599999999999999,10.0,4.5,1200.0,38.0,40.0,7.2,0.1,Korpijoki 2,,Kiuruvesi,,,,,,,,,FI_00001179,18170,2024-02-14,63.728776901271246,26.38240528354664,,,,1100.0,17.0,90.0,15.0,S2_FI_00001179,2023-10-09,0,24.984132,68.0302604041041,175.478268554585,,,35VLJ,S2B_MSIL2A_20231009T094819_R079_T35VLJ_20231009T143616,,,,,,7.3,10.0,0.0,1100.0,17.0,90.0,15.0,0.1,Korpijoki 2,,Kiuruvesi,,,,,,,,,ok,,-7,,,,,,,,,-5,,,,,,,,,-3,2023-10-06,0.0,10.832471,S2B_MSIL2A_20231006T093749_R036_T35VML_20231006T152355,1100.0,1050.0,1097.0,1476.0,-1,,,,,,,,,0,,,,,,,,,1,,,,,,,,,3,,,,,,,,,5,,,,,,,,,7,,,,,,,,,,,rejected,nodata_reject,S2B_MSIL2A_20231006T093749_R036_T35VML_20231006T152355,2023-10-06,3.0,10.832471,68.7364211743584,1.0,256,128,0,0,9,"B02,B03,B04,B08"
FI_00001143,18170,18170,2023-10-09,63.728776901271246,26.38240528354664,,35.0,,1200.0,38.0,40.0,7.2,,4.4,,35.0,,6.599999999999999,10.0,4.5,1200.0,38.0,40.0,7.2,0.1,Korpijoki 2,,Kiuruvesi,,,,,,,,,FI_00001179,18170,2024-02-14,63.728776901271246,26.38240528354664,,,,1100.0,17.0,90.0,15.0,S2_FI_00001179,2023-10-09,0,24.984132,68.0302604041041,175.478268554585,,,35VLJ,S2B_MSIL2A_20231009T094819_R079_T35VLJ_20231009T143616,,,,,,7.3,10.0,0.0,1100.0,17.0,90.0,15.0,0.1,Korpijoki 2,,Kiuruvesi,,,,,,,,,ok,,-7,,,,,,,,,-5,,,,,,,,,-3,2023-10-06,0.0,10.832471,S2B_MSIL2A_20231006T093749_R036_T35VML_20231006T152355,1100.0,1050.0,1097.0,1476.0,-1,,,,,,,,,0,,,,,,,,,1,,,,,,,,,3,,,,,,,,,5,,,,,,,,,7,,,,,,,,,,,rejected,nodata_reject,S2B_MSIL2A_20231006T093749_R036_T35VML_20231006T152355,2023-10-06,3.0,10.832471,68.7364211743584,1.0,256,128,0,0,9,"B02,B03,B04,B08"
FI_00001144,18170,18170,2023-10-09,63.728776901271246,26.38240528354664,,35.0,,1200.0,38.0,40.0,7.2,,4.4,,35.0,,6.599999999999999,10.0,4.5,1200.0,38.0,40.0,7.2,0.1,Korpijoki 2,,Kiuruvesi,,,,,,,,,FI_00001179,18170,2024-02-14,63.728776901271246,26.38240528354664,,,,1100.0,17.0,90.0,15.0,S2_FI_00001179,2023-10-09,0,24.984132,68.0302604041041,175.478268554585,,,35VLJ,S2B_MSIL2A_20231009T094819_R079_T35VLJ_20231009T143616,,,,,,7.3,10.0,0.0,1100.0,17.0,90.0,15.0,0.1,Korpijoki 2,,Kiuruvesi,,,,,,,,,ok,,-7,,,,,,,,,-5,,,,,,,,,-3,2023-10-06,0.0,10.832471,S2B_MSIL2A_20231006T093749_R036_T35VML_20231006T152355,1100.0,1050.0,1097.0,1476.0,-1,,,,,,,,,0,,,,,,,,,1,,,,,,,,,3,,,,,,,,,5,,,,,,,,,7,,,,,,,,,,,rejected,nodata_reject,S2B_MSIL2A_20231006T093749_R036_T35VML_20231006T152355,2023-10-06,3.0,10.832471,68.7364211743584,1.0,256,128,0,0,9,"B02,B03,B04,B08"
FI_00001145,18170,18170,2023-10-09,63.728776901271246,26.38240528354664,,35.0,,1200.0,38.0,40.0,7.2,,4.4,,35.0,,6.599999999999999,10.0,4.5,1200.0,38.0,40.0,7.2,0.1,Korpijoki 2,,Kiuruvesi,,,,,,,,,FI_00001179,18170,2024-02-14,63.728776901271246,26.38240528354664,,,,1100.0,17.0,90.0,15.0,S2_FI_00001179,2023-10-09,0,24.984132,68.0302604041041,175.478268554585,,,35VLJ,S2B_MSIL2A_20231009T094819_R079_T35VLJ_20231009T143616,,,,,,7.3,10.0,0.0,1100.0,17.0,90.0,15.0,0.1,Korpijoki 2,,Kiuruvesi,,,,,,,,,ok,,-7,,,,,,,,,-5,,,,,,,,,-3,2023-10-06,0.0,10.832471,S2B_MSIL2A_20231006T093749_R036_T35VML_20231006T152355,1100.0,1050.0,1097.0,1476.0,-1,,,,,,,,,0,,,,,,,,,1,,,,,,,,,3,,,,,,,,,5,,,,,,,,,7,,,,,,,,,,,rejected,nodata_reject,S2B_MSIL2A_20231006T093749_R036_T35VML_20231006T152355,2023-10-06,3.0,10.832471,68.7364211743584,1.0,256,128,0,0,9,"B02,B03,B04,B08"
FI_00001146,18170,18170,2023-10-24,63.728776901271246,26.38240528354664,,,,970.0,30.0,48.0,5.599999999999999,,,,,,6.8,12.0,-0.2,970.0,30.0,48.0,5.599999999999999,0.1,Korpijoki 2,,Kiuruvesi,,,,,,,,,FI_00001216,18170,2024-04-29,63.728776901271246,26.38240528354664,,,,1700.0,26.0,88.0,19.0,S2_FI_00001216,2023-10-22,2,98.945868,72.7473824584799,178.954393326031,,,35VLJ,S2B_MSIL2A_20231022T095949_R122_T35VLJ_20231022T132200,,,,,,6.400000000000001,36.0,0.3,1700.0,26.0,88.0,19.0,0.4,Korpijoki 2,,Kiuruvesi,,,,,,,,,ok,,-7,,,,,,,,,-5,2023-10-19,0.0,20.826028,S2B_MSIL2A_20231019T095019_R079_T35VML_20231019T185331,6088.0,6052.0,6148.0,7144.0,-3,2023-10-21,0.0,0.036025,S2A_MSIL2A_20231021T094031_R036_T35VML_20231021T132102,1135.0,1086.0,1049.0,1504.0,-1,2023-10-24,1.0,0.239923,S2A_MSIL2A_20231024T095051_R079_T35VML_20231024T121659,1222.0,1227.0,1174.0,1410.0,0,2023-10-24,0.0,0.239923,S2A_MSIL2A_20231024T095051_R079_T35VML_20231024T121659,1222.0,1227.0,1174.0,1410.0,1,2023-10-24,1.0,0.239923,S2A_MSIL2A_20231024T095051_R079_T35VML_20231024T121659,1222.0,1227.0,1174.0,1410.0,3,,,,,,,,,5,,,,,,,,,7,,,,,,,,,D:\Water Quality Parameter Estimation\wq_pipeline\artifacts\tolerance_3d\prepared\chips\train\sample_FI_00001146.npz,D:\Water Quality Parameter Estimation\wq_pipeline\artifacts\tolerance_3d\prepared\chips\train\sample_FI_00001146.png,ok,,S2A_MSIL2A_20231024T095051_R079_T35VML_20231024T121659,2023-10-24,0.0,0.239923,75.2737058244509,0.0,256,128,0,0,9,"B02,B03,B04,B08"
FI_00001147,18170,18170,2023-10-24,63.728776901271246,26.38240528354664,,,,970.0,30.0,48.0,5.599999999999999,,,,,,6.8,12.0,-0.2,970.0,30.0,48.0,5.599999999999999,0.1,Korpijoki 2,,Kiuruvesi,,,,,,,,,FI_00001216,18170,2024-04-29,63.728776901271246,26.38240528354664,,,,1700.0,26.0,88.0,19.0,S2_FI_00001216,2023-10-22,2,98.945868,72.7473824584799,178.954393326031,,,35VLJ,S2B_MSIL2A_20231022T095949_R122_T35VLJ_20231022T132200,,,,,,6.400000000000001,36.0,0.3,1700.0,26.0,88.0,19.0,0.4,Korpijoki 2,,Kiuruvesi,,,,,,,,,ok,,-7,,,,,,,,,-5,2023-10-19,0.0,20.826028,S2B_MSIL2A_20231019T095019_R079_T35VML_20231019T185331,6088.0,6052.0,6148.0,7144.0,-3,2023-10-21,0.0,0.036025,S2A_MSIL2A_20231021T094031_R036_T35VML_20231021T132102,1135.0,1086.0,1049.0,1504.0,-1,2023-10-24,1.0,0.239923,S2A_MSIL2A_20231024T095051_R079_T35VML_20231024T121659,1222.0,1227.0,1174.0,1410.0,0,2023-10-24,0.0,0.239923,S2A_MSIL2A_20231024T095051_R079_T35VML_20231024T121659,1222.0,1227.0,1174.0,1410.0,1,2023-10-24,1.0,0.239923,S2A_MSIL2A_20231024T095051_R079_T35VML_20231024T121659,1222.0,1227.0,1174.0,1410.0,3,,,,,,,,,5,,,,,,,,,7,,,,,,,,,D:\Water Quality Parameter Estimation\wq_pipeline\artifacts\tolerance_3d\prepared\chips\train\sample_FI_00001147.npz,D:\Water Quality Parameter Estimation\wq_pipeline\artifacts\tolerance_3d\prepared\chips\train\sample_FI_00001147.png,ok,,S2A_MSIL2A_20231024T095051_R079_T35VML_20231024T121659,2023-10-24,0.0,0.239923,75.2737058244509,0.0,256,128,0,0,9,"B02,B03,B04,B08"
FI_00001148,18170,18170,2023-10-24,63.728776901271246,26.38240528354664,,,,970.0,30.0,48.0,5.599999999999999,,,,,,6.8,12.0,-0.2,970.0,30.0,48.0,5.599999999999999,0.1,Korpijoki 2,,Kiuruvesi,,,,,,,,,FI_00001216,18170,2024-04-29,63.728776901271246,26.38240528354664,,,,1700.0,26.0,88.0,19.0,S2_FI_00001216,2023-10-22,2,98.945868,72.7473824584799,178.954393326031,,,35VLJ,S2B_MSIL2A_20231022T095949_R122_T35VLJ_20231022T132200,,,,,,6.400000000000001,36.0,0.3,1700.0,26.0,88.0,19.0,0.4,Korpijoki 2,,Kiuruvesi,,,,,,,,,ok,,-7,,,,,,,,,-5,2023-10-19,0.0,20.826028,S2B_MSIL2A_20231019T095019_R079_T35VML_20231019T185331,6088.0,6052.0,6148.0,7144.0,-3,2023-10-21,0.0,0.036025,S2A_MSIL2A_20231021T094031_R036_T35VML_20231021T132102,1135.0,1086.0,1049.0,1504.0,-1,2023-10-24,1.0,0.239923,S2A_MSIL2A_20231024T095051_R079_T35VML_20231024T121659,1222.0,1227.0,1174.0,1410.0,0,2023-10-24,0.0,0.239923,S2A_MSIL2A_20231024T095051_R079_T35VML_20231024T121659,1222.0,1227.0,1174.0,1410.0,1,2023-10-24,1.0,0.239923,S2A_MSIL2A_20231024T095051_R079_T35VML_20231024T121659,1222.0,1227.0,1174.0,1410.0,3,,,,,,,,,5,,,,,,,,,7,,,,,,,,,D:\Water Quality Parameter Estimation\wq_pipeline\artifacts\tolerance_3d\prepared\chips\train\sample_FI_00001148.npz,D:\Water Quality Parameter Estimation\wq_pipeline\artifacts\tolerance_3d\prepared\chips\train\sample_FI_00001148.png,ok,,S2A_MSIL2A_20231024T095051_R079_T35VML_20231024T121659,2023-10-24,0.0,0.239923,75.2737058244509,0.0,256,128,0,0,9,"B02,B03,B04,B08"
FI_00001149,18170,18170,2023-10-24,63.728776901271246,26.38240528354664,,,,970.0,30.0,48.0,5.599999999999999,,,,,,6.8,12.0,-0.2,970.0,30.0,48.0,5.599999999999999,0.1,Korpijoki 2,,Kiuruvesi,,,,,,,,,FI_00001216,18170,2024-04-29,63.728776901271246,26.38240528354664,,,,1700.0,26.0,88.0,19.0,S2_FI_00001216,2023-10-22,2,98.945868,72.7473824584799,178.954393326031,,,35VLJ,S2B_MSIL2A_20231022T095949_R122_T35VLJ_20231022T132200,,,,,,6.400000000000001,36.0,0.3,1700.0,26.0,88.0,19.0,0.4,Korpijoki 2,,Kiuruvesi,,,,,,,,,ok,,-7,,,,,,,,,-5,2023-10-19,0.0,20.826028,S2B_MSIL2A_20231019T095019_R079_T35VML_20231019T185331,6088.0,6052.0,6148.0,7144.0,-3,2023-10-21,0.0,0.036025,S2A_MSIL2A_20231021T094031_R036_T35VML_20231021T132102,1135.0,1086.0,1049.0,1504.0,-1,2023-10-24,1.0,0.239923,S2A_MSIL2A_20231024T095051_R079_T35VML_20231024T121659,1222.0,1227.0,1174.0,1410.0,0,2023-10-24,0.0,0.239923,S2A_MSIL2A_20231024T095051_R079_T35VML_20231024T121659,1222.0,1227.0,1174.0,1410.0,1,2023-10-24,1.0,0.239923,S2A_MSIL2A_20231024T095051_R079_T35VML_20231024T121659,1222.0,1227.0,1174.0,1410.0,3,,,,,,,,,5,,,,,,,,,7,,,,,,,,,D:\Water Quality Parameter Estimation\wq_pipeline\artifacts\tolerance_3d\prepared\chips\train\sample_FI_00001149.npz,D:\Water Quality Parameter Estimation\wq_pipeline\artifacts\tolerance_3d\prepared\chips\train\sample_FI_00001149.png,ok,,S2A_MSIL2A_20231024T095051_R079_T35VML_20231024T121659,2023-10-24,0.0,0.239923,75.2737058244509,0.0,256,128,0,0,9,"B02,B03,B04,B08"
FI_00001150,18170,18170,2023-10-24,63.728776901271246,26.38240528354664,,,,970.0,30.0,48.0,5.599999999999999,,,,,,6.8,12.0,-0.2,970.0,30.0,48.0,5.599999999999999,0.1,Korpijoki 2,,Kiuruvesi,,,,,,,,,FI_00001216,18170,2024-04-29,63.728776901271246,26.38240528354664,,,,1700.0,26.0,88.0,19.0,S2_FI_00001216,2023-10-22,2,98.945868,72.7473824584799,178.954393326031,,,35VLJ,S2B_MSIL2A_20231022T095949_R122_T35VLJ_20231022T132200,,,,,,6.400000000000001,36.0,0.3,1700.0,26.0,88.0,19.0,0.4,Korpijoki 2,,Kiuruvesi,,,,,,,,,ok,,-7,,,,,,,,,-5,2023-10-19,0.0,20.826028,S2B_MSIL2A_20231019T095019_R079_T35VML_20231019T185331,6088.0,6052.0,6148.0,7144.0,-3,2023-10-21,0.0,0.036025,S2A_MSIL2A_20231021T094031_R036_T35VML_20231021T132102,1135.0,1086.0,1049.0,1504.0,-1,2023-10-24,1.0,0.239923,S2A_MSIL2A_20231024T095051_R079_T35VML_20231024T121659,1222.0,1227.0,1174.0,1410.0,0,2023-10-24,0.0,0.239923,S2A_MSIL2A_20231024T095051_R079_T35VML_20231024T121659,1222.0,1227.0,1174.0,1410.0,1,2023-10-24,1.0,0.239923,S2A_MSIL2A_20231024T095051_R079_T35VML_20231024T121659,1222.0,1227.0,1174.0,1410.0,3,,,,,,,,,5,,,,,,,,,7,,,,,,,,,D:\Water Quality Parameter Estimation\wq_pipeline\artifacts\tolerance_3d\prepared\chips\train\sample_FI_00001150.npz,D:\Water Quality Parameter Estimation\wq_pipeline\artifacts\tolerance_3d\prepared\chips\train\sample_FI_00001150.png,ok,,S2A_MSIL2A_20231024T095051_R079_T35VML_20231024T121659,2023-10-24,0.0,0.239923,75.2737058244509,0.0,256,128,0,0,9,"B02,B03,B04,B08"
FI_00001151,18170,18170,2023-10-24,63.728776901271246,26.38240528354664,,,,970.0,30.0,48.0,5.599999999999999,,,,,,6.8,12.0,-0.2,970.0,30.0,48.0,5.599999999999999,0.1,Korpijoki 2,,Kiuruvesi,,,,,,,,,FI_00001216,18170,2024-04-29,63.728776901271246,26.38240528354664,,,,1700.0,26.0,88.0,19.0,S2_FI_00001216,2023-10-22,2,98.945868,72.7473824584799,178.954393326031,,,35VLJ,S2B_MSIL2A_20231022T095949_R122_T35VLJ_20231022T132200,,,,,,6.400000000000001,36.0,0.3,1700.0,26.0,88.0,19.0,0.4,Korpijoki 2,,Kiuruvesi,,,,,,,,,ok,,-7,,,,,,,,,-5,2023-10-19,0.0,20.826028,S2B_MSIL2A_20231019T095019_R079_T35VML_20231019T185331,6088.0,6052.0,6148.0,7144.0,-3,2023-10-21,0.0,0.036025,S2A_MSIL2A_20231021T094031_R036_T35VML_20231021T132102,1135.0,1086.0,1049.0,1504.0,-1,2023-10-24,1.0,0.239923,S2A_MSIL2A_20231024T095051_R079_T35VML_20231024T121659,1222.0,1227.0,1174.0,1410.0,0,2023-10-24,0.0,0.239923,S2A_MSIL2A_20231024T095051_R079_T35VML_20231024T121659,1222.0,1227.0,1174.0,1410.0,1,2023-10-24,1.0,0.239923,S2A_MSIL2A_20231024T095051_R079_T35VML_20231024T121659,1222.0,1227.0,1174.0,1410.0,3,,,,,,,,,5,,,,,,,,,7,,,,,,,,,D:\Water Quality Parameter Estimation\wq_pipeline\artifacts\tolerance_3d\prepared\chips\train\sample_FI_00001151.npz,D:\Water Quality Parameter Estimation\wq_pipeline\artifacts\tolerance_3d\prepared\chips\train\sample_FI_00001151.png,ok,,S2A_MSIL2A_20231024T095051_R079_T35VML_20231024T121659,2023-10-24,0.0,0.239923,75.2737058244509,0.0,256,128,0,0,9,"B02,B03,B04,B08"
FI_00001152,18170,18170,2023-11-08,63.728776901271246,26.38240528354664,,,,1500.0,27.0,110.0,24.0,,,,,,6.400000000000001,24.0,0.3,1500.0,27.0,110.0,24.0,0.1,Korpijoki 2,,Kiuruvesi,,,,,,,,,FI_00001217,18170,2024-04-29,63.728776901271246,26.38240528354664,,,,1700.0,26.0,88.0,19.0,S2_FI_00001217,2023-11-08,0,93.324697,78.3051126983115,176.767030596035,,,35VLJ,S2B_MSIL2A_20231108T095129_R079_T35VLJ_20231108T131948,,,,,,6.400000000000001,36.0,0.3,1700.0,26.0,88.0,19.0,0.4,Korpijoki 2,,Kiuruvesi,,,,,,,,,ok,,-7,,,,,,,,,-5,,,,,,,,,-3,,,,,,,,,-1,,,,,,,,,0,,,,,,,,,1,,,,,,,,,3,2023-11-11,0.0,34.620345,S2B_MSIL2A_20231111T100149_R122_T35VML_20231111T184508,3176.0,2730.0,2546.0,2696.0,5,,,,,,,,,7,,,,,,,,,D:\Water Quality Parameter Estimation\wq_pipeline\artifacts\tolerance_3d\prepared\chips\train\sample_FI_00001152.npz,D:\Water Quality Parameter Estimation\wq_pipeline\artifacts\tolerance_3d\prepared\chips\train\sample_FI_00001152.png,ok,,S2B_MSIL2A_20231111T100149_R122_T35VML_20231111T184508,2023-11-11,3.0,34.620345,80.936512522651,0.0,256,128,0,0,9,"B02,B03,B04,B08"
FI_00001153,18170,18170,2023-11-08,63.728776901271246,26.38240528354664,,,,1500.0,27.0,110.0,24.0,,,,,,6.400000000000001,24.0,0.3,1500.0,27.0,110.0,24.0,0.1,Korpijoki 2,,Kiuruvesi,,,,,,,,,FI_00001217,18170,2024-04-29,63.728776901271246,26.38240528354664,,,,1700.0,26.0,88.0,19.0,S2_FI_00001217,2023-11-08,0,93.324697,78.3051126983115,176.767030596035,,,35VLJ,S2B_MSIL2A_20231108T095129_R079_T35VLJ_20231108T131948,,,,,,6.400000000000001,36.0,0.3,1700.0,26.0,88.0,19.0,0.4,Korpijoki 2,,Kiuruvesi,,,,,,,,,ok,,-7,,,,,,,,,-5,,,,,,,,,-3,,,,,,,,,-1,,,,,,,,,0,,,,,,,,,1,,,,,,,,,3,2023-11-11,0.0,34.620345,S2B_MSIL2A_20231111T100149_R122_T35VML_20231111T184508,3176.0,2730.0,2546.0,2696.0,5,,,,,,,,,7,,,,,,,,,D:\Water Quality Parameter Estimation\wq_pipeline\artifacts\tolerance_3d\prepared\chips\train\sample_FI_00001153.npz,D:\Water Quality Parameter Estimation\wq_pipeline\artifacts\tolerance_3d\prepared\chips\train\sample_FI_00001153.png,ok,,S2B_MSIL2A_20231111T100149_R122_T35VML_20231111T184508,2023-11-11,3.0,34.620345,80.936512522651,0.0,256,128,0,0,9,"B02,B03,B04,B08"
FI_00001154,18170,18170,2023-11-08,63.728776901271246,26.38240528354664,,,,1500.0,27.0,110.0,24.0,,,,,,6.400000000000001,24.0,0.3,1500.0,27.0,110.0,24.0,0.1,Korpijoki 2,,Kiuruvesi,,,,,,,,,FI_00001217,18170,2024-04-29,63.728776901271246,26.38240528354664,,,,1700.0,26.0,88.0,19.0,S2_FI_00001217,2023-11-08,0,93.324697,78.3051126983115,176.767030596035,,,35VLJ,S2B_MSIL2A_20231108T095129_R079_T35VLJ_20231108T131948,,,,,,6.400000000000001,36.0,0.3,1700.0,26.0,88.0,19.0,0.4,Korpijoki 2,,Kiuruvesi,,,,,,,,,ok,,-7,,,,,,,,,-5,,,,,,,,,-3,,,,,,,,,-1,,,,,,,,,0,,,,,,,,,1,,,,,,,,,3,2023-11-11,0.0,34.620345,S2B_MSIL2A_20231111T100149_R122_T35VML_20231111T184508,3176.0,2730.0,2546.0,2696.0,5,,,,,,,,,7,,,,,,,,,D:\Water Quality Parameter Estimation\wq_pipeline\artifacts\tolerance_3d\prepared\chips\train\sample_FI_00001154.npz,D:\Water Quality Parameter Estimation\wq_pipeline\artifacts\tolerance_3d\prepared\chips\train\sample_FI_00001154.png,ok,,S2B_MSIL2A_20231111T100149_R122_T35VML_20231111T184508,2023-11-11,3.0,34.620345,80.936512522651,0.0,256,128,0,0,9,"B02,B03,B04,B08"
FI_00001155,18170,18170,2023-11-08,63.728776901271246,26.38240528354664,,,,1500.0,27.0,110.0,24.0,,,,,,6.400000000000001,24.0,0.3,1500.0,27.0,110.0,24.0,0.1,Korpijoki 2,,Kiuruvesi,,,,,,,,,FI_00001217,18170,2024-04-29,63.728776901271246,26.38240528354664,,,,1700.0,26.0,88.0,19.0,S2_FI_00001217,2023-11-08,0,93.324697,78.3051126983115,176.767030596035,,,35VLJ,S2B_MSIL2A_20231108T095129_R079_T35VLJ_20231108T131948,,,,,,6.400000000000001,36.0,0.3,1700.0,26.0,88.0,19.0,0.4,Korpijoki 2,,Kiuruvesi,,,,,,,,,ok,,-7,,,,,,,,,-5,,,,,,,,,-3,,,,,,,,,-1,,,,,,,,,0,,,,,,,,,1,,,,,,,,,3,2023-11-11,0.0,34.620345,S2B_MSIL2A_20231111T100149_R122_T35VML_20231111T184508,3176.0,2730.0,2546.0,2696.0,5,,,,,,,,,7,,,,,,,,,D:\Water Quality Parameter Estimation\wq_pipeline\artifacts\tolerance_3d\prepared\chips\train\sample_FI_00001155.npz,D:\Water Quality Parameter Estimation\wq_pipeline\artifacts\tolerance_3d\prepared\chips\train\sample_FI_00001155.png,ok,,S2B_MSIL2A_20231111T100149_R122_T35VML_20231111T184508,2023-11-11,3.0,34.620345,80.936512522651,0.0,256,128,0,0,9,"B02,B03,B04,B08"
FI_00001156,18170,18170,2023-11-08,63.728776901271246,26.38240528354664,,,,1500.0,27.0,110.0,24.0,,,,,,6.400000000000001,24.0,0.3,1500.0,27.0,110.0,24.0,0.1,Korpijoki 2,,Kiuruvesi,,,,,,,,,FI_00001217,18170,2024-04-29,63.728776901271246,26.38240528354664,,,,1700.0,26.0,88.0,19.0,S2_FI_00001217,2023-11-08,0,93.324697,78.3051126983115,176.767030596035,,,35VLJ,S2B_MSIL2A_20231108T095129_R079_T35VLJ_20231108T131948,,,,,,6.400000000000001,36.0,0.3,1700.0,26.0,88.0,19.0,0.4,Korpijoki 2,,Kiuruvesi,,,,,,,,,ok,,-7,,,,,,,,,-5,,,,,,,,,-3,,,,,,,,,-1,,,,,,,,,0,,,,,,,,,1,,,,,,,,,3,2023-11-11,0.0,34.620345,S2B_MSIL2A_20231111T100149_R122_T35VML_20231111T184508,3176.0,2730.0,2546.0,2696.0,5,,,,,,,,,7,,,,,,,,,D:\Water Quality Parameter Estimation\wq_pipeline\artifacts\tolerance_3d\prepared\chips\train\sample_FI_00001156.npz,D:\Water Quality Parameter Estimation\wq_pipeline\artifacts\tolerance_3d\prepared\chips\train\sample_FI_00001156.png,ok,,S2B_MSIL2A_20231111T100149_R122_T35VML_20231111T184508,2023-11-11,3.0,34.620345,80.936512522651,0.0,256,128,0,0,9,"B02,B03,B04,B08"
FI_00001157,18170,18170,2023-11-08,63.728776901271246,26.38240528354664,,,,1500.0,27.0,110.0,24.0,,,,,,6.400000000000001,24.0,0.3,1500.0,27.0,110.0,24.0,0.1,Korpijoki 2,,Kiuruvesi,,,,,,,,,FI_00001217,18170,2024-04-29,63.728776901271246,26.38240528354664,,,,1700.0,26.0,88.0,19.0,S2_FI_00001217,2023-11-08,0,93.324697,78.3051126983115,176.767030596035,,,35VLJ,S2B_MSIL2A_20231108T095129_R079_T35VLJ_20231108T131948,,,,,,6.400000000000001,36.0,0.3,1700.0,26.0,88.0,19.0,0.4,Korpijoki 2,,Kiuruvesi,,,,,,,,,ok,,-7,,,,,,,,,-5,,,,,,,,,-3,,,,,,,,,-1,,,,,,,,,0,,,,,,,,,1,,,,,,,,,3,2023-11-11,0.0,34.620345,S2B_MSIL2A_20231111T100149_R122_T35VML_20231111T184508,3176.0,2730.0,2546.0,2696.0,5,,,,,,,,,7,,,,,,,,,D:\Water Quality Parameter Estimation\wq_pipeline\artifacts\tolerance_3d\prepared\chips\train\sample_FI_00001157.npz,D:\Water Quality Parameter Estimation\wq_pipeline\artifacts\tolerance_3d\prepared\chips\train\sample_FI_00001157.png,ok,,S2B_MSIL2A_20231111T100149_R122_T35VML_20231111T184508,2023-11-11,3.0,34.620345,80.936512522651,0.0,256,128,0,0,9,"B02,B03,B04,B08"
FI_00001158,18170,18170,2023-11-22,63.728776901271246,26.38240528354664,,21.0,,870.0,23.0,37.5,6.900000000000001,,5.7,,21.0,,6.900000000000001,12.0,0.3,870.0,23.0,37.5,6.900000000000001,0.1,Korpijoki 2,,Kiuruvesi,,,,,,,,,FI_00001180,18170,2024-02-14,63.728776901271246,26.38240528354664,,,,1100.0,17.0,90.0,15.0,S2_FI_00001180,2023-11-21,1,99.401951,81.61755810483,178.71430002931,,,35VLJ,S2B_MSIL2A_20231121T100229_R122_T35VLJ_20231121T130751,,,,,,7.3,10.0,0.0,1100.0,17.0,90.0,15.0,0.1,Korpijoki 2,,Kiuruvesi,,,,,,,,,no_match,,-7,,,,,,,,,-5,,,,,,,,,-3,,,,,,,,,-1,,,,,,,,,0,,,,,,,,,1,,,,,,,,,3,,,,,,,,,5,,,,,,,,,7,,,,,,,,,,,no_match,no_stac_item,,,,,,,256,128,0,0,0,"B02,B03,B04,B08"
FI_00001159,18170,18170,2023-11-22,63.728776901271246,26.38240528354664,,21.0,,870.0,23.0,37.5,6.900000000000001,,5.7,,21.0,,6.900000000000001,12.0,0.3,870.0,23.0,37.5,6.900000000000001,0.1,Korpijoki 2,,Kiuruvesi,,,,,,,,,FI_00001180,18170,2024-02-14,63.728776901271246,26.38240528354664,,,,1100.0,17.0,90.0,15.0,S2_FI_00001180,2023-11-21,1,99.401951,81.61755810483,178.71430002931,,,35VLJ,S2B_MSIL2A_20231121T100229_R122_T35VLJ_20231121T130751,,,,,,7.3,10.0,0.0,1100.0,17.0,90.0,15.0,0.1,Korpijoki 2,,Kiuruvesi,,,,,,,,,no_match,,-7,,,,,,,,,-5,,,,,,,,,-3,,,,,,,,,-1,,,,,,,,,0,,,,,,,,,1,,,,,,,,,3,,,,,,,,,5,,,,,,,,,7,,,,,,,,,,,no_match,no_stac_item,,,,,,,256,128,0,0,0,"B02,B03,B04,B08"
FI_00001160,18170,18170,2023-11-22,63.728776901271246,26.38240528354664,,21.0,,870.0,23.0,37.5,6.900000000000001,,5.7,,21.0,,6.900000000000001,12.0,0.3,870.0,23.0,37.5,6.900000000000001,0.1,Korpijoki 2,,Kiuruvesi,,,,,,,,,FI_00001180,18170,2024-02-14,63.728776901271246,26.38240528354664,,,,1100.0,17.0,90.0,15.0,S2_FI_00001180,2023-11-21,1,99.401951,81.61755810483,178.71430002931,,,35VLJ,S2B_MSIL2A_20231121T100229_R122_T35VLJ_20231121T130751,,,,,,7.3,10.0,0.0,1100.0,17.0,90.0,15.0,0.1,Korpijoki 2,,Kiuruvesi,,,,,,,,,no_match,,-7,,,,,,,,,-5,,,,,,,,,-3,,,,,,,,,-1,,,,,,,,,0,,,,,,,,,1,,,,,,,,,3,,,,,,,,,5,,,,,,,,,7,,,,,,,,,,,no_match,no_stac_item,,,,,,,256,128,0,0,0,"B02,B03,B04,B08"
FI_00001161,18170,18170,2023-11-22,63.728776901271246,26.38240528354664,,21.0,,870.0,23.0,37.5,6.900000000000001,,5.7,,21.0,,6.900000000000001,12.0,0.3,870.0,23.0,37.5,6.900000000000001,0.1,Korpijoki 2,,Kiuruvesi,,,,,,,,,FI_00001180,18170,2024-02-14,63.728776901271246,26.38240528354664,,,,1100.0,17.0,90.0,15.0,S2_FI_00001180,2023-11-21,1,99.401951,81.61755810483,178.71430002931,,,35VLJ,S2B_MSIL2A_20231121T100229_R122_T35VLJ_20231121T130751,,,,,,7.3,10.0,0.0,1100.0,17.0,90.0,15.0,0.1,Korpijoki 2,,Kiuruvesi,,,,,,,,,no_match,,-7,,,,,,,,,-5,,,,,,,,,-3,,,,,,,,,-1,,,,,,,,,0,,,,,,,,,1,,,,,,,,,3,,,,,,,,,5,,,,,,,,,7,,,,,,,,,,,no_match,no_stac_item,,,,,,,256,128,0,0,0,"B02,B03,B04,B08"
FI_00001162,18170,18170,2023-11-22,63.728776901271246,26.38240528354664,,21.0,,870.0,23.0,37.5,6.900000000000001,,5.7,,21.0,,6.900000000000001,12.0,0.3,870.0,23.0,37.5,6.900000000000001,0.1,Korpijoki 2,,Kiuruvesi,,,,,,,,,FI_00001180,18170,2024-02-14,63.728776901271246,26.38240528354664,,,,1100.0,17.0,90.0,15.0,S2_FI_00001180,2023-11-21,1,99.401951,81.61755810483,178.71430002931,,,35VLJ,S2B_MSIL2A_20231121T100229_R122_T35VLJ_20231121T130751,,,,,,7.3,10.0,0.0,1100.0,17.0,90.0,15.0,0.1,Korpijoki 2,,Kiuruvesi,,,,,,,,,no_match,,-7,,,,,,,,,-5,,,,,,,,,-3,,,,,,,,,-1,,,,,,,,,0,,,,,,,,,1,,,,,,,,,3,,,,,,,,,5,,,,,,,,,7,,,,,,,,,,,no_match,no_stac_item,,,,,,,256,128,0,0,0,"B02,B03,B04,B08"
FI_00001163,18170,18170,2023-11-22,63.728776901271246,26.38240528354664,,21.0,,870.0,23.0,37.5,6.900000000000001,,5.7,,21.0,,6.900000000000001,12.0,0.3,870.0,23.0,37.5,6.900000000000001,0.1,Korpijoki 2,,Kiuruvesi,,,,,,,,,FI_00001180,18170,2024-02-14,63.728776901271246,26.38240528354664,,,,1100.0,17.0,90.0,15.0,S2_FI_00001180,2023-11-21,1,99.401951,81.61755810483,178.71430002931,,,35VLJ,S2B_MSIL2A_20231121T100229_R122_T35VLJ_20231121T130751,,,,,,7.3,10.0,0.0,1100.0,17.0,90.0,15.0,0.1,Korpijoki 2,,Kiuruvesi,,,,,,,,,no_match,,-7,,,,,,,,,-5,,,,,,,,,-3,,,,,,,,,-1,,,,,,,,,0,,,,,,,,,1,,,,,,,,,3,,,,,,,,,5,,,,,,,,,7,,,,,,,,,,,no_match,no_stac_item,,,,,,,256,128,0,0,0,"B02,B03,B04,B08"
FI_00001164,18170,18170,2023-12-13,63.728776901271246,26.38240528354664,,,,780.0,16.0,54.0,8.9,,,,,,7.2,10.0,0.0,780.0,16.0,54.0,8.9,0.1,Korpijoki 2,,Kiuruvesi,,,,,,,,,FI_00001053,18170,2023-04-05,63.728776901271246,26.38240528354664,,,,830.0,17.0,67.0,13.0,S2_FI_00001053,2023-12-11,2,96.286607,83.9417986526449,175.058883517211,,,34VEN,S2B_MSIL2A_20231211T100319_R122_T34VEN_20231211T131547,,,,,,7.3,18.0,0.5,830.0,17.0,67.0,13.0,0.1,Korpijoki 2,,Kiuruvesi,,,,,,,,,no_match,,-7,,,,,,,,,-5,,,,,,,,,-3,,,,,,,,,-1,,,,,,,,,0,,,,,,,,,1,,,,,,,,,3,,,,,,,,,5,,,,,,,,,7,,,,,,,,,,,no_match,no_stac_item,,,,,,,256,128,0,0,0,"B02,B03,B04,B08"
FI_00001165,18170,18170,2023-12-13,63.728776901271246,26.38240528354664,,,,780.0,16.0,54.0,8.9,,,,,,7.2,10.0,0.0,780.0,16.0,54.0,8.9,0.1,Korpijoki 2,,Kiuruvesi,,,,,,,,,FI_00001053,18170,2023-04-05,63.728776901271246,26.38240528354664,,,,830.0,17.0,67.0,13.0,S2_FI_00001053,2023-12-11,2,96.286607,83.9417986526449,175.058883517211,,,34VEN,S2B_MSIL2A_20231211T100319_R122_T34VEN_20231211T131547,,,,,,7.3,18.0,0.5,830.0,17.0,67.0,13.0,0.1,Korpijoki 2,,Kiuruvesi,,,,,,,,,no_match,,-7,,,,,,,,,-5,,,,,,,,,-3,,,,,,,,,-1,,,,,,,,,0,,,,,,,,,1,,,,,,,,,3,,,,,,,,,5,,,,,,,,,7,,,,,,,,,,,no_match,no_stac_item,,,,,,,256,128,0,0,0,"B02,B03,B04,B08"
FI_00001166,18170,18170,2023-12-13,63.728776901271246,26.38240528354664,,,,780.0,16.0,54.0,8.9,,,,,,7.2,10.0,0.0,780.0,16.0,54.0,8.9,0.1,Korpijoki 2,,Kiuruvesi,,,,,,,,,FI_00001053,18170,2023-04-05,63.728776901271246,26.38240528354664,,,,830.0,17.0,67.0,13.0,S2_FI_00001053,2023-12-11,2,96.286607,83.9417986526449,175.058883517211,,,34VEN,S2B_MSIL2A_20231211T100319_R122_T34VEN_20231211T131547,,,,,,7.3,18.0,0.5,830.0,17.0,67.0,13.0,0.1,Korpijoki 2,,Kiuruvesi,,,,,,,,,no_match,,-7,,,,,,,,,-5,,,,,,,,,-3,,,,,,,,,-1,,,,,,,,,0,,,,,,,,,1,,,,,,,,,3,,,,,,,,,5,,,,,,,,,7,,,,,,,,,,,no_match,no_stac_item,,,,,,,256,128,0,0,0,"B02,B03,B04,B08"
FI_00001167,18170,18170,2023-12-13,63.728776901271246,26.38240528354664,,,,780.0,16.0,54.0,8.9,,,,,,7.2,10.0,0.0,780.0,16.0,54.0,8.9,0.1,Korpijoki 2,,Kiuruvesi,,,,,,,,,FI_00001053,18170,2023-04-05,63.728776901271246,26.38240528354664,,,,830.0,17.0,67.0,13.0,S2_FI_00001053,2023-12-11,2,96.286607,83.9417986526449,175.058883517211,,,34VEN,S2B_MSIL2A_20231211T100319_R122_T34VEN_20231211T131547,,,,,,7.3,18.0,0.5,830.0,17.0,67.0,13.0,0.1,Korpijoki 2,,Kiuruvesi,,,,,,,,,no_match,,-7,,,,,,,,,-5,,,,,,,,,-3,,,,,,,,,-1,,,,,,,,,0,,,,,,,,,1,,,,,,,,,3,,,,,,,,,5,,,,,,,,,7,,,,,,,,,,,no_match,no_stac_item,,,,,,,256,128,0,0,0,"B02,B03,B04,B08"
FI_00001168,18170,18170,2023-12-13,63.728776901271246,26.38240528354664,,,,780.0,16.0,54.0,8.9,,,,,,7.2,10.0,0.0,780.0,16.0,54.0,8.9,0.1,Korpijoki 2,,Kiuruvesi,,,,,,,,,FI_00001053,18170,2023-04-05,63.728776901271246,26.38240528354664,,,,830.0,17.0,67.0,13.0,S2_FI_00001053,2023-12-11,2,96.286607,83.9417986526449,175.058883517211,,,34VEN,S2B_MSIL2A_20231211T100319_R122_T34VEN_20231211T131547,,,,,,7.3,18.0,0.5,830.0,17.0,67.0,13.0,0.1,Korpijoki 2,,Kiuruvesi,,,,,,,,,no_match,,-7,,,,,,,,,-5,,,,,,,,,-3,,,,,,,,,-1,,,,,,,,,0,,,,,,,,,1,,,,,,,,,3,,,,,,,,,5,,,,,,,,,7,,,,,,,,,,,no_match,no_stac_item,,,,,,,256,128,0,0,0,"B02,B03,B04,B08"
FI_00001169,18170,18170,2023-12-13,63.728776901271246,26.38240528354664,,,,780.0,16.0,54.0,8.9,,,,,,7.2,10.0,0.0,780.0,16.0,54.0,8.9,0.1,Korpijoki 2,,Kiuruvesi,,,,,,,,,FI_00001053,18170,2023-04-05,63.728776901271246,26.38240528354664,,,,830.0,17.0,67.0,13.0,S2_FI_00001053,2023-12-11,2,96.286607,83.9417986526449,175.058883517211,,,34VEN,S2B_MSIL2A_20231211T100319_R122_T34VEN_20231211T131547,,,,,,7.3,18.0,0.5,830.0,17.0,67.0,13.0,0.1,Korpijoki 2,,Kiuruvesi,,,,,,,,,no_match,,-7,,,,,,,,,-5,,,,,,,,,-3,,,,,,,,,-1,,,,,,,,,0,,,,,,,,,1,,,,,,,,,3,,,,,,,,,5,,,,,,,,,7,,,,,,,,,,,no_match,no_stac_item,,,,,,,256,128,0,0,0,"B02,B03,B04,B08"
FI_00001176,18170,18170,2024-02-14,63.728776901271246,26.38240528354664,,,,1100.0,17.0,90.0,15.0,,,,,,7.3,10.0,0.0,1100.0,17.0,90.0,15.0,0.1,Korpijoki 2,,Kiuruvesi,,,,,,,,,FI_00001183,18170,2024-03-11,63.728776901271246,26.38240528354664,,15.0,,940.0,18.0,49.0,15.0,S2_FI_00001183,2024-02-14,0,99.895048,75.1302312263122,171.491724087838,,,35VLJ,S2A_MSIL2A_20240214T100121_R122_T35VLJ_20240214T135103,,8.9,,15.0,,7.3,18.0,0.0,940.0,18.0,49.0,15.0,0.1,Korpijoki 2,,Kiuruvesi,,,,,,,,,ok,,-7,2024-02-06,1.0,2.546493,S2B_MSIL2A_20240206T095109_R079_T35VML_20240206T123856,3354.0,2658.0,2152.0,2398.0,-5,2024-02-09,0.0,1.573491,S2B_MSIL2A_20240209T100059_R122_T35VML_20240209T131724,3548.0,2968.0,2554.0,2852.0,-3,2024-02-11,0.0,1.22557,S2A_MSIL2A_20240211T095131_R079_T35VML_20240211T121812,3298.0,2702.0,2346.0,2594.0,-1,2024-02-13,0.0,2.968079,S2B_MSIL2A_20240213T094029_R036_T35VML_20240213T121531,3188.0,2522.0,2180.0,2532.0,0,2024-02-13,1.0,2.968079,S2B_MSIL2A_20240213T094029_R036_T35VML_20240213T121531,3188.0,2522.0,2180.0,2532.0,1,,,,,,,,,3,2024-02-18,1.0,2.064006,S2A_MSIL2A_20240218T094041_R036_T35VML_20240218T141414,2676.0,2168.0,1780.0,2334.0,5,2024-02-18,1.0,2.064006,S2A_MSIL2A_20240218T094041_R036_T35VML_20240218T141414,2676.0,2168.0,1780.0,2334.0,7,,,,,,,,,,,rejected,nodata_reject,S2B_MSIL2A_20240213T094029_R036_T35VML_20240213T121531,2024-02-13,1.0,2.968079,77.526763292578,1.0,256,128,0,0,9,"B02,B03,B04,B08"
FI_00001177,18170,18170,2024-02-14,63.728776901271246,26.38240528354664,,,,1100.0,17.0,90.0,15.0,,,,,,7.3,10.0,0.0,1100.0,17.0,90.0,15.0,0.1,Korpijoki 2,,Kiuruvesi,,,,,,,,,FI_00001183,18170,2024-03-11,63.728776901271246,26.38240528354664,,15.0,,940.0,18.0,49.0,15.0,S2_FI_00001183,2024-02-14,0,99.895048,75.1302312263122,171.491724087838,,,35VLJ,S2A_MSIL2A_20240214T100121_R122_T35VLJ_20240214T135103,,8.9,,15.0,,7.3,18.0,0.0,940.0,18.0,49.0,15.0,0.1,Korpijoki 2,,Kiuruvesi,,,,,,,,,ok,,-7,2024-02-06,1.0,2.546493,S2B_MSIL2A_20240206T095109_R079_T35VML_20240206T123856,3354.0,2658.0,2152.0,2398.0,-5,2024-02-09,0.0,1.573491,S2B_MSIL2A_20240209T100059_R122_T35VML_20240209T131724,3548.0,2968.0,2554.0,2852.0,-3,2024-02-11,0.0,1.22557,S2A_MSIL2A_20240211T095131_R079_T35VML_20240211T121812,3298.0,2702.0,2346.0,2594.0,-1,2024-02-13,0.0,2.968079,S2B_MSIL2A_20240213T094029_R036_T35VML_20240213T121531,3188.0,2522.0,2180.0,2532.0,0,2024-02-13,1.0,2.968079,S2B_MSIL2A_20240213T094029_R036_T35VML_20240213T121531,3188.0,2522.0,2180.0,2532.0,1,,,,,,,,,3,2024-02-18,1.0,2.064006,S2A_MSIL2A_20240218T094041_R036_T35VML_20240218T141414,2676.0,2168.0,1780.0,2334.0,5,2024-02-18,1.0,2.064006,S2A_MSIL2A_20240218T094041_R036_T35VML_20240218T141414,2676.0,2168.0,1780.0,2334.0,7,,,,,,,,,,,rejected,nodata_reject,S2B_MSIL2A_20240213T094029_R036_T35VML_20240213T121531,2024-02-13,1.0,2.968079,77.526763292578,1.0,256,128,0,0,9,"B02,B03,B04,B08"
FI_00001178,18170,18170,2024-02-14,63.728776901271246,26.38240528354664,,,,1100.0,17.0,90.0,15.0,,,,,,7.3,10.0,0.0,1100.0,17.0,90.0,15.0,0.1,Korpijoki 2,,Kiuruvesi,,,,,,,,,FI_00001183,18170,2024-03-11,63.728776901271246,26.38240528354664,,15.0,,940.0,18.0,49.0,15.0,S2_FI_00001183,2024-02-14,0,99.895048,75.1302312263122,171.491724087838,,,35VLJ,S2A_MSIL2A_20240214T100121_R122_T35VLJ_20240214T135103,,8.9,,15.0,,7.3,18.0,0.0,940.0,18.0,49.0,15.0,0.1,Korpijoki 2,,Kiuruvesi,,,,,,,,,ok,,-7,2024-02-06,1.0,2.546493,S2B_MSIL2A_20240206T095109_R079_T35VML_20240206T123856,3354.0,2658.0,2152.0,2398.0,-5,2024-02-09,0.0,1.573491,S2B_MSIL2A_20240209T100059_R122_T35VML_20240209T131724,3548.0,2968.0,2554.0,2852.0,-3,2024-02-11,0.0,1.22557,S2A_MSIL2A_20240211T095131_R079_T35VML_20240211T121812,3298.0,2702.0,2346.0,2594.0,-1,2024-02-13,0.0,2.968079,S2B_MSIL2A_20240213T094029_R036_T35VML_20240213T121531,3188.0,2522.0,2180.0,2532.0,0,2024-02-13,1.0,2.968079,S2B_MSIL2A_20240213T094029_R036_T35VML_20240213T121531,3188.0,2522.0,2180.0,2532.0,1,,,,,,,,,3,2024-02-18,1.0,2.064006,S2A_MSIL2A_20240218T094041_R036_T35VML_20240218T141414,2676.0,2168.0,1780.0,2334.0,5,2024-02-18,1.0,2.064006,S2A_MSIL2A_20240218T094041_R036_T35VML_20240218T141414,2676.0,2168.0,1780.0,2334.0,7,,,,,,,,,,,rejected,nodata_reject,S2B_MSIL2A_20240213T094029_R036_T35VML_20240213T121531,2024-02-13,1.0,2.968079,77.526763292578,1.0,256,128,0,0,9,"B02,B03,B04,B08"
FI_00001179,18170,18170,2024-02-14,63.728776901271246,26.38240528354664,,,,1100.0,17.0,90.0,15.0,,,,,,7.3,10.0,0.0,1100.0,17.0,90.0,15.0,0.1,Korpijoki 2,,Kiuruvesi,,,,,,,,,FI_00001183,18170,2024-03-11,63.728776901271246,26.38240528354664,,15.0,,940.0,18.0,49.0,15.0,S2_FI_00001183,2024-02-14,0,99.895048,75.1302312263122,171.491724087838,,,35VLJ,S2A_MSIL2A_20240214T100121_R122_T35VLJ_20240214T135103,,8.9,,15.0,,7.3,18.0,0.0,940.0,18.0,49.0,15.0,0.1,Korpijoki 2,,Kiuruvesi,,,,,,,,,ok,,-7,2024-02-06,1.0,2.546493,S2B_MSIL2A_20240206T095109_R079_T35VML_20240206T123856,3354.0,2658.0,2152.0,2398.0,-5,2024-02-09,0.0,1.573491,S2B_MSIL2A_20240209T100059_R122_T35VML_20240209T131724,3548.0,2968.0,2554.0,2852.0,-3,2024-02-11,0.0,1.22557,S2A_MSIL2A_20240211T095131_R079_T35VML_20240211T121812,3298.0,2702.0,2346.0,2594.0,-1,2024-02-13,0.0,2.968079,S2B_MSIL2A_20240213T094029_R036_T35VML_20240213T121531,3188.0,2522.0,2180.0,2532.0,0,2024-02-13,1.0,2.968079,S2B_MSIL2A_20240213T094029_R036_T35VML_20240213T121531,3188.0,2522.0,2180.0,2532.0,1,,,,,,,,,3,2024-02-18,1.0,2.064006,S2A_MSIL2A_20240218T094041_R036_T35VML_20240218T141414,2676.0,2168.0,1780.0,2334.0,5,2024-02-18,1.0,2.064006,S2A_MSIL2A_20240218T094041_R036_T35VML_20240218T141414,2676.0,2168.0,1780.0,2334.0,7,,,,,,,,,,,rejected,nodata_reject,S2B_MSIL2A_20240213T094029_R036_T35VML_20240213T121531,2024-02-13,1.0,2.968079,77.526763292578,1.0,256,128,0,0,9,"B02,B03,B04,B08"
FI_00001180,18170,18170,2024-02-14,63.728776901271246,26.38240528354664,,,,1100.0,17.0,90.0,15.0,,,,,,7.3,10.0,0.0,1100.0,17.0,90.0,15.0,0.1,Korpijoki 2,,Kiuruvesi,,,,,,,,,FI_00001183,18170,2024-03-11,63.728776901271246,26.38240528354664,,15.0,,940.0,18.0,49.0,15.0,S2_FI_00001183,2024-02-14,0,99.895048,75.1302312263122,171.491724087838,,,35VLJ,S2A_MSIL2A_20240214T100121_R122_T35VLJ_20240214T135103,,8.9,,15.0,,7.3,18.0,0.0,940.0,18.0,49.0,15.0,0.1,Korpijoki 2,,Kiuruvesi,,,,,,,,,ok,,-7,2024-02-06,1.0,2.546493,S2B_MSIL2A_20240206T095109_R079_T35VML_20240206T123856,3354.0,2658.0,2152.0,2398.0,-5,2024-02-09,0.0,1.573491,S2B_MSIL2A_20240209T100059_R122_T35VML_20240209T131724,3548.0,2968.0,2554.0,2852.0,-3,2024-02-11,0.0,1.22557,S2A_MSIL2A_20240211T095131_R079_T35VML_20240211T121812,3298.0,2702.0,2346.0,2594.0,-1,2024-02-13,0.0,2.968079,S2B_MSIL2A_20240213T094029_R036_T35VML_20240213T121531,3188.0,2522.0,2180.0,2532.0,0,2024-02-13,1.0,2.968079,S2B_MSIL2A_20240213T094029_R036_T35VML_20240213T121531,3188.0,2522.0,2180.0,2532.0,1,,,,,,,,,3,2024-02-18,1.0,2.064006,S2A_MSIL2A_20240218T094041_R036_T35VML_20240218T141414,2676.0,2168.0,1780.0,2334.0,5,2024-02-18,1.0,2.064006,S2A_MSIL2A_20240218T094041_R036_T35VML_20240218T141414,2676.0,2168.0,1780.0,2334.0,7,,,,,,,,,,,rejected,nodata_reject,S2B_MSIL2A_20240213T094029_R036_T35VML_20240213T121531,2024-02-13,1.0,2.968079,77.526763292578,1.0,256,128,0,0,9,"B02,B03,B04,B08"
FI_00001181,18170,18170,2024-02-14,63.728776901271246,26.38240528354664,,,,1100.0,17.0,90.0,15.0,,,,,,7.3,10.0,0.0,1100.0,17.0,90.0,15.0,0.1,Korpijoki 2,,Kiuruvesi,,,,,,,,,FI_00001183,18170,2024-03-11,63.728776901271246,26.38240528354664,,15.0,,940.0,18.0,49.0,15.0,S2_FI_00001183,2024-02-14,0,99.895048,75.1302312263122,171.491724087838,,,35VLJ,S2A_MSIL2A_20240214T100121_R122_T35VLJ_20240214T135103,,8.9,,15.0,,7.3,18.0,0.0,940.0,18.0,49.0,15.0,0.1,Korpijoki 2,,Kiuruvesi,,,,,,,,,ok,,-7,2024-02-06,1.0,2.546493,S2B_MSIL2A_20240206T095109_R079_T35VML_20240206T123856,3354.0,2658.0,2152.0,2398.0,-5,2024-02-09,0.0,1.573491,S2B_MSIL2A_20240209T100059_R122_T35VML_20240209T131724,3548.0,2968.0,2554.0,2852.0,-3,2024-02-11,0.0,1.22557,S2A_MSIL2A_20240211T095131_R079_T35VML_20240211T121812,3298.0,2702.0,2346.0,2594.0,-1,2024-02-13,0.0,2.968079,S2B_MSIL2A_20240213T094029_R036_T35VML_20240213T121531,3188.0,2522.0,2180.0,2532.0,0,2024-02-13,1.0,2.968079,S2B_MSIL2A_20240213T094029_R036_T35VML_20240213T121531,3188.0,2522.0,2180.0,2532.0,1,,,,,,,,,3,2024-02-18,1.0,2.064006,S2A_MSIL2A_20240218T094041_R036_T35VML_20240218T141414,2676.0,2168.0,1780.0,2334.0,5,2024-02-18,1.0,2.064006,S2A_MSIL2A_20240218T094041_R036_T35VML_20240218T141414,2676.0,2168.0,1780.0,2334.0,7,,,,,,,,,,,rejected,nodata_reject,S2B_MSIL2A_20240213T094029_R036_T35VML_20240213T121531,2024-02-13,1.0,2.968079,77.526763292578,1.0,256,128,0,0,9,"B02,B03,B04,B08"
FI_00001182,18170,18170,2024-03-11,63.728776901271246,26.38240528354664,,15.0,,940.0,18.0,49.0,15.0,,8.9,,15.0,,7.3,18.0,0.0,940.0,18.0,49.0,15.0,0.1,Korpijoki 2,,Kiuruvesi,,,,,,,,,FI_00001058,18170,2023-04-12,63.728776901271246,26.38240528354664,,,,1500.0,19.0,81.0,14.0,S2_FI_00001058,2024-03-10,1,49.262103,65.1025983039016,169.416914025007,,,34VEN,S2B_MSIL2A_20240310T095729_R122_T34VEN_20240310T142815,,,,,,7.2,16.0,0.2,1500.0,19.0,81.0,14.0,0.2,Korpijoki 2,,Kiuruvesi,,,,,,,,,ok,,-7,2024-03-05,1.0,9.825655,S2A_MSIL2A_20240305T100031_R122_T35VML_20240305T140838,1338.0,1276.0,1248.0,1836.0,-5,2024-03-05,1.0,9.825655,S2A_MSIL2A_20240305T100031_R122_T35VML_20240305T140838,1338.0,1276.0,1248.0,1836.0,-3,,,,,,,,,-1,,,,,,,,,0,2024-03-12,1.0,0.757496,S2A_MSIL2A_20240312T095031_R079_T35VML_20240313T155112,1568.0,1539.0,1385.0,2038.0,1,2024-03-12,0.0,0.757496,S2A_MSIL2A_20240312T095031_R079_T35VML_20240313T155112,1568.0,1539.0,1385.0,2038.0,3,2024-03-15,1.0,22.412665,S2A_MSIL2A_20240315T100031_R122_T35VML_20240315T134112,1237.0,1372.0,1265.0,1820.0,5,2024-03-15,1.0,22.412665,S2A_MSIL2A_20240315T100031_R122_T35VML_20240315T134112,1237.0,1372.0,1265.0,1820.0,7,2024-03-19,1.0,7.99271,S2A_MSIL2A_20240319T094031_R036_T35VML_20240319T141938,922.0,1083.0,1131.0,2138.0,D:\Water Quality Parameter Estimation\wq_pipeline\artifacts\tolerance_3d\prepared\chips\train\sample_FI_00001182.npz,D:\Water Quality Parameter Estimation\wq_pipeline\artifacts\tolerance_3d\prepared\chips\train\sample_FI_00001182.png,ok,,S2A_MSIL2A_20240312T095031_R079_T35VML_20240313T155112,2024-03-12,1.0,0.757496,66.8568301258194,1.9073486328125e-05,256,128,0,0,9,"B02,B03,B04,B08"
FI_00001183,18170,18170,2024-03-11,63.728776901271246,26.38240528354664,,15.0,,940.0,18.0,49.0,15.0,,8.9,,15.0,,7.3,18.0,0.0,940.0,18.0,49.0,15.0,0.1,Korpijoki 2,,Kiuruvesi,,,,,,,,,FI_00001058,18170,2023-04-12,63.728776901271246,26.38240528354664,,,,1500.0,19.0,81.0,14.0,S2_FI_00001058,2024-03-10,1,49.262103,65.1025983039016,169.416914025007,,,34VEN,S2B_MSIL2A_20240310T095729_R122_T34VEN_20240310T142815,,,,,,7.2,16.0,0.2,1500.0,19.0,81.0,14.0,0.2,Korpijoki 2,,Kiuruvesi,,,,,,,,,ok,,-7,2024-03-05,1.0,9.825655,S2A_MSIL2A_20240305T100031_R122_T35VML_20240305T140838,1338.0,1276.0,1248.0,1836.0,-5,2024-03-05,1.0,9.825655,S2A_MSIL2A_20240305T100031_R122_T35VML_20240305T140838,1338.0,1276.0,1248.0,1836.0,-3,,,,,,,,,-1,,,,,,,,,0,2024-03-12,1.0,0.757496,S2A_MSIL2A_20240312T095031_R079_T35VML_20240313T155112,1568.0,1539.0,1385.0,2038.0,1,2024-03-12,0.0,0.757496,S2A_MSIL2A_20240312T095031_R079_T35VML_20240313T155112,1568.0,1539.0,1385.0,2038.0,3,2024-03-15,1.0,22.412665,S2A_MSIL2A_20240315T100031_R122_T35VML_20240315T134112,1237.0,1372.0,1265.0,1820.0,5,2024-03-15,1.0,22.412665,S2A_MSIL2A_20240315T100031_R122_T35VML_20240315T134112,1237.0,1372.0,1265.0,1820.0,7,2024-03-19,1.0,7.99271,S2A_MSIL2A_20240319T094031_R036_T35VML_20240319T141938,922.0,1083.0,1131.0,2138.0,D:\Water Quality Parameter Estimation\wq_pipeline\artifacts\tolerance_3d\prepared\chips\train\sample_FI_00001183.npz,D:\Water Quality Parameter Estimation\wq_pipeline\artifacts\tolerance_3d\prepared\chips\train\sample_FI_00001183.png,ok,,S2A_MSIL2A_20240312T095031_R079_T35VML_20240313T155112,2024-03-12,1.0,0.757496,66.8568301258194,1.9073486328125e-05,256,128,0,0,9,"B02,B03,B04,B08"
FI_00001184,18170,18170,2024-03-11,63.728776901271246,26.38240528354664,,15.0,,940.0,18.0,49.0,15.0,,8.9,,15.0,,7.3,18.0,0.0,940.0,18.0,49.0,15.0,0.1,Korpijoki 2,,Kiuruvesi,,,,,,,,,FI_00001058,18170,2023-04-12,63.728776901271246,26.38240528354664,,,,1500.0,19.0,81.0,14.0,S2_FI_00001058,2024-03-10,1,49.262103,65.1025983039016,169.416914025007,,,34VEN,S2B_MSIL2A_20240310T095729_R122_T34VEN_20240310T142815,,,,,,7.2,16.0,0.2,1500.0,19.0,81.0,14.0,0.2,Korpijoki 2,,Kiuruvesi,,,,,,,,,ok,,-7,2024-03-05,1.0,9.825655,S2A_MSIL2A_20240305T100031_R122_T35VML_20240305T140838,1338.0,1276.0,1248.0,1836.0,-5,2024-03-05,1.0,9.825655,S2A_MSIL2A_20240305T100031_R122_T35VML_20240305T140838,1338.0,1276.0,1248.0,1836.0,-3,,,,,,,,,-1,,,,,,,,,0,2024-03-12,1.0,0.757496,S2A_MSIL2A_20240312T095031_R079_T35VML_20240313T155112,1568.0,1539.0,1385.0,2038.0,1,2024-03-12,0.0,0.757496,S2A_MSIL2A_20240312T095031_R079_T35VML_20240313T155112,1568.0,1539.0,1385.0,2038.0,3,2024-03-15,1.0,22.412665,S2A_MSIL2A_20240315T100031_R122_T35VML_20240315T134112,1237.0,1372.0,1265.0,1820.0,5,2024-03-15,1.0,22.412665,S2A_MSIL2A_20240315T100031_R122_T35VML_20240315T134112,1237.0,1372.0,1265.0,1820.0,7,2024-03-19,1.0,7.99271,S2A_MSIL2A_20240319T094031_R036_T35VML_20240319T141938,922.0,1083.0,1131.0,2138.0,D:\Water Quality Parameter Estimation\wq_pipeline\artifacts\tolerance_3d\prepared\chips\train\sample_FI_00001184.npz,D:\Water Quality Parameter Estimation\wq_pipeline\artifacts\tolerance_3d\prepared\chips\train\sample_FI_00001184.png,ok,,S2A_MSIL2A_20240312T095031_R079_T35VML_20240313T155112,2024-03-12,1.0,0.757496,66.8568301258194,1.9073486328125e-05,256,128,0,0,9,"B02,B03,B04,B08"
FI_00001185,18170,18170,2024-03-11,63.728776901271246,26.38240528354664,,15.0,,940.0,18.0,49.0,15.0,,8.9,,15.0,,7.3,18.0,0.0,940.0,18.0,49.0,15.0,0.1,Korpijoki 2,,Kiuruvesi,,,,,,,,,FI_00001058,18170,2023-04-12,63.728776901271246,26.38240528354664,,,,1500.0,19.0,81.0,14.0,S2_FI_00001058,2024-03-10,1,49.262103,65.1025983039016,169.416914025007,,,34VEN,S2B_MSIL2A_20240310T095729_R122_T34VEN_20240310T142815,,,,,,7.2,16.0,0.2,1500.0,19.0,81.0,14.0,0.2,Korpijoki 2,,Kiuruvesi,,,,,,,,,ok,,-7,2024-03-05,1.0,9.825655,S2A_MSIL2A_20240305T100031_R122_T35VML_20240305T140838,1338.0,1276.0,1248.0,1836.0,-5,2024-03-05,1.0,9.825655,S2A_MSIL2A_20240305T100031_R122_T35VML_20240305T140838,1338.0,1276.0,1248.0,1836.0,-3,,,,,,,,,-1,,,,,,,,,0,2024-03-12,1.0,0.757496,S2A_MSIL2A_20240312T095031_R079_T35VML_20240313T155112,1568.0,1539.0,1385.0,2038.0,1,2024-03-12,0.0,0.757496,S2A_MSIL2A_20240312T095031_R079_T35VML_20240313T155112,1568.0,1539.0,1385.0,2038.0,3,2024-03-15,1.0,22.412665,S2A_MSIL2A_20240315T100031_R122_T35VML_20240315T134112,1237.0,1372.0,1265.0,1820.0,5,2024-03-15,1.0,22.412665,S2A_MSIL2A_20240315T100031_R122_T35VML_20240315T134112,1237.0,1372.0,1265.0,1820.0,7,2024-03-19,1.0,7.99271,S2A_MSIL2A_20240319T094031_R036_T35VML_20240319T141938,922.0,1083.0,1131.0,2138.0,D:\Water Quality Parameter Estimation\wq_pipeline\artifacts\tolerance_3d\prepared\chips\train\sample_FI_00001185.npz,D:\Water Quality Parameter Estimation\wq_pipeline\artifacts\tolerance_3d\prepared\chips\train\sample_FI_00001185.png,ok,,S2A_MSIL2A_20240312T095031_R079_T35VML_20240313T155112,2024-03-12,1.0,0.757496,66.8568301258194,1.9073486328125e-05,256,128,0,0,9,"B02,B03,B04,B08"
FI_00001186,18170,18170,2024-03-11,63.728776901271246,26.38240528354664,,15.0,,940.0,18.0,49.0,15.0,,8.9,,15.0,,7.3,18.0,0.0,940.0,18.0,49.0,15.0,0.1,Korpijoki 2,,Kiuruvesi,,,,,,,,,FI_00001058,18170,2023-04-12,63.728776901271246,26.38240528354664,,,,1500.0,19.0,81.0,14.0,S2_FI_00001058,2024-03-10,1,49.262103,65.1025983039016,169.416914025007,,,34VEN,S2B_MSIL2A_20240310T095729_R122_T34VEN_20240310T142815,,,,,,7.2,16.0,0.2,1500.0,19.0,81.0,14.0,0.2,Korpijoki 2,,Kiuruvesi,,,,,,,,,ok,,-7,2024-03-05,1.0,9.825655,S2A_MSIL2A_20240305T100031_R122_T35VML_20240305T140838,1338.0,1276.0,1248.0,1836.0,-5,2024-03-05,1.0,9.825655,S2A_MSIL2A_20240305T100031_R122_T35VML_20240305T140838,1338.0,1276.0,1248.0,1836.0,-3,,,,,,,,,-1,,,,,,,,,0,2024-03-12,1.0,0.757496,S2A_MSIL2A_20240312T095031_R079_T35VML_20240313T155112,1568.0,1539.0,1385.0,2038.0,1,2024-03-12,0.0,0.757496,S2A_MSIL2A_20240312T095031_R079_T35VML_20240313T155112,1568.0,1539.0,1385.0,2038.0,3,2024-03-15,1.0,22.412665,S2A_MSIL2A_20240315T100031_R122_T35VML_20240315T134112,1237.0,1372.0,1265.0,1820.0,5,2024-03-15,1.0,22.412665,S2A_MSIL2A_20240315T100031_R122_T35VML_20240315T134112,1237.0,1372.0,1265.0,1820.0,7,2024-03-19,1.0,7.99271,S2A_MSIL2A_20240319T094031_R036_T35VML_20240319T141938,922.0,1083.0,1131.0,2138.0,D:\Water Quality Parameter Estimation\wq_pipeline\artifacts\tolerance_3d\prepared\chips\train\sample_FI_00001186.npz,D:\Water Quality Parameter Estimation\wq_pipeline\artifacts\tolerance_3d\prepared\chips\train\sample_FI_00001186.png,ok,,S2A_MSIL2A_20240312T095031_R079_T35VML_20240313T155112,2024-03-12,1.0,0.757496,66.8568301258194,1.9073486328125e-05,256,128,0,0,9,"B02,B03,B04,B08"
FI_00001187,18170,18170,2024-03-11,63.728776901271246,26.38240528354664,,15.0,,940.0,18.0,49.0,15.0,,8.9,,15.0,,7.3,18.0,0.0,940.0,18.0,49.0,15.0,0.1,Korpijoki 2,,Kiuruvesi,,,,,,,,,FI_00001058,18170,2023-04-12,63.728776901271246,26.38240528354664,,,,1500.0,19.0,81.0,14.0,S2_FI_00001058,2024-03-10,1,49.262103,65.1025983039016,169.416914025007,,,34VEN,S2B_MSIL2A_20240310T095729_R122_T34VEN_20240310T142815,,,,,,7.2,16.0,0.2,1500.0,19.0,81.0,14.0,0.2,Korpijoki 2,,Kiuruvesi,,,,,,,,,ok,,-7,2024-03-05,1.0,9.825655,S2A_MSIL2A_20240305T100031_R122_T35VML_20240305T140838,1338.0,1276.0,1248.0,1836.0,-5,2024-03-05,1.0,9.825655,S2A_MSIL2A_20240305T100031_R122_T35VML_20240305T140838,1338.0,1276.0,1248.0,1836.0,-3,,,,,,,,,-1,,,,,,,,,0,2024-03-12,1.0,0.757496,S2A_MSIL2A_20240312T095031_R079_T35VML_20240313T155112,1568.0,1539.0,1385.0,2038.0,1,2024-03-12,0.0,0.757496,S2A_MSIL2A_20240312T095031_R079_T35VML_20240313T155112,1568.0,1539.0,1385.0,2038.0,3,2024-03-15,1.0,22.412665,S2A_MSIL2A_20240315T100031_R122_T35VML_20240315T134112,1237.0,1372.0,1265.0,1820.0,5,2024-03-15,1.0,22.412665,S2A_MSIL2A_20240315T100031_R122_T35VML_20240315T134112,1237.0,1372.0,1265.0,1820.0,7,2024-03-19,1.0,7.99271,S2A_MSIL2A_20240319T094031_R036_T35VML_20240319T141938,922.0,1083.0,1131.0,2138.0,D:\Water Quality Parameter Estimation\wq_pipeline\artifacts\tolerance_3d\prepared\chips\train\sample_FI_00001187.npz,D:\Water Quality Parameter Estimation\wq_pipeline\artifacts\tolerance_3d\prepared\chips\train\sample_FI_00001187.png,ok,,S2A_MSIL2A_20240312T095031_R079_T35VML_20240313T155112,2024-03-12,1.0,0.757496,66.8568301258194,1.9073486328125e-05,256,128,0,0,9,"B02,B03,B04,B08"
FI_00001188,18170,18170,2024-04-02,63.728776901271246,26.38240528354664,,,,3000.0,20.0,100.0,22.0,,,,,,6.8,20.0,0.0,3000.0,20.0,100.0,22.0,0.1,Korpijoki 2,,Kiuruvesi,,,,,,,,,FI_00001061,18170,2023-04-12,63.728776901271246,26.38240528354664,,,,1500.0,19.0,81.0,14.0,S2_FI_00001061,2024-04-04,2,10.975799,55.1924173491004,170.5592239834,,,34VEN,S2A_MSIL2A_20240404T100021_R122_T34VEN_20240404T152622,,,,,,7.2,16.0,0.2,1500.0,19.0,81.0,14.0,0.2,Korpijoki 2,,Kiuruvesi,,,,,,,,,ok,,-7,,,,,,,,,-5,,,,,,,,,-3,,,,,,,,,-1,,,,,,,,,0,,,,,,,,,1,2024-04-04,1.0,4.591338,S2A_MSIL2A_20240404T100021_R122_T35VML_20240404T152624,945.0,1074.0,1163.0,1960.0,3,2024-04-04,1.0,4.591338,S2A_MSIL2A_20240404T100021_R122_T35VML_20240404T152624,945.0,1074.0,1163.0,1960.0,5,,,,,,,,,7,2024-04-09,0.0,39.579254,S2B_MSIL2A_20240409T095549_R122_T35VML_20240411T002152,978.0,1100.0,1253.0,2022.0,D:\Water Quality Parameter Estimation\wq_pipeline\artifacts\tolerance_3d\prepared\chips\train\sample_FI_00001188.npz,D:\Water Quality Parameter Estimation\wq_pipeline\artifacts\tolerance_3d\prepared\chips\train\sample_FI_00001188.png,ok,,S2A_MSIL2A_20240404T100021_R122_T35VML_20240404T152624,2024-04-04,2.0,4.591338,57.6447352152704,7.62939453125e-06,256,128,0,0,9,"B02,B03,B04,B08"
FI_00001189,18170,18170,2024-04-02,63.728776901271246,26.38240528354664,,,,3000.0,20.0,100.0,22.0,,,,,,6.8,20.0,0.0,3000.0,20.0,100.0,22.0,0.1,Korpijoki 2,,Kiuruvesi,,,,,,,,,FI_00001061,18170,2023-04-12,63.728776901271246,26.38240528354664,,,,1500.0,19.0,81.0,14.0,S2_FI_00001061,2024-04-04,2,10.975799,55.1924173491004,170.5592239834,,,34VEN,S2A_MSIL2A_20240404T100021_R122_T34VEN_20240404T152622,,,,,,7.2,16.0,0.2,1500.0,19.0,81.0,14.0,0.2,Korpijoki 2,,Kiuruvesi,,,,,,,,,ok,,-7,,,,,,,,,-5,,,,,,,,,-3,,,,,,,,,-1,,,,,,,,,0,,,,,,,,,1,2024-04-04,1.0,4.591338,S2A_MSIL2A_20240404T100021_R122_T35VML_20240404T152624,945.0,1074.0,1163.0,1960.0,3,2024-04-04,1.0,4.591338,S2A_MSIL2A_20240404T100021_R122_T35VML_20240404T152624,945.0,1074.0,1163.0,1960.0,5,,,,,,,,,7,2024-04-09,0.0,39.579254,S2B_MSIL2A_20240409T095549_R122_T35VML_20240411T002152,978.0,1100.0,1253.0,2022.0,D:\Water Quality Parameter Estimation\wq_pipeline\artifacts\tolerance_3d\prepared\chips\train\sample_FI_00001189.npz,D:\Water Quality Parameter Estimation\wq_pipeline\artifacts\tolerance_3d\prepared\chips\train\sample_FI_00001189.png,ok,,S2A_MSIL2A_20240404T100021_R122_T35VML_20240404T152624,2024-04-04,2.0,4.591338,57.6447352152704,7.62939453125e-06,256,128,0,0,9,"B02,B03,B04,B08"
FI_00001190,18170,18170,2024-04-02,63.728776901271246,26.38240528354664,,,,3000.0,20.0,100.0,22.0,,,,,,6.8,20.0,0.0,3000.0,20.0,100.0,22.0,0.1,Korpijoki 2,,Kiuruvesi,,,,,,,,,FI_00001061,18170,2023-04-12,63.728776901271246,26.38240528354664,,,,1500.0,19.0,81.0,14.0,S2_FI_00001061,2024-04-04,2,10.975799,55.1924173491004,170.5592239834,,,34VEN,S2A_MSIL2A_20240404T100021_R122_T34VEN_20240404T152622,,,,,,7.2,16.0,0.2,1500.0,19.0,81.0,14.0,0.2,Korpijoki 2,,Kiuruvesi,,,,,,,,,ok,,-7,,,,,,,,,-5,,,,,,,,,-3,,,,,,,,,-1,,,,,,,,,0,,,,,,,,,1,2024-04-04,1.0,4.591338,S2A_MSIL2A_20240404T100021_R122_T35VML_20240404T152624,945.0,1074.0,1163.0,1960.0,3,2024-04-04,1.0,4.591338,S2A_MSIL2A_20240404T100021_R122_T35VML_20240404T152624,945.0,1074.0,1163.0,1960.0,5,,,,,,,,,7,2024-04-09,0.0,39.579254,S2B_MSIL2A_20240409T095549_R122_T35VML_20240411T002152,978.0,1100.0,1253.0,2022.0,D:\Water Quality Parameter Estimation\wq_pipeline\artifacts\tolerance_3d\prepared\chips\train\sample_FI_00001190.npz,D:\Water Quality Parameter Estimation\wq_pipeline\artifacts\tolerance_3d\prepared\chips\train\sample_FI_00001190.png,ok,,S2A_MSIL2A_20240404T100021_R122_T35VML_20240404T152624,2024-04-04,2.0,4.591338,57.6447352152704,7.62939453125e-06,256,128,0,0,9,"B02,B03,B04,B08"
FI_00001191,18170,18170,2024-04-02,63.728776901271246,26.38240528354664,,,,3000.0,20.0,100.0,22.0,,,,,,6.8,20.0,0.0,3000.0,20.0,100.0,22.0,0.1,Korpijoki 2,,Kiuruvesi,,,,,,,,,FI_00001061,18170,2023-04-12,63.728776901271246,26.38240528354664,,,,1500.0,19.0,81.0,14.0,S2_FI_00001061,2024-04-04,2,10.975799,55.1924173491004,170.5592239834,,,34VEN,S2A_MSIL2A_20240404T100021_R122_T34VEN_20240404T152622,,,,,,7.2,16.0,0.2,1500.0,19.0,81.0,14.0,0.2,Korpijoki 2,,Kiuruvesi,,,,,,,,,ok,,-7,,,,,,,,,-5,,,,,,,,,-3,,,,,,,,,-1,,,,,,,,,0,,,,,,,,,1,2024-04-04,1.0,4.591338,S2A_MSIL2A_20240404T100021_R122_T35VML_20240404T152624,945.0,1074.0,1163.0,1960.0,3,2024-04-04,1.0,4.591338,S2A_MSIL2A_20240404T100021_R122_T35VML_20240404T152624,945.0,1074.0,1163.0,1960.0,5,,,,,,,,,7,2024-04-09,0.0,39.579254,S2B_MSIL2A_20240409T095549_R122_T35VML_20240411T002152,978.0,1100.0,1253.0,2022.0,D:\Water Quality Parameter Estimation\wq_pipeline\artifacts\tolerance_3d\prepared\chips\train\sample_FI_00001191.npz,D:\Water Quality Parameter Estimation\wq_pipeline\artifacts\tolerance_3d\prepared\chips\train\sample_FI_00001191.png,ok,,S2A_MSIL2A_20240404T100021_R122_T35VML_20240404T152624,2024-04-04,2.0,4.591338,57.6447352152704,7.62939453125e-06,256,128,0,0,9,"B02,B03,B04,B08"
FI_00001192,18170,18170,2024-04-02,63.728776901271246,26.38240528354664,,,,3000.0,20.0,100.0,22.0,,,,,,6.8,20.0,0.0,3000.0,20.0,100.0,22.0,0.1,Korpijoki 2,,Kiuruvesi,,,,,,,,,FI_00001061,18170,2023-04-12,63.728776901271246,26.38240528354664,,,,1500.0,19.0,81.0,14.0,S2_FI_00001061,2024-04-04,2,10.975799,55.1924173491004,170.5592239834,,,34VEN,S2A_MSIL2A_20240404T100021_R122_T34VEN_20240404T152622,,,,,,7.2,16.0,0.2,1500.0,19.0,81.0,14.0,0.2,Korpijoki 2,,Kiuruvesi,,,,,,,,,ok,,-7,,,,,,,,,-5,,,,,,,,,-3,,,,,,,,,-1,,,,,,,,,0,,,,,,,,,1,2024-04-04,1.0,4.591338,S2A_MSIL2A_20240404T100021_R122_T35VML_20240404T152624,945.0,1074.0,1163.0,1960.0,3,2024-04-04,1.0,4.591338,S2A_MSIL2A_20240404T100021_R122_T35VML_20240404T152624,945.0,1074.0,1163.0,1960.0,5,,,,,,,,,7,2024-04-09,0.0,39.579254,S2B_MSIL2A_20240409T095549_R122_T35VML_20240411T002152,978.0,1100.0,1253.0,2022.0,D:\Water Quality Parameter Estimation\wq_pipeline\artifacts\tolerance_3d\prepared\chips\train\sample_FI_00001192.npz,D:\Water Quality Parameter Estimation\wq_pipeline\artifacts\tolerance_3d\prepared\chips\train\sample_FI_00001192.png,ok,,S2A_MSIL2A_20240404T100021_R122_T35VML_20240404T152624,2024-04-04,2.0,4.591338,57.6447352152704,7.62939453125e-06,256,128,0,0,9,"B02,B03,B04,B08"
FI_00001193,18170,18170,2024-04-02,63.728776901271246,26.38240528354664,,,,3000.0,20.0,100.0,22.0,,,,,,6.8,20.0,0.0,3000.0,20.0,100.0,22.0,0.1,Korpijoki 2,,Kiuruvesi,,,,,,,,,FI_00001061,18170,2023-04-12,63.728776901271246,26.38240528354664,,,,1500.0,19.0,81.0,14.0,S2_FI_00001061,2024-04-04,2,10.975799,55.1924173491004,170.5592239834,,,34VEN,S2A_MSIL2A_20240404T100021_R122_T34VEN_20240404T152622,,,,,,7.2,16.0,0.2,1500.0,19.0,81.0,14.0,0.2,Korpijoki 2,,Kiuruvesi,,,,,,,,,ok,,-7,,,,,,,,,-5,,,,,,,,,-3,,,,,,,,,-1,,,,,,,,,0,,,,,,,,,1,2024-04-04,1.0,4.591338,S2A_MSIL2A_20240404T100021_R122_T35VML_20240404T152624,945.0,1074.0,1163.0,1960.0,3,2024-04-04,1.0,4.591338,S2A_MSIL2A_20240404T100021_R122_T35VML_20240404T152624,945.0,1074.0,1163.0,1960.0,5,,,,,,,,,7,2024-04-09,0.0,39.579254,S2B_MSIL2A_20240409T095549_R122_T35VML_20240411T002152,978.0,1100.0,1253.0,2022.0,D:\Water Quality Parameter Estimation\wq_pipeline\artifacts\tolerance_3d\prepared\chips\train\sample_FI_00001193.npz,D:\Water Quality Parameter Estimation\wq_pipeline\artifacts\tolerance_3d\prepared\chips\train\sample_FI_00001193.png,ok,,S2A_MSIL2A_20240404T100021_R122_T35VML_20240404T152624,2024-04-04,2.0,4.591338,57.6447352152704,7.62939453125e-06,256,128,0,0,9,"B02,B03,B04,B08"
FI_00001194,18170,18170,2024-04-09,63.728776901271246,26.38240528354664,,,,3300.0,23.0,93.0,12.0,,,,,,6.400000000000001,13.0,0.3,3300.0,23.0,93.0,12.0,0.1,Korpijoki 2,,Kiuruvesi,,,,,,,,,FI_00001105,18170,2023-06-19,63.728776901271246,26.38240528354664,,,,750.0,21.0,70.0,4.9,S2_FI_00001105,2024-04-09,0,24.695794,53.2913799353838,170.811939720118,,,34VEN,S2B_MSIL2A_20240409T095549_R122_T34VEN_20240411T002049,,,,,,7.3,11.0,18.4,750.0,21.0,70.0,4.9,0.1,Korpijoki 2,,Kiuruvesi,,,,,,,,,ok,,-7,,,,,,,,,-5,2024-04-04,0.0,4.591338,S2A_MSIL2A_20240404T100021_R122_T35VML_20240404T152624,945.0,1074.0,1163.0,1960.0,-3,,,,,,,,,-1,2024-04-09,1.0,39.579254,S2B_MSIL2A_20240409T095549_R122_T35VML_20240411T002152,978.0,1100.0,1253.0,2022.0,0,2024-04-09,0.0,39.579254,S2B_MSIL2A_20240409T095549_R122_T35VML_20240411T002152,978.0,1100.0,1253.0,2022.0,1,2024-04-09,1.0,39.579254,S2B_MSIL2A_20240409T095549_R122_T35VML_20240411T002152,978.0,1100.0,1253.0,2022.0,3,2024-04-13,1.0,5.413215,S2B_MSIL2A_20240413T093549_R036_T35VML_20240413T122633,660.0,895.0,950.0,1880.0,5,2024-04-13,1.0,5.413215,S2B_MSIL2A_20240413T093549_R036_T35VML_20240413T122633,660.0,895.0,950.0,1880.0,7,,,,,,,,,D:\Water Quality Parameter Estimation\wq_pipeline\artifacts\tolerance_3d\prepared\chips\train\sample_FI_00001194.npz,D:\Water Quality Parameter Estimation\wq_pipeline\artifacts\tolerance_3d\prepared\chips\train\sample_FI_00001194.png,ok,,S2B_MSIL2A_20240409T095549_R122_T35VML_20240411T002152,2024-04-09,0.0,39.579254,55.754770763297,1.1444091796875e-05,256,128,0,0,9,"B02,B03,B04,B08"
FI_00001195,18170,18170,2024-04-09,63.728776901271246,26.38240528354664,,,,3300.0,23.0,93.0,12.0,,,,,,6.400000000000001,13.0,0.3,3300.0,23.0,93.0,12.0,0.1,Korpijoki 2,,Kiuruvesi,,,,,,,,,FI_00001105,18170,2023-06-19,63.728776901271246,26.38240528354664,,,,750.0,21.0,70.0,4.9,S2_FI_00001105,2024-04-09,0,24.695794,53.2913799353838,170.811939720118,,,34VEN,S2B_MSIL2A_20240409T095549_R122_T34VEN_20240411T002049,,,,,,7.3,11.0,18.4,750.0,21.0,70.0,4.9,0.1,Korpijoki 2,,Kiuruvesi,,,,,,,,,ok,,-7,,,,,,,,,-5,2024-04-04,0.0,4.591338,S2A_MSIL2A_20240404T100021_R122_T35VML_20240404T152624,945.0,1074.0,1163.0,1960.0,-3,,,,,,,,,-1,2024-04-09,1.0,39.579254,S2B_MSIL2A_20240409T095549_R122_T35VML_20240411T002152,978.0,1100.0,1253.0,2022.0,0,2024-04-09,0.0,39.579254,S2B_MSIL2A_20240409T095549_R122_T35VML_20240411T002152,978.0,1100.0,1253.0,2022.0,1,2024-04-09,1.0,39.579254,S2B_MSIL2A_20240409T095549_R122_T35VML_20240411T002152,978.0,1100.0,1253.0,2022.0,3,2024-04-13,1.0,5.413215,S2B_MSIL2A_20240413T093549_R036_T35VML_20240413T122633,660.0,895.0,950.0,1880.0,5,2024-04-13,1.0,5.413215,S2B_MSIL2A_20240413T093549_R036_T35VML_20240413T122633,660.0,895.0,950.0,1880.0,7,,,,,,,,,D:\Water Quality Parameter Estimation\wq_pipeline\artifacts\tolerance_3d\prepared\chips\train\sample_FI_00001195.npz,D:\Water Quality Parameter Estimation\wq_pipeline\artifacts\tolerance_3d\prepared\chips\train\sample_FI_00001195.png,ok,,S2B_MSIL2A_20240409T095549_R122_T35VML_20240411T002152,2024-04-09,0.0,39.579254,55.754770763297,1.1444091796875e-05,256,128,0,0,9,"B02,B03,B04,B08"
FI_00001196,18170,18170,2024-04-09,63.728776901271246,26.38240528354664,,,,3300.0,23.0,93.0,12.0,,,,,,6.400000000000001,13.0,0.3,3300.0,23.0,93.0,12.0,0.1,Korpijoki 2,,Kiuruvesi,,,,,,,,,FI_00001105,18170,2023-06-19,63.728776901271246,26.38240528354664,,,,750.0,21.0,70.0,4.9,S2_FI_00001105,2024-04-09,0,24.695794,53.2913799353838,170.811939720118,,,34VEN,S2B_MSIL2A_20240409T095549_R122_T34VEN_20240411T002049,,,,,,7.3,11.0,18.4,750.0,21.0,70.0,4.9,0.1,Korpijoki 2,,Kiuruvesi,,,,,,,,,ok,,-7,,,,,,,,,-5,2024-04-04,0.0,4.591338,S2A_MSIL2A_20240404T100021_R122_T35VML_20240404T152624,945.0,1074.0,1163.0,1960.0,-3,,,,,,,,,-1,2024-04-09,1.0,39.579254,S2B_MSIL2A_20240409T095549_R122_T35VML_20240411T002152,978.0,1100.0,1253.0,2022.0,0,2024-04-09,0.0,39.579254,S2B_MSIL2A_20240409T095549_R122_T35VML_20240411T002152,978.0,1100.0,1253.0,2022.0,1,2024-04-09,1.0,39.579254,S2B_MSIL2A_20240409T095549_R122_T35VML_20240411T002152,978.0,1100.0,1253.0,2022.0,3,2024-04-13,1.0,5.413215,S2B_MSIL2A_20240413T093549_R036_T35VML_20240413T122633,660.0,895.0,950.0,1880.0,5,2024-04-13,1.0,5.413215,S2B_MSIL2A_20240413T093549_R036_T35VML_20240413T122633,660.0,895.0,950.0,1880.0,7,,,,,,,,,D:\Water Quality Parameter Estimation\wq_pipeline\artifacts\tolerance_3d\prepared\chips\train\sample_FI_00001196.npz,D:\Water Quality Parameter Estimation\wq_pipeline\artifacts\tolerance_3d\prepared\chips\train\sample_FI_00001196.png,ok,,S2B_MSIL2A_20240409T095549_R122_T35VML_20240411T002152,2024-04-09,0.0,39.579254,55.754770763297,1.1444091796875e-05,256,128,0,0,9,"B02,B03,B04,B08"
FI_00001197,18170,18170,2024-04-09,63.728776901271246,26.38240528354664,,,,3300.0,23.0,93.0,12.0,,,,,,6.400000000000001,13.0,0.3,3300.0,23.0,93.0,12.0,0.1,Korpijoki 2,,Kiuruvesi,,,,,,,,,FI_00001105,18170,2023-06-19,63.728776901271246,26.38240528354664,,,,750.0,21.0,70.0,4.9,S2_FI_00001105,2024-04-09,0,24.695794,53.2913799353838,170.811939720118,,,34VEN,S2B_MSIL2A_20240409T095549_R122_T34VEN_20240411T002049,,,,,,7.3,11.0,18.4,750.0,21.0,70.0,4.9,0.1,Korpijoki 2,,Kiuruvesi,,,,,,,,,ok,,-7,,,,,,,,,-5,2024-04-04,0.0,4.591338,S2A_MSIL2A_20240404T100021_R122_T35VML_20240404T152624,945.0,1074.0,1163.0,1960.0,-3,,,,,,,,,-1,2024-04-09,1.0,39.579254,S2B_MSIL2A_20240409T095549_R122_T35VML_20240411T002152,978.0,1100.0,1253.0,2022.0,0,2024-04-09,0.0,39.579254,S2B_MSIL2A_20240409T095549_R122_T35VML_20240411T002152,978.0,1100.0,1253.0,2022.0,1,2024-04-09,1.0,39.579254,S2B_MSIL2A_20240409T095549_R122_T35VML_20240411T002152,978.0,1100.0,1253.0,2022.0,3,2024-04-13,1.0,5.413215,S2B_MSIL2A_20240413T093549_R036_T35VML_20240413T122633,660.0,895.0,950.0,1880.0,5,2024-04-13,1.0,5.413215,S2B_MSIL2A_20240413T093549_R036_T35VML_20240413T122633,660.0,895.0,950.0,1880.0,7,,,,,,,,,D:\Water Quality Parameter Estimation\wq_pipeline\artifacts\tolerance_3d\prepared\chips\train\sample_FI_00001197.npz,D:\Water Quality Parameter Estimation\wq_pipeline\artifacts\tolerance_3d\prepared\chips\train\sample_FI_00001197.png,ok,,S2B_MSIL2A_20240409T095549_R122_T35VML_20240411T002152,2024-04-09,0.0,39.579254,55.754770763297,1.1444091796875e-05,256,128,0,0,9,"B02,B03,B04,B08"
FI_00001198,18170,18170,2024-04-09,63.728776901271246,26.38240528354664,,,,3300.0,23.0,93.0,12.0,,,,,,6.400000000000001,13.0,0.3,3300.0,23.0,93.0,12.0,0.1,Korpijoki 2,,Kiuruvesi,,,,,,,,,FI_00001105,18170,2023-06-19,63.728776901271246,26.38240528354664,,,,750.0,21.0,70.0,4.9,S2_FI_00001105,2024-04-09,0,24.695794,53.2913799353838,170.811939720118,,,34VEN,S2B_MSIL2A_20240409T095549_R122_T34VEN_20240411T002049,,,,,,7.3,11.0,18.4,750.0,21.0,70.0,4.9,0.1,Korpijoki 2,,Kiuruvesi,,,,,,,,,ok,,-7,,,,,,,,,-5,2024-04-04,0.0,4.591338,S2A_MSIL2A_20240404T100021_R122_T35VML_20240404T152624,945.0,1074.0,1163.0,1960.0,-3,,,,,,,,,-1,2024-04-09,1.0,39.579254,S2B_MSIL2A_20240409T095549_R122_T35VML_20240411T002152,978.0,1100.0,1253.0,2022.0,0,2024-04-09,0.0,39.579254,S2B_MSIL2A_20240409T095549_R122_T35VML_20240411T002152,978.0,1100.0,1253.0,2022.0,1,2024-04-09,1.0,39.579254,S2B_MSIL2A_20240409T095549_R122_T35VML_20240411T002152,978.0,1100.0,1253.0,2022.0,3,2024-04-13,1.0,5.413215,S2B_MSIL2A_20240413T093549_R036_T35VML_20240413T122633,660.0,895.0,950.0,1880.0,5,2024-04-13,1.0,5.413215,S2B_MSIL2A_20240413T093549_R036_T35VML_20240413T122633,660.0,895.0,950.0,1880.0,7,,,,,,,,,D:\Water Quality Parameter Estimation\wq_pipeline\artifacts\tolerance_3d\prepared\chips\train\sample_FI_00001198.npz,D:\Water Quality Parameter Estimation\wq_pipeline\artifacts\tolerance_3d\prepared\chips\train\sample_FI_00001198.png,ok,,S2B_MSIL2A_20240409T095549_R122_T35VML_20240411T002152,2024-04-09,0.0,39.579254,55.754770763297,1.1444091796875e-05,256,128,0,0,9,"B02,B03,B04,B08"
FI_00001199,18170,18170,2024-04-09,63.728776901271246,26.38240528354664,,,,3300.0,23.0,93.0,12.0,,,,,,6.400000000000001,13.0,0.3,3300.0,23.0,93.0,12.0,0.1,Korpijoki 2,,Kiuruvesi,,,,,,,,,FI_00001105,18170,2023-06-19,63.728776901271246,26.38240528354664,,,,750.0,21.0,70.0,4.9,S2_FI_00001105,2024-04-09,0,24.695794,53.2913799353838,170.811939720118,,,34VEN,S2B_MSIL2A_20240409T095549_R122_T34VEN_20240411T002049,,,,,,7.3,11.0,18.4,750.0,21.0,70.0,4.9,0.1,Korpijoki 2,,Kiuruvesi,,,,,,,,,ok,,-7,,,,,,,,,-5,2024-04-04,0.0,4.591338,S2A_MSIL2A_20240404T100021_R122_T35VML_20240404T152624,945.0,1074.0,1163.0,1960.0,-3,,,,,,,,,-1,2024-04-09,1.0,39.579254,S2B_MSIL2A_20240409T095549_R122_T35VML_20240411T002152,978.0,1100.0,1253.0,2022.0,0,2024-04-09,0.0,39.579254,S2B_MSIL2A_20240409T095549_R122_T35VML_20240411T002152,978.0,1100.0,1253.0,2022.0,1,2024-04-09,1.0,39.579254,S2B_MSIL2A_20240409T095549_R122_T35VML_20240411T002152,978.0,1100.0,1253.0,2022.0,3,2024-04-13,1.0,5.413215,S2B_MSIL2A_20240413T093549_R036_T35VML_20240413T122633,660.0,895.0,950.0,1880.0,5,2024-04-13,1.0,5.413215,S2B_MSIL2A_20240413T093549_R036_T35VML_20240413T122633,660.0,895.0,950.0,1880.0,7,,,,,,,,,D:\Water Quality Parameter Estimation\wq_pipeline\artifacts\tolerance_3d\prepared\chips\train\sample_FI_00001199.npz,D:\Water Quality Parameter Estimation\wq_pipeline\artifacts\tolerance_3d\prepared\chips\train\sample_FI_00001199.png,ok,,S2B_MSIL2A_20240409T095549_R122_T35VML_20240411T002152,2024-04-09,0.0,39.579254,55.754770763297,1.1444091796875e-05,256,128,0,0,9,"B02,B03,B04,B08"
FI_00001200,18170,18170,2024-04-17,63.728776901271246,26.38240528354664,,,,1900.0,30.0,75.0,18.0,,,,,,5.8,26.0,-0.1,1900.0,30.0,75.0,18.0,0.1,Korpijoki 2,,Kiuruvesi,,,,,,,,,FI_00001137,18170,2023-09-27,63.728776901271246,26.38240528354664,,,,1100.0,38.0,66.0,5.8,S2_FI_00001137,2024-04-16,1,99.878144,55.9099128357031,175.631468807783,,,35WNP,S2B_MSIL2A_20240416T094549_R079_T35WNP_20240416T131506,,,,,,6.8,12.0,10.5,1100.0,38.0,66.0,5.8,0.1,Korpijoki 2,,Kiuruvesi,,,,,,,,,ok,,-7,2024-04-09,1.0,39.579254,S2B_MSIL2A_20240409T095549_R122_T35VML_20240411T002152,978.0,1100.0,1253.0,2022.0,-5,2024-04-13,1.0,5.413215,S2B_MSIL2A_20240413T093549_R036_T35VML_20240413T122633,660.0,895.0,950.0,1880.0,-3,2024-04-13,1.0,5.413215,S2B_MSIL2A_20240413T093549_R036_T35VML_20240413T122633,660.0,895.0,950.0,1880.0,-1,,,,,,,,,0,2024-04-18,1.0,16.715536,S2A_MSIL2A_20240418T094031_R036_T35VML_20240418T141439,780.0,987.0,1020.0,2014.0,1,2024-04-18,0.0,16.715536,S2A_MSIL2A_20240418T094031_R036_T35VML_20240418T141439,780.0,987.0,1020.0,2014.0,3,2024-04-19,1.0,35.439774,S2B_MSIL2A_20240419T095549_R122_T35VML_20240419T130841,900.0,1014.0,1110.0,1476.0,5,,,,,,,,,7,,,,,,,,,,,rejected,nodata_reject,S2A_MSIL2A_20240418T094031_R036_T35VML_20240418T141439,2024-04-18,1.0,16.715536,52.7714701357793,1.0,256,128,0,0,9,"B02,B03,B04,B08"
FI_00001201,18170,18170,2024-04-17,63.728776901271246,26.38240528354664,,,,1900.0,30.0,75.0,18.0,,,,,,5.8,26.0,-0.1,1900.0,30.0,75.0,18.0,0.1,Korpijoki 2,,Kiuruvesi,,,,,,,,,FI_00001137,18170,2023-09-27,63.728776901271246,26.38240528354664,,,,1100.0,38.0,66.0,5.8,S2_FI_00001137,2024-04-16,1,99.878144,55.9099128357031,175.631468807783,,,35WNP,S2B_MSIL2A_20240416T094549_R079_T35WNP_20240416T131506,,,,,,6.8,12.0,10.5,1100.0,38.0,66.0,5.8,0.1,Korpijoki 2,,Kiuruvesi,,,,,,,,,ok,,-7,2024-04-09,1.0,39.579254,S2B_MSIL2A_20240409T095549_R122_T35VML_20240411T002152,978.0,1100.0,1253.0,2022.0,-5,2024-04-13,1.0,5.413215,S2B_MSIL2A_20240413T093549_R036_T35VML_20240413T122633,660.0,895.0,950.0,1880.0,-3,2024-04-13,1.0,5.413215,S2B_MSIL2A_20240413T093549_R036_T35VML_20240413T122633,660.0,895.0,950.0,1880.0,-1,,,,,,,,,0,2024-04-18,1.0,16.715536,S2A_MSIL2A_20240418T094031_R036_T35VML_20240418T141439,780.0,987.0,1020.0,2014.0,1,2024-04-18,0.0,16.715536,S2A_MSIL2A_20240418T094031_R036_T35VML_20240418T141439,780.0,987.0,1020.0,2014.0,3,2024-04-19,1.0,35.439774,S2B_MSIL2A_20240419T095549_R122_T35VML_20240419T130841,900.0,1014.0,1110.0,1476.0,5,,,,,,,,,7,,,,,,,,,,,rejected,nodata_reject,S2A_MSIL2A_20240418T094031_R036_T35VML_20240418T141439,2024-04-18,1.0,16.715536,52.7714701357793,1.0,256,128,0,0,9,"B02,B03,B04,B08"
FI_00001202,18170,18170,2024-04-17,63.728776901271246,26.38240528354664,,,,1900.0,30.0,75.0,18.0,,,,,,5.8,26.0,-0.1,1900.0,30.0,75.0,18.0,0.1,Korpijoki 2,,Kiuruvesi,,,,,,,,,FI_00001137,18170,2023-09-27,63.728776901271246,26.38240528354664,,,,1100.0,38.0,66.0,5.8,S2_FI_00001137,2024-04-16,1,99.878144,55.9099128357031,175.631468807783,,,35WNP,S2B_MSIL2A_20240416T094549_R079_T35WNP_20240416T131506,,,,,,6.8,12.0,10.5,1100.0,38.0,66.0,5.8,0.1,Korpijoki 2,,Kiuruvesi,,,,,,,,,ok,,-7,2024-04-09,1.0,39.579254,S2B_MSIL2A_20240409T095549_R122_T35VML_20240411T002152,978.0,1100.0,1253.0,2022.0,-5,2024-04-13,1.0,5.413215,S2B_MSIL2A_20240413T093549_R036_T35VML_20240413T122633,660.0,895.0,950.0,1880.0,-3,2024-04-13,1.0,5.413215,S2B_MSIL2A_20240413T093549_R036_T35VML_20240413T122633,660.0,895.0,950.0,1880.0,-1,,,,,,,,,0,2024-04-18,1.0,16.715536,S2A_MSIL2A_20240418T094031_R036_T35VML_20240418T141439,780.0,987.0,1020.0,2014.0,1,2024-04-18,0.0,16.715536,S2A_MSIL2A_20240418T094031_R036_T35VML_20240418T141439,780.0,987.0,1020.0,2014.0,3,2024-04-19,1.0,35.439774,S2B_MSIL2A_20240419T095549_R122_T35VML_20240419T130841,900.0,1014.0,1110.0,1476.0,5,,,,,,,,,7,,,,,,,,,,,rejected,nodata_reject,S2A_MSIL2A_20240418T094031_R036_T35VML_20240418T141439,2024-04-18,1.0,16.715536,52.7714701357793,1.0,256,128,0,0,9,"B02,B03,B04,B08"
FI_00001203,18170,18170,2024-04-17,63.728776901271246,26.38240528354664,,,,1900.0,30.0,75.0,18.0,,,,,,5.8,26.0,-0.1,1900.0,30.0,75.0,18.0,0.1,Korpijoki 2,,Kiuruvesi,,,,,,,,,FI_00001137,18170,2023-09-27,63.728776901271246,26.38240528354664,,,,1100.0,38.0,66.0,5.8,S2_FI_00001137,2024-04-16,1,99.878144,55.9099128357031,175.631468807783,,,35WNP,S2B_MSIL2A_20240416T094549_R079_T35WNP_20240416T131506,,,,,,6.8,12.0,10.5,1100.0,38.0,66.0,5.8,0.1,Korpijoki 2,,Kiuruvesi,,,,,,,,,ok,,-7,2024-04-09,1.0,39.579254,S2B_MSIL2A_20240409T095549_R122_T35VML_20240411T002152,978.0,1100.0,1253.0,2022.0,-5,2024-04-13,1.0,5.413215,S2B_MSIL2A_20240413T093549_R036_T35VML_20240413T122633,660.0,895.0,950.0,1880.0,-3,2024-04-13,1.0,5.413215,S2B_MSIL2A_20240413T093549_R036_T35VML_20240413T122633,660.0,895.0,950.0,1880.0,-1,,,,,,,,,0,2024-04-18,1.0,16.715536,S2A_MSIL2A_20240418T094031_R036_T35VML_20240418T141439,780.0,987.0,1020.0,2014.0,1,2024-04-18,0.0,16.715536,S2A_MSIL2A_20240418T094031_R036_T35VML_20240418T141439,780.0,987.0,1020.0,2014.0,3,2024-04-19,1.0,35.439774,S2B_MSIL2A_20240419T095549_R122_T35VML_20240419T130841,900.0,1014.0,1110.0,1476.0,5,,,,,,,,,7,,,,,,,,,,,rejected,nodata_reject,S2A_MSIL2A_20240418T094031_R036_T35VML_20240418T141439,2024-04-18,1.0,16.715536,52.7714701357793,1.0,256,128,0,0,9,"B02,B03,B04,B08"
FI_00001204,18170,18170,2024-04-17,63.728776901271246,26.38240528354664,,,,1900.0,30.0,75.0,18.0,,,,,,5.8,26.0,-0.1,1900.0,30.0,75.0,18.0,0.1,Korpijoki 2,,Kiuruvesi,,,,,,,,,FI_00001137,18170,2023-09-27,63.728776901271246,26.38240528354664,,,,1100.0,38.0,66.0,5.8,S2_FI_00001137,2024-04-16,1,99.878144,55.9099128357031,175.631468807783,,,35WNP,S2B_MSIL2A_20240416T094549_R079_T35WNP_20240416T131506,,,,,,6.8,12.0,10.5,1100.0,38.0,66.0,5.8,0.1,Korpijoki 2,,Kiuruvesi,,,,,,,,,ok,,-7,2024-04-09,1.0,39.579254,S2B_MSIL2A_20240409T095549_R122_T35VML_20240411T002152,978.0,1100.0,1253.0,2022.0,-5,2024-04-13,1.0,5.413215,S2B_MSIL2A_20240413T093549_R036_T35VML_20240413T122633,660.0,895.0,950.0,1880.0,-3,2024-04-13,1.0,5.413215,S2B_MSIL2A_20240413T093549_R036_T35VML_20240413T122633,660.0,895.0,950.0,1880.0,-1,,,,,,,,,0,2024-04-18,1.0,16.715536,S2A_MSIL2A_20240418T094031_R036_T35VML_20240418T141439,780.0,987.0,1020.0,2014.0,1,2024-04-18,0.0,16.715536,S2A_MSIL2A_20240418T094031_R036_T35VML_20240418T141439,780.0,987.0,1020.0,2014.0,3,2024-04-19,1.0,35.439774,S2B_MSIL2A_20240419T095549_R122_T35VML_20240419T130841,900.0,1014.0,1110.0,1476.0,5,,,,,,,,,7,,,,,,,,,,,rejected,nodata_reject,S2A_MSIL2A_20240418T094031_R036_T35VML_20240418T141439,2024-04-18,1.0,16.715536,52.7714701357793,1.0,256,128,0,0,9,"B02,B03,B04,B08"
FI_00001205,18170,18170,2024-04-17,63.728776901271246,26.38240528354664,,,,1900.0,30.0,75.0,18.0,,,,,,5.8,26.0,-0.1,1900.0,30.0,75.0,18.0,0.1,Korpijoki 2,,Kiuruvesi,,,,,,,,,FI_00001137,18170,2023-09-27,63.728776901271246,26.38240528354664,,,,1100.0,38.0,66.0,5.8,S2_FI_00001137,2024-04-16,1,99.878144,55.9099128357031,175.631468807783,,,35WNP,S2B_MSIL2A_20240416T094549_R079_T35WNP_20240416T131506,,,,,,6.8,12.0,10.5,1100.0,38.0,66.0,5.8,0.1,Korpijoki 2,,Kiuruvesi,,,,,,,,,ok,,-7,2024-04-09,1.0,39.579254,S2B_MSIL2A_20240409T095549_R122_T35VML_20240411T002152,978.0,1100.0,1253.0,2022.0,-5,2024-04-13,1.0,5.413215,S2B_MSIL2A_20240413T093549_R036_T35VML_20240413T122633,660.0,895.0,950.0,1880.0,-3,2024-04-13,1.0,5.413215,S2B_MSIL2A_20240413T093549_R036_T35VML_20240413T122633,660.0,895.0,950.0,1880.0,-1,,,,,,,,,0,2024-04-18,1.0,16.715536,S2A_MSIL2A_20240418T094031_R036_T35VML_20240418T141439,780.0,987.0,1020.0,2014.0,1,2024-04-18,0.0,16.715536,S2A_MSIL2A_20240418T094031_R036_T35VML_20240418T141439,780.0,987.0,1020.0,2014.0,3,2024-04-19,1.0,35.439774,S2B_MSIL2A_20240419T095549_R122_T35VML_20240419T130841,900.0,1014.0,1110.0,1476.0,5,,,,,,,,,7,,,,,,,,,,,rejected,nodata_reject,S2A_MSIL2A_20240418T094031_R036_T35VML_20240418T141439,2024-04-18,1.0,16.715536,52.7714701357793,1.0,256,128,0,0,9,"B02,B03,B04,B08"
FI_00001206,18170,18170,2024-04-22,63.728776901271246,26.38240528354664,,,,1500.0,27.0,43.0,6.099999999999999,,,,,,6.3,6.3,0.3,1500.0,27.0,43.0,6.099999999999999,0.1,Korpijoki 2,,Kiuruvesi,,,,,,,,,FI_00001064,18170,2023-04-19,63.728776901271246,26.38240528354664,,,,2500.0,24.0,73.0,14.0,S2_FI_00001064,2024-04-22,0,99.999911,48.4997404029553,174.554971556526,,,34VEN,S2B_MSIL2A_20240422T100559_R022_T34VEN_20240422T141653,,,,,,6.3,18.0,0.0,2500.0,24.0,73.0,14.0,0.1,Korpijoki 2,,Kiuruvesi,,,,,,,,,ok,,-7,,,,,,,,,-5,2024-04-18,1.0,16.715536,S2A_MSIL2A_20240418T094031_R036_T35VML_20240418T141439,780.0,987.0,1020.0,2014.0,-3,2024-04-19,0.0,35.439774,S2B_MSIL2A_20240419T095549_R122_T35VML_20240419T130841,900.0,1014.0,1110.0,1476.0,-1,,,,,,,,,0,,,,,,,,,1,,,,,,,,,3,,,,,,,,,5,,,,,,,,,7,,,,,,,,,D:\Water Quality Parameter Estimation\wq_pipeline\artifacts\tolerance_3d\prepared\chips\train\sample_FI_00001206.npz,D:\Water Quality Parameter Estimation\wq_pipeline\artifacts\tolerance_3d\prepared\chips\train\sample_FI_00001206.png,ok,,S2B_MSIL2A_20240419T095549_R122_T35VML_20240419T130841,2024-04-19,3.0,35.439774,52.1579327184557,4.9591064453125e-05,256,128,0,0,9,"B02,B03,B04,B08"
FI_00001207,18170,18170,2024-04-22,63.728776901271246,26.38240528354664,,,,1500.0,27.0,43.0,6.099999999999999,,,,,,6.3,6.3,0.3,1500.0,27.0,43.0,6.099999999999999,0.1,Korpijoki 2,,Kiuruvesi,,,,,,,,,FI_00001064,18170,2023-04-19,63.728776901271246,26.38240528354664,,,,2500.0,24.0,73.0,14.0,S2_FI_00001064,2024-04-22,0,99.999911,48.4997404029553,174.554971556526,,,34VEN,S2B_MSIL2A_20240422T100559_R022_T34VEN_20240422T141653,,,,,,6.3,18.0,0.0,2500.0,24.0,73.0,14.0,0.1,Korpijoki 2,,Kiuruvesi,,,,,,,,,ok,,-7,,,,,,,,,-5,2024-04-18,1.0,16.715536,S2A_MSIL2A_20240418T094031_R036_T35VML_20240418T141439,780.0,987.0,1020.0,2014.0,-3,2024-04-19,0.0,35.439774,S2B_MSIL2A_20240419T095549_R122_T35VML_20240419T130841,900.0,1014.0,1110.0,1476.0,-1,,,,,,,,,0,,,,,,,,,1,,,,,,,,,3,,,,,,,,,5,,,,,,,,,7,,,,,,,,,D:\Water Quality Parameter Estimation\wq_pipeline\artifacts\tolerance_3d\prepared\chips\train\sample_FI_00001207.npz,D:\Water Quality Parameter Estimation\wq_pipeline\artifacts\tolerance_3d\prepared\chips\train\sample_FI_00001207.png,ok,,S2B_MSIL2A_20240419T095549_R122_T35VML_20240419T130841,2024-04-19,3.0,35.439774,52.1579327184557,4.9591064453125e-05,256,128,0,0,9,"B02,B03,B04,B08"
FI_00001208,18170,18170,2024-04-22,63.728776901271246,26.38240528354664,,,,1500.0,27.0,43.0,6.099999999999999,,,,,,6.3,6.3,0.3,1500.0,27.0,43.0,6.099999999999999,0.1,Korpijoki 2,,Kiuruvesi,,,,,,,,,FI_00001064,18170,2023-04-19,63.728776901271246,26.38240528354664,,,,2500.0,24.0,73.0,14.0,S2_FI_00001064,2024-04-22,0,99.999911,48.4997404029553,174.554971556526,,,34VEN,S2B_MSIL2A_20240422T100559_R022_T34VEN_20240422T141653,,,,,,6.3,18.0,0.0,2500.0,24.0,73.0,14.0,0.1,Korpijoki 2,,Kiuruvesi,,,,,,,,,ok,,-7,,,,,,,,,-5,2024-04-18,1.0,16.715536,S2A_MSIL2A_20240418T094031_R036_T35VML_20240418T141439,780.0,987.0,1020.0,2014.0,-3,2024-04-19,0.0,35.439774,S2B_MSIL2A_20240419T095549_R122_T35VML_20240419T130841,900.0,1014.0,1110.0,1476.0,-1,,,,,,,,,0,,,,,,,,,1,,,,,,,,,3,,,,,,,,,5,,,,,,,,,7,,,,,,,,,D:\Water Quality Parameter Estimation\wq_pipeline\artifacts\tolerance_3d\prepared\chips\train\sample_FI_00001208.npz,D:\Water Quality Parameter Estimation\wq_pipeline\artifacts\tolerance_3d\prepared\chips\train\sample_FI_00001208.png,ok,,S2B_MSIL2A_20240419T095549_R122_T35VML_20240419T130841,2024-04-19,3.0,35.439774,52.1579327184557,4.9591064453125e-05,256,128,0,0,9,"B02,B03,B04,B08"
FI_00001209,18170,18170,2024-04-22,63.728776901271246,26.38240528354664,,,,1500.0,27.0,43.0,6.099999999999999,,,,,,6.3,6.3,0.3,1500.0,27.0,43.0,6.099999999999999,0.1,Korpijoki 2,,Kiuruvesi,,,,,,,,,FI_00001064,18170,2023-04-19,63.728776901271246,26.38240528354664,,,,2500.0,24.0,73.0,14.0,S2_FI_00001064,2024-04-22,0,99.999911,48.4997404029553,174.554971556526,,,34VEN,S2B_MSIL2A_20240422T100559_R022_T34VEN_20240422T141653,,,,,,6.3,18.0,0.0,2500.0,24.0,73.0,14.0,0.1,Korpijoki 2,,Kiuruvesi,,,,,,,,,ok,,-7,,,,,,,,,-5,2024-04-18,1.0,16.715536,S2A_MSIL2A_20240418T094031_R036_T35VML_20240418T141439,780.0,987.0,1020.0,2014.0,-3,2024-04-19,0.0,35.439774,S2B_MSIL2A_20240419T095549_R122_T35VML_20240419T130841,900.0,1014.0,1110.0,1476.0,-1,,,,,,,,,0,,,,,,,,,1,,,,,,,,,3,,,,,,,,,5,,,,,,,,,7,,,,,,,,,D:\Water Quality Parameter Estimation\wq_pipeline\artifacts\tolerance_3d\prepared\chips\train\sample_FI_00001209.npz,D:\Water Quality Parameter Estimation\wq_pipeline\artifacts\tolerance_3d\prepared\chips\train\sample_FI_00001209.png,ok,,S2B_MSIL2A_20240419T095549_R122_T35VML_20240419T130841,2024-04-19,3.0,35.439774,52.1579327184557,4.9591064453125e-05,256,128,0,0,9,"B02,B03,B04,B08"
FI_00001210,18170,18170,2024-04-22,63.728776901271246,26.38240528354664,,,,1500.0,27.0,43.0,6.099999999999999,,,,,,6.3,6.3,0.3,1500.0,27.0,43.0,6.099999999999999,0.1,Korpijoki 2,,Kiuruvesi,,,,,,,,,FI_00001064,18170,2023-04-19,63.728776901271246,26.38240528354664,,,,2500.0,24.0,73.0,14.0,S2_FI_00001064,2024-04-22,0,99.999911,48.4997404029553,174.554971556526,,,34VEN,S2B_MSIL2A_20240422T100559_R022_T34VEN_20240422T141653,,,,,,6.3,18.0,0.0,2500.0,24.0,73.0,14.0,0.1,Korpijoki 2,,Kiuruvesi,,,,,,,,,ok,,-7,,,,,,,,,-5,2024-04-18,1.0,16.715536,S2A_MSIL2A_20240418T094031_R036_T35VML_20240418T141439,780.0,987.0,1020.0,2014.0,-3,2024-04-19,0.0,35.439774,S2B_MSIL2A_20240419T095549_R122_T35VML_20240419T130841,900.0,1014.0,1110.0,1476.0,-1,,,,,,,,,0,,,,,,,,,1,,,,,,,,,3,,,,,,,,,5,,,,,,,,,7,,,,,,,,,D:\Water Quality Parameter Estimation\wq_pipeline\artifacts\tolerance_3d\prepared\chips\train\sample_FI_00001210.npz,D:\Water Quality Parameter Estimation\wq_pipeline\artifacts\tolerance_3d\prepared\chips\train\sample_FI_00001210.png,ok,,S2B_MSIL2A_20240419T095549_R122_T35VML_20240419T130841,2024-04-19,3.0,35.439774,52.1579327184557,4.9591064453125e-05,256,128,0,0,9,"B02,B03,B04,B08"
FI_00001211,18170,18170,2024-04-22,63.728776901271246,26.38240528354664,,,,1500.0,27.0,43.0,6.099999999999999,,,,,,6.3,6.3,0.3,1500.0,27.0,43.0,6.099999999999999,0.1,Korpijoki 2,,Kiuruvesi,,,,,,,,,FI_00001064,18170,2023-04-19,63.728776901271246,26.38240528354664,,,,2500.0,24.0,73.0,14.0,S2_FI_00001064,2024-04-22,0,99.999911,48.4997404029553,174.554971556526,,,34VEN,S2B_MSIL2A_20240422T100559_R022_T34VEN_20240422T141653,,,,,,6.3,18.0,0.0,2500.0,24.0,73.0,14.0,0.1,Korpijoki 2,,Kiuruvesi,,,,,,,,,ok,,-7,,,,,,,,,-5,2024-04-18,1.0,16.715536,S2A_MSIL2A_20240418T094031_R036_T35VML_20240418T141439,780.0,987.0,1020.0,2014.0,-3,2024-04-19,0.0,35.439774,S2B_MSIL2A_20240419T095549_R122_T35VML_20240419T130841,900.0,1014.0,1110.0,1476.0,-1,,,,,,,,,0,,,,,,,,,1,,,,,,,,,3,,,,,,,,,5,,,,,,,,,7,,,,,,,,,D:\Water Quality Parameter Estimation\wq_pipeline\artifacts\tolerance_3d\prepared\chips\train\sample_FI_00001211.npz,D:\Water Quality Parameter Estimation\wq_pipeline\artifacts\tolerance_3d\prepared\chips\train\sample_FI_00001211.png,ok,,S2B_MSIL2A_20240419T095549_R122_T35VML_20240419T130841,2024-04-19,3.0,35.439774,52.1579327184557,4.9591064453125e-05,256,128,0,0,9,"B02,B03,B04,B08"
FI_00001212,18170,18170,2024-04-29,63.728776901271246,26.38240528354664,,,,1700.0,26.0,88.0,19.0,,,,,,6.400000000000001,36.0,0.3,1700.0,26.0,88.0,19.0,0.4,Korpijoki 2,,Kiuruvesi,,,,,,,,,FI_00001231,18170,2024-05-22,63.728776901271246,26.38240528354664,,,,950.0,26.0,46.0,8.0,S2_FI_00001231,2024-05-01,2,3.189729,46.6670774052718,171.187024831899,,,35VLJ,S2A_MSIL2A_20240501T095031_R079_T35VLJ_20240501T153716,,,,,,6.7,14.0,7.8,950.0,26.0,46.0,8.0,0.1,Korpijoki 2,,Kiuruvesi,,,,,,,,,ok,,-7,,,,,,,,,-5,,,,,,,,,-3,,,,,,,,,-1,,,,,,,,,0,,,,,,,,,1,2024-05-01,1.0,0.519995,S2A_MSIL2A_20240501T095031_R079_T35VML_20240501T154012,897.0,1025.0,1043.0,1734.0,3,2024-05-01,1.0,0.519995,S2A_MSIL2A_20240501T095031_R079_T35VML_20240501T154012,897.0,1025.0,1043.0,1734.0,5,2024-05-04,0.0,36.566162,S2A_MSIL2A_20240504T100031_R122_T35VML_20240504T131148,1514.0,1545.0,1636.0,1916.0,7,,,,,,,,,D:\Water Quality Parameter Estimation\wq_pipeline\artifacts\tolerance_3d\prepared\chips\train\sample_FI_00001212.npz,D:\Water Quality Parameter Estimation\wq_pipeline\artifacts\tolerance_3d\prepared\chips\train\sample_FI_00001212.png,ok,,S2A_MSIL2A_20240501T095031_R079_T35VML_20240501T154012,2024-05-01,2.0,0.519995,48.3679901439514,4.57763671875e-05,256,128,0,0,9,"B02,B03,B04,B08"
FI_00001213,18170,18170,2024-04-29,63.728776901271246,26.38240528354664,,,,1700.0,26.0,88.0,19.0,,,,,,6.400000000000001,36.0,0.3,1700.0,26.0,88.0,19.0,0.4,Korpijoki 2,,Kiuruvesi,,,,,,,,,FI_00001231,18170,2024-05-22,63.728776901271246,26.38240528354664,,,,950.0,26.0,46.0,8.0,S2_FI_00001231,2024-05-01,2,3.189729,46.6670774052718,171.187024831899,,,35VLJ,S2A_MSIL2A_20240501T095031_R079_T35VLJ_20240501T153716,,,,,,6.7,14.0,7.8,950.0,26.0,46.0,8.0,0.1,Korpijoki 2,,Kiuruvesi,,,,,,,,,ok,,-7,,,,,,,,,-5,,,,,,,,,-3,,,,,,,,,-1,,,,,,,,,0,,,,,,,,,1,2024-05-01,1.0,0.519995,S2A_MSIL2A_20240501T095031_R079_T35VML_20240501T154012,897.0,1025.0,1043.0,1734.0,3,2024-05-01,1.0,0.519995,S2A_MSIL2A_20240501T095031_R079_T35VML_20240501T154012,897.0,1025.0,1043.0,1734.0,5,2024-05-04,0.0,36.566162,S2A_MSIL2A_20240504T100031_R122_T35VML_20240504T131148,1514.0,1545.0,1636.0,1916.0,7,,,,,,,,,D:\Water Quality Parameter Estimation\wq_pipeline\artifacts\tolerance_3d\prepared\chips\train\sample_FI_00001213.npz,D:\Water Quality Parameter Estimation\wq_pipeline\artifacts\tolerance_3d\prepared\chips\train\sample_FI_00001213.png,ok,,S2A_MSIL2A_20240501T095031_R079_T35VML_20240501T154012,2024-05-01,2.0,0.519995,48.3679901439514,4.57763671875e-05,256,128,0,0,9,"B02,B03,B04,B08"
FI_00001214,18170,18170,2024-04-29,63.728776901271246,26.38240528354664,,,,1700.0,26.0,88.0,19.0,,,,,,6.400000000000001,36.0,0.3,1700.0,26.0,88.0,19.0,0.4,Korpijoki 2,,Kiuruvesi,,,,,,,,,FI_00001231,18170,2024-05-22,63.728776901271246,26.38240528354664,,,,950.0,26.0,46.0,8.0,S2_FI_00001231,2024-05-01,2,3.189729,46.6670774052718,171.187024831899,,,35VLJ,S2A_MSIL2A_20240501T095031_R079_T35VLJ_20240501T153716,,,,,,6.7,14.0,7.8,950.0,26.0,46.0,8.0,0.1,Korpijoki 2,,Kiuruvesi,,,,,,,,,ok,,-7,,,,,,,,,-5,,,,,,,,,-3,,,,,,,,,-1,,,,,,,,,0,,,,,,,,,1,2024-05-01,1.0,0.519995,S2A_MSIL2A_20240501T095031_R079_T35VML_20240501T154012,897.0,1025.0,1043.0,1734.0,3,2024-05-01,1.0,0.519995,S2A_MSIL2A_20240501T095031_R079_T35VML_20240501T154012,897.0,1025.0,1043.0,1734.0,5,2024-05-04,0.0,36.566162,S2A_MSIL2A_20240504T100031_R122_T35VML_20240504T131148,1514.0,1545.0,1636.0,1916.0,7,,,,,,,,,D:\Water Quality Parameter Estimation\wq_pipeline\artifacts\tolerance_3d\prepared\chips\train\sample_FI_00001214.npz,D:\Water Quality Parameter Estimation\wq_pipeline\artifacts\tolerance_3d\prepared\chips\train\sample_FI_00001214.png,ok,,S2A_MSIL2A_20240501T095031_R079_T35VML_20240501T154012,2024-05-01,2.0,0.519995,48.3679901439514,4.57763671875e-05,256,128,0,0,9,"B02,B03,B04,B08"
FI_00001215,18170,18170,2024-04-29,63.728776901271246,26.38240528354664,,,,1700.0,26.0,88.0,19.0,,,,,,6.400000000000001,36.0,0.3,1700.0,26.0,88.0,19.0,0.4,Korpijoki 2,,Kiuruvesi,,,,,,,,,FI_00001231,18170,2024-05-22,63.728776901271246,26.38240528354664,,,,950.0,26.0,46.0,8.0,S2_FI_00001231,2024-05-01,2,3.189729,46.6670774052718,171.187024831899,,,35VLJ,S2A_MSIL2A_20240501T095031_R079_T35VLJ_20240501T153716,,,,,,6.7,14.0,7.8,950.0,26.0,46.0,8.0,0.1,Korpijoki 2,,Kiuruvesi,,,,,,,,,ok,,-7,,,,,,,,,-5,,,,,,,,,-3,,,,,,,,,-1,,,,,,,,,0,,,,,,,,,1,2024-05-01,1.0,0.519995,S2A_MSIL2A_20240501T095031_R079_T35VML_20240501T154012,897.0,1025.0,1043.0,1734.0,3,2024-05-01,1.0,0.519995,S2A_MSIL2A_20240501T095031_R079_T35VML_20240501T154012,897.0,1025.0,1043.0,1734.0,5,2024-05-04,0.0,36.566162,S2A_MSIL2A_20240504T100031_R122_T35VML_20240504T131148,1514.0,1545.0,1636.0,1916.0,7,,,,,,,,,D:\Water Quality Parameter Estimation\wq_pipeline\artifacts\tolerance_3d\prepared\chips\train\sample_FI_00001215.npz,D:\Water Quality Parameter Estimation\wq_pipeline\artifacts\tolerance_3d\prepared\chips\train\sample_FI_00001215.png,ok,,S2A_MSIL2A_20240501T095031_R079_T35VML_20240501T154012,2024-05-01,2.0,0.519995,48.3679901439514,4.57763671875e-05,256,128,0,0,9,"B02,B03,B04,B08"
FI_00001216,18170,18170,2024-04-29,63.728776901271246,26.38240528354664,,,,1700.0,26.0,88.0,19.0,,,,,,6.400000000000001,36.0,0.3,1700.0,26.0,88.0,19.0,0.4,Korpijoki 2,,Kiuruvesi,,,,,,,,,FI_00001231,18170,2024-05-22,63.728776901271246,26.38240528354664,,,,950.0,26.0,46.0,8.0,S2_FI_00001231,2024-05-01,2,3.189729,46.6670774052718,171.187024831899,,,35VLJ,S2A_MSIL2A_20240501T095031_R079_T35VLJ_20240501T153716,,,,,,6.7,14.0,7.8,950.0,26.0,46.0,8.0,0.1,Korpijoki 2,,Kiuruvesi,,,,,,,,,ok,,-7,,,,,,,,,-5,,,,,,,,,-3,,,,,,,,,-1,,,,,,,,,0,,,,,,,,,1,2024-05-01,1.0,0.519995,S2A_MSIL2A_20240501T095031_R079_T35VML_20240501T154012,897.0,1025.0,1043.0,1734.0,3,2024-05-01,1.0,0.519995,S2A_MSIL2A_20240501T095031_R079_T35VML_20240501T154012,897.0,1025.0,1043.0,1734.0,5,2024-05-04,0.0,36.566162,S2A_MSIL2A_20240504T100031_R122_T35VML_20240504T131148,1514.0,1545.0,1636.0,1916.0,7,,,,,,,,,D:\Water Quality Parameter Estimation\wq_pipeline\artifacts\tolerance_3d\prepared\chips\train\sample_FI_00001216.npz,D:\Water Quality Parameter Estimation\wq_pipeline\artifacts\tolerance_3d\prepared\chips\train\sample_FI_00001216.png,ok,,S2A_MSIL2A_20240501T095031_R079_T35VML_20240501T154012,2024-05-01,2.0,0.519995,48.3679901439514,4.57763671875e-05,256,128,0,0,9,"B02,B03,B04,B08"
FI_00001217,18170,18170,2024-04-29,63.728776901271246,26.38240528354664,,,,1700.0,26.0,88.0,19.0,,,,,,6.400000000000001,36.0,0.3,1700.0,26.0,88.0,19.0,0.4,Korpijoki 2,,Kiuruvesi,,,,,,,,,FI_00001231,18170,2024-05-22,63.728776901271246,26.38240528354664,,,,950.0,26.0,46.0,8.0,S2_FI_00001231,2024-05-01,2,3.189729,46.6670774052718,171.187024831899,,,35VLJ,S2A_MSIL2A_20240501T095031_R079_T35VLJ_20240501T153716,,,,,,6.7,14.0,7.8,950.0,26.0,46.0,8.0,0.1,Korpijoki 2,,Kiuruvesi,,,,,,,,,ok,,-7,,,,,,,,,-5,,,,,,,,,-3,,,,,,,,,-1,,,,,,,,,0,,,,,,,,,1,2024-05-01,1.0,0.519995,S2A_MSIL2A_20240501T095031_R079_T35VML_20240501T154012,897.0,1025.0,1043.0,1734.0,3,2024-05-01,1.0,0.519995,S2A_MSIL2A_20240501T095031_R079_T35VML_20240501T154012,897.0,1025.0,1043.0,1734.0,5,2024-05-04,0.0,36.566162,S2A_MSIL2A_20240504T100031_R122_T35VML_20240504T131148,1514.0,1545.0,1636.0,1916.0,7,,,,,,,,,D:\Water Quality Parameter Estimation\wq_pipeline\artifacts\tolerance_3d\prepared\chips\train\sample_FI_00001217.npz,D:\Water Quality Parameter Estimation\wq_pipeline\artifacts\tolerance_3d\prepared\chips\train\sample_FI_00001217.png,ok,,S2A_MSIL2A_20240501T095031_R079_T35VML_20240501T154012,2024-05-01,2.0,0.519995,48.3679901439514,4.57763671875e-05,256,128,0,0,9,"B02,B03,B04,B08"
FI_00001224,18170,18170,2024-05-15,63.728776901271246,26.38240528354664,,24.0,,1100.0,25.0,29.0,6.8,,2.7000000000000006,,24.0,,6.099999999999999,10.0,6.3,1100.0,25.0,29.0,6.8,0.1,Korpijoki 2,,Kiuruvesi,,,,,,,,,FI_00001108,18170,2023-06-19,63.728776901271246,26.38240528354664,,,,750.0,21.0,70.0,4.9,S2_FI_00001108,2024-05-14,1,58.041942,42.2663677247592,171.348181670994,,,34VEN,S2A_MSIL2A_20240514T100031_R122_T34VEN_20240514T140519,,,,,,7.3,11.0,18.4,750.0,21.0,70.0,4.9,0.1,Korpijoki 2,,Kiuruvesi,,,,,,,,,ok,,-7,2024-05-08,0.0,11.30312,S2A_MSIL2A_20240508T094031_R036_T35VML_20240508T152228,1004.0,1128.0,1111.0,2050.0,-5,2024-05-11,1.0,2.894712,S2A_MSIL2A_20240511T095031_R079_T35VML_20240511T132110,966.0,1027.0,1052.0,1588.0,-3,2024-05-11,1.0,2.894712,S2A_MSIL2A_20240511T095031_R079_T35VML_20240511T132110,966.0,1027.0,1052.0,1588.0,-1,,,,,,,,,0,,,,,,,,,1,,,,,,,,,3,2024-05-18,0.0,0.016008,S2A_MSIL2A_20240518T094031_R036_T35VML_20240518T141535,1112.0,1184.0,1164.0,1966.0,5,2024-05-19,1.0,8.701533,S2B_MSIL2A_20240519T095549_R122_T35VML_20240519T122130,1182.0,1256.0,1199.0,1842.0,7,2024-05-23,1.0,25.746319,S2B_MSIL2A_20240523T093549_R036_T35VML_20240523T122050,1258.0,1294.0,1260.0,2158.0,,,rejected,nodata_reject,S2A_MSIL2A_20240518T094031_R036_T35VML_20240518T141535,2024-05-18,3.0,0.016008,44.1104022473025,1.0,256,128,0,0,9,"B02,B03,B04,B08"
FI_00001225,18170,18170,2024-05-15,63.728776901271246,26.38240528354664,,24.0,,1100.0,25.0,29.0,6.8,,2.7000000000000006,,24.0,,6.099999999999999,10.0,6.3,1100.0,25.0,29.0,6.8,0.1,Korpijoki 2,,Kiuruvesi,,,,,,,,,FI_00001108,18170,2023-06-19,63.728776901271246,26.38240528354664,,,,750.0,21.0,70.0,4.9,S2_FI_00001108,2024-05-14,1,58.041942,42.2663677247592,171.348181670994,,,34VEN,S2A_MSIL2A_20240514T100031_R122_T34VEN_20240514T140519,,,,,,7.3,11.0,18.4,750.0,21.0,70.0,4.9,0.1,Korpijoki 2,,Kiuruvesi,,,,,,,,,ok,,-7,2024-05-08,0.0,11.30312,S2A_MSIL2A_20240508T094031_R036_T35VML_20240508T152228,1004.0,1128.0,1111.0,2050.0,-5,2024-05-11,1.0,2.894712,S2A_MSIL2A_20240511T095031_R079_T35VML_20240511T132110,966.0,1027.0,1052.0,1588.0,-3,2024-05-11,1.0,2.894712,S2A_MSIL2A_20240511T095031_R079_T35VML_20240511T132110,966.0,1027.0,1052.0,1588.0,-1,,,,,,,,,0,,,,,,,,,1,,,,,,,,,3,2024-05-18,0.0,0.016008,S2A_MSIL2A_20240518T094031_R036_T35VML_20240518T141535,1112.0,1184.0,1164.0,1966.0,5,2024-05-19,1.0,8.701533,S2B_MSIL2A_20240519T095549_R122_T35VML_20240519T122130,1182.0,1256.0,1199.0,1842.0,7,2024-05-23,1.0,25.746319,S2B_MSIL2A_20240523T093549_R036_T35VML_20240523T122050,1258.0,1294.0,1260.0,2158.0,,,rejected,nodata_reject,S2A_MSIL2A_20240518T094031_R036_T35VML_20240518T141535,2024-05-18,3.0,0.016008,44.1104022473025,1.0,256,128,0,0,9,"B02,B03,B04,B08"
FI_00001226,18170,18170,2024-05-15,63.728776901271246,26.38240528354664,,24.0,,1100.0,25.0,29.0,6.8,,2.7000000000000006,,24.0,,6.099999999999999,10.0,6.3,1100.0,25.0,29.0,6.8,0.1,Korpijoki 2,,Kiuruvesi,,,,,,,,,FI_00001108,18170,2023-06-19,63.728776901271246,26.38240528354664,,,,750.0,21.0,70.0,4.9,S2_FI_00001108,2024-05-14,1,58.041942,42.2663677247592,171.348181670994,,,34VEN,S2A_MSIL2A_20240514T100031_R122_T34VEN_20240514T140519,,,,,,7.3,11.0,18.4,750.0,21.0,70.0,4.9,0.1,Korpijoki 2,,Kiuruvesi,,,,,,,,,ok,,-7,2024-05-08,0.0,11.30312,S2A_MSIL2A_20240508T094031_R036_T35VML_20240508T152228,1004.0,1128.0,1111.0,2050.0,-5,2024-05-11,1.0,2.894712,S2A_MSIL2A_20240511T095031_R079_T35VML_20240511T132110,966.0,1027.0,1052.0,1588.0,-3,2024-05-11,1.0,2.894712,S2A_MSIL2A_20240511T095031_R079_T35VML_20240511T132110,966.0,1027.0,1052.0,1588.0,-1,,,,,,,,,0,,,,,,,,,1,,,,,,,,,3,2024-05-18,0.0,0.016008,S2A_MSIL2A_20240518T094031_R036_T35VML_20240518T141535,1112.0,1184.0,1164.0,1966.0,5,2024-05-19,1.0,8.701533,S2B_MSIL2A_20240519T095549_R122_T35VML_20240519T122130,1182.0,1256.0,1199.0,1842.0,7,2024-05-23,1.0,25.746319,S2B_MSIL2A_20240523T093549_R036_T35VML_20240523T122050,1258.0,1294.0,1260.0,2158.0,,,rejected,nodata_reject,S2A_MSIL2A_20240518T094031_R036_T35VML_20240518T141535,2024-05-18,3.0,0.016008,44.1104022473025,1.0,256,128,0,0,9,"B02,B03,B04,B08"
FI_00001227,18170,18170,2024-05-15,63.728776901271246,26.38240528354664,,24.0,,1100.0,25.0,29.0,6.8,,2.7000000000000006,,24.0,,6.099999999999999,10.0,6.3,1100.0,25.0,29.0,6.8,0.1,Korpijoki 2,,Kiuruvesi,,,,,,,,,FI_00001108,18170,2023-06-19,63.728776901271246,26.38240528354664,,,,750.0,21.0,70.0,4.9,S2_FI_00001108,2024-05-14,1,58.041942,42.2663677247592,171.348181670994,,,34VEN,S2A_MSIL2A_20240514T100031_R122_T34VEN_20240514T140519,,,,,,7.3,11.0,18.4,750.0,21.0,70.0,4.9,0.1,Korpijoki 2,,Kiuruvesi,,,,,,,,,ok,,-7,2024-05-08,0.0,11.30312,S2A_MSIL2A_20240508T094031_R036_T35VML_20240508T152228,1004.0,1128.0,1111.0,2050.0,-5,2024-05-11,1.0,2.894712,S2A_MSIL2A_20240511T095031_R079_T35VML_20240511T132110,966.0,1027.0,1052.0,1588.0,-3,2024-05-11,1.0,2.894712,S2A_MSIL2A_20240511T095031_R079_T35VML_20240511T132110,966.0,1027.0,1052.0,1588.0,-1,,,,,,,,,0,,,,,,,,,1,,,,,,,,,3,2024-05-18,0.0,0.016008,S2A_MSIL2A_20240518T094031_R036_T35VML_20240518T141535,1112.0,1184.0,1164.0,1966.0,5,2024-05-19,1.0,8.701533,S2B_MSIL2A_20240519T095549_R122_T35VML_20240519T122130,1182.0,1256.0,1199.0,1842.0,7,2024-05-23,1.0,25.746319,S2B_MSIL2A_20240523T093549_R036_T35VML_20240523T122050,1258.0,1294.0,1260.0,2158.0,,,rejected,nodata_reject,S2A_MSIL2A_20240518T094031_R036_T35VML_20240518T141535,2024-05-18,3.0,0.016008,44.1104022473025,1.0,256,128,0,0,9,"B02,B03,B04,B08"
FI_00001228,18170,18170,2024-05-15,63.728776901271246,26.38240528354664,,24.0,,1100.0,25.0,29.0,6.8,,2.7000000000000006,,24.0,,6.099999999999999,10.0,6.3,1100.0,25.0,29.0,6.8,0.1,Korpijoki 2,,Kiuruvesi,,,,,,,,,FI_00001108,18170,2023-06-19,63.728776901271246,26.38240528354664,,,,750.0,21.0,70.0,4.9,S2_FI_00001108,2024-05-14,1,58.041942,42.2663677247592,171.348181670994,,,34VEN,S2A_MSIL2A_20240514T100031_R122_T34VEN_20240514T140519,,,,,,7.3,11.0,18.4,750.0,21.0,70.0,4.9,0.1,Korpijoki 2,,Kiuruvesi,,,,,,,,,ok,,-7,2024-05-08,0.0,11.30312,S2A_MSIL2A_20240508T094031_R036_T35VML_20240508T152228,1004.0,1128.0,1111.0,2050.0,-5,2024-05-11,1.0,2.894712,S2A_MSIL2A_20240511T095031_R079_T35VML_20240511T132110,966.0,1027.0,1052.0,1588.0,-3,2024-05-11,1.0,2.894712,S2A_MSIL2A_20240511T095031_R079_T35VML_20240511T132110,966.0,1027.0,1052.0,1588.0,-1,,,,,,,,,0,,,,,,,,,1,,,,,,,,,3,2024-05-18,0.0,0.016008,S2A_MSIL2A_20240518T094031_R036_T35VML_20240518T141535,1112.0,1184.0,1164.0,1966.0,5,2024-05-19,1.0,8.701533,S2B_MSIL2A_20240519T095549_R122_T35VML_20240519T122130,1182.0,1256.0,1199.0,1842.0,7,2024-05-23,1.0,25.746319,S2B_MSIL2A_20240523T093549_R036_T35VML_20240523T122050,1258.0,1294.0,1260.0,2158.0,,,rejected,nodata_reject,S2A_MSIL2A_20240518T094031_R036_T35VML_20240518T141535,2024-05-18,3.0,0.016008,44.1104022473025,1.0,256,128,0,0,9,"B02,B03,B04,B08"
FI_00001229,18170,18170,2024-05-15,63.728776901271246,26.38240528354664,,24.0,,1100.0,25.0,29.0,6.8,,2.7000000000000006,,24.0,,6.099999999999999,10.0,6.3,1100.0,25.0,29.0,6.8,0.1,Korpijoki 2,,Kiuruvesi,,,,,,,,,FI_00001108,18170,2023-06-19,63.728776901271246,26.38240528354664,,,,750.0,21.0,70.0,4.9,S2_FI_00001108,2024-05-14,1,58.041942,42.2663677247592,171.348181670994,,,34VEN,S2A_MSIL2A_20240514T100031_R122_T34VEN_20240514T140519,,,,,,7.3,11.0,18.4,750.0,21.0,70.0,4.9,0.1,Korpijoki 2,,Kiuruvesi,,,,,,,,,ok,,-7,2024-05-08,0.0,11.30312,S2A_MSIL2A_20240508T094031_R036_T35VML_20240508T152228,1004.0,1128.0,1111.0,2050.0,-5,2024-05-11,1.0,2.894712,S2A_MSIL2A_20240511T095031_R079_T35VML_20240511T132110,966.0,1027.0,1052.0,1588.0,-3,2024-05-11,1.0,2.894712,S2A_MSIL2A_20240511T095031_R079_T35VML_20240511T132110,966.0,1027.0,1052.0,1588.0,-1,,,,,,,,,0,,,,,,,,,1,,,,,,,,,3,2024-05-18,0.0,0.016008,S2A_MSIL2A_20240518T094031_R036_T35VML_20240518T141535,1112.0,1184.0,1164.0,1966.0,5,2024-05-19,1.0,8.701533,S2B_MSIL2A_20240519T095549_R122_T35VML_20240519T122130,1182.0,1256.0,1199.0,1842.0,7,2024-05-23,1.0,25.746319,S2B_MSIL2A_20240523T093549_R036_T35VML_20240523T122050,1258.0,1294.0,1260.0,2158.0,,,rejected,nodata_reject,S2A_MSIL2A_20240518T094031_R036_T35VML_20240518T141535,2024-05-18,3.0,0.016008,44.1104022473025,1.0,256,128,0,0,9,"B02,B03,B04,B08"
FI_00001230,18170,18170,2024-05-22,63.728776901271246,26.38240528354664,,,,950.0,26.0,46.0,8.0,,,,,,6.7,14.0,7.8,950.0,26.0,46.0,8.0,0.1,Korpijoki 2,,Kiuruvesi,,,,,,,,,FI_00001139,18170,2023-09-27,63.728776901271246,26.38240528354664,,,,1100.0,38.0,66.0,5.8,S2_FI_00001139,2024-05-24,2,3.586043,45.3273723847028,179.358557620497,,,35WNP,S2A_MSIL2A_20240524T100031_R122_T35WNP_20240524T150129,,,,,,6.8,12.0,10.5,1100.0,38.0,66.0,5.8,0.1,Korpijoki 2,,Kiuruvesi,,,,,,,,,ok,,-7,,,,,,,,,-5,2024-05-18,1.0,0.016008,S2A_MSIL2A_20240518T094031_R036_T35VML_20240518T141535,1112.0,1184.0,1164.0,1966.0,-3,2024-05-19,0.0,8.701533,S2B_MSIL2A_20240519T095549_R122_T35VML_20240519T122130,1182.0,1256.0,1199.0,1842.0,-1,,,,,,,,,0,2024-05-23,1.0,25.746319,S2B_MSIL2A_20240523T093549_R036_T35VML_20240523T122050,1258.0,1294.0,1260.0,2158.0,1,2024-05-23,0.0,25.746319,S2B_MSIL2A_20240523T093549_R036_T35VML_20240523T122050,1258.0,1294.0,1260.0,2158.0,3,2024-05-24,1.0,22.494221,S2A_MSIL2A_20240524T100031_R122_T35VML_20240524T144924,1160.0,1214.0,1177.0,1827.0,5,2024-05-28,1.0,12.870567,S2A_MSIL2A_20240528T094031_R036_T35VML_20240528T141609,1132.0,1254.0,1168.0,2338.0,7,2024-05-29,0.0,8.948678,S2B_MSIL2A_20240529T095549_R122_T35VML_20240529T171305,1189.0,1258.0,1166.0,2146.0,,,rejected,nodata_reject,S2B_MSIL2A_20240523T093549_R036_T35VML_20240523T122050,2024-05-23,1.0,25.746319,43.1131664994073,1.0,256,128,0,0,9,"B02,B03,B04,B08"
FI_00001231,18170,18170,2024-05-22,63.728776901271246,26.38240528354664,,,,950.0,26.0,46.0,8.0,,,,,,6.7,14.0,7.8,950.0,26.0,46.0,8.0,0.1,Korpijoki 2,,Kiuruvesi,,,,,,,,,FI_00001139,18170,2023-09-27,63.728776901271246,26.38240528354664,,,,1100.0,38.0,66.0,5.8,S2_FI_00001139,2024-05-24,2,3.586043,45.3273723847028,179.358557620497,,,35WNP,S2A_MSIL2A_20240524T100031_R122_T35WNP_20240524T150129,,,,,,6.8,12.0,10.5,1100.0,38.0,66.0,5.8,0.1,Korpijoki 2,,Kiuruvesi,,,,,,,,,ok,,-7,,,,,,,,,-5,2024-05-18,1.0,0.016008,S2A_MSIL2A_20240518T094031_R036_T35VML_20240518T141535,1112.0,1184.0,1164.0,1966.0,-3,2024-05-19,0.0,8.701533,S2B_MSIL2A_20240519T095549_R122_T35VML_20240519T122130,1182.0,1256.0,1199.0,1842.0,-1,,,,,,,,,0,2024-05-23,1.0,25.746319,S2B_MSIL2A_20240523T093549_R036_T35VML_20240523T122050,1258.0,1294.0,1260.0,2158.0,1,2024-05-23,0.0,25.746319,S2B_MSIL2A_20240523T093549_R036_T35VML_20240523T122050,1258.0,1294.0,1260.0,2158.0,3,2024-05-24,1.0,22.494221,S2A_MSIL2A_20240524T100031_R122_T35VML_20240524T144924,1160.0,1214.0,1177.0,1827.0,5,2024-05-28,1.0,12.870567,S2A_MSIL2A_20240528T094031_R036_T35VML_20240528T141609,1132.0,1254.0,1168.0,2338.0,7,2024-05-29,0.0,8.948678,S2B_MSIL2A_20240529T095549_R122_T35VML_20240529T171305,1189.0,1258.0,1166.0,2146.0,,,rejected,nodata_reject,S2B_MSIL2A_20240523T093549_R036_T35VML_20240523T122050,2024-05-23,1.0,25.746319,43.1131664994073,1.0,256,128,0,0,9,"B02,B03,B04,B08"
FI_00001232,18170,18170,2024-05-22,63.728776901271246,26.38240528354664,,,,950.0,26.0,46.0,8.0,,,,,,6.7,14.0,7.8,950.0,26.0,46.0,8.0,0.1,Korpijoki 2,,Kiuruvesi,,,,,,,,,FI_00001139,18170,2023-09-27,63.728776901271246,26.38240528354664,,,,1100.0,38.0,66.0,5.8,S2_FI_00001139,2024-05-24,2,3.586043,45.3273723847028,179.358557620497,,,35WNP,S2A_MSIL2A_20240524T100031_R122_T35WNP_20240524T150129,,,,,,6.8,12.0,10.5,1100.0,38.0,66.0,5.8,0.1,Korpijoki 2,,Kiuruvesi,,,,,,,,,ok,,-7,,,,,,,,,-5,2024-05-18,1.0,0.016008,S2A_MSIL2A_20240518T094031_R036_T35VML_20240518T141535,1112.0,1184.0,1164.0,1966.0,-3,2024-05-19,0.0,8.701533,S2B_MSIL2A_20240519T095549_R122_T35VML_20240519T122130,1182.0,1256.0,1199.0,1842.0,-1,,,,,,,,,0,2024-05-23,1.0,25.746319,S2B_MSIL2A_20240523T093549_R036_T35VML_20240523T122050,1258.0,1294.0,1260.0,2158.0,1,2024-05-23,0.0,25.746319,S2B_MSIL2A_20240523T093549_R036_T35VML_20240523T122050,1258.0,1294.0,1260.0,2158.0,3,2024-05-24,1.0,22.494221,S2A_MSIL2A_20240524T100031_R122_T35VML_20240524T144924,1160.0,1214.0,1177.0,1827.0,5,2024-05-28,1.0,12.870567,S2A_MSIL2A_20240528T094031_R036_T35VML_20240528T141609,1132.0,1254.0,1168.0,2338.0,7,2024-05-29,0.0,8.948678,S2B_MSIL2A_20240529T095549_R122_T35VML_20240529T171305,1189.0,1258.0,1166.0,2146.0,,,rejected,nodata_reject,S2B_MSIL2A_20240523T093549_R036_T35VML_20240523T122050,2024-05-23,1.0,25.746319,43.1131664994073,1.0,256,128,0,0,9,"B02,B03,B04,B08"
FI_00001233,18170,18170,2024-05-22,63.728776901271246,26.38240528354664,,,,950.0,26.0,46.0,8.0,,,,,,6.7,14.0,7.8,950.0,26.0,46.0,8.0,0.1,Korpijoki 2,,Kiuruvesi,,,,,,,,,FI_00001139,18170,2023-09-27,63.728776901271246,26.38240528354664,,,,1100.0,38.0,66.0,5.8,S2_FI_00001139,2024-05-24,2,3.586043,45.3273723847028,179.358557620497,,,35WNP,S2A_MSIL2A_20240524T100031_R122_T35WNP_20240524T150129,,,,,,6.8,12.0,10.5,1100.0,38.0,66.0,5.8,0.1,Korpijoki 2,,Kiuruvesi,,,,,,,,,ok,,-7,,,,,,,,,-5,2024-05-18,1.0,0.016008,S2A_MSIL2A_20240518T094031_R036_T35VML_20240518T141535,1112.0,1184.0,1164.0,1966.0,-3,2024-05-19,0.0,8.701533,S2B_MSIL2A_20240519T095549_R122_T35VML_20240519T122130,1182.0,1256.0,1199.0,1842.0,-1,,,,,,,,,0,2024-05-23,1.0,25.746319,S2B_MSIL2A_20240523T093549_R036_T35VML_20240523T122050,1258.0,1294.0,1260.0,2158.0,1,2024-05-23,0.0,25.746319,S2B_MSIL2A_20240523T093549_R036_T35VML_20240523T122050,1258.0,1294.0,1260.0,2158.0,3,2024-05-24,1.0,22.494221,S2A_MSIL2A_20240524T100031_R122_T35VML_20240524T144924,1160.0,1214.0,1177.0,1827.0,5,2024-05-28,1.0,12.870567,S2A_MSIL2A_20240528T094031_R036_T35VML_20240528T141609,1132.0,1254.0,1168.0,2338.0,7,2024-05-29,0.0,8.948678,S2B_MSIL2A_20240529T095549_R122_T35VML_20240529T171305,1189.0,1258.0,1166.0,2146.0,,,rejected,nodata_reject,S2B_MSIL2A_20240523T093549_R036_T35VML_20240523T122050,2024-05-23,1.0,25.746319,43.1131664994073,1.0,256,128,0,0,9,"B02,B03,B04,B08"
FI_00001234,18170,18170,2024-05-22,63.728776901271246,26.38240528354664,,,,950.0,26.0,46.0,8.0,,,,,,6.7,14.0,7.8,950.0,26.0,46.0,8.0,0.1,Korpijoki 2,,Kiuruvesi,,,,,,,,,FI_00001139,18170,2023-09-27,63.728776901271246,26.38240528354664,,,,1100.0,38.0,66.0,5.8,S2_FI_00001139,2024-05-24,2,3.586043,45.3273723847028,179.358557620497,,,35WNP,S2A_MSIL2A_20240524T100031_R122_T35WNP_20240524T150129,,,,,,6.8,12.0,10.5,1100.0,38.0,66.0,5.8,0.1,Korpijoki 2,,Kiuruvesi,,,,,,,,,ok,,-7,,,,,,,,,-5,2024-05-18,1.0,0.016008,S2A_MSIL2A_20240518T094031_R036_T35VML_20240518T141535,1112.0,1184.0,1164.0,1966.0,-3,2024-05-19,0.0,8.701533,S2B_MSIL2A_20240519T095549_R122_T35VML_20240519T122130,1182.0,1256.0,1199.0,1842.0,-1,,,,,,,,,0,2024-05-23,1.0,25.746319,S2B_MSIL2A_20240523T093549_R036_T35VML_20240523T122050,1258.0,1294.0,1260.0,2158.0,1,2024-05-23,0.0,25.746319,S2B_MSIL2A_20240523T093549_R036_T35VML_20240523T122050,1258.0,1294.0,1260.0,2158.0,3,2024-05-24,1.0,22.494221,S2A_MSIL2A_20240524T100031_R122_T35VML_20240524T144924,1160.0,1214.0,1177.0,1827.0,5,2024-05-28,1.0,12.870567,S2A_MSIL2A_20240528T094031_R036_T35VML_20240528T141609,1132.0,1254.0,1168.0,2338.0,7,2024-05-29,0.0,8.948678,S2B_MSIL2A_20240529T095549_R122_T35VML_20240529T171305,1189.0,1258.0,1166.0,2146.0,,,rejected,nodata_reject,S2B_MSIL2A_20240523T093549_R036_T35VML_20240523T122050,2024-05-23,1.0,25.746319,43.1131664994073,1.0,256,128,0,0,9,"B02,B03,B04,B08"
FI_00001235,18170,18170,2024-05-22,63.728776901271246,26.38240528354664,,,,950.0,26.0,46.0,8.0,,,,,,6.7,14.0,7.8,950.0,26.0,46.0,8.0,0.1,Korpijoki 2,,Kiuruvesi,,,,,,,,,FI_00001139,18170,2023-09-27,63.728776901271246,26.38240528354664,,,,1100.0,38.0,66.0,5.8,S2_FI_00001139,2024-05-24,2,3.586043,45.3273723847028,179.358557620497,,,35WNP,S2A_MSIL2A_20240524T100031_R122_T35WNP_20240524T150129,,,,,,6.8,12.0,10.5,1100.0,38.0,66.0,5.8,0.1,Korpijoki 2,,Kiuruvesi,,,,,,,,,ok,,-7,,,,,,,,,-5,2024-05-18,1.0,0.016008,S2A_MSIL2A_20240518T094031_R036_T35VML_20240518T141535,1112.0,1184.0,1164.0,1966.0,-3,2024-05-19,0.0,8.701533,S2B_MSIL2A_20240519T095549_R122_T35VML_20240519T122130,1182.0,1256.0,1199.0,1842.0,-1,,,,,,,,,0,2024-05-23,1.0,25.746319,S2B_MSIL2A_20240523T093549_R036_T35VML_20240523T122050,1258.0,1294.0,1260.0,2158.0,1,2024-05-23,0.0,25.746319,S2B_MSIL2A_20240523T093549_R036_T35VML_20240523T122050,1258.0,1294.0,1260.0,2158.0,3,2024-05-24,1.0,22.494221,S2A_MSIL2A_20240524T100031_R122_T35VML_20240524T144924,1160.0,1214.0,1177.0,1827.0,5,2024-05-28,1.0,12.870567,S2A_MSIL2A_20240528T094031_R036_T35VML_20240528T141609,1132.0,1254.0,1168.0,2338.0,7,2024-05-29,0.0,8.948678,S2B_MSIL2A_20240529T095549_R122_T35VML_20240529T171305,1189.0,1258.0,1166.0,2146.0,,,rejected,nodata_reject,S2B_MSIL2A_20240523T093549_R036_T35VML_20240523T122050,2024-05-23,1.0,25.746319,43.1131664994073,1.0,256,128,0,0,9,"B02,B03,B04,B08"
FI_00001236,18170,18170,2024-05-27,63.728776901271246,26.38240528354664,,,,910.0,27.0,60.0,9.0,,,,,,7.0,20.0,12.800000000000002,910.0,27.0,60.0,9.0,0.1,Korpijoki 2,,Kiuruvesi,,,,,,,,,FI_00001140,18170,2023-10-09,63.728776901271246,26.38240528354664,,35.0,,1200.0,38.0,40.0,7.2,S2_FI_00001140,2024-05-26,1,0.776225,45.0201076700465,176.005825734103,,,35WNP,S2B_MSIL2A_20240526T094549_R079_T35WNP_20240526T131456,,4.4,,35.0,,6.599999999999999,10.0,4.5,1200.0,38.0,40.0,7.2,0.1,Korpijoki 2,,Kiuruvesi,,,,,,,,,ok,,-7,2024-05-19,1.0,8.701533,S2B_MSIL2A_20240519T095549_R122_T35VML_20240519T122130,1182.0,1256.0,1199.0,1842.0,-5,2024-05-23,1.0,25.746319,S2B_MSIL2A_20240523T093549_R036_T35VML_20240523T122050,1258.0,1294.0,1260.0,2158.0,-3,2024-05-24,0.0,22.494221,S2A_MSIL2A_20240524T100031_R122_T35VML_20240524T144924,1160.0,1214.0,1177.0,1827.0,-1,2024-05-26,0.0,32.429713,S2B_MSIL2A_20240526T094549_R079_T35VML_20240526T131312,1447.0,1524.0,1474.0,2476.0,0,2024-05-28,1.0,12.870567,S2A_MSIL2A_20240528T094031_R036_T35VML_20240528T141609,1132.0,1254.0,1168.0,2338.0,1,2024-05-28,0.0,12.870567,S2A_MSIL2A_20240528T094031_R036_T35VML_20240528T141609,1132.0,1254.0,1168.0,2338.0,3,2024-05-29,1.0,8.948678,S2B_MSIL2A_20240529T095549_R122_T35VML_20240529T171305,1189.0,1258.0,1166.0,2146.0,5,,,,,,,,,7,2024-06-03,0.0,1.62406,S2A_MSIL2A_20240603T100031_R122_T35VML_20240603T151700,1122.0,1190.0,1149.0,2226.0,,,rejected,nodata_reject,S2A_MSIL2A_20240528T094031_R036_T35VML_20240528T141609,2024-05-28,1.0,12.870567,42.2666289049258,1.0,256,128,0,0,9,"B02,B03,B04,B08"
FI_00001237,18170,18170,2024-05-27,63.728776901271246,26.38240528354664,,,,910.0,27.0,60.0,9.0,,,,,,7.0,20.0,12.800000000000002,910.0,27.0,60.0,9.0,0.1,Korpijoki 2,,Kiuruvesi,,,,,,,,,FI_00001140,18170,2023-10-09,63.728776901271246,26.38240528354664,,35.0,,1200.0,38.0,40.0,7.2,S2_FI_00001140,2024-05-26,1,0.776225,45.0201076700465,176.005825734103,,,35WNP,S2B_MSIL2A_20240526T094549_R079_T35WNP_20240526T131456,,4.4,,35.0,,6.599999999999999,10.0,4.5,1200.0,38.0,40.0,7.2,0.1,Korpijoki 2,,Kiuruvesi,,,,,,,,,ok,,-7,2024-05-19,1.0,8.701533,S2B_MSIL2A_20240519T095549_R122_T35VML_20240519T122130,1182.0,1256.0,1199.0,1842.0,-5,2024-05-23,1.0,25.746319,S2B_MSIL2A_20240523T093549_R036_T35VML_20240523T122050,1258.0,1294.0,1260.0,2158.0,-3,2024-05-24,0.0,22.494221,S2A_MSIL2A_20240524T100031_R122_T35VML_20240524T144924,1160.0,1214.0,1177.0,1827.0,-1,2024-05-26,0.0,32.429713,S2B_MSIL2A_20240526T094549_R079_T35VML_20240526T131312,1447.0,1524.0,1474.0,2476.0,0,2024-05-28,1.0,12.870567,S2A_MSIL2A_20240528T094031_R036_T35VML_20240528T141609,1132.0,1254.0,1168.0,2338.0,1,2024-05-28,0.0,12.870567,S2A_MSIL2A_20240528T094031_R036_T35VML_20240528T141609,1132.0,1254.0,1168.0,2338.0,3,2024-05-29,1.0,8.948678,S2B_MSIL2A_20240529T095549_R122_T35VML_20240529T171305,1189.0,1258.0,1166.0,2146.0,5,,,,,,,,,7,2024-06-03,0.0,1.62406,S2A_MSIL2A_20240603T100031_R122_T35VML_20240603T151700,1122.0,1190.0,1149.0,2226.0,,,rejected,nodata_reject,S2A_MSIL2A_20240528T094031_R036_T35VML_20240528T141609,2024-05-28,1.0,12.870567,42.2666289049258,1.0,256,128,0,0,9,"B02,B03,B04,B08"
FI_00001238,18170,18170,2024-05-27,63.728776901271246,26.38240528354664,,,,910.0,27.0,60.0,9.0,,,,,,7.0,20.0,12.800000000000002,910.0,27.0,60.0,9.0,0.1,Korpijoki 2,,Kiuruvesi,,,,,,,,,FI_00001140,18170,2023-10-09,63.728776901271246,26.38240528354664,,35.0,,1200.0,38.0,40.0,7.2,S2_FI_00001140,2024-05-26,1,0.776225,45.0201076700465,176.005825734103,,,35WNP,S2B_MSIL2A_20240526T094549_R079_T35WNP_20240526T131456,,4.4,,35.0,,6.599999999999999,10.0,4.5,1200.0,38.0,40.0,7.2,0.1,Korpijoki 2,,Kiuruvesi,,,,,,,,,ok,,-7,2024-05-19,1.0,8.701533,S2B_MSIL2A_20240519T095549_R122_T35VML_20240519T122130,1182.0,1256.0,1199.0,1842.0,-5,2024-05-23,1.0,25.746319,S2B_MSIL2A_20240523T093549_R036_T35VML_20240523T122050,1258.0,1294.0,1260.0,2158.0,-3,2024-05-24,0.0,22.494221,S2A_MSIL2A_20240524T100031_R122_T35VML_20240524T144924,1160.0,1214.0,1177.0,1827.0,-1,2024-05-26,0.0,32.429713,S2B_MSIL2A_20240526T094549_R079_T35VML_20240526T131312,1447.0,1524.0,1474.0,2476.0,0,2024-05-28,1.0,12.870567,S2A_MSIL2A_20240528T094031_R036_T35VML_20240528T141609,1132.0,1254.0,1168.0,2338.0,1,2024-05-28,0.0,12.870567,S2A_MSIL2A_20240528T094031_R036_T35VML_20240528T141609,1132.0,1254.0,1168.0,2338.0,3,2024-05-29,1.0,8.948678,S2B_MSIL2A_20240529T095549_R122_T35VML_20240529T171305,1189.0,1258.0,1166.0,2146.0,5,,,,,,,,,7,2024-06-03,0.0,1.62406,S2A_MSIL2A_20240603T100031_R122_T35VML_20240603T151700,1122.0,1190.0,1149.0,2226.0,,,rejected,nodata_reject,S2A_MSIL2A_20240528T094031_R036_T35VML_20240528T141609,2024-05-28,1.0,12.870567,42.2666289049258,1.0,256,128,0,0,9,"B02,B03,B04,B08"
FI_00001239,18170,18170,2024-05-27,63.728776901271246,26.38240528354664,,,,910.0,27.0,60.0,9.0,,,,,,7.0,20.0,12.800000000000002,910.0,27.0,60.0,9.0,0.1,Korpijoki 2,,Kiuruvesi,,,,,,,,,FI_00001140,18170,2023-10-09,63.728776901271246,26.38240528354664,,35.0,,1200.0,38.0,40.0,7.2,S2_FI_00001140,2024-05-26,1,0.776225,45.0201076700465,176.005825734103,,,35WNP,S2B_MSIL2A_20240526T094549_R079_T35WNP_20240526T131456,,4.4,,35.0,,6.599999999999999,10.0,4.5,1200.0,38.0,40.0,7.2,0.1,Korpijoki 2,,Kiuruvesi,,,,,,,,,ok,,-7,2024-05-19,1.0,8.701533,S2B_MSIL2A_20240519T095549_R122_T35VML_20240519T122130,1182.0,1256.0,1199.0,1842.0,-5,2024-05-23,1.0,25.746319,S2B_MSIL2A_20240523T093549_R036_T35VML_20240523T122050,1258.0,1294.0,1260.0,2158.0,-3,2024-05-24,0.0,22.494221,S2A_MSIL2A_20240524T100031_R122_T35VML_20240524T144924,1160.0,1214.0,1177.0,1827.0,-1,2024-05-26,0.0,32.429713,S2B_MSIL2A_20240526T094549_R079_T35VML_20240526T131312,1447.0,1524.0,1474.0,2476.0,0,2024-05-28,1.0,12.870567,S2A_MSIL2A_20240528T094031_R036_T35VML_20240528T141609,1132.0,1254.0,1168.0,2338.0,1,2024-05-28,0.0,12.870567,S2A_MSIL2A_20240528T094031_R036_T35VML_20240528T141609,1132.0,1254.0,1168.0,2338.0,3,2024-05-29,1.0,8.948678,S2B_MSIL2A_20240529T095549_R122_T35VML_20240529T171305,1189.0,1258.0,1166.0,2146.0,5,,,,,,,,,7,2024-06-03,0.0,1.62406,S2A_MSIL2A_20240603T100031_R122_T35VML_20240603T151700,1122.0,1190.0,1149.0,2226.0,,,rejected,nodata_reject,S2A_MSIL2A_20240528T094031_R036_T35VML_20240528T141609,2024-05-28,1.0,12.870567,42.2666289049258,1.0,256,128,0,0,9,"B02,B03,B04,B08"
FI_00001240,18170,18170,2024-05-27,63.728776901271246,26.38240528354664,,,,910.0,27.0,60.0,9.0,,,,,,7.0,20.0,12.800000000000002,910.0,27.0,60.0,9.0,0.1,Korpijoki 2,,Kiuruvesi,,,,,,,,,FI_00001140,18170,2023-10-09,63.728776901271246,26.38240528354664,,35.0,,1200.0,38.0,40.0,7.2,S2_FI_00001140,2024-05-26,1,0.776225,45.0201076700465,176.005825734103,,,35WNP,S2B_MSIL2A_20240526T094549_R079_T35WNP_20240526T131456,,4.4,,35.0,,6.599999999999999,10.0,4.5,1200.0,38.0,40.0,7.2,0.1,Korpijoki 2,,Kiuruvesi,,,,,,,,,ok,,-7,2024-05-19,1.0,8.701533,S2B_MSIL2A_20240519T095549_R122_T35VML_20240519T122130,1182.0,1256.0,1199.0,1842.0,-5,2024-05-23,1.0,25.746319,S2B_MSIL2A_20240523T093549_R036_T35VML_20240523T122050,1258.0,1294.0,1260.0,2158.0,-3,2024-05-24,0.0,22.494221,S2A_MSIL2A_20240524T100031_R122_T35VML_20240524T144924,1160.0,1214.0,1177.0,1827.0,-1,2024-05-26,0.0,32.429713,S2B_MSIL2A_20240526T094549_R079_T35VML_20240526T131312,1447.0,1524.0,1474.0,2476.0,0,2024-05-28,1.0,12.870567,S2A_MSIL2A_20240528T094031_R036_T35VML_20240528T141609,1132.0,1254.0,1168.0,2338.0,1,2024-05-28,0.0,12.870567,S2A_MSIL2A_20240528T094031_R036_T35VML_20240528T141609,1132.0,1254.0,1168.0,2338.0,3,2024-05-29,1.0,8.948678,S2B_MSIL2A_20240529T095549_R122_T35VML_20240529T171305,1189.0,1258.0,1166.0,2146.0,5,,,,,,,,,7,2024-06-03,0.0,1.62406,S2A_MSIL2A_20240603T100031_R122_T35VML_20240603T151700,1122.0,1190.0,1149.0,2226.0,,,rejected,nodata_reject,S2A_MSIL2A_20240528T094031_R036_T35VML_20240528T141609,2024-05-28,1.0,12.870567,42.2666289049258,1.0,256,128,0,0,9,"B02,B03,B04,B08"
FI_00001241,18170,18170,2024-05-27,63.728776901271246,26.38240528354664,,,,910.0,27.0,60.0,9.0,,,,,,7.0,20.0,12.800000000000002,910.0,27.0,60.0,9.0,0.1,Korpijoki 2,,Kiuruvesi,,,,,,,,,FI_00001140,18170,2023-10-09,63.728776901271246,26.38240528354664,,35.0,,1200.0,38.0,40.0,7.2,S2_FI_00001140,2024-05-26,1,0.776225,45.0201076700465,176.005825734103,,,35WNP,S2B_MSIL2A_20240526T094549_R079_T35WNP_20240526T131456,,4.4,,35.0,,6.599999999999999,10.0,4.5,1200.0,38.0,40.0,7.2,0.1,Korpijoki 2,,Kiuruvesi,,,,,,,,,ok,,-7,2024-05-19,1.0,8.701533,S2B_MSIL2A_20240519T095549_R122_T35VML_20240519T122130,1182.0,1256.0,1199.0,1842.0,-5,2024-05-23,1.0,25.746319,S2B_MSIL2A_20240523T093549_R036_T35VML_20240523T122050,1258.0,1294.0,1260.0,2158.0,-3,2024-05-24,0.0,22.494221,S2A_MSIL2A_20240524T100031_R122_T35VML_20240524T144924,1160.0,1214.0,1177.0,1827.0,-1,2024-05-26,0.0,32.429713,S2B_MSIL2A_20240526T094549_R079_T35VML_20240526T131312,1447.0,1524.0,1474.0,2476.0,0,2024-05-28,1.0,12.870567,S2A_MSIL2A_20240528T094031_R036_T35VML_20240528T141609,1132.0,1254.0,1168.0,2338.0,1,2024-05-28,0.0,12.870567,S2A_MSIL2A_20240528T094031_R036_T35VML_20240528T141609,1132.0,1254.0,1168.0,2338.0,3,2024-05-29,1.0,8.948678,S2B_MSIL2A_20240529T095549_R122_T35VML_20240529T171305,1189.0,1258.0,1166.0,2146.0,5,,,,,,,,,7,2024-06-03,0.0,1.62406,S2A_MSIL2A_20240603T100031_R122_T35VML_20240603T151700,1122.0,1190.0,1149.0,2226.0,,,rejected,nodata_reject,S2A_MSIL2A_20240528T094031_R036_T35VML_20240528T141609,2024-05-28,1.0,12.870567,42.2666289049258,1.0,256,128,0,0,9,"B02,B03,B04,B08"
FI_00001242,18170,18170,2024-06-19,63.728776901271246,26.38240528354664,,,,960.0,27.0,87.0,18.0,,,,,,7.0,24.0,16.5,960.0,27.0,87.0,18.0,0.1,Korpijoki 2,,Kiuruvesi,,,,,,,,,FI_00001141,18170,2023-10-09,63.728776901271246,26.38240528354664,,35.0,,1200.0,38.0,40.0,7.2,S2_FI_00001141,2024-06-18,1,98.849946,42.8169804482926,177.883356361404,,,35WNP,S2B_MSIL2A_20240618T095549_R122_T35WNP_20240618T131023,,4.4,,35.0,,6.599999999999999,10.0,4.5,1200.0,38.0,40.0,7.2,0.1,Korpijoki 2,,Kiuruvesi,,,,,,,,,ok,,-7,,,,,,,,,-5,,,,,,,,,-3,2024-06-17,1.0,28.009385,S2A_MSIL2A_20240617T094041_R036_T35VML_20240617T153421,2528.0,2226.0,2088.0,4428.0,-1,2024-06-17,1.0,28.009385,S2A_MSIL2A_20240617T094041_R036_T35VML_20240617T153421,2528.0,2226.0,2088.0,4428.0,0,,,,,,,,,1,,,,,,,,,3,2024-06-23,1.0,1.832884,S2A_MSIL2A_20240623T100031_R122_T35VML_20240623T160958,1107.0,1157.0,1113.0,2366.0,5,2024-06-23,1.0,1.832884,S2A_MSIL2A_20240623T100031_R122_T35VML_20240623T160958,1107.0,1157.0,1113.0,2366.0,7,2024-06-27,1.0,5.772091,S2A_MSIL2A_20240627T094031_R036_T35VML_20240627T153200,1146.0,1264.0,1130.0,2638.0,,,rejected,nodata_reject,S2A_MSIL2A_20240617T094041_R036_T35VML_20240617T153421,2024-06-17,2.0,28.009385,40.5260138780866,1.0,256,128,0,0,9,"B02,B03,B04,B08"
FI_00001243,18170,18170,2024-06-19,63.728776901271246,26.38240528354664,,,,960.0,27.0,87.0,18.0,,,,,,7.0,24.0,16.5,960.0,27.0,87.0,18.0,0.1,Korpijoki 2,,Kiuruvesi,,,,,,,,,FI_00001141,18170,2023-10-09,63.728776901271246,26.38240528354664,,35.0,,1200.0,38.0,40.0,7.2,S2_FI_00001141,2024-06-18,1,98.849946,42.8169804482926,177.883356361404,,,35WNP,S2B_MSIL2A_20240618T095549_R122_T35WNP_20240618T131023,,4.4,,35.0,,6.599999999999999,10.0,4.5,1200.0,38.0,40.0,7.2,0.1,Korpijoki 2,,Kiuruvesi,,,,,,,,,ok,,-7,,,,,,,,,-5,,,,,,,,,-3,2024-06-17,1.0,28.009385,S2A_MSIL2A_20240617T094041_R036_T35VML_20240617T153421,2528.0,2226.0,2088.0,4428.0,-1,2024-06-17,1.0,28.009385,S2A_MSIL2A_20240617T094041_R036_T35VML_20240617T153421,2528.0,2226.0,2088.0,4428.0,0,,,,,,,,,1,,,,,,,,,3,2024-06-23,1.0,1.832884,S2A_MSIL2A_20240623T100031_R122_T35VML_20240623T160958,1107.0,1157.0,1113.0,2366.0,5,2024-06-23,1.0,1.832884,S2A_MSIL2A_20240623T100031_R122_T35VML_20240623T160958,1107.0,1157.0,1113.0,2366.0,7,2024-06-27,1.0,5.772091,S2A_MSIL2A_20240627T094031_R036_T35VML_20240627T153200,1146.0,1264.0,1130.0,2638.0,,,rejected,nodata_reject,S2A_MSIL2A_20240617T094041_R036_T35VML_20240617T153421,2024-06-17,2.0,28.009385,40.5260138780866,1.0,256,128,0,0,9,"B02,B03,B04,B08"
FI_00001244,18170,18170,2024-06-19,63.728776901271246,26.38240528354664,,,,960.0,27.0,87.0,18.0,,,,,,7.0,24.0,16.5,960.0,27.0,87.0,18.0,0.1,Korpijoki 2,,Kiuruvesi,,,,,,,,,FI_00001141,18170,2023-10-09,63.728776901271246,26.38240528354664,,35.0,,1200.0,38.0,40.0,7.2,S2_FI_00001141,2024-06-18,1,98.849946,42.8169804482926,177.883356361404,,,35WNP,S2B_MSIL2A_20240618T095549_R122_T35WNP_20240618T131023,,4.4,,35.0,,6.599999999999999,10.0,4.5,1200.0,38.0,40.0,7.2,0.1,Korpijoki 2,,Kiuruvesi,,,,,,,,,ok,,-7,,,,,,,,,-5,,,,,,,,,-3,2024-06-17,1.0,28.009385,S2A_MSIL2A_20240617T094041_R036_T35VML_20240617T153421,2528.0,2226.0,2088.0,4428.0,-1,2024-06-17,1.0,28.009385,S2A_MSIL2A_20240617T094041_R036_T35VML_20240617T153421,2528.0,2226.0,2088.0,4428.0,0,,,,,,,,,1,,,,,,,,,3,2024-06-23,1.0,1.832884,S2A_MSIL2A_20240623T100031_R122_T35VML_20240623T160958,1107.0,1157.0,1113.0,2366.0,5,2024-06-23,1.0,1.832884,S2A_MSIL2A_20240623T100031_R122_T35VML_20240623T160958,1107.0,1157.0,1113.0,2366.0,7,2024-06-27,1.0,5.772091,S2A_MSIL2A_20240627T094031_R036_T35VML_20240627T153200,1146.0,1264.0,1130.0,2638.0,,,rejected,nodata_reject,S2A_MSIL2A_20240617T094041_R036_T35VML_20240617T153421,2024-06-17,2.0,28.009385,40.5260138780866,1.0,256,128,0,0,9,"B02,B03,B04,B08"
FI_00001245,18170,18170,2024-06-19,63.728776901271246,26.38240528354664,,,,960.0,27.0,87.0,18.0,,,,,,7.0,24.0,16.5,960.0,27.0,87.0,18.0,0.1,Korpijoki 2,,Kiuruvesi,,,,,,,,,FI_00001141,18170,2023-10-09,63.728776901271246,26.38240528354664,,35.0,,1200.0,38.0,40.0,7.2,S2_FI_00001141,2024-06-18,1,98.849946,42.8169804482926,177.883356361404,,,35WNP,S2B_MSIL2A_20240618T095549_R122_T35WNP_20240618T131023,,4.4,,35.0,,6.599999999999999,10.0,4.5,1200.0,38.0,40.0,7.2,0.1,Korpijoki 2,,Kiuruvesi,,,,,,,,,ok,,-7,,,,,,,,,-5,,,,,,,,,-3,2024-06-17,1.0,28.009385,S2A_MSIL2A_20240617T094041_R036_T35VML_20240617T153421,2528.0,2226.0,2088.0,4428.0,-1,2024-06-17,1.0,28.009385,S2A_MSIL2A_20240617T094041_R036_T35VML_20240617T153421,2528.0,2226.0,2088.0,4428.0,0,,,,,,,,,1,,,,,,,,,3,2024-06-23,1.0,1.832884,S2A_MSIL2A_20240623T100031_R122_T35VML_20240623T160958,1107.0,1157.0,1113.0,2366.0,5,2024-06-23,1.0,1.832884,S2A_MSIL2A_20240623T100031_R122_T35VML_20240623T160958,1107.0,1157.0,1113.0,2366.0,7,2024-06-27,1.0,5.772091,S2A_MSIL2A_20240627T094031_R036_T35VML_20240627T153200,1146.0,1264.0,1130.0,2638.0,,,rejected,nodata_reject,S2A_MSIL2A_20240617T094041_R036_T35VML_20240617T153421,2024-06-17,2.0,28.009385,40.5260138780866,1.0,256,128,0,0,9,"B02,B03,B04,B08"
FI_00001246,18170,18170,2024-06-19,63.728776901271246,26.38240528354664,,,,960.0,27.0,87.0,18.0,,,,,,7.0,24.0,16.5,960.0,27.0,87.0,18.0,0.1,Korpijoki 2,,Kiuruvesi,,,,,,,,,FI_00001141,18170,2023-10-09,63.728776901271246,26.38240528354664,,35.0,,1200.0,38.0,40.0,7.2,S2_FI_00001141,2024-06-18,1,98.849946,42.8169804482926,177.883356361404,,,35WNP,S2B_MSIL2A_20240618T095549_R122_T35WNP_20240618T131023,,4.4,,35.0,,6.599999999999999,10.0,4.5,1200.0,38.0,40.0,7.2,0.1,Korpijoki 2,,Kiuruvesi,,,,,,,,,ok,,-7,,,,,,,,,-5,,,,,,,,,-3,2024-06-17,1.0,28.009385,S2A_MSIL2A_20240617T094041_R036_T35VML_20240617T153421,2528.0,2226.0,2088.0,4428.0,-1,2024-06-17,1.0,28.009385,S2A_MSIL2A_20240617T094041_R036_T35VML_20240617T153421,2528.0,2226.0,2088.0,4428.0,0,,,,,,,,,1,,,,,,,,,3,2024-06-23,1.0,1.832884,S2A_MSIL2A_20240623T100031_R122_T35VML_20240623T160958,1107.0,1157.0,1113.0,2366.0,5,2024-06-23,1.0,1.832884,S2A_MSIL2A_20240623T100031_R122_T35VML_20240623T160958,1107.0,1157.0,1113.0,2366.0,7,2024-06-27,1.0,5.772091,S2A_MSIL2A_20240627T094031_R036_T35VML_20240627T153200,1146.0,1264.0,1130.0,2638.0,,,rejected,nodata_reject,S2A_MSIL2A_20240617T094041_R036_T35VML_20240617T153421,2024-06-17,2.0,28.009385,40.5260138780866,1.0,256,128,0,0,9,"B02,B03,B04,B08"
FI_00001247,18170,18170,2024-06-19,63.728776901271246,26.38240528354664,,,,960.0,27.0,87.0,18.0,,,,,,7.0,24.0,16.5,960.0,27.0,87.0,18.0,0.1,Korpijoki 2,,Kiuruvesi,,,,,,,,,FI_00001141,18170,2023-10-09,63.728776901271246,26.38240528354664,,35.0,,1200.0,38.0,40.0,7.2,S2_FI_00001141,2024-06-18,1,98.849946,42.8169804482926,177.883356361404,,,35WNP,S2B_MSIL2A_20240618T095549_R122_T35WNP_20240618T131023,,4.4,,35.0,,6.599999999999999,10.0,4.5,1200.0,38.0,40.0,7.2,0.1,Korpijoki 2,,Kiuruvesi,,,,,,,,,ok,,-7,,,,,,,,,-5,,,,,,,,,-3,2024-06-17,1.0,28.009385,S2A_MSIL2A_20240617T094041_R036_T35VML_20240617T153421,2528.0,2226.0,2088.0,4428.0,-1,2024-06-17,1.0,28.009385,S2A_MSIL2A_20240617T094041_R036_T35VML_20240617T153421,2528.0,2226.0,2088.0,4428.0,0,,,,,,,,,1,,,,,,,,,3,2024-06-23,1.0,1.832884,S2A_MSIL2A_20240623T100031_R122_T35VML_20240623T160958,1107.0,1157.0,1113.0,2366.0,5,2024-06-23,1.0,1.832884,S2A_MSIL2A_20240623T100031_R122_T35VML_20240623T160958,1107.0,1157.0,1113.0,2366.0,7,2024-06-27,1.0,5.772091,S2A_MSIL2A_20240627T094031_R036_T35VML_20240627T153200,1146.0,1264.0,1130.0,2638.0,,,rejected,nodata_reject,S2A_MSIL2A_20240617T094041_R036_T35VML_20240617T153421,2024-06-17,2.0,28.009385,40.5260138780866,1.0,256,128,0,0,9,"B02,B03,B04,B08"
FI_00001248,18170,18170,2024-07-16,63.728776901271246,26.38240528354664,,,,1500.0,33.0,120.0,19.0,,,,,,6.900000000000001,30.0,15.300000000000002,1500.0,33.0,120.0,19.0,0.1,Korpijoki 2,,Kiuruvesi,,,,,,,,,FI_00001188,18170,2024-04-02,63.728776901271246,26.38240528354664,,,,3000.0,20.0,100.0,22.0,S2_FI_00001188,2024-07-15,1,35.570309,40.7717361125504,167.274328962684,,,35VLJ,S2B_MSIL2A_20240715T094549_R079_T35VLJ_20240715T135301,,,,,,6.8,20.0,0.0,3000.0,20.0,100.0,22.0,0.1,Korpijoki 2,,Kiuruvesi,,,,,,,,,ok,,-7,2024-07-10,1.0,22.928996,S2A_MSIL2A_20240710T095031_R079_T35VML_20240710T171306,1010.0,1085.0,1081.0,1424.0,-5,2024-07-10,1.0,22.928996,S2A_MSIL2A_20240710T095031_R079_T35VML_20240710T171306,1010.0,1085.0,1081.0,1424.0,-3,,,,,,,,,-1,,,,,,,,,0,,,,,,,,,1,,,,,,,,,3,,,,,,,,,5,2024-07-22,1.0,0.606185,S2B_MSIL2A_20240722T093549_R036_T35VML_20240722T141846,1168.0,1214.0,1122.0,2540.0,7,2024-07-23,0.0,17.893711,S2A_MSIL2A_20240723T100031_R122_T35VML_20240723T132758,1319.0,1363.0,1245.0,2489.0,,,no_match,no_stac_item,,,,,,,256,128,0,0,0,"B02,B03,B04,B08"
FI_00001249,18170,18170,2024-07-16,63.728776901271246,26.38240528354664,,,,1500.0,33.0,120.0,19.0,,,,,,6.900000000000001,30.0,15.300000000000002,1500.0,33.0,120.0,19.0,0.1,Korpijoki 2,,Kiuruvesi,,,,,,,,,FI_00001188,18170,2024-04-02,63.728776901271246,26.38240528354664,,,,3000.0,20.0,100.0,22.0,S2_FI_00001188,2024-07-15,1,35.570309,40.7717361125504,167.274328962684,,,35VLJ,S2B_MSIL2A_20240715T094549_R079_T35VLJ_20240715T135301,,,,,,6.8,20.0,0.0,3000.0,20.0,100.0,22.0,0.1,Korpijoki 2,,Kiuruvesi,,,,,,,,,ok,,-7,2024-07-10,1.0,22.928996,S2A_MSIL2A_20240710T095031_R079_T35VML_20240710T171306,1010.0,1085.0,1081.0,1424.0,-5,2024-07-10,1.0,22.928996,S2A_MSIL2A_20240710T095031_R079_T35VML_20240710T171306,1010.0,1085.0,1081.0,1424.0,-3,,,,,,,,,-1,,,,,,,,,0,,,,,,,,,1,,,,,,,,,3,,,,,,,,,5,2024-07-22,1.0,0.606185,S2B_MSIL2A_20240722T093549_R036_T35VML_20240722T141846,1168.0,1214.0,1122.0,2540.0,7,2024-07-23,0.0,17.893711,S2A_MSIL2A_20240723T100031_R122_T35VML_20240723T132758,1319.0,1363.0,1245.0,2489.0,,,no_match,no_stac_item,,,,,,,256,128,0,0,0,"B02,B03,B04,B08"
FI_00001250,18170,18170,2024-07-16,63.728776901271246,26.38240528354664,,,,1500.0,33.0,120.0,19.0,,,,,,6.900000000000001,30.0,15.300000000000002,1500.0,33.0,120.0,19.0,0.1,Korpijoki 2,,Kiuruvesi,,,,,,,,,FI_00001188,18170,2024-04-02,63.728776901271246,26.38240528354664,,,,3000.0,20.0,100.0,22.0,S2_FI_00001188,2024-07-15,1,35.570309,40.7717361125504,167.274328962684,,,35VLJ,S2B_MSIL2A_20240715T094549_R079_T35VLJ_20240715T135301,,,,,,6.8,20.0,0.0,3000.0,20.0,100.0,22.0,0.1,Korpijoki 2,,Kiuruvesi,,,,,,,,,ok,,-7,2024-07-10,1.0,22.928996,S2A_MSIL2A_20240710T095031_R079_T35VML_20240710T171306,1010.0,1085.0,1081.0,1424.0,-5,2024-07-10,1.0,22.928996,S2A_MSIL2A_20240710T095031_R079_T35VML_20240710T171306,1010.0,1085.0,1081.0,1424.0,-3,,,,,,,,,-1,,,,,,,,,0,,,,,,,,,1,,,,,,,,,3,,,,,,,,,5,2024-07-22,1.0,0.606185,S2B_MSIL2A_20240722T093549_R036_T35VML_20240722T141846,1168.0,1214.0,1122.0,2540.0,7,2024-07-23,0.0,17.893711,S2A_MSIL2A_20240723T100031_R122_T35VML_20240723T132758,1319.0,1363.0,1245.0,2489.0,,,no_match,no_stac_item,,,,,,,256,128,0,0,0,"B02,B03,B04,B08"
FI_00001251,18170,18170,2024-07-16,63.728776901271246,26.38240528354664,,,,1500.0,33.0,120.0,19.0,,,,,,6.900000000000001,30.0,15.300000000000002,1500.0,33.0,120.0,19.0,0.1,Korpijoki 2,,Kiuruvesi,,,,,,,,,FI_00001188,18170,2024-04-02,63.728776901271246,26.38240528354664,,,,3000.0,20.0,100.0,22.0,S2_FI_00001188,2024-07-15,1,35.570309,40.7717361125504,167.274328962684,,,35VLJ,S2B_MSIL2A_20240715T094549_R079_T35VLJ_20240715T135301,,,,,,6.8,20.0,0.0,3000.0,20.0,100.0,22.0,0.1,Korpijoki 2,,Kiuruvesi,,,,,,,,,ok,,-7,2024-07-10,1.0,22.928996,S2A_MSIL2A_20240710T095031_R079_T35VML_20240710T171306,1010.0,1085.0,1081.0,1424.0,-5,2024-07-10,1.0,22.928996,S2A_MSIL2A_20240710T095031_R079_T35VML_20240710T171306,1010.0,1085.0,1081.0,1424.0,-3,,,,,,,,,-1,,,,,,,,,0,,,,,,,,,1,,,,,,,,,3,,,,,,,,,5,2024-07-22,1.0,0.606185,S2B_MSIL2A_20240722T093549_R036_T35VML_20240722T141846,1168.0,1214.0,1122.0,2540.0,7,2024-07-23,0.0,17.893711,S2A_MSIL2A_20240723T100031_R122_T35VML_20240723T132758,1319.0,1363.0,1245.0,2489.0,,,no_match,no_stac_item,,,,,,,256,128,0,0,0,"B02,B03,B04,B08"
FI_00001252,18170,18170,2024-07-16,63.728776901271246,26.38240528354664,,,,1500.0,33.0,120.0,19.0,,,,,,6.900000000000001,30.0,15.300000000000002,1500.0,33.0,120.0,19.0,0.1,Korpijoki 2,,Kiuruvesi,,,,,,,,,FI_00001188,18170,2024-04-02,63.728776901271246,26.38240528354664,,,,3000.0,20.0,100.0,22.0,S2_FI_00001188,2024-07-15,1,35.570309,40.7717361125504,167.274328962684,,,35VLJ,S2B_MSIL2A_20240715T094549_R079_T35VLJ_20240715T135301,,,,,,6.8,20.0,0.0,3000.0,20.0,100.0,22.0,0.1,Korpijoki 2,,Kiuruvesi,,,,,,,,,ok,,-7,2024-07-10,1.0,22.928996,S2A_MSIL2A_20240710T095031_R079_T35VML_20240710T171306,1010.0,1085.0,1081.0,1424.0,-5,2024-07-10,1.0,22.928996,S2A_MSIL2A_20240710T095031_R079_T35VML_20240710T171306,1010.0,1085.0,1081.0,1424.0,-3,,,,,,,,,-1,,,,,,,,,0,,,,,,,,,1,,,,,,,,,3,,,,,,,,,5,2024-07-22,1.0,0.606185,S2B_MSIL2A_20240722T093549_R036_T35VML_20240722T141846,1168.0,1214.0,1122.0,2540.0,7,2024-07-23,0.0,17.893711,S2A_MSIL2A_20240723T100031_R122_T35VML_20240723T132758,1319.0,1363.0,1245.0,2489.0,,,no_match,no_stac_item,,,,,,,256,128,0,0,0,"B02,B03,B04,B08"
FI_00001253,18170,18170,2024-07-16,63.728776901271246,26.38240528354664,,,,1500.0,33.0,120.0,19.0,,,,,,6.900000000000001,30.0,15.300000000000002,1500.0,33.0,120.0,19.0,0.1,Korpijoki 2,,Kiuruvesi,,,,,,,,,FI_00001188,18170,2024-04-02,63.728776901271246,26.38240528354664,,,,3000.0,20.0,100.0,22.0,S2_FI_00001188,2024-07-15,1,35.570309,40.7717361125504,167.274328962684,,,35VLJ,S2B_MSIL2A_20240715T094549_R079_T35VLJ_20240715T135301,,,,,,6.8,20.0,0.0,3000.0,20.0,100.0,22.0,0.1,Korpijoki 2,,Kiuruvesi,,,,,,,,,ok,,-7,2024-07-10,1.0,22.928996,S2A_MSIL2A_20240710T095031_R079_T35VML_20240710T171306,1010.0,1085.0,1081.0,1424.0,-5,2024-07-10,1.0,22.928996,S2A_MSIL2A_20240710T095031_R079_T35VML_20240710T171306,1010.0,1085.0,1081.0,1424.0,-3,,,,,,,,,-1,,,,,,,,,0,,,,,,,,,1,,,,,,,,,3,,,,,,,,,5,2024-07-22,1.0,0.606185,S2B_MSIL2A_20240722T093549_R036_T35VML_20240722T141846,1168.0,1214.0,1122.0,2540.0,7,2024-07-23,0.0,17.893711,S2A_MSIL2A_20240723T100031_R122_T35VML_20240723T132758,1319.0,1363.0,1245.0,2489.0,,,no_match,no_stac_item,,,,,,,256,128,0,0,0,"B02,B03,B04,B08"
FI_00001254,18170,18170,2024-08-07,63.728776901271246,26.38240528354664,,27.0,,1200.0,31.0,76.0,12.0,,7.599999999999999,,27.0,,7.400000000000001,19.0,15.800000000000002,1200.0,31.0,76.0,12.0,0.1,Korpijoki 2,,Kiuruvesi,,,,,,,,,FI_00001143,18170,2023-10-09,63.728776901271246,26.38240528354664,,35.0,,1200.0,38.0,40.0,7.2,S2_FI_00001143,2024-08-07,0,0.212109,50.0368772324652,176.634034411747,,,35WNP,S2B_MSIL2A_20240807T095549_R122_T35WNP_20240807T132638,,4.4,,35.0,,6.599999999999999,10.0,4.5,1200.0,38.0,40.0,7.2,0.1,Korpijoki 2,,Kiuruvesi,,,,,,,,,ok,,-7,,,,,,,,,-5,,,,,,,,,-3,,,,,,,,,-1,2024-08-07,1.0,0.081528,S2B_MSIL2A_20240807T095549_R122_T35VML_20240807T132638,1128.0,1157.0,1084.0,2146.0,0,2024-08-07,0.0,0.081528,S2B_MSIL2A_20240807T095549_R122_T35VML_20240807T132638,1128.0,1157.0,1084.0,2146.0,1,2024-08-07,1.0,0.081528,S2B_MSIL2A_20240807T095549_R122_T35VML_20240807T132638,1128.0,1157.0,1084.0,2146.0,3,2024-08-09,1.0,21.384405,S2A_MSIL2A_20240809T095031_R079_T35VML_20240809T130851,1304.0,1278.0,1224.0,1716.0,5,2024-08-11,1.0,39.517024,S2B_MSIL2A_20240811T093549_R036_T35VML_20240811T122825,7076.0,6492.0,6152.0,8312.0,7,2024-08-14,0.0,22.211546,S2B_MSIL2A_20240814T094549_R079_T35VML_20240814T123852,1240.0,1257.0,1172.0,2130.0,D:\Water Quality Parameter Estimation\wq_pipeline\artifacts\tolerance_3d\prepared\chips\train\sample_FI_00001254.npz,D:\Water Quality Parameter Estimation\wq_pipeline\artifacts\tolerance_3d\prepared\chips\train\sample_FI_00001254.png,ok,,S2B_MSIL2A_20240807T095549_R122_T35VML_20240807T132638,2024-08-07,0.0,0.081528,47.4234474647452,0.0,256,128,0,0,9,"B02,B03,B04,B08"
FI_00001255,18170,18170,2024-08-07,63.728776901271246,26.38240528354664,,27.0,,1200.0,31.0,76.0,12.0,,7.599999999999999,,27.0,,7.400000000000001,19.0,15.800000000000002,1200.0,31.0,76.0,12.0,0.1,Korpijoki 2,,Kiuruvesi,,,,,,,,,FI_00001143,18170,2023-10-09,63.728776901271246,26.38240528354664,,35.0,,1200.0,38.0,40.0,7.2,S2_FI_00001143,2024-08-07,0,0.212109,50.0368772324652,176.634034411747,,,35WNP,S2B_MSIL2A_20240807T095549_R122_T35WNP_20240807T132638,,4.4,,35.0,,6.599999999999999,10.0,4.5,1200.0,38.0,40.0,7.2,0.1,Korpijoki 2,,Kiuruvesi,,,,,,,,,ok,,-7,,,,,,,,,-5,,,,,,,,,-3,,,,,,,,,-1,2024-08-07,1.0,0.081528,S2B_MSIL2A_20240807T095549_R122_T35VML_20240807T132638,1128.0,1157.0,1084.0,2146.0,0,2024-08-07,0.0,0.081528,S2B_MSIL2A_20240807T095549_R122_T35VML_20240807T132638,1128.0,1157.0,1084.0,2146.0,1,2024-08-07,1.0,0.081528,S2B_MSIL2A_20240807T095549_R122_T35VML_20240807T132638,1128.0,1157.0,1084.0,2146.0,3,2024-08-09,1.0,21.384405,S2A_MSIL2A_20240809T095031_R079_T35VML_20240809T130851,1304.0,1278.0,1224.0,1716.0,5,2024-08-11,1.0,39.517024,S2B_MSIL2A_20240811T093549_R036_T35VML_20240811T122825,7076.0,6492.0,6152.0,8312.0,7,2024-08-14,0.0,22.211546,S2B_MSIL2A_20240814T094549_R079_T35VML_20240814T123852,1240.0,1257.0,1172.0,2130.0,D:\Water Quality Parameter Estimation\wq_pipeline\artifacts\tolerance_3d\prepared\chips\train\sample_FI_00001255.npz,D:\Water Quality Parameter Estimation\wq_pipeline\artifacts\tolerance_3d\prepared\chips\train\sample_FI_00001255.png,ok,,S2B_MSIL2A_20240807T095549_R122_T35VML_20240807T132638,2024-08-07,0.0,0.081528,47.4234474647452,0.0,256,128,0,0,9,"B02,B03,B04,B08"
FI_00001256,18170,18170,2024-08-07,63.728776901271246,26.38240528354664,,27.0,,1200.0,31.0,76.0,12.0,,7.599999999999999,,27.0,,7.400000000000001,19.0,15.800000000000002,1200.0,31.0,76.0,12.0,0.1,Korpijoki 2,,Kiuruvesi,,,,,,,,,FI_00001143,18170,2023-10-09,63.728776901271246,26.38240528354664,,35.0,,1200.0,38.0,40.0,7.2,S2_FI_00001143,2024-08-07,0,0.212109,50.0368772324652,176.634034411747,,,35WNP,S2B_MSIL2A_20240807T095549_R122_T35WNP_20240807T132638,,4.4,,35.0,,6.599999999999999,10.0,4.5,1200.0,38.0,40.0,7.2,0.1,Korpijoki 2,,Kiuruvesi,,,,,,,,,ok,,-7,,,,,,,,,-5,,,,,,,,,-3,,,,,,,,,-1,2024-08-07,1.0,0.081528,S2B_MSIL2A_20240807T095549_R122_T35VML_20240807T132638,1128.0,1157.0,1084.0,2146.0,0,2024-08-07,0.0,0.081528,S2B_MSIL2A_20240807T095549_R122_T35VML_20240807T132638,1128.0,1157.0,1084.0,2146.0,1,2024-08-07,1.0,0.081528,S2B_MSIL2A_20240807T095549_R122_T35VML_20240807T132638,1128.0,1157.0,1084.0,2146.0,3,2024-08-09,1.0,21.384405,S2A_MSIL2A_20240809T095031_R079_T35VML_20240809T130851,1304.0,1278.0,1224.0,1716.0,5,2024-08-11,1.0,39.517024,S2B_MSIL2A_20240811T093549_R036_T35VML_20240811T122825,7076.0,6492.0,6152.0,8312.0,7,2024-08-14,0.0,22.211546,S2B_MSIL2A_20240814T094549_R079_T35VML_20240814T123852,1240.0,1257.0,1172.0,2130.0,D:\Water Quality Parameter Estimation\wq_pipeline\artifacts\tolerance_3d\prepared\chips\train\sample_FI_00001256.npz,D:\Water Quality Parameter Estimation\wq_pipeline\artifacts\tolerance_3d\prepared\chips\train\sample_FI_00001256.png,ok,,S2B_MSIL2A_20240807T095549_R122_T35VML_20240807T132638,2024-08-07,0.0,0.081528,47.4234474647452,0.0,256,128,0,0,9,"B02,B03,B04,B08"
FI_00001257,18170,18170,2024-08-07,63.728776901271246,26.38240528354664,,27.0,,1200.0,31.0,76.0,12.0,,7.599999999999999,,27.0,,7.400000000000001,19.0,15.800000000000002,1200.0,31.0,76.0,12.0,0.1,Korpijoki 2,,Kiuruvesi,,,,,,,,,FI_00001143,18170,2023-10-09,63.728776901271246,26.38240528354664,,35.0,,1200.0,38.0,40.0,7.2,S2_FI_00001143,2024-08-07,0,0.212109,50.0368772324652,176.634034411747,,,35WNP,S2B_MSIL2A_20240807T095549_R122_T35WNP_20240807T132638,,4.4,,35.0,,6.599999999999999,10.0,4.5,1200.0,38.0,40.0,7.2,0.1,Korpijoki 2,,Kiuruvesi,,,,,,,,,ok,,-7,,,,,,,,,-5,,,,,,,,,-3,,,,,,,,,-1,2024-08-07,1.0,0.081528,S2B_MSIL2A_20240807T095549_R122_T35VML_20240807T132638,1128.0,1157.0,1084.0,2146.0,0,2024-08-07,0.0,0.081528,S2B_MSIL2A_20240807T095549_R122_T35VML_20240807T132638,1128.0,1157.0,1084.0,2146.0,1,2024-08-07,1.0,0.081528,S2B_MSIL2A_20240807T095549_R122_T35VML_20240807T132638,1128.0,1157.0,1084.0,2146.0,3,2024-08-09,1.0,21.384405,S2A_MSIL2A_20240809T095031_R079_T35VML_20240809T130851,1304.0,1278.0,1224.0,1716.0,5,2024-08-11,1.0,39.517024,S2B_MSIL2A_20240811T093549_R036_T35VML_20240811T122825,7076.0,6492.0,6152.0,8312.0,7,2024-08-14,0.0,22.211546,S2B_MSIL2A_20240814T094549_R079_T35VML_20240814T123852,1240.0,1257.0,1172.0,2130.0,D:\Water Quality Parameter Estimation\wq_pipeline\artifacts\tolerance_3d\prepared\chips\train\sample_FI_00001257.npz,D:\Water Quality Parameter Estimation\wq_pipeline\artifacts\tolerance_3d\prepared\chips\train\sample_FI_00001257.png,ok,,S2B_MSIL2A_20240807T095549_R122_T35VML_20240807T132638,2024-08-07,0.0,0.081528,47.4234474647452,0.0,256,128,0,0,9,"B02,B03,B04,B08"
FI_00001258,18170,18170,2024-08-07,63.728776901271246,26.38240528354664,,27.0,,1200.0,31.0,76.0,12.0,,7.599999999999999,,27.0,,7.400000000000001,19.0,15.800000000000002,1200.0,31.0,76.0,12.0,0.1,Korpijoki 2,,Kiuruvesi,,,,,,,,,FI_00001143,18170,2023-10-09,63.728776901271246,26.38240528354664,,35.0,,1200.0,38.0,40.0,7.2,S2_FI_00001143,2024-08-07,0,0.212109,50.0368772324652,176.634034411747,,,35WNP,S2B_MSIL2A_20240807T095549_R122_T35WNP_20240807T132638,,4.4,,35.0,,6.599999999999999,10.0,4.5,1200.0,38.0,40.0,7.2,0.1,Korpijoki 2,,Kiuruvesi,,,,,,,,,ok,,-7,,,,,,,,,-5,,,,,,,,,-3,,,,,,,,,-1,2024-08-07,1.0,0.081528,S2B_MSIL2A_20240807T095549_R122_T35VML_20240807T132638,1128.0,1157.0,1084.0,2146.0,0,2024-08-07,0.0,0.081528,S2B_MSIL2A_20240807T095549_R122_T35VML_20240807T132638,1128.0,1157.0,1084.0,2146.0,1,2024-08-07,1.0,0.081528,S2B_MSIL2A_20240807T095549_R122_T35VML_20240807T132638,1128.0,1157.0,1084.0,2146.0,3,2024-08-09,1.0,21.384405,S2A_MSIL2A_20240809T095031_R079_T35VML_20240809T130851,1304.0,1278.0,1224.0,1716.0,5,2024-08-11,1.0,39.517024,S2B_MSIL2A_20240811T093549_R036_T35VML_20240811T122825,7076.0,6492.0,6152.0,8312.0,7,2024-08-14,0.0,22.211546,S2B_MSIL2A_20240814T094549_R079_T35VML_20240814T123852,1240.0,1257.0,1172.0,2130.0,D:\Water Quality Parameter Estimation\wq_pipeline\artifacts\tolerance_3d\prepared\chips\train\sample_FI_00001258.npz,D:\Water Quality Parameter Estimation\wq_pipeline\artifacts\tolerance_3d\prepared\chips\train\sample_FI_00001258.png,ok,,S2B_MSIL2A_20240807T095549_R122_T35VML_20240807T132638,2024-08-07,0.0,0.081528,47.4234474647452,0.0,256,128,0,0,9,"B02,B03,B04,B08"
FI_00001259,18170,18170,2024-08-07,63.728776901271246,26.38240528354664,,27.0,,1200.0,31.0,76.0,12.0,,7.599999999999999,,27.0,,7.400000000000001,19.0,15.800000000000002,1200.0,31.0,76.0,12.0,0.1,Korpijoki 2,,Kiuruvesi,,,,,,,,,FI_00001143,18170,2023-10-09,63.728776901271246,26.38240528354664,,35.0,,1200.0,38.0,40.0,7.2,S2_FI_00001143,2024-08-07,0,0.212109,50.0368772324652,176.634034411747,,,35WNP,S2B_MSIL2A_20240807T095549_R122_T35WNP_20240807T132638,,4.4,,35.0,,6.599999999999999,10.0,4.5,1200.0,38.0,40.0,7.2,0.1,Korpijoki 2,,Kiuruvesi,,,,,,,,,ok,,-7,,,,,,,,,-5,,,,,,,,,-3,,,,,,,,,-1,2024-08-07,1.0,0.081528,S2B_MSIL2A_20240807T095549_R122_T35VML_20240807T132638,1128.0,1157.0,1084.0,2146.0,0,2024-08-07,0.0,0.081528,S2B_MSIL2A_20240807T095549_R122_T35VML_20240807T132638,1128.0,1157.0,1084.0,2146.0,1,2024-08-07,1.0,0.081528,S2B_MSIL2A_20240807T095549_R122_T35VML_20240807T132638,1128.0,1157.0,1084.0,2146.0,3,2024-08-09,1.0,21.384405,S2A_MSIL2A_20240809T095031_R079_T35VML_20240809T130851,1304.0,1278.0,1224.0,1716.0,5,2024-08-11,1.0,39.517024,S2B_MSIL2A_20240811T093549_R036_T35VML_20240811T122825,7076.0,6492.0,6152.0,8312.0,7,2024-08-14,0.0,22.211546,S2B_MSIL2A_20240814T094549_R079_T35VML_20240814T123852,1240.0,1257.0,1172.0,2130.0,D:\Water Quality Parameter Estimation\wq_pipeline\artifacts\tolerance_3d\prepared\chips\train\sample_FI_00001259.npz,D:\Water Quality Parameter Estimation\wq_pipeline\artifacts\tolerance_3d\prepared\chips\train\sample_FI_00001259.png,ok,,S2B_MSIL2A_20240807T095549_R122_T35VML_20240807T132638,2024-08-07,0.0,0.081528,47.4234474647452,0.0,256,128,0,0,9,"B02,B03,B04,B08"
FI_00001260,18170,18170,2024-08-28,63.728776901271246,26.38240528354664,,,,800.0,23.0,84.0,11.0,,,,,,7.5,18.0,14.6,800.0,23.0,84.0,11.0,0.1,Korpijoki 2,,Kiuruvesi,,,,,,,,,FI_00001168,18170,2023-12-13,63.728776901271246,26.38240528354664,,,,780.0,16.0,54.0,8.9,S2_FI_00001168,2024-08-27,1,85.878372,52.9411284226657,173.3548092854,,,35VLK,S2B_MSIL2A_20240827T095549_R122_T35VLK_20240827T130925,,,,,,7.2,10.0,0.0,780.0,16.0,54.0,8.9,0.1,Korpijoki 2,,Kiuruvesi,,,,,,,,,ok,,-7,2024-08-21,0.0,27.709925,S2B_MSIL2A_20240821T093549_R036_T35VML_20240821T121804,1592.0,1872.0,2624.0,2330.0,-5,,,,,,,,,-3,,,,,,,,,-1,,,,,,,,,0,,,,,,,,,1,,,,,,,,,3,2024-09-01,1.0,0.0,S2A_MSIL2A_20240901T100031_R122_T35VML_20240901T152250,,,,,5,2024-09-01,1.0,0.0,S2A_MSIL2A_20240901T100031_R122_T35VML_20240901T152250,,,,,7,2024-09-05,1.0,2.021717,S2A_MSIL2A_20240905T094031_R036_T35VML_20240905T133953,1188.0,1193.0,1158.0,1986.0,,,no_match,no_stac_item,,,,,,,256,128,0,0,0,"B02,B03,B04,B08"
FI_00001261,18170,18170,2024-08-28,63.728776901271246,26.38240528354664,,,,800.0,23.0,84.0,11.0,,,,,,7.5,18.0,14.6,800.0,23.0,84.0,11.0,0.1,Korpijoki 2,,Kiuruvesi,,,,,,,,,FI_00001168,18170,2023-12-13,63.728776901271246,26.38240528354664,,,,780.0,16.0,54.0,8.9,S2_FI_00001168,2024-08-27,1,85.878372,52.9411284226657,173.3548092854,,,35VLK,S2B_MSIL2A_20240827T095549_R122_T35VLK_20240827T130925,,,,,,7.2,10.0,0.0,780.0,16.0,54.0,8.9,0.1,Korpijoki 2,,Kiuruvesi,,,,,,,,,ok,,-7,2024-08-21,0.0,27.709925,S2B_MSIL2A_20240821T093549_R036_T35VML_20240821T121804,1592.0,1872.0,2624.0,2330.0,-5,,,,,,,,,-3,,,,,,,,,-1,,,,,,,,,0,,,,,,,,,1,,,,,,,,,3,2024-09-01,1.0,0.0,S2A_MSIL2A_20240901T100031_R122_T35VML_20240901T152250,,,,,5,2024-09-01,1.0,0.0,S2A_MSIL2A_20240901T100031_R122_T35VML_20240901T152250,,,,,7,2024-09-05,1.0,2.021717,S2A_MSIL2A_20240905T094031_R036_T35VML_20240905T133953,1188.0,1193.0,1158.0,1986.0,,,no_match,no_stac_item,,,,,,,256,128,0,0,0,"B02,B03,B04,B08"
FI_00001262,18170,18170,2024-08-28,63.728776901271246,26.38240528354664,,,,800.0,23.0,84.0,11.0,,,,,,7.5,18.0,14.6,800.0,23.0,84.0,11.0,0.1,Korpijoki 2,,Kiuruvesi,,,,,,,,,FI_00001168,18170,2023-12-13,63.728776901271246,26.38240528354664,,,,780.0,16.0,54.0,8.9,S2_FI_00001168,2024-08-27,1,85.878372,52.9411284226657,173.3548092854,,,35VLK,S2B_MSIL2A_20240827T095549_R122_T35VLK_20240827T130925,,,,,,7.2,10.0,0.0,780.0,16.0,54.0,8.9,0.1,Korpijoki 2,,Kiuruvesi,,,,,,,,,ok,,-7,2024-08-21,0.0,27.709925,S2B_MSIL2A_20240821T093549_R036_T35VML_20240821T121804,1592.0,1872.0,2624.0,2330.0,-5,,,,,,,,,-3,,,,,,,,,-1,,,,,,,,,0,,,,,,,,,1,,,,,,,,,3,2024-09-01,1.0,0.0,S2A_MSIL2A_20240901T100031_R122_T35VML_20240901T152250,,,,,5,2024-09-01,1.0,0.0,S2A_MSIL2A_20240901T100031_R122_T35VML_20240901T152250,,,,,7,2024-09-05,1.0,2.021717,S2A_MSIL2A_20240905T094031_R036_T35VML_20240905T133953,1188.0,1193.0,1158.0,1986.0,,,no_match,no_stac_item,,,,,,,256,128,0,0,0,"B02,B03,B04,B08"
FI_00001263,18170,18170,2024-08-28,63.728776901271246,26.38240528354664,,,,800.0,23.0,84.0,11.0,,,,,,7.5,18.0,14.6,800.0,23.0,84.0,11.0,0.1,Korpijoki 2,,Kiuruvesi,,,,,,,,,FI_00001168,18170,2023-12-13,63.728776901271246,26.38240528354664,,,,780.0,16.0,54.0,8.9,S2_FI_00001168,2024-08-27,1,85.878372,52.9411284226657,173.3548092854,,,35VLK,S2B_MSIL2A_20240827T095549_R122_T35VLK_20240827T130925,,,,,,7.2,10.0,0.0,780.0,16.0,54.0,8.9,0.1,Korpijoki 2,,Kiuruvesi,,,,,,,,,ok,,-7,2024-08-21,0.0,27.709925,S2B_MSIL2A_20240821T093549_R036_T35VML_20240821T121804,1592.0,1872.0,2624.0,2330.0,-5,,,,,,,,,-3,,,,,,,,,-1,,,,,,,,,0,,,,,,,,,1,,,,,,,,,3,2024-09-01,1.0,0.0,S2A_MSIL2A_20240901T100031_R122_T35VML_20240901T152250,,,,,5,2024-09-01,1.0,0.0,S2A_MSIL2A_20240901T100031_R122_T35VML_20240901T152250,,,,,7,2024-09-05,1.0,2.021717,S2A_MSIL2A_20240905T094031_R036_T35VML_20240905T133953,1188.0,1193.0,1158.0,1986.0,,,no_match,no_stac_item,,,,,,,256,128,0,0,0,"B02,B03,B04,B08"
FI_00001264,18170,18170,2024-08-28,63.728776901271246,26.38240528354664,,,,800.0,23.0,84.0,11.0,,,,,,7.5,18.0,14.6,800.0,23.0,84.0,11.0,0.1,Korpijoki 2,,Kiuruvesi,,,,,,,,,FI_00001168,18170,2023-12-13,63.728776901271246,26.38240528354664,,,,780.0,16.0,54.0,8.9,S2_FI_00001168,2024-08-27,1,85.878372,52.9411284226657,173.3548092854,,,35VLK,S2B_MSIL2A_20240827T095549_R122_T35VLK_20240827T130925,,,,,,7.2,10.0,0.0,780.0,16.0,54.0,8.9,0.1,Korpijoki 2,,Kiuruvesi,,,,,,,,,ok,,-7,2024-08-21,0.0,27.709925,S2B_MSIL2A_20240821T093549_R036_T35VML_20240821T121804,1592.0,1872.0,2624.0,2330.0,-5,,,,,,,,,-3,,,,,,,,,-1,,,,,,,,,0,,,,,,,,,1,,,,,,,,,3,2024-09-01,1.0,0.0,S2A_MSIL2A_20240901T100031_R122_T35VML_20240901T152250,,,,,5,2024-09-01,1.0,0.0,S2A_MSIL2A_20240901T100031_R122_T35VML_20240901T152250,,,,,7,2024-09-05,1.0,2.021717,S2A_MSIL2A_20240905T094031_R036_T35VML_20240905T133953,1188.0,1193.0,1158.0,1986.0,,,no_match,no_stac_item,,,,,,,256,128,0,0,0,"B02,B03,B04,B08"
FI_00001265,18170,18170,2024-08-28,63.728776901271246,26.38240528354664,,,,800.0,23.0,84.0,11.0,,,,,,7.5,18.0,14.6,800.0,23.0,84.0,11.0,0.1,Korpijoki 2,,Kiuruvesi,,,,,,,,,FI_00001168,18170,2023-12-13,63.728776901271246,26.38240528354664,,,,780.0,16.0,54.0,8.9,S2_FI_00001168,2024-08-27,1,85.878372,52.9411284226657,173.3548092854,,,35VLK,S2B_MSIL2A_20240827T095549_R122_T35VLK_20240827T130925,,,,,,7.2,10.0,0.0,780.0,16.0,54.0,8.9,0.1,Korpijoki 2,,Kiuruvesi,,,,,,,,,ok,,-7,2024-08-21,0.0,27.709925,S2B_MSIL2A_20240821T093549_R036_T35VML_20240821T121804,1592.0,1872.0,2624.0,2330.0,-5,,,,,,,,,-3,,,,,,,,,-1,,,,,,,,,0,,,,,,,,,1,,,,,,,,,3,2024-09-01,1.0,0.0,S2A_MSIL2A_20240901T100031_R122_T35VML_20240901T152250,,,,,5,2024-09-01,1.0,0.0,S2A_MSIL2A_20240901T100031_R122_T35VML_20240901T152250,,,,,7,2024-09-05,1.0,2.021717,S2A_MSIL2A_20240905T094031_R036_T35VML_20240905T133953,1188.0,1193.0,1158.0,1986.0,,,no_match,no_stac_item,,,,,,,256,128,0,0,0,"B02,B03,B04,B08"
FI_00001266,18170,18170,2024-09-12,63.728776901271246,26.38240528354664,,,,820.0,26.0,84.0,7.5,,,,,,7.3,13.0,15.1,820.0,26.0,84.0,7.5,0.1,Korpijoki 2,,Kiuruvesi,,,,,,,,,FI_00001070,18170,2023-04-24,63.728776901271246,26.38240528354664,,,,3200.0,29.0,77.0,16.0,S2_FI_00001070,2024-09-11,1,34.591901,56.7474663357461,172.617212020929,,,34VEN,S2A_MSIL2A_20240911T100021_R122_T34VEN_20240911T143249,,,,,,6.2,24.0,0.0,3200.0,29.0,77.0,16.0,0.2,Korpijoki 2,,Kiuruvesi,,,,,,,,,ok,,-7,2024-09-05,0.0,2.021717,S2A_MSIL2A_20240905T094031_R036_T35VML_20240905T133953,1188.0,1193.0,1158.0,1986.0,-5,2024-09-06,1.0,0.006015,S2B_MSIL2A_20240906T095549_R122_T35VML_20240906T141204,1120.0,1113.0,1083.0,1664.0,-3,2024-09-08,1.0,15.114103,S2A_MSIL2A_20240908T095031_R079_T35VML_20240908T131845,1234.0,1291.0,1206.0,1918.0,-1,,,,,,,,,0,,,,,,,,,1,,,,,,,,,3,,,,,,,,,5,,,,,,,,,7,,,,,,,,,,,no_match,no_stac_item,,,,,,,256,128,0,0,0,"B02,B03,B04,B08"
FI_00001267,18170,18170,2024-09-12,63.728776901271246,26.38240528354664,,,,820.0,26.0,84.0,7.5,,,,,,7.3,13.0,15.1,820.0,26.0,84.0,7.5,0.1,Korpijoki 2,,Kiuruvesi,,,,,,,,,FI_00001070,18170,2023-04-24,63.728776901271246,26.38240528354664,,,,3200.0,29.0,77.0,16.0,S2_FI_00001070,2024-09-11,1,34.591901,56.7474663357461,172.617212020929,,,34VEN,S2A_MSIL2A_20240911T100021_R122_T34VEN_20240911T143249,,,,,,6.2,24.0,0.0,3200.0,29.0,77.0,16.0,0.2,Korpijoki 2,,Kiuruvesi,,,,,,,,,ok,,-7,2024-09-05,0.0,2.021717,S2A_MSIL2A_20240905T094031_R036_T35VML_20240905T133953,1188.0,1193.0,1158.0,1986.0,-5,2024-09-06,1.0,0.006015,S2B_MSIL2A_20240906T095549_R122_T35VML_20240906T141204,1120.0,1113.0,1083.0,1664.0,-3,2024-09-08,1.0,15.114103,S2A_MSIL2A_20240908T095031_R079_T35VML_20240908T131845,1234.0,1291.0,1206.0,1918.0,-1,,,,,,,,,0,,,,,,,,,1,,,,,,,,,3,,,,,,,,,5,,,,,,,,,7,,,,,,,,,,,no_match,no_stac_item,,,,,,,256,128,0,0,0,"B02,B03,B04,B08"
FI_00001268,18170,18170,2024-09-12,63.728776901271246,26.38240528354664,,,,820.0,26.0,84.0,7.5,,,,,,7.3,13.0,15.1,820.0,26.0,84.0,7.5,0.1,Korpijoki 2,,Kiuruvesi,,,,,,,,,FI_00001070,18170,2023-04-24,63.728776901271246,26.38240528354664,,,,3200.0,29.0,77.0,16.0,S2_FI_00001070,2024-09-11,1,34.591901,56.7474663357461,172.617212020929,,,34VEN,S2A_MSIL2A_20240911T100021_R122_T34VEN_20240911T143249,,,,,,6.2,24.0,0.0,3200.0,29.0,77.0,16.0,0.2,Korpijoki 2,,Kiuruvesi,,,,,,,,,ok,,-7,2024-09-05,0.0,2.021717,S2A_MSIL2A_20240905T094031_R036_T35VML_20240905T133953,1188.0,1193.0,1158.0,1986.0,-5,2024-09-06,1.0,0.006015,S2B_MSIL2A_20240906T095549_R122_T35VML_20240906T141204,1120.0,1113.0,1083.0,1664.0,-3,2024-09-08,1.0,15.114103,S2A_MSIL2A_20240908T095031_R079_T35VML_20240908T131845,1234.0,1291.0,1206.0,1918.0,-1,,,,,,,,,0,,,,,,,,,1,,,,,,,,,3,,,,,,,,,5,,,,,,,,,7,,,,,,,,,,,no_match,no_stac_item,,,,,,,256,128,0,0,0,"B02,B03,B04,B08"
FI_00001269,18170,18170,2024-09-12,63.728776901271246,26.38240528354664,,,,820.0,26.0,84.0,7.5,,,,,,7.3,13.0,15.1,820.0,26.0,84.0,7.5,0.1,Korpijoki 2,,Kiuruvesi,,,,,,,,,FI_00001070,18170,2023-04-24,63.728776901271246,26.38240528354664,,,,3200.0,29.0,77.0,16.0,S2_FI_00001070,2024-09-11,1,34.591901,56.7474663357461,172.617212020929,,,34VEN,S2A_MSIL2A_20240911T100021_R122_T34VEN_20240911T143249,,,,,,6.2,24.0,0.0,3200.0,29.0,77.0,16.0,0.2,Korpijoki 2,,Kiuruvesi,,,,,,,,,ok,,-7,2024-09-05,0.0,2.021717,S2A_MSIL2A_20240905T094031_R036_T35VML_20240905T133953,1188.0,1193.0,1158.0,1986.0,-5,2024-09-06,1.0,0.006015,S2B_MSIL2A_20240906T095549_R122_T35VML_20240906T141204,1120.0,1113.0,1083.0,1664.0,-3,2024-09-08,1.0,15.114103,S2A_MSIL2A_20240908T095031_R079_T35VML_20240908T131845,1234.0,1291.0,1206.0,1918.0,-1,,,,,,,,,0,,,,,,,,,1,,,,,,,,,3,,,,,,,,,5,,,,,,,,,7,,,,,,,,,,,no_match,no_stac_item,,,,,,,256,128,0,0,0,"B02,B03,B04,B08"
FI_00001270,18170,18170,2024-09-12,63.728776901271246,26.38240528354664,,,,820.0,26.0,84.0,7.5,,,,,,7.3,13.0,15.1,820.0,26.0,84.0,7.5,0.1,Korpijoki 2,,Kiuruvesi,,,,,,,,,FI_00001070,18170,2023-04-24,63.728776901271246,26.38240528354664,,,,3200.0,29.0,77.0,16.0,S2_FI_00001070,2024-09-11,1,34.591901,56.7474663357461,172.617212020929,,,34VEN,S2A_MSIL2A_20240911T100021_R122_T34VEN_20240911T143249,,,,,,6.2,24.0,0.0,3200.0,29.0,77.0,16.0,0.2,Korpijoki 2,,Kiuruvesi,,,,,,,,,ok,,-7,2024-09-05,0.0,2.021717,S2A_MSIL2A_20240905T094031_R036_T35VML_20240905T133953,1188.0,1193.0,1158.0,1986.0,-5,2024-09-06,1.0,0.006015,S2B_MSIL2A_20240906T095549_R122_T35VML_20240906T141204,1120.0,1113.0,1083.0,1664.0,-3,2024-09-08,1.0,15.114103,S2A_MSIL2A_20240908T095031_R079_T35VML_20240908T131845,1234.0,1291.0,1206.0,1918.0,-1,,,,,,,,,0,,,,,,,,,1,,,,,,,,,3,,,,,,,,,5,,,,,,,,,7,,,,,,,,,,,no_match,no_stac_item,,,,,,,256,128,0,0,0,"B02,B03,B04,B08"
FI_00001271,18170,18170,2024-09-12,63.728776901271246,26.38240528354664,,,,820.0,26.0,84.0,7.5,,,,,,7.3,13.0,15.1,820.0,26.0,84.0,7.5,0.1,Korpijoki 2,,Kiuruvesi,,,,,,,,,FI_00001070,18170,2023-04-24,63.728776901271246,26.38240528354664,,,,3200.0,29.0,77.0,16.0,S2_FI_00001070,2024-09-11,1,34.591901,56.7474663357461,172.617212020929,,,34VEN,S2A_MSIL2A_20240911T100021_R122_T34VEN_20240911T143249,,,,,,6.2,24.0,0.0,3200.0,29.0,77.0,16.0,0.2,Korpijoki 2,,Kiuruvesi,,,,,,,,,ok,,-7,2024-09-05,0.0,2.021717,S2A_MSIL2A_20240905T094031_R036_T35VML_20240905T133953,1188.0,1193.0,1158.0,1986.0,-5,2024-09-06,1.0,0.006015,S2B_MSIL2A_20240906T095549_R122_T35VML_20240906T141204,1120.0,1113.0,1083.0,1664.0,-3,2024-09-08,1.0,15.114103,S2A_MSIL2A_20240908T095031_R079_T35VML_20240908T131845,1234.0,1291.0,1206.0,1918.0,-1,,,,,,,,,0,,,,,,,,,1,,,,,,,,,3,,,,,,,,,5,,,,,,,,,7,,,,,,,,,,,no_match,no_stac_item,,,,,,,256,128,0,0,0,"B02,B03,B04,B08"
FI_00001272,18170,18170,2024-09-25,63.728776901271246,26.38240528354664,,,,1200.0,32.0,69.0,6.900000000000001,,,,,,6.8,8.0,9.0,1200.0,32.0,69.0,6.900000000000001,0.1,Korpijoki 2,,Kiuruvesi,,,,,,,,,FI_00001234,18170,2024-05-22,63.728776901271246,26.38240528354664,,,,950.0,26.0,46.0,8.0,S2_FI_00001234,2024-09-23,2,96.360636,62.1971030002865,173.839535902854,,,35VLJ,S2B_MSIL2A_20240923T095029_R079_T35VLJ_20240923T110403,,,,,,6.7,14.0,7.8,950.0,26.0,46.0,8.0,0.1,Korpijoki 2,,Kiuruvesi,,,,,,,,,ok,,-7,,,,,,,,,-5,,,,,,,,,-3,,,,,,,,,-1,,,,,,,,,0,,,,,,,,,1,,,,,,,,,3,,,,,,,,,5,2024-09-30,0.0,0.111477,S2B_MSIL2A_20240930T094029_R036_T35VML_20240930T125406,1053.0,1027.0,1024.0,1480.0,7,,,,,,,,,,,no_match,no_stac_item,,,,,,,256,128,0,0,0,"B02,B03,B04,B08"
FI_00001273,18170,18170,2024-09-25,63.728776901271246,26.38240528354664,,,,1200.0,32.0,69.0,6.900000000000001,,,,,,6.8,8.0,9.0,1200.0,32.0,69.0,6.900000000000001,0.1,Korpijoki 2,,Kiuruvesi,,,,,,,,,FI_00001234,18170,2024-05-22,63.728776901271246,26.38240528354664,,,,950.0,26.0,46.0,8.0,S2_FI_00001234,2024-09-23,2,96.360636,62.1971030002865,173.839535902854,,,35VLJ,S2B_MSIL2A_20240923T095029_R079_T35VLJ_20240923T110403,,,,,,6.7,14.0,7.8,950.0,26.0,46.0,8.0,0.1,Korpijoki 2,,Kiuruvesi,,,,,,,,,ok,,-7,,,,,,,,,-5,,,,,,,,,-3,,,,,,,,,-1,,,,,,,,,0,,,,,,,,,1,,,,,,,,,3,,,,,,,,,5,2024-09-30,0.0,0.111477,S2B_MSIL2A_20240930T094029_R036_T35VML_20240930T125406,1053.0,1027.0,1024.0,1480.0,7,,,,,,,,,,,no_match,no_stac_item,,,,,,,256,128,0,0,0,"B02,B03,B04,B08"
FI_00001274,18170,18170,2024-09-25,63.728776901271246,26.38240528354664,,,,1200.0,32.0,69.0,6.900000000000001,,,,,,6.8,8.0,9.0,1200.0,32.0,69.0,6.900000000000001,0.1,Korpijoki 2,,Kiuruvesi,,,,,,,,,FI_00001234,18170,2024-05-22,63.728776901271246,26.38240528354664,,,,950.0,26.0,46.0,8.0,S2_FI_00001234,2024-09-23,2,96.360636,62.1971030002865,173.839535902854,,,35VLJ,S2B_MSIL2A_20240923T095029_R079_T35VLJ_20240923T110403,,,,,,6.7,14.0,7.8,950.0,26.0,46.0,8.0,0.1,Korpijoki 2,,Kiuruvesi,,,,,,,,,ok,,-7,,,,,,,,,-5,,,,,,,,,-3,,,,,,,,,-1,,,,,,,,,0,,,,,,,,,1,,,,,,,,,3,,,,,,,,,5,2024-09-30,0.0,0.111477,S2B_MSIL2A_20240930T094029_R036_T35VML_20240930T125406,1053.0,1027.0,1024.0,1480.0,7,,,,,,,,,,,no_match,no_stac_item,,,,,,,256,128,0,0,0,"B02,B03,B04,B08"
FI_00001275,18170,18170,2024-09-25,63.728776901271246,26.38240528354664,,,,1200.0,32.0,69.0,6.900000000000001,,,,,,6.8,8.0,9.0,1200.0,32.0,69.0,6.900000000000001,0.1,Korpijoki 2,,Kiuruvesi,,,,,,,,,FI_00001234,18170,2024-05-22,63.728776901271246,26.38240528354664,,,,950.0,26.0,46.0,8.0,S2_FI_00001234,2024-09-23,2,96.360636,62.1971030002865,173.839535902854,,,35VLJ,S2B_MSIL2A_20240923T095029_R079_T35VLJ_20240923T110403,,,,,,6.7,14.0,7.8,950.0,26.0,46.0,8.0,0.1,Korpijoki 2,,Kiuruvesi,,,,,,,,,ok,,-7,,,,,,,,,-5,,,,,,,,,-3,,,,,,,,,-1,,,,,,,,,0,,,,,,,,,1,,,,,,,,,3,,,,,,,,,5,2024-09-30,0.0,0.111477,S2B_MSIL2A_20240930T094029_R036_T35VML_20240930T125406,1053.0,1027.0,1024.0,1480.0,7,,,,,,,,,,,no_match,no_stac_item,,,,,,,256,128,0,0,0,"B02,B03,B04,B08"
FI_00001276,18170,18170,2024-09-25,63.728776901271246,26.38240528354664,,,,1200.0,32.0,69.0,6.900000000000001,,,,,,6.8,8.0,9.0,1200.0,32.0,69.0,6.900000000000001,0.1,Korpijoki 2,,Kiuruvesi,,,,,,,,,FI_00001234,18170,2024-05-22,63.728776901271246,26.38240528354664,,,,950.0,26.0,46.0,8.0,S2_FI_00001234,2024-09-23,2,96.360636,62.1971030002865,173.839535902854,,,35VLJ,S2B_MSIL2A_20240923T095029_R079_T35VLJ_20240923T110403,,,,,,6.7,14.0,7.8,950.0,26.0,46.0,8.0,0.1,Korpijoki 2,,Kiuruvesi,,,,,,,,,ok,,-7,,,,,,,,,-5,,,,,,,,,-3,,,,,,,,,-1,,,,,,,,,0,,,,,,,,,1,,,,,,,,,3,,,,,,,,,5,2024-09-30,0.0,0.111477,S2B_MSIL2A_20240930T094029_R036_T35VML_20240930T125406,1053.0,1027.0,1024.0,1480.0,7,,,,,,,,,,,no_match,no_stac_item,,,,,,,256,128,0,0,0,"B02,B03,B04,B08"
FI_00001277,18170,18170,2024-09-25,63.728776901271246,26.38240528354664,,,,1200.0,32.0,69.0,6.900000000000001,,,,,,6.8,8.0,9.0,1200.0,32.0,69.0,6.900000000000001,0.1,Korpijoki 2,,Kiuruvesi,,,,,,,,,FI_00001234,18170,2024-05-22,63.728776901271246,26.38240528354664,,,,950.0,26.0,46.0,8.0,S2_FI_00001234,2024-09-23,2,96.360636,62.1971030002865,173.839535902854,,,35VLJ,S2B_MSIL2A_20240923T095029_R079_T35VLJ_20240923T110403,,,,,,6.7,14.0,7.8,950.0,26.0,46.0,8.0,0.1,Korpijoki 2,,Kiuruvesi,,,,,,,,,ok,,-7,,,,,,,,,-5,,,,,,,,,-3,,,,,,,,,-1,,,,,,,,,0,,,,,,,,,1,,,,,,,,,3,,,,,,,,,5,2024-09-30,0.0,0.111477,S2B_MSIL2A_20240930T094029_R036_T35VML_20240930T125406,1053.0,1027.0,1024.0,1480.0,7,,,,,,,,,,,no_match,no_stac_item,,,,,,,256,128,0,0,0,"B02,B03,B04,B08"
FI_00001278,18170,18170,2024-10-08,63.728776901271246,26.38240528354664,,31.0,,1100.0,34.0,41.5,7.599999999999999,,5.1,,31.0,,6.7,12.0,3.2999999999999994,1100.0,34.0,41.5,7.599999999999999,0.1,Korpijoki 2,,Kiuruvesi,,,,,,,,,FI_00001147,18170,2023-10-24,63.728776901271246,26.38240528354664,,,,970.0,30.0,48.0,5.599999999999999,S2_FI_00001147,2024-10-08,0,99.936074,72.3719223278162,179.353777360943,,,35WNP,S2A_MSIL2A_20241008T095031_R079_T35WNP_20241008T124449,,,,,,6.8,12.0,-0.2,970.0,30.0,48.0,5.599999999999999,0.1,Korpijoki 2,,Kiuruvesi,,,,,,,,,ok,,-7,2024-09-30,1.0,0.111477,S2B_MSIL2A_20240930T094029_R036_T35VML_20240930T125406,1053.0,1027.0,1024.0,1480.0,-5,,,,,,,,,-3,2024-10-05,0.0,6.293686,S2A_MSIL2A_20241005T094031_R036_T35VML_20241005T125814,977.0,1035.0,1044.0,1466.0,-1,2024-10-06,1.0,30.070296,S2B_MSIL2A_20241006T100029_R122_T35VML_20241006T121340,,,,,0,,,,,,,,,1,,,,,,,,,3,,,,,,,,,5,,,,,,,,,7,,,,,,,,,,,rejected,nodata_reject,S2B_MSIL2A_20241006T100029_R122_T35VML_20241006T121340,2024-10-06,2.0,30.070296,68.9200121350918,1.0,256,128,0,0,9,"B02,B03,B04,B08"
FI_00001279,18170,18170,2024-10-08,63.728776901271246,26.38240528354664,,31.0,,1100.0,34.0,41.5,7.599999999999999,,5.1,,31.0,,6.7,12.0,3.2999999999999994,1100.0,34.0,41.5,7.599999999999999,0.1,Korpijoki 2,,Kiuruvesi,,,,,,,,,FI_00001147,18170,2023-10-24,63.728776901271246,26.38240528354664,,,,970.0,30.0,48.0,5.599999999999999,S2_FI_00001147,2024-10-08,0,99.936074,72.3719223278162,179.353777360943,,,35WNP,S2A_MSIL2A_20241008T095031_R079_T35WNP_20241008T124449,,,,,,6.8,12.0,-0.2,970.0,30.0,48.0,5.599999999999999,0.1,Korpijoki 2,,Kiuruvesi,,,,,,,,,ok,,-7,2024-09-30,1.0,0.111477,S2B_MSIL2A_20240930T094029_R036_T35VML_20240930T125406,1053.0,1027.0,1024.0,1480.0,-5,,,,,,,,,-3,2024-10-05,0.0,6.293686,S2A_MSIL2A_20241005T094031_R036_T35VML_20241005T125814,977.0,1035.0,1044.0,1466.0,-1,2024-10-06,1.0,30.070296,S2B_MSIL2A_20241006T100029_R122_T35VML_20241006T121340,,,,,0,,,,,,,,,1,,,,,,,,,3,,,,,,,,,5,,,,,,,,,7,,,,,,,,,,,rejected,nodata_reject,S2B_MSIL2A_20241006T100029_R122_T35VML_20241006T121340,2024-10-06,2.0,30.070296,68.9200121350918,1.0,256,128,0,0,9,"B02,B03,B04,B08"
FI_00001280,18170,18170,2024-10-08,63.728776901271246,26.38240528354664,,31.0,,1100.0,34.0,41.5,7.599999999999999,,5.1,,31.0,,6.7,12.0,3.2999999999999994,1100.0,34.0,41.5,7.599999999999999,0.1,Korpijoki 2,,Kiuruvesi,,,,,,,,,FI_00001147,18170,2023-10-24,63.728776901271246,26.38240528354664,,,,970.0,30.0,48.0,5.599999999999999,S2_FI_00001147,2024-10-08,0,99.936074,72.3719223278162,179.353777360943,,,35WNP,S2A_MSIL2A_20241008T095031_R079_T35WNP_20241008T124449,,,,,,6.8,12.0,-0.2,970.0,30.0,48.0,5.599999999999999,0.1,Korpijoki 2,,Kiuruvesi,,,,,,,,,ok,,-7,2024-09-30,1.0,0.111477,S2B_MSIL2A_20240930T094029_R036_T35VML_20240930T125406,1053.0,1027.0,1024.0,1480.0,-5,,,,,,,,,-3,2024-10-05,0.0,6.293686,S2A_MSIL2A_20241005T094031_R036_T35VML_20241005T125814,977.0,1035.0,1044.0,1466.0,-1,2024-10-06,1.0,30.070296,S2B_MSIL2A_20241006T100029_R122_T35VML_20241006T121340,,,,,0,,,,,,,,,1,,,,,,,,,3,,,,,,,,,5,,,,,,,,,7,,,,,,,,,,,rejected,nodata_reject,S2B_MSIL2A_20241006T100029_R122_T35VML_20241006T121340,2024-10-06,2.0,30.070296,68.9200121350918,1.0,256,128,0,0,9,"B02,B03,B04,B08"
FI_00001281,18170,18170,2024-10-08,63.728776901271246,26.38240528354664,,31.0,,1100.0,34.0,41.5,7.599999999999999,,5.1,,31.0,,6.7,12.0,3.2999999999999994,1100.0,34.0,41.5,7.599999999999999,0.1,Korpijoki 2,,Kiuruvesi,,,,,,,,,FI_00001147,18170,2023-10-24,63.728776901271246,26.38240528354664,,,,970.0,30.0,48.0,5.599999999999999,S2_FI_00001147,2024-10-08,0,99.936074,72.3719223278162,179.353777360943,,,35WNP,S2A_MSIL2A_20241008T095031_R079_T35WNP_20241008T124449,,,,,,6.8,12.0,-0.2,970.0,30.0,48.0,5.599999999999999,0.1,Korpijoki 2,,Kiuruvesi,,,,,,,,,ok,,-7,2024-09-30,1.0,0.111477,S2B_MSIL2A_20240930T094029_R036_T35VML_20240930T125406,1053.0,1027.0,1024.0,1480.0,-5,,,,,,,,,-3,2024-10-05,0.0,6.293686,S2A_MSIL2A_20241005T094031_R036_T35VML_20241005T125814,977.0,1035.0,1044.0,1466.0,-1,2024-10-06,1.0,30.070296,S2B_MSIL2A_20241006T100029_R122_T35VML_20241006T121340,,,,,0,,,,,,,,,1,,,,,,,,,3,,,,,,,,,5,,,,,,,,,7,,,,,,,,,,,rejected,nodata_reject,S2B_MSIL2A_20241006T100029_R122_T35VML_20241006T121340,2024-10-06,2.0,30.070296,68.9200121350918,1.0,256,128,0,0,9,"B02,B03,B04,B08"
FI_00001282,18170,18170,2024-10-08,63.728776901271246,26.38240528354664,,31.0,,1100.0,34.0,41.5,7.599999999999999,,5.1,,31.0,,6.7,12.0,3.2999999999999994,1100.0,34.0,41.5,7.599999999999999,0.1,Korpijoki 2,,Kiuruvesi,,,,,,,,,FI_00001147,18170,2023-10-24,63.728776901271246,26.38240528354664,,,,970.0,30.0,48.0,5.599999999999999,S2_FI_00001147,2024-10-08,0,99.936074,72.3719223278162,179.353777360943,,,35WNP,S2A_MSIL2A_20241008T095031_R079_T35WNP_20241008T124449,,,,,,6.8,12.0,-0.2,970.0,30.0,48.0,5.599999999999999,0.1,Korpijoki 2,,Kiuruvesi,,,,,,,,,ok,,-7,2024-09-30,1.0,0.111477,S2B_MSIL2A_20240930T094029_R036_T35VML_20240930T125406,1053.0,1027.0,1024.0,1480.0,-5,,,,,,,,,-3,2024-10-05,0.0,6.293686,S2A_MSIL2A_20241005T094031_R036_T35VML_20241005T125814,977.0,1035.0,1044.0,1466.0,-1,2024-10-06,1.0,30.070296,S2B_MSIL2A_20241006T100029_R122_T35VML_20241006T121340,,,,,0,,,,,,,,,1,,,,,,,,,3,,,,,,,,,5,,,,,,,,,7,,,,,,,,,,,rejected,nodata_reject,S2B_MSIL2A_20241006T100029_R122_T35VML_20241006T121340,2024-10-06,2.0,30.070296,68.9200121350918,1.0,256,128,0,0,9,"B02,B03,B04,B08"
FI_00001283,18170,18170,2024-10-08,63.728776901271246,26.38240528354664,,31.0,,1100.0,34.0,41.5,7.599999999999999,,5.1,,31.0,,6.7,12.0,3.2999999999999994,1100.0,34.0,41.5,7.599999999999999,0.1,Korpijoki 2,,Kiuruvesi,,,,,,,,,FI_00001147,18170,2023-10-24,63.728776901271246,26.38240528354664,,,,970.0,30.0,48.0,5.599999999999999,S2_FI_00001147,2024-10-08,0,99.936074,72.3719223278162,179.353777360943,,,35WNP,S2A_MSIL2A_20241008T095031_R079_T35WNP_20241008T124449,,,,,,6.8,12.0,-0.2,970.0,30.0,48.0,5.599999999999999,0.1,Korpijoki 2,,Kiuruvesi,,,,,,,,,ok,,-7,2024-09-30,1.0,0.111477,S2B_MSIL2A_20240930T094029_R036_T35VML_20240930T125406,1053.0,1027.0,1024.0,1480.0,-5,,,,,,,,,-3,2024-10-05,0.0,6.293686,S2A_MSIL2A_20241005T094031_R036_T35VML_20241005T125814,977.0,1035.0,1044.0,1466.0,-1,2024-10-06,1.0,30.070296,S2B_MSIL2A_20241006T100029_R122_T35VML_20241006T121340,,,,,0,,,,,,,,,1,,,,,,,,,3,,,,,,,,,5,,,,,,,,,7,,,,,,,,,,,rejected,nodata_reject,S2B_MSIL2A_20241006T100029_R122_T35VML_20241006T121340,2024-10-06,2.0,30.070296,68.9200121350918,1.0,256,128,0,0,9,"B02,B03,B04,B08"
FI_00001284,18170,18170,2024-10-24,63.728776901271246,26.38240528354664,,,,1100.0,31.0,61.0,7.3,,,,,,6.8,13.0,5.7,1100.0,31.0,61.0,7.3,0.1,Korpijoki 2,,Kiuruvesi,,,,,,,,,FI_00001148,18170,2023-10-24,63.728776901271246,26.38240528354664,,,,970.0,30.0,48.0,5.599999999999999,S2_FI_00001148,2024-10-21,3,99.871165,77.1895558348379,182.618754247148,,,35WNP,S2A_MSIL2A_20241021T100041_R122_T35WNP_20241021T111449,,,,,,6.8,12.0,-0.2,970.0,30.0,48.0,5.599999999999999,0.1,Korpijoki 2,,Kiuruvesi,,,,,,,,,ok,,-7,,,,,,,,,-5,,,,,,,,,-3,,,,,,,,,-1,2024-10-23,0.0,14.759719,S2B_MSIL2A_20241023T095029_R079_T35VML_20241023T112106,1437.0,1499.0,1540.0,2168.0,0,2024-10-23,1.0,14.759719,S2B_MSIL2A_20241023T095029_R079_T35VML_20241023T112106,1437.0,1499.0,1540.0,2168.0,1,2024-10-26,1.0,9.50609,S2B_MSIL2A_20241026T100029_R122_T35VML_20241026T121704,1220.0,1053.0,1033.0,1258.0,3,2024-10-26,1.0,9.50609,S2B_MSIL2A_20241026T100029_R122_T35VML_20241026T121704,1220.0,1053.0,1033.0,1258.0,5,,,,,,,,,7,,,,,,,,,D:\Water Quality Parameter Estimation\wq_pipeline\artifacts\tolerance_3d\prepared\chips\train\sample_FI_00001284.npz,D:\Water Quality Parameter Estimation\wq_pipeline\artifacts\tolerance_3d\prepared\chips\train\sample_FI_00001284.png,ok,,S2B_MSIL2A_20241023T095029_R079_T35VML_20241023T112106,2024-10-23,1.0,14.759719,75.1880314526136,0.0,256,128,0,0,9,"B02,B03,B04,B08"
FI_00001285,18170,18170,2024-10-24,63.728776901271246,26.38240528354664,,,,1100.0,31.0,61.0,7.3,,,,,,6.8,13.0,5.7,1100.0,31.0,61.0,7.3,0.1,Korpijoki 2,,Kiuruvesi,,,,,,,,,FI_00001148,18170,2023-10-24,63.728776901271246,26.38240528354664,,,,970.0,30.0,48.0,5.599999999999999,S2_FI_00001148,2024-10-21,3,99.871165,77.1895558348379,182.618754247148,,,35WNP,S2A_MSIL2A_20241021T100041_R122_T35WNP_20241021T111449,,,,,,6.8,12.0,-0.2,970.0,30.0,48.0,5.599999999999999,0.1,Korpijoki 2,,Kiuruvesi,,,,,,,,,ok,,-7,,,,,,,,,-5,,,,,,,,,-3,,,,,,,,,-1,2024-10-23,0.0,14.759719,S2B_MSIL2A_20241023T095029_R079_T35VML_20241023T112106,1437.0,1499.0,1540.0,2168.0,0,2024-10-23,1.0,14.759719,S2B_MSIL2A_20241023T095029_R079_T35VML_20241023T112106,1437.0,1499.0,1540.0,2168.0,1,2024-10-26,1.0,9.50609,S2B_MSIL2A_20241026T100029_R122_T35VML_20241026T121704,1220.0,1053.0,1033.0,1258.0,3,2024-10-26,1.0,9.50609,S2B_MSIL2A_20241026T100029_R122_T35VML_20241026T121704,1220.0,1053.0,1033.0,1258.0,5,,,,,,,,,7,,,,,,,,,D:\Water Quality Parameter Estimation\wq_pipeline\artifacts\tolerance_3d\prepared\chips\train\sample_FI_00001285.npz,D:\Water Quality Parameter Estimation\wq_pipeline\artifacts\tolerance_3d\prepared\chips\train\sample_FI_00001285.png,ok,,S2B_MSIL2A_20241023T095029_R079_T35VML_20241023T112106,2024-10-23,1.0,14.759719,75.1880314526136,0.0,256,128,0,0,9,"B02,B03,B04,B08"
FI_00001286,18170,18170,2024-10-24,63.728776901271246,26.38240528354664,,,,1100.0,31.0,61.0,7.3,,,,,,6.8,13.0,5.7,1100.0,31.0,61.0,7.3,0.1,Korpijoki 2,,Kiuruvesi,,,,,,,,,FI_00001148,18170,2023-10-24,63.728776901271246,26.38240528354664,,,,970.0,30.0,48.0,5.599999999999999,S2_FI_00001148,2024-10-21,3,99.871165,77.1895558348379,182.618754247148,,,35WNP,S2A_MSIL2A_20241021T100041_R122_T35WNP_20241021T111449,,,,,,6.8,12.0,-0.2,970.0,30.0,48.0,5.599999999999999,0.1,Korpijoki 2,,Kiuruvesi,,,,,,,,,ok,,-7,,,,,,,,,-5,,,,,,,,,-3,,,,,,,,,-1,2024-10-23,0.0,14.759719,S2B_MSIL2A_20241023T095029_R079_T35VML_20241023T112106,1437.0,1499.0,1540.0,2168.0,0,2024-10-23,1.0,14.759719,S2B_MSIL2A_20241023T095029_R079_T35VML_20241023T112106,1437.0,1499.0,1540.0,2168.0,1,2024-10-26,1.0,9.50609,S2B_MSIL2A_20241026T100029_R122_T35VML_20241026T121704,1220.0,1053.0,1033.0,1258.0,3,2024-10-26,1.0,9.50609,S2B_MSIL2A_20241026T100029_R122_T35VML_20241026T121704,1220.0,1053.0,1033.0,1258.0,5,,,,,,,,,7,,,,,,,,,D:\Water Quality Parameter Estimation\wq_pipeline\artifacts\tolerance_3d\prepared\chips\train\sample_FI_00001286.npz,D:\Water Quality Parameter Estimation\wq_pipeline\artifacts\tolerance_3d\prepared\chips\train\sample_FI_00001286.png,ok,,S2B_MSIL2A_20241023T095029_R079_T35VML_20241023T112106,2024-10-23,1.0,14.759719,75.1880314526136,0.0,256,128,0,0,9,"B02,B03,B04,B08"
FI_00001287,18170,18170,2024-10-24,63.728776901271246,26.38240528354664,,,,1100.0,31.0,61.0,7.3,,,,,,6.8,13.0,5.7,1100.0,31.0,61.0,7.3,0.1,Korpijoki 2,,Kiuruvesi,,,,,,,,,FI_00001148,18170,2023-10-24,63.728776901271246,26.38240528354664,,,,970.0,30.0,48.0,5.599999999999999,S2_FI_00001148,2024-10-21,3,99.871165,77.1895558348379,182.618754247148,,,35WNP,S2A_MSIL2A_20241021T100041_R122_T35WNP_20241021T111449,,,,,,6.8,12.0,-0.2,970.0,30.0,48.0,5.599999999999999,0.1,Korpijoki 2,,Kiuruvesi,,,,,,,,,ok,,-7,,,,,,,,,-5,,,,,,,,,-3,,,,,,,,,-1,2024-10-23,0.0,14.759719,S2B_MSIL2A_20241023T095029_R079_T35VML_20241023T112106,1437.0,1499.0,1540.0,2168.0,0,2024-10-23,1.0,14.759719,S2B_MSIL2A_20241023T095029_R079_T35VML_20241023T112106,1437.0,1499.0,1540.0,2168.0,1,2024-10-26,1.0,9.50609,S2B_MSIL2A_20241026T100029_R122_T35VML_20241026T121704,1220.0,1053.0,1033.0,1258.0,3,2024-10-26,1.0,9.50609,S2B_MSIL2A_20241026T100029_R122_T35VML_20241026T121704,1220.0,1053.0,1033.0,1258.0,5,,,,,,,,,7,,,,,,,,,D:\Water Quality Parameter Estimation\wq_pipeline\artifacts\tolerance_3d\prepared\chips\train\sample_FI_00001287.npz,D:\Water Quality Parameter Estimation\wq_pipeline\artifacts\tolerance_3d\prepared\chips\train\sample_FI_00001287.png,ok,,S2B_MSIL2A_20241023T095029_R079_T35VML_20241023T112106,2024-10-23,1.0,14.759719,75.1880314526136,0.0,256,128,0,0,9,"B02,B03,B04,B08"
FI_00001288,18170,18170,2024-10-24,63.728776901271246,26.38240528354664,,,,1100.0,31.0,61.0,7.3,,,,,,6.8,13.0,5.7,1100.0,31.0,61.0,7.3,0.1,Korpijoki 2,,Kiuruvesi,,,,,,,,,FI_00001148,18170,2023-10-24,63.728776901271246,26.38240528354664,,,,970.0,30.0,48.0,5.599999999999999,S2_FI_00001148,2024-10-21,3,99.871165,77.1895558348379,182.618754247148,,,35WNP,S2A_MSIL2A_20241021T100041_R122_T35WNP_20241021T111449,,,,,,6.8,12.0,-0.2,970.0,30.0,48.0,5.599999999999999,0.1,Korpijoki 2,,Kiuruvesi,,,,,,,,,ok,,-7,,,,,,,,,-5,,,,,,,,,-3,,,,,,,,,-1,2024-10-23,0.0,14.759719,S2B_MSIL2A_20241023T095029_R079_T35VML_20241023T112106,1437.0,1499.0,1540.0,2168.0,0,2024-10-23,1.0,14.759719,S2B_MSIL2A_20241023T095029_R079_T35VML_20241023T112106,1437.0,1499.0,1540.0,2168.0,1,2024-10-26,1.0,9.50609,S2B_MSIL2A_20241026T100029_R122_T35VML_20241026T121704,1220.0,1053.0,1033.0,1258.0,3,2024-10-26,1.0,9.50609,S2B_MSIL2A_20241026T100029_R122_T35VML_20241026T121704,1220.0,1053.0,1033.0,1258.0,5,,,,,,,,,7,,,,,,,,,D:\Water Quality Parameter Estimation\wq_pipeline\artifacts\tolerance_3d\prepared\chips\train\sample_FI_00001288.npz,D:\Water Quality Parameter Estimation\wq_pipeline\artifacts\tolerance_3d\prepared\chips\train\sample_FI_00001288.png,ok,,S2B_MSIL2A_20241023T095029_R079_T35VML_20241023T112106,2024-10-23,1.0,14.759719,75.1880314526136,0.0,256,128,0,0,9,"B02,B03,B04,B08"
FI_00001289,18170,18170,2024-10-24,63.728776901271246,26.38240528354664,,,,1100.0,31.0,61.0,7.3,,,,,,6.8,13.0,5.7,1100.0,31.0,61.0,7.3,0.1,Korpijoki 2,,Kiuruvesi,,,,,,,,,FI_00001148,18170,2023-10-24,63.728776901271246,26.38240528354664,,,,970.0,30.0,48.0,5.599999999999999,S2_FI_00001148,2024-10-21,3,99.871165,77.1895558348379,182.618754247148,,,35WNP,S2A_MSIL2A_20241021T100041_R122_T35WNP_20241021T111449,,,,,,6.8,12.0,-0.2,970.0,30.0,48.0,5.599999999999999,0.1,Korpijoki 2,,Kiuruvesi,,,,,,,,,ok,,-7,,,,,,,,,-5,,,,,,,,,-3,,,,,,,,,-1,2024-10-23,0.0,14.759719,S2B_MSIL2A_20241023T095029_R079_T35VML_20241023T112106,1437.0,1499.0,1540.0,2168.0,0,2024-10-23,1.0,14.759719,S2B_MSIL2A_20241023T095029_R079_T35VML_20241023T112106,1437.0,1499.0,1540.0,2168.0,1,2024-10-26,1.0,9.50609,S2B_MSIL2A_20241026T100029_R122_T35VML_20241026T121704,1220.0,1053.0,1033.0,1258.0,3,2024-10-26,1.0,9.50609,S2B_MSIL2A_20241026T100029_R122_T35VML_20241026T121704,1220.0,1053.0,1033.0,1258.0,5,,,,,,,,,7,,,,,,,,,D:\Water Quality Parameter Estimation\wq_pipeline\artifacts\tolerance_3d\prepared\chips\train\sample_FI_00001289.npz,D:\Water Quality Parameter Estimation\wq_pipeline\artifacts\tolerance_3d\prepared\chips\train\sample_FI_00001289.png,ok,,S2B_MSIL2A_20241023T095029_R079_T35VML_20241023T112106,2024-10-23,1.0,14.759719,75.1880314526136,0.0,256,128,0,0,9,"B02,B03,B04,B08"
FI_00001290,18170,18170,2024-11-04,63.728776901271246,26.38240528354664,,,,890.0,29.0,61.0,6.900000000000001,,,,,,6.900000000000001,8.0,0.2,890.0,29.0,61.0,6.900000000000001,0.1,Korpijoki 2,,Kiuruvesi,,,,,,,,,FI_00001163,18170,2023-11-22,63.728776901271246,26.38240528354664,,21.0,,870.0,23.0,37.5,6.900000000000001,S2_FI_00001163,2024-11-04,0,63.749254,76.482593486912,176.209751509959,,,35VMH,S2A_MSIL2A_20241104T094151_R036_T35VMH_20241104T105348,,5.7,,21.0,,6.900000000000001,12.0,0.3,870.0,23.0,37.5,6.900000000000001,0.1,Korpijoki 2,,Kiuruvesi,,,,,,,,,ok,,-7,,,,,,,,,-5,,,,,,,,,-3,,,,,,,,,-1,,,,,,,,,0,,,,,,,,,1,,,,,,,,,3,,,,,,,,,5,2024-11-09,0.0,0.058912,S2B_MSIL2A_20241109T094119_R036_T35VML_20241109T104333,1776.0,1416.0,1336.0,1491.0,7,2024-11-10,1.0,27.41212,S2A_MSIL2A_20241110T100231_R122_T35VML_20241110T111143,1662.0,1498.0,1382.0,1455.0,,,no_match,no_stac_item,,,,,,,256,128,0,0,0,"B02,B03,B04,B08"
FI_00001291,18170,18170,2024-11-04,63.728776901271246,26.38240528354664,,,,890.0,29.0,61.0,6.900000000000001,,,,,,6.900000000000001,8.0,0.2,890.0,29.0,61.0,6.900000000000001,0.1,Korpijoki 2,,Kiuruvesi,,,,,,,,,FI_00001163,18170,2023-11-22,63.728776901271246,26.38240528354664,,21.0,,870.0,23.0,37.5,6.900000000000001,S2_FI_00001163,2024-11-04,0,63.749254,76.482593486912,176.209751509959,,,35VMH,S2A_MSIL2A_20241104T094151_R036_T35VMH_20241104T105348,,5.7,,21.0,,6.900000000000001,12.0,0.3,870.0,23.0,37.5,6.900000000000001,0.1,Korpijoki 2,,Kiuruvesi,,,,,,,,,ok,,-7,,,,,,,,,-5,,,,,,,,,-3,,,,,,,,,-1,,,,,,,,,0,,,,,,,,,1,,,,,,,,,3,,,,,,,,,5,2024-11-09,0.0,0.058912,S2B_MSIL2A_20241109T094119_R036_T35VML_20241109T104333,1776.0,1416.0,1336.0,1491.0,7,2024-11-10,1.0,27.41212,S2A_MSIL2A_20241110T100231_R122_T35VML_20241110T111143,1662.0,1498.0,1382.0,1455.0,,,no_match,no_stac_item,,,,,,,256,128,0,0,0,"B02,B03,B04,B08"
FI_00001292,18170,18170,2024-11-04,63.728776901271246,26.38240528354664,,,,890.0,29.0,61.0,6.900000000000001,,,,,,6.900000000000001,8.0,0.2,890.0,29.0,61.0,6.900000000000001,0.1,Korpijoki 2,,Kiuruvesi,,,,,,,,,FI_00001163,18170,2023-11-22,63.728776901271246,26.38240528354664,,21.0,,870.0,23.0,37.5,6.900000000000001,S2_FI_00001163,2024-11-04,0,63.749254,76.482593486912,176.209751509959,,,35VMH,S2A_MSIL2A_20241104T094151_R036_T35VMH_20241104T105348,,5.7,,21.0,,6.900000000000001,12.0,0.3,870.0,23.0,37.5,6.900000000000001,0.1,Korpijoki 2,,Kiuruvesi,,,,,,,,,ok,,-7,,,,,,,,,-5,,,,,,,,,-3,,,,,,,,,-1,,,,,,,,,0,,,,,,,,,1,,,,,,,,,3,,,,,,,,,5,2024-11-09,0.0,0.058912,S2B_MSIL2A_20241109T094119_R036_T35VML_20241109T104333,1776.0,1416.0,1336.0,1491.0,7,2024-11-10,1.0,27.41212,S2A_MSIL2A_20241110T100231_R122_T35VML_20241110T111143,1662.0,1498.0,1382.0,1455.0,,,no_match,no_stac_item,,,,,,,256,128,0,0,0,"B02,B03,B04,B08"
FI_00001293,18170,18170,2024-11-04,63.728776901271246,26.38240528354664,,,,890.0,29.0,61.0,6.900000000000001,,,,,,6.900000000000001,8.0,0.2,890.0,29.0,61.0,6.900000000000001,0.1,Korpijoki 2,,Kiuruvesi,,,,,,,,,FI_00001163,18170,2023-11-22,63.728776901271246,26.38240528354664,,21.0,,870.0,23.0,37.5,6.900000000000001,S2_FI_00001163,2024-11-04,0,63.749254,76.482593486912,176.209751509959,,,35VMH,S2A_MSIL2A_20241104T094151_R036_T35VMH_20241104T105348,,5.7,,21.0,,6.900000000000001,12.0,0.3,870.0,23.0,37.5,6.900000000000001,0.1,Korpijoki 2,,Kiuruvesi,,,,,,,,,ok,,-7,,,,,,,,,-5,,,,,,,,,-3,,,,,,,,,-1,,,,,,,,,0,,,,,,,,,1,,,,,,,,,3,,,,,,,,,5,2024-11-09,0.0,0.058912,S2B_MSIL2A_20241109T094119_R036_T35VML_20241109T104333,1776.0,1416.0,1336.0,1491.0,7,2024-11-10,1.0,27.41212,S2A_MSIL2A_20241110T100231_R122_T35VML_20241110T111143,1662.0,1498.0,1382.0,1455.0,,,no_match,no_stac_item,,,,,,,256,128,0,0,0,"B02,B03,B04,B08"
FI_00001294,18170,18170,2024-11-04,63.728776901271246,26.38240528354664,,,,890.0,29.0,61.0,6.900000000000001,,,,,,6.900000000000001,8.0,0.2,890.0,29.0,61.0,6.900000000000001,0.1,Korpijoki 2,,Kiuruvesi,,,,,,,,,FI_00001163,18170,2023-11-22,63.728776901271246,26.38240528354664,,21.0,,870.0,23.0,37.5,6.900000000000001,S2_FI_00001163,2024-11-04,0,63.749254,76.482593486912,176.209751509959,,,35VMH,S2A_MSIL2A_20241104T094151_R036_T35VMH_20241104T105348,,5.7,,21.0,,6.900000000000001,12.0,0.3,870.0,23.0,37.5,6.900000000000001,0.1,Korpijoki 2,,Kiuruvesi,,,,,,,,,ok,,-7,,,,,,,,,-5,,,,,,,,,-3,,,,,,,,,-1,,,,,,,,,0,,,,,,,,,1,,,,,,,,,3,,,,,,,,,5,2024-11-09,0.0,0.058912,S2B_MSIL2A_20241109T094119_R036_T35VML_20241109T104333,1776.0,1416.0,1336.0,1491.0,7,2024-11-10,1.0,27.41212,S2A_MSIL2A_20241110T100231_R122_T35VML_20241110T111143,1662.0,1498.0,1382.0,1455.0,,,no_match,no_stac_item,,,,,,,256,128,0,0,0,"B02,B03,B04,B08"
FI_00001295,18170,18170,2024-11-04,63.728776901271246,26.38240528354664,,,,890.0,29.0,61.0,6.900000000000001,,,,,,6.900000000000001,8.0,0.2,890.0,29.0,61.0,6.900000000000001,0.1,Korpijoki 2,,Kiuruvesi,,,,,,,,,FI_00001163,18170,2023-11-22,63.728776901271246,26.38240528354664,,21.0,,870.0,23.0,37.5,6.900000000000001,S2_FI_00001163,2024-11-04,0,63.749254,76.482593486912,176.209751509959,,,35VMH,S2A_MSIL2A_20241104T094151_R036_T35VMH_20241104T105348,,5.7,,21.0,,6.900000000000001,12.0,0.3,870.0,23.0,37.5,6.900000000000001,0.1,Korpijoki 2,,Kiuruvesi,,,,,,,,,ok,,-7,,,,,,,,,-5,,,,,,,,,-3,,,,,,,,,-1,,,,,,,,,0,,,,,,,,,1,,,,,,,,,3,,,,,,,,,5,2024-11-09,0.0,0.058912,S2B_MSIL2A_20241109T094119_R036_T35VML_20241109T104333,1776.0,1416.0,1336.0,1491.0,7,2024-11-10,1.0,27.41212,S2A_MSIL2A_20241110T100231_R122_T35VML_20241110T111143,1662.0,1498.0,1382.0,1455.0,,,no_match,no_stac_item,,,,,,,256,128,0,0,0,"B02,B03,B04,B08"
FI_00001296,18170,18170,2024-11-18,63.728776901271246,26.38240528354664,,24.0,,980.0,25.0,40.5,11.0,,6.0,,24.0,,7.0,12.0,1.2,980.0,25.0,40.5,11.0,0.1,Korpijoki 2,,Kiuruvesi,,,,,,,,,FI_00001192,18170,2024-04-02,63.728776901271246,26.38240528354664,,,,3000.0,20.0,100.0,22.0,S2_FI_00001192,2024-11-17,1,47.928256,80.9124872073386,176.514713326858,,,35VLJ,S2A_MSIL2A_20241117T095301_R079_T35VLJ_20241117T110451,,,,,,6.8,20.0,0.0,3000.0,20.0,100.0,22.0,0.1,Korpijoki 2,,Kiuruvesi,,,,,,,,,ok,,-7,2024-11-10,1.0,27.41212,S2A_MSIL2A_20241110T100231_R122_T35VML_20241110T111143,1662.0,1498.0,1382.0,1455.0,-5,,,,,,,,,-3,,,,,,,,,-1,,,,,,,,,0,,,,,,,,,1,,,,,,,,,3,,,,,,,,,5,,,,,,,,,7,,,,,,,,,,,no_match,no_stac_item,,,,,,,256,128,0,0,0,"B02,B03,B04,B08"
FI_00001297,18170,18170,2024-11-18,63.728776901271246,26.38240528354664,,24.0,,980.0,25.0,40.5,11.0,,6.0,,24.0,,7.0,12.0,1.2,980.0,25.0,40.5,11.0,0.1,Korpijoki 2,,Kiuruvesi,,,,,,,,,FI_00001192,18170,2024-04-02,63.728776901271246,26.38240528354664,,,,3000.0,20.0,100.0,22.0,S2_FI_00001192,2024-11-17,1,47.928256,80.9124872073386,176.514713326858,,,35VLJ,S2A_MSIL2A_20241117T095301_R079_T35VLJ_20241117T110451,,,,,,6.8,20.0,0.0,3000.0,20.0,100.0,22.0,0.1,Korpijoki 2,,Kiuruvesi,,,,,,,,,ok,,-7,2024-11-10,1.0,27.41212,S2A_MSIL2A_20241110T100231_R122_T35VML_20241110T111143,1662.0,1498.0,1382.0,1455.0,-5,,,,,,,,,-3,,,,,,,,,-1,,,,,,,,,0,,,,,,,,,1,,,,,,,,,3,,,,,,,,,5,,,,,,,,,7,,,,,,,,,,,no_match,no_stac_item,,,,,,,256,128,0,0,0,"B02,B03,B04,B08"
FI_00001298,18170,18170,2024-11-18,63.728776901271246,26.38240528354664,,24.0,,980.0,25.0,40.5,11.0,,6.0,,24.0,,7.0,12.0,1.2,980.0,25.0,40.5,11.0,0.1,Korpijoki 2,,Kiuruvesi,,,,,,,,,FI_00001192,18170,2024-04-02,63.728776901271246,26.38240528354664,,,,3000.0,20.0,100.0,22.0,S2_FI_00001192,2024-11-17,1,47.928256,80.9124872073386,176.514713326858,,,35VLJ,S2A_MSIL2A_20241117T095301_R079_T35VLJ_20241117T110451,,,,,,6.8,20.0,0.0,3000.0,20.0,100.0,22.0,0.1,Korpijoki 2,,Kiuruvesi,,,,,,,,,ok,,-7,2024-11-10,1.0,27.41212,S2A_MSIL2A_20241110T100231_R122_T35VML_20241110T111143,1662.0,1498.0,1382.0,1455.0,-5,,,,,,,,,-3,,,,,,,,,-1,,,,,,,,,0,,,,,,,,,1,,,,,,,,,3,,,,,,,,,5,,,,,,,,,7,,,,,,,,,,,no_match,no_stac_item,,,,,,,256,128,0,0,0,"B02,B03,B04,B08"
FI_00001299,18170,18170,2024-11-18,63.728776901271246,26.38240528354664,,24.0,,980.0,25.0,40.5,11.0,,6.0,,24.0,,7.0,12.0,1.2,980.0,25.0,40.5,11.0,0.1,Korpijoki 2,,Kiuruvesi,,,,,,,,,FI_00001192,18170,2024-04-02,63.728776901271246,26.38240528354664,,,,3000.0,20.0,100.0,22.0,S2_FI_00001192,2024-11-17,1,47.928256,80.9124872073386,176.514713326858,,,35VLJ,S2A_MSIL2A_20241117T095301_R079_T35VLJ_20241117T110451,,,,,,6.8,20.0,0.0,3000.0,20.0,100.0,22.0,0.1,Korpijoki 2,,Kiuruvesi,,,,,,,,,ok,,-7,2024-11-10,1.0,27.41212,S2A_MSIL2A_20241110T100231_R122_T35VML_20241110T111143,1662.0,1498.0,1382.0,1455.0,-5,,,,,,,,,-3,,,,,,,,,-1,,,,,,,,,0,,,,,,,,,1,,,,,,,,,3,,,,,,,,,5,,,,,,,,,7,,,,,,,,,,,no_match,no_stac_item,,,,,,,256,128,0,0,0,"B02,B03,B04,B08"
FI_00001300,18170,18170,2024-11-18,63.728776901271246,26.38240528354664,,24.0,,980.0,25.0,40.5,11.0,,6.0,,24.0,,7.0,12.0,1.2,980.0,25.0,40.5,11.0,0.1,Korpijoki 2,,Kiuruvesi,,,,,,,,,FI_00001192,18170,2024-04-02,63.728776901271246,26.38240528354664,,,,3000.0,20.0,100.0,22.0,S2_FI_00001192,2024-11-17,1,47.928256,80.9124872073386,176.514713326858,,,35VLJ,S2A_MSIL2A_20241117T095301_R079_T35VLJ_20241117T110451,,,,,,6.8,20.0,0.0,3000.0,20.0,100.0,22.0,0.1,Korpijoki 2,,Kiuruvesi,,,,,,,,,ok,,-7,2024-11-10,1.0,27.41212,S2A_MSIL2A_20241110T100231_R122_T35VML_20241110T111143,1662.0,1498.0,1382.0,1455.0,-5,,,,,,,,,-3,,,,,,,,,-1,,,,,,,,,0,,,,,,,,,1,,,,,,,,,3,,,,,,,,,5,,,,,,,,,7,,,,,,,,,,,no_match,no_stac_item,,,,,,,256,128,0,0,0,"B02,B03,B04,B08"
FI_00001301,18170,18170,2024-11-18,63.728776901271246,26.38240528354664,,24.0,,980.0,25.0,40.5,11.0,,6.0,,24.0,,7.0,12.0,1.2,980.0,25.0,40.5,11.0,0.1,Korpijoki 2,,Kiuruvesi,,,,,,,,,FI_00001192,18170,2024-04-02,63.728776901271246,26.38240528354664,,,,3000.0,20.0,100.0,22.0,S2_FI_00001192,2024-11-17,1,47.928256,80.9124872073386,176.514713326858,,,35VLJ,S2A_MSIL2A_20241117T095301_R079_T35VLJ_20241117T110451,,,,,,6.8,20.0,0.0,3000.0,20.0,100.0,22.0,0.1,Korpijoki 2,,Kiuruvesi,,,,,,,,,ok,,-7,2024-11-10,1.0,27.41212,S2A_MSIL2A_20241110T100231_R122_T35VML_20241110T111143,1662.0,1498.0,1382.0,1455.0,-5,,,,,,,,,-3,,,,,,,,,-1,,,,,,,,,0,,,,,,,,,1,,,,,,,,,3,,,,,,,,,5,,,,,,,,,7,,,,,,,,,,,no_match,no_stac_item,,,,,,,256,128,0,0,0,"B02,B03,B04,B08"
FI_00001302,18170,18170,2024-12-10,63.728776901271246,26.38240528354664,,,,900.0,27.0,40.0,6.2,,,,,,6.7,8.7,0.4000000000000001,900.0,27.0,40.0,6.2,0.1,Korpijoki 2,,Kiuruvesi,,,,,,,,,FI_00001076,18170,2023-05-03,63.728776901271246,26.38240528354664,,,,1700.0,29.0,72.0,22.0,S2_FI_00001076,2024-12-12,2,10.43373,84.2159480991483,172.591992429495,,,34VEN,S2B_MSIL2A_20241212T095319_R079_T34VEN_20241212T115616,,,,,,6.0,34.0,0.6,1700.0,29.0,72.0,22.0,0.2,Korpijoki 2,,Kiuruvesi,,,,,,,,,no_match,,-7,,,,,,,,,-5,,,,,,,,,-3,,,,,,,,,-1,,,,,,,,,0,,,,,,,,,1,,,,,,,,,3,,,,,,,,,5,,,,,,,,,7,,,,,,,,,,,no_match,no_stac_item,,,,,,,256,128,0,0,0,"B02,B03,B04,B08"
FI_00001303,18170,18170,2024-12-10,63.728776901271246,26.38240528354664,,,,900.0,27.0,40.0,6.2,,,,,,6.7,8.7,0.4000000000000001,900.0,27.0,40.0,6.2,0.1,Korpijoki 2,,Kiuruvesi,,,,,,,,,FI_00001076,18170,2023-05-03,63.728776901271246,26.38240528354664,,,,1700.0,29.0,72.0,22.0,S2_FI_00001076,2024-12-12,2,10.43373,84.2159480991483,172.591992429495,,,34VEN,S2B_MSIL2A_20241212T095319_R079_T34VEN_20241212T115616,,,,,,6.0,34.0,0.6,1700.0,29.0,72.0,22.0,0.2,Korpijoki 2,,Kiuruvesi,,,,,,,,,no_match,,-7,,,,,,,,,-5,,,,,,,,,-3,,,,,,,,,-1,,,,,,,,,0,,,,,,,,,1,,,,,,,,,3,,,,,,,,,5,,,,,,,,,7,,,,,,,,,,,no_match,no_stac_item,,,,,,,256,128,0,0,0,"B02,B03,B04,B08"
FI_00001304,18170,18170,2024-12-10,63.728776901271246,26.38240528354664,,,,900.0,27.0,40.0,6.2,,,,,,6.7,8.7,0.4000000000000001,900.0,27.0,40.0,6.2,0.1,Korpijoki 2,,Kiuruvesi,,,,,,,,,FI_00001076,18170,2023-05-03,63.728776901271246,26.38240528354664,,,,1700.0,29.0,72.0,22.0,S2_FI_00001076,2024-12-12,2,10.43373,84.2159480991483,172.591992429495,,,34VEN,S2B_MSIL2A_20241212T095319_R079_T34VEN_20241212T115616,,,,,,6.0,34.0,0.6,1700.0,29.0,72.0,22.0,0.2,Korpijoki 2,,Kiuruvesi,,,,,,,,,no_match,,-7,,,,,,,,,-5,,,,,,,,,-3,,,,,,,,,-1,,,,,,,,,0,,,,,,,,,1,,,,,,,,,3,,,,,,,,,5,,,,,,,,,7,,,,,,,,,,,no_match,no_stac_item,,,,,,,256,128,0,0,0,"B02,B03,B04,B08"
FI_00001305,18170,18170,2024-12-10,63.728776901271246,26.38240528354664,,,,900.0,27.0,40.0,6.2,,,,,,6.7,8.7,0.4000000000000001,900.0,27.0,40.0,6.2,0.1,Korpijoki 2,,Kiuruvesi,,,,,,,,,FI_00001076,18170,2023-05-03,63.728776901271246,26.38240528354664,,,,1700.0,29.0,72.0,22.0,S2_FI_00001076,2024-12-12,2,10.43373,84.2159480991483,172.591992429495,,,34VEN,S2B_MSIL2A_20241212T095319_R079_T34VEN_20241212T115616,,,,,,6.0,34.0,0.6,1700.0,29.0,72.0,22.0,0.2,Korpijoki 2,,Kiuruvesi,,,,,,,,,no_match,,-7,,,,,,,,,-5,,,,,,,,,-3,,,,,,,,,-1,,,,,,,,,0,,,,,,,,,1,,,,,,,,,3,,,,,,,,,5,,,,,,,,,7,,,,,,,,,,,no_match,no_stac_item,,,,,,,256,128,0,0,0,"B02,B03,B04,B08"
FI_00001306,18170,18170,2024-12-10,63.728776901271246,26.38240528354664,,,,900.0,27.0,40.0,6.2,,,,,,6.7,8.7,0.4000000000000001,900.0,27.0,40.0,6.2,0.1,Korpijoki 2,,Kiuruvesi,,,,,,,,,FI_00001076,18170,2023-05-03,63.728776901271246,26.38240528354664,,,,1700.0,29.0,72.0,22.0,S2_FI_00001076,2024-12-12,2,10.43373,84.2159480991483,172.591992429495,,,34VEN,S2B_MSIL2A_20241212T095319_R079_T34VEN_20241212T115616,,,,,,6.0,34.0,0.6,1700.0,29.0,72.0,22.0,0.2,Korpijoki 2,,Kiuruvesi,,,,,,,,,no_match,,-7,,,,,,,,,-5,,,,,,,,,-3,,,,,,,,,-1,,,,,,,,,0,,,,,,,,,1,,,,,,,,,3,,,,,,,,,5,,,,,,,,,7,,,,,,,,,,,no_match,no_stac_item,,,,,,,256,128,0,0,0,"B02,B03,B04,B08"
FI_00001307,18170,18170,2024-12-10,63.728776901271246,26.38240528354664,,,,900.0,27.0,40.0,6.2,,,,,,6.7,8.7,0.4000000000000001,900.0,27.0,40.0,6.2,0.1,Korpijoki 2,,Kiuruvesi,,,,,,,,,FI_00001076,18170,2023-05-03,63.728776901271246,26.38240528354664,,,,1700.0,29.0,72.0,22.0,S2_FI_00001076,2024-12-12,2,10.43373,84.2159480991483,172.591992429495,,,34VEN,S2B_MSIL2A_20241212T095319_R079_T34VEN_20241212T115616,,,,,,6.0,34.0,0.6,1700.0,29.0,72.0,22.0,0.2,Korpijoki 2,,Kiuruvesi,,,,,,,,,no_match,,-7,,,,,,,,,-5,,,,,,,,,-3,,,,,,,,,-1,,,,,,,,,0,,,,,,,,,1,,,,,,,,,3,,,,,,,,,5,,,,,,,,,7,,,,,,,,,,,no_match,no_stac_item,,,,,,,256,128,0,0,0,"B02,B03,B04,B08"
