sample_id,station_id,lake_id,sample_date,lat,lon,chl_a,doc,secchi_depth,tn,toc,tp,turbidity,chl_a_ext,conductivity,dissolved_oxygen,doc_ext,oxygen_saturation,ph,suspended_solids,temperature,tn_ext,toc_ext,tp_ext,turbidity_ext,depth_layer,name,lakename,municipality,Municipal,EnvironmentType,WaterManagementAreaCode,WaterManagementArea,WaterbasinCode,Waterbasin,WaterbodyType,WaterbodyType_Id,sample_id_eo,lake_id_eo,sample_date_eo,lat_eo,lon_eo,chl_a_eo,doc_eo,secchi_depth_eo,tn_eo,toc_eo,tp_eo,turbidity_eo,eo_id,acquisition_date,abs_day_diff,s2_cloud_cover,s2_solar_zenith,s2_solar_azimuth,s2_view_zenith,s2_view_azimuth,s2_mgrs_tile,s2_item_id,chl_a_ext_eo,conductivity_eo,dissolved_oxygen_eo,doc_ext_eo,oxygen_saturation_eo,ph_eo,suspended_solids_eo,temperature_eo,tn_ext_eo,toc_ext_eo,tp_ext_eo,turbidity_ext_eo,depth_layer_eo,name_eo,lakename_eo,municipality_eo,Municipal_eo,EnvironmentType_eo,WaterManagementAreaCode_eo,WaterManagementArea_eo,WaterbasinCode_eo,Waterbasin_eo,WaterbodyType_eo,WaterbodyType_Id_eo
FI_00000000,10060,10060,2023-01-10,61.41234231212037,29.399668855924936,,,,460.0,,14.0,0.99,,11.0,13.1,,90.0,7.400000000000001,1.4,0.2,460.0,,14.0,0.99,0.2,Hiitolanjoki rajav 002,,Rautjärvi,Rautjärvi,River,VHA1,Vuoksen vesienhoitoalue,3.011,Kokkolanjoen a,Suuret kangasmaiden joet,108.0,FI_00000000,10060,2023-01-10,61.41234231212037,29.399668855924936,,,,460.0,,14.0,0.99,S2_FI_00000000,2023-01-09,1,100.0,83.9495686515631,174.701184585914,,,36VUP,S2B_MSIL2A_20230109T094259_R036_T36VUP_20240810T094942,,11.0,13.1,,90.0,7.400000000000001,1.4,0.2,460.0,,14.0,0.99,0.2,Hiitolanjoki rajav 002,,Rautjärvi,Rautjärvi,River,VHA1,Vuoksen vesienhoitoalue,3.011,Kokkolanjoen a,Suuret kangasmaiden joet,108.0
FI_00000001,10060,10060,2023-01-10,61.41234231212037,29.399668855924936,,,,460.0,,14.0,0.99,,11.0,13.1,,90.0,7.400000000000001,1.4,0.2,460.0,,14.0,0.99,0.2,Hiitolanjoki rajav 002,,Rautjärvi,Rautjärvi,River,VHA1,Vuoksen vesienhoitoalue,3.011,Kokkolanjoen a,Suuret kangasmaiden joet,108.0,FI_00000000,10060,2023-01-10,61.41234231212037,29.399668855924936,,,,460.0,,14.0,0.99,S2_FI_00000000,2023-01-09,1,100.0,83.9495686515631,174.701184585914,,,36VUP,S2B_MSIL2A_20230109T094259_R036_T36VUP_20240810T094942,,11.0,13.1,,90.0,7.400000000000001,1.4,0.2,460.0,,14.0,0.99,0.2,Hiitolanjoki rajav 002,,Rautjärvi,Rautjärvi,River,VHA1,Vuoksen vesienhoitoalue,3.011,Kokkolanjoen a,Suuret kangasmaiden joet,108.0
FI_00000002,10060,10060,2023-01-10,61.41234231212037,29.399668855924936,,,,460.0,,14.0,0.99,,11.0,13.1,,90.0,7.400000000000001,1.4,0.2,460.0,,14.0,0.99,0.2,Hiitolanjoki rajav 002,,Rautjärvi,Rautjärvi,River,VHA1,Vuoksen vesienhoitoalue,3.011,Kokkolanjoen a,Suuret kangasmaiden joet,108.0,FI_00000000,10060,2023-01-10,61.41234231212037,29.399668855924936,,,,460.0,,14.0,0.99,S2_FI_00000000,2023-01-09,1,100.0,83.9495686515631,174.701184585914,,,36VUP,S2B_MSIL2A_20230109T094259_R036_T36VUP_20240810T094942,,11.0,13.1,,90.0,7.400000000000001,1.4,0.2,460.0,,14.0,0.99,0.2,Hiitolanjoki rajav 002,,Rautjärvi,Rautjärvi,River,VHA1,Vuoksen vesienhoitoalue,3.011,Kokkolanjoen a,Suuret kangasmaiden joet,108.0
FI_00000003,10060,10060,2023-01-10,61.41234231212037,29.399668855924936,,,,460.0,,14.0,0.99,,11.0,13.1,,90.0,7.400000000000001,1.4,0.2,460.0,,14.0,0.99,0.2,Hiitolanjoki rajav 002,,Rautjärvi,Rautjärvi,River,VHA1,Vuoksen vesienhoitoalue,3.011,Kokkolanjoen a,Suuret kangasmaiden joet,108.0,FI_00000000,10060,2023-01-10,61.41234231212037,29.399668855924936,,,,460.0,,14.0,0.99,S2_FI_00000000,2023-01-09,1,100.0,83.9495686515631,174.701184585914,,,36VUP,S2B_MSIL2A_20230109T094259_R036_T36VUP_20240810T094942,,11.0,13.1,,90.0,7.400000000000001,1.4,0.2,460.0,,14.0,0.99,0.2,Hiitolanjoki rajav 002,,Rautjärvi,Rautjärvi,River,VHA1,Vuoksen vesienhoitoalue,3.011,Kokkolanjoen a,Suuret kangasmaiden joet,108.0
FI_00000004,10060,10060,2023-01-10,61.41234231212037,29.399668855924936,,,,460.0,,14.0,0.99,,11.0,13.1,,90.0,7.400000000000001,1.4,0.2,460.0,,14.0,0.99,0.2,Hiitolanjoki rajav 002,,Rautjärvi,Rautjärvi,River,VHA1,Vuoksen vesienhoitoalue,3.011,Kokkolanjoen a,Suuret kangasmaiden joet,108.0,FI_00000000,10060,2023-01-10,61.41234231212037,29.399668855924936,,,,460.0,,14.0,0.99,S2_FI_00000000,2023-01-09,1,100.0,83.9495686515631,174.701184585914,,,36VUP,S2B_MSIL2A_20230109T094259_R036_T36VUP_20240810T094942,,11.0,13.1,,90.0,7.400000000000001,1.4,0.2,460.0,,14.0,0.99,0.2,Hiitolanjoki rajav 002,,Rautjärvi,Rautjärvi,River,VHA1,Vuoksen vesienhoitoalue,3.011,Kokkolanjoen a,Suuret kangasmaiden joet,108.0
FI_00000005,10060,10060,2023-01-10,61.41234231212037,29.399668855924936,,,,460.0,,14.0,0.99,,11.0,13.1,,90.0,7.400000000000001,1.4,0.2,460.0,,14.0,0.99,0.2,Hiitolanjoki rajav 002,,Rautjärvi,Rautjärvi,River,VHA1,Vuoksen vesienhoitoalue,3.011,Kokkolanjoen a,Suuret kangasmaiden joet,108.0,FI_00000000,10060,2023-01-10,61.41234231212037,29.399668855924936,,,,460.0,,14.0,0.99,S2_FI_00000000,2023-01-09,1,100.0,83.9495686515631,174.701184585914,,,36VUP,S2B_MSIL2A_20230109T094259_R036_T36VUP_20240810T094942,,11.0,13.1,,90.0,7.400000000000001,1.4,0.2,460.0,,14.0,0.99,0.2,Hiitolanjoki rajav 002,,Rautjärvi,Rautjärvi,River,VHA1,Vuoksen vesienhoitoalue,3.011,Kokkolanjoen a,Suuret kangasmaiden joet,108.0
FI_00000006,10060,10060,2023-02-07,61.41234231212037,29.399668855924936,,,,450.0,,12.0,1.2,,10.0,13.199999999999998,,92.0,7.400000000000001,1.4,0.8000000000000002,450.0,,12.0,1.2,0.2,Hiitolanjoki rajav 002,,Rautjärvi,Rautjärvi,River,VHA1,Vuoksen vesienhoitoalue,3.011,Kokkolanjoen a,Suuret kangasmaiden joet,108.0,FI_00000001,10060,2023-01-10,61.41234231212037,29.399668855924936,,,,460.0,,14.0,0.99,S2_FI_00000001,2023-02-08,1,93.576396,76.9579990738968,172.591596410515,,,36VUP,S2B_MSIL2A_20230208T094049_R036_T36VUP_20240813T101951,,11.0,13.1,,90.0,7.400000000000001,1.4,0.2,460.0,,14.0,0.99,0.2,Hiitolanjoki rajav 002,,Rautjärvi,Rautjärvi,River,VHA1,Vuoksen vesienhoitoalue,3.011,Kokkolanjoen a,Suuret kangasmaiden joet,108.0
FI_00000007,10060,10060,2023-02-07,61.41234231212037,29.399668855924936,,,,450.0,,12.0,1.2,,10.0,13.199999999999998,,92.0,7.400000000000001,1.4,0.8000000000000002,450.0,,12.0,1.2,0.2,Hiitolanjoki rajav 002,,Rautjärvi,Rautjärvi,River,VHA1,Vuoksen vesienhoitoalue,3.011,Kokkolanjoen a,Suuret kangasmaiden joet,108.0,FI_00000001,10060,2023-01-10,61.41234231212037,29.399668855924936,,,,460.0,,14.0,0.99,S2_FI_00000001,2023-02-08,1,93.576396,76.9579990738968,172.591596410515,,,36VUP,S2B_MSIL2A_20230208T094049_R036_T36VUP_20240813T101951,,11.0,13.1,,90.0,7.400000000000001,1.4,0.2,460.0,,14.0,0.99,0.2,Hiitolanjoki rajav 002,,Rautjärvi,Rautjärvi,River,VHA1,Vuoksen vesienhoitoalue,3.011,Kokkolanjoen a,Suuret kangasmaiden joet,108.0
FI_00000008,10060,10060,2023-02-07,61.41234231212037,29.399668855924936,,,,450.0,,12.0,1.2,,10.0,13.199999999999998,,92.0,7.400000000000001,1.4,0.8000000000000002,450.0,,12.0,1.2,0.2,Hiitolanjoki rajav 002,,Rautjärvi,Rautjärvi,River,VHA1,Vuoksen vesienhoitoalue,3.011,Kokkolanjoen a,Suuret kangasmaiden joet,108.0,FI_00000001,10060,2023-01-10,61.41234231212037,29.399668855924936,,,,460.0,,14.0,0.99,S2_FI_00000001,2023-02-08,1,93.576396,76.9579990738968,172.591596410515,,,36VUP,S2B_MSIL2A_20230208T094049_R036_T36VUP_20240813T101951,,11.0,13.1,,90.0,7.400000000000001,1.4,0.2,460.0,,14.0,0.99,0.2,Hiitolanjoki rajav 002,,Rautjärvi,Rautjärvi,River,VHA1,Vuoksen vesienhoitoalue,3.011,Kokkolanjoen a,Suuret kangasmaiden joet,108.0
FI_00000009,10060,10060,2023-02-07,61.41234231212037,29.399668855924936,,,,450.0,,12.0,1.2,,10.0,13.199999999999998,,92.0,7.400000000000001,1.4,0.8000000000000002,450.0,,12.0,1.2,0.2,Hiitolanjoki rajav 002,,Rautjärvi,Rautjärvi,River,VHA1,Vuoksen vesienhoitoalue,3.011,Kokkolanjoen a,Suuret kangasmaiden joet,108.0,FI_00000001,10060,2023-01-10,61.41234231212037,29.399668855924936,,,,460.0,,14.0,0.99,S2_FI_00000001,2023-02-08,1,93.576396,76.9579990738968,172.591596410515,,,36VUP,S2B_MSIL2A_20230208T094049_R036_T36VUP_20240813T101951,,11.0,13.1,,90.0,7.400000000000001,1.4,0.2,460.0,,14.0,0.99,0.2,Hiitolanjoki rajav 002,,Rautjärvi,Rautjärvi,River,VHA1,Vuoksen vesienhoitoalue,3.011,Kokkolanjoen a,Suuret kangasmaiden joet,108.0
FI_00000010,10060,10060,2023-02-07,61.41234231212037,29.399668855924936,,,,450.0,,12.0,1.2,,10.0,13.199999999999998,,92.0,7.400000000000001,1.4,0.8000000000000002,450.0,,12.0,1.2,0.2,Hiitolanjoki rajav 002,,Rautjärvi,Rautjärvi,River,VHA1,Vuoksen vesienhoitoalue,3.011,Kokkolanjoen a,Suuret kangasmaiden joet,108.0,FI_00000001,10060,2023-01-10,61.41234231212037,29.399668855924936,,,,460.0,,14.0,0.99,S2_FI_00000001,2023-02-08,1,93.576396,76.9579990738968,172.591596410515,,,36VUP,S2B_MSIL2A_20230208T094049_R036_T36VUP_20240813T101951,,11.0,13.1,,90.0,7.400000000000001,1.4,0.2,460.0,,14.0,0.99,0.2,Hiitolanjoki rajav 002,,Rautjärvi,Rautjärvi,River,VHA1,Vuoksen vesienhoitoalue,3.011,Kokkolanjoen a,Suuret kangasmaiden joet,108.0
FI_00000011,10060,10060,2023-02-07,61.41234231212037,29.399668855924936,,,,450.0,,12.0,1.2,,10.0,13.199999999999998,,92.0,7.400000000000001,1.4,0.8000000000000002,450.0,,12.0,1.2,0.2,Hiitolanjoki rajav 002,,Rautjärvi,Rautjärvi,River,VHA1,Vuoksen vesienhoitoalue,3.011,Kokkolanjoen a,Suuret kangasmaiden joet,108.0,FI_00000001,10060,2023-01-10,61.41234231212037,29.399668855924936,,,,460.0,,14.0,0.99,S2_FI_00000001,2023-02-08,1,93.576396,76.9579990738968,172.591596410515,,,36VUP,S2B_MSIL2A_20230208T094049_R036_T36VUP_20240813T101951,,11.0,13.1,,90.0,7.400000000000001,1.4,0.2,460.0,,14.0,0.99,0.2,Hiitolanjoki rajav 002,,Rautjärvi,Rautjärvi,River,VHA1,Vuoksen vesienhoitoalue,3.011,Kokkolanjoen a,Suuret kangasmaiden joet,108.0
FI_00000012,10060,10060,2023-03-01,61.41234231212037,29.399668855924936,,,,440.0,,10.0,0.97,,9.9,13.300000000000002,,93.0,7.3,1.0,0.8000000000000002,440.0,,10.0,0.97,0.5,Hiitolanjoki rajav 002,,Rautjärvi,Rautjärvi,River,VHA1,Vuoksen vesienhoitoalue,3.011,Kokkolanjoen a,Suuret kangasmaiden joet,108.0,FI_00000002,10060,2023-01-10,61.41234231212037,29.399668855924936,,,,460.0,,14.0,0.99,S2_FI_00000002,2023-03-02,1,1.468945,69.343858466529,169.937775894309,,,36VUP,S2A_MSIL2A_20230302T093031_R136_T36VUP_20240818T001539,,11.0,13.1,,90.0,7.400000000000001,1.4,0.2,460.0,,14.0,0.99,0.2,Hiitolanjoki rajav 002,,Rautjärvi,Rautjärvi,River,VHA1,Vuoksen vesienhoitoalue,3.011,Kokkolanjoen a,Suuret kangasmaiden joet,108.0
FI_00000013,10060,10060,2023-03-01,61.41234231212037,29.399668855924936,,,,440.0,,10.0,0.97,,9.9,13.300000000000002,,93.0,7.3,1.0,0.8000000000000002,440.0,,10.0,0.97,0.5,Hiitolanjoki rajav 002,,Rautjärvi,Rautjärvi,River,VHA1,Vuoksen vesienhoitoalue,3.011,Kokkolanjoen a,Suuret kangasmaiden joet,108.0,FI_00000002,10060,2023-01-10,61.41234231212037,29.399668855924936,,,,460.0,,14.0,0.99,S2_FI_00000002,2023-03-02,1,1.468945,69.343858466529,169.937775894309,,,36VUP,S2A_MSIL2A_20230302T093031_R136_T36VUP_20240818T001539,,11.0,13.1,,90.0,7.400000000000001,1.4,0.2,460.0,,14.0,0.99,0.2,Hiitolanjoki rajav 002,,Rautjärvi,Rautjärvi,River,VHA1,Vuoksen vesienhoitoalue,3.011,Kokkolanjoen a,Suuret kangasmaiden joet,108.0
FI_00000014,10060,10060,2023-03-01,61.41234231212037,29.399668855924936,,,,440.0,,10.0,0.97,,9.9,13.300000000000002,,93.0,7.3,1.0,0.8000000000000002,440.0,,10.0,0.97,0.5,Hiitolanjoki rajav 002,,Rautjärvi,Rautjärvi,River,VHA1,Vuoksen vesienhoitoalue,3.011,Kokkolanjoen a,Suuret kangasmaiden joet,108.0,FI_00000002,10060,2023-01-10,61.41234231212037,29.399668855924936,,,,460.0,,14.0,0.99,S2_FI_00000002,2023-03-02,1,1.468945,69.343858466529,169.937775894309,,,36VUP,S2A_MSIL2A_20230302T093031_R136_T36VUP_20240818T001539,,11.0,13.1,,90.0,7.400000000000001,1.4,0.2,460.0,,14.0,0.99,0.2,Hiitolanjoki rajav 002,,Rautjärvi,Rautjärvi,River,VHA1,Vuoksen vesienhoitoalue,3.011,Kokkolanjoen a,Suuret kangasmaiden joet,108.0
FI_00000015,10060,10060,2023-03-01,61.41234231212037,29.399668855924936,,,,440.0,,10.0,0.97,,9.9,13.300000000000002,,93.0,7.3,1.0,0.8000000000000002,440.0,,10.0,0.97,0.5,Hiitolanjoki rajav 002,,Rautjärvi,Rautjärvi,River,VHA1,Vuoksen vesienhoitoalue,3.011,Kokkolanjoen a,Suuret kangasmaiden joet,108.0,FI_00000002,10060,2023-01-10,61.41234231212037,29.399668855924936,,,,460.0,,14.0,0.99,S2_FI_00000002,2023-03-02,1,1.468945,69.343858466529,169.937775894309,,,36VUP,S2A_MSIL2A_20230302T093031_R136_T36VUP_20240818T001539,,11.0,13.1,,90.0,7.400000000000001,1.4,0.2,460.0,,14.0,0.99,0.2,Hiitolanjoki rajav 002,,Rautjärvi,Rautjärvi,River,VHA1,Vuoksen vesienhoitoalue,3.011,Kokkolanjoen a,Suuret kangasmaiden joet,108.0
FI_00000016,10060,10060,2023-03-01,61.41234231212037,29.399668855924936,,,,440.0,,10.0,0.97,,9.9,13.300000000000002,,93.0,7.3,1.0,0.8000000000000002,440.0,,10.0,0.97,0.5,Hiitolanjoki rajav 002,,Rautjärvi,Rautjärvi,River,VHA1,Vuoksen vesienhoitoalue,3.011,Kokkolanjoen a,Suuret kangasmaiden joet,108.0,FI_00000002,10060,2023-01-10,61.41234231212037,29.399668855924936,,,,460.0,,14.0,0.99,S2_FI_00000002,2023-03-02,1,1.468945,69.343858466529,169.937775894309,,,36VUP,S2A_MSIL2A_20230302T093031_R136_T36VUP_20240818T001539,,11.0,13.1,,90.0,7.400000000000001,1.4,0.2,460.0,,14.0,0.99,0.2,Hiitolanjoki rajav 002,,Rautjärvi,Rautjärvi,River,VHA1,Vuoksen vesienhoitoalue,3.011,Kokkolanjoen a,Suuret kangasmaiden joet,108.0
FI_00000017,10060,10060,2023-03-01,61.41234231212037,29.399668855924936,,,,440.0,,10.0,0.97,,9.9,13.300000000000002,,93.0,7.3,1.0,0.8000000000000002,440.0,,10.0,0.97,0.5,Hiitolanjoki rajav 002,,Rautjärvi,Rautjärvi,River,VHA1,Vuoksen vesienhoitoalue,3.011,Kokkolanjoen a,Suuret kangasmaiden joet,108.0,FI_00000002,10060,2023-01-10,61.41234231212037,29.399668855924936,,,,460.0,,14.0,0.99,S2_FI_00000002,2023-03-02,1,1.468945,69.343858466529,169.937775894309,,,36VUP,S2A_MSIL2A_20230302T093031_R136_T36VUP_20240818T001539,,11.0,13.1,,90.0,7.400000000000001,1.4,0.2,460.0,,14.0,0.99,0.2,Hiitolanjoki rajav 002,,Rautjärvi,Rautjärvi,River,VHA1,Vuoksen vesienhoitoalue,3.011,Kokkolanjoen a,Suuret kangasmaiden joet,108.0
FI_00000018,10060,10060,2023-04-04,61.41234231212037,29.399668855924936,3.5,,,480.0,,11.0,1.3999999999999997,3.5,9.8,13.199999999999998,,94.0,7.3,1.0,1.3,480.0,,11.0,1.3999999999999997,0.3,Hiitolanjoki rajav 002,,Rautjärvi,Rautjärvi,River,VHA1,Vuoksen vesienhoitoalue,3.011,Kokkolanjoen a,Suuret kangasmaiden joet,108.0,FI_00000003,10060,2023-01-10,61.41234231212037,29.399668855924936,,,,460.0,,14.0,0.99,S2_FI_00000003,2023-04-04,0,99.095535,56.1577166137602,174.354098219461,,,36VUP,S2A_MSIL2A_20230404T094031_R036_T36VUP_20240825T224659,,11.0,13.1,,90.0,7.400000000000001,1.4,0.2,460.0,,14.0,0.99,0.2,Hiitolanjoki rajav 002,,Rautjärvi,Rautjärvi,River,VHA1,Vuoksen vesienhoitoalue,3.011,Kokkolanjoen a,Suuret kangasmaiden joet,108.0
FI_00000019,10060,10060,2023-04-04,61.41234231212037,29.399668855924936,3.5,,,480.0,,11.0,1.3999999999999997,3.5,9.8,13.199999999999998,,94.0,7.3,1.0,1.3,480.0,,11.0,1.3999999999999997,0.3,Hiitolanjoki rajav 002,,Rautjärvi,Rautjärvi,River,VHA1,Vuoksen vesienhoitoalue,3.011,Kokkolanjoen a,Suuret kangasmaiden joet,108.0,FI_00000003,10060,2023-01-10,61.41234231212037,29.399668855924936,,,,460.0,,14.0,0.99,S2_FI_00000003,2023-04-04,0,99.095535,56.1577166137602,174.354098219461,,,36VUP,S2A_MSIL2A_20230404T094031_R036_T36VUP_20240825T224659,,11.0,13.1,,90.0,7.400000000000001,1.4,0.2,460.0,,14.0,0.99,0.2,Hiitolanjoki rajav 002,,Rautjärvi,Rautjärvi,River,VHA1,Vuoksen vesienhoitoalue,3.011,Kokkolanjoen a,Suuret kangasmaiden joet,108.0
FI_00000020,10060,10060,2023-04-04,61.41234231212037,29.399668855924936,3.5,,,480.0,,11.0,1.3999999999999997,3.5,9.8,13.199999999999998,,94.0,7.3,1.0,1.3,480.0,,11.0,1.3999999999999997,0.3,Hiitolanjoki rajav 002,,Rautjärvi,Rautjärvi,River,VHA1,Vuoksen vesienhoitoalue,3.011,Kokkolanjoen a,Suuret kangasmaiden joet,108.0,FI_00000003,10060,2023-01-10,61.41234231212037,29.399668855924936,,,,460.0,,14.0,0.99,S2_FI_00000003,2023-04-04,0,99.095535,56.1577166137602,174.354098219461,,,36VUP,S2A_MSIL2A_20230404T094031_R036_T36VUP_20240825T224659,,11.0,13.1,,90.0,7.400000000000001,1.4,0.2,460.0,,14.0,0.99,0.2,Hiitolanjoki rajav 002,,Rautjärvi,Rautjärvi,River,VHA1,Vuoksen vesienhoitoalue,3.011,Kokkolanjoen a,Suuret kangasmaiden joet,108.0
FI_00000021,10060,10060,2023-04-04,61.41234231212037,29.399668855924936,3.5,,,480.0,,11.0,1.3999999999999997,3.5,9.8,13.199999999999998,,94.0,7.3,1.0,1.3,480.0,,11.0,1.3999999999999997,0.3,Hiitolanjoki rajav 002,,Rautjärvi,Rautjärvi,River,VHA1,Vuoksen vesienhoitoalue,3.011,Kokkolanjoen a,Suuret kangasmaiden joet,108.0,FI_00000003,10060,2023-01-10,61.41234231212037,29.399668855924936,,,,460.0,,14.0,0.99,S2_FI_00000003,2023-04-04,0,99.095535,56.1577166137602,174.354098219461,,,36VUP,S2A_MSIL2A_20230404T094031_R036_T36VUP_20240825T224659,,11.0,13.1,,90.0,7.400000000000001,1.4,0.2,460.0,,14.0,0.99,0.2,Hiitolanjoki rajav 002,,Rautjärvi,Rautjärvi,River,VHA1,Vuoksen vesienhoitoalue,3.011,Kokkolanjoen a,Suuret kangasmaiden joet,108.0
FI_00000022,10060,10060,2023-04-04,61.41234231212037,29.399668855924936,3.5,,,480.0,,11.0,1.3999999999999997,3.5,9.8,13.199999999999998,,94.0,7.3,1.0,1.3,480.0,,11.0,1.3999999999999997,0.3,Hiitolanjoki rajav 002,,Rautjärvi,Rautjärvi,River,VHA1,Vuoksen vesienhoitoalue,3.011,Kokkolanjoen a,Suuret kangasmaiden joet,108.0,FI_00000003,10060,2023-01-10,61.41234231212037,29.399668855924936,,,,460.0,,14.0,0.99,S2_FI_00000003,2023-04-04,0,99.095535,56.1577166137602,174.354098219461,,,36VUP,S2A_MSIL2A_20230404T094031_R036_T36VUP_20240825T224659,,11.0,13.1,,90.0,7.400000000000001,1.4,0.2,460.0,,14.0,0.99,0.2,Hiitolanjoki rajav 002,,Rautjärvi,Rautjärvi,River,VHA1,Vuoksen vesienhoitoalue,3.011,Kokkolanjoen a,Suuret kangasmaiden joet,108.0
FI_00000023,10060,10060,2023-04-04,61.41234231212037,29.399668855924936,3.5,,,480.0,,11.0,1.3999999999999997,3.5,9.8,13.199999999999998,,94.0,7.3,1.0,1.3,480.0,,11.0,1.3999999999999997,0.3,Hiitolanjoki rajav 002,,Rautjärvi,Rautjärvi,River,VHA1,Vuoksen vesienhoitoalue,3.011,Kokkolanjoen a,Suuret kangasmaiden joet,108.0,FI_00000003,10060,2023-01-10,61.41234231212037,29.399668855924936,,,,460.0,,14.0,0.99,S2_FI_00000003,2023-04-04,0,99.095535,56.1577166137602,174.354098219461,,,36VUP,S2A_MSIL2A_20230404T094031_R036_T36VUP_20240825T224659,,11.0,13.1,,90.0,7.400000000000001,1.4,0.2,460.0,,14.0,0.99,0.2,Hiitolanjoki rajav 002,,Rautjärvi,Rautjärvi,River,VHA1,Vuoksen vesienhoitoalue,3.011,Kokkolanjoen a,Suuret kangasmaiden joet,108.0
FI_00000024,10060,10060,2023-05-16,61.41234231212037,29.399668855924936,3.7000000000000006,,,510.0,,19.0,4.6,3.7000000000000006,7.5,9.5,,89.0,7.5,6.3,12.5,510.0,,19.0,4.6,0.5,Hiitolanjoki rajav 002,,Rautjärvi,Rautjärvi,River,VHA1,Vuoksen vesienhoitoalue,3.011,Kokkolanjoen a,Suuret kangasmaiden joet,108.0,FI_00000004,10060,2023-01-10,61.41234231212037,29.399668855924936,,,,460.0,,14.0,0.99,S2_FI_00000004,2023-05-16,0,97.098792,42.8035181012733,172.332156664977,,,36VUP,S2B_MSIL2A_20230516T092559_R136_T36VUP_20230516T135152,,11.0,13.1,,90.0,7.400000000000001,1.4,0.2,460.0,,14.0,0.99,0.2,Hiitolanjoki rajav 002,,Rautjärvi,Rautjärvi,River,VHA1,Vuoksen vesienhoitoalue,3.011,Kokkolanjoen a,Suuret kangasmaiden joet,108.0
FI_00000025,10060,10060,2023-05-16,61.41234231212037,29.399668855924936,3.7000000000000006,,,510.0,,19.0,4.6,3.7000000000000006,7.5,9.5,,89.0,7.5,6.3,12.5,510.0,,19.0,4.6,0.5,Hiitolanjoki rajav 002,,Rautjärvi,Rautjärvi,River,VHA1,Vuoksen vesienhoitoalue,3.011,Kokkolanjoen a,Suuret kangasmaiden joet,108.0,FI_00000004,10060,2023-01-10,61.41234231212037,29.399668855924936,,,,460.0,,14.0,0.99,S2_FI_00000004,2023-05-16,0,97.098792,42.8035181012733,172.332156664977,,,36VUP,S2B_MSIL2A_20230516T092559_R136_T36VUP_20230516T135152,,11.0,13.1,,90.0,7.400000000000001,1.4,0.2,460.0,,14.0,0.99,0.2,Hiitolanjoki rajav 002,,Rautjärvi,Rautjärvi,River,VHA1,Vuoksen vesienhoitoalue,3.011,Kokkolanjoen a,Suuret kangasmaiden joet,108.0
FI_00000026,10060,10060,2023-05-16,61.41234231212037,29.399668855924936,3.7000000000000006,,,510.0,,19.0,4.6,3.7000000000000006,7.5,9.5,,89.0,7.5,6.3,12.5,510.0,,19.0,4.6,0.5,Hiitolanjoki rajav 002,,Rautjärvi,Rautjärvi,River,VHA1,Vuoksen vesienhoitoalue,3.011,Kokkolanjoen a,Suuret kangasmaiden joet,108.0,FI_00000004,10060,2023-01-10,61.41234231212037,29.399668855924936,,,,460.0,,14.0,0.99,S2_FI_00000004,2023-05-16,0,97.098792,42.8035181012733,172.332156664977,,,36VUP,S2B_MSIL2A_20230516T092559_R136_T36VUP_20230516T135152,,11.0,13.1,,90.0,7.400000000000001,1.4,0.2,460.0,,14.0,0.99,0.2,Hiitolanjoki rajav 002,,Rautjärvi,Rautjärvi,River,VHA1,Vuoksen vesienhoitoalue,3.011,Kokkolanjoen a,Suuret kangasmaiden joet,108.0
FI_00000027,10060,10060,2023-05-16,61.41234231212037,29.399668855924936,3.7000000000000006,,,510.0,,19.0,4.6,3.7000000000000006,7.5,9.5,,89.0,7.5,6.3,12.5,510.0,,19.0,4.6,0.5,Hiitolanjoki rajav 002,,Rautjärvi,Rautjärvi,River,VHA1,Vuoksen vesienhoitoalue,3.011,Kokkolanjoen a,Suuret kangasmaiden joet,108.0,FI_00000004,10060,2023-01-10,61.41234231212037,29.399668855924936,,,,460.0,,14.0,0.99,S2_FI_00000004,2023-05-16,0,97.098792,42.8035181012733,172.332156664977,,,36VUP,S2B_MSIL2A_20230516T092559_R136_T36VUP_20230516T135152,,11.0,13.1,,90.0,7.400000000000001,1.4,0.2,460.0,,14.0,0.99,0.2,Hiitolanjoki rajav 002,,Rautjärvi,Rautjärvi,River,VHA1,Vuoksen vesienhoitoalue,3.011,Kokkolanjoen a,Suuret kangasmaiden joet,108.0
FI_00000028,10060,10060,2023-05-16,61.41234231212037,29.399668855924936,3.7000000000000006,,,510.0,,19.0,4.6,3.7000000000000006,7.5,9.5,,89.0,7.5,6.3,12.5,510.0,,19.0,4.6,0.5,Hiitolanjoki rajav 002,,Rautjärvi,Rautjärvi,River,VHA1,Vuoksen vesienhoitoalue,3.011,Kokkolanjoen a,Suuret kangasmaiden joet,108.0,FI_00000004,10060,2023-01-10,61.41234231212037,29.399668855924936,,,,460.0,,14.0,0.99,S2_FI_00000004,2023-05-16,0,97.098792,42.8035181012733,172.332156664977,,,36VUP,S2B_MSIL2A_20230516T092559_R136_T36VUP_20230516T135152,,11.0,13.1,,90.0,7.400000000000001,1.4,0.2,460.0,,14.0,0.99,0.2,Hiitolanjoki rajav 002,,Rautjärvi,Rautjärvi,River,VHA1,Vuoksen vesienhoitoalue,3.011,Kokkolanjoen a,Suuret kangasmaiden joet,108.0
FI_00000029,10060,10060,2023-05-16,61.41234231212037,29.399668855924936,3.7000000000000006,,,510.0,,19.0,4.6,3.7000000000000006,7.5,9.5,,89.0,7.5,6.3,12.5,510.0,,19.0,4.6,0.5,Hiitolanjoki rajav 002,,Rautjärvi,Rautjärvi,River,VHA1,Vuoksen vesienhoitoalue,3.011,Kokkolanjoen a,Suuret kangasmaiden joet,108.0,FI_00000004,10060,2023-01-10,61.41234231212037,29.399668855924936,,,,460.0,,14.0,0.99,S2_FI_00000004,2023-05-16,0,97.098792,42.8035181012733,172.332156664977,,,36VUP,S2B_MSIL2A_20230516T092559_R136_T36VUP_20230516T135152,,11.0,13.1,,90.0,7.400000000000001,1.4,0.2,460.0,,14.0,0.99,0.2,Hiitolanjoki rajav 002,,Rautjärvi,Rautjärvi,River,VHA1,Vuoksen vesienhoitoalue,3.011,Kokkolanjoen a,Suuret kangasmaiden joet,108.0
FI_00000030,10060,10060,2023-06-07,61.41234231212037,29.399668855924936,2.7999999999999994,,,520.0,,15.0,2.2,2.7999999999999994,9.0,9.1,,90.0,7.400000000000001,3.4,14.699999999999998,520.0,,15.0,2.2,0.4,Hiitolanjoki rajav 002,,Rautjärvi,Rautjärvi,River,VHA1,Vuoksen vesienhoitoalue,3.011,Kokkolanjoen a,Suuret kangasmaiden joet,108.0,FI_00000005,10060,2023-01-10,61.41234231212037,29.399668855924936,,,,460.0,,14.0,0.99,S2_FI_00000005,2023-06-08,1,99.798834,38.9559936761273,174.611721935959,,,36VUP,S2B_MSIL2A_20230608T093549_R036_T36VUP_20240911T145836,,11.0,13.1,,90.0,7.400000000000001,1.4,0.2,460.0,,14.0,0.99,0.2,Hiitolanjoki rajav 002,,Rautjärvi,Rautjärvi,River,VHA1,Vuoksen vesienhoitoalue,3.011,Kokkolanjoen a,Suuret kangasmaiden joet,108.0
FI_00000031,10060,10060,2023-06-07,61.41234231212037,29.399668855924936,2.7999999999999994,,,520.0,,15.0,2.2,2.7999999999999994,9.0,9.1,,90.0,7.400000000000001,3.4,14.699999999999998,520.0,,15.0,2.2,0.4,Hiitolanjoki rajav 002,,Rautjärvi,Rautjärvi,River,VHA1,Vuoksen vesienhoitoalue,3.011,Kokkolanjoen a,Suuret kangasmaiden joet,108.0,FI_00000005,10060,2023-01-10,61.41234231212037,29.399668855924936,,,,460.0,,14.0,0.99,S2_FI_00000005,2023-06-08,1,99.798834,38.9559936761273,174.611721935959,,,36VUP,S2B_MSIL2A_20230608T093549_R036_T36VUP_20240911T145836,,11.0,13.1,,90.0,7.400000000000001,1.4,0.2,460.0,,14.0,0.99,0.2,Hiitolanjoki rajav 002,,Rautjärvi,Rautjärvi,River,VHA1,Vuoksen vesienhoitoalue,3.011,Kokkolanjoen a,Suuret kangasmaiden joet,108.0
FI_00000032,10060,10060,2023-06-07,61.41234231212037,29.399668855924936,2.7999999999999994,,,520.0,,15.0,2.2,2.7999999999999994,9.0,9.1,,90.0,7.400000000000001,3.4,14.699999999999998,520.0,,15.0,2.2,0.4,Hiitolanjoki rajav 002,,Rautjärvi,Rautjärvi,River,VHA1,Vuoksen vesienhoitoalue,3.011,Kokkolanjoen a,Suuret kangasmaiden joet,108.0,FI_00000005,10060,2023-01-10,61.41234231212037,29.399668855924936,,,,460.0,,14.0,0.99,S2_FI_00000005,2023-06-08,1,99.798834,38.9559936761273,174.611721935959,,,36VUP,S2B_MSIL2A_20230608T093549_R036_T36VUP_20240911T145836,,11.0,13.1,,90.0,7.400000000000001,1.4,0.2,460.0,,14.0,0.99,0.2,Hiitolanjoki rajav 002,,Rautjärvi,Rautjärvi,River,VHA1,Vuoksen vesienhoitoalue,3.011,Kokkolanjoen a,Suuret kangasmaiden joet,108.0
FI_00000033,10060,10060,2023-06-07,61.41234231212037,29.399668855924936,2.7999999999999994,,,520.0,,15.0,2.2,2.7999999999999994,9.0,9.1,,90.0,7.400000000000001,3.4,14.699999999999998,520.0,,15.0,2.2,0.4,Hiitolanjoki rajav 002,,Rautjärvi,Rautjärvi,River,VHA1,Vuoksen vesienhoitoalue,3.011,Kokkolanjoen a,Suuret kangasmaiden joet,108.0,FI_00000005,10060,2023-01-10,61.41234231212037,29.399668855924936,,,,460.0,,14.0,0.99,S2_FI_00000005,2023-06-08,1,99.798834,38.9559936761273,174.611721935959,,,36VUP,S2B_MSIL2A_20230608T093549_R036_T36VUP_20240911T145836,,11.0,13.1,,90.0,7.400000000000001,1.4,0.2,460.0,,14.0,0.99,0.2,Hiitolanjoki rajav 002,,Rautjärvi,Rautjärvi,River,VHA1,Vuoksen vesienhoitoalue,3.011,Kokkolanjoen a,Suuret kangasmaiden joet,108.0
FI_00000034,10060,10060,2023-06-07,61.41234231212037,29.399668855924936,2.7999999999999994,,,520.0,,15.0,2.2,2.7999999999999994,9.0,9.1,,90.0,7.400000000000001,3.4,14.699999999999998,520.0,,15.0,2.2,0.4,Hiitolanjoki rajav 002,,Rautjärvi,Rautjärvi,River,VHA1,Vuoksen vesienhoitoalue,3.011,Kokkolanjoen a,Suuret kangasmaiden joet,108.0,FI_00000005,10060,2023-01-10,61.41234231212037,29.399668855924936,,,,460.0,,14.0,0.99,S2_FI_00000005,2023-06-08,1,99.798834,38.9559936761273,174.611721935959,,,36VUP,S2B_MSIL2A_20230608T093549_R036_T36VUP_20240911T145836,,11.0,13.1,,90.0,7.400000000000001,1.4,0.2,460.0,,14.0,0.99,0.2,Hiitolanjoki rajav 002,,Rautjärvi,Rautjärvi,River,VHA1,Vuoksen vesienhoitoalue,3.011,Kokkolanjoen a,Suuret kangasmaiden joet,108.0
FI_00000035,10060,10060,2023-06-07,61.41234231212037,29.399668855924936,2.7999999999999994,,,520.0,,15.0,2.2,2.7999999999999994,9.0,9.1,,90.0,7.400000000000001,3.4,14.699999999999998,520.0,,15.0,2.2,0.4,Hiitolanjoki rajav 002,,Rautjärvi,Rautjärvi,River,VHA1,Vuoksen vesienhoitoalue,3.011,Kokkolanjoen a,Suuret kangasmaiden joet,108.0,FI_00000005,10060,2023-01-10,61.41234231212037,29.399668855924936,,,,460.0,,14.0,0.99,S2_FI_00000005,2023-06-08,1,99.798834,38.9559936761273,174.611721935959,,,36VUP,S2B_MSIL2A_20230608T093549_R036_T36VUP_20240911T145836,,11.0,13.1,,90.0,7.400000000000001,1.4,0.2,460.0,,14.0,0.99,0.2,Hiitolanjoki rajav 002,,Rautjärvi,Rautjärvi,River,VHA1,Vuoksen vesienhoitoalue,3.011,Kokkolanjoen a,Suuret kangasmaiden joet,108.0
FI_00000036,10060,10060,2023-07-04,61.41234231212037,29.399668855924936,1.1,,,770.0,,22.0,3.1,1.1,10.0,7.3,,80.0,7.3,4.3,19.8,770.0,,22.0,3.1,0.5,Hiitolanjoki rajav 002,,Rautjärvi,Rautjärvi,River,VHA1,Vuoksen vesienhoitoalue,3.011,Kokkolanjoen a,Suuret kangasmaiden joet,108.0,FI_00000006,10060,2023-02-07,61.41234231212037,29.399668855924936,,,,450.0,,12.0,1.2,S2_FI_00000006,2023-07-03,1,75.950617,38.9007396147205,172.695512198174,,,36VUP,S2A_MSIL2A_20230703T094041_R036_T36VUP_20230703T160840,,10.0,13.199999999999998,,92.0,7.400000000000001,1.4,0.8000000000000002,450.0,,12.0,1.2,0.2,Hiitolanjoki rajav 002,,Rautjärvi,Rautjärvi,River,VHA1,Vuoksen vesienhoitoalue,3.011,Kokkolanjoen a,Suuret kangasmaiden joet,108.0
FI_00000037,10060,10060,2023-07-04,61.41234231212037,29.399668855924936,1.1,,,770.0,,22.0,3.1,1.1,10.0,7.3,,80.0,7.3,4.3,19.8,770.0,,22.0,3.1,0.5,Hiitolanjoki rajav 002,,Rautjärvi,Rautjärvi,River,VHA1,Vuoksen vesienhoitoalue,3.011,Kokkolanjoen a,Suuret kangasmaiden joet,108.0,FI_00000006,10060,2023-02-07,61.41234231212037,29.399668855924936,,,,450.0,,12.0,1.2,S2_FI_00000006,2023-07-03,1,75.950617,38.9007396147205,172.695512198174,,,36VUP,S2A_MSIL2A_20230703T094041_R036_T36VUP_20230703T160840,,10.0,13.199999999999998,,92.0,7.400000000000001,1.4,0.8000000000000002,450.0,,12.0,1.2,0.2,Hiitolanjoki rajav 002,,Rautjärvi,Rautjärvi,River,VHA1,Vuoksen vesienhoitoalue,3.011,Kokkolanjoen a,Suuret kangasmaiden joet,108.0
FI_00000038,10060,10060,2023-07-04,61.41234231212037,29.399668855924936,1.1,,,770.0,,22.0,3.1,1.1,10.0,7.3,,80.0,7.3,4.3,19.8,770.0,,22.0,3.1,0.5,Hiitolanjoki rajav 002,,Rautjärvi,Rautjärvi,River,VHA1,Vuoksen vesienhoitoalue,3.011,Kokkolanjoen a,Suuret kangasmaiden joet,108.0,FI_00000006,10060,2023-02-07,61.41234231212037,29.399668855924936,,,,450.0,,12.0,1.2,S2_FI_00000006,2023-07-03,1,75.950617,38.9007396147205,172.695512198174,,,36VUP,S2A_MSIL2A_20230703T094041_R036_T36VUP_20230703T160840,,10.0,13.199999999999998,,92.0,7.400000000000001,1.4,0.8000000000000002,450.0,,12.0,1.2,0.2,Hiitolanjoki rajav 002,,Rautjärvi,Rautjärvi,River,VHA1,Vuoksen vesienhoitoalue,3.011,Kokkolanjoen a,Suuret kangasmaiden joet,108.0
FI_00000039,10060,10060,2023-07-04,61.41234231212037,29.399668855924936,1.1,,,770.0,,22.0,3.1,1.1,10.0,7.3,,80.0,7.3,4.3,19.8,770.0,,22.0,3.1,0.5,Hiitolanjoki rajav 002,,Rautjärvi,Rautjärvi,River,VHA1,Vuoksen vesienhoitoalue,3.011,Kokkolanjoen a,Suuret kangasmaiden joet,108.0,FI_00000006,10060,2023-02-07,61.41234231212037,29.399668855924936,,,,450.0,,12.0,1.2,S2_FI_00000006,2023-07-03,1,75.950617,38.9007396147205,172.695512198174,,,36VUP,S2A_MSIL2A_20230703T094041_R036_T36VUP_20230703T160840,,10.0,13.199999999999998,,92.0,7.400000000000001,1.4,0.8000000000000002,450.0,,12.0,1.2,0.2,Hiitolanjoki rajav 002,,Rautjärvi,Rautjärvi,River,VHA1,Vuoksen vesienhoitoalue,3.011,Kokkolanjoen a,Suuret kangasmaiden joet,108.0
FI_00000040,10060,10060,2023-07-04,61.41234231212037,29.399668855924936,1.1,,,770.0,,22.0,3.1,1.1,10.0,7.3,,80.0,7.3,4.3,19.8,770.0,,22.0,3.1,0.5,Hiitolanjoki rajav 002,,Rautjärvi,Rautjärvi,River,VHA1,Vuoksen vesienhoitoalue,3.011,Kokkolanjoen a,Suuret kangasmaiden joet,108.0,FI_00000006,10060,2023-02-07,61.41234231212037,29.399668855924936,,,,450.0,,12.0,1.2,S2_FI_00000006,2023-07-03,1,75.950617,38.9007396147205,172.695512198174,,,36VUP,S2A_MSIL2A_20230703T094041_R036_T36VUP_20230703T160840,,10.0,13.199999999999998,,92.0,7.400000000000001,1.4,0.8000000000000002,450.0,,12.0,1.2,0.2,Hiitolanjoki rajav 002,,Rautjärvi,Rautjärvi,River,VHA1,Vuoksen vesienhoitoalue,3.011,Kokkolanjoen a,Suuret kangasmaiden joet,108.0
FI_00000041,10060,10060,2023-07-04,61.41234231212037,29.399668855924936,1.1,,,770.0,,22.0,3.1,1.1,10.0,7.3,,80.0,7.3,4.3,19.8,770.0,,22.0,3.1,0.5,Hiitolanjoki rajav 002,,Rautjärvi,Rautjärvi,River,VHA1,Vuoksen vesienhoitoalue,3.011,Kokkolanjoen a,Suuret kangasmaiden joet,108.0,FI_00000006,10060,2023-02-07,61.41234231212037,29.399668855924936,,,,450.0,,12.0,1.2,S2_FI_00000006,2023-07-03,1,75.950617,38.9007396147205,172.695512198174,,,36VUP,S2A_MSIL2A_20230703T094041_R036_T36VUP_20230703T160840,,10.0,13.199999999999998,,92.0,7.400000000000001,1.4,0.8000000000000002,450.0,,12.0,1.2,0.2,Hiitolanjoki rajav 002,,Rautjärvi,Rautjärvi,River,VHA1,Vuoksen vesienhoitoalue,3.011,Kokkolanjoen a,Suuret kangasmaiden joet,108.0
FI_00000042,10060,10060,2023-08-01,61.41234231212037,29.399668855924936,2.3,,,480.0,,16.0,2.4,2.3,8.9,7.5,,83.0,7.400000000000001,3.8,20.3,480.0,,16.0,2.4,0.4,Hiitolanjoki rajav 002,,Rautjärvi,Rautjärvi,River,VHA1,Vuoksen vesienhoitoalue,3.011,Kokkolanjoen a,Suuret kangasmaiden joet,108.0,FI_00000007,10060,2023-02-07,61.41234231212037,29.399668855924936,,,,450.0,,12.0,1.2,S2_FI_00000007,2023-08-02,1,48.658302,44.1102020790594,172.46794329781,,,36VUP,S2A_MSIL2A_20230802T094041_R036_T36VUP_20241026T134447,,10.0,13.199999999999998,,92.0,7.400000000000001,1.4,0.8000000000000002,450.0,,12.0,1.2,0.2,Hiitolanjoki rajav 002,,Rautjärvi,Rautjärvi,River,VHA1,Vuoksen vesienhoitoalue,3.011,Kokkolanjoen a,Suuret kangasmaiden joet,108.0
FI_00000043,10060,10060,2023-08-01,61.41234231212037,29.399668855924936,2.3,,,480.0,,16.0,2.4,2.3,8.9,7.5,,83.0,7.400000000000001,3.8,20.3,480.0,,16.0,2.4,0.4,Hiitolanjoki rajav 002,,Rautjärvi,Rautjärvi,River,VHA1,Vuoksen vesienhoitoalue,3.011,Kokkolanjoen a,Suuret kangasmaiden joet,108.0,FI_00000007,10060,2023-02-07,61.41234231212037,29.399668855924936,,,,450.0,,12.0,1.2,S2_FI_00000007,2023-08-02,1,48.658302,44.1102020790594,172.46794329781,,,36VUP,S2A_MSIL2A_20230802T094041_R036_T36VUP_20241026T134447,,10.0,13.199999999999998,,92.0,7.400000000000001,1.4,0.8000000000000002,450.0,,12.0,1.2,0.2,Hiitolanjoki rajav 002,,Rautjärvi,Rautjärvi,River,VHA1,Vuoksen vesienhoitoalue,3.011,Kokkolanjoen a,Suuret kangasmaiden joet,108.0
FI_00000044,10060,10060,2023-08-01,61.41234231212037,29.399668855924936,2.3,,,480.0,,16.0,2.4,2.3,8.9,7.5,,83.0,7.400000000000001,3.8,20.3,480.0,,16.0,2.4,0.4,Hiitolanjoki rajav 002,,Rautjärvi,Rautjärvi,River,VHA1,Vuoksen vesienhoitoalue,3.011,Kokkolanjoen a,Suuret kangasmaiden joet,108.0,FI_00000007,10060,2023-02-07,61.41234231212037,29.399668855924936,,,,450.0,,12.0,1.2,S2_FI_00000007,2023-08-02,1,48.658302,44.1102020790594,172.46794329781,,,36VUP,S2A_MSIL2A_20230802T094041_R036_T36VUP_20241026T134447,,10.0,13.199999999999998,,92.0,7.400000000000001,1.4,0.8000000000000002,450.0,,12.0,1.2,0.2,Hiitolanjoki rajav 002,,Rautjärvi,Rautjärvi,River,VHA1,Vuoksen vesienhoitoalue,3.011,Kokkolanjoen a,Suuret kangasmaiden joet,108.0
FI_00000045,10060,10060,2023-08-01,61.41234231212037,29.399668855924936,2.3,,,480.0,,16.0,2.4,2.3,8.9,7.5,,83.0,7.400000000000001,3.8,20.3,480.0,,16.0,2.4,0.4,Hiitolanjoki rajav 002,,Rautjärvi,Rautjärvi,River,VHA1,Vuoksen vesienhoitoalue,3.011,Kokkolanjoen a,Suuret kangasmaiden joet,108.0,FI_00000007,10060,2023-02-07,61.41234231212037,29.399668855924936,,,,450.0,,12.0,1.2,S2_FI_00000007,2023-08-02,1,48.658302,44.1102020790594,172.46794329781,,,36VUP,S2A_MSIL2A_20230802T094041_R036_T36VUP_20241026T134447,,10.0,13.199999999999998,,92.0,7.400000000000001,1.4,0.8000000000000002,450.0,,12.0,1.2,0.2,Hiitolanjoki rajav 002,,Rautjärvi,Rautjärvi,River,VHA1,Vuoksen vesienhoitoalue,3.011,Kokkolanjoen a,Suuret kangasmaiden joet,108.0
FI_00000046,10060,10060,2023-08-01,61.41234231212037,29.399668855924936,2.3,,,480.0,,16.0,2.4,2.3,8.9,7.5,,83.0,7.400000000000001,3.8,20.3,480.0,,16.0,2.4,0.4,Hiitolanjoki rajav 002,,Rautjärvi,Rautjärvi,River,VHA1,Vuoksen vesienhoitoalue,3.011,Kokkolanjoen a,Suuret kangasmaiden joet,108.0,FI_00000007,10060,2023-02-07,61.41234231212037,29.399668855924936,,,,450.0,,12.0,1.2,S2_FI_00000007,2023-08-02,1,48.658302,44.1102020790594,172.46794329781,,,36VUP,S2A_MSIL2A_20230802T094041_R036_T36VUP_20241026T134447,,10.0,13.199999999999998,,92.0,7.400000000000001,1.4,0.8000000000000002,450.0,,12.0,1.2,0.2,Hiitolanjoki rajav 002,,Rautjärvi,Rautjärvi,River,VHA1,Vuoksen vesienhoitoalue,3.011,Kokkolanjoen a,Suuret kangasmaiden joet,108.0
FI_00000047,10060,10060,2023-08-01,61.41234231212037,29.399668855924936,2.3,,,480.0,,16.0,2.4,2.3,8.9,7.5,,83.0,7.400000000000001,3.8,20.3,480.0,,16.0,2.4,0.4,Hiitolanjoki rajav 002,,Rautjärvi,Rautjärvi,River,VHA1,Vuoksen vesienhoitoalue,3.011,Kokkolanjoen a,Suuret kangasmaiden joet,108.0,FI_00000007,10060,2023-02-07,61.41234231212037,29.399668855924936,,,,450.0,,12.0,1.2,S2_FI_00000007,2023-08-02,1,48.658302,44.1102020790594,172.46794329781,,,36VUP,S2A_MSIL2A_20230802T094041_R036_T36VUP_20241026T134447,,10.0,13.199999999999998,,92.0,7.400000000000001,1.4,0.8000000000000002,450.0,,12.0,1.2,0.2,Hiitolanjoki rajav 002,,Rautjärvi,Rautjärvi,River,VHA1,Vuoksen vesienhoitoalue,3.011,Kokkolanjoen a,Suuret kangasmaiden joet,108.0
FI_00000048,10060,10060,2023-09-05,61.41234231212037,29.399668855924936,2.3,,,380.0,,14.0,2.3,2.3,10.0,7.900000000000001,,84.0,7.400000000000001,2.7,18.4,380.0,,14.0,2.3,0.3,Hiitolanjoki rajav 002,,Rautjärvi,Rautjärvi,River,VHA1,Vuoksen vesienhoitoalue,3.011,Kokkolanjoen a,Suuret kangasmaiden joet,108.0,FI_00000008,10060,2023-02-07,61.41234231212037,29.399668855924936,,,,450.0,,12.0,1.2,S2_FI_00000008,2023-09-06,1,73.384237,55.3125244235365,175.722197764335,,,36VUP,S2B_MSIL2A_20230906T093549_R036_T36VUP_20241029T123722,,10.0,13.199999999999998,,92.0,7.400000000000001,1.4,0.8000000000000002,450.0,,12.0,1.2,0.2,Hiitolanjoki rajav 002,,Rautjärvi,Rautjärvi,River,VHA1,Vuoksen vesienhoitoalue,3.011,Kokkolanjoen a,Suuret kangasmaiden joet,108.0
FI_00000049,10060,10060,2023-09-05,61.41234231212037,29.399668855924936,2.3,,,380.0,,14.0,2.3,2.3,10.0,7.900000000000001,,84.0,7.400000000000001,2.7,18.4,380.0,,14.0,2.3,0.3,Hiitolanjoki rajav 002,,Rautjärvi,Rautjärvi,River,VHA1,Vuoksen vesienhoitoalue,3.011,Kokkolanjoen a,Suuret kangasmaiden joet,108.0,FI_00000008,10060,2023-02-07,61.41234231212037,29.399668855924936,,,,450.0,,12.0,1.2,S2_FI_00000008,2023-09-06,1,73.384237,55.3125244235365,175.722197764335,,,36VUP,S2B_MSIL2A_20230906T093549_R036_T36VUP_20241029T123722,,10.0,13.199999999999998,,92.0,7.400000000000001,1.4,0.8000000000000002,450.0,,12.0,1.2,0.2,Hiitolanjoki rajav 002,,Rautjärvi,Rautjärvi,River,VHA1,Vuoksen vesienhoitoalue,3.011,Kokkolanjoen a,Suuret kangasmaiden joet,108.0
FI_00000050,10060,10060,2023-09-05,61.41234231212037,29.399668855924936,2.3,,,380.0,,14.0,2.3,2.3,10.0,7.900000000000001,,84.0,7.400000000000001,2.7,18.4,380.0,,14.0,2.3,0.3,Hiitolanjoki rajav 002,,Rautjärvi,Rautjärvi,River,VHA1,Vuoksen vesienhoitoalue,3.011,Kokkolanjoen a,Suuret kangasmaiden joet,108.0,FI_00000008,10060,2023-02-07,61.41234231212037,29.399668855924936,,,,450.0,,12.0,1.2,S2_FI_00000008,2023-09-06,1,73.384237,55.3125244235365,175.722197764335,,,36VUP,S2B_MSIL2A_20230906T093549_R036_T36VUP_20241029T123722,,10.0,13.199999999999998,,92.0,7.400000000000001,1.4,0.8000000000000002,450.0,,12.0,1.2,0.2,Hiitolanjoki rajav 002,,Rautjärvi,Rautjärvi,River,VHA1,Vuoksen vesienhoitoalue,3.011,Kokkolanjoen a,Suuret kangasmaiden joet,108.0
FI_00000051,10060,10060,2023-09-05,61.41234231212037,29.399668855924936,2.3,,,380.0,,14.0,2.3,2.3,10.0,7.900000000000001,,84.0,7.400000000000001,2.7,18.4,380.0,,14.0,2.3,0.3,Hiitolanjoki rajav 002,,Rautjärvi,Rautjärvi,River,VHA1,Vuoksen vesienhoitoalue,3.011,Kokkolanjoen a,Suuret kangasmaiden joet,108.0,FI_00000008,10060,2023-02-07,61.41234231212037,29.399668855924936,,,,450.0,,12.0,1.2,S2_FI_00000008,2023-09-06,1,73.384237,55.3125244235365,175.722197764335,,,36VUP,S2B_MSIL2A_20230906T093549_R036_T36VUP_20241029T123722,,10.0,13.199999999999998,,92.0,7.400000000000001,1.4,0.8000000000000002,450.0,,12.0,1.2,0.2,Hiitolanjoki rajav 002,,Rautjärvi,Rautjärvi,River,VHA1,Vuoksen vesienhoitoalue,3.011,Kokkolanjoen a,Suuret kangasmaiden joet,108.0
FI_00000052,10060,10060,2023-09-05,61.41234231212037,29.399668855924936,2.3,,,380.0,,14.0,2.3,2.3,10.0,7.900000000000001,,84.0,7.400000000000001,2.7,18.4,380.0,,14.0,2.3,0.3,Hiitolanjoki rajav 002,,Rautjärvi,Rautjärvi,River,VHA1,Vuoksen vesienhoitoalue,3.011,Kokkolanjoen a,Suuret kangasmaiden joet,108.0,FI_00000008,10060,2023-02-07,61.41234231212037,29.399668855924936,,,,450.0,,12.0,1.2,S2_FI_00000008,2023-09-06,1,73.384237,55.3125244235365,175.722197764335,,,36VUP,S2B_MSIL2A_20230906T093549_R036_T36VUP_20241029T123722,,10.0,13.199999999999998,,92.0,7.400000000000001,1.4,0.8000000000000002,450.0,,12.0,1.2,0.2,Hiitolanjoki rajav 002,,Rautjärvi,Rautjärvi,River,VHA1,Vuoksen vesienhoitoalue,3.011,Kokkolanjoen a,Suuret kangasmaiden joet,108.0
FI_00000053,10060,10060,2023-09-05,61.41234231212037,29.399668855924936,2.3,,,380.0,,14.0,2.3,2.3,10.0,7.900000000000001,,84.0,7.400000000000001,2.7,18.4,380.0,,14.0,2.3,0.3,Hiitolanjoki rajav 002,,Rautjärvi,Rautjärvi,River,VHA1,Vuoksen vesienhoitoalue,3.011,Kokkolanjoen a,Suuret kangasmaiden joet,108.0,FI_00000008,10060,2023-02-07,61.41234231212037,29.399668855924936,,,,450.0,,12.0,1.2,S2_FI_00000008,2023-09-06,1,73.384237,55.3125244235365,175.722197764335,,,36VUP,S2B_MSIL2A_20230906T093549_R036_T36VUP_20241029T123722,,10.0,13.199999999999998,,92.0,7.400000000000001,1.4,0.8000000000000002,450.0,,12.0,1.2,0.2,Hiitolanjoki rajav 002,,Rautjärvi,Rautjärvi,River,VHA1,Vuoksen vesienhoitoalue,3.011,Kokkolanjoen a,Suuret kangasmaiden joet,108.0
FI_00000054,10060,10060,2023-10-03,61.41234231212037,29.399668855924936,1.8,,,460.0,,24.0,3.0,1.8,9.6,8.8,,85.0,7.099999999999999,2.85,13.699999999999998,460.0,,24.0,3.0,0.3,Hiitolanjoki rajav 002,,Rautjärvi,Rautjärvi,River,VHA1,Vuoksen vesienhoitoalue,3.011,Kokkolanjoen a,Suuret kangasmaiden joet,108.0,FI_00000009,10060,2023-02-07,61.41234231212037,29.399668855924936,,,,450.0,,12.0,1.2,S2_FI_00000009,2023-10-03,0,92.818618,65.7068132010519,175.940616296394,,,36VUP,S2B_MSIL2A_20231003T092729_R136_T36VUP_20241101T185340,,10.0,13.199999999999998,,92.0,7.400000000000001,1.4,0.8000000000000002,450.0,,12.0,1.2,0.2,Hiitolanjoki rajav 002,,Rautjärvi,Rautjärvi,River,VHA1,Vuoksen vesienhoitoalue,3.011,Kokkolanjoen a,Suuret kangasmaiden joet,108.0
FI_00000055,10060,10060,2023-10-03,61.41234231212037,29.399668855924936,1.8,,,460.0,,24.0,3.0,1.8,9.6,8.8,,85.0,7.099999999999999,2.85,13.699999999999998,460.0,,24.0,3.0,0.3,Hiitolanjoki rajav 002,,Rautjärvi,Rautjärvi,River,VHA1,Vuoksen vesienhoitoalue,3.011,Kokkolanjoen a,Suuret kangasmaiden joet,108.0,FI_00000009,10060,2023-02-07,61.41234231212037,29.399668855924936,,,,450.0,,12.0,1.2,S2_FI_00000009,2023-10-03,0,92.818618,65.7068132010519,175.940616296394,,,36VUP,S2B_MSIL2A_20231003T092729_R136_T36VUP_20241101T185340,,10.0,13.199999999999998,,92.0,7.400000000000001,1.4,0.8000000000000002,450.0,,12.0,1.2,0.2,Hiitolanjoki rajav 002,,Rautjärvi,Rautjärvi,River,VHA1,Vuoksen vesienhoitoalue,3.011,Kokkolanjoen a,Suuret kangasmaiden joet,108.0
FI_00000056,10060,10060,2023-10-03,61.41234231212037,29.399668855924936,1.8,,,460.0,,24.0,3.0,1.8,9.6,8.8,,85.0,7.099999999999999,2.85,13.699999999999998,460.0,,24.0,3.0,0.3,Hiitolanjoki rajav 002,,Rautjärvi,Rautjärvi,River,VHA1,Vuoksen vesienhoitoalue,3.011,Kokkolanjoen a,Suuret kangasmaiden joet,108.0,FI_00000009,10060,2023-02-07,61.41234231212037,29.399668855924936,,,,450.0,,12.0,1.2,S2_FI_00000009,2023-10-03,0,92.818618,65.7068132010519,175.940616296394,,,36VUP,S2B_MSIL2A_20231003T092729_R136_T36VUP_20241101T185340,,10.0,13.199999999999998,,92.0,7.400000000000001,1.4,0.8000000000000002,450.0,,12.0,1.2,0.2,Hiitolanjoki rajav 002,,Rautjärvi,Rautjärvi,River,VHA1,Vuoksen vesienhoitoalue,3.011,Kokkolanjoen a,Suuret kangasmaiden joet,108.0
FI_00000057,10060,10060,2023-10-03,61.41234231212037,29.399668855924936,1.8,,,460.0,,24.0,3.0,1.8,9.6,8.8,,85.0,7.099999999999999,2.85,13.699999999999998,460.0,,24.0,3.0,0.3,Hiitolanjoki rajav 002,,Rautjärvi,Rautjärvi,River,VHA1,Vuoksen vesienhoitoalue,3.011,Kokkolanjoen a,Suuret kangasmaiden joet,108.0,FI_00000009,10060,2023-02-07,61.41234231212037,29.399668855924936,,,,450.0,,12.0,1.2,S2_FI_00000009,2023-10-03,0,92.818618,65.7068132010519,175.940616296394,,,36VUP,S2B_MSIL2A_20231003T092729_R136_T36VUP_20241101T185340,,10.0,13.199999999999998,,92.0,7.400000000000001,1.4,0.8000000000000002,450.0,,12.0,1.2,0.2,Hiitolanjoki rajav 002,,Rautjärvi,Rautjärvi,River,VHA1,Vuoksen vesienhoitoalue,3.011,Kokkolanjoen a,Suuret kangasmaiden joet,108.0
FI_00000058,10060,10060,2023-10-03,61.41234231212037,29.399668855924936,1.8,,,460.0,,24.0,3.0,1.8,9.6,8.8,,85.0,7.099999999999999,2.85,13.699999999999998,460.0,,24.0,3.0,0.3,Hiitolanjoki rajav 002,,Rautjärvi,Rautjärvi,River,VHA1,Vuoksen vesienhoitoalue,3.011,Kokkolanjoen a,Suuret kangasmaiden joet,108.0,FI_00000009,10060,2023-02-07,61.41234231212037,29.399668855924936,,,,450.0,,12.0,1.2,S2_FI_00000009,2023-10-03,0,92.818618,65.7068132010519,175.940616296394,,,36VUP,S2B_MSIL2A_20231003T092729_R136_T36VUP_20241101T185340,,10.0,13.199999999999998,,92.0,7.400000000000001,1.4,0.8000000000000002,450.0,,12.0,1.2,0.2,Hiitolanjoki rajav 002,,Rautjärvi,Rautjärvi,River,VHA1,Vuoksen vesienhoitoalue,3.011,Kokkolanjoen a,Suuret kangasmaiden joet,108.0
FI_00000059,10060,10060,2023-10-03,61.41234231212037,29.399668855924936,1.8,,,460.0,,24.0,3.0,1.8,9.6,8.8,,85.0,7.099999999999999,2.85,13.699999999999998,460.0,,24.0,3.0,0.3,Hiitolanjoki rajav 002,,Rautjärvi,Rautjärvi,River,VHA1,Vuoksen vesienhoitoalue,3.011,Kokkolanjoen a,Suuret kangasmaiden joet,108.0,FI_00000009,10060,2023-02-07,61.41234231212037,29.399668855924936,,,,450.0,,12.0,1.2,S2_FI_00000009,2023-10-03,0,92.818618,65.7068132010519,175.940616296394,,,36VUP,S2B_MSIL2A_20231003T092729_R136_T36VUP_20241101T185340,,10.0,13.199999999999998,,92.0,7.400000000000001,1.4,0.8000000000000002,450.0,,12.0,1.2,0.2,Hiitolanjoki rajav 002,,Rautjärvi,Rautjärvi,River,VHA1,Vuoksen vesienhoitoalue,3.011,Kokkolanjoen a,Suuret kangasmaiden joet,108.0
FI_00000060,10060,10060,2023-11-01,61.41234231212037,29.399668855924936,,,,490.0,,10.0,1.7,,7.900000000000001,12.199999999999998,,89.0,7.3,2.25,2.4,490.0,,10.0,1.7,0.3,Hiitolanjoki rajav 002,,Rautjärvi,Rautjärvi,River,VHA1,Vuoksen vesienhoitoalue,3.011,Kokkolanjoen a,Suuret kangasmaiden joet,108.0,FI_00000010,10060,2023-02-07,61.41234231212037,29.399668855924936,,,,450.0,,12.0,1.2,S2_FI_00000010,2023-10-31,1,99.70479,75.7938575870609,180.153200766657,,,36VUP,S2A_MSIL2A_20231031T094131_R036_T36VUP_20231031T123121,,10.0,13.199999999999998,,92.0,7.400000000000001,1.4,0.8000000000000002,450.0,,12.0,1.2,0.2,Hiitolanjoki rajav 002,,Rautjärvi,Rautjärvi,River,VHA1,Vuoksen vesienhoitoalue,3.011,Kokkolanjoen a,Suuret kangasmaiden joet,108.0
FI_00000061,10060,10060,2023-11-01,61.41234231212037,29.399668855924936,,,,490.0,,10.0,1.7,,7.900000000000001,12.199999999999998,,89.0,7.3,2.25,2.4,490.0,,10.0,1.7,0.3,Hiitolanjoki rajav 002,,Rautjärvi,Rautjärvi,River,VHA1,Vuoksen vesienhoitoalue,3.011,Kokkolanjoen a,Suuret kangasmaiden joet,108.0,FI_00000010,10060,2023-02-07,61.41234231212037,29.399668855924936,,,,450.0,,12.0,1.2,S2_FI_00000010,2023-10-31,1,99.70479,75.7938575870609,180.153200766657,,,36VUP,S2A_MSIL2A_20231031T094131_R036_T36VUP_20231031T123121,,10.0,13.199999999999998,,92.0,7.400000000000001,1.4,0.8000000000000002,450.0,,12.0,1.2,0.2,Hiitolanjoki rajav 002,,Rautjärvi,Rautjärvi,River,VHA1,Vuoksen vesienhoitoalue,3.011,Kokkolanjoen a,Suuret kangasmaiden joet,108.0
FI_00000062,10060,10060,2023-11-01,61.41234231212037,29.399668855924936,,,,490.0,,10.0,1.7,,7.900000000000001,12.199999999999998,,89.0,7.3,2.25,2.4,490.0,,10.0,1.7,0.3,Hiitolanjoki rajav 002,,Rautjärvi,Rautjärvi,River,VHA1,Vuoksen vesienhoitoalue,3.011,Kokkolanjoen a,Suuret kangasmaiden joet,108.0,FI_00000010,10060,2023-02-07,61.41234231212037,29.399668855924936,,,,450.0,,12.0,1.2,S2_FI_00000010,2023-10-31,1,99.70479,75.7938575870609,180.153200766657,,,36VUP,S2A_MSIL2A_20231031T094131_R036_T36VUP_20231031T123121,,10.0,13.199999999999998,,92.0,7.400000000000001,1.4,0.8000000000000002,450.0,,12.0,1.2,0.2,Hiitolanjoki rajav 002,,Rautjärvi,Rautjärvi,River,VHA1,Vuoksen vesienhoitoalue,3.011,Kokkolanjoen a,Suuret kangasmaiden joet,108.0
FI_00000063,10060,10060,2023-11-01,61.41234231212037,29.399668855924936,,,,490.0,,10.0,1.7,,7.900000000000001,12.199999999999998,,89.0,7.3,2.25,2.4,490.0,,10.0,1.7,0.3,Hiitolanjoki rajav 002,,Rautjärvi,Rautjärvi,River,VHA1,Vuoksen vesienhoitoalue,3.011,Kokkolanjoen a,Suuret kangasmaiden joet,108.0,FI_00000010,10060,2023-02-07,61.41234231212037,29.399668855924936,,,,450.0,,12.0,1.2,S2_FI_00000010,2023-10-31,1,99.70479,75.7938575870609,180.153200766657,,,36VUP,S2A_MSIL2A_20231031T094131_R036_T36VUP_20231031T123121,,10.0,13.199999999999998,,92.0,7.400000000000001,1.4,0.8000000000000002,450.0,,12.0,1.2,0.2,Hiitolanjoki rajav 002,,Rautjärvi,Rautjärvi,River,VHA1,Vuoksen vesienhoitoalue,3.011,Kokkolanjoen a,Suuret kangasmaiden joet,108.0
FI_00000064,10060,10060,2023-11-01,61.41234231212037,29.399668855924936,,,,490.0,,10.0,1.7,,7.900000000000001,12.199999999999998,,89.0,7.3,2.25,2.4,490.0,,10.0,1.7,0.3,Hiitolanjoki rajav 002,,Rautjärvi,Rautjärvi,River,VHA1,Vuoksen vesienhoitoalue,3.011,Kokkolanjoen a,Suuret kangasmaiden joet,108.0,FI_00000010,10060,2023-02-07,61.41234231212037,29.399668855924936,,,,450.0,,12.0,1.2,S2_FI_00000010,2023-10-31,1,99.70479,75.7938575870609,180.153200766657,,,36VUP,S2A_MSIL2A_20231031T094131_R036_T36VUP_20231031T123121,,10.0,13.199999999999998,,92.0,7.400000000000001,1.4,0.8000000000000002,450.0,,12.0,1.2,0.2,Hiitolanjoki rajav 002,,Rautjärvi,Rautjärvi,River,VHA1,Vuoksen vesienhoitoalue,3.011,Kokkolanjoen a,Suuret kangasmaiden joet,108.0
FI_00000065,10060,10060,2023-11-01,61.41234231212037,29.399668855924936,,,,490.0,,10.0,1.7,,7.900000000000001,12.199999999999998,,89.0,7.3,2.25,2.4,490.0,,10.0,1.7,0.3,Hiitolanjoki rajav 002,,Rautjärvi,Rautjärvi,River,VHA1,Vuoksen vesienhoitoalue,3.011,Kokkolanjoen a,Suuret kangasmaiden joet,108.0,FI_00000010,10060,2023-02-07,61.41234231212037,29.399668855924936,,,,450.0,,12.0,1.2,S2_FI_00000010,2023-10-31,1,99.70479,75.7938575870609,180.153200766657,,,36VUP,S2A_MSIL2A_20231031T094131_R036_T36VUP_20231031T123121,,10.0,13.199999999999998,,92.0,7.400000000000001,1.4,0.8000000000000002,450.0,,12.0,1.2,0.2,Hiitolanjoki rajav 002,,Rautjärvi,Rautjärvi,River,VHA1,Vuoksen vesienhoitoalue,3.011,Kokkolanjoen a,Suuret kangasmaiden joet,108.0
FI_00000066,10060,10060,2023-12-12,61.41234231212037,29.399668855924936,,,,400.0,,9.8,1.3,,8.6,13.0,,89.0,7.3,1.25,0.2,400.0,,9.8,1.3,0.4,Hiitolanjoki rajav 002,,Rautjärvi,Rautjärvi,River,VHA1,Vuoksen vesienhoitoalue,3.011,Kokkolanjoen a,Suuret kangasmaiden joet,108.0,FI_00000011,10060,2023-02-07,61.41234231212037,29.399668855924936,,,,450.0,,12.0,1.2,S2_FI_00000011,2023-12-12,0,99.998945,84.8699235656593,175.547141097222,,,36VUP,S2B_MSIL2A_20231212T093309_R136_T36VUP_20241112T184056,,10.0,13.199999999999998,,92.0,7.400000000000001,1.4,0.8000000000000002,450.0,,12.0,1.2,0.2,Hiitolanjoki rajav 002,,Rautjärvi,Rautjärvi,River,VHA1,Vuoksen vesienhoitoalue,3.011,Kokkolanjoen a,Suuret kangasmaiden joet,108.0
FI_00000067,10060,10060,2023-12-12,61.41234231212037,29.399668855924936,,,,400.0,,9.8,1.3,,8.6,13.0,,89.0,7.3,1.25,0.2,400.0,,9.8,1.3,0.4,Hiitolanjoki rajav 002,,Rautjärvi,Rautjärvi,River,VHA1,Vuoksen vesienhoitoalue,3.011,Kokkolanjoen a,Suuret kangasmaiden joet,108.0,FI_00000011,10060,2023-02-07,61.41234231212037,29.399668855924936,,,,450.0,,12.0,1.2,S2_FI_00000011,2023-12-12,0,99.998945,84.8699235656593,175.547141097222,,,36VUP,S2B_MSIL2A_20231212T093309_R136_T36VUP_20241112T184056,,10.0,13.199999999999998,,92.0,7.400000000000001,1.4,0.8000000000000002,450.0,,12.0,1.2,0.2,Hiitolanjoki rajav 002,,Rautjärvi,Rautjärvi,River,VHA1,Vuoksen vesienhoitoalue,3.011,Kokkolanjoen a,Suuret kangasmaiden joet,108.0
FI_00000068,10060,10060,2023-12-12,61.41234231212037,29.399668855924936,,,,400.0,,9.8,1.3,,8.6,13.0,,89.0,7.3,1.25,0.2,400.0,,9.8,1.3,0.4,Hiitolanjoki rajav 002,,Rautjärvi,Rautjärvi,River,VHA1,Vuoksen vesienhoitoalue,3.011,Kokkolanjoen a,Suuret kangasmaiden joet,108.0,FI_00000011,10060,2023-02-07,61.41234231212037,29.399668855924936,,,,450.0,,12.0,1.2,S2_FI_00000011,2023-12-12,0,99.998945,84.8699235656593,175.547141097222,,,36VUP,S2B_MSIL2A_20231212T093309_R136_T36VUP_20241112T184056,,10.0,13.199999999999998,,92.0,7.400000000000001,1.4,0.8000000000000002,450.0,,12.0,1.2,0.2,Hiitolanjoki rajav 002,,Rautjärvi,Rautjärvi,River,VHA1,Vuoksen vesienhoitoalue,3.011,Kokkolanjoen a,Suuret kangasmaiden joet,108.0
FI_00000069,10060,10060,2023-12-12,61.41234231212037,29.399668855924936,,,,400.0,,9.8,1.3,,8.6,13.0,,89.0,7.3,1.25,0.2,400.0,,9.8,1.3,0.4,Hiitolanjoki rajav 002,,Rautjärvi,Rautjärvi,River,VHA1,Vuoksen vesienhoitoalue,3.011,Kokkolanjoen a,Suuret kangasmaiden joet,108.0,FI_00000011,10060,2023-02-07,61.41234231212037,29.399668855924936,,,,450.0,,12.0,1.2,S2_FI_00000011,2023-12-12,0,99.998945,84.8699235656593,175.547141097222,,,36VUP,S2B_MSIL2A_20231212T093309_R136_T36VUP_20241112T184056,,10.0,13.199999999999998,,92.0,7.400000000000001,1.4,0.8000000000000002,450.0,,12.0,1.2,0.2,Hiitolanjoki rajav 002,,Rautjärvi,Rautjärvi,River,VHA1,Vuoksen vesienhoitoalue,3.011,Kokkolanjoen a,Suuret kangasmaiden joet,108.0
FI_00000070,10060,10060,2023-12-12,61.41234231212037,29.399668855924936,,,,400.0,,9.8,1.3,,8.6,13.0,,89.0,7.3,1.25,0.2,400.0,,9.8,1.3,0.4,Hiitolanjoki rajav 002,,Rautjärvi,Rautjärvi,River,VHA1,Vuoksen vesienhoitoalue,3.011,Kokkolanjoen a,Suuret kangasmaiden joet,108.0,FI_00000011,10060,2023-02-07,61.41234231212037,29.399668855924936,,,,450.0,,12.0,1.2,S2_FI_00000011,2023-12-12,0,99.998945,84.8699235656593,175.547141097222,,,36VUP,S2B_MSIL2A_20231212T093309_R136_T36VUP_20241112T184056,,10.0,13.199999999999998,,92.0,7.400000000000001,1.4,0.8000000000000002,450.0,,12.0,1.2,0.2,Hiitolanjoki rajav 002,,Rautjärvi,Rautjärvi,River,VHA1,Vuoksen vesienhoitoalue,3.011,Kokkolanjoen a,Suuret kangasmaiden joet,108.0
FI_00000071,10060,10060,2023-12-12,61.41234231212037,29.399668855924936,,,,400.0,,9.8,1.3,,8.6,13.0,,89.0,7.3,1.25,0.2,400.0,,9.8,1.3,0.4,Hiitolanjoki rajav 002,,Rautjärvi,Rautjärvi,River,VHA1,Vuoksen vesienhoitoalue,3.011,Kokkolanjoen a,Suuret kangasmaiden joet,108.0,FI_00000011,10060,2023-02-07,61.41234231212037,29.399668855924936,,,,450.0,,12.0,1.2,S2_FI_00000011,2023-12-12,0,99.998945,84.8699235656593,175.547141097222,,,36VUP,S2B_MSIL2A_20231212T093309_R136_T36VUP_20241112T184056,,10.0,13.199999999999998,,92.0,7.400000000000001,1.4,0.8000000000000002,450.0,,12.0,1.2,0.2,Hiitolanjoki rajav 002,,Rautjärvi,Rautjärvi,River,VHA1,Vuoksen vesienhoitoalue,3.011,Kokkolanjoen a,Suuret kangasmaiden joet,108.0
FI_00000072,10060,10060,2024-01-10,61.41234231212037,29.399668855924936,,,,430.0,,10.0,1.1,,9.0,13.300000000000002,,93.0,7.3,1.75,0.8000000000000002,430.0,,10.0,1.1,0.3,Hiitolanjoki rajav 002,,Rautjärvi,Rautjärvi,River,VHA1,Vuoksen vesienhoitoalue,3.011,Kokkolanjoen a,Suuret kangasmaiden joet,108.0,FI_00000012,10060,2023-03-01,61.41234231212037,29.399668855924936,,,,440.0,,10.0,0.97,S2_FI_00000012,2024-01-11,1,33.531716,83.8353049672806,172.200297395407,,,36VUP,S2B_MSIL2A_20240111T093249_R136_T36VUP_20240115T133546,,9.9,13.300000000000002,,93.0,7.3,1.0,0.8000000000000002,440.0,,10.0,0.97,0.5,Hiitolanjoki rajav 002,,Rautjärvi,Rautjärvi,River,VHA1,Vuoksen vesienhoitoalue,3.011,Kokkolanjoen a,Suuret kangasmaiden joet,108.0
FI_00000073,10060,10060,2024-01-10,61.41234231212037,29.399668855924936,,,,430.0,,10.0,1.1,,9.0,13.300000000000002,,93.0,7.3,1.75,0.8000000000000002,430.0,,10.0,1.1,0.3,Hiitolanjoki rajav 002,,Rautjärvi,Rautjärvi,River,VHA1,Vuoksen vesienhoitoalue,3.011,Kokkolanjoen a,Suuret kangasmaiden joet,108.0,FI_00000012,10060,2023-03-01,61.41234231212037,29.399668855924936,,,,440.0,,10.0,0.97,S2_FI_00000012,2024-01-11,1,33.531716,83.8353049672806,172.200297395407,,,36VUP,S2B_MSIL2A_20240111T093249_R136_T36VUP_20240115T133546,,9.9,13.300000000000002,,93.0,7.3,1.0,0.8000000000000002,440.0,,10.0,0.97,0.5,Hiitolanjoki rajav 002,,Rautjärvi,Rautjärvi,River,VHA1,Vuoksen vesienhoitoalue,3.011,Kokkolanjoen a,Suuret kangasmaiden joet,108.0
FI_00000074,10060,10060,2024-01-10,61.41234231212037,29.399668855924936,,,,430.0,,10.0,1.1,,9.0,13.300000000000002,,93.0,7.3,1.75,0.8000000000000002,430.0,,10.0,1.1,0.3,Hiitolanjoki rajav 002,,Rautjärvi,Rautjärvi,River,VHA1,Vuoksen vesienhoitoalue,3.011,Kokkolanjoen a,Suuret kangasmaiden joet,108.0,FI_00000012,10060,2023-03-01,61.41234231212037,29.399668855924936,,,,440.0,,10.0,0.97,S2_FI_00000012,2024-01-11,1,33.531716,83.8353049672806,172.200297395407,,,36VUP,S2B_MSIL2A_20240111T093249_R136_T36VUP_20240115T133546,,9.9,13.300000000000002,,93.0,7.3,1.0,0.8000000000000002,440.0,,10.0,0.97,0.5,Hiitolanjoki rajav 002,,Rautjärvi,Rautjärvi,River,VHA1,Vuoksen vesienhoitoalue,3.011,Kokkolanjoen a,Suuret kangasmaiden joet,108.0
FI_00000075,10060,10060,2024-01-10,61.41234231212037,29.399668855924936,,,,430.0,,10.0,1.1,,9.0,13.300000000000002,,93.0,7.3,1.75,0.8000000000000002,430.0,,10.0,1.1,0.3,Hiitolanjoki rajav 002,,Rautjärvi,Rautjärvi,River,VHA1,Vuoksen vesienhoitoalue,3.011,Kokkolanjoen a,Suuret kangasmaiden joet,108.0,FI_00000012,10060,2023-03-01,61.41234231212037,29.399668855924936,,,,440.0,,10.0,0.97,S2_FI_00000012,2024-01-11,1,33.531716,83.8353049672806,172.200297395407,,,36VUP,S2B_MSIL2A_20240111T093249_R136_T36VUP_20240115T133546,,9.9,13.300000000000002,,93.0,7.3,1.0,0.8000000000000002,440.0,,10.0,0.97,0.5,Hiitolanjoki rajav 002,,Rautjärvi,Rautjärvi,River,VHA1,Vuoksen vesienhoitoalue,3.011,Kokkolanjoen a,Suuret kangasmaiden joet,108.0
FI_00000076,10060,10060,2024-01-10,61.41234231212037,29.399668855924936,,,,430.0,,10.0,1.1,,9.0,13.300000000000002,,93.0,7.3,1.75,0.8000000000000002,430.0,,10.0,1.1,0.3,Hiitolanjoki rajav 002,,Rautjärvi,Rautjärvi,River,VHA1,Vuoksen vesienhoitoalue,3.011,Kokkolanjoen a,Suuret kangasmaiden joet,108.0,FI_00000012,10060,2023-03-01,61.41234231212037,29.399668855924936,,,,440.0,,10.0,0.97,S2_FI_00000012,2024-01-11,1,33.531716,83.8353049672806,172.200297395407,,,36VUP,S2B_MSIL2A_20240111T093249_R136_T36VUP_20240115T133546,,9.9,13.300000000000002,,93.0,7.3,1.0,0.8000000000000002,440.0,,10.0,0.97,0.5,Hiitolanjoki rajav 002,,Rautjärvi,Rautjärvi,River,VHA1,Vuoksen vesienhoitoalue,3.011,Kokkolanjoen a,Suuret kangasmaiden joet,108.0
FI_00000077,10060,10060,2024-01-10,61.41234231212037,29.399668855924936,,,,430.0,,10.0,1.1,,9.0,13.300000000000002,,93.0,7.3,1.75,0.8000000000000002,430.0,,10.0,1.1,0.3,Hiitolanjoki rajav 002,,Rautjärvi,Rautjärvi,River,VHA1,Vuoksen vesienhoitoalue,3.011,Kokkolanjoen a,Suuret kangasmaiden joet,108.0,FI_00000012,10060,2023-03-01,61.41234231212037,29.399668855924936,,,,440.0,,10.0,0.97,S2_FI_00000012,2024-01-11,1,33.531716,83.8353049672806,172.200297395407,,,36VUP,S2B_MSIL2A_20240111T093249_R136_T36VUP_20240115T133546,,9.9,13.300000000000002,,93.0,7.3,1.0,0.8000000000000002,440.0,,10.0,0.97,0.5,Hiitolanjoki rajav 002,,Rautjärvi,Rautjärvi,River,VHA1,Vuoksen vesienhoitoalue,3.011,Kokkolanjoen a,Suuret kangasmaiden joet,108.0
FI_00000078,10060,10060,2024-02-06,61.41234231212037,29.399668855924936,,,,440.0,,10.0,0.77,,9.7,13.1,,90.0,7.400000000000001,1.0,0.2,440.0,,10.0,0.77,0.4,Hiitolanjoki rajav 002,,Rautjärvi,Rautjärvi,River,VHA1,Vuoksen vesienhoitoalue,3.011,Kokkolanjoen a,Suuret kangasmaiden joet,108.0,FI_00000013,10060,2023-03-01,61.41234231212037,29.399668855924936,,,,440.0,,10.0,0.97,S2_FI_00000013,2024-02-05,1,98.976678,78.1330391035184,170.253268834647,,,36VUP,S2A_MSIL2A_20240205T093201_R136_T36VUP_20240205T120659,,9.9,13.300000000000002,,93.0,7.3,1.0,0.8000000000000002,440.0,,10.0,0.97,0.5,Hiitolanjoki rajav 002,,Rautjärvi,Rautjärvi,River,VHA1,Vuoksen vesienhoitoalue,3.011,Kokkolanjoen a,Suuret kangasmaiden joet,108.0
FI_00000079,10060,10060,2024-02-06,61.41234231212037,29.399668855924936,,,,440.0,,10.0,0.77,,9.7,13.1,,90.0,7.400000000000001,1.0,0.2,440.0,,10.0,0.77,0.4,Hiitolanjoki rajav 002,,Rautjärvi,Rautjärvi,River,VHA1,Vuoksen vesienhoitoalue,3.011,Kokkolanjoen a,Suuret kangasmaiden joet,108.0,FI_00000013,10060,2023-03-01,61.41234231212037,29.399668855924936,,,,440.0,,10.0,0.97,S2_FI_00000013,2024-02-05,1,98.976678,78.1330391035184,170.253268834647,,,36VUP,S2A_MSIL2A_20240205T093201_R136_T36VUP_20240205T120659,,9.9,13.300000000000002,,93.0,7.3,1.0,0.8000000000000002,440.0,,10.0,0.97,0.5,Hiitolanjoki rajav 002,,Rautjärvi,Rautjärvi,River,VHA1,Vuoksen vesienhoitoalue,3.011,Kokkolanjoen a,Suuret kangasmaiden joet,108.0
FI_00000080,10060,10060,2024-02-06,61.41234231212037,29.399668855924936,,,,440.0,,10.0,0.77,,9.7,13.1,,90.0,7.400000000000001,1.0,0.2,440.0,,10.0,0.77,0.4,Hiitolanjoki rajav 002,,Rautjärvi,Rautjärvi,River,VHA1,Vuoksen vesienhoitoalue,3.011,Kokkolanjoen a,Suuret kangasmaiden joet,108.0,FI_00000013,10060,2023-03-01,61.41234231212037,29.399668855924936,,,,440.0,,10.0,0.97,S2_FI_00000013,2024-02-05,1,98.976678,78.1330391035184,170.253268834647,,,36VUP,S2A_MSIL2A_20240205T093201_R136_T36VUP_20240205T120659,,9.9,13.300000000000002,,93.0,7.3,1.0,0.8000000000000002,440.0,,10.0,0.97,0.5,Hiitolanjoki rajav 002,,Rautjärvi,Rautjärvi,River,VHA1,Vuoksen vesienhoitoalue,3.011,Kokkolanjoen a,Suuret kangasmaiden joet,108.0
FI_00000081,10060,10060,2024-02-06,61.41234231212037,29.399668855924936,,,,440.0,,10.0,0.77,,9.7,13.1,,90.0,7.400000000000001,1.0,0.2,440.0,,10.0,0.77,0.4,Hiitolanjoki rajav 002,,Rautjärvi,Rautjärvi,River,VHA1,Vuoksen vesienhoitoalue,3.011,Kokkolanjoen a,Suuret kangasmaiden joet,108.0,FI_00000013,10060,2023-03-01,61.41234231212037,29.399668855924936,,,,440.0,,10.0,0.97,S2_FI_00000013,2024-02-05,1,98.976678,78.1330391035184,170.253268834647,,,36VUP,S2A_MSIL2A_20240205T093201_R136_T36VUP_20240205T120659,,9.9,13.300000000000002,,93.0,7.3,1.0,0.8000000000000002,440.0,,10.0,0.97,0.5,Hiitolanjoki rajav 002,,Rautjärvi,Rautjärvi,River,VHA1,Vuoksen vesienhoitoalue,3.011,Kokkolanjoen a,Suuret kangasmaiden joet,108.0
FI_00000082,10060,10060,2024-02-06,61.41234231212037,29.399668855924936,,,,440.0,,10.0,0.77,,9.7,13.1,,90.0,7.400000000000001,1.0,0.2,440.0,,10.0,0.77,0.4,Hiitolanjoki rajav 002,,Rautjärvi,Rautjärvi,River,VHA1,Vuoksen vesienhoitoalue,3.011,Kokkolanjoen a,Suuret kangasmaiden joet,108.0,FI_00000013,10060,2023-03-01,61.41234231212037,29.399668855924936,,,,440.0,,10.0,0.97,S2_FI_00000013,2024-02-05,1,98.976678,78.1330391035184,170.253268834647,,,36VUP,S2A_MSIL2A_20240205T093201_R136_T36VUP_20240205T120659,,9.9,13.300000000000002,,93.0,7.3,1.0,0.8000000000000002,440.0,,10.0,0.97,0.5,Hiitolanjoki rajav 002,,Rautjärvi,Rautjärvi,River,VHA1,Vuoksen vesienhoitoalue,3.011,Kokkolanjoen a,Suuret kangasmaiden joet,108.0
FI_00000083,10060,10060,2024-02-06,61.41234231212037,29.399668855924936,,,,440.0,,10.0,0.77,,9.7,13.1,,90.0,7.400000000000001,1.0,0.2,440.0,,10.0,0.77,0.4,Hiitolanjoki rajav 002,,Rautjärvi,Rautjärvi,River,VHA1,Vuoksen vesienhoitoalue,3.011,Kokkolanjoen a,Suuret kangasmaiden joet,108.0,FI_00000013,10060,2023-03-01,61.41234231212037,29.399668855924936,,,,440.0,,10.0,0.97,S2_FI_00000013,2024-02-05,1,98.976678,78.1330391035184,170.253268834647,,,36VUP,S2A_MSIL2A_20240205T093201_R136_T36VUP_20240205T120659,,9.9,13.300000000000002,,93.0,7.3,1.0,0.8000000000000002,440.0,,10.0,0.97,0.5,Hiitolanjoki rajav 002,,Rautjärvi,Rautjärvi,River,VHA1,Vuoksen vesienhoitoalue,3.011,Kokkolanjoen a,Suuret kangasmaiden joet,108.0
FI_00000084,10060,10060,2024-03-05,61.41234231212037,29.399668855924936,,,,500.0,,12.0,1.2,,9.8,13.699999999999998,,96.0,7.5,1.0,0.9,500.0,,12.0,1.2,0.4,Hiitolanjoki rajav 002,,Rautjärvi,Rautjärvi,River,VHA1,Vuoksen vesienhoitoalue,3.011,Kokkolanjoen a,Suuret kangasmaiden joet,108.0,FI_00000014,10060,2023-03-01,61.41234231212037,29.399668855924936,,,,440.0,,10.0,0.97,S2_FI_00000014,2024-03-04,1,98.448539,68.0964564356208,172.654905785832,,,36VUP,S2B_MSIL2A_20240304T093749_R036_T36VUP_20240304T125250,,9.9,13.300000000000002,,93.0,7.3,1.0,0.8000000000000002,440.0,,10.0,0.97,0.5,Hiitolanjoki rajav 002,,Rautjärvi,Rautjärvi,River,VHA1,Vuoksen vesienhoitoalue,3.011,Kokkolanjoen a,Suuret kangasmaiden joet,108.0
FI_00000085,10060,10060,2024-03-05,61.41234231212037,29.399668855924936,,,,500.0,,12.0,1.2,,9.8,13.699999999999998,,96.0,7.5,1.0,0.9,500.0,,12.0,1.2,0.4,Hiitolanjoki rajav 002,,Rautjärvi,Rautjärvi,River,VHA1,Vuoksen vesienhoitoalue,3.011,Kokkolanjoen a,Suuret kangasmaiden joet,108.0,FI_00000014,10060,2023-03-01,61.41234231212037,29.399668855924936,,,,440.0,,10.0,0.97,S2_FI_00000014,2024-03-04,1,98.448539,68.0964564356208,172.654905785832,,,36VUP,S2B_MSIL2A_20240304T093749_R036_T36VUP_20240304T125250,,9.9,13.300000000000002,,93.0,7.3,1.0,0.8000000000000002,440.0,,10.0,0.97,0.5,Hiitolanjoki rajav 002,,Rautjärvi,Rautjärvi,River,VHA1,Vuoksen vesienhoitoalue,3.011,Kokkolanjoen a,Suuret kangasmaiden joet,108.0
FI_00000086,10060,10060,2024-03-05,61.41234231212037,29.399668855924936,,,,500.0,,12.0,1.2,,9.8,13.699999999999998,,96.0,7.5,1.0,0.9,500.0,,12.0,1.2,0.4,Hiitolanjoki rajav 002,,Rautjärvi,Rautjärvi,River,VHA1,Vuoksen vesienhoitoalue,3.011,Kokkolanjoen a,Suuret kangasmaiden joet,108.0,FI_00000014,10060,2023-03-01,61.41234231212037,29.399668855924936,,,,440.0,,10.0,0.97,S2_FI_00000014,2024-03-04,1,98.448539,68.0964564356208,172.654905785832,,,36VUP,S2B_MSIL2A_20240304T093749_R036_T36VUP_20240304T125250,,9.9,13.300000000000002,,93.0,7.3,1.0,0.8000000000000002,440.0,,10.0,0.97,0.5,Hiitolanjoki rajav 002,,Rautjärvi,Rautjärvi,River,VHA1,Vuoksen vesienhoitoalue,3.011,Kokkolanjoen a,Suuret kangasmaiden joet,108.0
FI_00000087,10060,10060,2024-03-05,61.41234231212037,29.399668855924936,,,,500.0,,12.0,1.2,,9.8,13.699999999999998,,96.0,7.5,1.0,0.9,500.0,,12.0,1.2,0.4,Hiitolanjoki rajav 002,,Rautjärvi,Rautjärvi,River,VHA1,Vuoksen vesienhoitoalue,3.011,Kokkolanjoen a,Suuret kangasmaiden joet,108.0,FI_00000014,10060,2023-03-01,61.41234231212037,29.399668855924936,,,,440.0,,10.0,0.97,S2_FI_00000014,2024-03-04,1,98.448539,68.0964564356208,172.654905785832,,,36VUP,S2B_MSIL2A_20240304T093749_R036_T36VUP_20240304T125250,,9.9,13.300000000000002,,93.0,7.3,1.0,0.8000000000000002,440.0,,10.0,0.97,0.5,Hiitolanjoki rajav 002,,Rautjärvi,Rautjärvi,River,VHA1,Vuoksen vesienhoitoalue,3.011,Kokkolanjoen a,Suuret kangasmaiden joet,108.0
FI_00000088,10060,10060,2024-03-05,61.41234231212037,29.399668855924936,,,,500.0,,12.0,1.2,,9.8,13.699999999999998,,96.0,7.5,1.0,0.9,500.0,,12.0,1.2,0.4,Hiitolanjoki rajav 002,,Rautjärvi,Rautjärvi,River,VHA1,Vuoksen vesienhoitoalue,3.011,Kokkolanjoen a,Suuret kangasmaiden joet,108.0,FI_00000014,10060,2023-03-01,61.41234231212037,29.399668855924936,,,,440.0,,10.0,0.97,S2_FI_00000014,2024-03-04,1,98.448539,68.0964564356208,172.654905785832,,,36VUP,S2B_MSIL2A_20240304T093749_R036_T36VUP_20240304T125250,,9.9,13.300000000000002,,93.0,7.3,1.0,0.8000000000000002,440.0,,10.0,0.97,0.5,Hiitolanjoki rajav 002,,Rautjärvi,Rautjärvi,River,VHA1,Vuoksen vesienhoitoalue,3.011,Kokkolanjoen a,Suuret kangasmaiden joet,108.0
FI_00000089,10060,10060,2024-03-05,61.41234231212037,29.399668855924936,,,,500.0,,12.0,1.2,,9.8,13.699999999999998,,96.0,7.5,1.0,0.9,500.0,,12.0,1.2,0.4,Hiitolanjoki rajav 002,,Rautjärvi,Rautjärvi,River,VHA1,Vuoksen vesienhoitoalue,3.011,Kokkolanjoen a,Suuret kangasmaiden joet,108.0,FI_00000014,10060,2023-03-01,61.41234231212037,29.399668855924936,,,,440.0,,10.0,0.97,S2_FI_00000014,2024-03-04,1,98.448539,68.0964564356208,172.654905785832,,,36VUP,S2B_MSIL2A_20240304T093749_R036_T36VUP_20240304T125250,,9.9,13.300000000000002,,93.0,7.3,1.0,0.8000000000000002,440.0,,10.0,0.97,0.5,Hiitolanjoki rajav 002,,Rautjärvi,Rautjärvi,River,VHA1,Vuoksen vesienhoitoalue,3.011,Kokkolanjoen a,Suuret kangasmaiden joet,108.0
FI_00000090,10060,10060,2024-04-02,61.41234231212037,29.399668855924936,2.0,,,740.0,,28.0,11.0,2.0,7.599999999999999,12.199999999999998,,88.0,7.2,11.0,2.0,740.0,,28.0,11.0,0.5,Hiitolanjoki rajav 002,,Rautjärvi,Rautjärvi,River,VHA1,Vuoksen vesienhoitoalue,3.011,Kokkolanjoen a,Suuret kangasmaiden joet,108.0,FI_00000015,10060,2023-03-01,61.41234231212037,29.399668855924936,,,,440.0,,10.0,0.97,S2_FI_00000015,2024-04-03,1,98.026425,56.2515713826813,174.333996500009,,,36VUP,S2B_MSIL2A_20240403T093549_R036_T36VUP_20240403T123347,,9.9,13.300000000000002,,93.0,7.3,1.0,0.8000000000000002,440.0,,10.0,0.97,0.5,Hiitolanjoki rajav 002,,Rautjärvi,Rautjärvi,River,VHA1,Vuoksen vesienhoitoalue,3.011,Kokkolanjoen a,Suuret kangasmaiden joet,108.0
FI_00000091,10060,10060,2024-04-02,61.41234231212037,29.399668855924936,2.0,,,740.0,,28.0,11.0,2.0,7.599999999999999,12.199999999999998,,88.0,7.2,11.0,2.0,740.0,,28.0,11.0,0.5,Hiitolanjoki rajav 002,,Rautjärvi,Rautjärvi,River,VHA1,Vuoksen vesienhoitoalue,3.011,Kokkolanjoen a,Suuret kangasmaiden joet,108.0,FI_00000015,10060,2023-03-01,61.41234231212037,29.399668855924936,,,,440.0,,10.0,0.97,S2_FI_00000015,2024-04-03,1,98.026425,56.2515713826813,174.333996500009,,,36VUP,S2B_MSIL2A_20240403T093549_R036_T36VUP_20240403T123347,,9.9,13.300000000000002,,93.0,7.3,1.0,0.8000000000000002,440.0,,10.0,0.97,0.5,Hiitolanjoki rajav 002,,Rautjärvi,Rautjärvi,River,VHA1,Vuoksen vesienhoitoalue,3.011,Kokkolanjoen a,Suuret kangasmaiden joet,108.0
FI_00000092,10060,10060,2024-04-02,61.41234231212037,29.399668855924936,2.0,,,740.0,,28.0,11.0,2.0,7.599999999999999,12.199999999999998,,88.0,7.2,11.0,2.0,740.0,,28.0,11.0,0.5,Hiitolanjoki rajav 002,,Rautjärvi,Rautjärvi,River,VHA1,Vuoksen vesienhoitoalue,3.011,Kokkolanjoen a,Suuret kangasmaiden joet,108.0,FI_00000015,10060,2023-03-01,61.41234231212037,29.399668855924936,,,,440.0,,10.0,0.97,S2_FI_00000015,2024-04-03,1,98.026425,56.2515713826813,174.333996500009,,,36VUP,S2B_MSIL2A_20240403T093549_R036_T36VUP_20240403T123347,,9.9,13.300000000000002,,93.0,7.3,1.0,0.8000000000000002,440.0,,10.0,0.97,0.5,Hiitolanjoki rajav 002,,Rautjärvi,Rautjärvi,River,VHA1,Vuoksen vesienhoitoalue,3.011,Kokkolanjoen a,Suuret kangasmaiden joet,108.0
FI_00000093,10060,10060,2024-04-02,61.41234231212037,29.399668855924936,2.0,,,740.0,,28.0,11.0,2.0,7.599999999999999,12.199999999999998,,88.0,7.2,11.0,2.0,740.0,,28.0,11.0,0.5,Hiitolanjoki rajav 002,,Rautjärvi,Rautjärvi,River,VHA1,Vuoksen vesienhoitoalue,3.011,Kokkolanjoen a,Suuret kangasmaiden joet,108.0,FI_00000015,10060,2023-03-01,61.41234231212037,29.399668855924936,,,,440.0,,10.0,0.97,S2_FI_00000015,2024-04-03,1,98.026425,56.2515713826813,174.333996500009,,,36VUP,S2B_MSIL2A_20240403T093549_R036_T36VUP_20240403T123347,,9.9,13.300000000000002,,93.0,7.3,1.0,0.8000000000000002,440.0,,10.0,0.97,0.5,Hiitolanjoki rajav 002,,Rautjärvi,Rautjärvi,River,VHA1,Vuoksen vesienhoitoalue,3.011,Kokkolanjoen a,Suuret kangasmaiden joet,108.0
FI_00000094,10060,10060,2024-04-02,61.41234231212037,29.399668855924936,2.0,,,740.0,,28.0,11.0,2.0,7.599999999999999,12.199999999999998,,88.0,7.2,11.0,2.0,740.0,,28.0,11.0,0.5,Hiitolanjoki rajav 002,,Rautjärvi,Rautjärvi,River,VHA1,Vuoksen vesienhoitoalue,3.011,Kokkolanjoen a,Suuret kangasmaiden joet,108.0,FI_00000015,10060,2023-03-01,61.41234231212037,29.399668855924936,,,,440.0,,10.0,0.97,S2_FI_00000015,2024-04-03,1,98.026425,56.2515713826813,174.333996500009,,,36VUP,S2B_MSIL2A_20240403T093549_R036_T36VUP_20240403T123347,,9.9,13.300000000000002,,93.0,7.3,1.0,0.8000000000000002,440.0,,10.0,0.97,0.5,Hiitolanjoki rajav 002,,Rautjärvi,Rautjärvi,River,VHA1,Vuoksen vesienhoitoalue,3.011,Kokkolanjoen a,Suuret kangasmaiden joet,108.0
FI_00000095,10060,10060,2024-04-02,61.41234231212037,29.399668855924936,2.0,,,740.0,,28.0,11.0,2.0,7.599999999999999,12.199999999999998,,88.0,7.2,11.0,2.0,740.0,,28.0,11.0,0.5,Hiitolanjoki rajav 002,,Rautjärvi,Rautjärvi,River,VHA1,Vuoksen vesienhoitoalue,3.011,Kokkolanjoen a,Suuret kangasmaiden joet,108.0,FI_00000015,10060,2023-03-01,61.41234231212037,29.399668855924936,,,,440.0,,10.0,0.97,S2_FI_00000015,2024-04-03,1,98.026425,56.2515713826813,174.333996500009,,,36VUP,S2B_MSIL2A_20240403T093549_R036_T36VUP_20240403T123347,,9.9,13.300000000000002,,93.0,7.3,1.0,0.8000000000000002,440.0,,10.0,0.97,0.5,Hiitolanjoki rajav 002,,Rautjärvi,Rautjärvi,River,VHA1,Vuoksen vesienhoitoalue,3.011,Kokkolanjoen a,Suuret kangasmaiden joet,108.0
FI_00000096,10060,10060,2024-05-07,61.41234231212037,29.399668855924936,1.7,,,420.0,,14.0,1.8,1.7,7.5,11.800000000000002,,97.0,7.3,4.5,6.8,420.0,,14.0,1.8,0.5,Hiitolanjoki rajav 002,,Rautjärvi,Rautjärvi,River,VHA1,Vuoksen vesienhoitoalue,3.011,Kokkolanjoen a,Suuret kangasmaiden joet,108.0,FI_00000016,10060,2023-03-01,61.41234231212037,29.399668855924936,,,,440.0,,10.0,0.97,S2_FI_00000016,2024-05-08,1,60.460007,44.489601501528,175.846140210308,,,36VUP,S2A_MSIL2A_20240508T094031_R036_T36VUP_20240508T152414,,9.9,13.300000000000002,,93.0,7.3,1.0,0.8000000000000002,440.0,,10.0,0.97,0.5,Hiitolanjoki rajav 002,,Rautjärvi,Rautjärvi,River,VHA1,Vuoksen vesienhoitoalue,3.011,Kokkolanjoen a,Suuret kangasmaiden joet,108.0
FI_00000097,10060,10060,2024-05-07,61.41234231212037,29.399668855924936,1.7,,,420.0,,14.0,1.8,1.7,7.5,11.800000000000002,,97.0,7.3,4.5,6.8,420.0,,14.0,1.8,0.5,Hiitolanjoki rajav 002,,Rautjärvi,Rautjärvi,River,VHA1,Vuoksen vesienhoitoalue,3.011,Kokkolanjoen a,Suuret kangasmaiden joet,108.0,FI_00000016,10060,2023-03-01,61.41234231212037,29.399668855924936,,,,440.0,,10.0,0.97,S2_FI_00000016,2024-05-08,1,60.460007,44.489601501528,175.846140210308,,,36VUP,S2A_MSIL2A_20240508T094031_R036_T36VUP_20240508T152414,,9.9,13.300000000000002,,93.0,7.3,1.0,0.8000000000000002,440.0,,10.0,0.97,0.5,Hiitolanjoki rajav 002,,Rautjärvi,Rautjärvi,River,VHA1,Vuoksen vesienhoitoalue,3.011,Kokkolanjoen a,Suuret kangasmaiden joet,108.0
FI_00000098,10060,10060,2024-05-07,61.41234231212037,29.399668855924936,1.7,,,420.0,,14.0,1.8,1.7,7.5,11.800000000000002,,97.0,7.3,4.5,6.8,420.0,,14.0,1.8,0.5,Hiitolanjoki rajav 002,,Rautjärvi,Rautjärvi,River,VHA1,Vuoksen vesienhoitoalue,3.011,Kokkolanjoen a,Suuret kangasmaiden joet,108.0,FI_00000016,10060,2023-03-01,61.41234231212037,29.399668855924936,,,,440.0,,10.0,0.97,S2_FI_00000016,2024-05-08,1,60.460007,44.489601501528,175.846140210308,,,36VUP,S2A_MSIL2A_20240508T094031_R036_T36VUP_20240508T152414,,9.9,13.300000000000002,,93.0,7.3,1.0,0.8000000000000002,440.0,,10.0,0.97,0.5,Hiitolanjoki rajav 002,,Rautjärvi,Rautjärvi,River,VHA1,Vuoksen vesienhoitoalue,3.011,Kokkolanjoen a,Suuret kangasmaiden joet,108.0
FI_00000099,10060,10060,2024-05-07,61.41234231212037,29.399668855924936,1.7,,,420.0,,14.0,1.8,1.7,7.5,11.800000000000002,,97.0,7.3,4.5,6.8,420.0,,14.0,1.8,0.5,Hiitolanjoki rajav 002,,Rautjärvi,Rautjärvi,River,VHA1,Vuoksen vesienhoitoalue,3.011,Kokkolanjoen a,Suuret kangasmaiden joet,108.0,FI_00000016,10060,2023-03-01,61.41234231212037,29.399668855924936,,,,440.0,,10.0,0.97,S2_FI_00000016,2024-05-08,1,60.460007,44.489601501528,175.846140210308,,,36VUP,S2A_MSIL2A_20240508T094031_R036_T36VUP_20240508T152414,,9.9,13.300000000000002,,93.0,7.3,1.0,0.8000000000000002,440.0,,10.0,0.97,0.5,Hiitolanjoki rajav 002,,Rautjärvi,Rautjärvi,River,VHA1,Vuoksen vesienhoitoalue,3.011,Kokkolanjoen a,Suuret kangasmaiden joet,108.0
FI_00000100,10060,10060,2024-05-07,61.41234231212037,29.399668855924936,1.7,,,420.0,,14.0,1.8,1.7,7.5,11.800000000000002,,97.0,7.3,4.5,6.8,420.0,,14.0,1.8,0.5,Hiitolanjoki rajav 002,,Rautjärvi,Rautjärvi,River,VHA1,Vuoksen vesienhoitoalue,3.011,Kokkolanjoen a,Suuret kangasmaiden joet,108.0,FI_00000016,10060,2023-03-01,61.41234231212037,29.399668855924936,,,,440.0,,10.0,0.97,S2_FI_00000016,2024-05-08,1,60.460007,44.489601501528,175.846140210308,,,36VUP,S2A_MSIL2A_20240508T094031_R036_T36VUP_20240508T152414,,9.9,13.300000000000002,,93.0,7.3,1.0,0.8000000000000002,440.0,,10.0,0.97,0.5,Hiitolanjoki rajav 002,,Rautjärvi,Rautjärvi,River,VHA1,Vuoksen vesienhoitoalue,3.011,Kokkolanjoen a,Suuret kangasmaiden joet,108.0
FI_00000101,10060,10060,2024-05-07,61.41234231212037,29.399668855924936,1.7,,,420.0,,14.0,1.8,1.7,7.5,11.800000000000002,,97.0,7.3,4.5,6.8,420.0,,14.0,1.8,0.5,Hiitolanjoki rajav 002,,Rautjärvi,Rautjärvi,River,VHA1,Vuoksen vesienhoitoalue,3.011,Kokkolanjoen a,Suuret kangasmaiden joet,108.0,FI_00000016,10060,2023-03-01,61.41234231212037,29.399668855924936,,,,440.0,,10.0,0.97,S2_FI_00000016,2024-05-08,1,60.460007,44.489601501528,175.846140210308,,,36VUP,S2A_MSIL2A_20240508T094031_R036_T36VUP_20240508T152414,,9.9,13.300000000000002,,93.0,7.3,1.0,0.8000000000000002,440.0,,10.0,0.97,0.5,Hiitolanjoki rajav 002,,Rautjärvi,Rautjärvi,River,VHA1,Vuoksen vesienhoitoalue,3.011,Kokkolanjoen a,Suuret kangasmaiden joet,108.0
FI_00000102,10060,10060,2024-06-04,61.41234231212037,29.399668855924936,1.9,,,560.0,,28.0,4.3,1.9,8.3,6.900000000000001,,79.0,7.2,4.25,21.85,560.0,,28.0,4.3,0.5,Hiitolanjoki rajav 002,,Rautjärvi,Rautjärvi,River,VHA1,Vuoksen vesienhoitoalue,3.011,Kokkolanjoen a,Suuret kangasmaiden joet,108.0,FI_00000017,10060,2023-03-01,61.41234231212037,29.399668855924936,,,,440.0,,10.0,0.97,S2_FI_00000017,2024-06-04,0,72.996634,39.4201988486304,171.234600551114,,,36VUP,S2A_MSIL2A_20240604T093041_R136_T36VUP_20240604T132445,,9.9,13.300000000000002,,93.0,7.3,1.0,0.8000000000000002,440.0,,10.0,0.97,0.5,Hiitolanjoki rajav 002,,Rautjärvi,Rautjärvi,River,VHA1,Vuoksen vesienhoitoalue,3.011,Kokkolanjoen a,Suuret kangasmaiden joet,108.0
FI_00000103,10060,10060,2024-06-04,61.41234231212037,29.399668855924936,1.9,,,560.0,,28.0,4.3,1.9,8.3,6.900000000000001,,79.0,7.2,4.25,21.85,560.0,,28.0,4.3,0.5,Hiitolanjoki rajav 002,,Rautjärvi,Rautjärvi,River,VHA1,Vuoksen vesienhoitoalue,3.011,Kokkolanjoen a,Suuret kangasmaiden joet,108.0,FI_00000017,10060,2023-03-01,61.41234231212037,29.399668855924936,,,,440.0,,10.0,0.97,S2_FI_00000017,2024-06-04,0,72.996634,39.4201988486304,171.234600551114,,,36VUP,S2A_MSIL2A_20240604T093041_R136_T36VUP_20240604T132445,,9.9,13.300000000000002,,93.0,7.3,1.0,0.8000000000000002,440.0,,10.0,0.97,0.5,Hiitolanjoki rajav 002,,Rautjärvi,Rautjärvi,River,VHA1,Vuoksen vesienhoitoalue,3.011,Kokkolanjoen a,Suuret kangasmaiden joet,108.0
FI_00000104,10060,10060,2024-06-04,61.41234231212037,29.399668855924936,1.9,,,560.0,,28.0,4.3,1.9,8.3,6.900000000000001,,79.0,7.2,4.25,21.85,560.0,,28.0,4.3,0.5,Hiitolanjoki rajav 002,,Rautjärvi,Rautjärvi,River,VHA1,Vuoksen vesienhoitoalue,3.011,Kokkolanjoen a,Suuret kangasmaiden joet,108.0,FI_00000017,10060,2023-03-01,61.41234231212037,29.399668855924936,,,,440.0,,10.0,0.97,S2_FI_00000017,2024-06-04,0,72.996634,39.4201988486304,171.234600551114,,,36VUP,S2A_MSIL2A_20240604T093041_R136_T36VUP_20240604T132445,,9.9,13.300000000000002,,93.0,7.3,1.0,0.8000000000000002,440.0,,10.0,0.97,0.5,Hiitolanjoki rajav 002,,Rautjärvi,Rautjärvi,River,VHA1,Vuoksen vesienhoitoalue,3.011,Kokkolanjoen a,Suuret kangasmaiden joet,108.0
FI_00000105,10060,10060,2024-06-04,61.41234231212037,29.399668855924936,1.9,,,560.0,,28.0,4.3,1.9,8.3,6.900000000000001,,79.0,7.2,4.25,21.85,560.0,,28.0,4.3,0.5,Hiitolanjoki rajav 002,,Rautjärvi,Rautjärvi,River,VHA1,Vuoksen vesienhoitoalue,3.011,Kokkolanjoen a,Suuret kangasmaiden joet,108.0,FI_00000017,10060,2023-03-01,61.41234231212037,29.399668855924936,,,,440.0,,10.0,0.97,S2_FI_00000017,2024-06-04,0,72.996634,39.4201988486304,171.234600551114,,,36VUP,S2A_MSIL2A_20240604T093041_R136_T36VUP_20240604T132445,,9.9,13.300000000000002,,93.0,7.3,1.0,0.8000000000000002,440.0,,10.0,0.97,0.5,Hiitolanjoki rajav 002,,Rautjärvi,Rautjärvi,River,VHA1,Vuoksen vesienhoitoalue,3.011,Kokkolanjoen a,Suuret kangasmaiden joet,108.0
FI_00000106,10060,10060,2024-06-04,61.41234231212037,29.399668855924936,1.9,,,560.0,,28.0,4.3,1.9,8.3,6.900000000000001,,79.0,7.2,4.25,21.85,560.0,,28.0,4.3,0.5,Hiitolanjoki rajav 002,,Rautjärvi,Rautjärvi,River,VHA1,Vuoksen vesienhoitoalue,3.011,Kokkolanjoen a,Suuret kangasmaiden joet,108.0,FI_00000017,10060,2023-03-01,61.41234231212037,29.399668855924936,,,,440.0,,10.0,0.97,S2_FI_00000017,2024-06-04,0,72.996634,39.4201988486304,171.234600551114,,,36VUP,S2A_MSIL2A_20240604T093041_R136_T36VUP_20240604T132445,,9.9,13.300000000000002,,93.0,7.3,1.0,0.8000000000000002,440.0,,10.0,0.97,0.5,Hiitolanjoki rajav 002,,Rautjärvi,Rautjärvi,River,VHA1,Vuoksen vesienhoitoalue,3.011,Kokkolanjoen a,Suuret kangasmaiden joet,108.0
FI_00000107,10060,10060,2024-06-04,61.41234231212037,29.399668855924936,1.9,,,560.0,,28.0,4.3,1.9,8.3,6.900000000000001,,79.0,7.2,4.25,21.85,560.0,,28.0,4.3,0.5,Hiitolanjoki rajav 002,,Rautjärvi,Rautjärvi,River,VHA1,Vuoksen vesienhoitoalue,3.011,Kokkolanjoen a,Suuret kangasmaiden joet,108.0,FI_00000017,10060,2023-03-01,61.41234231212037,29.399668855924936,,,,440.0,,10.0,0.97,S2_FI_00000017,2024-06-04,0,72.996634,39.4201988486304,171.234600551114,,,36VUP,S2A_MSIL2A_20240604T093041_R136_T36VUP_20240604T132445,,9.9,13.300000000000002,,93.0,7.3,1.0,0.8000000000000002,440.0,,10.0,0.97,0.5,Hiitolanjoki rajav 002,,Rautjärvi,Rautjärvi,River,VHA1,Vuoksen vesienhoitoalue,3.011,Kokkolanjoen a,Suuret kangasmaiden joet,108.0
FI_00000108,10060,10060,2024-07-02,61.41234231212037,29.399668855924936,1.8,,,440.0,,16.0,3.0,1.8,9.6,6.900000000000001,,79.0,7.400000000000001,4.8500000000000005,22.3,440.0,,16.0,3.0,0.5,Hiitolanjoki rajav 002,,Rautjärvi,Rautjärvi,River,VHA1,Vuoksen vesienhoitoalue,3.011,Kokkolanjoen a,Suuret kangasmaiden joet,108.0,FI_00000018,10060,2023-04-04,61.41234231212037,29.399668855924936,3.5,,,480.0,,11.0,1.3999999999999997,S2_FI_00000018,2024-07-02,0,54.129487,38.8802200831921,172.710260363885,,,36VUP,S2B_MSIL2A_20240702T093549_R036_T36VUP_20240702T131737,3.5,9.8,13.199999999999998,,94.0,7.3,1.0,1.3,480.0,,11.0,1.3999999999999997,0.3,Hiitolanjoki rajav 002,,Rautjärvi,Rautjärvi,River,VHA1,Vuoksen vesienhoitoalue,3.011,Kokkolanjoen a,Suuret kangasmaiden joet,108.0
FI_00000109,10060,10060,2024-07-02,61.41234231212037,29.399668855924936,1.8,,,440.0,,16.0,3.0,1.8,9.6,6.900000000000001,,79.0,7.400000000000001,4.8500000000000005,22.3,440.0,,16.0,3.0,0.5,Hiitolanjoki rajav 002,,Rautjärvi,Rautjärvi,River,VHA1,Vuoksen vesienhoitoalue,3.011,Kokkolanjoen a,Suuret kangasmaiden joet,108.0,FI_00000018,10060,2023-04-04,61.41234231212037,29.399668855924936,3.5,,,480.0,,11.0,1.3999999999999997,S2_FI_00000018,2024-07-02,0,54.129487,38.8802200831921,172.710260363885,,,36VUP,S2B_MSIL2A_20240702T093549_R036_T36VUP_20240702T131737,3.5,9.8,13.199999999999998,,94.0,7.3,1.0,1.3,480.0,,11.0,1.3999999999999997,0.3,Hiitolanjoki rajav 002,,Rautjärvi,Rautjärvi,River,VHA1,Vuoksen vesienhoitoalue,3.011,Kokkolanjoen a,Suuret kangasmaiden joet,108.0
FI_00000110,10060,10060,2024-07-02,61.41234231212037,29.399668855924936,1.8,,,440.0,,16.0,3.0,1.8,9.6,6.900000000000001,,79.0,7.400000000000001,4.8500000000000005,22.3,440.0,,16.0,3.0,0.5,Hiitolanjoki rajav 002,,Rautjärvi,Rautjärvi,River,VHA1,Vuoksen vesienhoitoalue,3.011,Kokkolanjoen a,Suuret kangasmaiden joet,108.0,FI_00000018,10060,2023-04-04,61.41234231212037,29.399668855924936,3.5,,,480.0,,11.0,1.3999999999999997,S2_FI_00000018,2024-07-02,0,54.129487,38.8802200831921,172.710260363885,,,36VUP,S2B_MSIL2A_20240702T093549_R036_T36VUP_20240702T131737,3.5,9.8,13.199999999999998,,94.0,7.3,1.0,1.3,480.0,,11.0,1.3999999999999997,0.3,Hiitolanjoki rajav 002,,Rautjärvi,Rautjärvi,River,VHA1,Vuoksen vesienhoitoalue,3.011,Kokkolanjoen a,Suuret kangasmaiden joet,108.0
FI_00000111,10060,10060,2024-07-02,61.41234231212037,29.399668855924936,1.8,,,440.0,,16.0,3.0,1.8,9.6,6.900000000000001,,79.0,7.400000000000001,4.8500000000000005,22.3,440.0,,16.0,3.0,0.5,Hiitolanjoki rajav 002,,Rautjärvi,Rautjärvi,River,VHA1,Vuoksen vesienhoitoalue,3.011,Kokkolanjoen a,Suuret kangasmaiden joet,108.0,FI_00000018,10060,2023-04-04,61.41234231212037,29.399668855924936,3.5,,,480.0,,11.0,1.3999999999999997,S2_FI_00000018,2024-07-02,0,54.129487,38.8802200831921,172.710260363885,,,36VUP,S2B_MSIL2A_20240702T093549_R036_T36VUP_20240702T131737,3.5,9.8,13.199999999999998,,94.0,7.3,1.0,1.3,480.0,,11.0,1.3999999999999997,0.3,Hiitolanjoki rajav 002,,Rautjärvi,Rautjärvi,River,VHA1,Vuoksen vesienhoitoalue,3.011,Kokkolanjoen a,Suuret kangasmaiden joet,108.0
FI_00000112,10060,10060,2024-07-02,61.41234231212037,29.399668855924936,1.8,,,440.0,,16.0,3.0,1.8,9.6,6.900000000000001,,79.0,7.400000000000001,4.8500000000000005,22.3,440.0,,16.0,3.0,0.5,Hiitolanjoki rajav 002,,Rautjärvi,Rautjärvi,River,VHA1,Vuoksen vesienhoitoalue,3.011,Kokkolanjoen a,Suuret kangasmaiden joet,108.0,FI_00000018,10060,2023-04-04,61.41234231212037,29.399668855924936,3.5,,,480.0,,11.0,1.3999999999999997,S2_FI_00000018,2024-07-02,0,54.129487,38.8802200831921,172.710260363885,,,36VUP,S2B_MSIL2A_20240702T093549_R036_T36VUP_20240702T131737,3.5,9.8,13.199999999999998,,94.0,7.3,1.0,1.3,480.0,,11.0,1.3999999999999997,0.3,Hiitolanjoki rajav 002,,Rautjärvi,Rautjärvi,River,VHA1,Vuoksen vesienhoitoalue,3.011,Kokkolanjoen a,Suuret kangasmaiden joet,108.0
FI_00000113,10060,10060,2024-07-02,61.41234231212037,29.399668855924936,1.8,,,440.0,,16.0,3.0,1.8,9.6,6.900000000000001,,79.0,7.400000000000001,4.8500000000000005,22.3,440.0,,16.0,3.0,0.5,Hiitolanjoki rajav 002,,Rautjärvi,Rautjärvi,River,VHA1,Vuoksen vesienhoitoalue,3.011,Kokkolanjoen a,Suuret kangasmaiden joet,108.0,FI_00000018,10060,2023-04-04,61.41234231212037,29.399668855924936,3.5,,,480.0,,11.0,1.3999999999999997,S2_FI_00000018,2024-07-02,0,54.129487,38.8802200831921,172.710260363885,,,36VUP,S2B_MSIL2A_20240702T093549_R036_T36VUP_20240702T131737,3.5,9.8,13.199999999999998,,94.0,7.3,1.0,1.3,480.0,,11.0,1.3999999999999997,0.3,Hiitolanjoki rajav 002,,Rautjärvi,Rautjärvi,River,VHA1,Vuoksen vesienhoitoalue,3.011,Kokkolanjoen a,Suuret kangasmaiden joet,108.0
FI_00000114,10060,10060,2024-08-06,61.41234231212037,29.399668855924936,2.2,,,380.0,,16.0,2.6,2.2,10.0,7.2,,82.0,7.400000000000001,3.5500000000000003,21.8,380.0,,16.0,2.6,0.5,Hiitolanjoki rajav 002,,Rautjärvi,Rautjärvi,River,VHA1,Vuoksen vesienhoitoalue,3.011,Kokkolanjoen a,Suuret kangasmaiden joet,108.0,FI_00000019,10060,2023-04-04,61.41234231212037,29.399668855924936,3.5,,,480.0,,11.0,1.3999999999999997,S2_FI_00000019,2024-08-06,0,96.116793,45.373329075886,172.716876594584,,,36VUP,S2A_MSIL2A_20240806T094031_R036_T36VUP_20240806T115350,3.5,9.8,13.199999999999998,,94.0,7.3,1.0,1.3,480.0,,11.0,1.3999999999999997,0.3,Hiitolanjoki rajav 002,,Rautjärvi,Rautjärvi,River,VHA1,Vuoksen vesienhoitoalue,3.011,Kokkolanjoen a,Suuret kangasmaiden joet,108.0
FI_00000115,10060,10060,2024-08-06,61.41234231212037,29.399668855924936,2.2,,,380.0,,16.0,2.6,2.2,10.0,7.2,,82.0,7.400000000000001,3.5500000000000003,21.8,380.0,,16.0,2.6,0.5,Hiitolanjoki rajav 002,,Rautjärvi,Rautjärvi,River,VHA1,Vuoksen vesienhoitoalue,3.011,Kokkolanjoen a,Suuret kangasmaiden joet,108.0,FI_00000019,10060,2023-04-04,61.41234231212037,29.399668855924936,3.5,,,480.0,,11.0,1.3999999999999997,S2_FI_00000019,2024-08-06,0,96.116793,45.373329075886,172.716876594584,,,36VUP,S2A_MSIL2A_20240806T094031_R036_T36VUP_20240806T115350,3.5,9.8,13.199999999999998,,94.0,7.3,1.0,1.3,480.0,,11.0,1.3999999999999997,0.3,Hiitolanjoki rajav 002,,Rautjärvi,Rautjärvi,River,VHA1,Vuoksen vesienhoitoalue,3.011,Kokkolanjoen a,Suuret kangasmaiden joet,108.0
FI_00000116,10060,10060,2024-08-06,61.41234231212037,29.399668855924936,2.2,,,380.0,,16.0,2.6,2.2,10.0,7.2,,82.0,7.400000000000001,3.5500000000000003,21.8,380.0,,16.0,2.6,0.5,Hiitolanjoki rajav 002,,Rautjärvi,Rautjärvi,River,VHA1,Vuoksen vesienhoitoalue,3.011,Kokkolanjoen a,Suuret kangasmaiden joet,108.0,FI_00000019,10060,2023-04-04,61.41234231212037,29.399668855924936,3.5,,,480.0,,11.0,1.3999999999999997,S2_FI_00000019,2024-08-06,0,96.116793,45.373329075886,172.716876594584,,,36VUP,S2A_MSIL2A_20240806T094031_R036_T36VUP_20240806T115350,3.5,9.8,13.199999999999998,,94.0,7.3,1.0,1.3,480.0,,11.0,1.3999999999999997,0.3,Hiitolanjoki rajav 002,,Rautjärvi,Rautjärvi,River,VHA1,Vuoksen vesienhoitoalue,3.011,Kokkolanjoen a,Suuret kangasmaiden joet,108.0
FI_00000117,10060,10060,2024-08-06,61.41234231212037,29.399668855924936,2.2,,,380.0,,16.0,2.6,2.2,10.0,7.2,,82.0,7.400000000000001,3.5500000000000003,21.8,380.0,,16.0,2.6,0.5,Hiitolanjoki rajav 002,,Rautjärvi,Rautjärvi,River,VHA1,Vuoksen vesienhoitoalue,3.011,Kokkolanjoen a,Suuret kangasmaiden joet,108.0,FI_00000019,10060,2023-04-04,61.41234231212037,29.399668855924936,3.5,,,480.0,,11.0,1.3999999999999997,S2_FI_00000019,2024-08-06,0,96.116793,45.373329075886,172.716876594584,,,36VUP,S2A_MSIL2A_20240806T094031_R036_T36VUP_20240806T115350,3.5,9.8,13.199999999999998,,94.0,7.3,1.0,1.3,480.0,,11.0,1.3999999999999997,0.3,Hiitolanjoki rajav 002,,Rautjärvi,Rautjärvi,River,VHA1,Vuoksen vesienhoitoalue,3.011,Kokkolanjoen a,Suuret kangasmaiden joet,108.0
FI_00000118,10060,10060,2024-08-06,61.41234231212037,29.399668855924936,2.2,,,380.0,,16.0,2.6,2.2,10.0,7.2,,82.0,7.400000000000001,3.5500000000000003,21.8,380.0,,16.0,2.6,0.5,Hiitolanjoki rajav 002,,Rautjärvi,Rautjärvi,River,VHA1,Vuoksen vesienhoitoalue,3.011,Kokkolanjoen a,Suuret kangasmaiden joet,108.0,FI_00000019,10060,2023-04-04,61.41234231212037,29.399668855924936,3.5,,,480.0,,11.0,1.3999999999999997,S2_FI_00000019,2024-08-06,0,96.116793,45.373329075886,172.716876594584,,,36VUP,S2A_MSIL2A_20240806T094031_R036_T36VUP_20240806T115350,3.5,9.8,13.199999999999998,,94.0,7.3,1.0,1.3,480.0,,11.0,1.3999999999999997,0.3,Hiitolanjoki rajav 002,,Rautjärvi,Rautjärvi,River,VHA1,Vuoksen vesienhoitoalue,3.011,Kokkolanjoen a,Suuret kangasmaiden joet,108.0
FI_00000119,10060,10060,2024-08-06,61.41234231212037,29.399668855924936,2.2,,,380.0,,16.0,2.6,2.2,10.0,7.2,,82.0,7.400000000000001,3.5500000000000003,21.8,380.0,,16.0,2.6,0.5,Hiitolanjoki rajav 002,,Rautjärvi,Rautjärvi,River,VHA1,Vuoksen vesienhoitoalue,3.011,Kokkolanjoen a,Suuret kangasmaiden joet,108.0,FI_00000019,10060,2023-04-04,61.41234231212037,29.399668855924936,3.5,,,480.0,,11.0,1.3999999999999997,S2_FI_00000019,2024-08-06,0,96.116793,45.373329075886,172.716876594584,,,36VUP,S2A_MSIL2A_20240806T094031_R036_T36VUP_20240806T115350,3.5,9.8,13.199999999999998,,94.0,7.3,1.0,1.3,480.0,,11.0,1.3999999999999997,0.3,Hiitolanjoki rajav 002,,Rautjärvi,Rautjärvi,River,VHA1,Vuoksen vesienhoitoalue,3.011,Kokkolanjoen a,Suuret kangasmaiden joet,108.0
FI_00000120,10060,10060,2024-09-03,61.41234231212037,29.399668855924936,1.8,,,410.0,,24.0,2.0,1.8,11.0,7.7,,83.0,7.599999999999999,3.7000000000000006,19.0,410.0,,24.0,2.0,0.2,Hiitolanjoki rajav 002,,Rautjärvi,Rautjärvi,River,VHA1,Vuoksen vesienhoitoalue,3.011,Kokkolanjoen a,Suuret kangasmaiden joet,108.0,FI_00000020,10060,2023-04-04,61.41234231212037,29.399668855924936,3.5,,,480.0,,11.0,1.3999999999999997,S2_FI_00000020,2024-09-02,1,63.18385,54.252295871139,172.275508080318,,,36VUP,S2A_MSIL2A_20240902T093031_R136_T36VUP_20240902T124949,3.5,9.8,13.199999999999998,,94.0,7.3,1.0,1.3,480.0,,11.0,1.3999999999999997,0.3,Hiitolanjoki rajav 002,,Rautjärvi,Rautjärvi,River,VHA1,Vuoksen vesienhoitoalue,3.011,Kokkolanjoen a,Suuret kangasmaiden joet,108.0
FI_00000121,10060,10060,2024-09-03,61.41234231212037,29.399668855924936,1.8,,,410.0,,24.0,2.0,1.8,11.0,7.7,,83.0,7.599999999999999,3.7000000000000006,19.0,410.0,,24.0,2.0,0.2,Hiitolanjoki rajav 002,,Rautjärvi,Rautjärvi,River,VHA1,Vuoksen vesienhoitoalue,3.011,Kokkolanjoen a,Suuret kangasmaiden joet,108.0,FI_00000020,10060,2023-04-04,61.41234231212037,29.399668855924936,3.5,,,480.0,,11.0,1.3999999999999997,S2_FI_00000020,2024-09-02,1,63.18385,54.252295871139,172.275508080318,,,36VUP,S2A_MSIL2A_20240902T093031_R136_T36VUP_20240902T124949,3.5,9.8,13.199999999999998,,94.0,7.3,1.0,1.3,480.0,,11.0,1.3999999999999997,0.3,Hiitolanjoki rajav 002,,Rautjärvi,Rautjärvi,River,VHA1,Vuoksen vesienhoitoalue,3.011,Kokkolanjoen a,Suuret kangasmaiden joet,108.0
FI_00000122,10060,10060,2024-09-03,61.41234231212037,29.399668855924936,1.8,,,410.0,,24.0,2.0,1.8,11.0,7.7,,83.0,7.599999999999999,3.7000000000000006,19.0,410.0,,24.0,2.0,0.2,Hiitolanjoki rajav 002,,Rautjärvi,Rautjärvi,River,VHA1,Vuoksen vesienhoitoalue,3.011,Kokkolanjoen a,Suuret kangasmaiden joet,108.0,FI_00000020,10060,2023-04-04,61.41234231212037,29.399668855924936,3.5,,,480.0,,11.0,1.3999999999999997,S2_FI_00000020,2024-09-02,1,63.18385,54.252295871139,172.275508080318,,,36VUP,S2A_MSIL2A_20240902T093031_R136_T36VUP_20240902T124949,3.5,9.8,13.199999999999998,,94.0,7.3,1.0,1.3,480.0,,11.0,1.3999999999999997,0.3,Hiitolanjoki rajav 002,,Rautjärvi,Rautjärvi,River,VHA1,Vuoksen vesienhoitoalue,3.011,Kokkolanjoen a,Suuret kangasmaiden joet,108.0
FI_00000123,10060,10060,2024-09-03,61.41234231212037,29.399668855924936,1.8,,,410.0,,24.0,2.0,1.8,11.0,7.7,,83.0,7.599999999999999,3.7000000000000006,19.0,410.0,,24.0,2.0,0.2,Hiitolanjoki rajav 002,,Rautjärvi,Rautjärvi,River,VHA1,Vuoksen vesienhoitoalue,3.011,Kokkolanjoen a,Suuret kangasmaiden joet,108.0,FI_00000020,10060,2023-04-04,61.41234231212037,29.399668855924936,3.5,,,480.0,,11.0,1.3999999999999997,S2_FI_00000020,2024-09-02,1,63.18385,54.252295871139,172.275508080318,,,36VUP,S2A_MSIL2A_20240902T093031_R136_T36VUP_20240902T124949,3.5,9.8,13.199999999999998,,94.0,7.3,1.0,1.3,480.0,,11.0,1.3999999999999997,0.3,Hiitolanjoki rajav 002,,Rautjärvi,Rautjärvi,River,VHA1,Vuoksen vesienhoitoalue,3.011,Kokkolanjoen a,Suuret kangasmaiden joet,108.0
FI_00000124,10060,10060,2024-09-03,61.41234231212037,29.399668855924936,1.8,,,410.0,,24.0,2.0,1.8,11.0,7.7,,83.0,7.599999999999999,3.7000000000000006,19.0,410.0,,24.0,2.0,0.2,Hiitolanjoki rajav 002,,Rautjärvi,Rautjärvi,River,VHA1,Vuoksen vesienhoitoalue,3.011,Kokkolanjoen a,Suuret kangasmaiden joet,108.0,FI_00000020,10060,2023-04-04,61.41234231212037,29.399668855924936,3.5,,,480.0,,11.0,1.3999999999999997,S2_FI_00000020,2024-09-02,1,63.18385,54.252295871139,172.275508080318,,,36VUP,S2A_MSIL2A_20240902T093031_R136_T36VUP_20240902T124949,3.5,9.8,13.199999999999998,,94.0,7.3,1.0,1.3,480.0,,11.0,1.3999999999999997,0.3,Hiitolanjoki rajav 002,,Rautjärvi,Rautjärvi,River,VHA1,Vuoksen vesienhoitoalue,3.011,Kokkolanjoen a,Suuret kangasmaiden joet,108.0
FI_00000125,10060,10060,2024-09-03,61.41234231212037,29.399668855924936,1.8,,,410.0,,24.0,2.0,1.8,11.0,7.7,,83.0,7.599999999999999,3.7000000000000006,19.0,410.0,,24.0,2.0,0.2,Hiitolanjoki rajav 002,,Rautjärvi,Rautjärvi,River,VHA1,Vuoksen vesienhoitoalue,3.011,Kokkolanjoen a,Suuret kangasmaiden joet,108.0,FI_00000020,10060,2023-04-04,61.41234231212037,29.399668855924936,3.5,,,480.0,,11.0,1.3999999999999997,S2_FI_00000020,2024-09-02,1,63.18385,54.252295871139,172.275508080318,,,36VUP,S2A_MSIL2A_20240902T093031_R136_T36VUP_20240902T124949,3.5,9.8,13.199999999999998,,94.0,7.3,1.0,1.3,480.0,,11.0,1.3999999999999997,0.3,Hiitolanjoki rajav 002,,Rautjärvi,Rautjärvi,River,VHA1,Vuoksen vesienhoitoalue,3.011,Kokkolanjoen a,Suuret kangasmaiden joet,108.0
FI_00000126,10060,10060,2024-10-01,61.41234231212037,29.399668855924936,1.8,,,410.0,,17.0,2.1,1.8,11.0,9.3,,87.0,7.400000000000001,1.7,12.199999999999998,410.0,,17.0,2.1,0.3,Hiitolanjoki rajav 002,,Rautjärvi,Rautjärvi,River,VHA1,Vuoksen vesienhoitoalue,3.011,Kokkolanjoen a,Suuret kangasmaiden joet,108.0,FI_00000021,10060,2023-04-04,61.41234231212037,29.399668855924936,3.5,,,480.0,,11.0,1.3999999999999997,S2_FI_00000021,2024-09-30,1,0.456575,64.7882043387046,178.460586922937,,,36VUP,S2B_MSIL2A_20240930T094029_R036_T36VUP_20240930T125406,3.5,9.8,13.199999999999998,,94.0,7.3,1.0,1.3,480.0,,11.0,1.3999999999999997,0.3,Hiitolanjoki rajav 002,,Rautjärvi,Rautjärvi,River,VHA1,Vuoksen vesienhoitoalue,3.011,Kokkolanjoen a,Suuret kangasmaiden joet,108.0
FI_00000127,10060,10060,2024-10-01,61.41234231212037,29.399668855924936,1.8,,,410.0,,17.0,2.1,1.8,11.0,9.3,,87.0,7.400000000000001,1.7,12.199999999999998,410.0,,17.0,2.1,0.3,Hiitolanjoki rajav 002,,Rautjärvi,Rautjärvi,River,VHA1,Vuoksen vesienhoitoalue,3.011,Kokkolanjoen a,Suuret kangasmaiden joet,108.0,FI_00000021,10060,2023-04-04,61.41234231212037,29.399668855924936,3.5,,,480.0,,11.0,1.3999999999999997,S2_FI_00000021,2024-09-30,1,0.456575,64.7882043387046,178.460586922937,,,36VUP,S2B_MSIL2A_20240930T094029_R036_T36VUP_20240930T125406,3.5,9.8,13.199999999999998,,94.0,7.3,1.0,1.3,480.0,,11.0,1.3999999999999997,0.3,Hiitolanjoki rajav 002,,Rautjärvi,Rautjärvi,River,VHA1,Vuoksen vesienhoitoalue,3.011,Kokkolanjoen a,Suuret kangasmaiden joet,108.0
FI_00000128,10060,10060,2024-10-01,61.41234231212037,29.399668855924936,1.8,,,410.0,,17.0,2.1,1.8,11.0,9.3,,87.0,7.400000000000001,1.7,12.199999999999998,410.0,,17.0,2.1,0.3,Hiitolanjoki rajav 002,,Rautjärvi,Rautjärvi,River,VHA1,Vuoksen vesienhoitoalue,3.011,Kokkolanjoen a,Suuret kangasmaiden joet,108.0,FI_00000021,10060,2023-04-04,61.41234231212037,29.399668855924936,3.5,,,480.0,,11.0,1.3999999999999997,S2_FI_00000021,2024-09-30,1,0.456575,64.7882043387046,178.460586922937,,,36VUP,S2B_MSIL2A_20240930T094029_R036_T36VUP_20240930T125406,3.5,9.8,13.199999999999998,,94.0,7.3,1.0,1.3,480.0,,11.0,1.3999999999999997,0.3,Hiitolanjoki rajav 002,,Rautjärvi,Rautjärvi,River,VHA1,Vuoksen vesienhoitoalue,3.011,Kokkolanjoen a,Suuret kangasmaiden joet,108.0
FI_00000129,10060,10060,2024-10-01,61.41234231212037,29.399668855924936,1.8,,,410.0,,17.0,2.1,1.8,11.0,9.3,,87.0,7.400000000000001,1.7,12.199999999999998,410.0,,17.0,2.1,0.3,Hiitolanjoki rajav 002,,Rautjärvi,Rautjärvi,River,VHA1,Vuoksen vesienhoitoalue,3.011,Kokkolanjoen a,Suuret kangasmaiden joet,108.0,FI_00000021,10060,2023-04-04,61.41234231212037,29.399668855924936,3.5,,,480.0,,11.0,1.3999999999999997,S2_FI_00000021,2024-09-30,1,0.456575,64.7882043387046,178.460586922937,,,36VUP,S2B_MSIL2A_20240930T094029_R036_T36VUP_20240930T125406,3.5,9.8,13.199999999999998,,94.0,7.3,1.0,1.3,480.0,,11.0,1.3999999999999997,0.3,Hiitolanjoki rajav 002,,Rautjärvi,Rautjärvi,River,VHA1,Vuoksen vesienhoitoalue,3.011,Kokkolanjoen a,Suuret kangasmaiden joet,108.0
FI_00000130,10060,10060,2024-10-01,61.41234231212037,29.399668855924936,1.8,,,410.0,,17.0,2.1,1.8,11.0,9.3,,87.0,7.400000000000001,1.7,12.199999999999998,410.0,,17.0,2.1,0.3,Hiitolanjoki rajav 002,,Rautjärvi,Rautjärvi,River,VHA1,Vuoksen vesienhoitoalue,3.011,Kokkolanjoen a,Suuret kangasmaiden joet,108.0,FI_00000021,10060,2023-04-04,61.41234231212037,29.399668855924936,3.5,,,480.0,,11.0,1.3999999999999997,S2_FI_00000021,2024-09-30,1,0.456575,64.7882043387046,178.460586922937,,,36VUP,S2B_MSIL2A_20240930T094029_R036_T36VUP_20240930T125406,3.5,9.8,13.199999999999998,,94.0,7.3,1.0,1.3,480.0,,11.0,1.3999999999999997,0.3,Hiitolanjoki rajav 002,,Rautjärvi,Rautjärvi,River,VHA1,Vuoksen vesienhoitoalue,3.011,Kokkolanjoen a,Suuret kangasmaiden joet,108.0
FI_00000131,10060,10060,2024-10-01,61.41234231212037,29.399668855924936,1.8,,,410.0,,17.0,2.1,1.8,11.0,9.3,,87.0,7.400000000000001,1.7,12.199999999999998,410.0,,17.0,2.1,0.3,Hiitolanjoki rajav 002,,Rautjärvi,Rautjärvi,River,VHA1,Vuoksen vesienhoitoalue,3.011,Kokkolanjoen a,Suuret kangasmaiden joet,108.0,FI_00000021,10060,2023-04-04,61.41234231212037,29.399668855924936,3.5,,,480.0,,11.0,1.3999999999999997,S2_FI_00000021,2024-09-30,1,0.456575,64.7882043387046,178.460586922937,,,36VUP,S2B_MSIL2A_20240930T094029_R036_T36VUP_20240930T125406,3.5,9.8,13.199999999999998,,94.0,7.3,1.0,1.3,480.0,,11.0,1.3999999999999997,0.3,Hiitolanjoki rajav 002,,Rautjärvi,Rautjärvi,River,VHA1,Vuoksen vesienhoitoalue,3.011,Kokkolanjoen a,Suuret kangasmaiden joet,108.0
FI_00000132,10060,10060,2024-11-06,61.41234231212037,29.399668855924936,,,,540.0,,15.0,1.9,,11.0,11.800000000000002,,90.0,7.5,1.9,3.9,540.0,,15.0,1.9,0.2,Hiitolanjoki rajav 002,,Rautjärvi,Rautjärvi,River,VHA1,Vuoksen vesienhoitoalue,3.011,Kokkolanjoen a,Suuret kangasmaiden joet,108.0,FI_00000022,10060,2023-04-04,61.41234231212037,29.399668855924936,3.5,,,480.0,,11.0,1.3999999999999997,S2_FI_00000022,2024-11-06,0,100.0,77.9159188554642,177.678959482762,,,36VUP,S2B_MSIL2A_20241106T093059_R136_T36VUP_20241106T110328,3.5,9.8,13.199999999999998,,94.0,7.3,1.0,1.3,480.0,,11.0,1.3999999999999997,0.3,Hiitolanjoki rajav 002,,Rautjärvi,Rautjärvi,River,VHA1,Vuoksen vesienhoitoalue,3.011,Kokkolanjoen a,Suuret kangasmaiden joet,108.0
FI_00000133,10060,10060,2024-11-06,61.41234231212037,29.399668855924936,,,,540.0,,15.0,1.9,,11.0,11.800000000000002,,90.0,7.5,1.9,3.9,540.0,,15.0,1.9,0.2,Hiitolanjoki rajav 002,,Rautjärvi,Rautjärvi,River,VHA1,Vuoksen vesienhoitoalue,3.011,Kokkolanjoen a,Suuret kangasmaiden joet,108.0,FI_00000022,10060,2023-04-04,61.41234231212037,29.399668855924936,3.5,,,480.0,,11.0,1.3999999999999997,S2_FI_00000022,2024-11-06,0,100.0,77.9159188554642,177.678959482762,,,36VUP,S2B_MSIL2A_20241106T093059_R136_T36VUP_20241106T110328,3.5,9.8,13.199999999999998,,94.0,7.3,1.0,1.3,480.0,,11.0,1.3999999999999997,0.3,Hiitolanjoki rajav 002,,Rautjärvi,Rautjärvi,River,VHA1,Vuoksen vesienhoitoalue,3.011,Kokkolanjoen a,Suuret kangasmaiden joet,108.0
FI_00000134,10060,10060,2024-11-06,61.41234231212037,29.399668855924936,,,,540.0,,15.0,1.9,,11.0,11.800000000000002,,90.0,7.5,1.9,3.9,540.0,,15.0,1.9,0.2,Hiitolanjoki rajav 002,,Rautjärvi,Rautjärvi,River,VHA1,Vuoksen vesienhoitoalue,3.011,Kokkolanjoen a,Suuret kangasmaiden joet,108.0,FI_00000022,10060,2023-04-04,61.41234231212037,29.399668855924936,3.5,,,480.0,,11.0,1.3999999999999997,S2_FI_00000022,2024-11-06,0,100.0,77.9159188554642,177.678959482762,,,36VUP,S2B_MSIL2A_20241106T093059_R136_T36VUP_20241106T110328,3.5,9.8,13.199999999999998,,94.0,7.3,1.0,1.3,480.0,,11.0,1.3999999999999997,0.3,Hiitolanjoki rajav 002,,Rautjärvi,Rautjärvi,River,VHA1,Vuoksen vesienhoitoalue,3.011,Kokkolanjoen a,Suuret kangasmaiden joet,108.0
FI_00000135,10060,10060,2024-11-06,61.41234231212037,29.399668855924936,,,,540.0,,15.0,1.9,,11.0,11.800000000000002,,90.0,7.5,1.9,3.9,540.0,,15.0,1.9,0.2,Hiitolanjoki rajav 002,,Rautjärvi,Rautjärvi,River,VHA1,Vuoksen vesienhoitoalue,3.011,Kokkolanjoen a,Suuret kangasmaiden joet,108.0,FI_00000022,10060,2023-04-04,61.41234231212037,29.399668855924936,3.5,,,480.0,,11.0,1.3999999999999997,S2_FI_00000022,2024-11-06,0,100.0,77.9159188554642,177.678959482762,,,36VUP,S2B_MSIL2A_20241106T093059_R136_T36VUP_20241106T110328,3.5,9.8,13.199999999999998,,94.0,7.3,1.0,1.3,480.0,,11.0,1.3999999999999997,0.3,Hiitolanjoki rajav 002,,Rautjärvi,Rautjärvi,River,VHA1,Vuoksen vesienhoitoalue,3.011,Kokkolanjoen a,Suuret kangasmaiden joet,108.0
FI_00000136,10060,10060,2024-11-06,61.41234231212037,29.399668855924936,,,,540.0,,15.0,1.9,,11.0,11.800000000000002,,90.0,7.5,1.9,3.9,540.0,,15.0,1.9,0.2,Hiitolanjoki rajav 002,,Rautjärvi,Rautjärvi,River,VHA1,Vuoksen vesienhoitoalue,3.011,Kokkolanjoen a,Suuret kangasmaiden joet,108.0,FI_00000022,10060,2023-04-04,61.41234231212037,29.399668855924936,3.5,,,480.0,,11.0,1.3999999999999997,S2_FI_00000022,2024-11-06,0,100.0,77.9159188554642,177.678959482762,,,36VUP,S2B_MSIL2A_20241106T093059_R136_T36VUP_20241106T110328,3.5,9.8,13.199999999999998,,94.0,7.3,1.0,1.3,480.0,,11.0,1.3999999999999997,0.3,Hiitolanjoki rajav 002,,Rautjärvi,Rautjärvi,River,VHA1,Vuoksen vesienhoitoalue,3.011,Kokkolanjoen a,Suuret kangasmaiden joet,108.0
FI_00000137,10060,10060,2024-11-06,61.41234231212037,29.399668855924936,,,,540.0,,15.0,1.9,,11.0,11.800000000000002,,90.0,7.5,1.9,3.9,540.0,,15.0,1.9,0.2,Hiitolanjoki rajav 002,,Rautjärvi,Rautjärvi,River,VHA1,Vuoksen vesienhoitoalue,3.011,Kokkolanjoen a,Suuret kangasmaiden joet,108.0,FI_00000022,10060,2023-04-04,61.41234231212037,29.399668855924936,3.5,,,480.0,,11.0,1.3999999999999997,S2_FI_00000022,2024-11-06,0,100.0,77.9159188554642,177.678959482762,,,36VUP,S2B_MSIL2A_20241106T093059_R136_T36VUP_20241106T110328,3.5,9.8,13.199999999999998,,94.0,7.3,1.0,1.3,480.0,,11.0,1.3999999999999997,0.3,Hiitolanjoki rajav 002,,Rautjärvi,Rautjärvi,River,VHA1,Vuoksen vesienhoitoalue,3.011,Kokkolanjoen a,Suuret kangasmaiden joet,108.0
FI_00000504,11146,11146,2023-02-07,60.65688838242908,27.90019461609265,,,,1500.0,,28.0,5.1,,7.099999999999999,11.1,,76.0,6.400000000000001,4.1000000000000005,0.2,1500.0,,28.0,5.1,1.0,Urpalanj Muurik 002 3000,,Miehikkälä,,,,,,,,,FI_00000501,11146,2023-01-10,60.65688838242908,27.90019461609265,,,,710.0,,23.0,2.7999999999999994,S2_FI_00000501,2023-02-07,0,99.387193,76.4389759647387,171.973761573183,,,34VEN,S2B_MSIL2A_20230207T101109_R022_T34VEN_20240813T003502,,6.0,11.199999999999998,,77.0,6.599999999999999,5.599999999999999,0.2,710.0,,23.0,2.7999999999999994,1.0,Urpalanj Muurik 002 3000,,Miehikkälä,,,,,,,,
FI_00000505,11146,11146,2023-02-07,60.65688838242908,27.90019461609265,,,,1500.0,,28.0,5.1,,7.099999999999999,11.1,,76.0,6.400000000000001,4.1000000000000005,0.2,1500.0,,28.0,5.1,1.0,Urpalanj Muurik 002 3000,,Miehikkälä,,,,,,,,,FI_00000501,11146,2023-01-10,60.65688838242908,27.90019461609265,,,,710.0,,23.0,2.7999999999999994,S2_FI_00000501,2023-02-07,0,99.387193,76.4389759647387,171.973761573183,,,34VEN,S2B_MSIL2A_20230207T101109_R022_T34VEN_20240813T003502,,6.0,11.199999999999998,,77.0,6.599999999999999,5.599999999999999,0.2,710.0,,23.0,2.7999999999999994,1.0,Urpalanj Muurik 002 3000,,Miehikkälä,,,,,,,,
FI_00000506,11146,11146,2023-02-07,60.65688838242908,27.90019461609265,,,,1500.0,,28.0,5.1,,7.099999999999999,11.1,,76.0,6.400000000000001,4.1000000000000005,0.2,1500.0,,28.0,5.1,1.0,Urpalanj Muurik 002 3000,,Miehikkälä,,,,,,,,,FI_00000501,11146,2023-01-10,60.65688838242908,27.90019461609265,,,,710.0,,23.0,2.7999999999999994,S2_FI_00000501,2023-02-07,0,99.387193,76.4389759647387,171.973761573183,,,34VEN,S2B_MSIL2A_20230207T101109_R022_T34VEN_20240813T003502,,6.0,11.199999999999998,,77.0,6.599999999999999,5.599999999999999,0.2,710.0,,23.0,2.7999999999999994,1.0,Urpalanj Muurik 002 3000,,Miehikkälä,,,,,,,,
FI_00000507,11146,11146,2023-02-07,60.65688838242908,27.90019461609265,,,,1500.0,,28.0,5.1,,7.099999999999999,11.1,,76.0,6.400000000000001,4.1000000000000005,0.2,1500.0,,28.0,5.1,1.0,Urpalanj Muurik 002 3000,,Miehikkälä,,,,,,,,,FI_00000501,11146,2023-01-10,60.65688838242908,27.90019461609265,,,,710.0,,23.0,2.7999999999999994,S2_FI_00000501,2023-02-07,0,99.387193,76.4389759647387,171.973761573183,,,34VEN,S2B_MSIL2A_20230207T101109_R022_T34VEN_20240813T003502,,6.0,11.199999999999998,,77.0,6.599999999999999,5.599999999999999,0.2,710.0,,23.0,2.7999999999999994,1.0,Urpalanj Muurik 002 3000,,Miehikkälä,,,,,,,,
FI_00000508,11146,11146,2023-02-07,60.65688838242908,27.90019461609265,,,,1500.0,,28.0,5.1,,7.099999999999999,11.1,,76.0,6.400000000000001,4.1000000000000005,0.2,1500.0,,28.0,5.1,1.0,Urpalanj Muurik 002 3000,,Miehikkälä,,,,,,,,,FI_00000501,11146,2023-01-10,60.65688838242908,27.90019461609265,,,,710.0,,23.0,2.7999999999999994,S2_FI_00000501,2023-02-07,0,99.387193,76.4389759647387,171.973761573183,,,34VEN,S2B_MSIL2A_20230207T101109_R022_T34VEN_20240813T003502,,6.0,11.199999999999998,,77.0,6.599999999999999,5.599999999999999,0.2,710.0,,23.0,2.7999999999999994,1.0,Urpalanj Muurik 002 3000,,Miehikkälä,,,,,,,,
FI_00000509,11146,11146,2023-02-07,60.65688838242908,27.90019461609265,,,,1500.0,,28.0,5.1,,7.099999999999999,11.1,,76.0,6.400000000000001,4.1000000000000005,0.2,1500.0,,28.0,5.1,1.0,Urpalanj Muurik 002 3000,,Miehikkälä,,,,,,,,,FI_00000501,11146,2023-01-10,60.65688838242908,27.90019461609265,,,,710.0,,23.0,2.7999999999999994,S2_FI_00000501,2023-02-07,0,99.387193,76.4389759647387,171.973761573183,,,34VEN,S2B_MSIL2A_20230207T101109_R022_T34VEN_20240813T003502,,6.0,11.199999999999998,,77.0,6.599999999999999,5.599999999999999,0.2,710.0,,23.0,2.7999999999999994,1.0,Urpalanj Muurik 002 3000,,Miehikkälä,,,,,,,,
FI_00000522,11146,11146,2023-05-16,60.65688838242908,27.90019461609265,8.5,,,1000.0,,26.0,4.6,8.5,4.7,8.1,,80.0,6.599999999999999,4.5,15.0,1000.0,,26.0,4.6,0.7,Urpalanj Muurik 002 3000,,Miehikkälä,,,,,,,,,FI_00000504,11146,2023-02-07,60.65688838242908,27.90019461609265,,,,1500.0,,28.0,5.1,S2_FI_00000504,2023-05-15,1,28.729132,42.2096151999223,171.347479837009,,,34VEN,S2B_MSIL2A_20230515T095559_R122_T34VEN_20230515T150703,,7.099999999999999,11.1,,76.0,6.400000000000001,4.1000000000000005,0.2,1500.0,,28.0,5.1,1.0,Urpalanj Muurik 002 3000,,Miehikkälä,,,,,,,,
FI_00000523,11146,11146,2023-05-16,60.65688838242908,27.90019461609265,8.5,,,1000.0,,26.0,4.6,8.5,4.7,8.1,,80.0,6.599999999999999,4.5,15.0,1000.0,,26.0,4.6,0.7,Urpalanj Muurik 002 3000,,Miehikkälä,,,,,,,,,FI_00000504,11146,2023-02-07,60.65688838242908,27.90019461609265,,,,1500.0,,28.0,5.1,S2_FI_00000504,2023-05-15,1,28.729132,42.2096151999223,171.347479837009,,,34VEN,S2B_MSIL2A_20230515T095559_R122_T34VEN_20230515T150703,,7.099999999999999,11.1,,76.0,6.400000000000001,4.1000000000000005,0.2,1500.0,,28.0,5.1,1.0,Urpalanj Muurik 002 3000,,Miehikkälä,,,,,,,,
FI_00000524,11146,11146,2023-05-16,60.65688838242908,27.90019461609265,8.5,,,1000.0,,26.0,4.6,8.5,4.7,8.1,,80.0,6.599999999999999,4.5,15.0,1000.0,,26.0,4.6,0.7,Urpalanj Muurik 002 3000,,Miehikkälä,,,,,,,,,FI_00000504,11146,2023-02-07,60.65688838242908,27.90019461609265,,,,1500.0,,28.0,5.1,S2_FI_00000504,2023-05-15,1,28.729132,42.2096151999223,171.347479837009,,,34VEN,S2B_MSIL2A_20230515T095559_R122_T34VEN_20230515T150703,,7.099999999999999,11.1,,76.0,6.400000000000001,4.1000000000000005,0.2,1500.0,,28.0,5.1,1.0,Urpalanj Muurik 002 3000,,Miehikkälä,,,,,,,,
FI_00000525,11146,11146,2023-05-16,60.65688838242908,27.90019461609265,8.5,,,1000.0,,26.0,4.6,8.5,4.7,8.1,,80.0,6.599999999999999,4.5,15.0,1000.0,,26.0,4.6,0.7,Urpalanj Muurik 002 3000,,Miehikkälä,,,,,,,,,FI_00000504,11146,2023-02-07,60.65688838242908,27.90019461609265,,,,1500.0,,28.0,5.1,S2_FI_00000504,2023-05-15,1,28.729132,42.2096151999223,171.347479837009,,,34VEN,S2B_MSIL2A_20230515T095559_R122_T34VEN_20230515T150703,,7.099999999999999,11.1,,76.0,6.400000000000001,4.1000000000000005,0.2,1500.0,,28.0,5.1,1.0,Urpalanj Muurik 002 3000,,Miehikkälä,,,,,,,,
FI_00000526,11146,11146,2023-05-16,60.65688838242908,27.90019461609265,8.5,,,1000.0,,26.0,4.6,8.5,4.7,8.1,,80.0,6.599999999999999,4.5,15.0,1000.0,,26.0,4.6,0.7,Urpalanj Muurik 002 3000,,Miehikkälä,,,,,,,,,FI_00000504,11146,2023-02-07,60.65688838242908,27.90019461609265,,,,1500.0,,28.0,5.1,S2_FI_00000504,2023-05-15,1,28.729132,42.2096151999223,171.347479837009,,,34VEN,S2B_MSIL2A_20230515T095559_R122_T34VEN_20230515T150703,,7.099999999999999,11.1,,76.0,6.400000000000001,4.1000000000000005,0.2,1500.0,,28.0,5.1,1.0,Urpalanj Muurik 002 3000,,Miehikkälä,,,,,,,,
FI_00000527,11146,11146,2023-05-16,60.65688838242908,27.90019461609265,8.5,,,1000.0,,26.0,4.6,8.5,4.7,8.1,,80.0,6.599999999999999,4.5,15.0,1000.0,,26.0,4.6,0.7,Urpalanj Muurik 002 3000,,Miehikkälä,,,,,,,,,FI_00000504,11146,2023-02-07,60.65688838242908,27.90019461609265,,,,1500.0,,28.0,5.1,S2_FI_00000504,2023-05-15,1,28.729132,42.2096151999223,171.347479837009,,,34VEN,S2B_MSIL2A_20230515T095559_R122_T34VEN_20230515T150703,,7.099999999999999,11.1,,76.0,6.400000000000001,4.1000000000000005,0.2,1500.0,,28.0,5.1,1.0,Urpalanj Muurik 002 3000,,Miehikkälä,,,,,,,,
FI_00000528,11146,11146,2023-06-07,60.65688838242908,27.90019461609265,7.099999999999999,,,890.0,,28.0,3.8,7.099999999999999,4.8,7.599999999999999,,78.0,6.5,5.5,16.8,890.0,,28.0,3.8,0.7,Urpalanj Muurik 002 3000,,Miehikkälä,,,,,,,,,FI_00000535,11146,2023-07-04,60.65688838242908,27.90019461609265,14.0,,,740.0,,42.0,7.099999999999999,S2_FI_00000535,2023-06-07,0,97.740269,43.4870133346654,182.061570223468,,,35WNP,S2B_MSIL2A_20230607T100559_R022_T35WNP_20240927T025730,14.0,4.9,5.7,,62.0,6.5,11.449999999999998,19.8,740.0,,42.0,7.099999999999999,0.7,Urpalanj Muurik 002 3000,,Miehikkälä,,,,,,,,
FI_00000529,11146,11146,2023-06-07,60.65688838242908,27.90019461609265,7.099999999999999,,,890.0,,28.0,3.8,7.099999999999999,4.8,7.599999999999999,,78.0,6.5,5.5,16.8,890.0,,28.0,3.8,0.7,Urpalanj Muurik 002 3000,,Miehikkälä,,,,,,,,,FI_00000535,11146,2023-07-04,60.65688838242908,27.90019461609265,14.0,,,740.0,,42.0,7.099999999999999,S2_FI_00000535,2023-06-07,0,97.740269,43.4870133346654,182.061570223468,,,35WNP,S2B_MSIL2A_20230607T100559_R022_T35WNP_20240927T025730,14.0,4.9,5.7,,62.0,6.5,11.449999999999998,19.8,740.0,,42.0,7.099999999999999,0.7,Urpalanj Muurik 002 3000,,Miehikkälä,,,,,,,,
FI_00000530,11146,11146,2023-06-07,60.65688838242908,27.90019461609265,7.099999999999999,,,890.0,,28.0,3.8,7.099999999999999,4.8,7.599999999999999,,78.0,6.5,5.5,16.8,890.0,,28.0,3.8,0.7,Urpalanj Muurik 002 3000,,Miehikkälä,,,,,,,,,FI_00000535,11146,2023-07-04,60.65688838242908,27.90019461609265,14.0,,,740.0,,42.0,7.099999999999999,S2_FI_00000535,2023-06-07,0,97.740269,43.4870133346654,182.061570223468,,,35WNP,S2B_MSIL2A_20230607T100559_R022_T35WNP_20240927T025730,14.0,4.9,5.7,,62.0,6.5,11.449999999999998,19.8,740.0,,42.0,7.099999999999999,0.7,Urpalanj Muurik 002 3000,,Miehikkälä,,,,,,,,
FI_00000531,11146,11146,2023-06-07,60.65688838242908,27.90019461609265,7.099999999999999,,,890.0,,28.0,3.8,7.099999999999999,4.8,7.599999999999999,,78.0,6.5,5.5,16.8,890.0,,28.0,3.8,0.7,Urpalanj Muurik 002 3000,,Miehikkälä,,,,,,,,,FI_00000535,11146,2023-07-04,60.65688838242908,27.90019461609265,14.0,,,740.0,,42.0,7.099999999999999,S2_FI_00000535,2023-06-07,0,97.740269,43.4870133346654,182.061570223468,,,35WNP,S2B_MSIL2A_20230607T100559_R022_T35WNP_20240927T025730,14.0,4.9,5.7,,62.0,6.5,11.449999999999998,19.8,740.0,,42.0,7.099999999999999,0.7,Urpalanj Muurik 002 3000,,Miehikkälä,,,,,,,,
FI_00000532,11146,11146,2023-06-07,60.65688838242908,27.90019461609265,7.099999999999999,,,890.0,,28.0,3.8,7.099999999999999,4.8,7.599999999999999,,78.0,6.5,5.5,16.8,890.0,,28.0,3.8,0.7,Urpalanj Muurik 002 3000,,Miehikkälä,,,,,,,,,FI_00000535,11146,2023-07-04,60.65688838242908,27.90019461609265,14.0,,,740.0,,42.0,7.099999999999999,S2_FI_00000535,2023-06-07,0,97.740269,43.4870133346654,182.061570223468,,,35WNP,S2B_MSIL2A_20230607T100559_R022_T35WNP_20240927T025730,14.0,4.9,5.7,,62.0,6.5,11.449999999999998,19.8,740.0,,42.0,7.099999999999999,0.7,Urpalanj Muurik 002 3000,,Miehikkälä,,,,,,,,
FI_00000533,11146,11146,2023-06-07,60.65688838242908,27.90019461609265,7.099999999999999,,,890.0,,28.0,3.8,7.099999999999999,4.8,7.599999999999999,,78.0,6.5,5.5,16.8,890.0,,28.0,3.8,0.7,Urpalanj Muurik 002 3000,,Miehikkälä,,,,,,,,,FI_00000535,11146,2023-07-04,60.65688838242908,27.90019461609265,14.0,,,740.0,,42.0,7.099999999999999,S2_FI_00000535,2023-06-07,0,97.740269,43.4870133346654,182.061570223468,,,35WNP,S2B_MSIL2A_20230607T100559_R022_T35WNP_20240927T025730,14.0,4.9,5.7,,62.0,6.5,11.449999999999998,19.8,740.0,,42.0,7.099999999999999,0.7,Urpalanj Muurik 002 3000,,Miehikkälä,,,,,,,,
FI_00000546,11146,11146,2023-09-05,60.65688838242908,27.90019461609265,7.7,,,300.0,,26.0,1.1,7.7,5.0,6.2,,65.0,6.599999999999999,1.65,17.5,300.0,,26.0,1.1,0.7,Urpalanj Muurik 002 3000,,Miehikkälä,,,,,,,,,FI_00000508,11146,2023-02-07,60.65688838242908,27.90019461609265,,,,1500.0,,28.0,5.1,S2_FI_00000508,2023-09-04,1,47.679329,54.0904037793306,168.563144428723,,,34VEN,S2A_MSIL2A_20230904T095031_R079_T34VEN_20241017T204831,,7.099999999999999,11.1,,76.0,6.400000000000001,4.1000000000000005,0.2,1500.0,,28.0,5.1,1.0,Urpalanj Muurik 002 3000,,Miehikkälä,,,,,,,,
FI_00000547,11146,11146,2023-09-05,60.65688838242908,27.90019461609265,7.7,,,300.0,,26.0,1.1,7.7,5.0,6.2,,65.0,6.599999999999999,1.65,17.5,300.0,,26.0,1.1,0.7,Urpalanj Muurik 002 3000,,Miehikkälä,,,,,,,,,FI_00000508,11146,2023-02-07,60.65688838242908,27.90019461609265,,,,1500.0,,28.0,5.1,S2_FI_00000508,2023-09-04,1,47.679329,54.0904037793306,168.563144428723,,,34VEN,S2A_MSIL2A_20230904T095031_R079_T34VEN_20241017T204831,,7.099999999999999,11.1,,76.0,6.400000000000001,4.1000000000000005,0.2,1500.0,,28.0,5.1,1.0,Urpalanj Muurik 002 3000,,Miehikkälä,,,,,,,,
FI_00000548,11146,11146,2023-09-05,60.65688838242908,27.90019461609265,7.7,,,300.0,,26.0,1.1,7.7,5.0,6.2,,65.0,6.599999999999999,1.65,17.5,300.0,,26.0,1.1,0.7,Urpalanj Muurik 002 3000,,Miehikkälä,,,,,,,,,FI_00000508,11146,2023-02-07,60.65688838242908,27.90019461609265,,,,1500.0,,28.0,5.1,S2_FI_00000508,2023-09-04,1,47.679329,54.0904037793306,168.563144428723,,,34VEN,S2A_MSIL2A_20230904T095031_R079_T34VEN_20241017T204831,,7.099999999999999,11.1,,76.0,6.400000000000001,4.1000000000000005,0.2,1500.0,,28.0,5.1,1.0,Urpalanj Muurik 002 3000,,Miehikkälä,,,,,,,,
FI_00000549,11146,11146,2023-09-05,60.65688838242908,27.90019461609265,7.7,,,300.0,,26.0,1.1,7.7,5.0,6.2,,65.0,6.599999999999999,1.65,17.5,300.0,,26.0,1.1,0.7,Urpalanj Muurik 002 3000,,Miehikkälä,,,,,,,,,FI_00000508,11146,2023-02-07,60.65688838242908,27.90019461609265,,,,1500.0,,28.0,5.1,S2_FI_00000508,2023-09-04,1,47.679329,54.0904037793306,168.563144428723,,,34VEN,S2A_MSIL2A_20230904T095031_R079_T34VEN_20241017T204831,,7.099999999999999,11.1,,76.0,6.400000000000001,4.1000000000000005,0.2,1500.0,,28.0,5.1,1.0,Urpalanj Muurik 002 3000,,Miehikkälä,,,,,,,,
FI_00000550,11146,11146,2023-09-05,60.65688838242908,27.90019461609265,7.7,,,300.0,,26.0,1.1,7.7,5.0,6.2,,65.0,6.599999999999999,1.65,17.5,300.0,,26.0,1.1,0.7,Urpalanj Muurik 002 3000,,Miehikkälä,,,,,,,,,FI_00000508,11146,2023-02-07,60.65688838242908,27.90019461609265,,,,1500.0,,28.0,5.1,S2_FI_00000508,2023-09-04,1,47.679329,54.0904037793306,168.563144428723,,,34VEN,S2A_MSIL2A_20230904T095031_R079_T34VEN_20241017T204831,,7.099999999999999,11.1,,76.0,6.400000000000001,4.1000000000000005,0.2,1500.0,,28.0,5.1,1.0,Urpalanj Muurik 002 3000,,Miehikkälä,,,,,,,,
FI_00000551,11146,11146,2023-09-05,60.65688838242908,27.90019461609265,7.7,,,300.0,,26.0,1.1,7.7,5.0,6.2,,65.0,6.599999999999999,1.65,17.5,300.0,,26.0,1.1,0.7,Urpalanj Muurik 002 3000,,Miehikkälä,,,,,,,,,FI_00000508,11146,2023-02-07,60.65688838242908,27.90019461609265,,,,1500.0,,28.0,5.1,S2_FI_00000508,2023-09-04,1,47.679329,54.0904037793306,168.563144428723,,,34VEN,S2A_MSIL2A_20230904T095031_R079_T34VEN_20241017T204831,,7.099999999999999,11.1,,76.0,6.400000000000001,4.1000000000000005,0.2,1500.0,,28.0,5.1,1.0,Urpalanj Muurik 002 3000,,Miehikkälä,,,,,,,,
FI_00000552,11146,11146,2023-10-03,60.65688838242908,27.90019461609265,7.400000000000001,,,640.0,,30.0,4.0,7.400000000000001,5.0,6.8,,66.0,6.7,5.3500000000000005,13.699999999999998,640.0,,30.0,4.0,1.0,Urpalanj Muurik 002 3000,,Miehikkälä,,,,,,,,,FI_00000625,11146,2024-10-01,60.65688838242908,27.90019461609265,7.599999999999999,,,570.0,,29.0,5.0,S2_FI_00000625,2023-10-04,1,93.895429,65.195789272616,177.111382078661,,,35VMH,S2A_MSIL2A_20231004T095031_R079_T35VMH_20231004T161756,7.599999999999999,5.1,7.099999999999999,,68.0,6.599999999999999,5.25,13.4,570.0,,29.0,5.0,0.7,Urpalanj Muurik 002 3000,,Miehikkälä,,,,,,,,
FI_00000553,11146,11146,2023-10-03,60.65688838242908,27.90019461609265,7.400000000000001,,,640.0,,30.0,4.0,7.400000000000001,5.0,6.8,,66.0,6.7,5.3500000000000005,13.699999999999998,640.0,,30.0,4.0,1.0,Urpalanj Muurik 002 3000,,Miehikkälä,,,,,,,,,FI_00000625,11146,2024-10-01,60.65688838242908,27.90019461609265,7.599999999999999,,,570.0,,29.0,5.0,S2_FI_00000625,2023-10-04,1,93.895429,65.195789272616,177.111382078661,,,35VMH,S2A_MSIL2A_20231004T095031_R079_T35VMH_20231004T161756,7.599999999999999,5.1,7.099999999999999,,68.0,6.599999999999999,5.25,13.4,570.0,,29.0,5.0,0.7,Urpalanj Muurik 002 3000,,Miehikkälä,,,,,,,,
FI_00000554,11146,11146,2023-10-03,60.65688838242908,27.90019461609265,7.400000000000001,,,640.0,,30.0,4.0,7.400000000000001,5.0,6.8,,66.0,6.7,5.3500000000000005,13.699999999999998,640.0,,30.0,4.0,1.0,Urpalanj Muurik 002 3000,,Miehikkälä,,,,,,,,,FI_00000625,11146,2024-10-01,60.65688838242908,27.90019461609265,7.599999999999999,,,570.0,,29.0,5.0,S2_FI_00000625,2023-10-04,1,93.895429,65.195789272616,177.111382078661,,,35VMH,S2A_MSIL2A_20231004T095031_R079_T35VMH_20231004T161756,7.599999999999999,5.1,7.099999999999999,,68.0,6.599999999999999,5.25,13.4,570.0,,29.0,5.0,0.7,Urpalanj Muurik 002 3000,,Miehikkälä,,,,,,,,
FI_00000555,11146,11146,2023-10-03,60.65688838242908,27.90019461609265,7.400000000000001,,,640.0,,30.0,4.0,7.400000000000001,5.0,6.8,,66.0,6.7,5.3500000000000005,13.699999999999998,640.0,,30.0,4.0,1.0,Urpalanj Muurik 002 3000,,Miehikkälä,,,,,,,,,FI_00000625,11146,2024-10-01,60.65688838242908,27.90019461609265,7.599999999999999,,,570.0,,29.0,5.0,S2_FI_00000625,2023-10-04,1,93.895429,65.195789272616,177.111382078661,,,35VMH,S2A_MSIL2A_20231004T095031_R079_T35VMH_20231004T161756,7.599999999999999,5.1,7.099999999999999,,68.0,6.599999999999999,5.25,13.4,570.0,,29.0,5.0,0.7,Urpalanj Muurik 002 3000,,Miehikkälä,,,,,,,,
FI_00000556,11146,11146,2023-10-03,60.65688838242908,27.90019461609265,7.400000000000001,,,640.0,,30.0,4.0,7.400000000000001,5.0,6.8,,66.0,6.7,5.3500000000000005,13.699999999999998,640.0,,30.0,4.0,1.0,Urpalanj Muurik 002 3000,,Miehikkälä,,,,,,,,,FI_00000625,11146,2024-10-01,60.65688838242908,27.90019461609265,7.599999999999999,,,570.0,,29.0,5.0,S2_FI_00000625,2023-10-04,1,93.895429,65.195789272616,177.111382078661,,,35VMH,S2A_MSIL2A_20231004T095031_R079_T35VMH_20231004T161756,7.599999999999999,5.1,7.099999999999999,,68.0,6.599999999999999,5.25,13.4,570.0,,29.0,5.0,0.7,Urpalanj Muurik 002 3000,,Miehikkälä,,,,,,,,
FI_00000557,11146,11146,2023-10-03,60.65688838242908,27.90019461609265,7.400000000000001,,,640.0,,30.0,4.0,7.400000000000001,5.0,6.8,,66.0,6.7,5.3500000000000005,13.699999999999998,640.0,,30.0,4.0,1.0,Urpalanj Muurik 002 3000,,Miehikkälä,,,,,,,,,FI_00000625,11146,2024-10-01,60.65688838242908,27.90019461609265,7.599999999999999,,,570.0,,29.0,5.0,S2_FI_00000625,2023-10-04,1,93.895429,65.195789272616,177.111382078661,,,35VMH,S2A_MSIL2A_20231004T095031_R079_T35VMH_20231004T161756,7.599999999999999,5.1,7.099999999999999,,68.0,6.599999999999999,5.25,13.4,570.0,,29.0,5.0,0.7,Urpalanj Muurik 002 3000,,Miehikkälä,,,,,,,,
FI_00000558,11146,11146,2023-11-01,60.65688838242908,27.90019461609265,,,,940.0,,55.0,9.5,,5.8,10.3,,75.0,6.400000000000001,8.6,2.3,940.0,,55.0,9.5,0.7,Urpalanj Muurik 002 3000,,Miehikkälä,,,,,,,,,FI_00000588,11146,2024-04-02,60.65688838242908,27.90019461609265,1.0,,,1400.0,,37.0,9.0,S2_FI_00000588,2023-10-31,1,70.222509,77.5870503056884,179.867919591857,,,36VUR,S2A_MSIL2A_20231031T094131_R036_T36VUR_20231031T123126,1.0,5.400000000000001,11.6,,83.0,6.3,11.1,1.7,1400.0,,37.0,9.0,0.9,Urpalanj Muurik 002 3000,,Miehikkälä,,,,,,,,
FI_00000559,11146,11146,2023-11-01,60.65688838242908,27.90019461609265,,,,940.0,,55.0,9.5,,5.8,10.3,,75.0,6.400000000000001,8.6,2.3,940.0,,55.0,9.5,0.7,Urpalanj Muurik 002 3000,,Miehikkälä,,,,,,,,,FI_00000588,11146,2024-04-02,60.65688838242908,27.90019461609265,1.0,,,1400.0,,37.0,9.0,S2_FI_00000588,2023-10-31,1,70.222509,77.5870503056884,179.867919591857,,,36VUR,S2A_MSIL2A_20231031T094131_R036_T36VUR_20231031T123126,1.0,5.400000000000001,11.6,,83.0,6.3,11.1,1.7,1400.0,,37.0,9.0,0.9,Urpalanj Muurik 002 3000,,Miehikkälä,,,,,,,,
FI_00000560,11146,11146,2023-11-01,60.65688838242908,27.90019461609265,,,,940.0,,55.0,9.5,,5.8,10.3,,75.0,6.400000000000001,8.6,2.3,940.0,,55.0,9.5,0.7,Urpalanj Muurik 002 3000,,Miehikkälä,,,,,,,,,FI_00000588,11146,2024-04-02,60.65688838242908,27.90019461609265,1.0,,,1400.0,,37.0,9.0,S2_FI_00000588,2023-10-31,1,70.222509,77.5870503056884,179.867919591857,,,36VUR,S2A_MSIL2A_20231031T094131_R036_T36VUR_20231031T123126,1.0,5.400000000000001,11.6,,83.0,6.3,11.1,1.7,1400.0,,37.0,9.0,0.9,Urpalanj Muurik 002 3000,,Miehikkälä,,,,,,,,
FI_00000561,11146,11146,2023-11-01,60.65688838242908,27.90019461609265,,,,940.0,,55.0,9.5,,5.8,10.3,,75.0,6.400000000000001,8.6,2.3,940.0,,55.0,9.5,0.7,Urpalanj Muurik 002 3000,,Miehikkälä,,,,,,,,,FI_00000588,11146,2024-04-02,60.65688838242908,27.90019461609265,1.0,,,1400.0,,37.0,9.0,S2_FI_00000588,2023-10-31,1,70.222509,77.5870503056884,179.867919591857,,,36VUR,S2A_MSIL2A_20231031T094131_R036_T36VUR_20231031T123126,1.0,5.400000000000001,11.6,,83.0,6.3,11.1,1.7,1400.0,,37.0,9.0,0.9,Urpalanj Muurik 002 3000,,Miehikkälä,,,,,,,,
FI_00000562,11146,11146,2023-11-01,60.65688838242908,27.90019461609265,,,,940.0,,55.0,9.5,,5.8,10.3,,75.0,6.400000000000001,8.6,2.3,940.0,,55.0,9.5,0.7,Urpalanj Muurik 002 3000,,Miehikkälä,,,,,,,,,FI_00000588,11146,2024-04-02,60.65688838242908,27.90019461609265,1.0,,,1400.0,,37.0,9.0,S2_FI_00000588,2023-10-31,1,70.222509,77.5870503056884,179.867919591857,,,36VUR,S2A_MSIL2A_20231031T094131_R036_T36VUR_20231031T123126,1.0,5.400000000000001,11.6,,83.0,6.3,11.1,1.7,1400.0,,37.0,9.0,0.9,Urpalanj Muurik 002 3000,,Miehikkälä,,,,,,,,
FI_00000563,11146,11146,2023-11-01,60.65688838242908,27.90019461609265,,,,940.0,,55.0,9.5,,5.8,10.3,,75.0,6.400000000000001,8.6,2.3,940.0,,55.0,9.5,0.7,Urpalanj Muurik 002 3000,,Miehikkälä,,,,,,,,,FI_00000588,11146,2024-04-02,60.65688838242908,27.90019461609265,1.0,,,1400.0,,37.0,9.0,S2_FI_00000588,2023-10-31,1,70.222509,77.5870503056884,179.867919591857,,,36VUR,S2A_MSIL2A_20231031T094131_R036_T36VUR_20231031T123126,1.0,5.400000000000001,11.6,,83.0,6.3,11.1,1.7,1400.0,,37.0,9.0,0.9,Urpalanj Muurik 002 3000,,Miehikkälä,,,,,,,,
FI_00000564,11146,11146,2023-12-12,60.65688838242908,27.90019461609265,,,,1400.0,,35.0,4.9,,6.5,5.599999999999999,,39.0,6.400000000000001,3.2,0.5,1400.0,,35.0,4.9,0.7,Urpalanj Muurik 002 3000,,Miehikkälä,,,,,,,,,FI_00000511,11146,2023-03-01,60.65688838242908,27.90019461609265,,,,1400.0,,29.0,4.3,S2_FI_00000511,2023-12-11,1,96.286607,83.9417986526449,175.058883517211,,,34VEN,S2B_MSIL2A_20231211T100319_R122_T34VEN_20231211T131547,,7.2,11.199999999999998,,77.0,6.2,3.65,0.2,1400.0,,29.0,4.3,0.7,Urpalanj Muurik 002 3000,,Miehikkälä,,,,,,,,
FI_00000565,11146,11146,2023-12-12,60.65688838242908,27.90019461609265,,,,1400.0,,35.0,4.9,,6.5,5.599999999999999,,39.0,6.400000000000001,3.2,0.5,1400.0,,35.0,4.9,0.7,Urpalanj Muurik 002 3000,,Miehikkälä,,,,,,,,,FI_00000511,11146,2023-03-01,60.65688838242908,27.90019461609265,,,,1400.0,,29.0,4.3,S2_FI_00000511,2023-12-11,1,96.286607,83.9417986526449,175.058883517211,,,34VEN,S2B_MSIL2A_20231211T100319_R122_T34VEN_20231211T131547,,7.2,11.199999999999998,,77.0,6.2,3.65,0.2,1400.0,,29.0,4.3,0.7,Urpalanj Muurik 002 3000,,Miehikkälä,,,,,,,,
FI_00000566,11146,11146,2023-12-12,60.65688838242908,27.90019461609265,,,,1400.0,,35.0,4.9,,6.5,5.599999999999999,,39.0,6.400000000000001,3.2,0.5,1400.0,,35.0,4.9,0.7,Urpalanj Muurik 002 3000,,Miehikkälä,,,,,,,,,FI_00000511,11146,2023-03-01,60.65688838242908,27.90019461609265,,,,1400.0,,29.0,4.3,S2_FI_00000511,2023-12-11,1,96.286607,83.9417986526449,175.058883517211,,,34VEN,S2B_MSIL2A_20231211T100319_R122_T34VEN_20231211T131547,,7.2,11.199999999999998,,77.0,6.2,3.65,0.2,1400.0,,29.0,4.3,0.7,Urpalanj Muurik 002 3000,,Miehikkälä,,,,,,,,
FI_00000567,11146,11146,2023-12-12,60.65688838242908,27.90019461609265,,,,1400.0,,35.0,4.9,,6.5,5.599999999999999,,39.0,6.400000000000001,3.2,0.5,1400.0,,35.0,4.9,0.7,Urpalanj Muurik 002 3000,,Miehikkälä,,,,,,,,,FI_00000511,11146,2023-03-01,60.65688838242908,27.90019461609265,,,,1400.0,,29.0,4.3,S2_FI_00000511,2023-12-11,1,96.286607,83.9417986526449,175.058883517211,,,34VEN,S2B_MSIL2A_20231211T100319_R122_T34VEN_20231211T131547,,7.2,11.199999999999998,,77.0,6.2,3.65,0.2,1400.0,,29.0,4.3,0.7,Urpalanj Muurik 002 3000,,Miehikkälä,,,,,,,,
FI_00000568,11146,11146,2023-12-12,60.65688838242908,27.90019461609265,,,,1400.0,,35.0,4.9,,6.5,5.599999999999999,,39.0,6.400000000000001,3.2,0.5,1400.0,,35.0,4.9,0.7,Urpalanj Muurik 002 3000,,Miehikkälä,,,,,,,,,FI_00000511,11146,2023-03-01,60.65688838242908,27.90019461609265,,,,1400.0,,29.0,4.3,S2_FI_00000511,2023-12-11,1,96.286607,83.9417986526449,175.058883517211,,,34VEN,S2B_MSIL2A_20231211T100319_R122_T34VEN_20231211T131547,,7.2,11.199999999999998,,77.0,6.2,3.65,0.2,1400.0,,29.0,4.3,0.7,Urpalanj Muurik 002 3000,,Miehikkälä,,,,,,,,
FI_00000569,11146,11146,2023-12-12,60.65688838242908,27.90019461609265,,,,1400.0,,35.0,4.9,,6.5,5.599999999999999,,39.0,6.400000000000001,3.2,0.5,1400.0,,35.0,4.9,0.7,Urpalanj Muurik 002 3000,,Miehikkälä,,,,,,,,,FI_00000511,11146,2023-03-01,60.65688838242908,27.90019461609265,,,,1400.0,,29.0,4.3,S2_FI_00000511,2023-12-11,1,96.286607,83.9417986526449,175.058883517211,,,34VEN,S2B_MSIL2A_20231211T100319_R122_T34VEN_20231211T131547,,7.2,11.199999999999998,,77.0,6.2,3.65,0.2,1400.0,,29.0,4.3,0.7,Urpalanj Muurik 002 3000,,Miehikkälä,,,,,,,,
FI_00000576,11146,11146,2024-02-06,60.65688838242908,27.90019461609265,,,,1200.0,,30.0,4.2,,6.7,10.800000000000002,,74.0,6.5,3.1,0.3,1200.0,,30.0,4.2,0.3,Urpalanj Muurik 002 3000,,Miehikkälä,,,,,,,,,FI_00000616,11146,2024-08-06,60.65688838242908,27.90019461609265,11.0,,,570.0,,28.0,2.7000000000000006,S2_FI_00000616,2024-02-06,0,79.078108,76.887328608642,171.168935280014,,,35VMH,S2B_MSIL2A_20240206T095109_R079_T35VMH_20240206T123732,11.0,4.9,6.099999999999999,,69.0,6.599999999999999,2.85,22.05,570.0,,28.0,2.7000000000000006,0.7,Urpalanj Muurik 002 3000,,Miehikkälä,,,,,,,,
FI_00000577,11146,11146,2024-02-06,60.65688838242908,27.90019461609265,,,,1200.0,,30.0,4.2,,6.7,10.800000000000002,,74.0,6.5,3.1,0.3,1200.0,,30.0,4.2,0.3,Urpalanj Muurik 002 3000,,Miehikkälä,,,,,,,,,FI_00000616,11146,2024-08-06,60.65688838242908,27.90019461609265,11.0,,,570.0,,28.0,2.7000000000000006,S2_FI_00000616,2024-02-06,0,79.078108,76.887328608642,171.168935280014,,,35VMH,S2B_MSIL2A_20240206T095109_R079_T35VMH_20240206T123732,11.0,4.9,6.099999999999999,,69.0,6.599999999999999,2.85,22.05,570.0,,28.0,2.7000000000000006,0.7,Urpalanj Muurik 002 3000,,Miehikkälä,,,,,,,,
FI_00000578,11146,11146,2024-02-06,60.65688838242908,27.90019461609265,,,,1200.0,,30.0,4.2,,6.7,10.800000000000002,,74.0,6.5,3.1,0.3,1200.0,,30.0,4.2,0.3,Urpalanj Muurik 002 3000,,Miehikkälä,,,,,,,,,FI_00000616,11146,2024-08-06,60.65688838242908,27.90019461609265,11.0,,,570.0,,28.0,2.7000000000000006,S2_FI_00000616,2024-02-06,0,79.078108,76.887328608642,171.168935280014,,,35VMH,S2B_MSIL2A_20240206T095109_R079_T35VMH_20240206T123732,11.0,4.9,6.099999999999999,,69.0,6.599999999999999,2.85,22.05,570.0,,28.0,2.7000000000000006,0.7,Urpalanj Muurik 002 3000,,Miehikkälä,,,,,,,,
FI_00000579,11146,11146,2024-02-06,60.65688838242908,27.90019461609265,,,,1200.0,,30.0,4.2,,6.7,10.800000000000002,,74.0,6.5,3.1,0.3,1200.0,,30.0,4.2,0.3,Urpalanj Muurik 002 3000,,Miehikkälä,,,,,,,,,FI_00000616,11146,2024-08-06,60.65688838242908,27.90019461609265,11.0,,,570.0,,28.0,2.7000000000000006,S2_FI_00000616,2024-02-06,0,79.078108,76.887328608642,171.168935280014,,,35VMH,S2B_MSIL2A_20240206T095109_R079_T35VMH_20240206T123732,11.0,4.9,6.099999999999999,,69.0,6.599999999999999,2.85,22.05,570.0,,28.0,2.7000000000000006,0.7,Urpalanj Muurik 002 3000,,Miehikkälä,,,,,,,,
FI_00000580,11146,11146,2024-02-06,60.65688838242908,27.90019461609265,,,,1200.0,,30.0,4.2,,6.7,10.800000000000002,,74.0,6.5,3.1,0.3,1200.0,,30.0,4.2,0.3,Urpalanj Muurik 002 3000,,Miehikkälä,,,,,,,,,FI_00000616,11146,2024-08-06,60.65688838242908,27.90019461609265,11.0,,,570.0,,28.0,2.7000000000000006,S2_FI_00000616,2024-02-06,0,79.078108,76.887328608642,171.168935280014,,,35VMH,S2B_MSIL2A_20240206T095109_R079_T35VMH_20240206T123732,11.0,4.9,6.099999999999999,,69.0,6.599999999999999,2.85,22.05,570.0,,28.0,2.7000000000000006,0.7,Urpalanj Muurik 002 3000,,Miehikkälä,,,,,,,,
FI_00000581,11146,11146,2024-02-06,60.65688838242908,27.90019461609265,,,,1200.0,,30.0,4.2,,6.7,10.800000000000002,,74.0,6.5,3.1,0.3,1200.0,,30.0,4.2,0.3,Urpalanj Muurik 002 3000,,Miehikkälä,,,,,,,,,FI_00000616,11146,2024-08-06,60.65688838242908,27.90019461609265,11.0,,,570.0,,28.0,2.7000000000000006,S2_FI_00000616,2024-02-06,0,79.078108,76.887328608642,171.168935280014,,,35VMH,S2B_MSIL2A_20240206T095109_R079_T35VMH_20240206T123732,11.0,4.9,6.099999999999999,,69.0,6.599999999999999,2.85,22.05,570.0,,28.0,2.7000000000000006,0.7,Urpalanj Muurik 002 3000,,Miehikkälä,,,,,,,,
FI_00000582,11146,11146,2024-03-05,60.65688838242908,27.90019461609265,,,,1300.0,,33.0,6.2,,6.900000000000001,11.1,,77.0,6.7,6.599999999999999,0.7000000000000001,1300.0,,33.0,6.2,0.7,Urpalanj Muurik 002 3000,,Miehikkälä,,,,,,,,,FI_00000514,11146,2023-03-01,60.65688838242908,27.90019461609265,,,,1400.0,,29.0,4.3,S2_FI_00000514,2024-03-05,0,0.675411,67.0719505922577,169.300712305185,,,34VEN,S2A_MSIL2A_20240305T100031_R122_T34VEN_20240305T140836,,7.2,11.199999999999998,,77.0,6.2,3.65,0.2,1400.0,,29.0,4.3,0.7,Urpalanj Muurik 002 3000,,Miehikkälä,,,,,,,,
FI_00000583,11146,11146,2024-03-05,60.65688838242908,27.90019461609265,,,,1300.0,,33.0,6.2,,6.900000000000001,11.1,,77.0,6.7,6.599999999999999,0.7000000000000001,1300.0,,33.0,6.2,0.7,Urpalanj Muurik 002 3000,,Miehikkälä,,,,,,,,,FI_00000514,11146,2023-03-01,60.65688838242908,27.90019461609265,,,,1400.0,,29.0,4.3,S2_FI_00000514,2024-03-05,0,0.675411,67.0719505922577,169.300712305185,,,34VEN,S2A_MSIL2A_20240305T100031_R122_T34VEN_20240305T140836,,7.2,11.199999999999998,,77.0,6.2,3.65,0.2,1400.0,,29.0,4.3,0.7,Urpalanj Muurik 002 3000,,Miehikkälä,,,,,,,,
FI_00000584,11146,11146,2024-03-05,60.65688838242908,27.90019461609265,,,,1300.0,,33.0,6.2,,6.900000000000001,11.1,,77.0,6.7,6.599999999999999,0.7000000000000001,1300.0,,33.0,6.2,0.7,Urpalanj Muurik 002 3000,,Miehikkälä,,,,,,,,,FI_00000514,11146,2023-03-01,60.65688838242908,27.90019461609265,,,,1400.0,,29.0,4.3,S2_FI_00000514,2024-03-05,0,0.675411,67.0719505922577,169.300712305185,,,34VEN,S2A_MSIL2A_20240305T100031_R122_T34VEN_20240305T140836,,7.2,11.199999999999998,,77.0,6.2,3.65,0.2,1400.0,,29.0,4.3,0.7,Urpalanj Muurik 002 3000,,Miehikkälä,,,,,,,,
FI_00000585,11146,11146,2024-03-05,60.65688838242908,27.90019461609265,,,,1300.0,,33.0,6.2,,6.900000000000001,11.1,,77.0,6.7,6.599999999999999,0.7000000000000001,1300.0,,33.0,6.2,0.7,Urpalanj Muurik 002 3000,,Miehikkälä,,,,,,,,,FI_00000514,11146,2023-03-01,60.65688838242908,27.90019461609265,,,,1400.0,,29.0,4.3,S2_FI_00000514,2024-03-05,0,0.675411,67.0719505922577,169.300712305185,,,34VEN,S2A_MSIL2A_20240305T100031_R122_T34VEN_20240305T140836,,7.2,11.199999999999998,,77.0,6.2,3.65,0.2,1400.0,,29.0,4.3,0.7,Urpalanj Muurik 002 3000,,Miehikkälä,,,,,,,,
FI_00000586,11146,11146,2024-03-05,60.65688838242908,27.90019461609265,,,,1300.0,,33.0,6.2,,6.900000000000001,11.1,,77.0,6.7,6.599999999999999,0.7000000000000001,1300.0,,33.0,6.2,0.7,Urpalanj Muurik 002 3000,,Miehikkälä,,,,,,,,,FI_00000514,11146,2023-03-01,60.65688838242908,27.90019461609265,,,,1400.0,,29.0,4.3,S2_FI_00000514,2024-03-05,0,0.675411,67.0719505922577,169.300712305185,,,34VEN,S2A_MSIL2A_20240305T100031_R122_T34VEN_20240305T140836,,7.2,11.199999999999998,,77.0,6.2,3.65,0.2,1400.0,,29.0,4.3,0.7,Urpalanj Muurik 002 3000,,Miehikkälä,,,,,,,,
FI_00000587,11146,11146,2024-03-05,60.65688838242908,27.90019461609265,,,,1300.0,,33.0,6.2,,6.900000000000001,11.1,,77.0,6.7,6.599999999999999,0.7000000000000001,1300.0,,33.0,6.2,0.7,Urpalanj Muurik 002 3000,,Miehikkälä,,,,,,,,,FI_00000514,11146,2023-03-01,60.65688838242908,27.90019461609265,,,,1400.0,,29.0,4.3,S2_FI_00000514,2024-03-05,0,0.675411,67.0719505922577,169.300712305185,,,34VEN,S2A_MSIL2A_20240305T100031_R122_T34VEN_20240305T140836,,7.2,11.199999999999998,,77.0,6.2,3.65,0.2,1400.0,,29.0,4.3,0.7,Urpalanj Muurik 002 3000,,Miehikkälä,,,,,,,,
FI_00000588,11146,11146,2024-04-02,60.65688838242908,27.90019461609265,1.0,,,1400.0,,37.0,9.0,1.0,5.400000000000001,11.6,,83.0,6.3,11.1,1.7,1400.0,,37.0,9.0,0.9,Urpalanj Muurik 002 3000,,Miehikkälä,,,,,,,,,FI_00000594,11146,2024-05-07,60.65688838242908,27.90019461609265,3.9,,,1000.0,,31.0,6.3,S2_FI_00000594,2024-04-03,1,99.994147,58.0491713504463,174.111952238289,,,36VUR,S2B_MSIL2A_20240403T093549_R036_T36VUR_20240403T133537,3.9,4.5,8.6,,75.0,6.3,6.75,9.6,1000.0,,31.0,6.3,0.6,Urpalanj Muurik 002 3000,,Miehikkälä,,,,,,,,
FI_00000589,11146,11146,2024-04-02,60.65688838242908,27.90019461609265,1.0,,,1400.0,,37.0,9.0,1.0,5.400000000000001,11.6,,83.0,6.3,11.1,1.7,1400.0,,37.0,9.0,0.9,Urpalanj Muurik 002 3000,,Miehikkälä,,,,,,,,,FI_00000594,11146,2024-05-07,60.65688838242908,27.90019461609265,3.9,,,1000.0,,31.0,6.3,S2_FI_00000594,2024-04-03,1,99.994147,58.0491713504463,174.111952238289,,,36VUR,S2B_MSIL2A_20240403T093549_R036_T36VUR_20240403T133537,3.9,4.5,8.6,,75.0,6.3,6.75,9.6,1000.0,,31.0,6.3,0.6,Urpalanj Muurik 002 3000,,Miehikkälä,,,,,,,,
FI_00000590,11146,11146,2024-04-02,60.65688838242908,27.90019461609265,1.0,,,1400.0,,37.0,9.0,1.0,5.400000000000001,11.6,,83.0,6.3,11.1,1.7,1400.0,,37.0,9.0,0.9,Urpalanj Muurik 002 3000,,Miehikkälä,,,,,,,,,FI_00000594,11146,2024-05-07,60.65688838242908,27.90019461609265,3.9,,,1000.0,,31.0,6.3,S2_FI_00000594,2024-04-03,1,99.994147,58.0491713504463,174.111952238289,,,36VUR,S2B_MSIL2A_20240403T093549_R036_T36VUR_20240403T133537,3.9,4.5,8.6,,75.0,6.3,6.75,9.6,1000.0,,31.0,6.3,0.6,Urpalanj Muurik 002 3000,,Miehikkälä,,,,,,,,
FI_00000591,11146,11146,2024-04-02,60.65688838242908,27.90019461609265,1.0,,,1400.0,,37.0,9.0,1.0,5.400000000000001,11.6,,83.0,6.3,11.1,1.7,1400.0,,37.0,9.0,0.9,Urpalanj Muurik 002 3000,,Miehikkälä,,,,,,,,,FI_00000594,11146,2024-05-07,60.65688838242908,27.90019461609265,3.9,,,1000.0,,31.0,6.3,S2_FI_00000594,2024-04-03,1,99.994147,58.0491713504463,174.111952238289,,,36VUR,S2B_MSIL2A_20240403T093549_R036_T36VUR_20240403T133537,3.9,4.5,8.6,,75.0,6.3,6.75,9.6,1000.0,,31.0,6.3,0.6,Urpalanj Muurik 002 3000,,Miehikkälä,,,,,,,,
FI_00000592,11146,11146,2024-04-02,60.65688838242908,27.90019461609265,1.0,,,1400.0,,37.0,9.0,1.0,5.400000000000001,11.6,,83.0,6.3,11.1,1.7,1400.0,,37.0,9.0,0.9,Urpalanj Muurik 002 3000,,Miehikkälä,,,,,,,,,FI_00000594,11146,2024-05-07,60.65688838242908,27.90019461609265,3.9,,,1000.0,,31.0,6.3,S2_FI_00000594,2024-04-03,1,99.994147,58.0491713504463,174.111952238289,,,36VUR,S2B_MSIL2A_20240403T093549_R036_T36VUR_20240403T133537,3.9,4.5,8.6,,75.0,6.3,6.75,9.6,1000.0,,31.0,6.3,0.6,Urpalanj Muurik 002 3000,,Miehikkälä,,,,,,,,
FI_00000593,11146,11146,2024-04-02,60.65688838242908,27.90019461609265,1.0,,,1400.0,,37.0,9.0,1.0,5.400000000000001,11.6,,83.0,6.3,11.1,1.7,1400.0,,37.0,9.0,0.9,Urpalanj Muurik 002 3000,,Miehikkälä,,,,,,,,,FI_00000594,11146,2024-05-07,60.65688838242908,27.90019461609265,3.9,,,1000.0,,31.0,6.3,S2_FI_00000594,2024-04-03,1,99.994147,58.0491713504463,174.111952238289,,,36VUR,S2B_MSIL2A_20240403T093549_R036_T36VUR_20240403T133537,3.9,4.5,8.6,,75.0,6.3,6.75,9.6,1000.0,,31.0,6.3,0.6,Urpalanj Muurik 002 3000,,Miehikkälä,,,,,,,,
FI_00000594,11146,11146,2024-05-07,60.65688838242908,27.90019461609265,3.9,,,1000.0,,31.0,6.3,3.9,4.5,8.6,,75.0,6.3,6.75,9.6,1000.0,,31.0,6.3,0.6,Urpalanj Muurik 002 3000,,Miehikkälä,,,,,,,,,FI_00000553,11146,2023-10-03,60.65688838242908,27.90019461609265,7.400000000000001,,,640.0,,30.0,4.0,S2_FI_00000553,2024-05-06,1,73.458576,49.5287670746962,176.348831319808,,,35WNP,S2B_MSIL2A_20240506T094549_R079_T35WNP_20240506T131844,7.400000000000001,5.0,6.8,,66.0,6.7,5.3500000000000005,13.699999999999998,640.0,,30.0,4.0,1.0,Urpalanj Muurik 002 3000,,Miehikkälä,,,,,,,,
FI_00000595,11146,11146,2024-05-07,60.65688838242908,27.90019461609265,3.9,,,1000.0,,31.0,6.3,3.9,4.5,8.6,,75.0,6.3,6.75,9.6,1000.0,,31.0,6.3,0.6,Urpalanj Muurik 002 3000,,Miehikkälä,,,,,,,,,FI_00000553,11146,2023-10-03,60.65688838242908,27.90019461609265,7.400000000000001,,,640.0,,30.0,4.0,S2_FI_00000553,2024-05-06,1,73.458576,49.5287670746962,176.348831319808,,,35WNP,S2B_MSIL2A_20240506T094549_R079_T35WNP_20240506T131844,7.400000000000001,5.0,6.8,,66.0,6.7,5.3500000000000005,13.699999999999998,640.0,,30.0,4.0,1.0,Urpalanj Muurik 002 3000,,Miehikkälä,,,,,,,,
FI_00000596,11146,11146,2024-05-07,60.65688838242908,27.90019461609265,3.9,,,1000.0,,31.0,6.3,3.9,4.5,8.6,,75.0,6.3,6.75,9.6,1000.0,,31.0,6.3,0.6,Urpalanj Muurik 002 3000,,Miehikkälä,,,,,,,,,FI_00000553,11146,2023-10-03,60.65688838242908,27.90019461609265,7.400000000000001,,,640.0,,30.0,4.0,S2_FI_00000553,2024-05-06,1,73.458576,49.5287670746962,176.348831319808,,,35WNP,S2B_MSIL2A_20240506T094549_R079_T35WNP_20240506T131844,7.400000000000001,5.0,6.8,,66.0,6.7,5.3500000000000005,13.699999999999998,640.0,,30.0,4.0,1.0,Urpalanj Muurik 002 3000,,Miehikkälä,,,,,,,,
FI_00000597,11146,11146,2024-05-07,60.65688838242908,27.90019461609265,3.9,,,1000.0,,31.0,6.3,3.9,4.5,8.6,,75.0,6.3,6.75,9.6,1000.0,,31.0,6.3,0.6,Urpalanj Muurik 002 3000,,Miehikkälä,,,,,,,,,FI_00000553,11146,2023-10-03,60.65688838242908,27.90019461609265,7.400000000000001,,,640.0,,30.0,4.0,S2_FI_00000553,2024-05-06,1,73.458576,49.5287670746962,176.348831319808,,,35WNP,S2B_MSIL2A_20240506T094549_R079_T35WNP_20240506T131844,7.400000000000001,5.0,6.8,,66.0,6.7,5.3500000000000005,13.699999999999998,640.0,,30.0,4.0,1.0,Urpalanj Muurik 002 3000,,Miehikkälä,,,,,,,,
FI_00000598,11146,11146,2024-05-07,60.65688838242908,27.90019461609265,3.9,,,1000.0,,31.0,6.3,3.9,4.5,8.6,,75.0,6.3,6.75,9.6,1000.0,,31.0,6.3,0.6,Urpalanj Muurik 002 3000,,Miehikkälä,,,,,,,,,FI_00000553,11146,2023-10-03,60.65688838242908,27.90019461609265,7.400000000000001,,,640.0,,30.0,4.0,S2_FI_00000553,2024-05-06,1,73.458576,49.5287670746962,176.348831319808,,,35WNP,S2B_MSIL2A_20240506T094549_R079_T35WNP_20240506T131844,7.400000000000001,5.0,6.8,,66.0,6.7,5.3500000000000005,13.699999999999998,640.0,,30.0,4.0,1.0,Urpalanj Muurik 002 3000,,Miehikkälä,,,,,,,,
FI_00000599,11146,11146,2024-05-07,60.65688838242908,27.90019461609265,3.9,,,1000.0,,31.0,6.3,3.9,4.5,8.6,,75.0,6.3,6.75,9.6,1000.0,,31.0,6.3,0.6,Urpalanj Muurik 002 3000,,Miehikkälä,,,,,,,,,FI_00000553,11146,2023-10-03,60.65688838242908,27.90019461609265,7.400000000000001,,,640.0,,30.0,4.0,S2_FI_00000553,2024-05-06,1,73.458576,49.5287670746962,176.348831319808,,,35WNP,S2B_MSIL2A_20240506T094549_R079_T35WNP_20240506T131844,7.400000000000001,5.0,6.8,,66.0,6.7,5.3500000000000005,13.699999999999998,640.0,,30.0,4.0,1.0,Urpalanj Muurik 002 3000,,Miehikkälä,,,,,,,,
FI_00000600,11146,11146,2024-06-04,60.65688838242908,27.90019461609265,15.0,,,890.0,,32.0,5.0,15.0,4.9,5.400000000000001,,63.0,6.5,5.0,24.25,890.0,,32.0,5.0,0.7,Urpalanj Muurik 002 3000,,Miehikkälä,,,,,,,,,FI_00000557,11146,2023-10-03,60.65688838242908,27.90019461609265,7.400000000000001,,,640.0,,30.0,4.0,S2_FI_00000557,2024-06-03,1,41.528395,43.8282524251242,178.925509612312,,,35WNP,S2A_MSIL2A_20240603T100031_R122_T35WNP_20240603T151846,7.400000000000001,5.0,6.8,,66.0,6.7,5.3500000000000005,13.699999999999998,640.0,,30.0,4.0,1.0,Urpalanj Muurik 002 3000,,Miehikkälä,,,,,,,,
FI_00000601,11146,11146,2024-06-04,60.65688838242908,27.90019461609265,15.0,,,890.0,,32.0,5.0,15.0,4.9,5.400000000000001,,63.0,6.5,5.0,24.25,890.0,,32.0,5.0,0.7,Urpalanj Muurik 002 3000,,Miehikkälä,,,,,,,,,FI_00000557,11146,2023-10-03,60.65688838242908,27.90019461609265,7.400000000000001,,,640.0,,30.0,4.0,S2_FI_00000557,2024-06-03,1,41.528395,43.8282524251242,178.925509612312,,,35WNP,S2A_MSIL2A_20240603T100031_R122_T35WNP_20240603T151846,7.400000000000001,5.0,6.8,,66.0,6.7,5.3500000000000005,13.699999999999998,640.0,,30.0,4.0,1.0,Urpalanj Muurik 002 3000,,Miehikkälä,,,,,,,,
FI_00000602,11146,11146,2024-06-04,60.65688838242908,27.90019461609265,15.0,,,890.0,,32.0,5.0,15.0,4.9,5.400000000000001,,63.0,6.5,5.0,24.25,890.0,,32.0,5.0,0.7,Urpalanj Muurik 002 3000,,Miehikkälä,,,,,,,,,FI_00000557,11146,2023-10-03,60.65688838242908,27.90019461609265,7.400000000000001,,,640.0,,30.0,4.0,S2_FI_00000557,2024-06-03,1,41.528395,43.8282524251242,178.925509612312,,,35WNP,S2A_MSIL2A_20240603T100031_R122_T35WNP_20240603T151846,7.400000000000001,5.0,6.8,,66.0,6.7,5.3500000000000005,13.699999999999998,640.0,,30.0,4.0,1.0,Urpalanj Muurik 002 3000,,Miehikkälä,,,,,,,,
FI_00000603,11146,11146,2024-06-04,60.65688838242908,27.90019461609265,15.0,,,890.0,,32.0,5.0,15.0,4.9,5.400000000000001,,63.0,6.5,5.0,24.25,890.0,,32.0,5.0,0.7,Urpalanj Muurik 002 3000,,Miehikkälä,,,,,,,,,FI_00000557,11146,2023-10-03,60.65688838242908,27.90019461609265,7.400000000000001,,,640.0,,30.0,4.0,S2_FI_00000557,2024-06-03,1,41.528395,43.8282524251242,178.925509612312,,,35WNP,S2A_MSIL2A_20240603T100031_R122_T35WNP_20240603T151846,7.400000000000001,5.0,6.8,,66.0,6.7,5.3500000000000005,13.699999999999998,640.0,,30.0,4.0,1.0,Urpalanj Muurik 002 3000,,Miehikkälä,,,,,,,,
FI_00000604,11146,11146,2024-06-04,60.65688838242908,27.90019461609265,15.0,,,890.0,,32.0,5.0,15.0,4.9,5.400000000000001,,63.0,6.5,5.0,24.25,890.0,,32.0,5.0,0.7,Urpalanj Muurik 002 3000,,Miehikkälä,,,,,,,,,FI_00000557,11146,2023-10-03,60.65688838242908,27.90019461609265,7.400000000000001,,,640.0,,30.0,4.0,S2_FI_00000557,2024-06-03,1,41.528395,43.8282524251242,178.925509612312,,,35WNP,S2A_MSIL2A_20240603T100031_R122_T35WNP_20240603T151846,7.400000000000001,5.0,6.8,,66.0,6.7,5.3500000000000005,13.699999999999998,640.0,,30.0,4.0,1.0,Urpalanj Muurik 002 3000,,Miehikkälä,,,,,,,,
FI_00000605,11146,11146,2024-06-04,60.65688838242908,27.90019461609265,15.0,,,890.0,,32.0,5.0,15.0,4.9,5.400000000000001,,63.0,6.5,5.0,24.25,890.0,,32.0,5.0,0.7,Urpalanj Muurik 002 3000,,Miehikkälä,,,,,,,,,FI_00000557,11146,2023-10-03,60.65688838242908,27.90019461609265,7.400000000000001,,,640.0,,30.0,4.0,S2_FI_00000557,2024-06-03,1,41.528395,43.8282524251242,178.925509612312,,,35WNP,S2A_MSIL2A_20240603T100031_R122_T35WNP_20240603T151846,7.400000000000001,5.0,6.8,,66.0,6.7,5.3500000000000005,13.699999999999998,640.0,,30.0,4.0,1.0,Urpalanj Muurik 002 3000,,Miehikkälä,,,,,,,,
FI_00000606,11146,11146,2024-07-02,60.65688838242908,27.90019461609265,12.0,,,720.0,,35.0,6.3,12.0,5.0,5.3,,61.0,6.7,8.75,22.7,720.0,,35.0,6.3,0.6,Urpalanj Muurik 002 3000,,Miehikkälä,,,,,,,,,FI_00000518,11146,2023-04-04,60.65688838242908,27.90019461609265,3.1,,,1500.0,,32.0,7.2,S2_FI_00000518,2024-07-01,1,98.935711,37.9788965147341,171.692821542258,,,34VEN,S2B_MSIL2A_20240701T100559_R022_T34VEN_20240702T000046,3.1,7.0,11.5,,80.0,6.3,1.95,0.6,1500.0,,32.0,7.2,0.7,Urpalanj Muurik 002 3000,,Miehikkälä,,,,,,,,
FI_00000607,11146,11146,2024-07-02,60.65688838242908,27.90019461609265,12.0,,,720.0,,35.0,6.3,12.0,5.0,5.3,,61.0,6.7,8.75,22.7,720.0,,35.0,6.3,0.6,Urpalanj Muurik 002 3000,,Miehikkälä,,,,,,,,,FI_00000518,11146,2023-04-04,60.65688838242908,27.90019461609265,3.1,,,1500.0,,32.0,7.2,S2_FI_00000518,2024-07-01,1,98.935711,37.9788965147341,171.692821542258,,,34VEN,S2B_MSIL2A_20240701T100559_R022_T34VEN_20240702T000046,3.1,7.0,11.5,,80.0,6.3,1.95,0.6,1500.0,,32.0,7.2,0.7,Urpalanj Muurik 002 3000,,Miehikkälä,,,,,,,,
FI_00000608,11146,11146,2024-07-02,60.65688838242908,27.90019461609265,12.0,,,720.0,,35.0,6.3,12.0,5.0,5.3,,61.0,6.7,8.75,22.7,720.0,,35.0,6.3,0.6,Urpalanj Muurik 002 3000,,Miehikkälä,,,,,,,,,FI_00000518,11146,2023-04-04,60.65688838242908,27.90019461609265,3.1,,,1500.0,,32.0,7.2,S2_FI_00000518,2024-07-01,1,98.935711,37.9788965147341,171.692821542258,,,34VEN,S2B_MSIL2A_20240701T100559_R022_T34VEN_20240702T000046,3.1,7.0,11.5,,80.0,6.3,1.95,0.6,1500.0,,32.0,7.2,0.7,Urpalanj Muurik 002 3000,,Miehikkälä,,,,,,,,
FI_00000609,11146,11146,2024-07-02,60.65688838242908,27.90019461609265,12.0,,,720.0,,35.0,6.3,12.0,5.0,5.3,,61.0,6.7,8.75,22.7,720.0,,35.0,6.3,0.6,Urpalanj Muurik 002 3000,,Miehikkälä,,,,,,,,,FI_00000518,11146,2023-04-04,60.65688838242908,27.90019461609265,3.1,,,1500.0,,32.0,7.2,S2_FI_00000518,2024-07-01,1,98.935711,37.9788965147341,171.692821542258,,,34VEN,S2B_MSIL2A_20240701T100559_R022_T34VEN_20240702T000046,3.1,7.0,11.5,,80.0,6.3,1.95,0.6,1500.0,,32.0,7.2,0.7,Urpalanj Muurik 002 3000,,Miehikkälä,,,,,,,,
FI_00000610,11146,11146,2024-07-02,60.65688838242908,27.90019461609265,12.0,,,720.0,,35.0,6.3,12.0,5.0,5.3,,61.0,6.7,8.75,22.7,720.0,,35.0,6.3,0.6,Urpalanj Muurik 002 3000,,Miehikkälä,,,,,,,,,FI_00000518,11146,2023-04-04,60.65688838242908,27.90019461609265,3.1,,,1500.0,,32.0,7.2,S2_FI_00000518,2024-07-01,1,98.935711,37.9788965147341,171.692821542258,,,34VEN,S2B_MSIL2A_20240701T100559_R022_T34VEN_20240702T000046,3.1,7.0,11.5,,80.0,6.3,1.95,0.6,1500.0,,32.0,7.2,0.7,Urpalanj Muurik 002 3000,,Miehikkälä,,,,,,,,
FI_00000611,11146,11146,2024-07-02,60.65688838242908,27.90019461609265,12.0,,,720.0,,35.0,6.3,12.0,5.0,5.3,,61.0,6.7,8.75,22.7,720.0,,35.0,6.3,0.6,Urpalanj Muurik 002 3000,,Miehikkälä,,,,,,,,,FI_00000518,11146,2023-04-04,60.65688838242908,27.90019461609265,3.1,,,1500.0,,32.0,7.2,S2_FI_00000518,2024-07-01,1,98.935711,37.9788965147341,171.692821542258,,,34VEN,S2B_MSIL2A_20240701T100559_R022_T34VEN_20240702T000046,3.1,7.0,11.5,,80.0,6.3,1.95,0.6,1500.0,,32.0,7.2,0.7,Urpalanj Muurik 002 3000,,Miehikkälä,,,,,,,,
FI_00000618,11146,11146,2024-09-03,60.65688838242908,27.90019461609265,9.4,,,550.0,,24.0,2.2,9.4,5.0,6.7,,71.0,6.900000000000001,3.0,18.1,550.0,,24.0,2.2,0.7,Urpalanj Muurik 002 3000,,Miehikkälä,,,,,,,,,FI_00000520,11146,2023-04-04,60.65688838242908,27.90019461609265,3.1,,,1500.0,,32.0,7.2,S2_FI_00000520,2024-09-03,0,46.519426,54.0050812111251,168.515202383156,,,34VEN,S2B_MSIL2A_20240903T094549_R079_T34VEN_20240903T123335,3.1,7.0,11.5,,80.0,6.3,1.95,0.6,1500.0,,32.0,7.2,0.7,Urpalanj Muurik 002 3000,,Miehikkälä,,,,,,,,
FI_00000619,11146,11146,2024-09-03,60.65688838242908,27.90019461609265,9.4,,,550.0,,24.0,2.2,9.4,5.0,6.7,,71.0,6.900000000000001,3.0,18.1,550.0,,24.0,2.2,0.7,Urpalanj Muurik 002 3000,,Miehikkälä,,,,,,,,,FI_00000520,11146,2023-04-04,60.65688838242908,27.90019461609265,3.1,,,1500.0,,32.0,7.2,S2_FI_00000520,2024-09-03,0,46.519426,54.0050812111251,168.515202383156,,,34VEN,S2B_MSIL2A_20240903T094549_R079_T34VEN_20240903T123335,3.1,7.0,11.5,,80.0,6.3,1.95,0.6,1500.0,,32.0,7.2,0.7,Urpalanj Muurik 002 3000,,Miehikkälä,,,,,,,,
FI_00000620,11146,11146,2024-09-03,60.65688838242908,27.90019461609265,9.4,,,550.0,,24.0,2.2,9.4,5.0,6.7,,71.0,6.900000000000001,3.0,18.1,550.0,,24.0,2.2,0.7,Urpalanj Muurik 002 3000,,Miehikkälä,,,,,,,,,FI_00000520,11146,2023-04-04,60.65688838242908,27.90019461609265,3.1,,,1500.0,,32.0,7.2,S2_FI_00000520,2024-09-03,0,46.519426,54.0050812111251,168.515202383156,,,34VEN,S2B_MSIL2A_20240903T094549_R079_T34VEN_20240903T123335,3.1,7.0,11.5,,80.0,6.3,1.95,0.6,1500.0,,32.0,7.2,0.7,Urpalanj Muurik 002 3000,,Miehikkälä,,,,,,,,
FI_00000621,11146,11146,2024-09-03,60.65688838242908,27.90019461609265,9.4,,,550.0,,24.0,2.2,9.4,5.0,6.7,,71.0,6.900000000000001,3.0,18.1,550.0,,24.0,2.2,0.7,Urpalanj Muurik 002 3000,,Miehikkälä,,,,,,,,,FI_00000520,11146,2023-04-04,60.65688838242908,27.90019461609265,3.1,,,1500.0,,32.0,7.2,S2_FI_00000520,2024-09-03,0,46.519426,54.0050812111251,168.515202383156,,,34VEN,S2B_MSIL2A_20240903T094549_R079_T34VEN_20240903T123335,3.1,7.0,11.5,,80.0,6.3,1.95,0.6,1500.0,,32.0,7.2,0.7,Urpalanj Muurik 002 3000,,Miehikkälä,,,,,,,,
FI_00000622,11146,11146,2024-09-03,60.65688838242908,27.90019461609265,9.4,,,550.0,,24.0,2.2,9.4,5.0,6.7,,71.0,6.900000000000001,3.0,18.1,550.0,,24.0,2.2,0.7,Urpalanj Muurik 002 3000,,Miehikkälä,,,,,,,,,FI_00000520,11146,2023-04-04,60.65688838242908,27.90019461609265,3.1,,,1500.0,,32.0,7.2,S2_FI_00000520,2024-09-03,0,46.519426,54.0050812111251,168.515202383156,,,34VEN,S2B_MSIL2A_20240903T094549_R079_T34VEN_20240903T123335,3.1,7.0,11.5,,80.0,6.3,1.95,0.6,1500.0,,32.0,7.2,0.7,Urpalanj Muurik 002 3000,,Miehikkälä,,,,,,,,
FI_00000623,11146,11146,2024-09-03,60.65688838242908,27.90019461609265,9.4,,,550.0,,24.0,2.2,9.4,5.0,6.7,,71.0,6.900000000000001,3.0,18.1,550.0,,24.0,2.2,0.7,Urpalanj Muurik 002 3000,,Miehikkälä,,,,,,,,,FI_00000520,11146,2023-04-04,60.65688838242908,27.90019461609265,3.1,,,1500.0,,32.0,7.2,S2_FI_00000520,2024-09-03,0,46.519426,54.0050812111251,168.515202383156,,,34VEN,S2B_MSIL2A_20240903T094549_R079_T34VEN_20240903T123335,3.1,7.0,11.5,,80.0,6.3,1.95,0.6,1500.0,,32.0,7.2,0.7,Urpalanj Muurik 002 3000,,Miehikkälä,,,,,,,,
FI_00000624,11146,11146,2024-10-01,60.65688838242908,27.90019461609265,7.599999999999999,,,570.0,,29.0,5.0,7.599999999999999,5.1,7.099999999999999,,68.0,6.599999999999999,5.25,13.4,570.0,,29.0,5.0,0.7,Urpalanj Muurik 002 3000,,Miehikkälä,,,,,,,,,FI_00000609,11146,2024-07-02,60.65688838242908,27.90019461609265,12.0,,,720.0,,35.0,6.3,S2_FI_00000609,2024-10-02,1,100.0,67.4125091877877,175.664657347109,,,36VUR,S2A_MSIL2A_20241002T093031_R136_T36VUR_20241002T125105,12.0,5.0,5.3,,61.0,6.7,8.75,22.7,720.0,,35.0,6.3,0.6,Urpalanj Muurik 002 3000,,Miehikkälä,,,,,,,,
FI_00000625,11146,11146,2024-10-01,60.65688838242908,27.90019461609265,7.599999999999999,,,570.0,,29.0,5.0,7.599999999999999,5.1,7.099999999999999,,68.0,6.599999999999999,5.25,13.4,570.0,,29.0,5.0,0.7,Urpalanj Muurik 002 3000,,Miehikkälä,,,,,,,,,FI_00000609,11146,2024-07-02,60.65688838242908,27.90019461609265,12.0,,,720.0,,35.0,6.3,S2_FI_00000609,2024-10-02,1,100.0,67.4125091877877,175.664657347109,,,36VUR,S2A_MSIL2A_20241002T093031_R136_T36VUR_20241002T125105,12.0,5.0,5.3,,61.0,6.7,8.75,22.7,720.0,,35.0,6.3,0.6,Urpalanj Muurik 002 3000,,Miehikkälä,,,,,,,,
FI_00000626,11146,11146,2024-10-01,60.65688838242908,27.90019461609265,7.599999999999999,,,570.0,,29.0,5.0,7.599999999999999,5.1,7.099999999999999,,68.0,6.599999999999999,5.25,13.4,570.0,,29.0,5.0,0.7,Urpalanj Muurik 002 3000,,Miehikkälä,,,,,,,,,FI_00000609,11146,2024-07-02,60.65688838242908,27.90019461609265,12.0,,,720.0,,35.0,6.3,S2_FI_00000609,2024-10-02,1,100.0,67.4125091877877,175.664657347109,,,36VUR,S2A_MSIL2A_20241002T093031_R136_T36VUR_20241002T125105,12.0,5.0,5.3,,61.0,6.7,8.75,22.7,720.0,,35.0,6.3,0.6,Urpalanj Muurik 002 3000,,Miehikkälä,,,,,,,,
FI_00000627,11146,11146,2024-10-01,60.65688838242908,27.90019461609265,7.599999999999999,,,570.0,,29.0,5.0,7.599999999999999,5.1,7.099999999999999,,68.0,6.599999999999999,5.25,13.4,570.0,,29.0,5.0,0.7,Urpalanj Muurik 002 3000,,Miehikkälä,,,,,,,,,FI_00000609,11146,2024-07-02,60.65688838242908,27.90019461609265,12.0,,,720.0,,35.0,6.3,S2_FI_00000609,2024-10-02,1,100.0,67.4125091877877,175.664657347109,,,36VUR,S2A_MSIL2A_20241002T093031_R136_T36VUR_20241002T125105,12.0,5.0,5.3,,61.0,6.7,8.75,22.7,720.0,,35.0,6.3,0.6,Urpalanj Muurik 002 3000,,Miehikkälä,,,,,,,,
FI_00000628,11146,11146,2024-10-01,60.65688838242908,27.90019461609265,7.599999999999999,,,570.0,,29.0,5.0,7.599999999999999,5.1,7.099999999999999,,68.0,6.599999999999999,5.25,13.4,570.0,,29.0,5.0,0.7,Urpalanj Muurik 002 3000,,Miehikkälä,,,,,,,,,FI_00000609,11146,2024-07-02,60.65688838242908,27.90019461609265,12.0,,,720.0,,35.0,6.3,S2_FI_00000609,2024-10-02,1,100.0,67.4125091877877,175.664657347109,,,36VUR,S2A_MSIL2A_20241002T093031_R136_T36VUR_20241002T125105,12.0,5.0,5.3,,61.0,6.7,8.75,22.7,720.0,,35.0,6.3,0.6,Urpalanj Muurik 002 3000,,Miehikkälä,,,,,,,,
FI_00000629,11146,11146,2024-10-01,60.65688838242908,27.90019461609265,7.599999999999999,,,570.0,,29.0,5.0,7.599999999999999,5.1,7.099999999999999,,68.0,6.599999999999999,5.25,13.4,570.0,,29.0,5.0,0.7,Urpalanj Muurik 002 3000,,Miehikkälä,,,,,,,,,FI_00000609,11146,2024-07-02,60.65688838242908,27.90019461609265,12.0,,,720.0,,35.0,6.3,S2_FI_00000609,2024-10-02,1,100.0,67.4125091877877,175.664657347109,,,36VUR,S2A_MSIL2A_20241002T093031_R136_T36VUR_20241002T125105,12.0,5.0,5.3,,61.0,6.7,8.75,22.7,720.0,,35.0,6.3,0.6,Urpalanj Muurik 002 3000,,Miehikkälä,,,,,,,,
FI_00000630,11146,11146,2024-11-06,60.65688838242908,27.90019461609265,,,,580.0,,24.0,4.1,,5.400000000000001,10.2,,77.0,6.599999999999999,4.75,3.4,580.0,,24.0,4.1,0.7,Urpalanj Muurik 002 3000,,Miehikkälä,,,,,,,,,FI_00000566,11146,2023-12-12,60.65688838242908,27.90019461609265,,,,1400.0,,35.0,4.9,S2_FI_00000566,2024-11-05,1,97.294939,82.137605294287,182.736736733073,,,35WNP,S2B_MSIL2A_20241105T100109_R122_T35WNP_20241105T111000,,6.5,5.599999999999999,,39.0,6.400000000000001,3.2,0.5,1400.0,,35.0,4.9,0.7,Urpalanj Muurik 002 3000,,Miehikkälä,,,,,,,,
FI_00000631,11146,11146,2024-11-06,60.65688838242908,27.90019461609265,,,,580.0,,24.0,4.1,,5.400000000000001,10.2,,77.0,6.599999999999999,4.75,3.4,580.0,,24.0,4.1,0.7,Urpalanj Muurik 002 3000,,Miehikkälä,,,,,,,,,FI_00000566,11146,2023-12-12,60.65688838242908,27.90019461609265,,,,1400.0,,35.0,4.9,S2_FI_00000566,2024-11-05,1,97.294939,82.137605294287,182.736736733073,,,35WNP,S2B_MSIL2A_20241105T100109_R122_T35WNP_20241105T111000,,6.5,5.599999999999999,,39.0,6.400000000000001,3.2,0.5,1400.0,,35.0,4.9,0.7,Urpalanj Muurik 002 3000,,Miehikkälä,,,,,,,,
FI_00000632,11146,11146,2024-11-06,60.65688838242908,27.90019461609265,,,,580.0,,24.0,4.1,,5.400000000000001,10.2,,77.0,6.599999999999999,4.75,3.4,580.0,,24.0,4.1,0.7,Urpalanj Muurik 002 3000,,Miehikkälä,,,,,,,,,FI_00000566,11146,2023-12-12,60.65688838242908,27.90019461609265,,,,1400.0,,35.0,4.9,S2_FI_00000566,2024-11-05,1,97.294939,82.137605294287,182.736736733073,,,35WNP,S2B_MSIL2A_20241105T100109_R122_T35WNP_20241105T111000,,6.5,5.599999999999999,,39.0,6.400000000000001,3.2,0.5,1400.0,,35.0,4.9,0.7,Urpalanj Muurik 002 3000,,Miehikkälä,,,,,,,,
FI_00000633,11146,11146,2024-11-06,60.65688838242908,27.90019461609265,,,,580.0,,24.0,4.1,,5.400000000000001,10.2,,77.0,6.599999999999999,4.75,3.4,580.0,,24.0,4.1,0.7,Urpalanj Muurik 002 3000,,Miehikkälä,,,,,,,,,FI_00000566,11146,2023-12-12,60.65688838242908,27.90019461609265,,,,1400.0,,35.0,4.9,S2_FI_00000566,2024-11-05,1,97.294939,82.137605294287,182.736736733073,,,35WNP,S2B_MSIL2A_20241105T100109_R122_T35WNP_20241105T111000,,6.5,5.599999999999999,,39.0,6.400000000000001,3.2,0.5,1400.0,,35.0,4.9,0.7,Urpalanj Muurik 002 3000,,Miehikkälä,,,,,,,,
FI_00000634,11146,11146,2024-11-06,60.65688838242908,27.90019461609265,,,,580.0,,24.0,4.1,,5.400000000000001,10.2,,77.0,6.599999999999999,4.75,3.4,580.0,,24.0,4.1,0.7,Urpalanj Muurik 002 3000,,Miehikkälä,,,,,,,,,FI_00000566,11146,2023-12-12,60.65688838242908,27.90019461609265,,,,1400.0,,35.0,4.9,S2_FI_00000566,2024-11-05,1,97.294939,82.137605294287,182.736736733073,,,35WNP,S2B_MSIL2A_20241105T100109_R122_T35WNP_20241105T111000,,6.5,5.599999999999999,,39.0,6.400000000000001,3.2,0.5,1400.0,,35.0,4.9,0.7,Urpalanj Muurik 002 3000,,Miehikkälä,,,,,,,,
FI_00000635,11146,11146,2024-11-06,60.65688838242908,27.90019461609265,,,,580.0,,24.0,4.1,,5.400000000000001,10.2,,77.0,6.599999999999999,4.75,3.4,580.0,,24.0,4.1,0.7,Urpalanj Muurik 002 3000,,Miehikkälä,,,,,,,,,FI_00000566,11146,2023-12-12,60.65688838242908,27.90019461609265,,,,1400.0,,35.0,4.9,S2_FI_00000566,2024-11-05,1,97.294939,82.137605294287,182.736736733073,,,35WNP,S2B_MSIL2A_20241105T100109_R122_T35WNP_20241105T111000,,6.5,5.599999999999999,,39.0,6.400000000000001,3.2,0.5,1400.0,,35.0,4.9,0.7,Urpalanj Muurik 002 3000,,Miehikkälä,,,,,,,,
FI_00000642,1229,1229,2023-02-08,60.33564037793927,24.06683532961399,,,,1100.0,,38.0,1.1,,8.7,,,,7.099999999999999,4.4,1.6000000000000003,1100.0,,38.0,1.1,1.0,"Väänteenjoki 0,9  5800",,Lohja,Lohja,River,VHA2,Kymijoen-Suomenlahden vesienhoitoalue,23.031,Hiidenveden la,Keskisuuret savimaiden joet,106.0,FI_00000697,1229,2023-12-07,60.33564037793927,24.06683532961399,,,,840.0,,39.0,10.0,S2_FI_00000697,2023-02-07,1,99.387193,76.4389759647387,171.973761573183,,,34VEN,S2B_MSIL2A_20230207T101109_R022_T34VEN_20240813T003502,,10.0,,,,7.3,3.6,0.6,840.0,,39.0,10.0,0.5,"Väänteenjoki 0,9  5800",,Lohja,Lohja,River,VHA2,Kymijoen-Suomenlahden vesienhoitoalue,23.031,Hiidenveden la,Keskisuuret savimaiden joet,106.0
FI_00000643,1229,1229,2023-02-08,60.33564037793927,24.06683532961399,,,,1100.0,,38.0,1.1,,8.7,,,,7.099999999999999,4.4,1.6000000000000003,1100.0,,38.0,1.1,1.0,"Väänteenjoki 0,9  5800",,Lohja,Lohja,River,VHA2,Kymijoen-Suomenlahden vesienhoitoalue,23.031,Hiidenveden la,Keskisuuret savimaiden joet,106.0,FI_00000697,1229,2023-12-07,60.33564037793927,24.06683532961399,,,,840.0,,39.0,10.0,S2_FI_00000697,2023-02-07,1,99.387193,76.4389759647387,171.973761573183,,,34VEN,S2B_MSIL2A_20230207T101109_R022_T34VEN_20240813T003502,,10.0,,,,7.3,3.6,0.6,840.0,,39.0,10.0,0.5,"Väänteenjoki 0,9  5800",,Lohja,Lohja,River,VHA2,Kymijoen-Suomenlahden vesienhoitoalue,23.031,Hiidenveden la,Keskisuuret savimaiden joet,106.0
FI_00000644,1229,1229,2023-02-08,60.33564037793927,24.06683532961399,,,,1100.0,,38.0,1.1,,8.7,,,,7.099999999999999,4.4,1.6000000000000003,1100.0,,38.0,1.1,1.0,"Väänteenjoki 0,9  5800",,Lohja,Lohja,River,VHA2,Kymijoen-Suomenlahden vesienhoitoalue,23.031,Hiidenveden la,Keskisuuret savimaiden joet,106.0,FI_00000697,1229,2023-12-07,60.33564037793927,24.06683532961399,,,,840.0,,39.0,10.0,S2_FI_00000697,2023-02-07,1,99.387193,76.4389759647387,171.973761573183,,,34VEN,S2B_MSIL2A_20230207T101109_R022_T34VEN_20240813T003502,,10.0,,,,7.3,3.6,0.6,840.0,,39.0,10.0,0.5,"Väänteenjoki 0,9  5800",,Lohja,Lohja,River,VHA2,Kymijoen-Suomenlahden vesienhoitoalue,23.031,Hiidenveden la,Keskisuuret savimaiden joet,106.0
FI_00000645,1229,1229,2023-02-08,60.33564037793927,24.06683532961399,,,,1100.0,,38.0,1.1,,8.7,,,,7.099999999999999,4.4,1.6000000000000003,1100.0,,38.0,1.1,1.0,"Väänteenjoki 0,9  5800",,Lohja,Lohja,River,VHA2,Kymijoen-Suomenlahden vesienhoitoalue,23.031,Hiidenveden la,Keskisuuret savimaiden joet,106.0,FI_00000697,1229,2023-12-07,60.33564037793927,24.06683532961399,,,,840.0,,39.0,10.0,S2_FI_00000697,2023-02-07,1,99.387193,76.4389759647387,171.973761573183,,,34VEN,S2B_MSIL2A_20230207T101109_R022_T34VEN_20240813T003502,,10.0,,,,7.3,3.6,0.6,840.0,,39.0,10.0,0.5,"Väänteenjoki 0,9  5800",,Lohja,Lohja,River,VHA2,Kymijoen-Suomenlahden vesienhoitoalue,23.031,Hiidenveden la,Keskisuuret savimaiden joet,106.0
FI_00000646,1229,1229,2023-02-08,60.33564037793927,24.06683532961399,,,,1100.0,,38.0,1.1,,8.7,,,,7.099999999999999,4.4,1.6000000000000003,1100.0,,38.0,1.1,1.0,"Väänteenjoki 0,9  5800",,Lohja,Lohja,River,VHA2,Kymijoen-Suomenlahden vesienhoitoalue,23.031,Hiidenveden la,Keskisuuret savimaiden joet,106.0,FI_00000697,1229,2023-12-07,60.33564037793927,24.06683532961399,,,,840.0,,39.0,10.0,S2_FI_00000697,2023-02-07,1,99.387193,76.4389759647387,171.973761573183,,,34VEN,S2B_MSIL2A_20230207T101109_R022_T34VEN_20240813T003502,,10.0,,,,7.3,3.6,0.6,840.0,,39.0,10.0,0.5,"Väänteenjoki 0,9  5800",,Lohja,Lohja,River,VHA2,Kymijoen-Suomenlahden vesienhoitoalue,23.031,Hiidenveden la,Keskisuuret savimaiden joet,106.0
FI_00000647,1229,1229,2023-02-08,60.33564037793927,24.06683532961399,,,,1100.0,,38.0,1.1,,8.7,,,,7.099999999999999,4.4,1.6000000000000003,1100.0,,38.0,1.1,1.0,"Väänteenjoki 0,9  5800",,Lohja,Lohja,River,VHA2,Kymijoen-Suomenlahden vesienhoitoalue,23.031,Hiidenveden la,Keskisuuret savimaiden joet,106.0,FI_00000697,1229,2023-12-07,60.33564037793927,24.06683532961399,,,,840.0,,39.0,10.0,S2_FI_00000697,2023-02-07,1,99.387193,76.4389759647387,171.973761573183,,,34VEN,S2B_MSIL2A_20230207T101109_R022_T34VEN_20240813T003502,,10.0,,,,7.3,3.6,0.6,840.0,,39.0,10.0,0.5,"Väänteenjoki 0,9  5800",,Lohja,Lohja,River,VHA2,Kymijoen-Suomenlahden vesienhoitoalue,23.031,Hiidenveden la,Keskisuuret savimaiden joet,106.0
FI_00000648,1229,1229,2023-03-22,60.33564037793927,24.06683532961399,,,,1100.0,,34.0,8.6,,9.0,,,,7.0,3.2000000000000006,1.7,1100.0,,34.0,8.6,0.5,"Väänteenjoki 0,9  5800",,Lohja,Lohja,River,VHA2,Kymijoen-Suomenlahden vesienhoitoalue,23.031,Hiidenveden la,Keskisuuret savimaiden joet,106.0,FI_00000642,1229,2023-02-08,60.33564037793927,24.06683532961399,,,,1100.0,,38.0,1.1,S2_FI_00000642,2023-03-23,1,94.224054,60.0892671666393,171.816267726032,,,35VMH,S2B_MSIL2A_20230323T095029_R079_T35VMH_20240830T065439,,8.7,,,,7.099999999999999,4.4,1.6000000000000003,1100.0,,38.0,1.1,1.0,"Väänteenjoki 0,9  5800",,Lohja,Lohja,River,VHA2,Kymijoen-Suomenlahden vesienhoitoalue,23.031,Hiidenveden la,Keskisuuret savimaiden joet,106.0
FI_00000649,1229,1229,2023-03-22,60.33564037793927,24.06683532961399,,,,1100.0,,34.0,8.6,,9.0,,,,7.0,3.2000000000000006,1.7,1100.0,,34.0,8.6,0.5,"Väänteenjoki 0,9  5800",,Lohja,Lohja,River,VHA2,Kymijoen-Suomenlahden vesienhoitoalue,23.031,Hiidenveden la,Keskisuuret savimaiden joet,106.0,FI_00000642,1229,2023-02-08,60.33564037793927,24.06683532961399,,,,1100.0,,38.0,1.1,S2_FI_00000642,2023-03-23,1,94.224054,60.0892671666393,171.816267726032,,,35VMH,S2B_MSIL2A_20230323T095029_R079_T35VMH_20240830T065439,,8.7,,,,7.099999999999999,4.4,1.6000000000000003,1100.0,,38.0,1.1,1.0,"Väänteenjoki 0,9  5800",,Lohja,Lohja,River,VHA2,Kymijoen-Suomenlahden vesienhoitoalue,23.031,Hiidenveden la,Keskisuuret savimaiden joet,106.0
FI_00000650,1229,1229,2023-03-22,60.33564037793927,24.06683532961399,,,,1100.0,,34.0,8.6,,9.0,,,,7.0,3.2000000000000006,1.7,1100.0,,34.0,8.6,0.5,"Väänteenjoki 0,9  5800",,Lohja,Lohja,River,VHA2,Kymijoen-Suomenlahden vesienhoitoalue,23.031,Hiidenveden la,Keskisuuret savimaiden joet,106.0,FI_00000642,1229,2023-02-08,60.33564037793927,24.06683532961399,,,,1100.0,,38.0,1.1,S2_FI_00000642,2023-03-23,1,94.224054,60.0892671666393,171.816267726032,,,35VMH,S2B_MSIL2A_20230323T095029_R079_T35VMH_20240830T065439,,8.7,,,,7.099999999999999,4.4,1.6000000000000003,1100.0,,38.0,1.1,1.0,"Väänteenjoki 0,9  5800",,Lohja,Lohja,River,VHA2,Kymijoen-Suomenlahden vesienhoitoalue,23.031,Hiidenveden la,Keskisuuret savimaiden joet,106.0
FI_00000651,1229,1229,2023-03-22,60.33564037793927,24.06683532961399,,,,1100.0,,34.0,8.6,,9.0,,,,7.0,3.2000000000000006,1.7,1100.0,,34.0,8.6,0.5,"Väänteenjoki 0,9  5800",,Lohja,Lohja,River,VHA2,Kymijoen-Suomenlahden vesienhoitoalue,23.031,Hiidenveden la,Keskisuuret savimaiden joet,106.0,FI_00000642,1229,2023-02-08,60.33564037793927,24.06683532961399,,,,1100.0,,38.0,1.1,S2_FI_00000642,2023-03-23,1,94.224054,60.0892671666393,171.816267726032,,,35VMH,S2B_MSIL2A_20230323T095029_R079_T35VMH_20240830T065439,,8.7,,,,7.099999999999999,4.4,1.6000000000000003,1100.0,,38.0,1.1,1.0,"Väänteenjoki 0,9  5800",,Lohja,Lohja,River,VHA2,Kymijoen-Suomenlahden vesienhoitoalue,23.031,Hiidenveden la,Keskisuuret savimaiden joet,106.0
FI_00000652,1229,1229,2023-03-22,60.33564037793927,24.06683532961399,,,,1100.0,,34.0,8.6,,9.0,,,,7.0,3.2000000000000006,1.7,1100.0,,34.0,8.6,0.5,"Väänteenjoki 0,9  5800",,Lohja,Lohja,River,VHA2,Kymijoen-Suomenlahden vesienhoitoalue,23.031,Hiidenveden la,Keskisuuret savimaiden joet,106.0,FI_00000642,1229,2023-02-08,60.33564037793927,24.06683532961399,,,,1100.0,,38.0,1.1,S2_FI_00000642,2023-03-23,1,94.224054,60.0892671666393,171.816267726032,,,35VMH,S2B_MSIL2A_20230323T095029_R079_T35VMH_20240830T065439,,8.7,,,,7.099999999999999,4.4,1.6000000000000003,1100.0,,38.0,1.1,1.0,"Väänteenjoki 0,9  5800",,Lohja,Lohja,River,VHA2,Kymijoen-Suomenlahden vesienhoitoalue,23.031,Hiidenveden la,Keskisuuret savimaiden joet,106.0
FI_00000653,1229,1229,2023-03-22,60.33564037793927,24.06683532961399,,,,1100.0,,34.0,8.6,,9.0,,,,7.0,3.2000000000000006,1.7,1100.0,,34.0,8.6,0.5,"Väänteenjoki 0,9  5800",,Lohja,Lohja,River,VHA2,Kymijoen-Suomenlahden vesienhoitoalue,23.031,Hiidenveden la,Keskisuuret savimaiden joet,106.0,FI_00000642,1229,2023-02-08,60.33564037793927,24.06683532961399,,,,1100.0,,38.0,1.1,S2_FI_00000642,2023-03-23,1,94.224054,60.0892671666393,171.816267726032,,,35VMH,S2B_MSIL2A_20230323T095029_R079_T35VMH_20240830T065439,,8.7,,,,7.099999999999999,4.4,1.6000000000000003,1100.0,,38.0,1.1,1.0,"Väänteenjoki 0,9  5800",,Lohja,Lohja,River,VHA2,Kymijoen-Suomenlahden vesienhoitoalue,23.031,Hiidenveden la,Keskisuuret savimaiden joet,106.0
FI_00000660,1229,1229,2023-05-09,60.33564037793927,24.06683532961399,,,,920.0,,39.0,12.0,,9.1,,,,7.400000000000001,9.8,8.6,920.0,,39.0,12.0,0.5,"Väänteenjoki 0,9  5800",,Lohja,Lohja,River,VHA2,Kymijoen-Suomenlahden vesienhoitoalue,23.031,Hiidenveden la,Keskisuuret savimaiden joet,106.0,FI_00000661,1229,2023-05-09,60.33564037793927,24.06683532961399,,,,920.0,,39.0,12.0,S2_FI_00000661,2023-05-09,0,72.237957,47.2271516066966,173.078920649601,,,35WNM,S2B_MSIL2A_20230509T093549_R036_T35WNM_20230509T141250,,9.1,,,,7.400000000000001,9.8,8.6,920.0,,39.0,12.0,0.5,"Väänteenjoki 0,9  5800",,Lohja,Lohja,River,VHA2,Kymijoen-Suomenlahden vesienhoitoalue,23.031,Hiidenveden la,Keskisuuret savimaiden joet,106.0
FI_00000661,1229,1229,2023-05-09,60.33564037793927,24.06683532961399,,,,920.0,,39.0,12.0,,9.1,,,,7.400000000000001,9.8,8.6,920.0,,39.0,12.0,0.5,"Väänteenjoki 0,9  5800",,Lohja,Lohja,River,VHA2,Kymijoen-Suomenlahden vesienhoitoalue,23.031,Hiidenveden la,Keskisuuret savimaiden joet,106.0,FI_00000661,1229,2023-05-09,60.33564037793927,24.06683532961399,,,,920.0,,39.0,12.0,S2_FI_00000661,2023-05-09,0,72.237957,47.2271516066966,173.078920649601,,,35WNM,S2B_MSIL2A_20230509T093549_R036_T35WNM_20230509T141250,,9.1,,,,7.400000000000001,9.8,8.6,920.0,,39.0,12.0,0.5,"Väänteenjoki 0,9  5800",,Lohja,Lohja,River,VHA2,Kymijoen-Suomenlahden vesienhoitoalue,23.031,Hiidenveden la,Keskisuuret savimaiden joet,106.0
FI_00000662,1229,1229,2023-05-09,60.33564037793927,24.06683532961399,,,,920.0,,39.0,12.0,,9.1,,,,7.400000000000001,9.8,8.6,920.0,,39.0,12.0,0.5,"Väänteenjoki 0,9  5800",,Lohja,Lohja,River,VHA2,Kymijoen-Suomenlahden vesienhoitoalue,23.031,Hiidenveden la,Keskisuuret savimaiden joet,106.0,FI_00000661,1229,2023-05-09,60.33564037793927,24.06683532961399,,,,920.0,,39.0,12.0,S2_FI_00000661,2023-05-09,0,72.237957,47.2271516066966,173.078920649601,,,35WNM,S2B_MSIL2A_20230509T093549_R036_T35WNM_20230509T141250,,9.1,,,,7.400000000000001,9.8,8.6,920.0,,39.0,12.0,0.5,"Väänteenjoki 0,9  5800",,Lohja,Lohja,River,VHA2,Kymijoen-Suomenlahden vesienhoitoalue,23.031,Hiidenveden la,Keskisuuret savimaiden joet,106.0
FI_00000663,1229,1229,2023-05-09,60.33564037793927,24.06683532961399,,,,920.0,,39.0,12.0,,9.1,,,,7.400000000000001,9.8,8.6,920.0,,39.0,12.0,0.5,"Väänteenjoki 0,9  5800",,Lohja,Lohja,River,VHA2,Kymijoen-Suomenlahden vesienhoitoalue,23.031,Hiidenveden la,Keskisuuret savimaiden joet,106.0,FI_00000661,1229,2023-05-09,60.33564037793927,24.06683532961399,,,,920.0,,39.0,12.0,S2_FI_00000661,2023-05-09,0,72.237957,47.2271516066966,173.078920649601,,,35WNM,S2B_MSIL2A_20230509T093549_R036_T35WNM_20230509T141250,,9.1,,,,7.400000000000001,9.8,8.6,920.0,,39.0,12.0,0.5,"Väänteenjoki 0,9  5800",,Lohja,Lohja,River,VHA2,Kymijoen-Suomenlahden vesienhoitoalue,23.031,Hiidenveden la,Keskisuuret savimaiden joet,106.0
FI_00000664,1229,1229,2023-05-09,60.33564037793927,24.06683532961399,,,,920.0,,39.0,12.0,,9.1,,,,7.400000000000001,9.8,8.6,920.0,,39.0,12.0,0.5,"Väänteenjoki 0,9  5800",,Lohja,Lohja,River,VHA2,Kymijoen-Suomenlahden vesienhoitoalue,23.031,Hiidenveden la,Keskisuuret savimaiden joet,106.0,FI_00000661,1229,2023-05-09,60.33564037793927,24.06683532961399,,,,920.0,,39.0,12.0,S2_FI_00000661,2023-05-09,0,72.237957,47.2271516066966,173.078920649601,,,35WNM,S2B_MSIL2A_20230509T093549_R036_T35WNM_20230509T141250,,9.1,,,,7.400000000000001,9.8,8.6,920.0,,39.0,12.0,0.5,"Väänteenjoki 0,9  5800",,Lohja,Lohja,River,VHA2,Kymijoen-Suomenlahden vesienhoitoalue,23.031,Hiidenveden la,Keskisuuret savimaiden joet,106.0
FI_00000665,1229,1229,2023-05-09,60.33564037793927,24.06683532961399,,,,920.0,,39.0,12.0,,9.1,,,,7.400000000000001,9.8,8.6,920.0,,39.0,12.0,0.5,"Väänteenjoki 0,9  5800",,Lohja,Lohja,River,VHA2,Kymijoen-Suomenlahden vesienhoitoalue,23.031,Hiidenveden la,Keskisuuret savimaiden joet,106.0,FI_00000661,1229,2023-05-09,60.33564037793927,24.06683532961399,,,,920.0,,39.0,12.0,S2_FI_00000661,2023-05-09,0,72.237957,47.2271516066966,173.078920649601,,,35WNM,S2B_MSIL2A_20230509T093549_R036_T35WNM_20230509T141250,,9.1,,,,7.400000000000001,9.8,8.6,920.0,,39.0,12.0,0.5,"Väänteenjoki 0,9  5800",,Lohja,Lohja,River,VHA2,Kymijoen-Suomenlahden vesienhoitoalue,23.031,Hiidenveden la,Keskisuuret savimaiden joet,106.0
FI_00000672,1229,1229,2023-08-30,60.33564037793927,24.06683532961399,,,,530.0,,33.0,10.0,,9.4,,,,7.3,11.0,17.9,530.0,,33.0,10.0,0.5,"Väänteenjoki 0,9  5800",,Lohja,Lohja,River,VHA2,Kymijoen-Suomenlahden vesienhoitoalue,23.031,Hiidenveden la,Keskisuuret savimaiden joet,106.0,FI_00000645,1229,2023-02-08,60.33564037793927,24.06683532961399,,,,1100.0,,38.0,1.1,S2_FI_00000645,2023-08-30,0,99.995023,51.9904308555791,172.974737919354,,,35VMH,S2B_MSIL2A_20230830T094549_R079_T35VMH_20241022T104510,,8.7,,,,7.099999999999999,4.4,1.6000000000000003,1100.0,,38.0,1.1,1.0,"Väänteenjoki 0,9  5800",,Lohja,Lohja,River,VHA2,Kymijoen-Suomenlahden vesienhoitoalue,23.031,Hiidenveden la,Keskisuuret savimaiden joet,106.0
FI_00000673,1229,1229,2023-08-30,60.33564037793927,24.06683532961399,,,,530.0,,33.0,10.0,,9.4,,,,7.3,11.0,17.9,530.0,,33.0,10.0,0.5,"Väänteenjoki 0,9  5800",,Lohja,Lohja,River,VHA2,Kymijoen-Suomenlahden vesienhoitoalue,23.031,Hiidenveden la,Keskisuuret savimaiden joet,106.0,FI_00000645,1229,2023-02-08,60.33564037793927,24.06683532961399,,,,1100.0,,38.0,1.1,S2_FI_00000645,2023-08-30,0,99.995023,51.9904308555791,172.974737919354,,,35VMH,S2B_MSIL2A_20230830T094549_R079_T35VMH_20241022T104510,,8.7,,,,7.099999999999999,4.4,1.6000000000000003,1100.0,,38.0,1.1,1.0,"Väänteenjoki 0,9  5800",,Lohja,Lohja,River,VHA2,Kymijoen-Suomenlahden vesienhoitoalue,23.031,Hiidenveden la,Keskisuuret savimaiden joet,106.0
FI_00000674,1229,1229,2023-08-30,60.33564037793927,24.06683532961399,,,,530.0,,33.0,10.0,,9.4,,,,7.3,11.0,17.9,530.0,,33.0,10.0,0.5,"Väänteenjoki 0,9  5800",,Lohja,Lohja,River,VHA2,Kymijoen-Suomenlahden vesienhoitoalue,23.031,Hiidenveden la,Keskisuuret savimaiden joet,106.0,FI_00000645,1229,2023-02-08,60.33564037793927,24.06683532961399,,,,1100.0,,38.0,1.1,S2_FI_00000645,2023-08-30,0,99.995023,51.9904308555791,172.974737919354,,,35VMH,S2B_MSIL2A_20230830T094549_R079_T35VMH_20241022T104510,,8.7,,,,7.099999999999999,4.4,1.6000000000000003,1100.0,,38.0,1.1,1.0,"Väänteenjoki 0,9  5800",,Lohja,Lohja,River,VHA2,Kymijoen-Suomenlahden vesienhoitoalue,23.031,Hiidenveden la,Keskisuuret savimaiden joet,106.0
FI_00000675,1229,1229,2023-08-30,60.33564037793927,24.06683532961399,,,,530.0,,33.0,10.0,,9.4,,,,7.3,11.0,17.9,530.0,,33.0,10.0,0.5,"Väänteenjoki 0,9  5800",,Lohja,Lohja,River,VHA2,Kymijoen-Suomenlahden vesienhoitoalue,23.031,Hiidenveden la,Keskisuuret savimaiden joet,106.0,FI_00000645,1229,2023-02-08,60.33564037793927,24.06683532961399,,,,1100.0,,38.0,1.1,S2_FI_00000645,2023-08-30,0,99.995023,51.9904308555791,172.974737919354,,,35VMH,S2B_MSIL2A_20230830T094549_R079_T35VMH_20241022T104510,,8.7,,,,7.099999999999999,4.4,1.6000000000000003,1100.0,,38.0,1.1,1.0,"Väänteenjoki 0,9  5800",,Lohja,Lohja,River,VHA2,Kymijoen-Suomenlahden vesienhoitoalue,23.031,Hiidenveden la,Keskisuuret savimaiden joet,106.0
FI_00000676,1229,1229,2023-08-30,60.33564037793927,24.06683532961399,,,,530.0,,33.0,10.0,,9.4,,,,7.3,11.0,17.9,530.0,,33.0,10.0,0.5,"Väänteenjoki 0,9  5800",,Lohja,Lohja,River,VHA2,Kymijoen-Suomenlahden vesienhoitoalue,23.031,Hiidenveden la,Keskisuuret savimaiden joet,106.0,FI_00000645,1229,2023-02-08,60.33564037793927,24.06683532961399,,,,1100.0,,38.0,1.1,S2_FI_00000645,2023-08-30,0,99.995023,51.9904308555791,172.974737919354,,,35VMH,S2B_MSIL2A_20230830T094549_R079_T35VMH_20241022T104510,,8.7,,,,7.099999999999999,4.4,1.6000000000000003,1100.0,,38.0,1.1,1.0,"Väänteenjoki 0,9  5800",,Lohja,Lohja,River,VHA2,Kymijoen-Suomenlahden vesienhoitoalue,23.031,Hiidenveden la,Keskisuuret savimaiden joet,106.0
FI_00000677,1229,1229,2023-08-30,60.33564037793927,24.06683532961399,,,,530.0,,33.0,10.0,,9.4,,,,7.3,11.0,17.9,530.0,,33.0,10.0,0.5,"Väänteenjoki 0,9  5800",,Lohja,Lohja,River,VHA2,Kymijoen-Suomenlahden vesienhoitoalue,23.031,Hiidenveden la,Keskisuuret savimaiden joet,106.0,FI_00000645,1229,2023-02-08,60.33564037793927,24.06683532961399,,,,1100.0,,38.0,1.1,S2_FI_00000645,2023-08-30,0,99.995023,51.9904308555791,172.974737919354,,,35VMH,S2B_MSIL2A_20230830T094549_R079_T35VMH_20241022T104510,,8.7,,,,7.099999999999999,4.4,1.6000000000000003,1100.0,,38.0,1.1,1.0,"Väänteenjoki 0,9  5800",,Lohja,Lohja,River,VHA2,Kymijoen-Suomenlahden vesienhoitoalue,23.031,Hiidenveden la,Keskisuuret savimaiden joet,106.0
FI_00000708,1229,1229,2024-03-06,60.33564037793927,24.06683532961399,,,,930.0,,35.0,8.3,,10.0,,,,7.099999999999999,2.3,1.3,930.0,,35.0,8.3,1.0,"Väänteenjoki 0,9  5800",,Lohja,Lohja,River,VHA2,Kymijoen-Suomenlahden vesienhoitoalue,23.031,Hiidenveden la,Keskisuuret savimaiden joet,106.0,FI_00000711,1229,2024-03-06,60.33564037793927,24.06683532961399,,,,930.0,,35.0,8.3,S2_FI_00000711,2024-03-05,1,0.675411,67.0719505922577,169.300712305185,,,34VEN,S2A_MSIL2A_20240305T100031_R122_T34VEN_20240305T140836,,10.0,,,,7.099999999999999,2.3,1.3,930.0,,35.0,8.3,1.0,"Väänteenjoki 0,9  5800",,Lohja,Lohja,River,VHA2,Kymijoen-Suomenlahden vesienhoitoalue,23.031,Hiidenveden la,Keskisuuret savimaiden joet,106.0
FI_00000709,1229,1229,2024-03-06,60.33564037793927,24.06683532961399,,,,930.0,,35.0,8.3,,10.0,,,,7.099999999999999,2.3,1.3,930.0,,35.0,8.3,1.0,"Väänteenjoki 0,9  5800",,Lohja,Lohja,River,VHA2,Kymijoen-Suomenlahden vesienhoitoalue,23.031,Hiidenveden la,Keskisuuret savimaiden joet,106.0,FI_00000711,1229,2024-03-06,60.33564037793927,24.06683532961399,,,,930.0,,35.0,8.3,S2_FI_00000711,2024-03-05,1,0.675411,67.0719505922577,169.300712305185,,,34VEN,S2A_MSIL2A_20240305T100031_R122_T34VEN_20240305T140836,,10.0,,,,7.099999999999999,2.3,1.3,930.0,,35.0,8.3,1.0,"Väänteenjoki 0,9  5800",,Lohja,Lohja,River,VHA2,Kymijoen-Suomenlahden vesienhoitoalue,23.031,Hiidenveden la,Keskisuuret savimaiden joet,106.0
FI_00000710,1229,1229,2024-03-06,60.33564037793927,24.06683532961399,,,,930.0,,35.0,8.3,,10.0,,,,7.099999999999999,2.3,1.3,930.0,,35.0,8.3,1.0,"Väänteenjoki 0,9  5800",,Lohja,Lohja,River,VHA2,Kymijoen-Suomenlahden vesienhoitoalue,23.031,Hiidenveden la,Keskisuuret savimaiden joet,106.0,FI_00000711,1229,2024-03-06,60.33564037793927,24.06683532961399,,,,930.0,,35.0,8.3,S2_FI_00000711,2024-03-05,1,0.675411,67.0719505922577,169.300712305185,,,34VEN,S2A_MSIL2A_20240305T100031_R122_T34VEN_20240305T140836,,10.0,,,,7.099999999999999,2.3,1.3,930.0,,35.0,8.3,1.0,"Väänteenjoki 0,9  5800",,Lohja,Lohja,River,VHA2,Kymijoen-Suomenlahden vesienhoitoalue,23.031,Hiidenveden la,Keskisuuret savimaiden joet,106.0
FI_00000711,1229,1229,2024-03-06,60.33564037793927,24.06683532961399,,,,930.0,,35.0,8.3,,10.0,,,,7.099999999999999,2.3,1.3,930.0,,35.0,8.3,1.0,"Väänteenjoki 0,9  5800",,Lohja,Lohja,River,VHA2,Kymijoen-Suomenlahden vesienhoitoalue,23.031,Hiidenveden la,Keskisuuret savimaiden joet,106.0,FI_00000711,1229,2024-03-06,60.33564037793927,24.06683532961399,,,,930.0,,35.0,8.3,S2_FI_00000711,2024-03-05,1,0.675411,67.0719505922577,169.300712305185,,,34VEN,S2A_MSIL2A_20240305T100031_R122_T34VEN_20240305T140836,,10.0,,,,7.099999999999999,2.3,1.3,930.0,,35.0,8.3,1.0,"Väänteenjoki 0,9  5800",,Lohja,Lohja,River,VHA2,Kymijoen-Suomenlahden vesienhoitoalue,23.031,Hiidenveden la,Keskisuuret savimaiden joet,106.0
FI_00000712,1229,1229,2024-03-06,60.33564037793927,24.06683532961399,,,,930.0,,35.0,8.3,,10.0,,,,7.099999999999999,2.3,1.3,930.0,,35.0,8.3,1.0,"Väänteenjoki 0,9  5800",,Lohja,Lohja,River,VHA2,Kymijoen-Suomenlahden vesienhoitoalue,23.031,Hiidenveden la,Keskisuuret savimaiden joet,106.0,FI_00000711,1229,2024-03-06,60.33564037793927,24.06683532961399,,,,930.0,,35.0,8.3,S2_FI_00000711,2024-03-05,1,0.675411,67.0719505922577,169.300712305185,,,34VEN,S2A_MSIL2A_20240305T100031_R122_T34VEN_20240305T140836,,10.0,,,,7.099999999999999,2.3,1.3,930.0,,35.0,8.3,1.0,"Väänteenjoki 0,9  5800",,Lohja,Lohja,River,VHA2,Kymijoen-Suomenlahden vesienhoitoalue,23.031,Hiidenveden la,Keskisuuret savimaiden joet,106.0
FI_00000713,1229,1229,2024-03-06,60.33564037793927,24.06683532961399,,,,930.0,,35.0,8.3,,10.0,,,,7.099999999999999,2.3,1.3,930.0,,35.0,8.3,1.0,"Väänteenjoki 0,9  5800",,Lohja,Lohja,River,VHA2,Kymijoen-Suomenlahden vesienhoitoalue,23.031,Hiidenveden la,Keskisuuret savimaiden joet,106.0,FI_00000711,1229,2024-03-06,60.33564037793927,24.06683532961399,,,,930.0,,35.0,8.3,S2_FI_00000711,2024-03-05,1,0.675411,67.0719505922577,169.300712305185,,,34VEN,S2A_MSIL2A_20240305T100031_R122_T34VEN_20240305T140836,,10.0,,,,7.099999999999999,2.3,1.3,930.0,,35.0,8.3,1.0,"Väänteenjoki 0,9  5800",,Lohja,Lohja,River,VHA2,Kymijoen-Suomenlahden vesienhoitoalue,23.031,Hiidenveden la,Keskisuuret savimaiden joet,106.0
FI_00000726,1229,1229,2024-06-04,60.33564037793927,24.06683532961399,,,,930.0,,39.0,17.0,,9.6,,,,7.400000000000001,18.0,19.5,930.0,,39.0,17.0,1.0,"Väänteenjoki 0,9  5800",,Lohja,Lohja,River,VHA2,Kymijoen-Suomenlahden vesienhoitoalue,23.031,Hiidenveden la,Keskisuuret savimaiden joet,106.0,FI_00000650,1229,2023-03-22,60.33564037793927,24.06683532961399,,,,1100.0,,34.0,8.6,S2_FI_00000650,2024-06-05,1,12.768275,38.3825713811711,172.448960163137,,,35VMH,S2B_MSIL2A_20240605T094549_R079_T35VMH_20240605T121845,,9.0,,,,7.0,3.2000000000000006,1.7,1100.0,,34.0,8.6,0.5,"Väänteenjoki 0,9  5800",,Lohja,Lohja,River,VHA2,Kymijoen-Suomenlahden vesienhoitoalue,23.031,Hiidenveden la,Keskisuuret savimaiden joet,106.0
FI_00000727,1229,1229,2024-06-04,60.33564037793927,24.06683532961399,,,,930.0,,39.0,17.0,,9.6,,,,7.400000000000001,18.0,19.5,930.0,,39.0,17.0,1.0,"Väänteenjoki 0,9  5800",,Lohja,Lohja,River,VHA2,Kymijoen-Suomenlahden vesienhoitoalue,23.031,Hiidenveden la,Keskisuuret savimaiden joet,106.0,FI_00000650,1229,2023-03-22,60.33564037793927,24.06683532961399,,,,1100.0,,34.0,8.6,S2_FI_00000650,2024-06-05,1,12.768275,38.3825713811711,172.448960163137,,,35VMH,S2B_MSIL2A_20240605T094549_R079_T35VMH_20240605T121845,,9.0,,,,7.0,3.2000000000000006,1.7,1100.0,,34.0,8.6,0.5,"Väänteenjoki 0,9  5800",,Lohja,Lohja,River,VHA2,Kymijoen-Suomenlahden vesienhoitoalue,23.031,Hiidenveden la,Keskisuuret savimaiden joet,106.0
FI_00000728,1229,1229,2024-06-04,60.33564037793927,24.06683532961399,,,,930.0,,39.0,17.0,,9.6,,,,7.400000000000001,18.0,19.5,930.0,,39.0,17.0,1.0,"Väänteenjoki 0,9  5800",,Lohja,Lohja,River,VHA2,Kymijoen-Suomenlahden vesienhoitoalue,23.031,Hiidenveden la,Keskisuuret savimaiden joet,106.0,FI_00000650,1229,2023-03-22,60.33564037793927,24.06683532961399,,,,1100.0,,34.0,8.6,S2_FI_00000650,2024-06-05,1,12.768275,38.3825713811711,172.448960163137,,,35VMH,S2B_MSIL2A_20240605T094549_R079_T35VMH_20240605T121845,,9.0,,,,7.0,3.2000000000000006,1.7,1100.0,,34.0,8.6,0.5,"Väänteenjoki 0,9  5800",,Lohja,Lohja,River,VHA2,Kymijoen-Suomenlahden vesienhoitoalue,23.031,Hiidenveden la,Keskisuuret savimaiden joet,106.0
FI_00000729,1229,1229,2024-06-04,60.33564037793927,24.06683532961399,,,,930.0,,39.0,17.0,,9.6,,,,7.400000000000001,18.0,19.5,930.0,,39.0,17.0,1.0,"Väänteenjoki 0,9  5800",,Lohja,Lohja,River,VHA2,Kymijoen-Suomenlahden vesienhoitoalue,23.031,Hiidenveden la,Keskisuuret savimaiden joet,106.0,FI_00000650,1229,2023-03-22,60.33564037793927,24.06683532961399,,,,1100.0,,34.0,8.6,S2_FI_00000650,2024-06-05,1,12.768275,38.3825713811711,172.448960163137,,,35VMH,S2B_MSIL2A_20240605T094549_R079_T35VMH_20240605T121845,,9.0,,,,7.0,3.2000000000000006,1.7,1100.0,,34.0,8.6,0.5,"Väänteenjoki 0,9  5800",,Lohja,Lohja,River,VHA2,Kymijoen-Suomenlahden vesienhoitoalue,23.031,Hiidenveden la,Keskisuuret savimaiden joet,106.0
FI_00000730,1229,1229,2024-06-04,60.33564037793927,24.06683532961399,,,,930.0,,39.0,17.0,,9.6,,,,7.400000000000001,18.0,19.5,930.0,,39.0,17.0,1.0,"Väänteenjoki 0,9  5800",,Lohja,Lohja,River,VHA2,Kymijoen-Suomenlahden vesienhoitoalue,23.031,Hiidenveden la,Keskisuuret savimaiden joet,106.0,FI_00000650,1229,2023-03-22,60.33564037793927,24.06683532961399,,,,1100.0,,34.0,8.6,S2_FI_00000650,2024-06-05,1,12.768275,38.3825713811711,172.448960163137,,,35VMH,S2B_MSIL2A_20240605T094549_R079_T35VMH_20240605T121845,,9.0,,,,7.0,3.2000000000000006,1.7,1100.0,,34.0,8.6,0.5,"Väänteenjoki 0,9  5800",,Lohja,Lohja,River,VHA2,Kymijoen-Suomenlahden vesienhoitoalue,23.031,Hiidenveden la,Keskisuuret savimaiden joet,106.0
FI_00000731,1229,1229,2024-06-04,60.33564037793927,24.06683532961399,,,,930.0,,39.0,17.0,,9.6,,,,7.400000000000001,18.0,19.5,930.0,,39.0,17.0,1.0,"Väänteenjoki 0,9  5800",,Lohja,Lohja,River,VHA2,Kymijoen-Suomenlahden vesienhoitoalue,23.031,Hiidenveden la,Keskisuuret savimaiden joet,106.0,FI_00000650,1229,2023-03-22,60.33564037793927,24.06683532961399,,,,1100.0,,34.0,8.6,S2_FI_00000650,2024-06-05,1,12.768275,38.3825713811711,172.448960163137,,,35VMH,S2B_MSIL2A_20240605T094549_R079_T35VMH_20240605T121845,,9.0,,,,7.0,3.2000000000000006,1.7,1100.0,,34.0,8.6,0.5,"Väänteenjoki 0,9  5800",,Lohja,Lohja,River,VHA2,Kymijoen-Suomenlahden vesienhoitoalue,23.031,Hiidenveden la,Keskisuuret savimaiden joet,106.0
FI_00000732,1229,1229,2024-08-06,60.33564037793927,24.06683532961399,,,,600.0,,36.0,13.0,,9.3,7.7,,89.0,7.400000000000001,14.0,22.399999999999995,600.0,,36.0,13.0,0.5,"Väänteenjoki 0,9  5800",,Lohja,Lohja,River,VHA2,Kymijoen-Suomenlahden vesienhoitoalue,23.031,Hiidenveden la,Keskisuuret savimaiden joet,106.0,FI_00000745,1229,2024-11-18,60.33564037793927,24.06683532961399,,,,710.0,,37.0,9.3,S2_FI_00000745,2024-08-07,1,0.0,48.2447542615386,176.587718645961,,,35WNM,S2B_MSIL2A_20240807T095549_R122_T35WNM_20240807T132638,,9.6,,,,7.400000000000001,4.2,4.4,710.0,,37.0,9.3,1.0,"Väänteenjoki 0,9  5800",,Lohja,Lohja,River,VHA2,Kymijoen-Suomenlahden vesienhoitoalue,23.031,Hiidenveden la,Keskisuuret savimaiden joet,106.0
FI_00000733,1229,1229,2024-08-06,60.33564037793927,24.06683532961399,,,,600.0,,36.0,13.0,,9.3,7.7,,89.0,7.400000000000001,14.0,22.399999999999995,600.0,,36.0,13.0,0.5,"Väänteenjoki 0,9  5800",,Lohja,Lohja,River,VHA2,Kymijoen-Suomenlahden vesienhoitoalue,23.031,Hiidenveden la,Keskisuuret savimaiden joet,106.0,FI_00000745,1229,2024-11-18,60.33564037793927,24.06683532961399,,,,710.0,,37.0,9.3,S2_FI_00000745,2024-08-07,1,0.0,48.2447542615386,176.587718645961,,,35WNM,S2B_MSIL2A_20240807T095549_R122_T35WNM_20240807T132638,,9.6,,,,7.400000000000001,4.2,4.4,710.0,,37.0,9.3,1.0,"Väänteenjoki 0,9  5800",,Lohja,Lohja,River,VHA2,Kymijoen-Suomenlahden vesienhoitoalue,23.031,Hiidenveden la,Keskisuuret savimaiden joet,106.0
FI_00000734,1229,1229,2024-08-06,60.33564037793927,24.06683532961399,,,,600.0,,36.0,13.0,,9.3,7.7,,89.0,7.400000000000001,14.0,22.399999999999995,600.0,,36.0,13.0,0.5,"Väänteenjoki 0,9  5800",,Lohja,Lohja,River,VHA2,Kymijoen-Suomenlahden vesienhoitoalue,23.031,Hiidenveden la,Keskisuuret savimaiden joet,106.0,FI_00000745,1229,2024-11-18,60.33564037793927,24.06683532961399,,,,710.0,,37.0,9.3,S2_FI_00000745,2024-08-07,1,0.0,48.2447542615386,176.587718645961,,,35WNM,S2B_MSIL2A_20240807T095549_R122_T35WNM_20240807T132638,,9.6,,,,7.400000000000001,4.2,4.4,710.0,,37.0,9.3,1.0,"Väänteenjoki 0,9  5800",,Lohja,Lohja,River,VHA2,Kymijoen-Suomenlahden vesienhoitoalue,23.031,Hiidenveden la,Keskisuuret savimaiden joet,106.0
FI_00000735,1229,1229,2024-08-06,60.33564037793927,24.06683532961399,,,,600.0,,36.0,13.0,,9.3,7.7,,89.0,7.400000000000001,14.0,22.399999999999995,600.0,,36.0,13.0,0.5,"Väänteenjoki 0,9  5800",,Lohja,Lohja,River,VHA2,Kymijoen-Suomenlahden vesienhoitoalue,23.031,Hiidenveden la,Keskisuuret savimaiden joet,106.0,FI_00000745,1229,2024-11-18,60.33564037793927,24.06683532961399,,,,710.0,,37.0,9.3,S2_FI_00000745,2024-08-07,1,0.0,48.2447542615386,176.587718645961,,,35WNM,S2B_MSIL2A_20240807T095549_R122_T35WNM_20240807T132638,,9.6,,,,7.400000000000001,4.2,4.4,710.0,,37.0,9.3,1.0,"Väänteenjoki 0,9  5800",,Lohja,Lohja,River,VHA2,Kymijoen-Suomenlahden vesienhoitoalue,23.031,Hiidenveden la,Keskisuuret savimaiden joet,106.0
FI_00000736,1229,1229,2024-08-06,60.33564037793927,24.06683532961399,,,,600.0,,36.0,13.0,,9.3,7.7,,89.0,7.400000000000001,14.0,22.399999999999995,600.0,,36.0,13.0,0.5,"Väänteenjoki 0,9  5800",,Lohja,Lohja,River,VHA2,Kymijoen-Suomenlahden vesienhoitoalue,23.031,Hiidenveden la,Keskisuuret savimaiden joet,106.0,FI_00000745,1229,2024-11-18,60.33564037793927,24.06683532961399,,,,710.0,,37.0,9.3,S2_FI_00000745,2024-08-07,1,0.0,48.2447542615386,176.587718645961,,,35WNM,S2B_MSIL2A_20240807T095549_R122_T35WNM_20240807T132638,,9.6,,,,7.400000000000001,4.2,4.4,710.0,,37.0,9.3,1.0,"Väänteenjoki 0,9  5800",,Lohja,Lohja,River,VHA2,Kymijoen-Suomenlahden vesienhoitoalue,23.031,Hiidenveden la,Keskisuuret savimaiden joet,106.0
FI_00000737,1229,1229,2024-08-06,60.33564037793927,24.06683532961399,,,,600.0,,36.0,13.0,,9.3,7.7,,89.0,7.400000000000001,14.0,22.399999999999995,600.0,,36.0,13.0,0.5,"Väänteenjoki 0,9  5800",,Lohja,Lohja,River,VHA2,Kymijoen-Suomenlahden vesienhoitoalue,23.031,Hiidenveden la,Keskisuuret savimaiden joet,106.0,FI_00000745,1229,2024-11-18,60.33564037793927,24.06683532961399,,,,710.0,,37.0,9.3,S2_FI_00000745,2024-08-07,1,0.0,48.2447542615386,176.587718645961,,,35WNM,S2B_MSIL2A_20240807T095549_R122_T35WNM_20240807T132638,,9.6,,,,7.400000000000001,4.2,4.4,710.0,,37.0,9.3,1.0,"Väänteenjoki 0,9  5800",,Lohja,Lohja,River,VHA2,Kymijoen-Suomenlahden vesienhoitoalue,23.031,Hiidenveden la,Keskisuuret savimaiden joet,106.0
FI_00000738,1229,1229,2024-10-28,60.33564037793927,24.06683532961399,,,,670.0,,47.0,9.8,,9.5,,,,7.3,6.5,8.4,670.0,,47.0,9.8,1.0,"Väänteenjoki 0,9  5800",,Lohja,Lohja,River,VHA2,Kymijoen-Suomenlahden vesienhoitoalue,23.031,Hiidenveden la,Keskisuuret savimaiden joet,106.0,FI_00000719,1229,2024-04-02,60.33564037793927,24.06683532961399,,,,1100.0,,41.0,12.0,S2_FI_00000719,2024-10-28,0,44.678524,74.3152936006191,174.457002197009,,,34VEN,S2A_MSIL2A_20241028T095121_R079_T34VEN_20241028T124759,,9.5,10.9,,81.0,7.2,6.65,3.2000000000000006,1100.0,,41.0,12.0,1.0,"Väänteenjoki 0,9  5800",,Lohja,Lohja,River,VHA2,Kymijoen-Suomenlahden vesienhoitoalue,23.031,Hiidenveden la,Keskisuuret savimaiden joet,106.0
FI_00000739,1229,1229,2024-10-28,60.33564037793927,24.06683532961399,,,,670.0,,47.0,9.8,,9.5,,,,7.3,6.5,8.4,670.0,,47.0,9.8,1.0,"Väänteenjoki 0,9  5800",,Lohja,Lohja,River,VHA2,Kymijoen-Suomenlahden vesienhoitoalue,23.031,Hiidenveden la,Keskisuuret savimaiden joet,106.0,FI_00000719,1229,2024-04-02,60.33564037793927,24.06683532961399,,,,1100.0,,41.0,12.0,S2_FI_00000719,2024-10-28,0,44.678524,74.3152936006191,174.457002197009,,,34VEN,S2A_MSIL2A_20241028T095121_R079_T34VEN_20241028T124759,,9.5,10.9,,81.0,7.2,6.65,3.2000000000000006,1100.0,,41.0,12.0,1.0,"Väänteenjoki 0,9  5800",,Lohja,Lohja,River,VHA2,Kymijoen-Suomenlahden vesienhoitoalue,23.031,Hiidenveden la,Keskisuuret savimaiden joet,106.0
FI_00000740,1229,1229,2024-10-28,60.33564037793927,24.06683532961399,,,,670.0,,47.0,9.8,,9.5,,,,7.3,6.5,8.4,670.0,,47.0,9.8,1.0,"Väänteenjoki 0,9  5800",,Lohja,Lohja,River,VHA2,Kymijoen-Suomenlahden vesienhoitoalue,23.031,Hiidenveden la,Keskisuuret savimaiden joet,106.0,FI_00000719,1229,2024-04-02,60.33564037793927,24.06683532961399,,,,1100.0,,41.0,12.0,S2_FI_00000719,2024-10-28,0,44.678524,74.3152936006191,174.457002197009,,,34VEN,S2A_MSIL2A_20241028T095121_R079_T34VEN_20241028T124759,,9.5,10.9,,81.0,7.2,6.65,3.2000000000000006,1100.0,,41.0,12.0,1.0,"Väänteenjoki 0,9  5800",,Lohja,Lohja,River,VHA2,Kymijoen-Suomenlahden vesienhoitoalue,23.031,Hiidenveden la,Keskisuuret savimaiden joet,106.0
FI_00000741,1229,1229,2024-10-28,60.33564037793927,24.06683532961399,,,,670.0,,47.0,9.8,,9.5,,,,7.3,6.5,8.4,670.0,,47.0,9.8,1.0,"Väänteenjoki 0,9  5800",,Lohja,Lohja,River,VHA2,Kymijoen-Suomenlahden vesienhoitoalue,23.031,Hiidenveden la,Keskisuuret savimaiden joet,106.0,FI_00000719,1229,2024-04-02,60.33564037793927,24.06683532961399,,,,1100.0,,41.0,12.0,S2_FI_00000719,2024-10-28,0,44.678524,74.3152936006191,174.457002197009,,,34VEN,S2A_MSIL2A_20241028T095121_R079_T34VEN_20241028T124759,,9.5,10.9,,81.0,7.2,6.65,3.2000000000000006,1100.0,,41.0,12.0,1.0,"Väänteenjoki 0,9  5800",,Lohja,Lohja,River,VHA2,Kymijoen-Suomenlahden vesienhoitoalue,23.031,Hiidenveden la,Keskisuuret savimaiden joet,106.0
FI_00000742,1229,1229,2024-10-28,60.33564037793927,24.06683532961399,,,,670.0,,47.0,9.8,,9.5,,,,7.3,6.5,8.4,670.0,,47.0,9.8,1.0,"Väänteenjoki 0,9  5800",,Lohja,Lohja,River,VHA2,Kymijoen-Suomenlahden vesienhoitoalue,23.031,Hiidenveden la,Keskisuuret savimaiden joet,106.0,FI_00000719,1229,2024-04-02,60.33564037793927,24.06683532961399,,,,1100.0,,41.0,12.0,S2_FI_00000719,2024-10-28,0,44.678524,74.3152936006191,174.457002197009,,,34VEN,S2A_MSIL2A_20241028T095121_R079_T34VEN_20241028T124759,,9.5,10.9,,81.0,7.2,6.65,3.2000000000000006,1100.0,,41.0,12.0,1.0,"Väänteenjoki 0,9  5800",,Lohja,Lohja,River,VHA2,Kymijoen-Suomenlahden vesienhoitoalue,23.031,Hiidenveden la,Keskisuuret savimaiden joet,106.0
FI_00000743,1229,1229,2024-10-28,60.33564037793927,24.06683532961399,,,,670.0,,47.0,9.8,,9.5,,,,7.3,6.5,8.4,670.0,,47.0,9.8,1.0,"Väänteenjoki 0,9  5800",,Lohja,Lohja,River,VHA2,Kymijoen-Suomenlahden vesienhoitoalue,23.031,Hiidenveden la,Keskisuuret savimaiden joet,106.0,FI_00000719,1229,2024-04-02,60.33564037793927,24.06683532961399,,,,1100.0,,41.0,12.0,S2_FI_00000719,2024-10-28,0,44.678524,74.3152936006191,174.457002197009,,,34VEN,S2A_MSIL2A_20241028T095121_R079_T34VEN_20241028T124759,,9.5,10.9,,81.0,7.2,6.65,3.2000000000000006,1100.0,,41.0,12.0,1.0,"Väänteenjoki 0,9  5800",,Lohja,Lohja,River,VHA2,Kymijoen-Suomenlahden vesienhoitoalue,23.031,Hiidenveden la,Keskisuuret savimaiden joet,106.0
FI_00000942,1636,Pitkäjärvi,2023-03-14,60.66558908011945,23.292230275876104,,12.0,,1400.0,11.0,49.0,37.0,,9.5,10.6,12.0,73.0,7.0,37.0,0.3,1400.0,11.0,49.0,37.0,0.5,Pajo Hovirinnank.va 6210,Pitkäjärvi,Somero,Somero,River,VHA3,Kokemäenjoen-Saaristomeren-Selkämeren vesienhoitoalue,27.032,Pitkäjärven - Pusulanjärven a,Keskisuuret savimaiden joet,106.0,FI_00000945,Pitkäjärvi,2023-03-14,60.66558908011945,23.292230275876104,,12.0,,1400.0,11.0,49.0,37.0,S2_FI_00000945,2023-03-14,0,99.946731,64.5101991569139,172.332931710427,,,34VEP,S2A_MSIL2A_20230314T101021_R022_T34VEP_20240820T194151,,9.5,10.6,12.0,73.0,7.0,37.0,0.3,1400.0,11.0,49.0,37.0,0.5,Pajo Hovirinnank.va 6210,Pitkäjärvi,Somero,Somero,River,VHA3,Kokemäenjoen-Saaristomeren-Selkämeren vesienhoitoalue,27.032,Pitkäjärven - Pusulanjärven a,Keskisuuret savimaiden joet,106.0
FI_00000943,1636,Pitkäjärvi,2023-03-14,60.66558908011945,23.292230275876104,,12.0,,1400.0,11.0,49.0,37.0,,9.5,10.6,12.0,73.0,7.0,37.0,0.3,1400.0,11.0,49.0,37.0,0.5,Pajo Hovirinnank.va 6210,Pitkäjärvi,Somero,Somero,River,VHA3,Kokemäenjoen-Saaristomeren-Selkämeren vesienhoitoalue,27.032,Pitkäjärven - Pusulanjärven a,Keskisuuret savimaiden joet,106.0,FI_00000945,Pitkäjärvi,2023-03-14,60.66558908011945,23.292230275876104,,12.0,,1400.0,11.0,49.0,37.0,S2_FI_00000945,2023-03-14,0,99.946731,64.5101991569139,172.332931710427,,,34VEP,S2A_MSIL2A_20230314T101021_R022_T34VEP_20240820T194151,,9.5,10.6,12.0,73.0,7.0,37.0,0.3,1400.0,11.0,49.0,37.0,0.5,Pajo Hovirinnank.va 6210,Pitkäjärvi,Somero,Somero,River,VHA3,Kokemäenjoen-Saaristomeren-Selkämeren vesienhoitoalue,27.032,Pitkäjärven - Pusulanjärven a,Keskisuuret savimaiden joet,106.0
FI_00000944,1636,Pitkäjärvi,2023-03-14,60.66558908011945,23.292230275876104,,12.0,,1400.0,11.0,49.0,37.0,,9.5,10.6,12.0,73.0,7.0,37.0,0.3,1400.0,11.0,49.0,37.0,0.5,Pajo Hovirinnank.va 6210,Pitkäjärvi,Somero,Somero,River,VHA3,Kokemäenjoen-Saaristomeren-Selkämeren vesienhoitoalue,27.032,Pitkäjärven - Pusulanjärven a,Keskisuuret savimaiden joet,106.0,FI_00000945,Pitkäjärvi,2023-03-14,60.66558908011945,23.292230275876104,,12.0,,1400.0,11.0,49.0,37.0,S2_FI_00000945,2023-03-14,0,99.946731,64.5101991569139,172.332931710427,,,34VEP,S2A_MSIL2A_20230314T101021_R022_T34VEP_20240820T194151,,9.5,10.6,12.0,73.0,7.0,37.0,0.3,1400.0,11.0,49.0,37.0,0.5,Pajo Hovirinnank.va 6210,Pitkäjärvi,Somero,Somero,River,VHA3,Kokemäenjoen-Saaristomeren-Selkämeren vesienhoitoalue,27.032,Pitkäjärven - Pusulanjärven a,Keskisuuret savimaiden joet,106.0
FI_00000945,1636,Pitkäjärvi,2023-03-14,60.66558908011945,23.292230275876104,,12.0,,1400.0,11.0,49.0,37.0,,9.5,10.6,12.0,73.0,7.0,37.0,0.3,1400.0,11.0,49.0,37.0,0.5,Pajo Hovirinnank.va 6210,Pitkäjärvi,Somero,Somero,River,VHA3,Kokemäenjoen-Saaristomeren-Selkämeren vesienhoitoalue,27.032,Pitkäjärven - Pusulanjärven a,Keskisuuret savimaiden joet,106.0,FI_00000945,Pitkäjärvi,2023-03-14,60.66558908011945,23.292230275876104,,12.0,,1400.0,11.0,49.0,37.0,S2_FI_00000945,2023-03-14,0,99.946731,64.5101991569139,172.332931710427,,,34VEP,S2A_MSIL2A_20230314T101021_R022_T34VEP_20240820T194151,,9.5,10.6,12.0,73.0,7.0,37.0,0.3,1400.0,11.0,49.0,37.0,0.5,Pajo Hovirinnank.va 6210,Pitkäjärvi,Somero,Somero,River,VHA3,Kokemäenjoen-Saaristomeren-Selkämeren vesienhoitoalue,27.032,Pitkäjärven - Pusulanjärven a,Keskisuuret savimaiden joet,106.0
FI_00000946,1636,Pitkäjärvi,2023-03-14,60.66558908011945,23.292230275876104,,12.0,,1400.0,11.0,49.0,37.0,,9.5,10.6,12.0,73.0,7.0,37.0,0.3,1400.0,11.0,49.0,37.0,0.5,Pajo Hovirinnank.va 6210,Pitkäjärvi,Somero,Somero,River,VHA3,Kokemäenjoen-Saaristomeren-Selkämeren vesienhoitoalue,27.032,Pitkäjärven - Pusulanjärven a,Keskisuuret savimaiden joet,106.0,FI_00000945,Pitkäjärvi,2023-03-14,60.66558908011945,23.292230275876104,,12.0,,1400.0,11.0,49.0,37.0,S2_FI_00000945,2023-03-14,0,99.946731,64.5101991569139,172.332931710427,,,34VEP,S2A_MSIL2A_20230314T101021_R022_T34VEP_20240820T194151,,9.5,10.6,12.0,73.0,7.0,37.0,0.3,1400.0,11.0,49.0,37.0,0.5,Pajo Hovirinnank.va 6210,Pitkäjärvi,Somero,Somero,River,VHA3,Kokemäenjoen-Saaristomeren-Selkämeren vesienhoitoalue,27.032,Pitkäjärven - Pusulanjärven a,Keskisuuret savimaiden joet,106.0
FI_00000947,1636,Pitkäjärvi,2023-03-14,60.66558908011945,23.292230275876104,,12.0,,1400.0,11.0,49.0,37.0,,9.5,10.6,12.0,73.0,7.0,37.0,0.3,1400.0,11.0,49.0,37.0,0.5,Pajo Hovirinnank.va 6210,Pitkäjärvi,Somero,Somero,River,VHA3,Kokemäenjoen-Saaristomeren-Selkämeren vesienhoitoalue,27.032,Pitkäjärven - Pusulanjärven a,Keskisuuret savimaiden joet,106.0,FI_00000945,Pitkäjärvi,2023-03-14,60.66558908011945,23.292230275876104,,12.0,,1400.0,11.0,49.0,37.0,S2_FI_00000945,2023-03-14,0,99.946731,64.5101991569139,172.332931710427,,,34VEP,S2A_MSIL2A_20230314T101021_R022_T34VEP_20240820T194151,,9.5,10.6,12.0,73.0,7.0,37.0,0.3,1400.0,11.0,49.0,37.0,0.5,Pajo Hovirinnank.va 6210,Pitkäjärvi,Somero,Somero,River,VHA3,Kokemäenjoen-Saaristomeren-Selkämeren vesienhoitoalue,27.032,Pitkäjärven - Pusulanjärven a,Keskisuuret savimaiden joet,106.0
FI_00000972,1636,Pitkäjärvi,2024-03-12,60.66558908011945,23.292230275876104,,11.0,,1400.0,13.0,85.5,45.0,,11.0,8.6,11.0,60.0,7.2,48.0,0.5,1400.0,13.0,85.5,45.0,1.0,Pajo Hovirinnank.va 6210,Pitkäjärvi,Somero,Somero,River,VHA3,Kokemäenjoen-Saaristomeren-Selkämeren vesienhoitoalue,27.032,Pitkäjärven - Pusulanjärven a,Keskisuuret savimaiden joet,106.0,FI_00000967,Pitkäjärvi,2023-12-12,60.66558908011945,23.292230275876104,,15.0,,1700.0,17.0,91.0,85.0,S2_FI_00000967,2024-03-13,1,100.0,64.6042373761208,172.317850849095,,,34VEP,S2B_MSIL2A_20240313T100709_R022_T34VEP_20240313T134442,,10.0,9.6,15.0,66.0,7.0,84.0,0.4000000000000001,1700.0,17.0,91.0,85.0,1.0,Pajo Hovirinnank.va 6210,Pitkäjärvi,Somero,Somero,River,VHA3,Kokemäenjoen-Saaristomeren-Selkämeren vesienhoitoalue,27.032,Pitkäjärven - Pusulanjärven a,Keskisuuret savimaiden joet,106.0
FI_00000973,1636,Pitkäjärvi,2024-03-12,60.66558908011945,23.292230275876104,,11.0,,1400.0,13.0,85.5,45.0,,11.0,8.6,11.0,60.0,7.2,48.0,0.5,1400.0,13.0,85.5,45.0,1.0,Pajo Hovirinnank.va 6210,Pitkäjärvi,Somero,Somero,River,VHA3,Kokemäenjoen-Saaristomeren-Selkämeren vesienhoitoalue,27.032,Pitkäjärven - Pusulanjärven a,Keskisuuret savimaiden joet,106.0,FI_00000967,Pitkäjärvi,2023-12-12,60.66558908011945,23.292230275876104,,15.0,,1700.0,17.0,91.0,85.0,S2_FI_00000967,2024-03-13,1,100.0,64.6042373761208,172.317850849095,,,34VEP,S2B_MSIL2A_20240313T100709_R022_T34VEP_20240313T134442,,10.0,9.6,15.0,66.0,7.0,84.0,0.4000000000000001,1700.0,17.0,91.0,85.0,1.0,Pajo Hovirinnank.va 6210,Pitkäjärvi,Somero,Somero,River,VHA3,Kokemäenjoen-Saaristomeren-Selkämeren vesienhoitoalue,27.032,Pitkäjärven - Pusulanjärven a,Keskisuuret savimaiden joet,106.0
FI_00000974,1636,Pitkäjärvi,2024-03-12,60.66558908011945,23.292230275876104,,11.0,,1400.0,13.0,85.5,45.0,,11.0,8.6,11.0,60.0,7.2,48.0,0.5,1400.0,13.0,85.5,45.0,1.0,Pajo Hovirinnank.va 6210,Pitkäjärvi,Somero,Somero,River,VHA3,Kokemäenjoen-Saaristomeren-Selkämeren vesienhoitoalue,27.032,Pitkäjärven - Pusulanjärven a,Keskisuuret savimaiden joet,106.0,FI_00000967,Pitkäjärvi,2023-12-12,60.66558908011945,23.292230275876104,,15.0,,1700.0,17.0,91.0,85.0,S2_FI_00000967,2024-03-13,1,100.0,64.6042373761208,172.317850849095,,,34VEP,S2B_MSIL2A_20240313T100709_R022_T34VEP_20240313T134442,,10.0,9.6,15.0,66.0,7.0,84.0,0.4000000000000001,1700.0,17.0,91.0,85.0,1.0,Pajo Hovirinnank.va 6210,Pitkäjärvi,Somero,Somero,River,VHA3,Kokemäenjoen-Saaristomeren-Selkämeren vesienhoitoalue,27.032,Pitkäjärven - Pusulanjärven a,Keskisuuret savimaiden joet,106.0
FI_00000975,1636,Pitkäjärvi,2024-03-12,60.66558908011945,23.292230275876104,,11.0,,1400.0,13.0,85.5,45.0,,11.0,8.6,11.0,60.0,7.2,48.0,0.5,1400.0,13.0,85.5,45.0,1.0,Pajo Hovirinnank.va 6210,Pitkäjärvi,Somero,Somero,River,VHA3,Kokemäenjoen-Saaristomeren-Selkämeren vesienhoitoalue,27.032,Pitkäjärven - Pusulanjärven a,Keskisuuret savimaiden joet,106.0,FI_00000967,Pitkäjärvi,2023-12-12,60.66558908011945,23.292230275876104,,15.0,,1700.0,17.0,91.0,85.0,S2_FI_00000967,2024-03-13,1,100.0,64.6042373761208,172.317850849095,,,34VEP,S2B_MSIL2A_20240313T100709_R022_T34VEP_20240313T134442,,10.0,9.6,15.0,66.0,7.0,84.0,0.4000000000000001,1700.0,17.0,91.0,85.0,1.0,Pajo Hovirinnank.va 6210,Pitkäjärvi,Somero,Somero,River,VHA3,Kokemäenjoen-Saaristomeren-Selkämeren vesienhoitoalue,27.032,Pitkäjärven - Pusulanjärven a,Keskisuuret savimaiden joet,106.0
FI_00000976,1636,Pitkäjärvi,2024-03-12,60.66558908011945,23.292230275876104,,11.0,,1400.0,13.0,85.5,45.0,,11.0,8.6,11.0,60.0,7.2,48.0,0.5,1400.0,13.0,85.5,45.0,1.0,Pajo Hovirinnank.va 6210,Pitkäjärvi,Somero,Somero,River,VHA3,Kokemäenjoen-Saaristomeren-Selkämeren vesienhoitoalue,27.032,Pitkäjärven - Pusulanjärven a,Keskisuuret savimaiden joet,106.0,FI_00000967,Pitkäjärvi,2023-12-12,60.66558908011945,23.292230275876104,,15.0,,1700.0,17.0,91.0,85.0,S2_FI_00000967,2024-03-13,1,100.0,64.6042373761208,172.317850849095,,,34VEP,S2B_MSIL2A_20240313T100709_R022_T34VEP_20240313T134442,,10.0,9.6,15.0,66.0,7.0,84.0,0.4000000000000001,1700.0,17.0,91.0,85.0,1.0,Pajo Hovirinnank.va 6210,Pitkäjärvi,Somero,Somero,River,VHA3,Kokemäenjoen-Saaristomeren-Selkämeren vesienhoitoalue,27.032,Pitkäjärven - Pusulanjärven a,Keskisuuret savimaiden joet,106.0
FI_00000977,1636,Pitkäjärvi,2024-03-12,60.66558908011945,23.292230275876104,,11.0,,1400.0,13.0,85.5,45.0,,11.0,8.6,11.0,60.0,7.2,48.0,0.5,1400.0,13.0,85.5,45.0,1.0,Pajo Hovirinnank.va 6210,Pitkäjärvi,Somero,Somero,River,VHA3,Kokemäenjoen-Saaristomeren-Selkämeren vesienhoitoalue,27.032,Pitkäjärven - Pusulanjärven a,Keskisuuret savimaiden joet,106.0,FI_00000967,Pitkäjärvi,2023-12-12,60.66558908011945,23.292230275876104,,15.0,,1700.0,17.0,91.0,85.0,S2_FI_00000967,2024-03-13,1,100.0,64.6042373761208,172.317850849095,,,34VEP,S2B_MSIL2A_20240313T100709_R022_T34VEP_20240313T134442,,10.0,9.6,15.0,66.0,7.0,84.0,0.4000000000000001,1700.0,17.0,91.0,85.0,1.0,Pajo Hovirinnank.va 6210,Pitkäjärvi,Somero,Somero,River,VHA3,Kokemäenjoen-Saaristomeren-Selkämeren vesienhoitoalue,27.032,Pitkäjärven - Pusulanjärven a,Keskisuuret savimaiden joet,106.0
FI_00000984,1636,Pitkäjärvi,2024-08-19,60.66558908011945,23.292230275876104,,,,640.0,,51.0,18.0,,10.0,6.8,,74.0,7.5,15.0,19.8,640.0,,51.0,18.0,1.0,Pajo Hovirinnank.va 6210,Pitkäjärvi,Somero,Somero,River,VHA3,Kokemäenjoen-Saaristomeren-Selkämeren vesienhoitoalue,27.032,Pitkäjärven - Pusulanjärven a,Keskisuuret savimaiden joet,106.0,FI_00000977,Pitkäjärvi,2024-03-12,60.66558908011945,23.292230275876104,,11.0,,1400.0,13.0,85.5,45.0,S2_FI_00000977,2024-08-20,1,61.928302,49.6864329995599,173.050615515001,,,34VEP,S2B_MSIL2A_20240820T100559_R022_T34VEP_20240820T130319,,11.0,8.6,11.0,60.0,7.2,48.0,0.5,1400.0,13.0,85.5,45.0,1.0,Pajo Hovirinnank.va 6210,Pitkäjärvi,Somero,Somero,River,VHA3,Kokemäenjoen-Saaristomeren-Selkämeren vesienhoitoalue,27.032,Pitkäjärven - Pusulanjärven a,Keskisuuret savimaiden joet,106.0
FI_00000985,1636,Pitkäjärvi,2024-08-19,60.66558908011945,23.292230275876104,,,,640.0,,51.0,18.0,,10.0,6.8,,74.0,7.5,15.0,19.8,640.0,,51.0,18.0,1.0,Pajo Hovirinnank.va 6210,Pitkäjärvi,Somero,Somero,River,VHA3,Kokemäenjoen-Saaristomeren-Selkämeren vesienhoitoalue,27.032,Pitkäjärven - Pusulanjärven a,Keskisuuret savimaiden joet,106.0,FI_00000977,Pitkäjärvi,2024-03-12,60.66558908011945,23.292230275876104,,11.0,,1400.0,13.0,85.5,45.0,S2_FI_00000977,2024-08-20,1,61.928302,49.6864329995599,173.050615515001,,,34VEP,S2B_MSIL2A_20240820T100559_R022_T34VEP_20240820T130319,,11.0,8.6,11.0,60.0,7.2,48.0,0.5,1400.0,13.0,85.5,45.0,1.0,Pajo Hovirinnank.va 6210,Pitkäjärvi,Somero,Somero,River,VHA3,Kokemäenjoen-Saaristomeren-Selkämeren vesienhoitoalue,27.032,Pitkäjärven - Pusulanjärven a,Keskisuuret savimaiden joet,106.0
FI_00000986,1636,Pitkäjärvi,2024-08-19,60.66558908011945,23.292230275876104,,,,640.0,,51.0,18.0,,10.0,6.8,,74.0,7.5,15.0,19.8,640.0,,51.0,18.0,1.0,Pajo Hovirinnank.va 6210,Pitkäjärvi,Somero,Somero,River,VHA3,Kokemäenjoen-Saaristomeren-Selkämeren vesienhoitoalue,27.032,Pitkäjärven - Pusulanjärven a,Keskisuuret savimaiden joet,106.0,FI_00000977,Pitkäjärvi,2024-03-12,60.66558908011945,23.292230275876104,,11.0,,1400.0,13.0,85.5,45.0,S2_FI_00000977,2024-08-20,1,61.928302,49.6864329995599,173.050615515001,,,34VEP,S2B_MSIL2A_20240820T100559_R022_T34VEP_20240820T130319,,11.0,8.6,11.0,60.0,7.2,48.0,0.5,1400.0,13.0,85.5,45.0,1.0,Pajo Hovirinnank.va 6210,Pitkäjärvi,Somero,Somero,River,VHA3,Kokemäenjoen-Saaristomeren-Selkämeren vesienhoitoalue,27.032,Pitkäjärven - Pusulanjärven a,Keskisuuret savimaiden joet,106.0
FI_00000987,1636,Pitkäjärvi,2024-08-19,60.66558908011945,23.292230275876104,,,,640.0,,51.0,18.0,,10.0,6.8,,74.0,7.5,15.0,19.8,640.0,,51.0,18.0,1.0,Pajo Hovirinnank.va 6210,Pitkäjärvi,Somero,Somero,River,VHA3,Kokemäenjoen-Saaristomeren-Selkämeren vesienhoitoalue,27.032,Pitkäjärven - Pusulanjärven a,Keskisuuret savimaiden joet,106.0,FI_00000977,Pitkäjärvi,2024-03-12,60.66558908011945,23.292230275876104,,11.0,,1400.0,13.0,85.5,45.0,S2_FI_00000977,2024-08-20,1,61.928302,49.6864329995599,173.050615515001,,,34VEP,S2B_MSIL2A_20240820T100559_R022_T34VEP_20240820T130319,,11.0,8.6,11.0,60.0,7.2,48.0,0.5,1400.0,13.0,85.5,45.0,1.0,Pajo Hovirinnank.va 6210,Pitkäjärvi,Somero,Somero,River,VHA3,Kokemäenjoen-Saaristomeren-Selkämeren vesienhoitoalue,27.032,Pitkäjärven - Pusulanjärven a,Keskisuuret savimaiden joet,106.0
FI_00000988,1636,Pitkäjärvi,2024-08-19,60.66558908011945,23.292230275876104,,,,640.0,,51.0,18.0,,10.0,6.8,,74.0,7.5,15.0,19.8,640.0,,51.0,18.0,1.0,Pajo Hovirinnank.va 6210,Pitkäjärvi,Somero,Somero,River,VHA3,Kokemäenjoen-Saaristomeren-Selkämeren vesienhoitoalue,27.032,Pitkäjärven - Pusulanjärven a,Keskisuuret savimaiden joet,106.0,FI_00000977,Pitkäjärvi,2024-03-12,60.66558908011945,23.292230275876104,,11.0,,1400.0,13.0,85.5,45.0,S2_FI_00000977,2024-08-20,1,61.928302,49.6864329995599,173.050615515001,,,34VEP,S2B_MSIL2A_20240820T100559_R022_T34VEP_20240820T130319,,11.0,8.6,11.0,60.0,7.2,48.0,0.5,1400.0,13.0,85.5,45.0,1.0,Pajo Hovirinnank.va 6210,Pitkäjärvi,Somero,Somero,River,VHA3,Kokemäenjoen-Saaristomeren-Selkämeren vesienhoitoalue,27.032,Pitkäjärven - Pusulanjärven a,Keskisuuret savimaiden joet,106.0
FI_00000989,1636,Pitkäjärvi,2024-08-19,60.66558908011945,23.292230275876104,,,,640.0,,51.0,18.0,,10.0,6.8,,74.0,7.5,15.0,19.8,640.0,,51.0,18.0,1.0,Pajo Hovirinnank.va 6210,Pitkäjärvi,Somero,Somero,River,VHA3,Kokemäenjoen-Saaristomeren-Selkämeren vesienhoitoalue,27.032,Pitkäjärven - Pusulanjärven a,Keskisuuret savimaiden joet,106.0,FI_00000977,Pitkäjärvi,2024-03-12,60.66558908011945,23.292230275876104,,11.0,,1400.0,13.0,85.5,45.0,S2_FI_00000977,2024-08-20,1,61.928302,49.6864329995599,173.050615515001,,,34VEP,S2B_MSIL2A_20240820T100559_R022_T34VEP_20240820T130319,,11.0,8.6,11.0,60.0,7.2,48.0,0.5,1400.0,13.0,85.5,45.0,1.0,Pajo Hovirinnank.va 6210,Pitkäjärvi,Somero,Somero,River,VHA3,Kokemäenjoen-Saaristomeren-Selkämeren vesienhoitoalue,27.032,Pitkäjärven - Pusulanjärven a,Keskisuuret savimaiden joet,106.0
FI_00000990,1636,Pitkäjärvi,2024-10-22,60.66558908011945,23.292230275876104,,,,1500.0,,170.0,94.0,,11.0,7.8,,67.0,7.3,74.0,8.4,1500.0,,170.0,94.0,1.0,Pajo Hovirinnank.va 6210,Pitkäjärvi,Somero,Somero,River,VHA3,Kokemäenjoen-Saaristomeren-Selkämeren vesienhoitoalue,27.032,Pitkäjärven - Pusulanjärven a,Keskisuuret savimaiden joet,106.0,FI_00000982,Pitkäjärvi,2024-05-16,60.66558908011945,23.292230275876104,,,,1300.0,,110.0,68.0,S2_FI_00000982,2024-10-21,1,95.709914,72.723607562745,176.684145876962,,,34VEP,S2A_MSIL2A_20241021T100041_R122_T34VEP_20241021T123351,,8.6,8.5,,83.0,7.3,62.0,14.300000000000002,1300.0,,110.0,68.0,1.0,Pajo Hovirinnank.va 6210,Pitkäjärvi,Somero,Somero,River,VHA3,Kokemäenjoen-Saaristomeren-Selkämeren vesienhoitoalue,27.032,Pitkäjärven - Pusulanjärven a,Keskisuuret savimaiden joet,106.0
FI_00000991,1636,Pitkäjärvi,2024-10-22,60.66558908011945,23.292230275876104,,,,1500.0,,170.0,94.0,,11.0,7.8,,67.0,7.3,74.0,8.4,1500.0,,170.0,94.0,1.0,Pajo Hovirinnank.va 6210,Pitkäjärvi,Somero,Somero,River,VHA3,Kokemäenjoen-Saaristomeren-Selkämeren vesienhoitoalue,27.032,Pitkäjärven - Pusulanjärven a,Keskisuuret savimaiden joet,106.0,FI_00000982,Pitkäjärvi,2024-05-16,60.66558908011945,23.292230275876104,,,,1300.0,,110.0,68.0,S2_FI_00000982,2024-10-21,1,95.709914,72.723607562745,176.684145876962,,,34VEP,S2A_MSIL2A_20241021T100041_R122_T34VEP_20241021T123351,,8.6,8.5,,83.0,7.3,62.0,14.300000000000002,1300.0,,110.0,68.0,1.0,Pajo Hovirinnank.va 6210,Pitkäjärvi,Somero,Somero,River,VHA3,Kokemäenjoen-Saaristomeren-Selkämeren vesienhoitoalue,27.032,Pitkäjärven - Pusulanjärven a,Keskisuuret savimaiden joet,106.0
FI_00000992,1636,Pitkäjärvi,2024-10-22,60.66558908011945,23.292230275876104,,,,1500.0,,170.0,94.0,,11.0,7.8,,67.0,7.3,74.0,8.4,1500.0,,170.0,94.0,1.0,Pajo Hovirinnank.va 6210,Pitkäjärvi,Somero,Somero,River,VHA3,Kokemäenjoen-Saaristomeren-Selkämeren vesienhoitoalue,27.032,Pitkäjärven - Pusulanjärven a,Keskisuuret savimaiden joet,106.0,FI_00000982,Pitkäjärvi,2024-05-16,60.66558908011945,23.292230275876104,,,,1300.0,,110.0,68.0,S2_FI_00000982,2024-10-21,1,95.709914,72.723607562745,176.684145876962,,,34VEP,S2A_MSIL2A_20241021T100041_R122_T34VEP_20241021T123351,,8.6,8.5,,83.0,7.3,62.0,14.300000000000002,1300.0,,110.0,68.0,1.0,Pajo Hovirinnank.va 6210,Pitkäjärvi,Somero,Somero,River,VHA3,Kokemäenjoen-Saaristomeren-Selkämeren vesienhoitoalue,27.032,Pitkäjärven - Pusulanjärven a,Keskisuuret savimaiden joet,106.0
FI_00000993,1636,Pitkäjärvi,2024-10-22,60.66558908011945,23.292230275876104,,,,1500.0,,170.0,94.0,,11.0,7.8,,67.0,7.3,74.0,8.4,1500.0,,170.0,94.0,1.0,Pajo Hovirinnank.va 6210,Pitkäjärvi,Somero,Somero,River,VHA3,Kokemäenjoen-Saaristomeren-Selkämeren vesienhoitoalue,27.032,Pitkäjärven - Pusulanjärven a,Keskisuuret savimaiden joet,106.0,FI_00000982,Pitkäjärvi,2024-05-16,60.66558908011945,23.292230275876104,,,,1300.0,,110.0,68.0,S2_FI_00000982,2024-10-21,1,95.709914,72.723607562745,176.684145876962,,,34VEP,S2A_MSIL2A_20241021T100041_R122_T34VEP_20241021T123351,,8.6,8.5,,83.0,7.3,62.0,14.300000000000002,1300.0,,110.0,68.0,1.0,Pajo Hovirinnank.va 6210,Pitkäjärvi,Somero,Somero,River,VHA3,Kokemäenjoen-Saaristomeren-Selkämeren vesienhoitoalue,27.032,Pitkäjärven - Pusulanjärven a,Keskisuuret savimaiden joet,106.0
FI_00000994,1636,Pitkäjärvi,2024-10-22,60.66558908011945,23.292230275876104,,,,1500.0,,170.0,94.0,,11.0,7.8,,67.0,7.3,74.0,8.4,1500.0,,170.0,94.0,1.0,Pajo Hovirinnank.va 6210,Pitkäjärvi,Somero,Somero,River,VHA3,Kokemäenjoen-Saaristomeren-Selkämeren vesienhoitoalue,27.032,Pitkäjärven - Pusulanjärven a,Keskisuuret savimaiden joet,106.0,FI_00000982,Pitkäjärvi,2024-05-16,60.66558908011945,23.292230275876104,,,,1300.0,,110.0,68.0,S2_FI_00000982,2024-10-21,1,95.709914,72.723607562745,176.684145876962,,,34VEP,S2A_MSIL2A_20241021T100041_R122_T34VEP_20241021T123351,,8.6,8.5,,83.0,7.3,62.0,14.300000000000002,1300.0,,110.0,68.0,1.0,Pajo Hovirinnank.va 6210,Pitkäjärvi,Somero,Somero,River,VHA3,Kokemäenjoen-Saaristomeren-Selkämeren vesienhoitoalue,27.032,Pitkäjärven - Pusulanjärven a,Keskisuuret savimaiden joet,106.0
FI_00000995,1636,Pitkäjärvi,2024-10-22,60.66558908011945,23.292230275876104,,,,1500.0,,170.0,94.0,,11.0,7.8,,67.0,7.3,74.0,8.4,1500.0,,170.0,94.0,1.0,Pajo Hovirinnank.va 6210,Pitkäjärvi,Somero,Somero,River,VHA3,Kokemäenjoen-Saaristomeren-Selkämeren vesienhoitoalue,27.032,Pitkäjärven - Pusulanjärven a,Keskisuuret savimaiden joet,106.0,FI_00000982,Pitkäjärvi,2024-05-16,60.66558908011945,23.292230275876104,,,,1300.0,,110.0,68.0,S2_FI_00000982,2024-10-21,1,95.709914,72.723607562745,176.684145876962,,,34VEP,S2A_MSIL2A_20241021T100041_R122_T34VEP_20241021T123351,,8.6,8.5,,83.0,7.3,62.0,14.300000000000002,1300.0,,110.0,68.0,1.0,Pajo Hovirinnank.va 6210,Pitkäjärvi,Somero,Somero,River,VHA3,Kokemäenjoen-Saaristomeren-Selkämeren vesienhoitoalue,27.032,Pitkäjärven - Pusulanjärven a,Keskisuuret savimaiden joet,106.0
FI_00001020,17662,Lapinjärvi,2024-07-15,63.12479397420693,27.432628122752828,,,,905.0,,72.5,6.400000000000001,,7.55,4.9750000000000005,,54.0,7.25,,18.975,905.0,,72.5,6.400000000000001,1.0,Lapinjärvi 214,Lapinjärvi,Kuopio,,,,,,,,,FI_00001022,Lapinjärvi,2024-07-15,63.12479397420693,27.432628122752828,,,,905.0,,72.5,6.400000000000001,S2_FI_00001022,2024-07-16,1,78.459483,41.6067760648268,171.341090971308,,,34VEQ,S2A_MSIL2A_20240716T100601_R022_T34VEQ_20240716T160046,,7.55,4.9750000000000005,,54.0,7.25,,18.975,905.0,,72.5,6.400000000000001,1.0,Lapinjärvi 214,Lapinjärvi,Kuopio,,,,,,,,
FI_00001021,17662,Lapinjärvi,2024-07-15,63.12479397420693,27.432628122752828,,,,905.0,,72.5,6.400000000000001,,7.55,4.9750000000000005,,54.0,7.25,,18.975,905.0,,72.5,6.400000000000001,1.0,Lapinjärvi 214,Lapinjärvi,Kuopio,,,,,,,,,FI_00001022,Lapinjärvi,2024-07-15,63.12479397420693,27.432628122752828,,,,905.0,,72.5,6.400000000000001,S2_FI_00001022,2024-07-16,1,78.459483,41.6067760648268,171.341090971308,,,34VEQ,S2A_MSIL2A_20240716T100601_R022_T34VEQ_20240716T160046,,7.55,4.9750000000000005,,54.0,7.25,,18.975,905.0,,72.5,6.400000000000001,1.0,Lapinjärvi 214,Lapinjärvi,Kuopio,,,,,,,,
FI_00001022,17662,Lapinjärvi,2024-07-15,63.12479397420693,27.432628122752828,,,,905.0,,72.5,6.400000000000001,,7.55,4.9750000000000005,,54.0,7.25,,18.975,905.0,,72.5,6.400000000000001,1.0,Lapinjärvi 214,Lapinjärvi,Kuopio,,,,,,,,,FI_00001022,Lapinjärvi,2024-07-15,63.12479397420693,27.432628122752828,,,,905.0,,72.5,6.400000000000001,S2_FI_00001022,2024-07-16,1,78.459483,41.6067760648268,171.341090971308,,,34VEQ,S2A_MSIL2A_20240716T100601_R022_T34VEQ_20240716T160046,,7.55,4.9750000000000005,,54.0,7.25,,18.975,905.0,,72.5,6.400000000000001,1.0,Lapinjärvi 214,Lapinjärvi,Kuopio,,,,,,,,
FI_00001023,17662,Lapinjärvi,2024-07-15,63.12479397420693,27.432628122752828,,,,905.0,,72.5,6.400000000000001,,7.55,4.9750000000000005,,54.0,7.25,,18.975,905.0,,72.5,6.400000000000001,1.0,Lapinjärvi 214,Lapinjärvi,Kuopio,,,,,,,,,FI_00001022,Lapinjärvi,2024-07-15,63.12479397420693,27.432628122752828,,,,905.0,,72.5,6.400000000000001,S2_FI_00001022,2024-07-16,1,78.459483,41.6067760648268,171.341090971308,,,34VEQ,S2A_MSIL2A_20240716T100601_R022_T34VEQ_20240716T160046,,7.55,4.9750000000000005,,54.0,7.25,,18.975,905.0,,72.5,6.400000000000001,1.0,Lapinjärvi 214,Lapinjärvi,Kuopio,,,,,,,,
FI_00001024,17662,Lapinjärvi,2024-07-15,63.12479397420693,27.432628122752828,,,,905.0,,72.5,6.400000000000001,,7.55,4.9750000000000005,,54.0,7.25,,18.975,905.0,,72.5,6.400000000000001,1.0,Lapinjärvi 214,Lapinjärvi,Kuopio,,,,,,,,,FI_00001022,Lapinjärvi,2024-07-15,63.12479397420693,27.432628122752828,,,,905.0,,72.5,6.400000000000001,S2_FI_00001022,2024-07-16,1,78.459483,41.6067760648268,171.341090971308,,,34VEQ,S2A_MSIL2A_20240716T100601_R022_T34VEQ_20240716T160046,,7.55,4.9750000000000005,,54.0,7.25,,18.975,905.0,,72.5,6.400000000000001,1.0,Lapinjärvi 214,Lapinjärvi,Kuopio,,,,,,,,
FI_00001025,17662,Lapinjärvi,2024-07-15,63.12479397420693,27.432628122752828,,,,905.0,,72.5,6.400000000000001,,7.55,4.9750000000000005,,54.0,7.25,,18.975,905.0,,72.5,6.400000000000001,1.0,Lapinjärvi 214,Lapinjärvi,Kuopio,,,,,,,,,FI_00001022,Lapinjärvi,2024-07-15,63.12479397420693,27.432628122752828,,,,905.0,,72.5,6.400000000000001,S2_FI_00001022,2024-07-16,1,78.459483,41.6067760648268,171.341090971308,,,34VEQ,S2A_MSIL2A_20240716T100601_R022_T34VEQ_20240716T160046,,7.55,4.9750000000000005,,54.0,7.25,,18.975,905.0,,72.5,6.400000000000001,1.0,Lapinjärvi 214,Lapinjärvi,Kuopio,,,,,,,,
FI_00001032,18170,18170,2023-01-12,63.728776901271246,26.38240528354664,,,,840.0,19.0,59.0,11.0,,,,,,7.099999999999999,10.0,-0.2,840.0,19.0,59.0,11.0,0.1,Korpijoki 2,,Kiuruvesi,,,,,,,,,FI_00001170,18170,2024-01-08,63.728776901271246,26.38240528354664,,,,840.0,18.0,71.0,11.0,S2_FI_00001170,2023-01-12,0,93.960816,83.711775127636,171.176829977033,,,35VLJ,S2B_MSIL2A_20230112T095249_R079_T35VLJ_20240810T224550,,,,,,7.099999999999999,18.0,0.0,840.0,18.0,71.0,11.0,0.0,Korpijoki 2,,Kiuruvesi,,,,,,,,
FI_00001033,18170,18170,2023-01-12,63.728776901271246,26.38240528354664,,,,840.0,19.0,59.0,11.0,,,,,,7.099999999999999,10.0,-0.2,840.0,19.0,59.0,11.0,0.1,Korpijoki 2,,Kiuruvesi,,,,,,,,,FI_00001170,18170,2024-01-08,63.728776901271246,26.38240528354664,,,,840.0,18.0,71.0,11.0,S2_FI_00001170,2023-01-12,0,93.960816,83.711775127636,171.176829977033,,,35VLJ,S2B_MSIL2A_20230112T095249_R079_T35VLJ_20240810T224550,,,,,,7.099999999999999,18.0,0.0,840.0,18.0,71.0,11.0,0.0,Korpijoki 2,,Kiuruvesi,,,,,,,,
FI_00001034,18170,18170,2023-01-12,63.728776901271246,26.38240528354664,,,,840.0,19.0,59.0,11.0,,,,,,7.099999999999999,10.0,-0.2,840.0,19.0,59.0,11.0,0.1,Korpijoki 2,,Kiuruvesi,,,,,,,,,FI_00001170,18170,2024-01-08,63.728776901271246,26.38240528354664,,,,840.0,18.0,71.0,11.0,S2_FI_00001170,2023-01-12,0,93.960816,83.711775127636,171.176829977033,,,35VLJ,S2B_MSIL2A_20230112T095249_R079_T35VLJ_20240810T224550,,,,,,7.099999999999999,18.0,0.0,840.0,18.0,71.0,11.0,0.0,Korpijoki 2,,Kiuruvesi,,,,,,,,
FI_00001035,18170,18170,2023-01-12,63.728776901271246,26.38240528354664,,,,840.0,19.0,59.0,11.0,,,,,,7.099999999999999,10.0,-0.2,840.0,19.0,59.0,11.0,0.1,Korpijoki 2,,Kiuruvesi,,,,,,,,,FI_00001170,18170,2024-01-08,63.728776901271246,26.38240528354664,,,,840.0,18.0,71.0,11.0,S2_FI_00001170,2023-01-12,0,93.960816,83.711775127636,171.176829977033,,,35VLJ,S2B_MSIL2A_20230112T095249_R079_T35VLJ_20240810T224550,,,,,,7.099999999999999,18.0,0.0,840.0,18.0,71.0,11.0,0.0,Korpijoki 2,,Kiuruvesi,,,,,,,,
FI_00001036,18170,18170,2023-01-12,63.728776901271246,26.38240528354664,,,,840.0,19.0,59.0,11.0,,,,,,7.099999999999999,10.0,-0.2,840.0,19.0,59.0,11.0,0.1,Korpijoki 2,,Kiuruvesi,,,,,,,,,FI_00001170,18170,2024-01-08,63.728776901271246,26.38240528354664,,,,840.0,18.0,71.0,11.0,S2_FI_00001170,2023-01-12,0,93.960816,83.711775127636,171.176829977033,,,35VLJ,S2B_MSIL2A_20230112T095249_R079_T35VLJ_20240810T224550,,,,,,7.099999999999999,18.0,0.0,840.0,18.0,71.0,11.0,0.0,Korpijoki 2,,Kiuruvesi,,,,,,,,
FI_00001037,18170,18170,2023-01-12,63.728776901271246,26.38240528354664,,,,840.0,19.0,59.0,11.0,,,,,,7.099999999999999,10.0,-0.2,840.0,19.0,59.0,11.0,0.1,Korpijoki 2,,Kiuruvesi,,,,,,,,,FI_00001170,18170,2024-01-08,63.728776901271246,26.38240528354664,,,,840.0,18.0,71.0,11.0,S2_FI_00001170,2023-01-12,0,93.960816,83.711775127636,171.176829977033,,,35VLJ,S2B_MSIL2A_20230112T095249_R079_T35VLJ_20240810T224550,,,,,,7.099999999999999,18.0,0.0,840.0,18.0,71.0,11.0,0.0,Korpijoki 2,,Kiuruvesi,,,,,,,,
FI_00001038,18170,18170,2023-02-13,63.728776901271246,26.38240528354664,,,,830.0,19.0,51.0,8.9,,,,,,7.0,14.0,-1.0,830.0,19.0,51.0,8.9,0.2,Korpijoki 2,,Kiuruvesi,,,,,,,,,FI_00001116,18170,2023-08-17,63.728776901271246,26.38240528354664,,27.0,,1100.0,31.0,58.5,9.5,S2_FI_00001116,2023-02-14,1,98.475462,79.3447539929829,175.240491094592,,,35WNP,S2B_MSIL2A_20230214T100029_R122_T35WNP_20240812T190154,,6.5,,27.0,,7.2,23.0,15.6,1100.0,31.0,58.5,9.5,0.1,Korpijoki 2,,Kiuruvesi,,,,,,,,
FI_00001039,18170,18170,2023-02-13,63.728776901271246,26.38240528354664,,,,830.0,19.0,51.0,8.9,,,,,,7.0,14.0,-1.0,830.0,19.0,51.0,8.9,0.2,Korpijoki 2,,Kiuruvesi,,,,,,,,,FI_00001116,18170,2023-08-17,63.728776901271246,26.38240528354664,,27.0,,1100.0,31.0,58.5,9.5,S2_FI_00001116,2023-02-14,1,98.475462,79.3447539929829,175.240491094592,,,35WNP,S2B_MSIL2A_20230214T100029_R122_T35WNP_20240812T190154,,6.5,,27.0,,7.2,23.0,15.6,1100.0,31.0,58.5,9.5,0.1,Korpijoki 2,,Kiuruvesi,,,,,,,,
FI_00001040,18170,18170,2023-02-13,63.728776901271246,26.38240528354664,,,,830.0,19.0,51.0,8.9,,,,,,7.0,14.0,-1.0,830.0,19.0,51.0,8.9,0.2,Korpijoki 2,,Kiuruvesi,,,,,,,,,FI_00001116,18170,2023-08-17,63.728776901271246,26.38240528354664,,27.0,,1100.0,31.0,58.5,9.5,S2_FI_00001116,2023-02-14,1,98.475462,79.3447539929829,175.240491094592,,,35WNP,S2B_MSIL2A_20230214T100029_R122_T35WNP_20240812T190154,,6.5,,27.0,,7.2,23.0,15.6,1100.0,31.0,58.5,9.5,0.1,Korpijoki 2,,Kiuruvesi,,,,,,,,
FI_00001041,18170,18170,2023-02-13,63.728776901271246,26.38240528354664,,,,830.0,19.0,51.0,8.9,,,,,,7.0,14.0,-1.0,830.0,19.0,51.0,8.9,0.2,Korpijoki 2,,Kiuruvesi,,,,,,,,,FI_00001116,18170,2023-08-17,63.728776901271246,26.38240528354664,,27.0,,1100.0,31.0,58.5,9.5,S2_FI_00001116,2023-02-14,1,98.475462,79.3447539929829,175.240491094592,,,35WNP,S2B_MSIL2A_20230214T100029_R122_T35WNP_20240812T190154,,6.5,,27.0,,7.2,23.0,15.6,1100.0,31.0,58.5,9.5,0.1,Korpijoki 2,,Kiuruvesi,,,,,,,,
FI_00001042,18170,18170,2023-02-13,63.728776901271246,26.38240528354664,,,,830.0,19.0,51.0,8.9,,,,,,7.0,14.0,-1.0,830.0,19.0,51.0,8.9,0.2,Korpijoki 2,,Kiuruvesi,,,,,,,,,FI_00001116,18170,2023-08-17,63.728776901271246,26.38240528354664,,27.0,,1100.0,31.0,58.5,9.5,S2_FI_00001116,2023-02-14,1,98.475462,79.3447539929829,175.240491094592,,,35WNP,S2B_MSIL2A_20230214T100029_R122_T35WNP_20240812T190154,,6.5,,27.0,,7.2,23.0,15.6,1100.0,31.0,58.5,9.5,0.1,Korpijoki 2,,Kiuruvesi,,,,,,,,
FI_00001043,18170,18170,2023-02-13,63.728776901271246,26.38240528354664,,,,830.0,19.0,51.0,8.9,,,,,,7.0,14.0,-1.0,830.0,19.0,51.0,8.9,0.2,Korpijoki 2,,Kiuruvesi,,,,,,,,,FI_00001116,18170,2023-08-17,63.728776901271246,26.38240528354664,,27.0,,1100.0,31.0,58.5,9.5,S2_FI_00001116,2023-02-14,1,98.475462,79.3447539929829,175.240491094592,,,35WNP,S2B_MSIL2A_20230214T100029_R122_T35WNP_20240812T190154,,6.5,,27.0,,7.2,23.0,15.6,1100.0,31.0,58.5,9.5,0.1,Korpijoki 2,,Kiuruvesi,,,,,,,,
FI_00001050,18170,18170,2023-04-05,63.728776901271246,26.38240528354664,,,,830.0,17.0,67.0,13.0,,,,,,7.3,18.0,0.5,830.0,17.0,67.0,13.0,0.1,Korpijoki 2,,Kiuruvesi,,,,,,,,,FI_00001204,18170,2024-04-17,63.728776901271246,26.38240528354664,,,,1900.0,30.0,75.0,18.0,S2_FI_00001204,2023-04-05,0,53.753448,55.8164590734542,173.291873466939,,,35VLJ,S2B_MSIL2A_20230405T100029_R122_T35VLJ_20240830T025509,,,,,,5.8,26.0,-0.1,1900.0,30.0,75.0,18.0,0.1,Korpijoki 2,,Kiuruvesi,,,,,,,,
FI_00001051,18170,18170,2023-04-05,63.728776901271246,26.38240528354664,,,,830.0,17.0,67.0,13.0,,,,,,7.3,18.0,0.5,830.0,17.0,67.0,13.0,0.1,Korpijoki 2,,Kiuruvesi,,,,,,,,,FI_00001204,18170,2024-04-17,63.728776901271246,26.38240528354664,,,,1900.0,30.0,75.0,18.0,S2_FI_00001204,2023-04-05,0,53.753448,55.8164590734542,173.291873466939,,,35VLJ,S2B_MSIL2A_20230405T100029_R122_T35VLJ_20240830T025509,,,,,,5.8,26.0,-0.1,1900.0,30.0,75.0,18.0,0.1,Korpijoki 2,,Kiuruvesi,,,,,,,,
FI_00001052,18170,18170,2023-04-05,63.728776901271246,26.38240528354664,,,,830.0,17.0,67.0,13.0,,,,,,7.3,18.0,0.5,830.0,17.0,67.0,13.0,0.1,Korpijoki 2,,Kiuruvesi,,,,,,,,,FI_00001204,18170,2024-04-17,63.728776901271246,26.38240528354664,,,,1900.0,30.0,75.0,18.0,S2_FI_00001204,2023-04-05,0,53.753448,55.8164590734542,173.291873466939,,,35VLJ,S2B_MSIL2A_20230405T100029_R122_T35VLJ_20240830T025509,,,,,,5.8,26.0,-0.1,1900.0,30.0,75.0,18.0,0.1,Korpijoki 2,,Kiuruvesi,,,,,,,,
FI_00001053,18170,18170,2023-04-05,63.728776901271246,26.38240528354664,,,,830.0,17.0,67.0,13.0,,,,,,7.3,18.0,0.5,830.0,17.0,67.0,13.0,0.1,Korpijoki 2,,Kiuruvesi,,,,,,,,,FI_00001204,18170,2024-04-17,63.728776901271246,26.38240528354664,,,,1900.0,30.0,75.0,18.0,S2_FI_00001204,2023-04-05,0,53.753448,55.8164590734542,173.291873466939,,,35VLJ,S2B_MSIL2A_20230405T100029_R122_T35VLJ_20240830T025509,,,,,,5.8,26.0,-0.1,1900.0,30.0,75.0,18.0,0.1,Korpijoki 2,,Kiuruvesi,,,,,,,,
FI_00001054,18170,18170,2023-04-05,63.728776901271246,26.38240528354664,,,,830.0,17.0,67.0,13.0,,,,,,7.3,18.0,0.5,830.0,17.0,67.0,13.0,0.1,Korpijoki 2,,Kiuruvesi,,,,,,,,,FI_00001204,18170,2024-04-17,63.728776901271246,26.38240528354664,,,,1900.0,30.0,75.0,18.0,S2_FI_00001204,2023-04-05,0,53.753448,55.8164590734542,173.291873466939,,,35VLJ,S2B_MSIL2A_20230405T100029_R122_T35VLJ_20240830T025509,,,,,,5.8,26.0,-0.1,1900.0,30.0,75.0,18.0,0.1,Korpijoki 2,,Kiuruvesi,,,,,,,,
FI_00001055,18170,18170,2023-04-05,63.728776901271246,26.38240528354664,,,,830.0,17.0,67.0,13.0,,,,,,7.3,18.0,0.5,830.0,17.0,67.0,13.0,0.1,Korpijoki 2,,Kiuruvesi,,,,,,,,,FI_00001204,18170,2024-04-17,63.728776901271246,26.38240528354664,,,,1900.0,30.0,75.0,18.0,S2_FI_00001204,2023-04-05,0,53.753448,55.8164590734542,173.291873466939,,,35VLJ,S2B_MSIL2A_20230405T100029_R122_T35VLJ_20240830T025509,,,,,,5.8,26.0,-0.1,1900.0,30.0,75.0,18.0,0.1,Korpijoki 2,,Kiuruvesi,,,,,,,,
FI_00001056,18170,18170,2023-04-12,63.728776901271246,26.38240528354664,,,,1500.0,19.0,81.0,14.0,,,,,,7.2,16.0,0.2,1500.0,19.0,81.0,14.0,0.2,Korpijoki 2,,Kiuruvesi,,,,,,,,,FI_00001205,18170,2024-04-17,63.728776901271246,26.38240528354664,,,,1900.0,30.0,75.0,18.0,S2_FI_00001205,2023-04-12,0,59.426057,53.3484618395951,170.624960597929,,,35VLJ,S2B_MSIL2A_20230412T095029_R079_T35VLJ_20240828T091729,,,,,,5.8,26.0,-0.1,1900.0,30.0,75.0,18.0,0.1,Korpijoki 2,,Kiuruvesi,,,,,,,,
FI_00001057,18170,18170,2023-04-12,63.728776901271246,26.38240528354664,,,,1500.0,19.0,81.0,14.0,,,,,,7.2,16.0,0.2,1500.0,19.0,81.0,14.0,0.2,Korpijoki 2,,Kiuruvesi,,,,,,,,,FI_00001205,18170,2024-04-17,63.728776901271246,26.38240528354664,,,,1900.0,30.0,75.0,18.0,S2_FI_00001205,2023-04-12,0,59.426057,53.3484618395951,170.624960597929,,,35VLJ,S2B_MSIL2A_20230412T095029_R079_T35VLJ_20240828T091729,,,,,,5.8,26.0,-0.1,1900.0,30.0,75.0,18.0,0.1,Korpijoki 2,,Kiuruvesi,,,,,,,,
FI_00001058,18170,18170,2023-04-12,63.728776901271246,26.38240528354664,,,,1500.0,19.0,81.0,14.0,,,,,,7.2,16.0,0.2,1500.0,19.0,81.0,14.0,0.2,Korpijoki 2,,Kiuruvesi,,,,,,,,,FI_00001205,18170,2024-04-17,63.728776901271246,26.38240528354664,,,,1900.0,30.0,75.0,18.0,S2_FI_00001205,2023-04-12,0,59.426057,53.3484618395951,170.624960597929,,,35VLJ,S2B_MSIL2A_20230412T095029_R079_T35VLJ_20240828T091729,,,,,,5.8,26.0,-0.1,1900.0,30.0,75.0,18.0,0.1,Korpijoki 2,,Kiuruvesi,,,,,,,,
FI_00001059,18170,18170,2023-04-12,63.728776901271246,26.38240528354664,,,,1500.0,19.0,81.0,14.0,,,,,,7.2,16.0,0.2,1500.0,19.0,81.0,14.0,0.2,Korpijoki 2,,Kiuruvesi,,,,,,,,,FI_00001205,18170,2024-04-17,63.728776901271246,26.38240528354664,,,,1900.0,30.0,75.0,18.0,S2_FI_00001205,2023-04-12,0,59.426057,53.3484618395951,170.624960597929,,,35VLJ,S2B_MSIL2A_20230412T095029_R079_T35VLJ_20240828T091729,,,,,,5.8,26.0,-0.1,1900.0,30.0,75.0,18.0,0.1,Korpijoki 2,,Kiuruvesi,,,,,,,,
FI_00001060,18170,18170,2023-04-12,63.728776901271246,26.38240528354664,,,,1500.0,19.0,81.0,14.0,,,,,,7.2,16.0,0.2,1500.0,19.0,81.0,14.0,0.2,Korpijoki 2,,Kiuruvesi,,,,,,,,,FI_00001205,18170,2024-04-17,63.728776901271246,26.38240528354664,,,,1900.0,30.0,75.0,18.0,S2_FI_00001205,2023-04-12,0,59.426057,53.3484618395951,170.624960597929,,,35VLJ,S2B_MSIL2A_20230412T095029_R079_T35VLJ_20240828T091729,,,,,,5.8,26.0,-0.1,1900.0,30.0,75.0,18.0,0.1,Korpijoki 2,,Kiuruvesi,,,,,,,,
FI_00001061,18170,18170,2023-04-12,63.728776901271246,26.38240528354664,,,,1500.0,19.0,81.0,14.0,,,,,,7.2,16.0,0.2,1500.0,19.0,81.0,14.0,0.2,Korpijoki 2,,Kiuruvesi,,,,,,,,,FI_00001205,18170,2024-04-17,63.728776901271246,26.38240528354664,,,,1900.0,30.0,75.0,18.0,S2_FI_00001205,2023-04-12,0,59.426057,53.3484618395951,170.624960597929,,,35VLJ,S2B_MSIL2A_20230412T095029_R079_T35VLJ_20240828T091729,,,,,,5.8,26.0,-0.1,1900.0,30.0,75.0,18.0,0.1,Korpijoki 2,,Kiuruvesi,,,,,,,,
FI_00001062,18170,18170,2023-04-19,63.728776901271246,26.38240528354664,,,,2500.0,24.0,73.0,14.0,,,,,,6.3,18.0,0.0,2500.0,24.0,73.0,14.0,0.1,Korpijoki 2,,Kiuruvesi,,,,,,,,,FI_00001041,18170,2023-02-13,63.728776901271246,26.38240528354664,,,,830.0,19.0,51.0,8.9,S2_FI_00001041,2023-04-18,1,9.260777,50.1356820029202,174.34964732165,,,34VEN,S2B_MSIL2A_20230418T100559_R022_T34VEN_20240905T154426,,,,,,7.0,14.0,-1.0,830.0,19.0,51.0,8.9,0.2,Korpijoki 2,,Kiuruvesi,,,,,,,,
FI_00001063,18170,18170,2023-04-19,63.728776901271246,26.38240528354664,,,,2500.0,24.0,73.0,14.0,,,,,,6.3,18.0,0.0,2500.0,24.0,73.0,14.0,0.1,Korpijoki 2,,Kiuruvesi,,,,,,,,,FI_00001041,18170,2023-02-13,63.728776901271246,26.38240528354664,,,,830.0,19.0,51.0,8.9,S2_FI_00001041,2023-04-18,1,9.260777,50.1356820029202,174.34964732165,,,34VEN,S2B_MSIL2A_20230418T100559_R022_T34VEN_20240905T154426,,,,,,7.0,14.0,-1.0,830.0,19.0,51.0,8.9,0.2,Korpijoki 2,,Kiuruvesi,,,,,,,,
FI_00001064,18170,18170,2023-04-19,63.728776901271246,26.38240528354664,,,,2500.0,24.0,73.0,14.0,,,,,,6.3,18.0,0.0,2500.0,24.0,73.0,14.0,0.1,Korpijoki 2,,Kiuruvesi,,,,,,,,,FI_00001041,18170,2023-02-13,63.728776901271246,26.38240528354664,,,,830.0,19.0,51.0,8.9,S2_FI_00001041,2023-04-18,1,9.260777,50.1356820029202,174.34964732165,,,34VEN,S2B_MSIL2A_20230418T100559_R022_T34VEN_20240905T154426,,,,,,7.0,14.0,-1.0,830.0,19.0,51.0,8.9,0.2,Korpijoki 2,,Kiuruvesi,,,,,,,,
FI_00001065,18170,18170,2023-04-19,63.728776901271246,26.38240528354664,,,,2500.0,24.0,73.0,14.0,,,,,,6.3,18.0,0.0,2500.0,24.0,73.0,14.0,0.1,Korpijoki 2,,Kiuruvesi,,,,,,,,,FI_00001041,18170,2023-02-13,63.728776901271246,26.38240528354664,,,,830.0,19.0,51.0,8.9,S2_FI_00001041,2023-04-18,1,9.260777,50.1356820029202,174.34964732165,,,34VEN,S2B_MSIL2A_20230418T100559_R022_T34VEN_20240905T154426,,,,,,7.0,14.0,-1.0,830.0,19.0,51.0,8.9,0.2,Korpijoki 2,,Kiuruvesi,,,,,,,,
FI_00001066,18170,18170,2023-04-19,63.728776901271246,26.38240528354664,,,,2500.0,24.0,73.0,14.0,,,,,,6.3,18.0,0.0,2500.0,24.0,73.0,14.0,0.1,Korpijoki 2,,Kiuruvesi,,,,,,,,,FI_00001041,18170,2023-02-13,63.728776901271246,26.38240528354664,,,,830.0,19.0,51.0,8.9,S2_FI_00001041,2023-04-18,1,9.260777,50.1356820029202,174.34964732165,,,34VEN,S2B_MSIL2A_20230418T100559_R022_T34VEN_20240905T154426,,,,,,7.0,14.0,-1.0,830.0,19.0,51.0,8.9,0.2,Korpijoki 2,,Kiuruvesi,,,,,,,,
FI_00001067,18170,18170,2023-04-19,63.728776901271246,26.38240528354664,,,,2500.0,24.0,73.0,14.0,,,,,,6.3,18.0,0.0,2500.0,24.0,73.0,14.0,0.1,Korpijoki 2,,Kiuruvesi,,,,,,,,,FI_00001041,18170,2023-02-13,63.728776901271246,26.38240528354664,,,,830.0,19.0,51.0,8.9,S2_FI_00001041,2023-04-18,1,9.260777,50.1356820029202,174.34964732165,,,34VEN,S2B_MSIL2A_20230418T100559_R022_T34VEN_20240905T154426,,,,,,7.0,14.0,-1.0,830.0,19.0,51.0,8.9,0.2,Korpijoki 2,,Kiuruvesi,,,,,,,,
FI_00001068,18170,18170,2023-04-24,63.728776901271246,26.38240528354664,,,,3200.0,29.0,77.0,16.0,,,,,,6.2,24.0,0.0,3200.0,29.0,77.0,16.0,0.2,Korpijoki 2,,Kiuruvesi,,,,,,,,,FI_00001042,18170,2023-02-13,63.728776901271246,26.38240528354664,,,,830.0,19.0,51.0,8.9,S2_FI_00001042,2023-04-25,1,65.082109,47.9050866655451,171.380844913483,,,34VEN,S2B_MSIL2A_20230425T100029_R122_T34VEN_20240901T190605,,,,,,7.0,14.0,-1.0,830.0,19.0,51.0,8.9,0.2,Korpijoki 2,,Kiuruvesi,,,,,,,,
FI_00001069,18170,18170,2023-04-24,63.728776901271246,26.38240528354664,,,,3200.0,29.0,77.0,16.0,,,,,,6.2,24.0,0.0,3200.0,29.0,77.0,16.0,0.2,Korpijoki 2,,Kiuruvesi,,,,,,,,,FI_00001042,18170,2023-02-13,63.728776901271246,26.38240528354664,,,,830.0,19.0,51.0,8.9,S2_FI_00001042,2023-04-25,1,65.082109,47.9050866655451,171.380844913483,,,34VEN,S2B_MSIL2A_20230425T100029_R122_T34VEN_20240901T190605,,,,,,7.0,14.0,-1.0,830.0,19.0,51.0,8.9,0.2,Korpijoki 2,,Kiuruvesi,,,,,,,,
FI_00001070,18170,18170,2023-04-24,63.728776901271246,26.38240528354664,,,,3200.0,29.0,77.0,16.0,,,,,,6.2,24.0,0.0,3200.0,29.0,77.0,16.0,0.2,Korpijoki 2,,Kiuruvesi,,,,,,,,,FI_00001042,18170,2023-02-13,63.728776901271246,26.38240528354664,,,,830.0,19.0,51.0,8.9,S2_FI_00001042,2023-04-25,1,65.082109,47.9050866655451,171.380844913483,,,34VEN,S2B_MSIL2A_20230425T100029_R122_T34VEN_20240901T190605,,,,,,7.0,14.0,-1.0,830.0,19.0,51.0,8.9,0.2,Korpijoki 2,,Kiuruvesi,,,,,,,,
FI_00001071,18170,18170,2023-04-24,63.728776901271246,26.38240528354664,,,,3200.0,29.0,77.0,16.0,,,,,,6.2,24.0,0.0,3200.0,29.0,77.0,16.0,0.2,Korpijoki 2,,Kiuruvesi,,,,,,,,,FI_00001042,18170,2023-02-13,63.728776901271246,26.38240528354664,,,,830.0,19.0,51.0,8.9,S2_FI_00001042,2023-04-25,1,65.082109,47.9050866655451,171.380844913483,,,34VEN,S2B_MSIL2A_20230425T100029_R122_T34VEN_20240901T190605,,,,,,7.0,14.0,-1.0,830.0,19.0,51.0,8.9,0.2,Korpijoki 2,,Kiuruvesi,,,,,,,,
FI_00001072,18170,18170,2023-04-24,63.728776901271246,26.38240528354664,,,,3200.0,29.0,77.0,16.0,,,,,,6.2,24.0,0.0,3200.0,29.0,77.0,16.0,0.2,Korpijoki 2,,Kiuruvesi,,,,,,,,,FI_00001042,18170,2023-02-13,63.728776901271246,26.38240528354664,,,,830.0,19.0,51.0,8.9,S2_FI_00001042,2023-04-25,1,65.082109,47.9050866655451,171.380844913483,,,34VEN,S2B_MSIL2A_20230425T100029_R122_T34VEN_20240901T190605,,,,,,7.0,14.0,-1.0,830.0,19.0,51.0,8.9,0.2,Korpijoki 2,,Kiuruvesi,,,,,,,,
FI_00001073,18170,18170,2023-04-24,63.728776901271246,26.38240528354664,,,,3200.0,29.0,77.0,16.0,,,,,,6.2,24.0,0.0,3200.0,29.0,77.0,16.0,0.2,Korpijoki 2,,Kiuruvesi,,,,,,,,,FI_00001042,18170,2023-02-13,63.728776901271246,26.38240528354664,,,,830.0,19.0,51.0,8.9,S2_FI_00001042,2023-04-25,1,65.082109,47.9050866655451,171.380844913483,,,34VEN,S2B_MSIL2A_20230425T100029_R122_T34VEN_20240901T190605,,,,,,7.0,14.0,-1.0,830.0,19.0,51.0,8.9,0.2,Korpijoki 2,,Kiuruvesi,,,,,,,,
FI_00001080,18170,18170,2023-05-10,63.728776901271246,26.38240528354664,,,,1200.0,27.0,44.0,14.0,,,,,,6.0,16.0,3.9,1200.0,27.0,44.0,14.0,0.2,Korpijoki 2,,Kiuruvesi,,,,,,,,,FI_00001120,18170,2023-08-17,63.728776901271246,26.38240528354664,,27.0,,1100.0,31.0,58.5,9.5,S2_FI_00001120,2023-05-10,0,96.690667,48.6157391944614,179.528359938755,,,35WNP,S2A_MSIL2A_20230510T100031_R122_T35WNP_20230510T154649,,6.5,,27.0,,7.2,23.0,15.6,1100.0,31.0,58.5,9.5,0.1,Korpijoki 2,,Kiuruvesi,,,,,,,,
FI_00001081,18170,18170,2023-05-10,63.728776901271246,26.38240528354664,,,,1200.0,27.0,44.0,14.0,,,,,,6.0,16.0,3.9,1200.0,27.0,44.0,14.0,0.2,Korpijoki 2,,Kiuruvesi,,,,,,,,,FI_00001120,18170,2023-08-17,63.728776901271246,26.38240528354664,,27.0,,1100.0,31.0,58.5,9.5,S2_FI_00001120,2023-05-10,0,96.690667,48.6157391944614,179.528359938755,,,35WNP,S2A_MSIL2A_20230510T100031_R122_T35WNP_20230510T154649,,6.5,,27.0,,7.2,23.0,15.6,1100.0,31.0,58.5,9.5,0.1,Korpijoki 2,,Kiuruvesi,,,,,,,,
FI_00001082,18170,18170,2023-05-10,63.728776901271246,26.38240528354664,,,,1200.0,27.0,44.0,14.0,,,,,,6.0,16.0,3.9,1200.0,27.0,44.0,14.0,0.2,Korpijoki 2,,Kiuruvesi,,,,,,,,,FI_00001120,18170,2023-08-17,63.728776901271246,26.38240528354664,,27.0,,1100.0,31.0,58.5,9.5,S2_FI_00001120,2023-05-10,0,96.690667,48.6157391944614,179.528359938755,,,35WNP,S2A_MSIL2A_20230510T100031_R122_T35WNP_20230510T154649,,6.5,,27.0,,7.2,23.0,15.6,1100.0,31.0,58.5,9.5,0.1,Korpijoki 2,,Kiuruvesi,,,,,,,,
FI_00001083,18170,18170,2023-05-10,63.728776901271246,26.38240528354664,,,,1200.0,27.0,44.0,14.0,,,,,,6.0,16.0,3.9,1200.0,27.0,44.0,14.0,0.2,Korpijoki 2,,Kiuruvesi,,,,,,,,,FI_00001120,18170,2023-08-17,63.728776901271246,26.38240528354664,,27.0,,1100.0,31.0,58.5,9.5,S2_FI_00001120,2023-05-10,0,96.690667,48.6157391944614,179.528359938755,,,35WNP,S2A_MSIL2A_20230510T100031_R122_T35WNP_20230510T154649,,6.5,,27.0,,7.2,23.0,15.6,1100.0,31.0,58.5,9.5,0.1,Korpijoki 2,,Kiuruvesi,,,,,,,,
FI_00001084,18170,18170,2023-05-10,63.728776901271246,26.38240528354664,,,,1200.0,27.0,44.0,14.0,,,,,,6.0,16.0,3.9,1200.0,27.0,44.0,14.0,0.2,Korpijoki 2,,Kiuruvesi,,,,,,,,,FI_00001120,18170,2023-08-17,63.728776901271246,26.38240528354664,,27.0,,1100.0,31.0,58.5,9.5,S2_FI_00001120,2023-05-10,0,96.690667,48.6157391944614,179.528359938755,,,35WNP,S2A_MSIL2A_20230510T100031_R122_T35WNP_20230510T154649,,6.5,,27.0,,7.2,23.0,15.6,1100.0,31.0,58.5,9.5,0.1,Korpijoki 2,,Kiuruvesi,,,,,,,,
FI_00001085,18170,18170,2023-05-10,63.728776901271246,26.38240528354664,,,,1200.0,27.0,44.0,14.0,,,,,,6.0,16.0,3.9,1200.0,27.0,44.0,14.0,0.2,Korpijoki 2,,Kiuruvesi,,,,,,,,,FI_00001120,18170,2023-08-17,63.728776901271246,26.38240528354664,,27.0,,1100.0,31.0,58.5,9.5,S2_FI_00001120,2023-05-10,0,96.690667,48.6157391944614,179.528359938755,,,35WNP,S2A_MSIL2A_20230510T100031_R122_T35WNP_20230510T154649,,6.5,,27.0,,7.2,23.0,15.6,1100.0,31.0,58.5,9.5,0.1,Korpijoki 2,,Kiuruvesi,,,,,,,,
FI_00001086,18170,18170,2023-05-16,63.728776901271246,26.38240528354664,,24.0,,1000.0,27.0,31.0,9.3,,3.2999999999999994,,24.0,,6.5,12.0,10.0,1000.0,27.0,31.0,9.3,0.1,Korpijoki 2,,Kiuruvesi,,,,,,,,,FI_00001043,18170,2023-02-13,63.728776901271246,26.38240528354664,,,,830.0,19.0,51.0,8.9,S2_FI_00001043,2023-05-15,1,28.729132,42.2096151999223,171.347479837009,,,34VEN,S2B_MSIL2A_20230515T095559_R122_T34VEN_20230515T150703,,,,,,7.0,14.0,-1.0,830.0,19.0,51.0,8.9,0.2,Korpijoki 2,,Kiuruvesi,,,,,,,,
FI_00001087,18170,18170,2023-05-16,63.728776901271246,26.38240528354664,,24.0,,1000.0,27.0,31.0,9.3,,3.2999999999999994,,24.0,,6.5,12.0,10.0,1000.0,27.0,31.0,9.3,0.1,Korpijoki 2,,Kiuruvesi,,,,,,,,,FI_00001043,18170,2023-02-13,63.728776901271246,26.38240528354664,,,,830.0,19.0,51.0,8.9,S2_FI_00001043,2023-05-15,1,28.729132,42.2096151999223,171.347479837009,,,34VEN,S2B_MSIL2A_20230515T095559_R122_T34VEN_20230515T150703,,,,,,7.0,14.0,-1.0,830.0,19.0,51.0,8.9,0.2,Korpijoki 2,,Kiuruvesi,,,,,,,,
FI_00001088,18170,18170,2023-05-16,63.728776901271246,26.38240528354664,,24.0,,1000.0,27.0,31.0,9.3,,3.2999999999999994,,24.0,,6.5,12.0,10.0,1000.0,27.0,31.0,9.3,0.1,Korpijoki 2,,Kiuruvesi,,,,,,,,,FI_00001043,18170,2023-02-13,63.728776901271246,26.38240528354664,,,,830.0,19.0,51.0,8.9,S2_FI_00001043,2023-05-15,1,28.729132,42.2096151999223,171.347479837009,,,34VEN,S2B_MSIL2A_20230515T095559_R122_T34VEN_20230515T150703,,,,,,7.0,14.0,-1.0,830.0,19.0,51.0,8.9,0.2,Korpijoki 2,,Kiuruvesi,,,,,,,,
FI_00001089,18170,18170,2023-05-16,63.728776901271246,26.38240528354664,,24.0,,1000.0,27.0,31.0,9.3,,3.2999999999999994,,24.0,,6.5,12.0,10.0,1000.0,27.0,31.0,9.3,0.1,Korpijoki 2,,Kiuruvesi,,,,,,,,,FI_00001043,18170,2023-02-13,63.728776901271246,26.38240528354664,,,,830.0,19.0,51.0,8.9,S2_FI_00001043,2023-05-15,1,28.729132,42.2096151999223,171.347479837009,,,34VEN,S2B_MSIL2A_20230515T095559_R122_T34VEN_20230515T150703,,,,,,7.0,14.0,-1.0,830.0,19.0,51.0,8.9,0.2,Korpijoki 2,,Kiuruvesi,,,,,,,,
FI_00001090,18170,18170,2023-05-16,63.728776901271246,26.38240528354664,,24.0,,1000.0,27.0,31.0,9.3,,3.2999999999999994,,24.0,,6.5,12.0,10.0,1000.0,27.0,31.0,9.3,0.1,Korpijoki 2,,Kiuruvesi,,,,,,,,,FI_00001043,18170,2023-02-13,63.728776901271246,26.38240528354664,,,,830.0,19.0,51.0,8.9,S2_FI_00001043,2023-05-15,1,28.729132,42.2096151999223,171.347479837009,,,34VEN,S2B_MSIL2A_20230515T095559_R122_T34VEN_20230515T150703,,,,,,7.0,14.0,-1.0,830.0,19.0,51.0,8.9,0.2,Korpijoki 2,,Kiuruvesi,,,,,,,,
FI_00001091,18170,18170,2023-05-16,63.728776901271246,26.38240528354664,,24.0,,1000.0,27.0,31.0,9.3,,3.2999999999999994,,24.0,,6.5,12.0,10.0,1000.0,27.0,31.0,9.3,0.1,Korpijoki 2,,Kiuruvesi,,,,,,,,,FI_00001043,18170,2023-02-13,63.728776901271246,26.38240528354664,,,,830.0,19.0,51.0,8.9,S2_FI_00001043,2023-05-15,1,28.729132,42.2096151999223,171.347479837009,,,34VEN,S2B_MSIL2A_20230515T095559_R122_T34VEN_20230515T150703,,,,,,7.0,14.0,-1.0,830.0,19.0,51.0,8.9,0.2,Korpijoki 2,,Kiuruvesi,,,,,,,,
FI_00001092,18170,18170,2023-05-22,63.728776901271246,26.38240528354664,,,,900.0,24.0,51.0,9.0,,,,,,6.900000000000001,14.0,11.4,900.0,24.0,51.0,9.0,0.1,Korpijoki 2,,Kiuruvesi,,,,,,,,,FI_00001174,18170,2024-01-08,63.728776901271246,26.38240528354664,,,,840.0,18.0,71.0,11.0,S2_FI_00001174,2023-05-22,0,60.619199,41.5880749517369,170.75536354474,,,35VLJ,S2B_MSIL2A_20230522T094549_R079_T35VLJ_20230522T142441,,,,,,7.099999999999999,18.0,0.0,840.0,18.0,71.0,11.0,0.0,Korpijoki 2,,Kiuruvesi,,,,,,,,
FI_00001093,18170,18170,2023-05-22,63.728776901271246,26.38240528354664,,,,900.0,24.0,51.0,9.0,,,,,,6.900000000000001,14.0,11.4,900.0,24.0,51.0,9.0,0.1,Korpijoki 2,,Kiuruvesi,,,,,,,,,FI_00001174,18170,2024-01-08,63.728776901271246,26.38240528354664,,,,840.0,18.0,71.0,11.0,S2_FI_00001174,2023-05-22,0,60.619199,41.5880749517369,170.75536354474,,,35VLJ,S2B_MSIL2A_20230522T094549_R079_T35VLJ_20230522T142441,,,,,,7.099999999999999,18.0,0.0,840.0,18.0,71.0,11.0,0.0,Korpijoki 2,,Kiuruvesi,,,,,,,,
FI_00001094,18170,18170,2023-05-22,63.728776901271246,26.38240528354664,,,,900.0,24.0,51.0,9.0,,,,,,6.900000000000001,14.0,11.4,900.0,24.0,51.0,9.0,0.1,Korpijoki 2,,Kiuruvesi,,,,,,,,,FI_00001174,18170,2024-01-08,63.728776901271246,26.38240528354664,,,,840.0,18.0,71.0,11.0,S2_FI_00001174,2023-05-22,0,60.619199,41.5880749517369,170.75536354474,,,35VLJ,S2B_MSIL2A_20230522T094549_R079_T35VLJ_20230522T142441,,,,,,7.099999999999999,18.0,0.0,840.0,18.0,71.0,11.0,0.0,Korpijoki 2,,Kiuruvesi,,,,,,,,
FI_00001095,18170,18170,2023-05-22,63.728776901271246,26.38240528354664,,,,900.0,24.0,51.0,9.0,,,,,,6.900000000000001,14.0,11.4,900.0,24.0,51.0,9.0,0.1,Korpijoki 2,,Kiuruvesi,,,,,,,,,FI_00001174,18170,2024-01-08,63.728776901271246,26.38240528354664,,,,840.0,18.0,71.0,11.0,S2_FI_00001174,2023-05-22,0,60.619199,41.5880749517369,170.75536354474,,,35VLJ,S2B_MSIL2A_20230522T094549_R079_T35VLJ_20230522T142441,,,,,,7.099999999999999,18.0,0.0,840.0,18.0,71.0,11.0,0.0,Korpijoki 2,,Kiuruvesi,,,,,,,,
FI_00001096,18170,18170,2023-05-22,63.728776901271246,26.38240528354664,,,,900.0,24.0,51.0,9.0,,,,,,6.900000000000001,14.0,11.4,900.0,24.0,51.0,9.0,0.1,Korpijoki 2,,Kiuruvesi,,,,,,,,,FI_00001174,18170,2024-01-08,63.728776901271246,26.38240528354664,,,,840.0,18.0,71.0,11.0,S2_FI_00001174,2023-05-22,0,60.619199,41.5880749517369,170.75536354474,,,35VLJ,S2B_MSIL2A_20230522T094549_R079_T35VLJ_20230522T142441,,,,,,7.099999999999999,18.0,0.0,840.0,18.0,71.0,11.0,0.0,Korpijoki 2,,Kiuruvesi,,,,,,,,
FI_00001097,18170,18170,2023-05-22,63.728776901271246,26.38240528354664,,,,900.0,24.0,51.0,9.0,,,,,,6.900000000000001,14.0,11.4,900.0,24.0,51.0,9.0,0.1,Korpijoki 2,,Kiuruvesi,,,,,,,,,FI_00001174,18170,2024-01-08,63.728776901271246,26.38240528354664,,,,840.0,18.0,71.0,11.0,S2_FI_00001174,2023-05-22,0,60.619199,41.5880749517369,170.75536354474,,,35VLJ,S2B_MSIL2A_20230522T094549_R079_T35VLJ_20230522T142441,,,,,,7.099999999999999,18.0,0.0,840.0,18.0,71.0,11.0,0.0,Korpijoki 2,,Kiuruvesi,,,,,,,,
FI_00001098,18170,18170,2023-05-31,63.728776901271246,26.38240528354664,,,,850.0,25.0,52.0,7.3,,,,,,7.099999999999999,8.0,9.7,850.0,25.0,52.0,7.3,0.2,Korpijoki 2,,Kiuruvesi,,,,,,,,,FI_00001121,18170,2023-08-17,63.728776901271246,26.38240528354664,,27.0,,1100.0,31.0,58.5,9.5,S2_FI_00001121,2023-05-30,1,44.812593,44.4621218720377,179.165169473991,,,35WNP,S2A_MSIL2A_20230530T100031_R122_T35WNP_20240906T093135,,6.5,,27.0,,7.2,23.0,15.6,1100.0,31.0,58.5,9.5,0.1,Korpijoki 2,,Kiuruvesi,,,,,,,,
FI_00001099,18170,18170,2023-05-31,63.728776901271246,26.38240528354664,,,,850.0,25.0,52.0,7.3,,,,,,7.099999999999999,8.0,9.7,850.0,25.0,52.0,7.3,0.2,Korpijoki 2,,Kiuruvesi,,,,,,,,,FI_00001121,18170,2023-08-17,63.728776901271246,26.38240528354664,,27.0,,1100.0,31.0,58.5,9.5,S2_FI_00001121,2023-05-30,1,44.812593,44.4621218720377,179.165169473991,,,35WNP,S2A_MSIL2A_20230530T100031_R122_T35WNP_20240906T093135,,6.5,,27.0,,7.2,23.0,15.6,1100.0,31.0,58.5,9.5,0.1,Korpijoki 2,,Kiuruvesi,,,,,,,,
FI_00001100,18170,18170,2023-05-31,63.728776901271246,26.38240528354664,,,,850.0,25.0,52.0,7.3,,,,,,7.099999999999999,8.0,9.7,850.0,25.0,52.0,7.3,0.2,Korpijoki 2,,Kiuruvesi,,,,,,,,,FI_00001121,18170,2023-08-17,63.728776901271246,26.38240528354664,,27.0,,1100.0,31.0,58.5,9.5,S2_FI_00001121,2023-05-30,1,44.812593,44.4621218720377,179.165169473991,,,35WNP,S2A_MSIL2A_20230530T100031_R122_T35WNP_20240906T093135,,6.5,,27.0,,7.2,23.0,15.6,1100.0,31.0,58.5,9.5,0.1,Korpijoki 2,,Kiuruvesi,,,,,,,,
FI_00001101,18170,18170,2023-05-31,63.728776901271246,26.38240528354664,,,,850.0,25.0,52.0,7.3,,,,,,7.099999999999999,8.0,9.7,850.0,25.0,52.0,7.3,0.2,Korpijoki 2,,Kiuruvesi,,,,,,,,,FI_00001121,18170,2023-08-17,63.728776901271246,26.38240528354664,,27.0,,1100.0,31.0,58.5,9.5,S2_FI_00001121,2023-05-30,1,44.812593,44.4621218720377,179.165169473991,,,35WNP,S2A_MSIL2A_20230530T100031_R122_T35WNP_20240906T093135,,6.5,,27.0,,7.2,23.0,15.6,1100.0,31.0,58.5,9.5,0.1,Korpijoki 2,,Kiuruvesi,,,,,,,,
FI_00001102,18170,18170,2023-05-31,63.728776901271246,26.38240528354664,,,,850.0,25.0,52.0,7.3,,,,,,7.099999999999999,8.0,9.7,850.0,25.0,52.0,7.3,0.2,Korpijoki 2,,Kiuruvesi,,,,,,,,,FI_00001121,18170,2023-08-17,63.728776901271246,26.38240528354664,,27.0,,1100.0,31.0,58.5,9.5,S2_FI_00001121,2023-05-30,1,44.812593,44.4621218720377,179.165169473991,,,35WNP,S2A_MSIL2A_20230530T100031_R122_T35WNP_20240906T093135,,6.5,,27.0,,7.2,23.0,15.6,1100.0,31.0,58.5,9.5,0.1,Korpijoki 2,,Kiuruvesi,,,,,,,,
FI_00001103,18170,18170,2023-05-31,63.728776901271246,26.38240528354664,,,,850.0,25.0,52.0,7.3,,,,,,7.099999999999999,8.0,9.7,850.0,25.0,52.0,7.3,0.2,Korpijoki 2,,Kiuruvesi,,,,,,,,,FI_00001121,18170,2023-08-17,63.728776901271246,26.38240528354664,,27.0,,1100.0,31.0,58.5,9.5,S2_FI_00001121,2023-05-30,1,44.812593,44.4621218720377,179.165169473991,,,35WNP,S2A_MSIL2A_20230530T100031_R122_T35WNP_20240906T093135,,6.5,,27.0,,7.2,23.0,15.6,1100.0,31.0,58.5,9.5,0.1,Korpijoki 2,,Kiuruvesi,,,,,,,,
FI_00001104,18170,18170,2023-06-19,63.728776901271246,26.38240528354664,,,,750.0,21.0,70.0,4.9,,,,,,7.3,11.0,18.4,750.0,21.0,70.0,4.9,0.1,Korpijoki 2,,Kiuruvesi,,,,,,,,,FI_00001124,18170,2023-08-28,63.728776901271246,26.38240528354664,,,,870.0,24.0,91.0,10.0,S2_FI_00001124,2023-06-19,0,5.771082,42.8131059857055,177.870595018803,,,35WNP,S2A_MSIL2A_20230619T100031_R122_T35WNP_20240911T192325,,,,,,7.5,10.0,11.9,870.0,24.0,91.0,10.0,0.1,Korpijoki 2,,Kiuruvesi,,,,,,,,
FI_00001105,18170,18170,2023-06-19,63.728776901271246,26.38240528354664,,,,750.0,21.0,70.0,4.9,,,,,,7.3,11.0,18.4,750.0,21.0,70.0,4.9,0.1,Korpijoki 2,,Kiuruvesi,,,,,,,,,FI_00001124,18170,2023-08-28,63.728776901271246,26.38240528354664,,,,870.0,24.0,91.0,10.0,S2_FI_00001124,2023-06-19,0,5.771082,42.8131059857055,177.870595018803,,,35WNP,S2A_MSIL2A_20230619T100031_R122_T35WNP_20240911T192325,,,,,,7.5,10.0,11.9,870.0,24.0,91.0,10.0,0.1,Korpijoki 2,,Kiuruvesi,,,,,,,,
FI_00001106,18170,18170,2023-06-19,63.728776901271246,26.38240528354664,,,,750.0,21.0,70.0,4.9,,,,,,7.3,11.0,18.4,750.0,21.0,70.0,4.9,0.1,Korpijoki 2,,Kiuruvesi,,,,,,,,,FI_00001124,18170,2023-08-28,63.728776901271246,26.38240528354664,,,,870.0,24.0,91.0,10.0,S2_FI_00001124,2023-06-19,0,5.771082,42.8131059857055,177.870595018803,,,35WNP,S2A_MSIL2A_20230619T100031_R122_T35WNP_20240911T192325,,,,,,7.5,10.0,11.9,870.0,24.0,91.0,10.0,0.1,Korpijoki 2,,Kiuruvesi,,,,,,,,
FI_00001107,18170,18170,2023-06-19,63.728776901271246,26.38240528354664,,,,750.0,21.0,70.0,4.9,,,,,,7.3,11.0,18.4,750.0,21.0,70.0,4.9,0.1,Korpijoki 2,,Kiuruvesi,,,,,,,,,FI_00001124,18170,2023-08-28,63.728776901271246,26.38240528354664,,,,870.0,24.0,91.0,10.0,S2_FI_00001124,2023-06-19,0,5.771082,42.8131059857055,177.870595018803,,,35WNP,S2A_MSIL2A_20230619T100031_R122_T35WNP_20240911T192325,,,,,,7.5,10.0,11.9,870.0,24.0,91.0,10.0,0.1,Korpijoki 2,,Kiuruvesi,,,,,,,,
FI_00001108,18170,18170,2023-06-19,63.728776901271246,26.38240528354664,,,,750.0,21.0,70.0,4.9,,,,,,7.3,11.0,18.4,750.0,21.0,70.0,4.9,0.1,Korpijoki 2,,Kiuruvesi,,,,,,,,,FI_00001124,18170,2023-08-28,63.728776901271246,26.38240528354664,,,,870.0,24.0,91.0,10.0,S2_FI_00001124,2023-06-19,0,5.771082,42.8131059857055,177.870595018803,,,35WNP,S2A_MSIL2A_20230619T100031_R122_T35WNP_20240911T192325,,,,,,7.5,10.0,11.9,870.0,24.0,91.0,10.0,0.1,Korpijoki 2,,Kiuruvesi,,,,,,,,
FI_00001109,18170,18170,2023-06-19,63.728776901271246,26.38240528354664,,,,750.0,21.0,70.0,4.9,,,,,,7.3,11.0,18.4,750.0,21.0,70.0,4.9,0.1,Korpijoki 2,,Kiuruvesi,,,,,,,,,FI_00001124,18170,2023-08-28,63.728776901271246,26.38240528354664,,,,870.0,24.0,91.0,10.0,S2_FI_00001124,2023-06-19,0,5.771082,42.8131059857055,177.870595018803,,,35WNP,S2A_MSIL2A_20230619T100031_R122_T35WNP_20240911T192325,,,,,,7.5,10.0,11.9,870.0,24.0,91.0,10.0,0.1,Korpijoki 2,,Kiuruvesi,,,,,,,,
FI_00001110,18170,18170,2023-07-18,63.728776901271246,26.38240528354664,,,,1000.0,29.0,94.0,8.8,,,,,,7.5,20.0,18.7,1000.0,29.0,94.0,8.8,0.1,Korpijoki 2,,Kiuruvesi,,,,,,,,,FI_00001176,18170,2024-02-14,63.728776901271246,26.38240528354664,,,,1100.0,17.0,90.0,15.0,S2_FI_00001176,2023-07-19,1,43.154007,41.1080368262074,170.798383926463,,,35VLJ,S2A_MSIL2A_20230719T100031_R122_T35VLJ_20241021T091658,,,,,,7.3,10.0,0.0,1100.0,17.0,90.0,15.0,0.1,Korpijoki 2,,Kiuruvesi,,,,,,,,
FI_00001111,18170,18170,2023-07-18,63.728776901271246,26.38240528354664,,,,1000.0,29.0,94.0,8.8,,,,,,7.5,20.0,18.7,1000.0,29.0,94.0,8.8,0.1,Korpijoki 2,,Kiuruvesi,,,,,,,,,FI_00001176,18170,2024-02-14,63.728776901271246,26.38240528354664,,,,1100.0,17.0,90.0,15.0,S2_FI_00001176,2023-07-19,1,43.154007,41.1080368262074,170.798383926463,,,35VLJ,S2A_MSIL2A_20230719T100031_R122_T35VLJ_20241021T091658,,,,,,7.3,10.0,0.0,1100.0,17.0,90.0,15.0,0.1,Korpijoki 2,,Kiuruvesi,,,,,,,,
FI_00001112,18170,18170,2023-07-18,63.728776901271246,26.38240528354664,,,,1000.0,29.0,94.0,8.8,,,,,,7.5,20.0,18.7,1000.0,29.0,94.0,8.8,0.1,Korpijoki 2,,Kiuruvesi,,,,,,,,,FI_00001176,18170,2024-02-14,63.728776901271246,26.38240528354664,,,,1100.0,17.0,90.0,15.0,S2_FI_00001176,2023-07-19,1,43.154007,41.1080368262074,170.798383926463,,,35VLJ,S2A_MSIL2A_20230719T100031_R122_T35VLJ_20241021T091658,,,,,,7.3,10.0,0.0,1100.0,17.0,90.0,15.0,0.1,Korpijoki 2,,Kiuruvesi,,,,,,,,
FI_00001113,18170,18170,2023-07-18,63.728776901271246,26.38240528354664,,,,1000.0,29.0,94.0,8.8,,,,,,7.5,20.0,18.7,1000.0,29.0,94.0,8.8,0.1,Korpijoki 2,,Kiuruvesi,,,,,,,,,FI_00001176,18170,2024-02-14,63.728776901271246,26.38240528354664,,,,1100.0,17.0,90.0,15.0,S2_FI_00001176,2023-07-19,1,43.154007,41.1080368262074,170.798383926463,,,35VLJ,S2A_MSIL2A_20230719T100031_R122_T35VLJ_20241021T091658,,,,,,7.3,10.0,0.0,1100.0,17.0,90.0,15.0,0.1,Korpijoki 2,,Kiuruvesi,,,,,,,,
FI_00001114,18170,18170,2023-07-18,63.728776901271246,26.38240528354664,,,,1000.0,29.0,94.0,8.8,,,,,,7.5,20.0,18.7,1000.0,29.0,94.0,8.8,0.1,Korpijoki 2,,Kiuruvesi,,,,,,,,,FI_00001176,18170,2024-02-14,63.728776901271246,26.38240528354664,,,,1100.0,17.0,90.0,15.0,S2_FI_00001176,2023-07-19,1,43.154007,41.1080368262074,170.798383926463,,,35VLJ,S2A_MSIL2A_20230719T100031_R122_T35VLJ_20241021T091658,,,,,,7.3,10.0,0.0,1100.0,17.0,90.0,15.0,0.1,Korpijoki 2,,Kiuruvesi,,,,,,,,
FI_00001115,18170,18170,2023-07-18,63.728776901271246,26.38240528354664,,,,1000.0,29.0,94.0,8.8,,,,,,7.5,20.0,18.7,1000.0,29.0,94.0,8.8,0.1,Korpijoki 2,,Kiuruvesi,,,,,,,,,FI_00001176,18170,2024-02-14,63.728776901271246,26.38240528354664,,,,1100.0,17.0,90.0,15.0,S2_FI_00001176,2023-07-19,1,43.154007,41.1080368262074,170.798383926463,,,35VLJ,S2A_MSIL2A_20230719T100031_R122_T35VLJ_20241021T091658,,,,,,7.3,10.0,0.0,1100.0,17.0,90.0,15.0,0.1,Korpijoki 2,,Kiuruvesi,,,,,,,,
FI_00001122,18170,18170,2023-08-28,63.728776901271246,26.38240528354664,,,,870.0,24.0,91.0,10.0,,,,,,7.5,10.0,11.9,870.0,24.0,91.0,10.0,0.1,Korpijoki 2,,Kiuruvesi,,,,,,,,,FI_00001127,18170,2023-08-28,63.728776901271246,26.38240528354664,,,,870.0,24.0,91.0,10.0,S2_FI_00001127,2023-08-28,0,47.150344,56.5079261040285,178.137133105958,,,35WNP,S2A_MSIL2A_20230828T100031_R122_T35WNP_20241018T065117,,,,,,7.5,10.0,11.9,870.0,24.0,91.0,10.0,0.1,Korpijoki 2,,Kiuruvesi,,,,,,,,
FI_00001123,18170,18170,2023-08-28,63.728776901271246,26.38240528354664,,,,870.0,24.0,91.0,10.0,,,,,,7.5,10.0,11.9,870.0,24.0,91.0,10.0,0.1,Korpijoki 2,,Kiuruvesi,,,,,,,,,FI_00001127,18170,2023-08-28,63.728776901271246,26.38240528354664,,,,870.0,24.0,91.0,10.0,S2_FI_00001127,2023-08-28,0,47.150344,56.5079261040285,178.137133105958,,,35WNP,S2A_MSIL2A_20230828T100031_R122_T35WNP_20241018T065117,,,,,,7.5,10.0,11.9,870.0,24.0,91.0,10.0,0.1,Korpijoki 2,,Kiuruvesi,,,,,,,,
FI_00001124,18170,18170,2023-08-28,63.728776901271246,26.38240528354664,,,,870.0,24.0,91.0,10.0,,,,,,7.5,10.0,11.9,870.0,24.0,91.0,10.0,0.1,Korpijoki 2,,Kiuruvesi,,,,,,,,,FI_00001127,18170,2023-08-28,63.728776901271246,26.38240528354664,,,,870.0,24.0,91.0,10.0,S2_FI_00001127,2023-08-28,0,47.150344,56.5079261040285,178.137133105958,,,35WNP,S2A_MSIL2A_20230828T100031_R122_T35WNP_20241018T065117,,,,,,7.5,10.0,11.9,870.0,24.0,91.0,10.0,0.1,Korpijoki 2,,Kiuruvesi,,,,,,,,
FI_00001125,18170,18170,2023-08-28,63.728776901271246,26.38240528354664,,,,870.0,24.0,91.0,10.0,,,,,,7.5,10.0,11.9,870.0,24.0,91.0,10.0,0.1,Korpijoki 2,,Kiuruvesi,,,,,,,,,FI_00001127,18170,2023-08-28,63.728776901271246,26.38240528354664,,,,870.0,24.0,91.0,10.0,S2_FI_00001127,2023-08-28,0,47.150344,56.5079261040285,178.137133105958,,,35WNP,S2A_MSIL2A_20230828T100031_R122_T35WNP_20241018T065117,,,,,,7.5,10.0,11.9,870.0,24.0,91.0,10.0,0.1,Korpijoki 2,,Kiuruvesi,,,,,,,,
FI_00001126,18170,18170,2023-08-28,63.728776901271246,26.38240528354664,,,,870.0,24.0,91.0,10.0,,,,,,7.5,10.0,11.9,870.0,24.0,91.0,10.0,0.1,Korpijoki 2,,Kiuruvesi,,,,,,,,,FI_00001127,18170,2023-08-28,63.728776901271246,26.38240528354664,,,,870.0,24.0,91.0,10.0,S2_FI_00001127,2023-08-28,0,47.150344,56.5079261040285,178.137133105958,,,35WNP,S2A_MSIL2A_20230828T100031_R122_T35WNP_20241018T065117,,,,,,7.5,10.0,11.9,870.0,24.0,91.0,10.0,0.1,Korpijoki 2,,Kiuruvesi,,,,,,,,
FI_00001127,18170,18170,2023-08-28,63.728776901271246,26.38240528354664,,,,870.0,24.0,91.0,10.0,,,,,,7.5,10.0,11.9,870.0,24.0,91.0,10.0,0.1,Korpijoki 2,,Kiuruvesi,,,,,,,,,FI_00001127,18170,2023-08-28,63.728776901271246,26.38240528354664,,,,870.0,24.0,91.0,10.0,S2_FI_00001127,2023-08-28,0,47.150344,56.5079261040285,178.137133105958,,,35WNP,S2A_MSIL2A_20230828T100031_R122_T35WNP_20241018T065117,,,,,,7.5,10.0,11.9,870.0,24.0,91.0,10.0,0.1,Korpijoki 2,,Kiuruvesi,,,,,,,,
FI_00001128,18170,18170,2023-09-12,63.728776901271246,26.38240528354664,,,,900.0,27.0,78.0,7.3,,,,,,7.2,18.0,14.0,900.0,27.0,78.0,7.3,0.1,Korpijoki 2,,Kiuruvesi,,,,,,,,,FI_00001213,18170,2024-04-29,63.728776901271246,26.38240528354664,,,,1700.0,26.0,88.0,19.0,S2_FI_00001213,2023-09-12,0,38.851899,57.5954112192955,175.300057666513,,,35VLJ,S2B_MSIL2A_20230912T095609_R122_T35VLJ_20241103T122113,,,,,,6.400000000000001,36.0,0.3,1700.0,26.0,88.0,19.0,0.4,Korpijoki 2,,Kiuruvesi,,,,,,,,
FI_00001129,18170,18170,2023-09-12,63.728776901271246,26.38240528354664,,,,900.0,27.0,78.0,7.3,,,,,,7.2,18.0,14.0,900.0,27.0,78.0,7.3,0.1,Korpijoki 2,,Kiuruvesi,,,,,,,,,FI_00001213,18170,2024-04-29,63.728776901271246,26.38240528354664,,,,1700.0,26.0,88.0,19.0,S2_FI_00001213,2023-09-12,0,38.851899,57.5954112192955,175.300057666513,,,35VLJ,S2B_MSIL2A_20230912T095609_R122_T35VLJ_20241103T122113,,,,,,6.400000000000001,36.0,0.3,1700.0,26.0,88.0,19.0,0.4,Korpijoki 2,,Kiuruvesi,,,,,,,,
FI_00001130,18170,18170,2023-09-12,63.728776901271246,26.38240528354664,,,,900.0,27.0,78.0,7.3,,,,,,7.2,18.0,14.0,900.0,27.0,78.0,7.3,0.1,Korpijoki 2,,Kiuruvesi,,,,,,,,,FI_00001213,18170,2024-04-29,63.728776901271246,26.38240528354664,,,,1700.0,26.0,88.0,19.0,S2_FI_00001213,2023-09-12,0,38.851899,57.5954112192955,175.300057666513,,,35VLJ,S2B_MSIL2A_20230912T095609_R122_T35VLJ_20241103T122113,,,,,,6.400000000000001,36.0,0.3,1700.0,26.0,88.0,19.0,0.4,Korpijoki 2,,Kiuruvesi,,,,,,,,
FI_00001131,18170,18170,2023-09-12,63.728776901271246,26.38240528354664,,,,900.0,27.0,78.0,7.3,,,,,,7.2,18.0,14.0,900.0,27.0,78.0,7.3,0.1,Korpijoki 2,,Kiuruvesi,,,,,,,,,FI_00001213,18170,2024-04-29,63.728776901271246,26.38240528354664,,,,1700.0,26.0,88.0,19.0,S2_FI_00001213,2023-09-12,0,38.851899,57.5954112192955,175.300057666513,,,35VLJ,S2B_MSIL2A_20230912T095609_R122_T35VLJ_20241103T122113,,,,,,6.400000000000001,36.0,0.3,1700.0,26.0,88.0,19.0,0.4,Korpijoki 2,,Kiuruvesi,,,,,,,,
FI_00001132,18170,18170,2023-09-12,63.728776901271246,26.38240528354664,,,,900.0,27.0,78.0,7.3,,,,,,7.2,18.0,14.0,900.0,27.0,78.0,7.3,0.1,Korpijoki 2,,Kiuruvesi,,,,,,,,,FI_00001213,18170,2024-04-29,63.728776901271246,26.38240528354664,,,,1700.0,26.0,88.0,19.0,S2_FI_00001213,2023-09-12,0,38.851899,57.5954112192955,175.300057666513,,,35VLJ,S2B_MSIL2A_20230912T095609_R122_T35VLJ_20241103T122113,,,,,,6.400000000000001,36.0,0.3,1700.0,26.0,88.0,19.0,0.4,Korpijoki 2,,Kiuruvesi,,,,,,,,
FI_00001133,18170,18170,2023-09-12,63.728776901271246,26.38240528354664,,,,900.0,27.0,78.0,7.3,,,,,,7.2,18.0,14.0,900.0,27.0,78.0,7.3,0.1,Korpijoki 2,,Kiuruvesi,,,,,,,,,FI_00001213,18170,2024-04-29,63.728776901271246,26.38240528354664,,,,1700.0,26.0,88.0,19.0,S2_FI_00001213,2023-09-12,0,38.851899,57.5954112192955,175.300057666513,,,35VLJ,S2B_MSIL2A_20230912T095609_R122_T35VLJ_20241103T122113,,,,,,6.400000000000001,36.0,0.3,1700.0,26.0,88.0,19.0,0.4,Korpijoki 2,,Kiuruvesi,,,,,,,,
FI_00001140,18170,18170,2023-10-09,63.728776901271246,26.38240528354664,,35.0,,1200.0,38.0,40.0,7.2,,4.4,,35.0,,6.599999999999999,10.0,4.5,1200.0,38.0,40.0,7.2,0.1,Korpijoki 2,,Kiuruvesi,,,,,,,,,FI_00001179,18170,2024-02-14,63.728776901271246,26.38240528354664,,,,1100.0,17.0,90.0,15.0,S2_FI_00001179,2023-10-09,0,24.984132,68.0302604041041,175.478268554585,,,35VLJ,S2B_MSIL2A_20231009T094819_R079_T35VLJ_20231009T143616,,,,,,7.3,10.0,0.0,1100.0,17.0,90.0,15.0,0.1,Korpijoki 2,,Kiuruvesi,,,,,,,,
FI_00001141,18170,18170,2023-10-09,63.728776901271246,26.38240528354664,,35.0,,1200.0,38.0,40.0,7.2,,4.4,,35.0,,6.599999999999999,10.0,4.5,1200.0,38.0,40.0,7.2,0.1,Korpijoki 2,,Kiuruvesi,,,,,,,,,FI_00001179,18170,2024-02-14,63.728776901271246,26.38240528354664,,,,1100.0,17.0,90.0,15.0,S2_FI_00001179,2023-10-09,0,24.984132,68.0302604041041,175.478268554585,,,35VLJ,S2B_MSIL2A_20231009T094819_R079_T35VLJ_20231009T143616,,,,,,7.3,10.0,0.0,1100.0,17.0,90.0,15.0,0.1,Korpijoki 2,,Kiuruvesi,,,,,,,,
FI_00001142,18170,18170,2023-10-09,63.728776901271246,26.38240528354664,,35.0,,1200.0,38.0,40.0,7.2,,4.4,,35.0,,6.599999999999999,10.0,4.5,1200.0,38.0,40.0,7.2,0.1,Korpijoki 2,,Kiuruvesi,,,,,,,,,FI_00001179,18170,2024-02-14,63.728776901271246,26.38240528354664,,,,1100.0,17.0,90.0,15.0,S2_FI_00001179,2023-10-09,0,24.984132,68.0302604041041,175.478268554585,,,35VLJ,S2B_MSIL2A_20231009T094819_R079_T35VLJ_20231009T143616,,,,,,7.3,10.0,0.0,1100.0,17.0,90.0,15.0,0.1,Korpijoki 2,,Kiuruvesi,,,,,,,,
FI_00001143,18170,18170,2023-10-09,63.728776901271246,26.38240528354664,,35.0,,1200.0,38.0,40.0,7.2,,4.4,,35.0,,6.599999999999999,10.0,4.5,1200.0,38.0,40.0,7.2,0.1,Korpijoki 2,,Kiuruvesi,,,,,,,,,FI_00001179,18170,2024-02-14,63.728776901271246,26.38240528354664,,,,1100.0,17.0,90.0,15.0,S2_FI_00001179,2023-10-09,0,24.984132,68.0302604041041,175.478268554585,,,35VLJ,S2B_MSIL2A_20231009T094819_R079_T35VLJ_20231009T143616,,,,,,7.3,10.0,0.0,1100.0,17.0,90.0,15.0,0.1,Korpijoki 2,,Kiuruvesi,,,,,,,,
FI_00001144,18170,18170,2023-10-09,63.728776901271246,26.38240528354664,,35.0,,1200.0,38.0,40.0,7.2,,4.4,,35.0,,6.599999999999999,10.0,4.5,1200.0,38.0,40.0,7.2,0.1,Korpijoki 2,,Kiuruvesi,,,,,,,,,FI_00001179,18170,2024-02-14,63.728776901271246,26.38240528354664,,,,1100.0,17.0,90.0,15.0,S2_FI_00001179,2023-10-09,0,24.984132,68.0302604041041,175.478268554585,,,35VLJ,S2B_MSIL2A_20231009T094819_R079_T35VLJ_20231009T143616,,,,,,7.3,10.0,0.0,1100.0,17.0,90.0,15.0,0.1,Korpijoki 2,,Kiuruvesi,,,,,,,,
FI_00001145,18170,18170,2023-10-09,63.728776901271246,26.38240528354664,,35.0,,1200.0,38.0,40.0,7.2,,4.4,,35.0,,6.599999999999999,10.0,4.5,1200.0,38.0,40.0,7.2,0.1,Korpijoki 2,,Kiuruvesi,,,,,,,,,FI_00001179,18170,2024-02-14,63.728776901271246,26.38240528354664,,,,1100.0,17.0,90.0,15.0,S2_FI_00001179,2023-10-09,0,24.984132,68.0302604041041,175.478268554585,,,35VLJ,S2B_MSIL2A_20231009T094819_R079_T35VLJ_20231009T143616,,,,,,7.3,10.0,0.0,1100.0,17.0,90.0,15.0,0.1,Korpijoki 2,,Kiuruvesi,,,,,,,,
FI_00001152,18170,18170,2023-11-08,63.728776901271246,26.38240528354664,,,,1500.0,27.0,110.0,24.0,,,,,,6.400000000000001,24.0,0.3,1500.0,27.0,110.0,24.0,0.1,Korpijoki 2,,Kiuruvesi,,,,,,,,,FI_00001217,18170,2024-04-29,63.728776901271246,26.38240528354664,,,,1700.0,26.0,88.0,19.0,S2_FI_00001217,2023-11-08,0,93.324697,78.3051126983115,176.767030596035,,,35VLJ,S2B_MSIL2A_20231108T095129_R079_T35VLJ_20231108T131948,,,,,,6.400000000000001,36.0,0.3,1700.0,26.0,88.0,19.0,0.4,Korpijoki 2,,Kiuruvesi,,,,,,,,
FI_00001153,18170,18170,2023-11-08,63.728776901271246,26.38240528354664,,,,1500.0,27.0,110.0,24.0,,,,,,6.400000000000001,24.0,0.3,1500.0,27.0,110.0,24.0,0.1,Korpijoki 2,,Kiuruvesi,,,,,,,,,FI_00001217,18170,2024-04-29,63.728776901271246,26.38240528354664,,,,1700.0,26.0,88.0,19.0,S2_FI_00001217,2023-11-08,0,93.324697,78.3051126983115,176.767030596035,,,35VLJ,S2B_MSIL2A_20231108T095129_R079_T35VLJ_20231108T131948,,,,,,6.400000000000001,36.0,0.3,1700.0,26.0,88.0,19.0,0.4,Korpijoki 2,,Kiuruvesi,,,,,,,,
FI_00001154,18170,18170,2023-11-08,63.728776901271246,26.38240528354664,,,,1500.0,27.0,110.0,24.0,,,,,,6.400000000000001,24.0,0.3,1500.0,27.0,110.0,24.0,0.1,Korpijoki 2,,Kiuruvesi,,,,,,,,,FI_00001217,18170,2024-04-29,63.728776901271246,26.38240528354664,,,,1700.0,26.0,88.0,19.0,S2_FI_00001217,2023-11-08,0,93.324697,78.3051126983115,176.767030596035,,,35VLJ,S2B_MSIL2A_20231108T095129_R079_T35VLJ_20231108T131948,,,,,,6.400000000000001,36.0,0.3,1700.0,26.0,88.0,19.0,0.4,Korpijoki 2,,Kiuruvesi,,,,,,,,
FI_00001155,18170,18170,2023-11-08,63.728776901271246,26.38240528354664,,,,1500.0,27.0,110.0,24.0,,,,,,6.400000000000001,24.0,0.3,1500.0,27.0,110.0,24.0,0.1,Korpijoki 2,,Kiuruvesi,,,,,,,,,FI_00001217,18170,2024-04-29,63.728776901271246,26.38240528354664,,,,1700.0,26.0,88.0,19.0,S2_FI_00001217,2023-11-08,0,93.324697,78.3051126983115,176.767030596035,,,35VLJ,S2B_MSIL2A_20231108T095129_R079_T35VLJ_20231108T131948,,,,,,6.400000000000001,36.0,0.3,1700.0,26.0,88.0,19.0,0.4,Korpijoki 2,,Kiuruvesi,,,,,,,,
FI_00001156,18170,18170,2023-11-08,63.728776901271246,26.38240528354664,,,,1500.0,27.0,110.0,24.0,,,,,,6.400000000000001,24.0,0.3,1500.0,27.0,110.0,24.0,0.1,Korpijoki 2,,Kiuruvesi,,,,,,,,,FI_00001217,18170,2024-04-29,63.728776901271246,26.38240528354664,,,,1700.0,26.0,88.0,19.0,S2_FI_00001217,2023-11-08,0,93.324697,78.3051126983115,176.767030596035,,,35VLJ,S2B_MSIL2A_20231108T095129_R079_T35VLJ_20231108T131948,,,,,,6.400000000000001,36.0,0.3,1700.0,26.0,88.0,19.0,0.4,Korpijoki 2,,Kiuruvesi,,,,,,,,
FI_00001157,18170,18170,2023-11-08,63.728776901271246,26.38240528354664,,,,1500.0,27.0,110.0,24.0,,,,,,6.400000000000001,24.0,0.3,1500.0,27.0,110.0,24.0,0.1,Korpijoki 2,,Kiuruvesi,,,,,,,,,FI_00001217,18170,2024-04-29,63.728776901271246,26.38240528354664,,,,1700.0,26.0,88.0,19.0,S2_FI_00001217,2023-11-08,0,93.324697,78.3051126983115,176.767030596035,,,35VLJ,S2B_MSIL2A_20231108T095129_R079_T35VLJ_20231108T131948,,,,,,6.400000000000001,36.0,0.3,1700.0,26.0,88.0,19.0,0.4,Korpijoki 2,,Kiuruvesi,,,,,,,,
FI_00001158,18170,18170,2023-11-22,63.728776901271246,26.38240528354664,,21.0,,870.0,23.0,37.5,6.900000000000001,,5.7,,21.0,,6.900000000000001,12.0,0.3,870.0,23.0,37.5,6.900000000000001,0.1,Korpijoki 2,,Kiuruvesi,,,,,,,,,FI_00001180,18170,2024-02-14,63.728776901271246,26.38240528354664,,,,1100.0,17.0,90.0,15.0,S2_FI_00001180,2023-11-21,1,99.401951,81.61755810483,178.71430002931,,,35VLJ,S2B_MSIL2A_20231121T100229_R122_T35VLJ_20231121T130751,,,,,,7.3,10.0,0.0,1100.0,17.0,90.0,15.0,0.1,Korpijoki 2,,Kiuruvesi,,,,,,,,
FI_00001159,18170,18170,2023-11-22,63.728776901271246,26.38240528354664,,21.0,,870.0,23.0,37.5,6.900000000000001,,5.7,,21.0,,6.900000000000001,12.0,0.3,870.0,23.0,37.5,6.900000000000001,0.1,Korpijoki 2,,Kiuruvesi,,,,,,,,,FI_00001180,18170,2024-02-14,63.728776901271246,26.38240528354664,,,,1100.0,17.0,90.0,15.0,S2_FI_00001180,2023-11-21,1,99.401951,81.61755810483,178.71430002931,,,35VLJ,S2B_MSIL2A_20231121T100229_R122_T35VLJ_20231121T130751,,,,,,7.3,10.0,0.0,1100.0,17.0,90.0,15.0,0.1,Korpijoki 2,,Kiuruvesi,,,,,,,,
FI_00001160,18170,18170,2023-11-22,63.728776901271246,26.38240528354664,,21.0,,870.0,23.0,37.5,6.900000000000001,,5.7,,21.0,,6.900000000000001,12.0,0.3,870.0,23.0,37.5,6.900000000000001,0.1,Korpijoki 2,,Kiuruvesi,,,,,,,,,FI_00001180,18170,2024-02-14,63.728776901271246,26.38240528354664,,,,1100.0,17.0,90.0,15.0,S2_FI_00001180,2023-11-21,1,99.401951,81.61755810483,178.71430002931,,,35VLJ,S2B_MSIL2A_20231121T100229_R122_T35VLJ_20231121T130751,,,,,,7.3,10.0,0.0,1100.0,17.0,90.0,15.0,0.1,Korpijoki 2,,Kiuruvesi,,,,,,,,
FI_00001161,18170,18170,2023-11-22,63.728776901271246,26.38240528354664,,21.0,,870.0,23.0,37.5,6.900000000000001,,5.7,,21.0,,6.900000000000001,12.0,0.3,870.0,23.0,37.5,6.900000000000001,0.1,Korpijoki 2,,Kiuruvesi,,,,,,,,,FI_00001180,18170,2024-02-14,63.728776901271246,26.38240528354664,,,,1100.0,17.0,90.0,15.0,S2_FI_00001180,2023-11-21,1,99.401951,81.61755810483,178.71430002931,,,35VLJ,S2B_MSIL2A_20231121T100229_R122_T35VLJ_20231121T130751,,,,,,7.3,10.0,0.0,1100.0,17.0,90.0,15.0,0.1,Korpijoki 2,,Kiuruvesi,,,,,,,,
FI_00001162,18170,18170,2023-11-22,63.728776901271246,26.38240528354664,,21.0,,870.0,23.0,37.5,6.900000000000001,,5.7,,21.0,,6.900000000000001,12.0,0.3,870.0,23.0,37.5,6.900000000000001,0.1,Korpijoki 2,,Kiuruvesi,,,,,,,,,FI_00001180,18170,2024-02-14,63.728776901271246,26.38240528354664,,,,1100.0,17.0,90.0,15.0,S2_FI_00001180,2023-11-21,1,99.401951,81.61755810483,178.71430002931,,,35VLJ,S2B_MSIL2A_20231121T100229_R122_T35VLJ_20231121T130751,,,,,,7.3,10.0,0.0,1100.0,17.0,90.0,15.0,0.1,Korpijoki 2,,Kiuruvesi,,,,,,,,
FI_00001163,18170,18170,2023-11-22,63.728776901271246,26.38240528354664,,21.0,,870.0,23.0,37.5,6.900000000000001,,5.7,,21.0,,6.900000000000001,12.0,0.3,870.0,23.0,37.5,6.900000000000001,0.1,Korpijoki 2,,Kiuruvesi,,,,,,,,,FI_00001180,18170,2024-02-14,63.728776901271246,26.38240528354664,,,,1100.0,17.0,90.0,15.0,S2_FI_00001180,2023-11-21,1,99.401951,81.61755810483,178.71430002931,,,35VLJ,S2B_MSIL2A_20231121T100229_R122_T35VLJ_20231121T130751,,,,,,7.3,10.0,0.0,1100.0,17.0,90.0,15.0,0.1,Korpijoki 2,,Kiuruvesi,,,,,,,,
FI_00001176,18170,18170,2024-02-14,63.728776901271246,26.38240528354664,,,,1100.0,17.0,90.0,15.0,,,,,,7.3,10.0,0.0,1100.0,17.0,90.0,15.0,0.1,Korpijoki 2,,Kiuruvesi,,,,,,,,,FI_00001183,18170,2024-03-11,63.728776901271246,26.38240528354664,,15.0,,940.0,18.0,49.0,15.0,S2_FI_00001183,2024-02-14,0,99.895048,75.1302312263122,171.491724087838,,,35VLJ,S2A_MSIL2A_20240214T100121_R122_T35VLJ_20240214T135103,,8.9,,15.0,,7.3,18.0,0.0,940.0,18.0,49.0,15.0,0.1,Korpijoki 2,,Kiuruvesi,,,,,,,,
FI_00001177,18170,18170,2024-02-14,63.728776901271246,26.38240528354664,,,,1100.0,17.0,90.0,15.0,,,,,,7.3,10.0,0.0,1100.0,17.0,90.0,15.0,0.1,Korpijoki 2,,Kiuruvesi,,,,,,,,,FI_00001183,18170,2024-03-11,63.728776901271246,26.38240528354664,,15.0,,940.0,18.0,49.0,15.0,S2_FI_00001183,2024-02-14,0,99.895048,75.1302312263122,171.491724087838,,,35VLJ,S2A_MSIL2A_20240214T100121_R122_T35VLJ_20240214T135103,,8.9,,15.0,,7.3,18.0,0.0,940.0,18.0,49.0,15.0,0.1,Korpijoki 2,,Kiuruvesi,,,,,,,,
FI_00001178,18170,18170,2024-02-14,63.728776901271246,26.38240528354664,,,,1100.0,17.0,90.0,15.0,,,,,,7.3,10.0,0.0,1100.0,17.0,90.0,15.0,0.1,Korpijoki 2,,Kiuruvesi,,,,,,,,,FI_00001183,18170,2024-03-11,63.728776901271246,26.38240528354664,,15.0,,940.0,18.0,49.0,15.0,S2_FI_00001183,2024-02-14,0,99.895048,75.1302312263122,171.491724087838,,,35VLJ,S2A_MSIL2A_20240214T100121_R122_T35VLJ_20240214T135103,,8.9,,15.0,,7.3,18.0,0.0,940.0,18.0,49.0,15.0,0.1,Korpijoki 2,,Kiuruvesi,,,,,,,,
FI_00001179,18170,18170,2024-02-14,63.728776901271246,26.38240528354664,,,,1100.0,17.0,90.0,15.0,,,,,,7.3,10.0,0.0,1100.0,17.0,90.0,15.0,0.1,Korpijoki 2,,Kiuruvesi,,,,,,,,,FI_00001183,18170,2024-03-11,63.728776901271246,26.38240528354664,,15.0,,940.0,18.0,49.0,15.0,S2_FI_00001183,2024-02-14,0,99.895048,75.1302312263122,171.491724087838,,,35VLJ,S2A_MSIL2A_20240214T100121_R122_T35VLJ_20240214T135103,,8.9,,15.0,,7.3,18.0,0.0,940.0,18.0,49.0,15.0,0.1,Korpijoki 2,,Kiuruvesi,,,,,,,,
FI_00001180,18170,18170,2024-02-14,63.728776901271246,26.38240528354664,,,,1100.0,17.0,90.0,15.0,,,,,,7.3,10.0,0.0,1100.0,17.0,90.0,15.0,0.1,Korpijoki 2,,Kiuruvesi,,,,,,,,,FI_00001183,18170,2024-03-11,63.728776901271246,26.38240528354664,,15.0,,940.0,18.0,49.0,15.0,S2_FI_00001183,2024-02-14,0,99.895048,75.1302312263122,171.491724087838,,,35VLJ,S2A_MSIL2A_20240214T100121_R122_T35VLJ_20240214T135103,,8.9,,15.0,,7.3,18.0,0.0,940.0,18.0,49.0,15.0,0.1,Korpijoki 2,,Kiuruvesi,,,,,,,,
FI_00001181,18170,18170,2024-02-14,63.728776901271246,26.38240528354664,,,,1100.0,17.0,90.0,15.0,,,,,,7.3,10.0,0.0,1100.0,17.0,90.0,15.0,0.1,Korpijoki 2,,Kiuruvesi,,,,,,,,,FI_00001183,18170,2024-03-11,63.728776901271246,26.38240528354664,,15.0,,940.0,18.0,49.0,15.0,S2_FI_00001183,2024-02-14,0,99.895048,75.1302312263122,171.491724087838,,,35VLJ,S2A_MSIL2A_20240214T100121_R122_T35VLJ_20240214T135103,,8.9,,15.0,,7.3,18.0,0.0,940.0,18.0,49.0,15.0,0.1,Korpijoki 2,,Kiuruvesi,,,,,,,,
FI_00001182,18170,18170,2024-03-11,63.728776901271246,26.38240528354664,,15.0,,940.0,18.0,49.0,15.0,,8.9,,15.0,,7.3,18.0,0.0,940.0,18.0,49.0,15.0,0.1,Korpijoki 2,,Kiuruvesi,,,,,,,,,FI_00001058,18170,2023-04-12,63.728776901271246,26.38240528354664,,,,1500.0,19.0,81.0,14.0,S2_FI_00001058,2024-03-10,1,49.262103,65.1025983039016,169.416914025007,,,34VEN,S2B_MSIL2A_20240310T095729_R122_T34VEN_20240310T142815,,,,,,7.2,16.0,0.2,1500.0,19.0,81.0,14.0,0.2,Korpijoki 2,,Kiuruvesi,,,,,,,,
FI_00001183,18170,18170,2024-03-11,63.728776901271246,26.38240528354664,,15.0,,940.0,18.0,49.0,15.0,,8.9,,15.0,,7.3,18.0,0.0,940.0,18.0,49.0,15.0,0.1,Korpijoki 2,,Kiuruvesi,,,,,,,,,FI_00001058,18170,2023-04-12,63.728776901271246,26.38240528354664,,,,1500.0,19.0,81.0,14.0,S2_FI_00001058,2024-03-10,1,49.262103,65.1025983039016,169.416914025007,,,34VEN,S2B_MSIL2A_20240310T095729_R122_T34VEN_20240310T142815,,,,,,7.2,16.0,0.2,1500.0,19.0,81.0,14.0,0.2,Korpijoki 2,,Kiuruvesi,,,,,,,,
FI_00001184,18170,18170,2024-03-11,63.728776901271246,26.38240528354664,,15.0,,940.0,18.0,49.0,15.0,,8.9,,15.0,,7.3,18.0,0.0,940.0,18.0,49.0,15.0,0.1,Korpijoki 2,,Kiuruvesi,,,,,,,,,FI_00001058,18170,2023-04-12,63.728776901271246,26.38240528354664,,,,1500.0,19.0,81.0,14.0,S2_FI_00001058,2024-03-10,1,49.262103,65.1025983039016,169.416914025007,,,34VEN,S2B_MSIL2A_20240310T095729_R122_T34VEN_20240310T142815,,,,,,7.2,16.0,0.2,1500.0,19.0,81.0,14.0,0.2,Korpijoki 2,,Kiuruvesi,,,,,,,,
FI_00001185,18170,18170,2024-03-11,63.728776901271246,26.38240528354664,,15.0,,940.0,18.0,49.0,15.0,,8.9,,15.0,,7.3,18.0,0.0,940.0,18.0,49.0,15.0,0.1,Korpijoki 2,,Kiuruvesi,,,,,,,,,FI_00001058,18170,2023-04-12,63.728776901271246,26.38240528354664,,,,1500.0,19.0,81.0,14.0,S2_FI_00001058,2024-03-10,1,49.262103,65.1025983039016,169.416914025007,,,34VEN,S2B_MSIL2A_20240310T095729_R122_T34VEN_20240310T142815,,,,,,7.2,16.0,0.2,1500.0,19.0,81.0,14.0,0.2,Korpijoki 2,,Kiuruvesi,,,,,,,,
FI_00001186,18170,18170,2024-03-11,63.728776901271246,26.38240528354664,,15.0,,940.0,18.0,49.0,15.0,,8.9,,15.0,,7.3,18.0,0.0,940.0,18.0,49.0,15.0,0.1,Korpijoki 2,,Kiuruvesi,,,,,,,,,FI_00001058,18170,2023-04-12,63.728776901271246,26.38240528354664,,,,1500.0,19.0,81.0,14.0,S2_FI_00001058,2024-03-10,1,49.262103,65.1025983039016,169.416914025007,,,34VEN,S2B_MSIL2A_20240310T095729_R122_T34VEN_20240310T142815,,,,,,7.2,16.0,0.2,1500.0,19.0,81.0,14.0,0.2,Korpijoki 2,,Kiuruvesi,,,,,,,,
FI_00001187,18170,18170,2024-03-11,63.728776901271246,26.38240528354664,,15.0,,940.0,18.0,49.0,15.0,,8.9,,15.0,,7.3,18.0,0.0,940.0,18.0,49.0,15.0,0.1,Korpijoki 2,,Kiuruvesi,,,,,,,,,FI_00001058,18170,2023-04-12,63.728776901271246,26.38240528354664,,,,1500.0,19.0,81.0,14.0,S2_FI_00001058,2024-03-10,1,49.262103,65.1025983039016,169.416914025007,,,34VEN,S2B_MSIL2A_20240310T095729_R122_T34VEN_20240310T142815,,,,,,7.2,16.0,0.2,1500.0,19.0,81.0,14.0,0.2,Korpijoki 2,,Kiuruvesi,,,,,,,,
FI_00001194,18170,18170,2024-04-09,63.728776901271246,26.38240528354664,,,,3300.0,23.0,93.0,12.0,,,,,,6.400000000000001,13.0,0.3,3300.0,23.0,93.0,12.0,0.1,Korpijoki 2,,Kiuruvesi,,,,,,,,,FI_00001105,18170,2023-06-19,63.728776901271246,26.38240528354664,,,,750.0,21.0,70.0,4.9,S2_FI_00001105,2024-04-09,0,24.695794,53.2913799353838,170.811939720118,,,34VEN,S2B_MSIL2A_20240409T095549_R122_T34VEN_20240411T002049,,,,,,7.3,11.0,18.4,750.0,21.0,70.0,4.9,0.1,Korpijoki 2,,Kiuruvesi,,,,,,,,
FI_00001195,18170,18170,2024-04-09,63.728776901271246,26.38240528354664,,,,3300.0,23.0,93.0,12.0,,,,,,6.400000000000001,13.0,0.3,3300.0,23.0,93.0,12.0,0.1,Korpijoki 2,,Kiuruvesi,,,,,,,,,FI_00001105,18170,2023-06-19,63.728776901271246,26.38240528354664,,,,750.0,21.0,70.0,4.9,S2_FI_00001105,2024-04-09,0,24.695794,53.2913799353838,170.811939720118,,,34VEN,S2B_MSIL2A_20240409T095549_R122_T34VEN_20240411T002049,,,,,,7.3,11.0,18.4,750.0,21.0,70.0,4.9,0.1,Korpijoki 2,,Kiuruvesi,,,,,,,,
FI_00001196,18170,18170,2024-04-09,63.728776901271246,26.38240528354664,,,,3300.0,23.0,93.0,12.0,,,,,,6.400000000000001,13.0,0.3,3300.0,23.0,93.0,12.0,0.1,Korpijoki 2,,Kiuruvesi,,,,,,,,,FI_00001105,18170,2023-06-19,63.728776901271246,26.38240528354664,,,,750.0,21.0,70.0,4.9,S2_FI_00001105,2024-04-09,0,24.695794,53.2913799353838,170.811939720118,,,34VEN,S2B_MSIL2A_20240409T095549_R122_T34VEN_20240411T002049,,,,,,7.3,11.0,18.4,750.0,21.0,70.0,4.9,0.1,Korpijoki 2,,Kiuruvesi,,,,,,,,
FI_00001197,18170,18170,2024-04-09,63.728776901271246,26.38240528354664,,,,3300.0,23.0,93.0,12.0,,,,,,6.400000000000001,13.0,0.3,3300.0,23.0,93.0,12.0,0.1,Korpijoki 2,,Kiuruvesi,,,,,,,,,FI_00001105,18170,2023-06-19,63.728776901271246,26.38240528354664,,,,750.0,21.0,70.0,4.9,S2_FI_00001105,2024-04-09,0,24.695794,53.2913799353838,170.811939720118,,,34VEN,S2B_MSIL2A_20240409T095549_R122_T34VEN_20240411T002049,,,,,,7.3,11.0,18.4,750.0,21.0,70.0,4.9,0.1,Korpijoki 2,,Kiuruvesi,,,,,,,,
FI_00001198,18170,18170,2024-04-09,63.728776901271246,26.38240528354664,,,,3300.0,23.0,93.0,12.0,,,,,,6.400000000000001,13.0,0.3,3300.0,23.0,93.0,12.0,0.1,Korpijoki 2,,Kiuruvesi,,,,,,,,,FI_00001105,18170,2023-06-19,63.728776901271246,26.38240528354664,,,,750.0,21.0,70.0,4.9,S2_FI_00001105,2024-04-09,0,24.695794,53.2913799353838,170.811939720118,,,34VEN,S2B_MSIL2A_20240409T095549_R122_T34VEN_20240411T002049,,,,,,7.3,11.0,18.4,750.0,21.0,70.0,4.9,0.1,Korpijoki 2,,Kiuruvesi,,,,,,,,
FI_00001199,18170,18170,2024-04-09,63.728776901271246,26.38240528354664,,,,3300.0,23.0,93.0,12.0,,,,,,6.400000000000001,13.0,0.3,3300.0,23.0,93.0,12.0,0.1,Korpijoki 2,,Kiuruvesi,,,,,,,,,FI_00001105,18170,2023-06-19,63.728776901271246,26.38240528354664,,,,750.0,21.0,70.0,4.9,S2_FI_00001105,2024-04-09,0,24.695794,53.2913799353838,170.811939720118,,,34VEN,S2B_MSIL2A_20240409T095549_R122_T34VEN_20240411T002049,,,,,,7.3,11.0,18.4,750.0,21.0,70.0,4.9,0.1,Korpijoki 2,,Kiuruvesi,,,,,,,,
FI_00001200,18170,18170,2024-04-17,63.728776901271246,26.38240528354664,,,,1900.0,30.0,75.0,18.0,,,,,,5.8,26.0,-0.1,1900.0,30.0,75.0,18.0,0.1,Korpijoki 2,,Kiuruvesi,,,,,,,,,FI_00001137,18170,2023-09-27,63.728776901271246,26.38240528354664,,,,1100.0,38.0,66.0,5.8,S2_FI_00001137,2024-04-16,1,99.878144,55.9099128357031,175.631468807783,,,35WNP,S2B_MSIL2A_20240416T094549_R079_T35WNP_20240416T131506,,,,,,6.8,12.0,10.5,1100.0,38.0,66.0,5.8,0.1,Korpijoki 2,,Kiuruvesi,,,,,,,,
FI_00001201,18170,18170,2024-04-17,63.728776901271246,26.38240528354664,,,,1900.0,30.0,75.0,18.0,,,,,,5.8,26.0,-0.1,1900.0,30.0,75.0,18.0,0.1,Korpijoki 2,,Kiuruvesi,,,,,,,,,FI_00001137,18170,2023-09-27,63.728776901271246,26.38240528354664,,,,1100.0,38.0,66.0,5.8,S2_FI_00001137,2024-04-16,1,99.878144,55.9099128357031,175.631468807783,,,35WNP,S2B_MSIL2A_20240416T094549_R079_T35WNP_20240416T131506,,,,,,6.8,12.0,10.5,1100.0,38.0,66.0,5.8,0.1,Korpijoki 2,,Kiuruvesi,,,,,,,,
FI_00001202,18170,18170,2024-04-17,63.728776901271246,26.38240528354664,,,,1900.0,30.0,75.0,18.0,,,,,,5.8,26.0,-0.1,1900.0,30.0,75.0,18.0,0.1,Korpijoki 2,,Kiuruvesi,,,,,,,,,FI_00001137,18170,2023-09-27,63.728776901271246,26.38240528354664,,,,1100.0,38.0,66.0,5.8,S2_FI_00001137,2024-04-16,1,99.878144,55.9099128357031,175.631468807783,,,35WNP,S2B_MSIL2A_20240416T094549_R079_T35WNP_20240416T131506,,,,,,6.8,12.0,10.5,1100.0,38.0,66.0,5.8,0.1,Korpijoki 2,,Kiuruvesi,,,,,,,,
FI_00001203,18170,18170,2024-04-17,63.728776901271246,26.38240528354664,,,,1900.0,30.0,75.0,18.0,,,,,,5.8,26.0,-0.1,1900.0,30.0,75.0,18.0,0.1,Korpijoki 2,,Kiuruvesi,,,,,,,,,FI_00001137,18170,2023-09-27,63.728776901271246,26.38240528354664,,,,1100.0,38.0,66.0,5.8,S2_FI_00001137,2024-04-16,1,99.878144,55.9099128357031,175.631468807783,,,35WNP,S2B_MSIL2A_20240416T094549_R079_T35WNP_20240416T131506,,,,,,6.8,12.0,10.5,1100.0,38.0,66.0,5.8,0.1,Korpijoki 2,,Kiuruvesi,,,,,,,,
FI_00001204,18170,18170,2024-04-17,63.728776901271246,26.38240528354664,,,,1900.0,30.0,75.0,18.0,,,,,,5.8,26.0,-0.1,1900.0,30.0,75.0,18.0,0.1,Korpijoki 2,,Kiuruvesi,,,,,,,,,FI_00001137,18170,2023-09-27,63.728776901271246,26.38240528354664,,,,1100.0,38.0,66.0,5.8,S2_FI_00001137,2024-04-16,1,99.878144,55.9099128357031,175.631468807783,,,35WNP,S2B_MSIL2A_20240416T094549_R079_T35WNP_20240416T131506,,,,,,6.8,12.0,10.5,1100.0,38.0,66.0,5.8,0.1,Korpijoki 2,,Kiuruvesi,,,,,,,,
FI_00001205,18170,18170,2024-04-17,63.728776901271246,26.38240528354664,,,,1900.0,30.0,75.0,18.0,,,,,,5.8,26.0,-0.1,1900.0,30.0,75.0,18.0,0.1,Korpijoki 2,,Kiuruvesi,,,,,,,,,FI_00001137,18170,2023-09-27,63.728776901271246,26.38240528354664,,,,1100.0,38.0,66.0,5.8,S2_FI_00001137,2024-04-16,1,99.878144,55.9099128357031,175.631468807783,,,35WNP,S2B_MSIL2A_20240416T094549_R079_T35WNP_20240416T131506,,,,,,6.8,12.0,10.5,1100.0,38.0,66.0,5.8,0.1,Korpijoki 2,,Kiuruvesi,,,,,,,,
FI_00001206,18170,18170,2024-04-22,63.728776901271246,26.38240528354664,,,,1500.0,27.0,43.0,6.099999999999999,,,,,,6.3,6.3,0.3,1500.0,27.0,43.0,6.099999999999999,0.1,Korpijoki 2,,Kiuruvesi,,,,,,,,,FI_00001064,18170,2023-04-19,63.728776901271246,26.38240528354664,,,,2500.0,24.0,73.0,14.0,S2_FI_00001064,2024-04-22,0,99.999911,48.4997404029553,174.554971556526,,,34VEN,S2B_MSIL2A_20240422T100559_R022_T34VEN_20240422T141653,,,,,,6.3,18.0,0.0,2500.0,24.0,73.0,14.0,0.1,Korpijoki 2,,Kiuruvesi,,,,,,,,
FI_00001207,18170,18170,2024-04-22,63.728776901271246,26.38240528354664,,,,1500.0,27.0,43.0,6.099999999999999,,,,,,6.3,6.3,0.3,1500.0,27.0,43.0,6.099999999999999,0.1,Korpijoki 2,,Kiuruvesi,,,,,,,,,FI_00001064,18170,2023-04-19,63.728776901271246,26.38240528354664,,,,2500.0,24.0,73.0,14.0,S2_FI_00001064,2024-04-22,0,99.999911,48.4997404029553,174.554971556526,,,34VEN,S2B_MSIL2A_20240422T100559_R022_T34VEN_20240422T141653,,,,,,6.3,18.0,0.0,2500.0,24.0,73.0,14.0,0.1,Korpijoki 2,,Kiuruvesi,,,,,,,,
FI_00001208,18170,18170,2024-04-22,63.728776901271246,26.38240528354664,,,,1500.0,27.0,43.0,6.099999999999999,,,,,,6.3,6.3,0.3,1500.0,27.0,43.0,6.099999999999999,0.1,Korpijoki 2,,Kiuruvesi,,,,,,,,,FI_00001064,18170,2023-04-19,63.728776901271246,26.38240528354664,,,,2500.0,24.0,73.0,14.0,S2_FI_00001064,2024-04-22,0,99.999911,48.4997404029553,174.554971556526,,,34VEN,S2B_MSIL2A_20240422T100559_R022_T34VEN_20240422T141653,,,,,,6.3,18.0,0.0,2500.0,24.0,73.0,14.0,0.1,Korpijoki 2,,Kiuruvesi,,,,,,,,
FI_00001209,18170,18170,2024-04-22,63.728776901271246,26.38240528354664,,,,1500.0,27.0,43.0,6.099999999999999,,,,,,6.3,6.3,0.3,1500.0,27.0,43.0,6.099999999999999,0.1,Korpijoki 2,,Kiuruvesi,,,,,,,,,FI_00001064,18170,2023-04-19,63.728776901271246,26.38240528354664,,,,2500.0,24.0,73.0,14.0,S2_FI_00001064,2024-04-22,0,99.999911,48.4997404029553,174.554971556526,,,34VEN,S2B_MSIL2A_20240422T100559_R022_T34VEN_20240422T141653,,,,,,6.3,18.0,0.0,2500.0,24.0,73.0,14.0,0.1,Korpijoki 2,,Kiuruvesi,,,,,,,,
FI_00001210,18170,18170,2024-04-22,63.728776901271246,26.38240528354664,,,,1500.0,27.0,43.0,6.099999999999999,,,,,,6.3,6.3,0.3,1500.0,27.0,43.0,6.099999999999999,0.1,Korpijoki 2,,Kiuruvesi,,,,,,,,,FI_00001064,18170,2023-04-19,63.728776901271246,26.38240528354664,,,,2500.0,24.0,73.0,14.0,S2_FI_00001064,2024-04-22,0,99.999911,48.4997404029553,174.554971556526,,,34VEN,S2B_MSIL2A_20240422T100559_R022_T34VEN_20240422T141653,,,,,,6.3,18.0,0.0,2500.0,24.0,73.0,14.0,0.1,Korpijoki 2,,Kiuruvesi,,,,,,,,
FI_00001211,18170,18170,2024-04-22,63.728776901271246,26.38240528354664,,,,1500.0,27.0,43.0,6.099999999999999,,,,,,6.3,6.3,0.3,1500.0,27.0,43.0,6.099999999999999,0.1,Korpijoki 2,,Kiuruvesi,,,,,,,,,FI_00001064,18170,2023-04-19,63.728776901271246,26.38240528354664,,,,2500.0,24.0,73.0,14.0,S2_FI_00001064,2024-04-22,0,99.999911,48.4997404029553,174.554971556526,,,34VEN,S2B_MSIL2A_20240422T100559_R022_T34VEN_20240422T141653,,,,,,6.3,18.0,0.0,2500.0,24.0,73.0,14.0,0.1,Korpijoki 2,,Kiuruvesi,,,,,,,,
FI_00001224,18170,18170,2024-05-15,63.728776901271246,26.38240528354664,,24.0,,1100.0,25.0,29.0,6.8,,2.7000000000000006,,24.0,,6.099999999999999,10.0,6.3,1100.0,25.0,29.0,6.8,0.1,Korpijoki 2,,Kiuruvesi,,,,,,,,,FI_00001108,18170,2023-06-19,63.728776901271246,26.38240528354664,,,,750.0,21.0,70.0,4.9,S2_FI_00001108,2024-05-14,1,58.041942,42.2663677247592,171.348181670994,,,34VEN,S2A_MSIL2A_20240514T100031_R122_T34VEN_20240514T140519,,,,,,7.3,11.0,18.4,750.0,21.0,70.0,4.9,0.1,Korpijoki 2,,Kiuruvesi,,,,,,,,
FI_00001225,18170,18170,2024-05-15,63.728776901271246,26.38240528354664,,24.0,,1100.0,25.0,29.0,6.8,,2.7000000000000006,,24.0,,6.099999999999999,10.0,6.3,1100.0,25.0,29.0,6.8,0.1,Korpijoki 2,,Kiuruvesi,,,,,,,,,FI_00001108,18170,2023-06-19,63.728776901271246,26.38240528354664,,,,750.0,21.0,70.0,4.9,S2_FI_00001108,2024-05-14,1,58.041942,42.2663677247592,171.348181670994,,,34VEN,S2A_MSIL2A_20240514T100031_R122_T34VEN_20240514T140519,,,,,,7.3,11.0,18.4,750.0,21.0,70.0,4.9,0.1,Korpijoki 2,,Kiuruvesi,,,,,,,,
FI_00001226,18170,18170,2024-05-15,63.728776901271246,26.38240528354664,,24.0,,1100.0,25.0,29.0,6.8,,2.7000000000000006,,24.0,,6.099999999999999,10.0,6.3,1100.0,25.0,29.0,6.8,0.1,Korpijoki 2,,Kiuruvesi,,,,,,,,,FI_00001108,18170,2023-06-19,63.728776901271246,26.38240528354664,,,,750.0,21.0,70.0,4.9,S2_FI_00001108,2024-05-14,1,58.041942,42.2663677247592,171.348181670994,,,34VEN,S2A_MSIL2A_20240514T100031_R122_T34VEN_20240514T140519,,,,,,7.3,11.0,18.4,750.0,21.0,70.0,4.9,0.1,Korpijoki 2,,Kiuruvesi,,,,,,,,
FI_00001227,18170,18170,2024-05-15,63.728776901271246,26.38240528354664,,24.0,,1100.0,25.0,29.0,6.8,,2.7000000000000006,,24.0,,6.099999999999999,10.0,6.3,1100.0,25.0,29.0,6.8,0.1,Korpijoki 2,,Kiuruvesi,,,,,,,,,FI_00001108,18170,2023-06-19,63.728776901271246,26.38240528354664,,,,750.0,21.0,70.0,4.9,S2_FI_00001108,2024-05-14,1,58.041942,42.2663677247592,171.348181670994,,,34VEN,S2A_MSIL2A_20240514T100031_R122_T34VEN_20240514T140519,,,,,,7.3,11.0,18.4,750.0,21.0,70.0,4.9,0.1,Korpijoki 2,,Kiuruvesi,,,,,,,,
FI_00001228,18170,18170,2024-05-15,63.728776901271246,26.38240528354664,,24.0,,1100.0,25.0,29.0,6.8,,2.7000000000000006,,24.0,,6.099999999999999,10.0,6.3,1100.0,25.0,29.0,6.8,0.1,Korpijoki 2,,Kiuruvesi,,,,,,,,,FI_00001108,18170,2023-06-19,63.728776901271246,26.38240528354664,,,,750.0,21.0,70.0,4.9,S2_FI_00001108,2024-05-14,1,58.041942,42.2663677247592,171.348181670994,,,34VEN,S2A_MSIL2A_20240514T100031_R122_T34VEN_20240514T140519,,,,,,7.3,11.0,18.4,750.0,21.0,70.0,4.9,0.1,Korpijoki 2,,Kiuruvesi,,,,,,,,
FI_00001229,18170,18170,2024-05-15,63.728776901271246,26.38240528354664,,24.0,,1100.0,25.0,29.0,6.8,,2.7000000000000006,,24.0,,6.099999999999999,10.0,6.3,1100.0,25.0,29.0,6.8,0.1,Korpijoki 2,,Kiuruvesi,,,,,,,,,FI_00001108,18170,2023-06-19,63.728776901271246,26.38240528354664,,,,750.0,21.0,70.0,4.9,S2_FI_00001108,2024-05-14,1,58.041942,42.2663677247592,171.348181670994,,,34VEN,S2A_MSIL2A_20240514T100031_R122_T34VEN_20240514T140519,,,,,,7.3,11.0,18.4,750.0,21.0,70.0,4.9,0.1,Korpijoki 2,,Kiuruvesi,,,,,,,,
FI_00001236,18170,18170,2024-05-27,63.728776901271246,26.38240528354664,,,,910.0,27.0,60.0,9.0,,,,,,7.0,20.0,12.800000000000002,910.0,27.0,60.0,9.0,0.1,Korpijoki 2,,Kiuruvesi,,,,,,,,,FI_00001140,18170,2023-10-09,63.728776901271246,26.38240528354664,,35.0,,1200.0,38.0,40.0,7.2,S2_FI_00001140,2024-05-26,1,0.776225,45.0201076700465,176.005825734103,,,35WNP,S2B_MSIL2A_20240526T094549_R079_T35WNP_20240526T131456,,4.4,,35.0,,6.599999999999999,10.0,4.5,1200.0,38.0,40.0,7.2,0.1,Korpijoki 2,,Kiuruvesi,,,,,,,,
FI_00001237,18170,18170,2024-05-27,63.728776901271246,26.38240528354664,,,,910.0,27.0,60.0,9.0,,,,,,7.0,20.0,12.800000000000002,910.0,27.0,60.0,9.0,0.1,Korpijoki 2,,Kiuruvesi,,,,,,,,,FI_00001140,18170,2023-10-09,63.728776901271246,26.38240528354664,,35.0,,1200.0,38.0,40.0,7.2,S2_FI_00001140,2024-05-26,1,0.776225,45.0201076700465,176.005825734103,,,35WNP,S2B_MSIL2A_20240526T094549_R079_T35WNP_20240526T131456,,4.4,,35.0,,6.599999999999999,10.0,4.5,1200.0,38.0,40.0,7.2,0.1,Korpijoki 2,,Kiuruvesi,,,,,,,,
FI_00001238,18170,18170,2024-05-27,63.728776901271246,26.38240528354664,,,,910.0,27.0,60.0,9.0,,,,,,7.0,20.0,12.800000000000002,910.0,27.0,60.0,9.0,0.1,Korpijoki 2,,Kiuruvesi,,,,,,,,,FI_00001140,18170,2023-10-09,63.728776901271246,26.38240528354664,,35.0,,1200.0,38.0,40.0,7.2,S2_FI_00001140,2024-05-26,1,0.776225,45.0201076700465,176.005825734103,,,35WNP,S2B_MSIL2A_20240526T094549_R079_T35WNP_20240526T131456,,4.4,,35.0,,6.599999999999999,10.0,4.5,1200.0,38.0,40.0,7.2,0.1,Korpijoki 2,,Kiuruvesi,,,,,,,,
FI_00001239,18170,18170,2024-05-27,63.728776901271246,26.38240528354664,,,,910.0,27.0,60.0,9.0,,,,,,7.0,20.0,12.800000000000002,910.0,27.0,60.0,9.0,0.1,Korpijoki 2,,Kiuruvesi,,,,,,,,,FI_00001140,18170,2023-10-09,63.728776901271246,26.38240528354664,,35.0,,1200.0,38.0,40.0,7.2,S2_FI_00001140,2024-05-26,1,0.776225,45.0201076700465,176.005825734103,,,35WNP,S2B_MSIL2A_20240526T094549_R079_T35WNP_20240526T131456,,4.4,,35.0,,6.599999999999999,10.0,4.5,1200.0,38.0,40.0,7.2,0.1,Korpijoki 2,,Kiuruvesi,,,,,,,,
FI_00001240,18170,18170,2024-05-27,63.728776901271246,26.38240528354664,,,,910.0,27.0,60.0,9.0,,,,,,7.0,20.0,12.800000000000002,910.0,27.0,60.0,9.0,0.1,Korpijoki 2,,Kiuruvesi,,,,,,,,,FI_00001140,18170,2023-10-09,63.728776901271246,26.38240528354664,,35.0,,1200.0,38.0,40.0,7.2,S2_FI_00001140,2024-05-26,1,0.776225,45.0201076700465,176.005825734103,,,35WNP,S2B_MSIL2A_20240526T094549_R079_T35WNP_20240526T131456,,4.4,,35.0,,6.599999999999999,10.0,4.5,1200.0,38.0,40.0,7.2,0.1,Korpijoki 2,,Kiuruvesi,,,,,,,,
FI_00001241,18170,18170,2024-05-27,63.728776901271246,26.38240528354664,,,,910.0,27.0,60.0,9.0,,,,,,7.0,20.0,12.800000000000002,910.0,27.0,60.0,9.0,0.1,Korpijoki 2,,Kiuruvesi,,,,,,,,,FI_00001140,18170,2023-10-09,63.728776901271246,26.38240528354664,,35.0,,1200.0,38.0,40.0,7.2,S2_FI_00001140,2024-05-26,1,0.776225,45.0201076700465,176.005825734103,,,35WNP,S2B_MSIL2A_20240526T094549_R079_T35WNP_20240526T131456,,4.4,,35.0,,6.599999999999999,10.0,4.5,1200.0,38.0,40.0,7.2,0.1,Korpijoki 2,,Kiuruvesi,,,,,,,,
FI_00001242,18170,18170,2024-06-19,63.728776901271246,26.38240528354664,,,,960.0,27.0,87.0,18.0,,,,,,7.0,24.0,16.5,960.0,27.0,87.0,18.0,0.1,Korpijoki 2,,Kiuruvesi,,,,,,,,,FI_00001141,18170,2023-10-09,63.728776901271246,26.38240528354664,,35.0,,1200.0,38.0,40.0,7.2,S2_FI_00001141,2024-06-18,1,98.849946,42.8169804482926,177.883356361404,,,35WNP,S2B_MSIL2A_20240618T095549_R122_T35WNP_20240618T131023,,4.4,,35.0,,6.599999999999999,10.0,4.5,1200.0,38.0,40.0,7.2,0.1,Korpijoki 2,,Kiuruvesi,,,,,,,,
FI_00001243,18170,18170,2024-06-19,63.728776901271246,26.38240528354664,,,,960.0,27.0,87.0,18.0,,,,,,7.0,24.0,16.5,960.0,27.0,87.0,18.0,0.1,Korpijoki 2,,Kiuruvesi,,,,,,,,,FI_00001141,18170,2023-10-09,63.728776901271246,26.38240528354664,,35.0,,1200.0,38.0,40.0,7.2,S2_FI_00001141,2024-06-18,1,98.849946,42.8169804482926,177.883356361404,,,35WNP,S2B_MSIL2A_20240618T095549_R122_T35WNP_20240618T131023,,4.4,,35.0,,6.599999999999999,10.0,4.5,1200.0,38.0,40.0,7.2,0.1,Korpijoki 2,,Kiuruvesi,,,,,,,,
FI_00001244,18170,18170,2024-06-19,63.728776901271246,26.38240528354664,,,,960.0,27.0,87.0,18.0,,,,,,7.0,24.0,16.5,960.0,27.0,87.0,18.0,0.1,Korpijoki 2,,Kiuruvesi,,,,,,,,,FI_00001141,18170,2023-10-09,63.728776901271246,26.38240528354664,,35.0,,1200.0,38.0,40.0,7.2,S2_FI_00001141,2024-06-18,1,98.849946,42.8169804482926,177.883356361404,,,35WNP,S2B_MSIL2A_20240618T095549_R122_T35WNP_20240618T131023,,4.4,,35.0,,6.599999999999999,10.0,4.5,1200.0,38.0,40.0,7.2,0.1,Korpijoki 2,,Kiuruvesi,,,,,,,,
FI_00001245,18170,18170,2024-06-19,63.728776901271246,26.38240528354664,,,,960.0,27.0,87.0,18.0,,,,,,7.0,24.0,16.5,960.0,27.0,87.0,18.0,0.1,Korpijoki 2,,Kiuruvesi,,,,,,,,,FI_00001141,18170,2023-10-09,63.728776901271246,26.38240528354664,,35.0,,1200.0,38.0,40.0,7.2,S2_FI_00001141,2024-06-18,1,98.849946,42.8169804482926,177.883356361404,,,35WNP,S2B_MSIL2A_20240618T095549_R122_T35WNP_20240618T131023,,4.4,,35.0,,6.599999999999999,10.0,4.5,1200.0,38.0,40.0,7.2,0.1,Korpijoki 2,,Kiuruvesi,,,,,,,,
FI_00001246,18170,18170,2024-06-19,63.728776901271246,26.38240528354664,,,,960.0,27.0,87.0,18.0,,,,,,7.0,24.0,16.5,960.0,27.0,87.0,18.0,0.1,Korpijoki 2,,Kiuruvesi,,,,,,,,,FI_00001141,18170,2023-10-09,63.728776901271246,26.38240528354664,,35.0,,1200.0,38.0,40.0,7.2,S2_FI_00001141,2024-06-18,1,98.849946,42.8169804482926,177.883356361404,,,35WNP,S2B_MSIL2A_20240618T095549_R122_T35WNP_20240618T131023,,4.4,,35.0,,6.599999999999999,10.0,4.5,1200.0,38.0,40.0,7.2,0.1,Korpijoki 2,,Kiuruvesi,,,,,,,,
FI_00001247,18170,18170,2024-06-19,63.728776901271246,26.38240528354664,,,,960.0,27.0,87.0,18.0,,,,,,7.0,24.0,16.5,960.0,27.0,87.0,18.0,0.1,Korpijoki 2,,Kiuruvesi,,,,,,,,,FI_00001141,18170,2023-10-09,63.728776901271246,26.38240528354664,,35.0,,1200.0,38.0,40.0,7.2,S2_FI_00001141,2024-06-18,1,98.849946,42.8169804482926,177.883356361404,,,35WNP,S2B_MSIL2A_20240618T095549_R122_T35WNP_20240618T131023,,4.4,,35.0,,6.599999999999999,10.0,4.5,1200.0,38.0,40.0,7.2,0.1,Korpijoki 2,,Kiuruvesi,,,,,,,,
FI_00001248,18170,18170,2024-07-16,63.728776901271246,26.38240528354664,,,,1500.0,33.0,120.0,19.0,,,,,,6.900000000000001,30.0,15.300000000000002,1500.0,33.0,120.0,19.0,0.1,Korpijoki 2,,Kiuruvesi,,,,,,,,,FI_00001188,18170,2024-04-02,63.728776901271246,26.38240528354664,,,,3000.0,20.0,100.0,22.0,S2_FI_00001188,2024-07-15,1,35.570309,40.7717361125504,167.274328962684,,,35VLJ,S2B_MSIL2A_20240715T094549_R079_T35VLJ_20240715T135301,,,,,,6.8,20.0,0.0,3000.0,20.0,100.0,22.0,0.1,Korpijoki 2,,Kiuruvesi,,,,,,,,
FI_00001249,18170,18170,2024-07-16,63.728776901271246,26.38240528354664,,,,1500.0,33.0,120.0,19.0,,,,,,6.900000000000001,30.0,15.300000000000002,1500.0,33.0,120.0,19.0,0.1,Korpijoki 2,,Kiuruvesi,,,,,,,,,FI_00001188,18170,2024-04-02,63.728776901271246,26.38240528354664,,,,3000.0,20.0,100.0,22.0,S2_FI_00001188,2024-07-15,1,35.570309,40.7717361125504,167.274328962684,,,35VLJ,S2B_MSIL2A_20240715T094549_R079_T35VLJ_20240715T135301,,,,,,6.8,20.0,0.0,3000.0,20.0,100.0,22.0,0.1,Korpijoki 2,,Kiuruvesi,,,,,,,,
FI_00001250,18170,18170,2024-07-16,63.728776901271246,26.38240528354664,,,,1500.0,33.0,120.0,19.0,,,,,,6.900000000000001,30.0,15.300000000000002,1500.0,33.0,120.0,19.0,0.1,Korpijoki 2,,Kiuruvesi,,,,,,,,,FI_00001188,18170,2024-04-02,63.728776901271246,26.38240528354664,,,,3000.0,20.0,100.0,22.0,S2_FI_00001188,2024-07-15,1,35.570309,40.7717361125504,167.274328962684,,,35VLJ,S2B_MSIL2A_20240715T094549_R079_T35VLJ_20240715T135301,,,,,,6.8,20.0,0.0,3000.0,20.0,100.0,22.0,0.1,Korpijoki 2,,Kiuruvesi,,,,,,,,
FI_00001251,18170,18170,2024-07-16,63.728776901271246,26.38240528354664,,,,1500.0,33.0,120.0,19.0,,,,,,6.900000000000001,30.0,15.300000000000002,1500.0,33.0,120.0,19.0,0.1,Korpijoki 2,,Kiuruvesi,,,,,,,,,FI_00001188,18170,2024-04-02,63.728776901271246,26.38240528354664,,,,3000.0,20.0,100.0,22.0,S2_FI_00001188,2024-07-15,1,35.570309,40.7717361125504,167.274328962684,,,35VLJ,S2B_MSIL2A_20240715T094549_R079_T35VLJ_20240715T135301,,,,,,6.8,20.0,0.0,3000.0,20.0,100.0,22.0,0.1,Korpijoki 2,,Kiuruvesi,,,,,,,,
FI_00001252,18170,18170,2024-07-16,63.728776901271246,26.38240528354664,,,,1500.0,33.0,120.0,19.0,,,,,,6.900000000000001,30.0,15.300000000000002,1500.0,33.0,120.0,19.0,0.1,Korpijoki 2,,Kiuruvesi,,,,,,,,,FI_00001188,18170,2024-04-02,63.728776901271246,26.38240528354664,,,,3000.0,20.0,100.0,22.0,S2_FI_00001188,2024-07-15,1,35.570309,40.7717361125504,167.274328962684,,,35VLJ,S2B_MSIL2A_20240715T094549_R079_T35VLJ_20240715T135301,,,,,,6.8,20.0,0.0,3000.0,20.0,100.0,22.0,0.1,Korpijoki 2,,Kiuruvesi,,,,,,,,
FI_00001253,18170,18170,2024-07-16,63.728776901271246,26.38240528354664,,,,1500.0,33.0,120.0,19.0,,,,,,6.900000000000001,30.0,15.300000000000002,1500.0,33.0,120.0,19.0,0.1,Korpijoki 2,,Kiuruvesi,,,,,,,,,FI_00001188,18170,2024-04-02,63.728776901271246,26.38240528354664,,,,3000.0,20.0,100.0,22.0,S2_FI_00001188,2024-07-15,1,35.570309,40.7717361125504,167.274328962684,,,35VLJ,S2B_MSIL2A_20240715T094549_R079_T35VLJ_20240715T135301,,,,,,6.8,20.0,0.0,3000.0,20.0,100.0,22.0,0.1,Korpijoki 2,,Kiuruvesi,,,,,,,,
FI_00001254,18170,18170,2024-08-07,63.728776901271246,26.38240528354664,,27.0,,1200.0,31.0,76.0,12.0,,7.599999999999999,,27.0,,7.400000000000001,19.0,15.800000000000002,1200.0,31.0,76.0,12.0,0.1,Korpijoki 2,,Kiuruvesi,,,,,,,,,FI_00001143,18170,2023-10-09,63.728776901271246,26.38240528354664,,35.0,,1200.0,38.0,40.0,7.2,S2_FI_00001143,2024-08-07,0,0.212109,50.0368772324652,176.634034411747,,,35WNP,S2B_MSIL2A_20240807T095549_R122_T35WNP_20240807T132638,,4.4,,35.0,,6.599999999999999,10.0,4.5,1200.0,38.0,40.0,7.2,0.1,Korpijoki 2,,Kiuruvesi,,,,,,,,
FI_00001255,18170,18170,2024-08-07,63.728776901271246,26.38240528354664,,27.0,,1200.0,31.0,76.0,12.0,,7.599999999999999,,27.0,,7.400000000000001,19.0,15.800000000000002,1200.0,31.0,76.0,12.0,0.1,Korpijoki 2,,Kiuruvesi,,,,,,,,,FI_00001143,18170,2023-10-09,63.728776901271246,26.38240528354664,,35.0,,1200.0,38.0,40.0,7.2,S2_FI_00001143,2024-08-07,0,0.212109,50.0368772324652,176.634034411747,,,35WNP,S2B_MSIL2A_20240807T095549_R122_T35WNP_20240807T132638,,4.4,,35.0,,6.599999999999999,10.0,4.5,1200.0,38.0,40.0,7.2,0.1,Korpijoki 2,,Kiuruvesi,,,,,,,,
FI_00001256,18170,18170,2024-08-07,63.728776901271246,26.38240528354664,,27.0,,1200.0,31.0,76.0,12.0,,7.599999999999999,,27.0,,7.400000000000001,19.0,15.800000000000002,1200.0,31.0,76.0,12.0,0.1,Korpijoki 2,,Kiuruvesi,,,,,,,,,FI_00001143,18170,2023-10-09,63.728776901271246,26.38240528354664,,35.0,,1200.0,38.0,40.0,7.2,S2_FI_00001143,2024-08-07,0,0.212109,50.0368772324652,176.634034411747,,,35WNP,S2B_MSIL2A_20240807T095549_R122_T35WNP_20240807T132638,,4.4,,35.0,,6.599999999999999,10.0,4.5,1200.0,38.0,40.0,7.2,0.1,Korpijoki 2,,Kiuruvesi,,,,,,,,
FI_00001257,18170,18170,2024-08-07,63.728776901271246,26.38240528354664,,27.0,,1200.0,31.0,76.0,12.0,,7.599999999999999,,27.0,,7.400000000000001,19.0,15.800000000000002,1200.0,31.0,76.0,12.0,0.1,Korpijoki 2,,Kiuruvesi,,,,,,,,,FI_00001143,18170,2023-10-09,63.728776901271246,26.38240528354664,,35.0,,1200.0,38.0,40.0,7.2,S2_FI_00001143,2024-08-07,0,0.212109,50.0368772324652,176.634034411747,,,35WNP,S2B_MSIL2A_20240807T095549_R122_T35WNP_20240807T132638,,4.4,,35.0,,6.599999999999999,10.0,4.5,1200.0,38.0,40.0,7.2,0.1,Korpijoki 2,,Kiuruvesi,,,,,,,,
FI_00001258,18170,18170,2024-08-07,63.728776901271246,26.38240528354664,,27.0,,1200.0,31.0,76.0,12.0,,7.599999999999999,,27.0,,7.400000000000001,19.0,15.800000000000002,1200.0,31.0,76.0,12.0,0.1,Korpijoki 2,,Kiuruvesi,,,,,,,,,FI_00001143,18170,2023-10-09,63.728776901271246,26.38240528354664,,35.0,,1200.0,38.0,40.0,7.2,S2_FI_00001143,2024-08-07,0,0.212109,50.0368772324652,176.634034411747,,,35WNP,S2B_MSIL2A_20240807T095549_R122_T35WNP_20240807T132638,,4.4,,35.0,,6.599999999999999,10.0,4.5,1200.0,38.0,40.0,7.2,0.1,Korpijoki 2,,Kiuruvesi,,,,,,,,
FI_00001259,18170,18170,2024-08-07,63.728776901271246,26.38240528354664,,27.0,,1200.0,31.0,76.0,12.0,,7.599999999999999,,27.0,,7.400000000000001,19.0,15.800000000000002,1200.0,31.0,76.0,12.0,0.1,Korpijoki 2,,Kiuruvesi,,,,,,,,,FI_00001143,18170,2023-10-09,63.728776901271246,26.38240528354664,,35.0,,1200.0,38.0,40.0,7.2,S2_FI_00001143,2024-08-07,0,0.212109,50.0368772324652,176.634034411747,,,35WNP,S2B_MSIL2A_20240807T095549_R122_T35WNP_20240807T132638,,4.4,,35.0,,6.599999999999999,10.0,4.5,1200.0,38.0,40.0,7.2,0.1,Korpijoki 2,,Kiuruvesi,,,,,,,,
FI_00001260,18170,18170,2024-08-28,63.728776901271246,26.38240528354664,,,,800.0,23.0,84.0,11.0,,,,,,7.5,18.0,14.6,800.0,23.0,84.0,11.0,0.1,Korpijoki 2,,Kiuruvesi,,,,,,,,,FI_00001168,18170,2023-12-13,63.728776901271246,26.38240528354664,,,,780.0,16.0,54.0,8.9,S2_FI_00001168,2024-08-27,1,85.878372,52.9411284226657,173.3548092854,,,35VLK,S2B_MSIL2A_20240827T095549_R122_T35VLK_20240827T130925,,,,,,7.2,10.0,0.0,780.0,16.0,54.0,8.9,0.1,Korpijoki 2,,Kiuruvesi,,,,,,,,
FI_00001261,18170,18170,2024-08-28,63.728776901271246,26.38240528354664,,,,800.0,23.0,84.0,11.0,,,,,,7.5,18.0,14.6,800.0,23.0,84.0,11.0,0.1,Korpijoki 2,,Kiuruvesi,,,,,,,,,FI_00001168,18170,2023-12-13,63.728776901271246,26.38240528354664,,,,780.0,16.0,54.0,8.9,S2_FI_00001168,2024-08-27,1,85.878372,52.9411284226657,173.3548092854,,,35VLK,S2B_MSIL2A_20240827T095549_R122_T35VLK_20240827T130925,,,,,,7.2,10.0,0.0,780.0,16.0,54.0,8.9,0.1,Korpijoki 2,,Kiuruvesi,,,,,,,,
FI_00001262,18170,18170,2024-08-28,63.728776901271246,26.38240528354664,,,,800.0,23.0,84.0,11.0,,,,,,7.5,18.0,14.6,800.0,23.0,84.0,11.0,0.1,Korpijoki 2,,Kiuruvesi,,,,,,,,,FI_00001168,18170,2023-12-13,63.728776901271246,26.38240528354664,,,,780.0,16.0,54.0,8.9,S2_FI_00001168,2024-08-27,1,85.878372,52.9411284226657,173.3548092854,,,35VLK,S2B_MSIL2A_20240827T095549_R122_T35VLK_20240827T130925,,,,,,7.2,10.0,0.0,780.0,16.0,54.0,8.9,0.1,Korpijoki 2,,Kiuruvesi,,,,,,,,
FI_00001263,18170,18170,2024-08-28,63.728776901271246,26.38240528354664,,,,800.0,23.0,84.0,11.0,,,,,,7.5,18.0,14.6,800.0,23.0,84.0,11.0,0.1,Korpijoki 2,,Kiuruvesi,,,,,,,,,FI_00001168,18170,2023-12-13,63.728776901271246,26.38240528354664,,,,780.0,16.0,54.0,8.9,S2_FI_00001168,2024-08-27,1,85.878372,52.9411284226657,173.3548092854,,,35VLK,S2B_MSIL2A_20240827T095549_R122_T35VLK_20240827T130925,,,,,,7.2,10.0,0.0,780.0,16.0,54.0,8.9,0.1,Korpijoki 2,,Kiuruvesi,,,,,,,,
FI_00001264,18170,18170,2024-08-28,63.728776901271246,26.38240528354664,,,,800.0,23.0,84.0,11.0,,,,,,7.5,18.0,14.6,800.0,23.0,84.0,11.0,0.1,Korpijoki 2,,Kiuruvesi,,,,,,,,,FI_00001168,18170,2023-12-13,63.728776901271246,26.38240528354664,,,,780.0,16.0,54.0,8.9,S2_FI_00001168,2024-08-27,1,85.878372,52.9411284226657,173.3548092854,,,35VLK,S2B_MSIL2A_20240827T095549_R122_T35VLK_20240827T130925,,,,,,7.2,10.0,0.0,780.0,16.0,54.0,8.9,0.1,Korpijoki 2,,Kiuruvesi,,,,,,,,
FI_00001265,18170,18170,2024-08-28,63.728776901271246,26.38240528354664,,,,800.0,23.0,84.0,11.0,,,,,,7.5,18.0,14.6,800.0,23.0,84.0,11.0,0.1,Korpijoki 2,,Kiuruvesi,,,,,,,,,FI_00001168,18170,2023-12-13,63.728776901271246,26.38240528354664,,,,780.0,16.0,54.0,8.9,S2_FI_00001168,2024-08-27,1,85.878372,52.9411284226657,173.3548092854,,,35VLK,S2B_MSIL2A_20240827T095549_R122_T35VLK_20240827T130925,,,,,,7.2,10.0,0.0,780.0,16.0,54.0,8.9,0.1,Korpijoki 2,,Kiuruvesi,,,,,,,,
FI_00001266,18170,18170,2024-09-12,63.728776901271246,26.38240528354664,,,,820.0,26.0,84.0,7.5,,,,,,7.3,13.0,15.1,820.0,26.0,84.0,7.5,0.1,Korpijoki 2,,Kiuruvesi,,,,,,,,,FI_00001070,18170,2023-04-24,63.728776901271246,26.38240528354664,,,,3200.0,29.0,77.0,16.0,S2_FI_00001070,2024-09-11,1,34.591901,56.7474663357461,172.617212020929,,,34VEN,S2A_MSIL2A_20240911T100021_R122_T34VEN_20240911T143249,,,,,,6.2,24.0,0.0,3200.0,29.0,77.0,16.0,0.2,Korpijoki 2,,Kiuruvesi,,,,,,,,
FI_00001267,18170,18170,2024-09-12,63.728776901271246,26.38240528354664,,,,820.0,26.0,84.0,7.5,,,,,,7.3,13.0,15.1,820.0,26.0,84.0,7.5,0.1,Korpijoki 2,,Kiuruvesi,,,,,,,,,FI_00001070,18170,2023-04-24,63.728776901271246,26.38240528354664,,,,3200.0,29.0,77.0,16.0,S2_FI_00001070,2024-09-11,1,34.591901,56.7474663357461,172.617212020929,,,34VEN,S2A_MSIL2A_20240911T100021_R122_T34VEN_20240911T143249,,,,,,6.2,24.0,0.0,3200.0,29.0,77.0,16.0,0.2,Korpijoki 2,,Kiuruvesi,,,,,,,,
FI_00001268,18170,18170,2024-09-12,63.728776901271246,26.38240528354664,,,,820.0,26.0,84.0,7.5,,,,,,7.3,13.0,15.1,820.0,26.0,84.0,7.5,0.1,Korpijoki 2,,Kiuruvesi,,,,,,,,,FI_00001070,18170,2023-04-24,63.728776901271246,26.38240528354664,,,,3200.0,29.0,77.0,16.0,S2_FI_00001070,2024-09-11,1,34.591901,56.7474663357461,172.617212020929,,,34VEN,S2A_MSIL2A_20240911T100021_R122_T34VEN_20240911T143249,,,,,,6.2,24.0,0.0,3200.0,29.0,77.0,16.0,0.2,Korpijoki 2,,Kiuruvesi,,,,,,,,
FI_00001269,18170,18170,2024-09-12,63.728776901271246,26.38240528354664,,,,820.0,26.0,84.0,7.5,,,,,,7.3,13.0,15.1,820.0,26.0,84.0,7.5,0.1,Korpijoki 2,,Kiuruvesi,,,,,,,,,FI_00001070,18170,2023-04-24,63.728776901271246,26.38240528354664,,,,3200.0,29.0,77.0,16.0,S2_FI_00001070,2024-09-11,1,34.591901,56.7474663357461,172.617212020929,,,34VEN,S2A_MSIL2A_20240911T100021_R122_T34VEN_20240911T143249,,,,,,6.2,24.0,0.0,3200.0,29.0,77.0,16.0,0.2,Korpijoki 2,,Kiuruvesi,,,,,,,,
FI_00001270,18170,18170,2024-09-12,63.728776901271246,26.38240528354664,,,,820.0,26.0,84.0,7.5,,,,,,7.3,13.0,15.1,820.0,26.0,84.0,7.5,0.1,Korpijoki 2,,Kiuruvesi,,,,,,,,,FI_00001070,18170,2023-04-24,63.728776901271246,26.38240528354664,,,,3200.0,29.0,77.0,16.0,S2_FI_00001070,2024-09-11,1,34.591901,56.7474663357461,172.617212020929,,,34VEN,S2A_MSIL2A_20240911T100021_R122_T34VEN_20240911T143249,,,,,,6.2,24.0,0.0,3200.0,29.0,77.0,16.0,0.2,Korpijoki 2,,Kiuruvesi,,,,,,,,
FI_00001271,18170,18170,2024-09-12,63.728776901271246,26.38240528354664,,,,820.0,26.0,84.0,7.5,,,,,,7.3,13.0,15.1,820.0,26.0,84.0,7.5,0.1,Korpijoki 2,,Kiuruvesi,,,,,,,,,FI_00001070,18170,2023-04-24,63.728776901271246,26.38240528354664,,,,3200.0,29.0,77.0,16.0,S2_FI_00001070,2024-09-11,1,34.591901,56.7474663357461,172.617212020929,,,34VEN,S2A_MSIL2A_20240911T100021_R122_T34VEN_20240911T143249,,,,,,6.2,24.0,0.0,3200.0,29.0,77.0,16.0,0.2,Korpijoki 2,,Kiuruvesi,,,,,,,,
FI_00001278,18170,18170,2024-10-08,63.728776901271246,26.38240528354664,,31.0,,1100.0,34.0,41.5,7.599999999999999,,5.1,,31.0,,6.7,12.0,3.2999999999999994,1100.0,34.0,41.5,7.599999999999999,0.1,Korpijoki 2,,Kiuruvesi,,,,,,,,,FI_00001147,18170,2023-10-24,63.728776901271246,26.38240528354664,,,,970.0,30.0,48.0,5.599999999999999,S2_FI_00001147,2024-10-08,0,99.936074,72.3719223278162,179.353777360943,,,35WNP,S2A_MSIL2A_20241008T095031_R079_T35WNP_20241008T124449,,,,,,6.8,12.0,-0.2,970.0,30.0,48.0,5.599999999999999,0.1,Korpijoki 2,,Kiuruvesi,,,,,,,,
FI_00001279,18170,18170,2024-10-08,63.728776901271246,26.38240528354664,,31.0,,1100.0,34.0,41.5,7.599999999999999,,5.1,,31.0,,6.7,12.0,3.2999999999999994,1100.0,34.0,41.5,7.599999999999999,0.1,Korpijoki 2,,Kiuruvesi,,,,,,,,,FI_00001147,18170,2023-10-24,63.728776901271246,26.38240528354664,,,,970.0,30.0,48.0,5.599999999999999,S2_FI_00001147,2024-10-08,0,99.936074,72.3719223278162,179.353777360943,,,35WNP,S2A_MSIL2A_20241008T095031_R079_T35WNP_20241008T124449,,,,,,6.8,12.0,-0.2,970.0,30.0,48.0,5.599999999999999,0.1,Korpijoki 2,,Kiuruvesi,,,,,,,,
FI_00001280,18170,18170,2024-10-08,63.728776901271246,26.38240528354664,,31.0,,1100.0,34.0,41.5,7.599999999999999,,5.1,,31.0,,6.7,12.0,3.2999999999999994,1100.0,34.0,41.5,7.599999999999999,0.1,Korpijoki 2,,Kiuruvesi,,,,,,,,,FI_00001147,18170,2023-10-24,63.728776901271246,26.38240528354664,,,,970.0,30.0,48.0,5.599999999999999,S2_FI_00001147,2024-10-08,0,99.936074,72.3719223278162,179.353777360943,,,35WNP,S2A_MSIL2A_20241008T095031_R079_T35WNP_20241008T124449,,,,,,6.8,12.0,-0.2,970.0,30.0,48.0,5.599999999999999,0.1,Korpijoki 2,,Kiuruvesi,,,,,,,,
FI_00001281,18170,18170,2024-10-08,63.728776901271246,26.38240528354664,,31.0,,1100.0,34.0,41.5,7.599999999999999,,5.1,,31.0,,6.7,12.0,3.2999999999999994,1100.0,34.0,41.5,7.599999999999999,0.1,Korpijoki 2,,Kiuruvesi,,,,,,,,,FI_00001147,18170,2023-10-24,63.728776901271246,26.38240528354664,,,,970.0,30.0,48.0,5.599999999999999,S2_FI_00001147,2024-10-08,0,99.936074,72.3719223278162,179.353777360943,,,35WNP,S2A_MSIL2A_20241008T095031_R079_T35WNP_20241008T124449,,,,,,6.8,12.0,-0.2,970.0,30.0,48.0,5.599999999999999,0.1,Korpijoki 2,,Kiuruvesi,,,,,,,,
FI_00001282,18170,18170,2024-10-08,63.728776901271246,26.38240528354664,,31.0,,1100.0,34.0,41.5,7.599999999999999,,5.1,,31.0,,6.7,12.0,3.2999999999999994,1100.0,34.0,41.5,7.599999999999999,0.1,Korpijoki 2,,Kiuruvesi,,,,,,,,,FI_00001147,18170,2023-10-24,63.728776901271246,26.38240528354664,,,,970.0,30.0,48.0,5.599999999999999,S2_FI_00001147,2024-10-08,0,99.936074,72.3719223278162,179.353777360943,,,35WNP,S2A_MSIL2A_20241008T095031_R079_T35WNP_20241008T124449,,,,,,6.8,12.0,-0.2,970.0,30.0,48.0,5.599999999999999,0.1,Korpijoki 2,,Kiuruvesi,,,,,,,,
FI_00001283,18170,18170,2024-10-08,63.728776901271246,26.38240528354664,,31.0,,1100.0,34.0,41.5,7.599999999999999,,5.1,,31.0,,6.7,12.0,3.2999999999999994,1100.0,34.0,41.5,7.599999999999999,0.1,Korpijoki 2,,Kiuruvesi,,,,,,,,,FI_00001147,18170,2023-10-24,63.728776901271246,26.38240528354664,,,,970.0,30.0,48.0,5.599999999999999,S2_FI_00001147,2024-10-08,0,99.936074,72.3719223278162,179.353777360943,,,35WNP,S2A_MSIL2A_20241008T095031_R079_T35WNP_20241008T124449,,,,,,6.8,12.0,-0.2,970.0,30.0,48.0,5.599999999999999,0.1,Korpijoki 2,,Kiuruvesi,,,,,,,,
FI_00001290,18170,18170,2024-11-04,63.728776901271246,26.38240528354664,,,,890.0,29.0,61.0,6.900000000000001,,,,,,6.900000000000001,8.0,0.2,890.0,29.0,61.0,6.900000000000001,0.1,Korpijoki 2,,Kiuruvesi,,,,,,,,,FI_00001163,18170,2023-11-22,63.728776901271246,26.38240528354664,,21.0,,870.0,23.0,37.5,6.900000000000001,S2_FI_00001163,2024-11-04,0,63.749254,76.482593486912,176.209751509959,,,35VMH,S2A_MSIL2A_20241104T094151_R036_T35VMH_20241104T105348,,5.7,,21.0,,6.900000000000001,12.0,0.3,870.0,23.0,37.5,6.900000000000001,0.1,Korpijoki 2,,Kiuruvesi,,,,,,,,
FI_00001291,18170,18170,2024-11-04,63.728776901271246,26.38240528354664,,,,890.0,29.0,61.0,6.900000000000001,,,,,,6.900000000000001,8.0,0.2,890.0,29.0,61.0,6.900000000000001,0.1,Korpijoki 2,,Kiuruvesi,,,,,,,,,FI_00001163,18170,2023-11-22,63.728776901271246,26.38240528354664,,21.0,,870.0,23.0,37.5,6.900000000000001,S2_FI_00001163,2024-11-04,0,63.749254,76.482593486912,176.209751509959,,,35VMH,S2A_MSIL2A_20241104T094151_R036_T35VMH_20241104T105348,,5.7,,21.0,,6.900000000000001,12.0,0.3,870.0,23.0,37.5,6.900000000000001,0.1,Korpijoki 2,,Kiuruvesi,,,,,,,,
FI_00001292,18170,18170,2024-11-04,63.728776901271246,26.38240528354664,,,,890.0,29.0,61.0,6.900000000000001,,,,,,6.900000000000001,8.0,0.2,890.0,29.0,61.0,6.900000000000001,0.1,Korpijoki 2,,Kiuruvesi,,,,,,,,,FI_00001163,18170,2023-11-22,63.728776901271246,26.38240528354664,,21.0,,870.0,23.0,37.5,6.900000000000001,S2_FI_00001163,2024-11-04,0,63.749254,76.482593486912,176.209751509959,,,35VMH,S2A_MSIL2A_20241104T094151_R036_T35VMH_20241104T105348,,5.7,,21.0,,6.900000000000001,12.0,0.3,870.0,23.0,37.5,6.900000000000001,0.1,Korpijoki 2,,Kiuruvesi,,,,,,,,
FI_00001293,18170,18170,2024-11-04,63.728776901271246,26.38240528354664,,,,890.0,29.0,61.0,6.900000000000001,,,,,,6.900000000000001,8.0,0.2,890.0,29.0,61.0,6.900000000000001,0.1,Korpijoki 2,,Kiuruvesi,,,,,,,,,FI_00001163,18170,2023-11-22,63.728776901271246,26.38240528354664,,21.0,,870.0,23.0,37.5,6.900000000000001,S2_FI_00001163,2024-11-04,0,63.749254,76.482593486912,176.209751509959,,,35VMH,S2A_MSIL2A_20241104T094151_R036_T35VMH_20241104T105348,,5.7,,21.0,,6.900000000000001,12.0,0.3,870.0,23.0,37.5,6.900000000000001,0.1,Korpijoki 2,,Kiuruvesi,,,,,,,,
FI_00001294,18170,18170,2024-11-04,63.728776901271246,26.38240528354664,,,,890.0,29.0,61.0,6.900000000000001,,,,,,6.900000000000001,8.0,0.2,890.0,29.0,61.0,6.900000000000001,0.1,Korpijoki 2,,Kiuruvesi,,,,,,,,,FI_00001163,18170,2023-11-22,63.728776901271246,26.38240528354664,,21.0,,870.0,23.0,37.5,6.900000000000001,S2_FI_00001163,2024-11-04,0,63.749254,76.482593486912,176.209751509959,,,35VMH,S2A_MSIL2A_20241104T094151_R036_T35VMH_20241104T105348,,5.7,,21.0,,6.900000000000001,12.0,0.3,870.0,23.0,37.5,6.900000000000001,0.1,Korpijoki 2,,Kiuruvesi,,,,,,,,
FI_00001295,18170,18170,2024-11-04,63.728776901271246,26.38240528354664,,,,890.0,29.0,61.0,6.900000000000001,,,,,,6.900000000000001,8.0,0.2,890.0,29.0,61.0,6.900000000000001,0.1,Korpijoki 2,,Kiuruvesi,,,,,,,,,FI_00001163,18170,2023-11-22,63.728776901271246,26.38240528354664,,21.0,,870.0,23.0,37.5,6.900000000000001,S2_FI_00001163,2024-11-04,0,63.749254,76.482593486912,176.209751509959,,,35VMH,S2A_MSIL2A_20241104T094151_R036_T35VMH_20241104T105348,,5.7,,21.0,,6.900000000000001,12.0,0.3,870.0,23.0,37.5,6.900000000000001,0.1,Korpijoki 2,,Kiuruvesi,,,,,,,,
FI_00001296,18170,18170,2024-11-18,63.728776901271246,26.38240528354664,,24.0,,980.0,25.0,40.5,11.0,,6.0,,24.0,,7.0,12.0,1.2,980.0,25.0,40.5,11.0,0.1,Korpijoki 2,,Kiuruvesi,,,,,,,,,FI_00001192,18170,2024-04-02,63.728776901271246,26.38240528354664,,,,3000.0,20.0,100.0,22.0,S2_FI_00001192,2024-11-17,1,47.928256,80.9124872073386,176.514713326858,,,35VLJ,S2A_MSIL2A_20241117T095301_R079_T35VLJ_20241117T110451,,,,,,6.8,20.0,0.0,3000.0,20.0,100.0,22.0,0.1,Korpijoki 2,,Kiuruvesi,,,,,,,,
FI_00001297,18170,18170,2024-11-18,63.728776901271246,26.38240528354664,,24.0,,980.0,25.0,40.5,11.0,,6.0,,24.0,,7.0,12.0,1.2,980.0,25.0,40.5,11.0,0.1,Korpijoki 2,,Kiuruvesi,,,,,,,,,FI_00001192,18170,2024-04-02,63.728776901271246,26.38240528354664,,,,3000.0,20.0,100.0,22.0,S2_FI_00001192,2024-11-17,1,47.928256,80.9124872073386,176.514713326858,,,35VLJ,S2A_MSIL2A_20241117T095301_R079_T35VLJ_20241117T110451,,,,,,6.8,20.0,0.0,3000.0,20.0,100.0,22.0,0.1,Korpijoki 2,,Kiuruvesi,,,,,,,,
FI_00001298,18170,18170,2024-11-18,63.728776901271246,26.38240528354664,,24.0,,980.0,25.0,40.5,11.0,,6.0,,24.0,,7.0,12.0,1.2,980.0,25.0,40.5,11.0,0.1,Korpijoki 2,,Kiuruvesi,,,,,,,,,FI_00001192,18170,2024-04-02,63.728776901271246,26.38240528354664,,,,3000.0,20.0,100.0,22.0,S2_FI_00001192,2024-11-17,1,47.928256,80.9124872073386,176.514713326858,,,35VLJ,S2A_MSIL2A_20241117T095301_R079_T35VLJ_20241117T110451,,,,,,6.8,20.0,0.0,3000.0,20.0,100.0,22.0,0.1,Korpijoki 2,,Kiuruvesi,,,,,,,,
FI_00001299,18170,18170,2024-11-18,63.728776901271246,26.38240528354664,,24.0,,980.0,25.0,40.5,11.0,,6.0,,24.0,,7.0,12.0,1.2,980.0,25.0,40.5,11.0,0.1,Korpijoki 2,,Kiuruvesi,,,,,,,,,FI_00001192,18170,2024-04-02,63.728776901271246,26.38240528354664,,,,3000.0,20.0,100.0,22.0,S2_FI_00001192,2024-11-17,1,47.928256,80.9124872073386,176.514713326858,,,35VLJ,S2A_MSIL2A_20241117T095301_R079_T35VLJ_20241117T110451,,,,,,6.8,20.0,0.0,3000.0,20.0,100.0,22.0,0.1,Korpijoki 2,,Kiuruvesi,,,,,,,,
FI_00001300,18170,18170,2024-11-18,63.728776901271246,26.38240528354664,,24.0,,980.0,25.0,40.5,11.0,,6.0,,24.0,,7.0,12.0,1.2,980.0,25.0,40.5,11.0,0.1,Korpijoki 2,,Kiuruvesi,,,,,,,,,FI_00001192,18170,2024-04-02,63.728776901271246,26.38240528354664,,,,3000.0,20.0,100.0,22.0,S2_FI_00001192,2024-11-17,1,47.928256,80.9124872073386,176.514713326858,,,35VLJ,S2A_MSIL2A_20241117T095301_R079_T35VLJ_20241117T110451,,,,,,6.8,20.0,0.0,3000.0,20.0,100.0,22.0,0.1,Korpijoki 2,,Kiuruvesi,,,,,,,,
FI_00001301,18170,18170,2024-11-18,63.728776901271246,26.38240528354664,,24.0,,980.0,25.0,40.5,11.0,,6.0,,24.0,,7.0,12.0,1.2,980.0,25.0,40.5,11.0,0.1,Korpijoki 2,,Kiuruvesi,,,,,,,,,FI_00001192,18170,2024-04-02,63.728776901271246,26.38240528354664,,,,3000.0,20.0,100.0,22.0,S2_FI_00001192,2024-11-17,1,47.928256,80.9124872073386,176.514713326858,,,35VLJ,S2A_MSIL2A_20241117T095301_R079_T35VLJ_20241117T110451,,,,,,6.8,20.0,0.0,3000.0,20.0,100.0,22.0,0.1,Korpijoki 2,,Kiuruvesi,,,,,,,,
