sample_id,sample_date,lat,lon,chip_path,chip_image_path,chip_status,chip_reason,s2_item_id,acquisition_date,abs_day_diff,s2_cloud_cover,s2_solar_zenith,chip_nodata_ratio,chip_size,chip_overlap_stride_pixels,chip_offset_x_px,chip_offset_y_px,chip_overlap_candidates,chip_bands
FI_00000000,2023-01-10,61.41234231212037,29.399668855924936,,,no_match,no_stac_item,,,,,,,256,128,0,0,0,"B02,B03,B04,B08"
FI_00000001,2023-01-10,61.41234231212037,29.399668855924936,,,no_match,no_stac_item,,,,,,,256,128,0,0,0,"B02,B03,B04,B08"
FI_00000002,2023-01-10,61.41234231212037,29.399668855924936,,,no_match,no_stac_item,,,,,,,256,128,0,0,0,"B02,B03,B04,B08"
FI_00000003,2023-01-10,61.41234231212037,29.399668855924936,,,no_match,no_stac_item,,,,,,,256,128,0,0,0,"B02,B03,B04,B08"
FI_00000004,2023-01-10,61.41234231212037,29.399668855924936,,,no_match,no_stac_item,,,,,,,256,128,0,0,0,"B02,B03,B04,B08"
FI_00000005,2023-01-10,61.41234231212037,29.399668855924936,,,no_match,no_stac_item,,,,,,,256,128,0,0,0,"B02,B03,B04,B08"
FI_00000006,2023-02-07,61.41234231212037,29.399668855924936,,,no_match,no_stac_item,,,,,,,256,128,0,0,0,"B02,B03,B04,B08"
FI_00000007,2023-02-07,61.41234231212037,29.399668855924936,,,no_match,no_stac_item,,,,,,,256,128,0,0,0,"B02,B03,B04,B08"
FI_00000008,2023-02-07,61.41234231212037,29.399668855924936,,,no_match,no_stac_item,,,,,,,256,128,0,0,0,"B02,B03,B04,B08"
FI_00000009,2023-02-07,61.41234231212037,29.399668855924936,,,no_match,no_stac_item,,,,,,,256,128,0,0,0,"B02,B03,B04,B08"
FI_00000010,2023-02-07,61.41234231212037,29.399668855924936,,,no_match,no_stac_item,,,,,,,256,128,0,0,0,"B02,B03,B04,B08"
FI_00000011,2023-02-07,61.41234231212037,29.399668855924936,,,no_match,no_stac_item,,,,,,,256,128,0,0,0,"B02,B03,B04,B08"
FI_00000012,2023-03-01,61.41234231212037,29.399668855924936,,,rejected,nodata_reject,S2A_MSIL2A_20230302T093031_R136_T36VUP_20240818T001539,2023-03-02,1,1.468945,69.343858466529,1.0,256,128,0,0,9,"B02,B03,B04,B08"
FI_00000013,2023-03-01,61.41234231212037,29.399668855924936,,,rejected,nodata_reject,S2A_MSIL2A_20230302T093031_R136_T36VUP_20240818T001539,2023-03-02,1,1.468945,69.343858466529,1.0,256,128,0,0,9,"B02,B03,B04,B08"
FI_00000014,2023-03-01,61.41234231212037,29.399668855924936,,,rejected,nodata_reject,S2A_MSIL2A_20230302T093031_R136_T36VUP_20240818T001539,2023-03-02,1,1.468945,69.343858466529,1.0,256,128,0,0,9,"B02,B03,B04,B08"
FI_00000015,2023-03-01,61.41234231212037,29.399668855924936,,,rejected,nodata_reject,S2A_MSIL2A_20230302T093031_R136_T36VUP_20240818T001539,2023-03-02,1,1.468945,69.343858466529,1.0,256,128,0,0,9,"B02,B03,B04,B08"
FI_00000016,2023-03-01,61.41234231212037,29.399668855924936,,,rejected,nodata_reject,S2A_MSIL2A_20230302T093031_R136_T36VUP_20240818T001539,2023-03-02,1,1.468945,69.343858466529,1.0,256,128,0,0,9,"B02,B03,B04,B08"
FI_00000017,2023-03-01,61.41234231212037,29.399668855924936,,,rejected,nodata_reject,S2A_MSIL2A_20230302T093031_R136_T36VUP_20240818T001539,2023-03-02,1,1.468945,69.343858466529,1.0,256,128,0,0,9,"B02,B03,B04,B08"
FI_00000018,2023-04-04,61.41234231212037,29.399668855924936,D:\Water Quality Parameter Estimation\wq_pipeline\artifacts\tolerance_7d\prepared\chips\train\sample_FI_00000018.npz,D:\Water Quality Parameter Estimation\wq_pipeline\artifacts\tolerance_7d\prepared\chips\train\sample_FI_00000018.png,ok,,S2B_MSIL2A_20230406T093039_R136_T35VPJ_20240827T080719,2023-04-06,2,17.23485,55.557450396346,7.62939453125e-05,256,128,0,0,9,"B02,B03,B04,B08"
FI_00000019,2023-04-04,61.41234231212037,29.399668855924936,D:\Water Quality Parameter Estimation\wq_pipeline\artifacts\tolerance_7d\prepared\chips\train\sample_FI_00000019.npz,D:\Water Quality Parameter Estimation\wq_pipeline\artifacts\tolerance_7d\prepared\chips\train\sample_FI_00000019.png,ok,,S2B_MSIL2A_20230406T093039_R136_T35VPJ_20240827T080719,2023-04-06,2,17.23485,55.557450396346,7.62939453125e-05,256,128,0,0,9,"B02,B03,B04,B08"
FI_00000020,2023-04-04,61.41234231212037,29.399668855924936,D:\Water Quality Parameter Estimation\wq_pipeline\artifacts\tolerance_7d\prepared\chips\train\sample_FI_00000020.npz,D:\Water Quality Parameter Estimation\wq_pipeline\artifacts\tolerance_7d\prepared\chips\train\sample_FI_00000020.png,ok,,S2B_MSIL2A_20230406T093039_R136_T35VPJ_20240827T080719,2023-04-06,2,17.23485,55.557450396346,7.62939453125e-05,256,128,0,0,9,"B02,B03,B04,B08"
FI_00000021,2023-04-04,61.41234231212037,29.399668855924936,D:\Water Quality Parameter Estimation\wq_pipeline\artifacts\tolerance_7d\prepared\chips\train\sample_FI_00000021.npz,D:\Water Quality Parameter Estimation\wq_pipeline\artifacts\tolerance_7d\prepared\chips\train\sample_FI_00000021.png,ok,,S2B_MSIL2A_20230406T093039_R136_T35VPJ_20240827T080719,2023-04-06,2,17.23485,55.557450396346,7.62939453125e-05,256,128,0,0,9,"B02,B03,B04,B08"
FI_00000022,2023-04-04,61.41234231212037,29.399668855924936,D:\Water Quality Parameter Estimation\wq_pipeline\artifacts\tolerance_7d\prepared\chips\train\sample_FI_00000022.npz,D:\Water Quality Parameter Estimation\wq_pipeline\artifacts\tolerance_7d\prepared\chips\train\sample_FI_00000022.png,ok,,S2B_MSIL2A_20230406T093039_R136_T35VPJ_20240827T080719,2023-04-06,2,17.23485,55.557450396346,7.62939453125e-05,256,128,0,0,9,"B02,B03,B04,B08"
FI_00000023,2023-04-04,61.41234231212037,29.399668855924936,D:\Water Quality Parameter Estimation\wq_pipeline\artifacts\tolerance_7d\prepared\chips\train\sample_FI_00000023.npz,D:\Water Quality Parameter Estimation\wq_pipeline\artifacts\tolerance_7d\prepared\chips\train\sample_FI_00000023.png,ok,,S2B_MSIL2A_20230406T093039_R136_T35VPJ_20240827T080719,2023-04-06,2,17.23485,55.557450396346,7.62939453125e-05,256,128,0,0,9,"B02,B03,B04,B08"
FI_00000024,2023-05-16,61.41234231212037,29.399668855924936,D:\Water Quality Parameter Estimation\wq_pipeline\artifacts\tolerance_7d\prepared\chips\train\sample_FI_00000024.npz,D:\Water Quality Parameter Estimation\wq_pipeline\artifacts\tolerance_7d\prepared\chips\train\sample_FI_00000024.png,ok,,S2B_MSIL2A_20230519T093549_R036_T36VUP_20230519T132011,2023-05-19,3,1.308037,42.0121322367658,0.0,256,128,0,0,9,"B02,B03,B04,B08"
FI_00000025,2023-05-16,61.41234231212037,29.399668855924936,D:\Water Quality Parameter Estimation\wq_pipeline\artifacts\tolerance_7d\prepared\chips\train\sample_FI_00000025.npz,D:\Water Quality Parameter Estimation\wq_pipeline\artifacts\tolerance_7d\prepared\chips\train\sample_FI_00000025.png,ok,,S2B_MSIL2A_20230519T093549_R036_T36VUP_20230519T132011,2023-05-19,3,1.308037,42.0121322367658,0.0,256,128,0,0,9,"B02,B03,B04,B08"
FI_00000026,2023-05-16,61.41234231212037,29.399668855924936,D:\Water Quality Parameter Estimation\wq_pipeline\artifacts\tolerance_7d\prepared\chips\train\sample_FI_00000026.npz,D:\Water Quality Parameter Estimation\wq_pipeline\artifacts\tolerance_7d\prepared\chips\train\sample_FI_00000026.png,ok,,S2B_MSIL2A_20230519T093549_R036_T36VUP_20230519T132011,2023-05-19,3,1.308037,42.0121322367658,0.0,256,128,0,0,9,"B02,B03,B04,B08"
FI_00000027,2023-05-16,61.41234231212037,29.399668855924936,D:\Water Quality Parameter Estimation\wq_pipeline\artifacts\tolerance_7d\prepared\chips\train\sample_FI_00000027.npz,D:\Water Quality Parameter Estimation\wq_pipeline\artifacts\tolerance_7d\prepared\chips\train\sample_FI_00000027.png,ok,,S2B_MSIL2A_20230519T093549_R036_T36VUP_20230519T132011,2023-05-19,3,1.308037,42.0121322367658,0.0,256,128,0,0,9,"B02,B03,B04,B08"
FI_00000028,2023-05-16,61.41234231212037,29.399668855924936,D:\Water Quality Parameter Estimation\wq_pipeline\artifacts\tolerance_7d\prepared\chips\train\sample_FI_00000028.npz,D:\Water Quality Parameter Estimation\wq_pipeline\artifacts\tolerance_7d\prepared\chips\train\sample_FI_00000028.png,ok,,S2B_MSIL2A_20230519T093549_R036_T36VUP_20230519T132011,2023-05-19,3,1.308037,42.0121322367658,0.0,256,128,0,0,9,"B02,B03,B04,B08"
FI_00000029,2023-05-16,61.41234231212037,29.399668855924936,D:\Water Quality Parameter Estimation\wq_pipeline\artifacts\tolerance_7d\prepared\chips\train\sample_FI_00000029.npz,D:\Water Quality Parameter Estimation\wq_pipeline\artifacts\tolerance_7d\prepared\chips\train\sample_FI_00000029.png,ok,,S2B_MSIL2A_20230519T093549_R036_T36VUP_20230519T132011,2023-05-19,3,1.308037,42.0121322367658,0.0,256,128,0,0,9,"B02,B03,B04,B08"
FI_00000030,2023-06-07,61.41234231212037,29.399668855924936,D:\Water Quality Parameter Estimation\wq_pipeline\artifacts\tolerance_7d\prepared\chips\train\sample_FI_00000030.npz,D:\Water Quality Parameter Estimation\wq_pipeline\artifacts\tolerance_7d\prepared\chips\train\sample_FI_00000030.png,ok,,S2B_MSIL2A_20230605T092559_R136_T35VPJ_20240911T222414,2023-06-05,2,33.307627,39.414670553263,0.0,256,128,0,0,9,"B02,B03,B04,B08"
FI_00000031,2023-06-07,61.41234231212037,29.399668855924936,D:\Water Quality Parameter Estimation\wq_pipeline\artifacts\tolerance_7d\prepared\chips\train\sample_FI_00000031.npz,D:\Water Quality Parameter Estimation\wq_pipeline\artifacts\tolerance_7d\prepared\chips\train\sample_FI_00000031.png,ok,,S2B_MSIL2A_20230605T092559_R136_T35VPJ_20240911T222414,2023-06-05,2,33.307627,39.414670553263,0.0,256,128,0,0,9,"B02,B03,B04,B08"
FI_00000032,2023-06-07,61.41234231212037,29.399668855924936,D:\Water Quality Parameter Estimation\wq_pipeline\artifacts\tolerance_7d\prepared\chips\train\sample_FI_00000032.npz,D:\Water Quality Parameter Estimation\wq_pipeline\artifacts\tolerance_7d\prepared\chips\train\sample_FI_00000032.png,ok,,S2B_MSIL2A_20230605T092559_R136_T35VPJ_20240911T222414,2023-06-05,2,33.307627,39.414670553263,0.0,256,128,0,0,9,"B02,B03,B04,B08"
FI_00000033,2023-06-07,61.41234231212037,29.399668855924936,D:\Water Quality Parameter Estimation\wq_pipeline\artifacts\tolerance_7d\prepared\chips\train\sample_FI_00000033.npz,D:\Water Quality Parameter Estimation\wq_pipeline\artifacts\tolerance_7d\prepared\chips\train\sample_FI_00000033.png,ok,,S2B_MSIL2A_20230605T092559_R136_T35VPJ_20240911T222414,2023-06-05,2,33.307627,39.414670553263,0.0,256,128,0,0,9,"B02,B03,B04,B08"
FI_00000034,2023-06-07,61.41234231212037,29.399668855924936,D:\Water Quality Parameter Estimation\wq_pipeline\artifacts\tolerance_7d\prepared\chips\train\sample_FI_00000034.npz,D:\Water Quality Parameter Estimation\wq_pipeline\artifacts\tolerance_7d\prepared\chips\train\sample_FI_00000034.png,ok,,S2B_MSIL2A_20230605T092559_R136_T35VPJ_20240911T222414,2023-06-05,2,33.307627,39.414670553263,0.0,256,128,0,0,9,"B02,B03,B04,B08"
FI_00000035,2023-06-07,61.41234231212037,29.399668855924936,D:\Water Quality Parameter Estimation\wq_pipeline\artifacts\tolerance_7d\prepared\chips\train\sample_FI_00000035.npz,D:\Water Quality Parameter Estimation\wq_pipeline\artifacts\tolerance_7d\prepared\chips\train\sample_FI_00000035.png,ok,,S2B_MSIL2A_20230605T092559_R136_T35VPJ_20240911T222414,2023-06-05,2,33.307627,39.414670553263,0.0,256,128,0,0,9,"B02,B03,B04,B08"
FI_00000036,2023-07-04,61.41234231212037,29.399668855924936,D:\Water Quality Parameter Estimation\wq_pipeline\artifacts\tolerance_7d\prepared\chips\train\sample_FI_00000036.npz,D:\Water Quality Parameter Estimation\wq_pipeline\artifacts\tolerance_7d\prepared\chips\train\sample_FI_00000036.png,ok,,S2A_MSIL2A_20230630T093041_R136_T36VUP_20240925T041129,2023-06-30,4,29.643682,38.8652015388452,0.0,256,128,0,0,9,"B02,B03,B04,B08"
FI_00000037,2023-07-04,61.41234231212037,29.399668855924936,D:\Water Quality Parameter Estimation\wq_pipeline\artifacts\tolerance_7d\prepared\chips\train\sample_FI_00000037.npz,D:\Water Quality Parameter Estimation\wq_pipeline\artifacts\tolerance_7d\prepared\chips\train\sample_FI_00000037.png,ok,,S2A_MSIL2A_20230630T093041_R136_T36VUP_20240925T041129,2023-06-30,4,29.643682,38.8652015388452,0.0,256,128,0,0,9,"B02,B03,B04,B08"
FI_00000038,2023-07-04,61.41234231212037,29.399668855924936,D:\Water Quality Parameter Estimation\wq_pipeline\artifacts\tolerance_7d\prepared\chips\train\sample_FI_00000038.npz,D:\Water Quality Parameter Estimation\wq_pipeline\artifacts\tolerance_7d\prepared\chips\train\sample_FI_00000038.png,ok,,S2A_MSIL2A_20230630T093041_R136_T36VUP_20240925T041129,2023-06-30,4,29.643682,38.8652015388452,0.0,256,128,0,0,9,"B02,B03,B04,B08"
FI_00000039,2023-07-04,61.41234231212037,29.399668855924936,D:\Water Quality Parameter Estimation\wq_pipeline\artifacts\tolerance_7d\prepared\chips\train\sample_FI_00000039.npz,D:\Water Quality Parameter Estimation\wq_pipeline\artifacts\tolerance_7d\prepared\chips\train\sample_FI_00000039.png,ok,,S2A_MSIL2A_20230630T093041_R136_T36VUP_20240925T041129,2023-06-30,4,29.643682,38.8652015388452,0.0,256,128,0,0,9,"B02,B03,B04,B08"
FI_00000040,2023-07-04,61.41234231212037,29.399668855924936,D:\Water Quality Parameter Estimation\wq_pipeline\artifacts\tolerance_7d\prepared\chips\train\sample_FI_00000040.npz,D:\Water Quality Parameter Estimation\wq_pipeline\artifacts\tolerance_7d\prepared\chips\train\sample_FI_00000040.png,ok,,S2A_MSIL2A_20230630T093041_R136_T36VUP_20240925T041129,2023-06-30,4,29.643682,38.8652015388452,0.0,256,128,0,0,9,"B02,B03,B04,B08"
FI_00000041,2023-07-04,61.41234231212037,29.399668855924936,D:\Water Quality Parameter Estimation\wq_pipeline\artifacts\tolerance_7d\prepared\chips\train\sample_FI_00000041.npz,D:\Water Quality Parameter Estimation\wq_pipeline\artifacts\tolerance_7d\prepared\chips\train\sample_FI_00000041.png,ok,,S2A_MSIL2A_20230630T093041_R136_T36VUP_20240925T041129,2023-06-30,4,29.643682,38.8652015388452,0.0,256,128,0,0,9,"B02,B03,B04,B08"
FI_00000042,2023-08-01,61.41234231212037,29.399668855924936,D:\Water Quality Parameter Estimation\wq_pipeline\artifacts\tolerance_7d\prepared\chips\train\sample_FI_00000042.npz,D:\Water Quality Parameter Estimation\wq_pipeline\artifacts\tolerance_7d\prepared\chips\train\sample_FI_00000042.png,ok,,S2B_MSIL2A_20230807T093549_R036_T35VPJ_20230807T151753,2023-08-07,6,5.846026,45.4550197226554,0.0,256,128,0,0,9,"B02,B03,B04,B08"
FI_00000043,2023-08-01,61.41234231212037,29.399668855924936,D:\Water Quality Parameter Estimation\wq_pipeline\artifacts\tolerance_7d\prepared\chips\train\sample_FI_00000043.npz,D:\Water Quality Parameter Estimation\wq_pipeline\artifacts\tolerance_7d\prepared\chips\train\sample_FI_00000043.png,ok,,S2B_MSIL2A_20230807T093549_R036_T35VPJ_20230807T151753,2023-08-07,6,5.846026,45.4550197226554,0.0,256,128,0,0,9,"B02,B03,B04,B08"
FI_00000044,2023-08-01,61.41234231212037,29.399668855924936,D:\Water Quality Parameter Estimation\wq_pipeline\artifacts\tolerance_7d\prepared\chips\train\sample_FI_00000044.npz,D:\Water Quality Parameter Estimation\wq_pipeline\artifacts\tolerance_7d\prepared\chips\train\sample_FI_00000044.png,ok,,S2B_MSIL2A_20230807T093549_R036_T35VPJ_20230807T151753,2023-08-07,6,5.846026,45.4550197226554,0.0,256,128,0,0,9,"B02,B03,B04,B08"
FI_00000045,2023-08-01,61.41234231212037,29.399668855924936,D:\Water Quality Parameter Estimation\wq_pipeline\artifacts\tolerance_7d\prepared\chips\train\sample_FI_00000045.npz,D:\Water Quality Parameter Estimation\wq_pipeline\artifacts\tolerance_7d\prepared\chips\train\sample_FI_00000045.png,ok,,S2B_MSIL2A_20230807T093549_R036_T35VPJ_20230807T151753,2023-08-07,6,5.846026,45.4550197226554,0.0,256,128,0,0,9,"B02,B03,B04,B08"
FI_00000046,2023-08-01,61.41234231212037,29.399668855924936,D:\Water Quality Parameter Estimation\wq_pipeline\artifacts\tolerance_7d\prepared\chips\train\sample_FI_00000046.npz,D:\Water Quality Parameter Estimation\wq_pipeline\artifacts\tolerance_7d\prepared\chips\train\sample_FI_00000046.png,ok,,S2B_MSIL2A_20230807T093549_R036_T35VPJ_20230807T151753,2023-08-07,6,5.846026,45.4550197226554,0.0,256,128,0,0,9,"B02,B03,B04,B08"
FI_00000047,2023-08-01,61.41234231212037,29.399668855924936,D:\Water Quality Parameter Estimation\wq_pipeline\artifacts\tolerance_7d\prepared\chips\train\sample_FI_00000047.npz,D:\Water Quality Parameter Estimation\wq_pipeline\artifacts\tolerance_7d\prepared\chips\train\sample_FI_00000047.png,ok,,S2B_MSIL2A_20230807T093549_R036_T35VPJ_20230807T151753,2023-08-07,6,5.846026,45.4550197226554,0.0,256,128,0,0,9,"B02,B03,B04,B08"
FI_00000048,2023-09-05,61.41234231212037,29.399668855924936,,,no_match,no_stac_item,,,,,,,256,128,0,0,0,"B02,B03,B04,B08"
FI_00000049,2023-09-05,61.41234231212037,29.399668855924936,,,no_match,no_stac_item,,,,,,,256,128,0,0,0,"B02,B03,B04,B08"
FI_00000050,2023-09-05,61.41234231212037,29.399668855924936,,,no_match,no_stac_item,,,,,,,256,128,0,0,0,"B02,B03,B04,B08"
FI_00000051,2023-09-05,61.41234231212037,29.399668855924936,,,no_match,no_stac_item,,,,,,,256,128,0,0,0,"B02,B03,B04,B08"
FI_00000052,2023-09-05,61.41234231212037,29.399668855924936,,,no_match,no_stac_item,,,,,,,256,128,0,0,0,"B02,B03,B04,B08"
FI_00000053,2023-09-05,61.41234231212037,29.399668855924936,,,no_match,no_stac_item,,,,,,,256,128,0,0,0,"B02,B03,B04,B08"
FI_00000054,2023-10-03,61.41234231212037,29.399668855924936,D:\Water Quality Parameter Estimation\wq_pipeline\artifacts\tolerance_7d\prepared\chips\train\sample_FI_00000054.npz,D:\Water Quality Parameter Estimation\wq_pipeline\artifacts\tolerance_7d\prepared\chips\train\sample_FI_00000054.png,ok,,S2B_MSIL2A_20231006T093749_R036_T36VUP_20231006T154543,2023-10-06,3,24.513087,66.8069920867734,0.0,256,128,0,0,9,"B02,B03,B04,B08"
FI_00000055,2023-10-03,61.41234231212037,29.399668855924936,D:\Water Quality Parameter Estimation\wq_pipeline\artifacts\tolerance_7d\prepared\chips\train\sample_FI_00000055.npz,D:\Water Quality Parameter Estimation\wq_pipeline\artifacts\tolerance_7d\prepared\chips\train\sample_FI_00000055.png,ok,,S2B_MSIL2A_20231006T093749_R036_T36VUP_20231006T154543,2023-10-06,3,24.513087,66.8069920867734,0.0,256,128,0,0,9,"B02,B03,B04,B08"
FI_00000056,2023-10-03,61.41234231212037,29.399668855924936,D:\Water Quality Parameter Estimation\wq_pipeline\artifacts\tolerance_7d\prepared\chips\train\sample_FI_00000056.npz,D:\Water Quality Parameter Estimation\wq_pipeline\artifacts\tolerance_7d\prepared\chips\train\sample_FI_00000056.png,ok,,S2B_MSIL2A_20231006T093749_R036_T36VUP_20231006T154543,2023-10-06,3,24.513087,66.8069920867734,0.0,256,128,0,0,9,"B02,B03,B04,B08"
FI_00000057,2023-10-03,61.41234231212037,29.399668855924936,D:\Water Quality Parameter Estimation\wq_pipeline\artifacts\tolerance_7d\prepared\chips\train\sample_FI_00000057.npz,D:\Water Quality Parameter Estimation\wq_pipeline\artifacts\tolerance_7d\prepared\chips\train\sample_FI_00000057.png,ok,,S2B_MSIL2A_20231006T093749_R036_T36VUP_20231006T154543,2023-10-06,3,24.513087,66.8069920867734,0.0,256,128,0,0,9,"B02,B03,B04,B08"
FI_00000058,2023-10-03,61.41234231212037,29.399668855924936,D:\Water Quality Parameter Estimation\wq_pipeline\artifacts\tolerance_7d\prepared\chips\train\sample_FI_00000058.npz,D:\Water Quality Parameter Estimation\wq_pipeline\artifacts\tolerance_7d\prepared\chips\train\sample_FI_00000058.png,ok,,S2B_MSIL2A_20231006T093749_R036_T36VUP_20231006T154543,2023-10-06,3,24.513087,66.8069920867734,0.0,256,128,0,0,9,"B02,B03,B04,B08"
FI_00000059,2023-10-03,61.41234231212037,29.399668855924936,D:\Water Quality Parameter Estimation\wq_pipeline\artifacts\tolerance_7d\prepared\chips\train\sample_FI_00000059.npz,D:\Water Quality Parameter Estimation\wq_pipeline\artifacts\tolerance_7d\prepared\chips\train\sample_FI_00000059.png,ok,,S2B_MSIL2A_20231006T093749_R036_T36VUP_20231006T154543,2023-10-06,3,24.513087,66.8069920867734,0.0,256,128,0,0,9,"B02,B03,B04,B08"
FI_00000060,2023-11-01,61.41234231212037,29.399668855924936,,,no_match,no_stac_item,,,,,,,256,128,0,0,0,"B02,B03,B04,B08"
FI_00000061,2023-11-01,61.41234231212037,29.399668855924936,,,no_match,no_stac_item,,,,,,,256,128,0,0,0,"B02,B03,B04,B08"
FI_00000062,2023-11-01,61.41234231212037,29.399668855924936,,,no_match,no_stac_item,,,,,,,256,128,0,0,0,"B02,B03,B04,B08"
FI_00000063,2023-11-01,61.41234231212037,29.399668855924936,,,no_match,no_stac_item,,,,,,,256,128,0,0,0,"B02,B03,B04,B08"
FI_00000064,2023-11-01,61.41234231212037,29.399668855924936,,,no_match,no_stac_item,,,,,,,256,128,0,0,0,"B02,B03,B04,B08"
FI_00000065,2023-11-01,61.41234231212037,29.399668855924936,,,no_match,no_stac_item,,,,,,,256,128,0,0,0,"B02,B03,B04,B08"
FI_00000066,2023-12-12,61.41234231212037,29.399668855924936,,,rejected,nodata_reject,S2B_MSIL2A_20231205T094259_R036_T35VPJ_20240904T045623,2023-12-05,7,10.995346,84.077875761296,1.0,256,128,0,0,9,"B02,B03,B04,B08"
FI_00000067,2023-12-12,61.41234231212037,29.399668855924936,,,rejected,nodata_reject,S2B_MSIL2A_20231205T094259_R036_T35VPJ_20240904T045623,2023-12-05,7,10.995346,84.077875761296,1.0,256,128,0,0,9,"B02,B03,B04,B08"
FI_00000068,2023-12-12,61.41234231212037,29.399668855924936,,,rejected,nodata_reject,S2B_MSIL2A_20231205T094259_R036_T35VPJ_20240904T045623,2023-12-05,7,10.995346,84.077875761296,1.0,256,128,0,0,9,"B02,B03,B04,B08"
FI_00000069,2023-12-12,61.41234231212037,29.399668855924936,,,rejected,nodata_reject,S2B_MSIL2A_20231205T094259_R036_T35VPJ_20240904T045623,2023-12-05,7,10.995346,84.077875761296,1.0,256,128,0,0,9,"B02,B03,B04,B08"
FI_00000070,2023-12-12,61.41234231212037,29.399668855924936,,,rejected,nodata_reject,S2B_MSIL2A_20231205T094259_R036_T35VPJ_20240904T045623,2023-12-05,7,10.995346,84.077875761296,1.0,256,128,0,0,9,"B02,B03,B04,B08"
FI_00000071,2023-12-12,61.41234231212037,29.399668855924936,,,rejected,nodata_reject,S2B_MSIL2A_20231205T094259_R036_T35VPJ_20240904T045623,2023-12-05,7,10.995346,84.077875761296,1.0,256,128,0,0,9,"B02,B03,B04,B08"
FI_00000072,2024-01-10,61.41234231212037,29.399668855924936,D:\Water Quality Parameter Estimation\wq_pipeline\artifacts\tolerance_7d\prepared\chips\train\sample_FI_00000072.npz,D:\Water Quality Parameter Estimation\wq_pipeline\artifacts\tolerance_7d\prepared\chips\train\sample_FI_00000072.png,ok,,S2B_MSIL2A_20240111T093249_R136_T35VPJ_20240115T133838,2024-01-11,1,32.607046,83.8525156176967,0.0,256,128,0,0,9,"B02,B03,B04,B08"
FI_00000073,2024-01-10,61.41234231212037,29.399668855924936,D:\Water Quality Parameter Estimation\wq_pipeline\artifacts\tolerance_7d\prepared\chips\train\sample_FI_00000073.npz,D:\Water Quality Parameter Estimation\wq_pipeline\artifacts\tolerance_7d\prepared\chips\train\sample_FI_00000073.png,ok,,S2B_MSIL2A_20240111T093249_R136_T35VPJ_20240115T133838,2024-01-11,1,32.607046,83.8525156176967,0.0,256,128,0,0,9,"B02,B03,B04,B08"
FI_00000074,2024-01-10,61.41234231212037,29.399668855924936,D:\Water Quality Parameter Estimation\wq_pipeline\artifacts\tolerance_7d\prepared\chips\train\sample_FI_00000074.npz,D:\Water Quality Parameter Estimation\wq_pipeline\artifacts\tolerance_7d\prepared\chips\train\sample_FI_00000074.png,ok,,S2B_MSIL2A_20240111T093249_R136_T35VPJ_20240115T133838,2024-01-11,1,32.607046,83.8525156176967,0.0,256,128,0,0,9,"B02,B03,B04,B08"
FI_00000075,2024-01-10,61.41234231212037,29.399668855924936,D:\Water Quality Parameter Estimation\wq_pipeline\artifacts\tolerance_7d\prepared\chips\train\sample_FI_00000075.npz,D:\Water Quality Parameter Estimation\wq_pipeline\artifacts\tolerance_7d\prepared\chips\train\sample_FI_00000075.png,ok,,S2B_MSIL2A_20240111T093249_R136_T35VPJ_20240115T133838,2024-01-11,1,32.607046,83.8525156176967,0.0,256,128,0,0,9,"B02,B03,B04,B08"
FI_00000076,2024-01-10,61.41234231212037,29.399668855924936,D:\Water Quality Parameter Estimation\wq_pipeline\artifacts\tolerance_7d\prepared\chips\train\sample_FI_00000076.npz,D:\Water Quality Parameter Estimation\wq_pipeline\artifacts\tolerance_7d\prepared\chips\train\sample_FI_00000076.png,ok,,S2B_MSIL2A_20240111T093249_R136_T35VPJ_20240115T133838,2024-01-11,1,32.607046,83.8525156176967,0.0,256,128,0,0,9,"B02,B03,B04,B08"
FI_00000077,2024-01-10,61.41234231212037,29.399668855924936,D:\Water Quality Parameter Estimation\wq_pipeline\artifacts\tolerance_7d\prepared\chips\train\sample_FI_00000077.npz,D:\Water Quality Parameter Estimation\wq_pipeline\artifacts\tolerance_7d\prepared\chips\train\sample_FI_00000077.png,ok,,S2B_MSIL2A_20240111T093249_R136_T35VPJ_20240115T133838,2024-01-11,1,32.607046,83.8525156176967,0.0,256,128,0,0,9,"B02,B03,B04,B08"
FI_00000078,2024-02-06,61.41234231212037,29.399668855924936,D:\Water Quality Parameter Estimation\wq_pipeline\artifacts\tolerance_7d\prepared\chips\train\sample_FI_00000078.npz,D:\Water Quality Parameter Estimation\wq_pipeline\artifacts\tolerance_7d\prepared\chips\train\sample_FI_00000078.png,ok,,S2A_MSIL2A_20240208T094141_R036_T36VUP_20240208T110844,2024-02-08,2,6.466675,77.0337229539331,0.0,256,128,0,0,9,"B02,B03,B04,B08"
FI_00000079,2024-02-06,61.41234231212037,29.399668855924936,D:\Water Quality Parameter Estimation\wq_pipeline\artifacts\tolerance_7d\prepared\chips\train\sample_FI_00000079.npz,D:\Water Quality Parameter Estimation\wq_pipeline\artifacts\tolerance_7d\prepared\chips\train\sample_FI_00000079.png,ok,,S2A_MSIL2A_20240208T094141_R036_T36VUP_20240208T110844,2024-02-08,2,6.466675,77.0337229539331,0.0,256,128,0,0,9,"B02,B03,B04,B08"
FI_00000080,2024-02-06,61.41234231212037,29.399668855924936,D:\Water Quality Parameter Estimation\wq_pipeline\artifacts\tolerance_7d\prepared\chips\train\sample_FI_00000080.npz,D:\Water Quality Parameter Estimation\wq_pipeline\artifacts\tolerance_7d\prepared\chips\train\sample_FI_00000080.png,ok,,S2A_MSIL2A_20240208T094141_R036_T36VUP_20240208T110844,2024-02-08,2,6.466675,77.0337229539331,0.0,256,128,0,0,9,"B02,B03,B04,B08"
FI_00000081,2024-02-06,61.41234231212037,29.399668855924936,D:\Water Quality Parameter Estimation\wq_pipeline\artifacts\tolerance_7d\prepared\chips\train\sample_FI_00000081.npz,D:\Water Quality Parameter Estimation\wq_pipeline\artifacts\tolerance_7d\prepared\chips\train\sample_FI_00000081.png,ok,,S2A_MSIL2A_20240208T094141_R036_T36VUP_20240208T110844,2024-02-08,2,6.466675,77.0337229539331,0.0,256,128,0,0,9,"B02,B03,B04,B08"
FI_00000082,2024-02-06,61.41234231212037,29.399668855924936,D:\Water Quality Parameter Estimation\wq_pipeline\artifacts\tolerance_7d\prepared\chips\train\sample_FI_00000082.npz,D:\Water Quality Parameter Estimation\wq_pipeline\artifacts\tolerance_7d\prepared\chips\train\sample_FI_00000082.png,ok,,S2A_MSIL2A_20240208T094141_R036_T36VUP_20240208T110844,2024-02-08,2,6.466675,77.0337229539331,0.0,256,128,0,0,9,"B02,B03,B04,B08"
FI_00000083,2024-02-06,61.41234231212037,29.399668855924936,D:\Water Quality Parameter Estimation\wq_pipeline\artifacts\tolerance_7d\prepared\chips\train\sample_FI_00000083.npz,D:\Water Quality Parameter Estimation\wq_pipeline\artifacts\tolerance_7d\prepared\chips\train\sample_FI_00000083.png,ok,,S2A_MSIL2A_20240208T094141_R036_T36VUP_20240208T110844,2024-02-08,2,6.466675,77.0337229539331,0.0,256,128,0,0,9,"B02,B03,B04,B08"
FI_00000084,2024-03-05,61.41234231212037,29.399668855924936,D:\Water Quality Parameter Estimation\wq_pipeline\artifacts\tolerance_7d\prepared\chips\train\sample_FI_00000084.npz,D:\Water Quality Parameter Estimation\wq_pipeline\artifacts\tolerance_7d\prepared\chips\train\sample_FI_00000084.png,ok,,S2B_MSIL2A_20240311T092709_R136_T35VPJ_20240311T141201,2024-03-11,6,37.47918,65.5426418794958,0.0,256,128,0,0,9,"B02,B03,B04,B08"
FI_00000085,2024-03-05,61.41234231212037,29.399668855924936,D:\Water Quality Parameter Estimation\wq_pipeline\artifacts\tolerance_7d\prepared\chips\train\sample_FI_00000085.npz,D:\Water Quality Parameter Estimation\wq_pipeline\artifacts\tolerance_7d\prepared\chips\train\sample_FI_00000085.png,ok,,S2B_MSIL2A_20240311T092709_R136_T35VPJ_20240311T141201,2024-03-11,6,37.47918,65.5426418794958,0.0,256,128,0,0,9,"B02,B03,B04,B08"
FI_00000086,2024-03-05,61.41234231212037,29.399668855924936,D:\Water Quality Parameter Estimation\wq_pipeline\artifacts\tolerance_7d\prepared\chips\train\sample_FI_00000086.npz,D:\Water Quality Parameter Estimation\wq_pipeline\artifacts\tolerance_7d\prepared\chips\train\sample_FI_00000086.png,ok,,S2B_MSIL2A_20240311T092709_R136_T35VPJ_20240311T141201,2024-03-11,6,37.47918,65.5426418794958,0.0,256,128,0,0,9,"B02,B03,B04,B08"
FI_00000087,2024-03-05,61.41234231212037,29.399668855924936,D:\Water Quality Parameter Estimation\wq_pipeline\artifacts\tolerance_7d\prepared\chips\train\sample_FI_00000087.npz,D:\Water Quality Parameter Estimation\wq_pipeline\artifacts\tolerance_7d\prepared\chips\train\sample_FI_00000087.png,ok,,S2B_MSIL2A_20240311T092709_R136_T35VPJ_20240311T141201,2024-03-11,6,37.47918,65.5426418794958,0.0,256,128,0,0,9,"B02,B03,B04,B08"
FI_00000088,2024-03-05,61.41234231212037,29.399668855924936,D:\Water Quality Parameter Estimation\wq_pipeline\artifacts\tolerance_7d\prepared\chips\train\sample_FI_00000088.npz,D:\Water Quality Parameter Estimation\wq_pipeline\artifacts\tolerance_7d\prepared\chips\train\sample_FI_00000088.png,ok,,S2B_MSIL2A_20240311T092709_R136_T35VPJ_20240311T141201,2024-03-11,6,37.47918,65.5426418794958,0.0,256,128,0,0,9,"B02,B03,B04,B08"
FI_00000089,2024-03-05,61.41234231212037,29.399668855924936,D:\Water Quality Parameter Estimation\wq_pipeline\artifacts\tolerance_7d\prepared\chips\train\sample_FI_00000089.npz,D:\Water Quality Parameter Estimation\wq_pipeline\artifacts\tolerance_7d\prepared\chips\train\sample_FI_00000089.png,ok,,S2B_MSIL2A_20240311T092709_R136_T35VPJ_20240311T141201,2024-03-11,6,37.47918,65.5426418794958,0.0,256,128,0,0,9,"B02,B03,B04,B08"
FI_00000090,2024-04-02,61.41234231212037,29.399668855924936,D:\Water Quality Parameter Estimation\wq_pipeline\artifacts\tolerance_7d\prepared\chips\train\sample_FI_00000090.npz,D:\Water Quality Parameter Estimation\wq_pipeline\artifacts\tolerance_7d\prepared\chips\train\sample_FI_00000090.png,ok,,S2A_MSIL2A_20240408T094031_R036_T35VPJ_20240410T215120,2024-04-08,6,3.287974,54.3597782412177,6.866455078125e-05,256,128,0,0,9,"B02,B03,B04,B08"
FI_00000091,2024-04-02,61.41234231212037,29.399668855924936,D:\Water Quality Parameter Estimation\wq_pipeline\artifacts\tolerance_7d\prepared\chips\train\sample_FI_00000091.npz,D:\Water Quality Parameter Estimation\wq_pipeline\artifacts\tolerance_7d\prepared\chips\train\sample_FI_00000091.png,ok,,S2A_MSIL2A_20240408T094031_R036_T35VPJ_20240410T215120,2024-04-08,6,3.287974,54.3597782412177,6.866455078125e-05,256,128,0,0,9,"B02,B03,B04,B08"
FI_00000092,2024-04-02,61.41234231212037,29.399668855924936,D:\Water Quality Parameter Estimation\wq_pipeline\artifacts\tolerance_7d\prepared\chips\train\sample_FI_00000092.npz,D:\Water Quality Parameter Estimation\wq_pipeline\artifacts\tolerance_7d\prepared\chips\train\sample_FI_00000092.png,ok,,S2A_MSIL2A_20240408T094031_R036_T35VPJ_20240410T215120,2024-04-08,6,3.287974,54.3597782412177,6.866455078125e-05,256,128,0,0,9,"B02,B03,B04,B08"
FI_00000093,2024-04-02,61.41234231212037,29.399668855924936,D:\Water Quality Parameter Estimation\wq_pipeline\artifacts\tolerance_7d\prepared\chips\train\sample_FI_00000093.npz,D:\Water Quality Parameter Estimation\wq_pipeline\artifacts\tolerance_7d\prepared\chips\train\sample_FI_00000093.png,ok,,S2A_MSIL2A_20240408T094031_R036_T35VPJ_20240410T215120,2024-04-08,6,3.287974,54.3597782412177,6.866455078125e-05,256,128,0,0,9,"B02,B03,B04,B08"
FI_00000094,2024-04-02,61.41234231212037,29.399668855924936,D:\Water Quality Parameter Estimation\wq_pipeline\artifacts\tolerance_7d\prepared\chips\train\sample_FI_00000094.npz,D:\Water Quality Parameter Estimation\wq_pipeline\artifacts\tolerance_7d\prepared\chips\train\sample_FI_00000094.png,ok,,S2A_MSIL2A_20240408T094031_R036_T35VPJ_20240410T215120,2024-04-08,6,3.287974,54.3597782412177,6.866455078125e-05,256,128,0,0,9,"B02,B03,B04,B08"
FI_00000095,2024-04-02,61.41234231212037,29.399668855924936,D:\Water Quality Parameter Estimation\wq_pipeline\artifacts\tolerance_7d\prepared\chips\train\sample_FI_00000095.npz,D:\Water Quality Parameter Estimation\wq_pipeline\artifacts\tolerance_7d\prepared\chips\train\sample_FI_00000095.png,ok,,S2A_MSIL2A_20240408T094031_R036_T35VPJ_20240410T215120,2024-04-08,6,3.287974,54.3597782412177,6.866455078125e-05,256,128,0,0,9,"B02,B03,B04,B08"
FI_00000096,2024-05-07,61.41234231212037,29.399668855924936,,,no_match,no_stac_item,,,,,,,256,128,0,0,0,"B02,B03,B04,B08"
FI_00000097,2024-05-07,61.41234231212037,29.399668855924936,,,no_match,no_stac_item,,,,,,,256,128,0,0,0,"B02,B03,B04,B08"
FI_00000098,2024-05-07,61.41234231212037,29.399668855924936,,,no_match,no_stac_item,,,,,,,256,128,0,0,0,"B02,B03,B04,B08"
FI_00000099,2024-05-07,61.41234231212037,29.399668855924936,,,no_match,no_stac_item,,,,,,,256,128,0,0,0,"B02,B03,B04,B08"
FI_00000100,2024-05-07,61.41234231212037,29.399668855924936,,,no_match,no_stac_item,,,,,,,256,128,0,0,0,"B02,B03,B04,B08"
FI_00000101,2024-05-07,61.41234231212037,29.399668855924936,,,no_match,no_stac_item,,,,,,,256,128,0,0,0,"B02,B03,B04,B08"
FI_00000102,2024-06-04,61.41234231212037,29.399668855924936,D:\Water Quality Parameter Estimation\wq_pipeline\artifacts\tolerance_7d\prepared\chips\train\sample_FI_00000102.npz,D:\Water Quality Parameter Estimation\wq_pipeline\artifacts\tolerance_7d\prepared\chips\train\sample_FI_00000102.png,ok,,S2A_MSIL2A_20240607T094041_R036_T36VUP_20240607T123352,2024-06-07,3,31.196788,38.9769615793903,0.0,256,128,0,0,9,"B02,B03,B04,B08"
FI_00000103,2024-06-04,61.41234231212037,29.399668855924936,D:\Water Quality Parameter Estimation\wq_pipeline\artifacts\tolerance_7d\prepared\chips\train\sample_FI_00000103.npz,D:\Water Quality Parameter Estimation\wq_pipeline\artifacts\tolerance_7d\prepared\chips\train\sample_FI_00000103.png,ok,,S2A_MSIL2A_20240607T094041_R036_T36VUP_20240607T123352,2024-06-07,3,31.196788,38.9769615793903,0.0,256,128,0,0,9,"B02,B03,B04,B08"
FI_00000104,2024-06-04,61.41234231212037,29.399668855924936,D:\Water Quality Parameter Estimation\wq_pipeline\artifacts\tolerance_7d\prepared\chips\train\sample_FI_00000104.npz,D:\Water Quality Parameter Estimation\wq_pipeline\artifacts\tolerance_7d\prepared\chips\train\sample_FI_00000104.png,ok,,S2A_MSIL2A_20240607T094041_R036_T36VUP_20240607T123352,2024-06-07,3,31.196788,38.9769615793903,0.0,256,128,0,0,9,"B02,B03,B04,B08"
FI_00000105,2024-06-04,61.41234231212037,29.399668855924936,D:\Water Quality Parameter Estimation\wq_pipeline\artifacts\tolerance_7d\prepared\chips\train\sample_FI_00000105.npz,D:\Water Quality Parameter Estimation\wq_pipeline\artifacts\tolerance_7d\prepared\chips\train\sample_FI_00000105.png,ok,,S2A_MSIL2A_20240607T094041_R036_T36VUP_20240607T123352,2024-06-07,3,31.196788,38.9769615793903,0.0,256,128,0,0,9,"B02,B03,B04,B08"
FI_00000106,2024-06-04,61.41234231212037,29.399668855924936,D:\Water Quality Parameter Estimation\wq_pipeline\artifacts\tolerance_7d\prepared\chips\train\sample_FI_00000106.npz,D:\Water Quality Parameter Estimation\wq_pipeline\artifacts\tolerance_7d\prepared\chips\train\sample_FI_00000106.png,ok,,S2A_MSIL2A_20240607T094041_R036_T36VUP_20240607T123352,2024-06-07,3,31.196788,38.9769615793903,0.0,256,128,0,0,9,"B02,B03,B04,B08"
FI_00000107,2024-06-04,61.41234231212037,29.399668855924936,D:\Water Quality Parameter Estimation\wq_pipeline\artifacts\tolerance_7d\prepared\chips\train\sample_FI_00000107.npz,D:\Water Quality Parameter Estimation\wq_pipeline\artifacts\tolerance_7d\prepared\chips\train\sample_FI_00000107.png,ok,,S2A_MSIL2A_20240607T094041_R036_T36VUP_20240607T123352,2024-06-07,3,31.196788,38.9769615793903,0.0,256,128,0,0,9,"B02,B03,B04,B08"
FI_00000108,2024-07-02,61.41234231212037,29.399668855924936,D:\Water Quality Parameter Estimation\wq_pipeline\artifacts\tolerance_7d\prepared\chips\train\sample_FI_00000108.npz,D:\Water Quality Parameter Estimation\wq_pipeline\artifacts\tolerance_7d\prepared\chips\train\sample_FI_00000108.png,ok,,S2B_MSIL2A_20240629T092559_R136_T36VUP_20240629T122147,2024-06-29,3,26.170674,38.8489737040738,0.0,256,128,0,0,9,"B02,B03,B04,B08"
FI_00000109,2024-07-02,61.41234231212037,29.399668855924936,D:\Water Quality Parameter Estimation\wq_pipeline\artifacts\tolerance_7d\prepared\chips\train\sample_FI_00000109.npz,D:\Water Quality Parameter Estimation\wq_pipeline\artifacts\tolerance_7d\prepared\chips\train\sample_FI_00000109.png,ok,,S2B_MSIL2A_20240629T092559_R136_T36VUP_20240629T122147,2024-06-29,3,26.170674,38.8489737040738,0.0,256,128,0,0,9,"B02,B03,B04,B08"
FI_00000110,2024-07-02,61.41234231212037,29.399668855924936,D:\Water Quality Parameter Estimation\wq_pipeline\artifacts\tolerance_7d\prepared\chips\train\sample_FI_00000110.npz,D:\Water Quality Parameter Estimation\wq_pipeline\artifacts\tolerance_7d\prepared\chips\train\sample_FI_00000110.png,ok,,S2B_MSIL2A_20240629T092559_R136_T36VUP_20240629T122147,2024-06-29,3,26.170674,38.8489737040738,0.0,256,128,0,0,9,"B02,B03,B04,B08"
FI_00000111,2024-07-02,61.41234231212037,29.399668855924936,D:\Water Quality Parameter Estimation\wq_pipeline\artifacts\tolerance_7d\prepared\chips\train\sample_FI_00000111.npz,D:\Water Quality Parameter Estimation\wq_pipeline\artifacts\tolerance_7d\prepared\chips\train\sample_FI_00000111.png,ok,,S2B_MSIL2A_20240629T092559_R136_T36VUP_20240629T122147,2024-06-29,3,26.170674,38.8489737040738,0.0,256,128,0,0,9,"B02,B03,B04,B08"
FI_00000112,2024-07-02,61.41234231212037,29.399668855924936,D:\Water Quality Parameter Estimation\wq_pipeline\artifacts\tolerance_7d\prepared\chips\train\sample_FI_00000112.npz,D:\Water Quality Parameter Estimation\wq_pipeline\artifacts\tolerance_7d\prepared\chips\train\sample_FI_00000112.png,ok,,S2B_MSIL2A_20240629T092559_R136_T36VUP_20240629T122147,2024-06-29,3,26.170674,38.8489737040738,0.0,256,128,0,0,9,"B02,B03,B04,B08"
FI_00000113,2024-07-02,61.41234231212037,29.399668855924936,D:\Water Quality Parameter Estimation\wq_pipeline\artifacts\tolerance_7d\prepared\chips\train\sample_FI_00000113.npz,D:\Water Quality Parameter Estimation\wq_pipeline\artifacts\tolerance_7d\prepared\chips\train\sample_FI_00000113.png,ok,,S2B_MSIL2A_20240629T092559_R136_T36VUP_20240629T122147,2024-06-29,3,26.170674,38.8489737040738,0.0,256,128,0,0,9,"B02,B03,B04,B08"
FI_00000114,2024-08-06,61.41234231212037,29.399668855924936,D:\Water Quality Parameter Estimation\wq_pipeline\artifacts\tolerance_7d\prepared\chips\train\sample_FI_00000114.npz,D:\Water Quality Parameter Estimation\wq_pipeline\artifacts\tolerance_7d\prepared\chips\train\sample_FI_00000114.png,ok,,S2B_MSIL2A_20240808T092559_R136_T36VUP_20240808T122517,2024-08-08,2,18.993486,46.1120001119175,0.0,256,128,0,0,9,"B02,B03,B04,B08"
FI_00000115,2024-08-06,61.41234231212037,29.399668855924936,D:\Water Quality Parameter Estimation\wq_pipeline\artifacts\tolerance_7d\prepared\chips\train\sample_FI_00000115.npz,D:\Water Quality Parameter Estimation\wq_pipeline\artifacts\tolerance_7d\prepared\chips\train\sample_FI_00000115.png,ok,,S2B_MSIL2A_20240808T092559_R136_T36VUP_20240808T122517,2024-08-08,2,18.993486,46.1120001119175,0.0,256,128,0,0,9,"B02,B03,B04,B08"
FI_00000116,2024-08-06,61.41234231212037,29.399668855924936,D:\Water Quality Parameter Estimation\wq_pipeline\artifacts\tolerance_7d\prepared\chips\train\sample_FI_00000116.npz,D:\Water Quality Parameter Estimation\wq_pipeline\artifacts\tolerance_7d\prepared\chips\train\sample_FI_00000116.png,ok,,S2B_MSIL2A_20240808T092559_R136_T36VUP_20240808T122517,2024-08-08,2,18.993486,46.1120001119175,0.0,256,128,0,0,9,"B02,B03,B04,B08"
FI_00000117,2024-08-06,61.41234231212037,29.399668855924936,D:\Water Quality Parameter Estimation\wq_pipeline\artifacts\tolerance_7d\prepared\chips\train\sample_FI_00000117.npz,D:\Water Quality Parameter Estimation\wq_pipeline\artifacts\tolerance_7d\prepared\chips\train\sample_FI_00000117.png,ok,,S2B_MSIL2A_20240808T092559_R136_T36VUP_20240808T122517,2024-08-08,2,18.993486,46.1120001119175,0.0,256,128,0,0,9,"B02,B03,B04,B08"
FI_00000118,2024-08-06,61.41234231212037,29.399668855924936,D:\Water Quality Parameter Estimation\wq_pipeline\artifacts\tolerance_7d\prepared\chips\train\sample_FI_00000118.npz,D:\Water Quality Parameter Estimation\wq_pipeline\artifacts\tolerance_7d\prepared\chips\train\sample_FI_00000118.png,ok,,S2B_MSIL2A_20240808T092559_R136_T36VUP_20240808T122517,2024-08-08,2,18.993486,46.1120001119175,0.0,256,128,0,0,9,"B02,B03,B04,B08"
FI_00000119,2024-08-06,61.41234231212037,29.399668855924936,D:\Water Quality Parameter Estimation\wq_pipeline\artifacts\tolerance_7d\prepared\chips\train\sample_FI_00000119.npz,D:\Water Quality Parameter Estimation\wq_pipeline\artifacts\tolerance_7d\prepared\chips\train\sample_FI_00000119.png,ok,,S2B_MSIL2A_20240808T092559_R136_T36VUP_20240808T122517,2024-08-08,2,18.993486,46.1120001119175,0.0,256,128,0,0,9,"B02,B03,B04,B08"
FI_00000120,2024-09-03,61.41234231212037,29.399668855924936,D:\Water Quality Parameter Estimation\wq_pipeline\artifacts\tolerance_7d\prepared\chips\train\sample_FI_00000120.npz,D:\Water Quality Parameter Estimation\wq_pipeline\artifacts\tolerance_7d\prepared\chips\train\sample_FI_00000120.png,ok,,S2A_MSIL2A_20240905T094031_R036_T36VUP_20240905T133953,2024-09-05,2,2.207435,55.224857391875,0.0,256,128,0,0,9,"B02,B03,B04,B08"
FI_00000121,2024-09-03,61.41234231212037,29.399668855924936,D:\Water Quality Parameter Estimation\wq_pipeline\artifacts\tolerance_7d\prepared\chips\train\sample_FI_00000121.npz,D:\Water Quality Parameter Estimation\wq_pipeline\artifacts\tolerance_7d\prepared\chips\train\sample_FI_00000121.png,ok,,S2A_MSIL2A_20240905T094031_R036_T36VUP_20240905T133953,2024-09-05,2,2.207435,55.224857391875,0.0,256,128,0,0,9,"B02,B03,B04,B08"
FI_00000122,2024-09-03,61.41234231212037,29.399668855924936,D:\Water Quality Parameter Estimation\wq_pipeline\artifacts\tolerance_7d\prepared\chips\train\sample_FI_00000122.npz,D:\Water Quality Parameter Estimation\wq_pipeline\artifacts\tolerance_7d\prepared\chips\train\sample_FI_00000122.png,ok,,S2A_MSIL2A_20240905T094031_R036_T36VUP_20240905T133953,2024-09-05,2,2.207435,55.224857391875,0.0,256,128,0,0,9,"B02,B03,B04,B08"
FI_00000123,2024-09-03,61.41234231212037,29.399668855924936,D:\Water Quality Parameter Estimation\wq_pipeline\artifacts\tolerance_7d\prepared\chips\train\sample_FI_00000123.npz,D:\Water Quality Parameter Estimation\wq_pipeline\artifacts\tolerance_7d\prepared\chips\train\sample_FI_00000123.png,ok,,S2A_MSIL2A_20240905T094031_R036_T36VUP_20240905T133953,2024-09-05,2,2.207435,55.224857391875,0.0,256,128,0,0,9,"B02,B03,B04,B08"
FI_00000124,2024-09-03,61.41234231212037,29.399668855924936,D:\Water Quality Parameter Estimation\wq_pipeline\artifacts\tolerance_7d\prepared\chips\train\sample_FI_00000124.npz,D:\Water Quality Parameter Estimation\wq_pipeline\artifacts\tolerance_7d\prepared\chips\train\sample_FI_00000124.png,ok,,S2A_MSIL2A_20240905T094031_R036_T36VUP_20240905T133953,2024-09-05,2,2.207435,55.224857391875,0.0,256,128,0,0,9,"B02,B03,B04,B08"
FI_00000125,2024-09-03,61.41234231212037,29.399668855924936,D:\Water Quality Parameter Estimation\wq_pipeline\artifacts\tolerance_7d\prepared\chips\train\sample_FI_00000125.npz,D:\Water Quality Parameter Estimation\wq_pipeline\artifacts\tolerance_7d\prepared\chips\train\sample_FI_00000125.png,ok,,S2A_MSIL2A_20240905T094031_R036_T36VUP_20240905T133953,2024-09-05,2,2.207435,55.224857391875,0.0,256,128,0,0,9,"B02,B03,B04,B08"
FI_00000126,2024-10-01,61.41234231212037,29.399668855924936,D:\Water Quality Parameter Estimation\wq_pipeline\artifacts\tolerance_7d\prepared\chips\train\sample_FI_00000126.npz,D:\Water Quality Parameter Estimation\wq_pipeline\artifacts\tolerance_7d\prepared\chips\train\sample_FI_00000126.png,ok,,S2B_MSIL2A_20240930T094029_R036_T35VPJ_20240930T125406,2024-09-30,1,0.316639,64.7888599183732,3.814697265625e-06,256,128,0,0,9,"B02,B03,B04,B08"
FI_00000127,2024-10-01,61.41234231212037,29.399668855924936,D:\Water Quality Parameter Estimation\wq_pipeline\artifacts\tolerance_7d\prepared\chips\train\sample_FI_00000127.npz,D:\Water Quality Parameter Estimation\wq_pipeline\artifacts\tolerance_7d\prepared\chips\train\sample_FI_00000127.png,ok,,S2B_MSIL2A_20240930T094029_R036_T35VPJ_20240930T125406,2024-09-30,1,0.316639,64.7888599183732,3.814697265625e-06,256,128,0,0,9,"B02,B03,B04,B08"
FI_00000128,2024-10-01,61.41234231212037,29.399668855924936,D:\Water Quality Parameter Estimation\wq_pipeline\artifacts\tolerance_7d\prepared\chips\train\sample_FI_00000128.npz,D:\Water Quality Parameter Estimation\wq_pipeline\artifacts\tolerance_7d\prepared\chips\train\sample_FI_00000128.png,ok,,S2B_MSIL2A_20240930T094029_R036_T35VPJ_20240930T125406,2024-09-30,1,0.316639,64.7888599183732,3.814697265625e-06,256,128,0,0,9,"B02,B03,B04,B08"
FI_00000129,2024-10-01,61.41234231212037,29.399668855924936,D:\Water Quality Parameter Estimation\wq_pipeline\artifacts\tolerance_7d\prepared\chips\train\sample_FI_00000129.npz,D:\Water Quality Parameter Estimation\wq_pipeline\artifacts\tolerance_7d\prepared\chips\train\sample_FI_00000129.png,ok,,S2B_MSIL2A_20240930T094029_R036_T35VPJ_20240930T125406,2024-09-30,1,0.316639,64.7888599183732,3.814697265625e-06,256,128,0,0,9,"B02,B03,B04,B08"
FI_00000130,2024-10-01,61.41234231212037,29.399668855924936,D:\Water Quality Parameter Estimation\wq_pipeline\artifacts\tolerance_7d\prepared\chips\train\sample_FI_00000130.npz,D:\Water Quality Parameter Estimation\wq_pipeline\artifacts\tolerance_7d\prepared\chips\train\sample_FI_00000130.png,ok,,S2B_MSIL2A_20240930T094029_R036_T35VPJ_20240930T125406,2024-09-30,1,0.316639,64.7888599183732,3.814697265625e-06,256,128,0,0,9,"B02,B03,B04,B08"
FI_00000131,2024-10-01,61.41234231212037,29.399668855924936,D:\Water Quality Parameter Estimation\wq_pipeline\artifacts\tolerance_7d\prepared\chips\train\sample_FI_00000131.npz,D:\Water Quality Parameter Estimation\wq_pipeline\artifacts\tolerance_7d\prepared\chips\train\sample_FI_00000131.png,ok,,S2B_MSIL2A_20240930T094029_R036_T35VPJ_20240930T125406,2024-09-30,1,0.316639,64.7888599183732,3.814697265625e-06,256,128,0,0,9,"B02,B03,B04,B08"
FI_00000132,2024-11-06,61.41234231212037,29.399668855924936,D:\Water Quality Parameter Estimation\wq_pipeline\artifacts\tolerance_7d\prepared\chips\train\sample_FI_00000132.npz,D:\Water Quality Parameter Estimation\wq_pipeline\artifacts\tolerance_7d\prepared\chips\train\sample_FI_00000132.png,ok,,S2A_MSIL2A_20241104T094151_R036_T36VUP_20241104T105348,2024-11-04,2,5.582755,77.293464900998,0.0,256,128,0,0,9,"B02,B03,B04,B08"
FI_00000133,2024-11-06,61.41234231212037,29.399668855924936,D:\Water Quality Parameter Estimation\wq_pipeline\artifacts\tolerance_7d\prepared\chips\train\sample_FI_00000133.npz,D:\Water Quality Parameter Estimation\wq_pipeline\artifacts\tolerance_7d\prepared\chips\train\sample_FI_00000133.png,ok,,S2A_MSIL2A_20241104T094151_R036_T36VUP_20241104T105348,2024-11-04,2,5.582755,77.293464900998,0.0,256,128,0,0,9,"B02,B03,B04,B08"
FI_00000134,2024-11-06,61.41234231212037,29.399668855924936,D:\Water Quality Parameter Estimation\wq_pipeline\artifacts\tolerance_7d\prepared\chips\train\sample_FI_00000134.npz,D:\Water Quality Parameter Estimation\wq_pipeline\artifacts\tolerance_7d\prepared\chips\train\sample_FI_00000134.png,ok,,S2A_MSIL2A_20241104T094151_R036_T36VUP_20241104T105348,2024-11-04,2,5.582755,77.293464900998,0.0,256,128,0,0,9,"B02,B03,B04,B08"
FI_00000135,2024-11-06,61.41234231212037,29.399668855924936,D:\Water Quality Parameter Estimation\wq_pipeline\artifacts\tolerance_7d\prepared\chips\train\sample_FI_00000135.npz,D:\Water Quality Parameter Estimation\wq_pipeline\artifacts\tolerance_7d\prepared\chips\train\sample_FI_00000135.png,ok,,S2A_MSIL2A_20241104T094151_R036_T36VUP_20241104T105348,2024-11-04,2,5.582755,77.293464900998,0.0,256,128,0,0,9,"B02,B03,B04,B08"
FI_00000136,2024-11-06,61.41234231212037,29.399668855924936,D:\Water Quality Parameter Estimation\wq_pipeline\artifacts\tolerance_7d\prepared\chips\train\sample_FI_00000136.npz,D:\Water Quality Parameter Estimation\wq_pipeline\artifacts\tolerance_7d\prepared\chips\train\sample_FI_00000136.png,ok,,S2A_MSIL2A_20241104T094151_R036_T36VUP_20241104T105348,2024-11-04,2,5.582755,77.293464900998,0.0,256,128,0,0,9,"B02,B03,B04,B08"
FI_00000137,2024-11-06,61.41234231212037,29.399668855924936,D:\Water Quality Parameter Estimation\wq_pipeline\artifacts\tolerance_7d\prepared\chips\train\sample_FI_00000137.npz,D:\Water Quality Parameter Estimation\wq_pipeline\artifacts\tolerance_7d\prepared\chips\train\sample_FI_00000137.png,ok,,S2A_MSIL2A_20241104T094151_R036_T36VUP_20241104T105348,2024-11-04,2,5.582755,77.293464900998,0.0,256,128,0,0,9,"B02,B03,B04,B08"
FI_00000138,2024-12-03,61.41234231212037,29.399668855924936,,,no_match,no_stac_item,,,,,,,256,128,0,0,0,"B02,B03,B04,B08"
FI_00000139,2024-12-03,61.41234231212037,29.399668855924936,,,no_match,no_stac_item,,,,,,,256,128,0,0,0,"B02,B03,B04,B08"
FI_00000140,2024-12-03,61.41234231212037,29.399668855924936,,,no_match,no_stac_item,,,,,,,256,128,0,0,0,"B02,B03,B04,B08"
FI_00000141,2024-12-03,61.41234231212037,29.399668855924936,,,no_match,no_stac_item,,,,,,,256,128,0,0,0,"B02,B03,B04,B08"
FI_00000142,2024-12-03,61.41234231212037,29.399668855924936,,,no_match,no_stac_item,,,,,,,256,128,0,0,0,"B02,B03,B04,B08"
FI_00000143,2024-12-03,61.41234231212037,29.399668855924936,,,no_match,no_stac_item,,,,,,,256,128,0,0,0,"B02,B03,B04,B08"
FI_00000150,2023-02-07,60.95454402242739,28.56703697930222,,,no_match,no_stac_item,,,,,,,256,128,0,0,0,"B02,B03,B04,B08"
FI_00000151,2023-02-07,60.95454402242739,28.56703697930222,,,no_match,no_stac_item,,,,,,,256,128,0,0,0,"B02,B03,B04,B08"
FI_00000152,2023-02-07,60.95454402242739,28.56703697930222,,,no_match,no_stac_item,,,,,,,256,128,0,0,0,"B02,B03,B04,B08"
FI_00000153,2023-02-07,60.95454402242739,28.56703697930222,,,no_match,no_stac_item,,,,,,,256,128,0,0,0,"B02,B03,B04,B08"
FI_00000154,2023-02-07,60.95454402242739,28.56703697930222,,,no_match,no_stac_item,,,,,,,256,128,0,0,0,"B02,B03,B04,B08"
FI_00000155,2023-02-07,60.95454402242739,28.56703697930222,,,no_match,no_stac_item,,,,,,,256,128,0,0,0,"B02,B03,B04,B08"
FI_00000156,2023-03-01,60.95454402242739,28.56703697930222,D:\Water Quality Parameter Estimation\wq_pipeline\artifacts\tolerance_7d\prepared\chips\train\sample_FI_00000156.npz,D:\Water Quality Parameter Estimation\wq_pipeline\artifacts\tolerance_7d\prepared\chips\train\sample_FI_00000156.png,ok,,S2B_MSIL2A_20230228T094029_R036_T35VNH_20230301T181338,2023-02-28,1,26.003328,69.2171016172935,0.0,256,128,0,0,9,"B02,B03,B04,B08"
FI_00000157,2023-03-01,60.95454402242739,28.56703697930222,D:\Water Quality Parameter Estimation\wq_pipeline\artifacts\tolerance_7d\prepared\chips\train\sample_FI_00000157.npz,D:\Water Quality Parameter Estimation\wq_pipeline\artifacts\tolerance_7d\prepared\chips\train\sample_FI_00000157.png,ok,,S2B_MSIL2A_20230228T094029_R036_T35VNH_20230301T181338,2023-02-28,1,26.003328,69.2171016172935,0.0,256,128,0,0,9,"B02,B03,B04,B08"
FI_00000158,2023-03-01,60.95454402242739,28.56703697930222,D:\Water Quality Parameter Estimation\wq_pipeline\artifacts\tolerance_7d\prepared\chips\train\sample_FI_00000158.npz,D:\Water Quality Parameter Estimation\wq_pipeline\artifacts\tolerance_7d\prepared\chips\train\sample_FI_00000158.png,ok,,S2B_MSIL2A_20230228T094029_R036_T35VNH_20230301T181338,2023-02-28,1,26.003328,69.2171016172935,0.0,256,128,0,0,9,"B02,B03,B04,B08"
FI_00000159,2023-03-01,60.95454402242739,28.56703697930222,D:\Water Quality Parameter Estimation\wq_pipeline\artifacts\tolerance_7d\prepared\chips\train\sample_FI_00000159.npz,D:\Water Quality Parameter Estimation\wq_pipeline\artifacts\tolerance_7d\prepared\chips\train\sample_FI_00000159.png,ok,,S2B_MSIL2A_20230228T094029_R036_T35VNH_20230301T181338,2023-02-28,1,26.003328,69.2171016172935,0.0,256,128,0,0,9,"B02,B03,B04,B08"
FI_00000160,2023-03-01,60.95454402242739,28.56703697930222,D:\Water Quality Parameter Estimation\wq_pipeline\artifacts\tolerance_7d\prepared\chips\train\sample_FI_00000160.npz,D:\Water Quality Parameter Estimation\wq_pipeline\artifacts\tolerance_7d\prepared\chips\train\sample_FI_00000160.png,ok,,S2B_MSIL2A_20230228T094029_R036_T35VNH_20230301T181338,2023-02-28,1,26.003328,69.2171016172935,0.0,256,128,0,0,9,"B02,B03,B04,B08"
FI_00000161,2023-03-01,60.95454402242739,28.56703697930222,D:\Water Quality Parameter Estimation\wq_pipeline\artifacts\tolerance_7d\prepared\chips\train\sample_FI_00000161.npz,D:\Water Quality Parameter Estimation\wq_pipeline\artifacts\tolerance_7d\prepared\chips\train\sample_FI_00000161.png,ok,,S2B_MSIL2A_20230228T094029_R036_T35VNH_20230301T181338,2023-02-28,1,26.003328,69.2171016172935,0.0,256,128,0,0,9,"B02,B03,B04,B08"
FI_00000162,2023-04-04,60.95454402242739,28.56703697930222,D:\Water Quality Parameter Estimation\wq_pipeline\artifacts\tolerance_7d\prepared\chips\train\sample_FI_00000162.npz,D:\Water Quality Parameter Estimation\wq_pipeline\artifacts\tolerance_7d\prepared\chips\train\sample_FI_00000162.png,ok,,S2A_MSIL2A_20230404T094031_R036_T35VNH_20240825T224659,2023-04-04,0,35.110444,55.4169002105759,8.7738037109375e-05,256,128,0,0,9,"B02,B03,B04,B08"
FI_00000163,2023-04-04,60.95454402242739,28.56703697930222,D:\Water Quality Parameter Estimation\wq_pipeline\artifacts\tolerance_7d\prepared\chips\train\sample_FI_00000163.npz,D:\Water Quality Parameter Estimation\wq_pipeline\artifacts\tolerance_7d\prepared\chips\train\sample_FI_00000163.png,ok,,S2A_MSIL2A_20230404T094031_R036_T35VNH_20240825T224659,2023-04-04,0,35.110444,55.4169002105759,8.7738037109375e-05,256,128,0,0,9,"B02,B03,B04,B08"
FI_00000164,2023-04-04,60.95454402242739,28.56703697930222,D:\Water Quality Parameter Estimation\wq_pipeline\artifacts\tolerance_7d\prepared\chips\train\sample_FI_00000164.npz,D:\Water Quality Parameter Estimation\wq_pipeline\artifacts\tolerance_7d\prepared\chips\train\sample_FI_00000164.png,ok,,S2A_MSIL2A_20230404T094031_R036_T35VNH_20240825T224659,2023-04-04,0,35.110444,55.4169002105759,8.7738037109375e-05,256,128,0,0,9,"B02,B03,B04,B08"
FI_00000165,2023-04-04,60.95454402242739,28.56703697930222,D:\Water Quality Parameter Estimation\wq_pipeline\artifacts\tolerance_7d\prepared\chips\train\sample_FI_00000165.npz,D:\Water Quality Parameter Estimation\wq_pipeline\artifacts\tolerance_7d\prepared\chips\train\sample_FI_00000165.png,ok,,S2A_MSIL2A_20230404T094031_R036_T35VNH_20240825T224659,2023-04-04,0,35.110444,55.4169002105759,8.7738037109375e-05,256,128,0,0,9,"B02,B03,B04,B08"
FI_00000166,2023-04-04,60.95454402242739,28.56703697930222,D:\Water Quality Parameter Estimation\wq_pipeline\artifacts\tolerance_7d\prepared\chips\train\sample_FI_00000166.npz,D:\Water Quality Parameter Estimation\wq_pipeline\artifacts\tolerance_7d\prepared\chips\train\sample_FI_00000166.png,ok,,S2A_MSIL2A_20230404T094031_R036_T35VNH_20240825T224659,2023-04-04,0,35.110444,55.4169002105759,8.7738037109375e-05,256,128,0,0,9,"B02,B03,B04,B08"
FI_00000167,2023-04-04,60.95454402242739,28.56703697930222,D:\Water Quality Parameter Estimation\wq_pipeline\artifacts\tolerance_7d\prepared\chips\train\sample_FI_00000167.npz,D:\Water Quality Parameter Estimation\wq_pipeline\artifacts\tolerance_7d\prepared\chips\train\sample_FI_00000167.png,ok,,S2A_MSIL2A_20230404T094031_R036_T35VNH_20240825T224659,2023-04-04,0,35.110444,55.4169002105759,8.7738037109375e-05,256,128,0,0,9,"B02,B03,B04,B08"
FI_00000168,2023-05-16,60.95454402242739,28.56703697930222,D:\Water Quality Parameter Estimation\wq_pipeline\artifacts\tolerance_7d\prepared\chips\train\sample_FI_00000168.npz,D:\Water Quality Parameter Estimation\wq_pipeline\artifacts\tolerance_7d\prepared\chips\train\sample_FI_00000168.png,ok,,S2A_MSIL2A_20230514T094031_R036_T35VNH_20230514T232736,2023-05-14,2,36.133102,42.3877846461984,0.0,256,128,0,0,9,"B02,B03,B04,B08"
FI_00000169,2023-05-16,60.95454402242739,28.56703697930222,D:\Water Quality Parameter Estimation\wq_pipeline\artifacts\tolerance_7d\prepared\chips\train\sample_FI_00000169.npz,D:\Water Quality Parameter Estimation\wq_pipeline\artifacts\tolerance_7d\prepared\chips\train\sample_FI_00000169.png,ok,,S2A_MSIL2A_20230514T094031_R036_T35VNH_20230514T232736,2023-05-14,2,36.133102,42.3877846461984,0.0,256,128,0,0,9,"B02,B03,B04,B08"
FI_00000170,2023-05-16,60.95454402242739,28.56703697930222,D:\Water Quality Parameter Estimation\wq_pipeline\artifacts\tolerance_7d\prepared\chips\train\sample_FI_00000170.npz,D:\Water Quality Parameter Estimation\wq_pipeline\artifacts\tolerance_7d\prepared\chips\train\sample_FI_00000170.png,ok,,S2A_MSIL2A_20230514T094031_R036_T35VNH_20230514T232736,2023-05-14,2,36.133102,42.3877846461984,0.0,256,128,0,0,9,"B02,B03,B04,B08"
FI_00000171,2023-05-16,60.95454402242739,28.56703697930222,D:\Water Quality Parameter Estimation\wq_pipeline\artifacts\tolerance_7d\prepared\chips\train\sample_FI_00000171.npz,D:\Water Quality Parameter Estimation\wq_pipeline\artifacts\tolerance_7d\prepared\chips\train\sample_FI_00000171.png,ok,,S2A_MSIL2A_20230514T094031_R036_T35VNH_20230514T232736,2023-05-14,2,36.133102,42.3877846461984,0.0,256,128,0,0,9,"B02,B03,B04,B08"
FI_00000172,2023-05-16,60.95454402242739,28.56703697930222,D:\Water Quality Parameter Estimation\wq_pipeline\artifacts\tolerance_7d\prepared\chips\train\sample_FI_00000172.npz,D:\Water Quality Parameter Estimation\wq_pipeline\artifacts\tolerance_7d\prepared\chips\train\sample_FI_00000172.png,ok,,S2A_MSIL2A_20230514T094031_R036_T35VNH_20230514T232736,2023-05-14,2,36.133102,42.3877846461984,0.0,256,128,0,0,9,"B02,B03,B04,B08"
FI_00000173,2023-05-16,60.95454402242739,28.56703697930222,D:\Water Quality Parameter Estimation\wq_pipeline\artifacts\tolerance_7d\prepared\chips\train\sample_FI_00000173.npz,D:\Water Quality Parameter Estimation\wq_pipeline\artifacts\tolerance_7d\prepared\chips\train\sample_FI_00000173.png,ok,,S2A_MSIL2A_20230514T094031_R036_T35VNH_20230514T232736,2023-05-14,2,36.133102,42.3877846461984,0.0,256,128,0,0,9,"B02,B03,B04,B08"
FI_00000174,2023-06-07,60.95454402242739,28.56703697930222,D:\Water Quality Parameter Estimation\wq_pipeline\artifacts\tolerance_7d\prepared\chips\train\sample_FI_00000174.npz,D:\Water Quality Parameter Estimation\wq_pipeline\artifacts\tolerance_7d\prepared\chips\train\sample_FI_00000174.png,ok,,S2A_MSIL2A_20230610T093041_R136_T35VNH_20240912T151402,2023-06-10,3,22.142614,38.2843653314293,0.0,256,128,0,0,9,"B02,B03,B04,B08"
FI_00000175,2023-06-07,60.95454402242739,28.56703697930222,D:\Water Quality Parameter Estimation\wq_pipeline\artifacts\tolerance_7d\prepared\chips\train\sample_FI_00000175.npz,D:\Water Quality Parameter Estimation\wq_pipeline\artifacts\tolerance_7d\prepared\chips\train\sample_FI_00000175.png,ok,,S2A_MSIL2A_20230610T093041_R136_T35VNH_20240912T151402,2023-06-10,3,22.142614,38.2843653314293,0.0,256,128,0,0,9,"B02,B03,B04,B08"
FI_00000176,2023-06-07,60.95454402242739,28.56703697930222,D:\Water Quality Parameter Estimation\wq_pipeline\artifacts\tolerance_7d\prepared\chips\train\sample_FI_00000176.npz,D:\Water Quality Parameter Estimation\wq_pipeline\artifacts\tolerance_7d\prepared\chips\train\sample_FI_00000176.png,ok,,S2A_MSIL2A_20230610T093041_R136_T35VNH_20240912T151402,2023-06-10,3,22.142614,38.2843653314293,0.0,256,128,0,0,9,"B02,B03,B04,B08"
FI_00000177,2023-06-07,60.95454402242739,28.56703697930222,D:\Water Quality Parameter Estimation\wq_pipeline\artifacts\tolerance_7d\prepared\chips\train\sample_FI_00000177.npz,D:\Water Quality Parameter Estimation\wq_pipeline\artifacts\tolerance_7d\prepared\chips\train\sample_FI_00000177.png,ok,,S2A_MSIL2A_20230610T093041_R136_T35VNH_20240912T151402,2023-06-10,3,22.142614,38.2843653314293,0.0,256,128,0,0,9,"B02,B03,B04,B08"
FI_00000178,2023-06-07,60.95454402242739,28.56703697930222,D:\Water Quality Parameter Estimation\wq_pipeline\artifacts\tolerance_7d\prepared\chips\train\sample_FI_00000178.npz,D:\Water Quality Parameter Estimation\wq_pipeline\artifacts\tolerance_7d\prepared\chips\train\sample_FI_00000178.png,ok,,S2A_MSIL2A_20230610T093041_R136_T35VNH_20240912T151402,2023-06-10,3,22.142614,38.2843653314293,0.0,256,128,0,0,9,"B02,B03,B04,B08"
FI_00000179,2023-06-07,60.95454402242739,28.56703697930222,D:\Water Quality Parameter Estimation\wq_pipeline\artifacts\tolerance_7d\prepared\chips\train\sample_FI_00000179.npz,D:\Water Quality Parameter Estimation\wq_pipeline\artifacts\tolerance_7d\prepared\chips\train\sample_FI_00000179.png,ok,,S2A_MSIL2A_20230610T093041_R136_T35VNH_20240912T151402,2023-06-10,3,22.142614,38.2843653314293,0.0,256,128,0,0,9,"B02,B03,B04,B08"
FI_00000180,2023-07-04,60.95454402242739,28.56703697930222,D:\Water Quality Parameter Estimation\wq_pipeline\artifacts\tolerance_7d\prepared\chips\train\sample_FI_00000180.npz,D:\Water Quality Parameter Estimation\wq_pipeline\artifacts\tolerance_7d\prepared\chips\train\sample_FI_00000180.png,ok,,S2A_MSIL2A_20230630T093041_R136_T35VNH_20240925T041129,2023-06-30,4,37.178165,38.2369693169882,0.0,256,128,0,0,9,"B02,B03,B04,B08"
FI_00000181,2023-07-04,60.95454402242739,28.56703697930222,D:\Water Quality Parameter Estimation\wq_pipeline\artifacts\tolerance_7d\prepared\chips\train\sample_FI_00000181.npz,D:\Water Quality Parameter Estimation\wq_pipeline\artifacts\tolerance_7d\prepared\chips\train\sample_FI_00000181.png,ok,,S2A_MSIL2A_20230630T093041_R136_T35VNH_20240925T041129,2023-06-30,4,37.178165,38.2369693169882,0.0,256,128,0,0,9,"B02,B03,B04,B08"
FI_00000182,2023-07-04,60.95454402242739,28.56703697930222,D:\Water Quality Parameter Estimation\wq_pipeline\artifacts\tolerance_7d\prepared\chips\train\sample_FI_00000182.npz,D:\Water Quality Parameter Estimation\wq_pipeline\artifacts\tolerance_7d\prepared\chips\train\sample_FI_00000182.png,ok,,S2A_MSIL2A_20230630T093041_R136_T35VNH_20240925T041129,2023-06-30,4,37.178165,38.2369693169882,0.0,256,128,0,0,9,"B02,B03,B04,B08"
FI_00000183,2023-07-04,60.95454402242739,28.56703697930222,D:\Water Quality Parameter Estimation\wq_pipeline\artifacts\tolerance_7d\prepared\chips\train\sample_FI_00000183.npz,D:\Water Quality Parameter Estimation\wq_pipeline\artifacts\tolerance_7d\prepared\chips\train\sample_FI_00000183.png,ok,,S2A_MSIL2A_20230630T093041_R136_T35VNH_20240925T041129,2023-06-30,4,37.178165,38.2369693169882,0.0,256,128,0,0,9,"B02,B03,B04,B08"
FI_00000184,2023-07-04,60.95454402242739,28.56703697930222,D:\Water Quality Parameter Estimation\wq_pipeline\artifacts\tolerance_7d\prepared\chips\train\sample_FI_00000184.npz,D:\Water Quality Parameter Estimation\wq_pipeline\artifacts\tolerance_7d\prepared\chips\train\sample_FI_00000184.png,ok,,S2A_MSIL2A_20230630T093041_R136_T35VNH_20240925T041129,2023-06-30,4,37.178165,38.2369693169882,0.0,256,128,0,0,9,"B02,B03,B04,B08"
FI_00000185,2023-07-04,60.95454402242739,28.56703697930222,D:\Water Quality Parameter Estimation\wq_pipeline\artifacts\tolerance_7d\prepared\chips\train\sample_FI_00000185.npz,D:\Water Quality Parameter Estimation\wq_pipeline\artifacts\tolerance_7d\prepared\chips\train\sample_FI_00000185.png,ok,,S2A_MSIL2A_20230630T093041_R136_T35VNH_20240925T041129,2023-06-30,4,37.178165,38.2369693169882,0.0,256,128,0,0,9,"B02,B03,B04,B08"
FI_00000186,2023-08-01,60.95454402242739,28.56703697930222,D:\Water Quality Parameter Estimation\wq_pipeline\artifacts\tolerance_7d\prepared\chips\train\sample_FI_00000186.npz,D:\Water Quality Parameter Estimation\wq_pipeline\artifacts\tolerance_7d\prepared\chips\train\sample_FI_00000186.png,ok,,S2A_MSIL2A_20230730T093041_R136_T35VNH_20241018T172529,2023-07-30,2,24.036452,42.9349625787504,0.0,256,128,0,0,9,"B02,B03,B04,B08"
FI_00000187,2023-08-01,60.95454402242739,28.56703697930222,D:\Water Quality Parameter Estimation\wq_pipeline\artifacts\tolerance_7d\prepared\chips\train\sample_FI_00000187.npz,D:\Water Quality Parameter Estimation\wq_pipeline\artifacts\tolerance_7d\prepared\chips\train\sample_FI_00000187.png,ok,,S2A_MSIL2A_20230730T093041_R136_T35VNH_20241018T172529,2023-07-30,2,24.036452,42.9349625787504,0.0,256,128,0,0,9,"B02,B03,B04,B08"
FI_00000188,2023-08-01,60.95454402242739,28.56703697930222,D:\Water Quality Parameter Estimation\wq_pipeline\artifacts\tolerance_7d\prepared\chips\train\sample_FI_00000188.npz,D:\Water Quality Parameter Estimation\wq_pipeline\artifacts\tolerance_7d\prepared\chips\train\sample_FI_00000188.png,ok,,S2A_MSIL2A_20230730T093041_R136_T35VNH_20241018T172529,2023-07-30,2,24.036452,42.9349625787504,0.0,256,128,0,0,9,"B02,B03,B04,B08"
FI_00000189,2023-08-01,60.95454402242739,28.56703697930222,D:\Water Quality Parameter Estimation\wq_pipeline\artifacts\tolerance_7d\prepared\chips\train\sample_FI_00000189.npz,D:\Water Quality Parameter Estimation\wq_pipeline\artifacts\tolerance_7d\prepared\chips\train\sample_FI_00000189.png,ok,,S2A_MSIL2A_20230730T093041_R136_T35VNH_20241018T172529,2023-07-30,2,24.036452,42.9349625787504,0.0,256,128,0,0,9,"B02,B03,B04,B08"
FI_00000190,2023-08-01,60.95454402242739,28.56703697930222,D:\Water Quality Parameter Estimation\wq_pipeline\artifacts\tolerance_7d\prepared\chips\train\sample_FI_00000190.npz,D:\Water Quality Parameter Estimation\wq_pipeline\artifacts\tolerance_7d\prepared\chips\train\sample_FI_00000190.png,ok,,S2A_MSIL2A_20230730T093041_R136_T35VNH_20241018T172529,2023-07-30,2,24.036452,42.9349625787504,0.0,256,128,0,0,9,"B02,B03,B04,B08"
FI_00000191,2023-08-01,60.95454402242739,28.56703697930222,D:\Water Quality Parameter Estimation\wq_pipeline\artifacts\tolerance_7d\prepared\chips\train\sample_FI_00000191.npz,D:\Water Quality Parameter Estimation\wq_pipeline\artifacts\tolerance_7d\prepared\chips\train\sample_FI_00000191.png,ok,,S2A_MSIL2A_20230730T093041_R136_T35VNH_20241018T172529,2023-07-30,2,24.036452,42.9349625787504,0.0,256,128,0,0,9,"B02,B03,B04,B08"
FI_00000192,2023-09-05,60.95454402242739,28.56703697930222,D:\Water Quality Parameter Estimation\wq_pipeline\artifacts\tolerance_7d\prepared\chips\train\sample_FI_00000192.npz,D:\Water Quality Parameter Estimation\wq_pipeline\artifacts\tolerance_7d\prepared\chips\train\sample_FI_00000192.png,ok,,S2B_MSIL2A_20230906T093549_R036_T35VNH_20241029T123722,2023-09-06,1,25.755775,54.5450230268766,0.0,256,128,0,0,9,"B02,B03,B04,B08"
FI_00000193,2023-09-05,60.95454402242739,28.56703697930222,D:\Water Quality Parameter Estimation\wq_pipeline\artifacts\tolerance_7d\prepared\chips\train\sample_FI_00000193.npz,D:\Water Quality Parameter Estimation\wq_pipeline\artifacts\tolerance_7d\prepared\chips\train\sample_FI_00000193.png,ok,,S2B_MSIL2A_20230906T093549_R036_T35VNH_20241029T123722,2023-09-06,1,25.755775,54.5450230268766,0.0,256,128,0,0,9,"B02,B03,B04,B08"
FI_00000194,2023-09-05,60.95454402242739,28.56703697930222,D:\Water Quality Parameter Estimation\wq_pipeline\artifacts\tolerance_7d\prepared\chips\train\sample_FI_00000194.npz,D:\Water Quality Parameter Estimation\wq_pipeline\artifacts\tolerance_7d\prepared\chips\train\sample_FI_00000194.png,ok,,S2B_MSIL2A_20230906T093549_R036_T35VNH_20241029T123722,2023-09-06,1,25.755775,54.5450230268766,0.0,256,128,0,0,9,"B02,B03,B04,B08"
FI_00000195,2023-09-05,60.95454402242739,28.56703697930222,D:\Water Quality Parameter Estimation\wq_pipeline\artifacts\tolerance_7d\prepared\chips\train\sample_FI_00000195.npz,D:\Water Quality Parameter Estimation\wq_pipeline\artifacts\tolerance_7d\prepared\chips\train\sample_FI_00000195.png,ok,,S2B_MSIL2A_20230906T093549_R036_T35VNH_20241029T123722,2023-09-06,1,25.755775,54.5450230268766,0.0,256,128,0,0,9,"B02,B03,B04,B08"
FI_00000196,2023-09-05,60.95454402242739,28.56703697930222,D:\Water Quality Parameter Estimation\wq_pipeline\artifacts\tolerance_7d\prepared\chips\train\sample_FI_00000196.npz,D:\Water Quality Parameter Estimation\wq_pipeline\artifacts\tolerance_7d\prepared\chips\train\sample_FI_00000196.png,ok,,S2B_MSIL2A_20230906T093549_R036_T35VNH_20241029T123722,2023-09-06,1,25.755775,54.5450230268766,0.0,256,128,0,0,9,"B02,B03,B04,B08"
FI_00000197,2023-09-05,60.95454402242739,28.56703697930222,D:\Water Quality Parameter Estimation\wq_pipeline\artifacts\tolerance_7d\prepared\chips\train\sample_FI_00000197.npz,D:\Water Quality Parameter Estimation\wq_pipeline\artifacts\tolerance_7d\prepared\chips\train\sample_FI_00000197.png,ok,,S2B_MSIL2A_20230906T093549_R036_T35VNH_20241029T123722,2023-09-06,1,25.755775,54.5450230268766,0.0,256,128,0,0,9,"B02,B03,B04,B08"
FI_00000198,2023-10-03,60.95454402242739,28.56703697930222,D:\Water Quality Parameter Estimation\wq_pipeline\artifacts\tolerance_7d\prepared\chips\train\sample_FI_00000198.npz,D:\Water Quality Parameter Estimation\wq_pipeline\artifacts\tolerance_7d\prepared\chips\train\sample_FI_00000198.png,ok,,S2B_MSIL2A_20231006T093749_R036_T35VNH_20231006T153859,2023-10-06,3,2.564015,65.9750824324135,0.0,256,128,0,0,9,"B02,B03,B04,B08"
FI_00000199,2023-10-03,60.95454402242739,28.56703697930222,D:\Water Quality Parameter Estimation\wq_pipeline\artifacts\tolerance_7d\prepared\chips\train\sample_FI_00000199.npz,D:\Water Quality Parameter Estimation\wq_pipeline\artifacts\tolerance_7d\prepared\chips\train\sample_FI_00000199.png,ok,,S2B_MSIL2A_20231006T093749_R036_T35VNH_20231006T153859,2023-10-06,3,2.564015,65.9750824324135,0.0,256,128,0,0,9,"B02,B03,B04,B08"
FI_00000200,2023-10-03,60.95454402242739,28.56703697930222,D:\Water Quality Parameter Estimation\wq_pipeline\artifacts\tolerance_7d\prepared\chips\train\sample_FI_00000200.npz,D:\Water Quality Parameter Estimation\wq_pipeline\artifacts\tolerance_7d\prepared\chips\train\sample_FI_00000200.png,ok,,S2B_MSIL2A_20231006T093749_R036_T35VNH_20231006T153859,2023-10-06,3,2.564015,65.9750824324135,0.0,256,128,0,0,9,"B02,B03,B04,B08"
FI_00000201,2023-10-03,60.95454402242739,28.56703697930222,D:\Water Quality Parameter Estimation\wq_pipeline\artifacts\tolerance_7d\prepared\chips\train\sample_FI_00000201.npz,D:\Water Quality Parameter Estimation\wq_pipeline\artifacts\tolerance_7d\prepared\chips\train\sample_FI_00000201.png,ok,,S2B_MSIL2A_20231006T093749_R036_T35VNH_20231006T153859,2023-10-06,3,2.564015,65.9750824324135,0.0,256,128,0,0,9,"B02,B03,B04,B08"
FI_00000202,2023-10-03,60.95454402242739,28.56703697930222,D:\Water Quality Parameter Estimation\wq_pipeline\artifacts\tolerance_7d\prepared\chips\train\sample_FI_00000202.npz,D:\Water Quality Parameter Estimation\wq_pipeline\artifacts\tolerance_7d\prepared\chips\train\sample_FI_00000202.png,ok,,S2B_MSIL2A_20231006T093749_R036_T35VNH_20231006T153859,2023-10-06,3,2.564015,65.9750824324135,0.0,256,128,0,0,9,"B02,B03,B04,B08"
FI_00000203,2023-10-03,60.95454402242739,28.56703697930222,D:\Water Quality Parameter Estimation\wq_pipeline\artifacts\tolerance_7d\prepared\chips\train\sample_FI_00000203.npz,D:\Water Quality Parameter Estimation\wq_pipeline\artifacts\tolerance_7d\prepared\chips\train\sample_FI_00000203.png,ok,,S2B_MSIL2A_20231006T093749_R036_T35VNH_20231006T153859,2023-10-06,3,2.564015,65.9750824324135,0.0,256,128,0,0,9,"B02,B03,B04,B08"
FI_00000204,2023-11-01,60.95454402242739,28.56703697930222,,,no_match,no_stac_item,,,,,,,256,128,0,0,0,"B02,B03,B04,B08"
FI_00000205,2023-11-01,60.95454402242739,28.56703697930222,,,no_match,no_stac_item,,,,,,,256,128,0,0,0,"B02,B03,B04,B08"
FI_00000206,2023-11-01,60.95454402242739,28.56703697930222,,,no_match,no_stac_item,,,,,,,256,128,0,0,0,"B02,B03,B04,B08"
FI_00000207,2023-11-01,60.95454402242739,28.56703697930222,,,no_match,no_stac_item,,,,,,,256,128,0,0,0,"B02,B03,B04,B08"
FI_00000208,2023-11-01,60.95454402242739,28.56703697930222,,,no_match,no_stac_item,,,,,,,256,128,0,0,0,"B02,B03,B04,B08"
FI_00000209,2023-11-01,60.95454402242739,28.56703697930222,,,no_match,no_stac_item,,,,,,,256,128,0,0,0,"B02,B03,B04,B08"
FI_00000216,2024-01-10,60.95454402242739,28.56703697930222,D:\Water Quality Parameter Estimation\wq_pipeline\artifacts\tolerance_7d\prepared\chips\train\sample_FI_00000216.npz,D:\Water Quality Parameter Estimation\wq_pipeline\artifacts\tolerance_7d\prepared\chips\train\sample_FI_00000216.png,ok,,S2B_MSIL2A_20240104T094319_R036_T35VNH_20240104T130839,2024-01-04,6,8.291159,83.7998724433514,6.103515625e-05,256,128,0,0,9,"B02,B03,B04,B08"
FI_00000217,2024-01-10,60.95454402242739,28.56703697930222,D:\Water Quality Parameter Estimation\wq_pipeline\artifacts\tolerance_7d\prepared\chips\train\sample_FI_00000217.npz,D:\Water Quality Parameter Estimation\wq_pipeline\artifacts\tolerance_7d\prepared\chips\train\sample_FI_00000217.png,ok,,S2B_MSIL2A_20240104T094319_R036_T35VNH_20240104T130839,2024-01-04,6,8.291159,83.7998724433514,6.103515625e-05,256,128,0,0,9,"B02,B03,B04,B08"
FI_00000218,2024-01-10,60.95454402242739,28.56703697930222,D:\Water Quality Parameter Estimation\wq_pipeline\artifacts\tolerance_7d\prepared\chips\train\sample_FI_00000218.npz,D:\Water Quality Parameter Estimation\wq_pipeline\artifacts\tolerance_7d\prepared\chips\train\sample_FI_00000218.png,ok,,S2B_MSIL2A_20240104T094319_R036_T35VNH_20240104T130839,2024-01-04,6,8.291159,83.7998724433514,6.103515625e-05,256,128,0,0,9,"B02,B03,B04,B08"
FI_00000219,2024-01-10,60.95454402242739,28.56703697930222,D:\Water Quality Parameter Estimation\wq_pipeline\artifacts\tolerance_7d\prepared\chips\train\sample_FI_00000219.npz,D:\Water Quality Parameter Estimation\wq_pipeline\artifacts\tolerance_7d\prepared\chips\train\sample_FI_00000219.png,ok,,S2B_MSIL2A_20240104T094319_R036_T35VNH_20240104T130839,2024-01-04,6,8.291159,83.7998724433514,6.103515625e-05,256,128,0,0,9,"B02,B03,B04,B08"
FI_00000220,2024-01-10,60.95454402242739,28.56703697930222,D:\Water Quality Parameter Estimation\wq_pipeline\artifacts\tolerance_7d\prepared\chips\train\sample_FI_00000220.npz,D:\Water Quality Parameter Estimation\wq_pipeline\artifacts\tolerance_7d\prepared\chips\train\sample_FI_00000220.png,ok,,S2B_MSIL2A_20240104T094319_R036_T35VNH_20240104T130839,2024-01-04,6,8.291159,83.7998724433514,6.103515625e-05,256,128,0,0,9,"B02,B03,B04,B08"
FI_00000221,2024-01-10,60.95454402242739,28.56703697930222,D:\Water Quality Parameter Estimation\wq_pipeline\artifacts\tolerance_7d\prepared\chips\train\sample_FI_00000221.npz,D:\Water Quality Parameter Estimation\wq_pipeline\artifacts\tolerance_7d\prepared\chips\train\sample_FI_00000221.png,ok,,S2B_MSIL2A_20240104T094319_R036_T35VNH_20240104T130839,2024-01-04,6,8.291159,83.7998724433514,6.103515625e-05,256,128,0,0,9,"B02,B03,B04,B08"
FI_00000222,2024-02-06,60.95454402242739,28.56703697930222,D:\Water Quality Parameter Estimation\wq_pipeline\artifacts\tolerance_7d\prepared\chips\train\sample_FI_00000222.npz,D:\Water Quality Parameter Estimation\wq_pipeline\artifacts\tolerance_7d\prepared\chips\train\sample_FI_00000222.png,ok,,S2A_MSIL2A_20240208T094141_R036_T35VNH_20240208T110851,2024-02-08,2,3.85882,76.3233980517361,0.0,256,128,0,0,9,"B02,B03,B04,B08"
FI_00000223,2024-02-06,60.95454402242739,28.56703697930222,D:\Water Quality Parameter Estimation\wq_pipeline\artifacts\tolerance_7d\prepared\chips\train\sample_FI_00000223.npz,D:\Water Quality Parameter Estimation\wq_pipeline\artifacts\tolerance_7d\prepared\chips\train\sample_FI_00000223.png,ok,,S2A_MSIL2A_20240208T094141_R036_T35VNH_20240208T110851,2024-02-08,2,3.85882,76.3233980517361,0.0,256,128,0,0,9,"B02,B03,B04,B08"
FI_00000224,2024-02-06,60.95454402242739,28.56703697930222,D:\Water Quality Parameter Estimation\wq_pipeline\artifacts\tolerance_7d\prepared\chips\train\sample_FI_00000224.npz,D:\Water Quality Parameter Estimation\wq_pipeline\artifacts\tolerance_7d\prepared\chips\train\sample_FI_00000224.png,ok,,S2A_MSIL2A_20240208T094141_R036_T35VNH_20240208T110851,2024-02-08,2,3.85882,76.3233980517361,0.0,256,128,0,0,9,"B02,B03,B04,B08"
FI_00000225,2024-02-06,60.95454402242739,28.56703697930222,D:\Water Quality Parameter Estimation\wq_pipeline\artifacts\tolerance_7d\prepared\chips\train\sample_FI_00000225.npz,D:\Water Quality Parameter Estimation\wq_pipeline\artifacts\tolerance_7d\prepared\chips\train\sample_FI_00000225.png,ok,,S2A_MSIL2A_20240208T094141_R036_T35VNH_20240208T110851,2024-02-08,2,3.85882,76.3233980517361,0.0,256,128,0,0,9,"B02,B03,B04,B08"
FI_00000226,2024-02-06,60.95454402242739,28.56703697930222,D:\Water Quality Parameter Estimation\wq_pipeline\artifacts\tolerance_7d\prepared\chips\train\sample_FI_00000226.npz,D:\Water Quality Parameter Estimation\wq_pipeline\artifacts\tolerance_7d\prepared\chips\train\sample_FI_00000226.png,ok,,S2A_MSIL2A_20240208T094141_R036_T35VNH_20240208T110851,2024-02-08,2,3.85882,76.3233980517361,0.0,256,128,0,0,9,"B02,B03,B04,B08"
FI_00000227,2024-02-06,60.95454402242739,28.56703697930222,D:\Water Quality Parameter Estimation\wq_pipeline\artifacts\tolerance_7d\prepared\chips\train\sample_FI_00000227.npz,D:\Water Quality Parameter Estimation\wq_pipeline\artifacts\tolerance_7d\prepared\chips\train\sample_FI_00000227.png,ok,,S2A_MSIL2A_20240208T094141_R036_T35VNH_20240208T110851,2024-02-08,2,3.85882,76.3233980517361,0.0,256,128,0,0,9,"B02,B03,B04,B08"
FI_00000228,2024-03-05,60.95454402242739,28.56703697930222,D:\Water Quality Parameter Estimation\wq_pipeline\artifacts\tolerance_7d\prepared\chips\train\sample_FI_00000228.npz,D:\Water Quality Parameter Estimation\wq_pipeline\artifacts\tolerance_7d\prepared\chips\train\sample_FI_00000228.png,ok,,S2A_MSIL2A_20240306T093031_R136_T35VNH_20240306T141731,2024-03-06,1,0.016502,66.8378615809566,0.002582550048828125,256,128,0,0,9,"B02,B03,B04,B08"
FI_00000229,2024-03-05,60.95454402242739,28.56703697930222,D:\Water Quality Parameter Estimation\wq_pipeline\artifacts\tolerance_7d\prepared\chips\train\sample_FI_00000229.npz,D:\Water Quality Parameter Estimation\wq_pipeline\artifacts\tolerance_7d\prepared\chips\train\sample_FI_00000229.png,ok,,S2A_MSIL2A_20240306T093031_R136_T35VNH_20240306T141731,2024-03-06,1,0.016502,66.8378615809566,0.002582550048828125,256,128,0,0,9,"B02,B03,B04,B08"
FI_00000230,2024-03-05,60.95454402242739,28.56703697930222,D:\Water Quality Parameter Estimation\wq_pipeline\artifacts\tolerance_7d\prepared\chips\train\sample_FI_00000230.npz,D:\Water Quality Parameter Estimation\wq_pipeline\artifacts\tolerance_7d\prepared\chips\train\sample_FI_00000230.png,ok,,S2A_MSIL2A_20240306T093031_R136_T35VNH_20240306T141731,2024-03-06,1,0.016502,66.8378615809566,0.002582550048828125,256,128,0,0,9,"B02,B03,B04,B08"
FI_00000231,2024-03-05,60.95454402242739,28.56703697930222,D:\Water Quality Parameter Estimation\wq_pipeline\artifacts\tolerance_7d\prepared\chips\train\sample_FI_00000231.npz,D:\Water Quality Parameter Estimation\wq_pipeline\artifacts\tolerance_7d\prepared\chips\train\sample_FI_00000231.png,ok,,S2A_MSIL2A_20240306T093031_R136_T35VNH_20240306T141731,2024-03-06,1,0.016502,66.8378615809566,0.002582550048828125,256,128,0,0,9,"B02,B03,B04,B08"
FI_00000232,2024-03-05,60.95454402242739,28.56703697930222,D:\Water Quality Parameter Estimation\wq_pipeline\artifacts\tolerance_7d\prepared\chips\train\sample_FI_00000232.npz,D:\Water Quality Parameter Estimation\wq_pipeline\artifacts\tolerance_7d\prepared\chips\train\sample_FI_00000232.png,ok,,S2A_MSIL2A_20240306T093031_R136_T35VNH_20240306T141731,2024-03-06,1,0.016502,66.8378615809566,0.002582550048828125,256,128,0,0,9,"B02,B03,B04,B08"
FI_00000233,2024-03-05,60.95454402242739,28.56703697930222,D:\Water Quality Parameter Estimation\wq_pipeline\artifacts\tolerance_7d\prepared\chips\train\sample_FI_00000233.npz,D:\Water Quality Parameter Estimation\wq_pipeline\artifacts\tolerance_7d\prepared\chips\train\sample_FI_00000233.png,ok,,S2A_MSIL2A_20240306T093031_R136_T35VNH_20240306T141731,2024-03-06,1,0.016502,66.8378615809566,0.002582550048828125,256,128,0,0,9,"B02,B03,B04,B08"
FI_00000234,2024-04-02,60.95454402242739,28.56703697930222,D:\Water Quality Parameter Estimation\wq_pipeline\artifacts\tolerance_7d\prepared\chips\train\sample_FI_00000234.npz,D:\Water Quality Parameter Estimation\wq_pipeline\artifacts\tolerance_7d\prepared\chips\train\sample_FI_00000234.png,ok,,S2A_MSIL2A_20240408T094031_R036_T35VNH_20240410T215126,2024-04-08,6,0.631824,53.6026074125056,4.57763671875e-05,256,128,0,0,9,"B02,B03,B04,B08"
FI_00000235,2024-04-02,60.95454402242739,28.56703697930222,D:\Water Quality Parameter Estimation\wq_pipeline\artifacts\tolerance_7d\prepared\chips\train\sample_FI_00000235.npz,D:\Water Quality Parameter Estimation\wq_pipeline\artifacts\tolerance_7d\prepared\chips\train\sample_FI_00000235.png,ok,,S2A_MSIL2A_20240408T094031_R036_T35VNH_20240410T215126,2024-04-08,6,0.631824,53.6026074125056,4.57763671875e-05,256,128,0,0,9,"B02,B03,B04,B08"
FI_00000236,2024-04-02,60.95454402242739,28.56703697930222,D:\Water Quality Parameter Estimation\wq_pipeline\artifacts\tolerance_7d\prepared\chips\train\sample_FI_00000236.npz,D:\Water Quality Parameter Estimation\wq_pipeline\artifacts\tolerance_7d\prepared\chips\train\sample_FI_00000236.png,ok,,S2A_MSIL2A_20240408T094031_R036_T35VNH_20240410T215126,2024-04-08,6,0.631824,53.6026074125056,4.57763671875e-05,256,128,0,0,9,"B02,B03,B04,B08"
FI_00000237,2024-04-02,60.95454402242739,28.56703697930222,D:\Water Quality Parameter Estimation\wq_pipeline\artifacts\tolerance_7d\prepared\chips\train\sample_FI_00000237.npz,D:\Water Quality Parameter Estimation\wq_pipeline\artifacts\tolerance_7d\prepared\chips\train\sample_FI_00000237.png,ok,,S2A_MSIL2A_20240408T094031_R036_T35VNH_20240410T215126,2024-04-08,6,0.631824,53.6026074125056,4.57763671875e-05,256,128,0,0,9,"B02,B03,B04,B08"
FI_00000238,2024-04-02,60.95454402242739,28.56703697930222,D:\Water Quality Parameter Estimation\wq_pipeline\artifacts\tolerance_7d\prepared\chips\train\sample_FI_00000238.npz,D:\Water Quality Parameter Estimation\wq_pipeline\artifacts\tolerance_7d\prepared\chips\train\sample_FI_00000238.png,ok,,S2A_MSIL2A_20240408T094031_R036_T35VNH_20240410T215126,2024-04-08,6,0.631824,53.6026074125056,4.57763671875e-05,256,128,0,0,9,"B02,B03,B04,B08"
FI_00000239,2024-04-02,60.95454402242739,28.56703697930222,D:\Water Quality Parameter Estimation\wq_pipeline\artifacts\tolerance_7d\prepared\chips\train\sample_FI_00000239.npz,D:\Water Quality Parameter Estimation\wq_pipeline\artifacts\tolerance_7d\prepared\chips\train\sample_FI_00000239.png,ok,,S2A_MSIL2A_20240408T094031_R036_T35VNH_20240410T215126,2024-04-08,6,0.631824,53.6026074125056,4.57763671875e-05,256,128,0,0,9,"B02,B03,B04,B08"
FI_00000240,2024-05-07,60.95454402242739,28.56703697930222,D:\Water Quality Parameter Estimation\wq_pipeline\artifacts\tolerance_7d\prepared\chips\train\sample_FI_00000240.npz,D:\Water Quality Parameter Estimation\wq_pipeline\artifacts\tolerance_7d\prepared\chips\train\sample_FI_00000240.png,ok,,S2A_MSIL2A_20240508T094031_R036_T35VNH_20240508T152742,2024-05-08,1,30.803224,43.7231349406598,0.0,256,128,0,0,9,"B02,B03,B04,B08"
FI_00000241,2024-05-07,60.95454402242739,28.56703697930222,D:\Water Quality Parameter Estimation\wq_pipeline\artifacts\tolerance_7d\prepared\chips\train\sample_FI_00000241.npz,D:\Water Quality Parameter Estimation\wq_pipeline\artifacts\tolerance_7d\prepared\chips\train\sample_FI_00000241.png,ok,,S2A_MSIL2A_20240508T094031_R036_T35VNH_20240508T152742,2024-05-08,1,30.803224,43.7231349406598,0.0,256,128,0,0,9,"B02,B03,B04,B08"
FI_00000242,2024-05-07,60.95454402242739,28.56703697930222,D:\Water Quality Parameter Estimation\wq_pipeline\artifacts\tolerance_7d\prepared\chips\train\sample_FI_00000242.npz,D:\Water Quality Parameter Estimation\wq_pipeline\artifacts\tolerance_7d\prepared\chips\train\sample_FI_00000242.png,ok,,S2A_MSIL2A_20240508T094031_R036_T35VNH_20240508T152742,2024-05-08,1,30.803224,43.7231349406598,0.0,256,128,0,0,9,"B02,B03,B04,B08"
FI_00000243,2024-05-07,60.95454402242739,28.56703697930222,D:\Water Quality Parameter Estimation\wq_pipeline\artifacts\tolerance_7d\prepared\chips\train\sample_FI_00000243.npz,D:\Water Quality Parameter Estimation\wq_pipeline\artifacts\tolerance_7d\prepared\chips\train\sample_FI_00000243.png,ok,,S2A_MSIL2A_20240508T094031_R036_T35VNH_20240508T152742,2024-05-08,1,30.803224,43.7231349406598,0.0,256,128,0,0,9,"B02,B03,B04,B08"
FI_00000244,2024-05-07,60.95454402242739,28.56703697930222,D:\Water Quality Parameter Estimation\wq_pipeline\artifacts\tolerance_7d\prepared\chips\train\sample_FI_00000244.npz,D:\Water Quality Parameter Estimation\wq_pipeline\artifacts\tolerance_7d\prepared\chips\train\sample_FI_00000244.png,ok,,S2A_MSIL2A_20240508T094031_R036_T35VNH_20240508T152742,2024-05-08,1,30.803224,43.7231349406598,0.0,256,128,0,0,9,"B02,B03,B04,B08"
FI_00000245,2024-05-07,60.95454402242739,28.56703697930222,D:\Water Quality Parameter Estimation\wq_pipeline\artifacts\tolerance_7d\prepared\chips\train\sample_FI_00000245.npz,D:\Water Quality Parameter Estimation\wq_pipeline\artifacts\tolerance_7d\prepared\chips\train\sample_FI_00000245.png,ok,,S2A_MSIL2A_20240508T094031_R036_T35VNH_20240508T152742,2024-05-08,1,30.803224,43.7231349406598,0.0,256,128,0,0,9,"B02,B03,B04,B08"
FI_00000246,2024-06-04,60.95454402242739,28.56703697930222,D:\Water Quality Parameter Estimation\wq_pipeline\artifacts\tolerance_7d\prepared\chips\train\sample_FI_00000246.npz,D:\Water Quality Parameter Estimation\wq_pipeline\artifacts\tolerance_7d\prepared\chips\train\sample_FI_00000246.png,ok,,S2A_MSIL2A_20240604T093041_R136_T35VNH_20240604T132058,2024-06-04,0,36.4135,38.7496611520196,0.0,256,128,0,0,9,"B02,B03,B04,B08"
FI_00000247,2024-06-04,60.95454402242739,28.56703697930222,D:\Water Quality Parameter Estimation\wq_pipeline\artifacts\tolerance_7d\prepared\chips\train\sample_FI_00000247.npz,D:\Water Quality Parameter Estimation\wq_pipeline\artifacts\tolerance_7d\prepared\chips\train\sample_FI_00000247.png,ok,,S2A_MSIL2A_20240604T093041_R136_T35VNH_20240604T132058,2024-06-04,0,36.4135,38.7496611520196,0.0,256,128,0,0,9,"B02,B03,B04,B08"
FI_00000248,2024-06-04,60.95454402242739,28.56703697930222,D:\Water Quality Parameter Estimation\wq_pipeline\artifacts\tolerance_7d\prepared\chips\train\sample_FI_00000248.npz,D:\Water Quality Parameter Estimation\wq_pipeline\artifacts\tolerance_7d\prepared\chips\train\sample_FI_00000248.png,ok,,S2A_MSIL2A_20240604T093041_R136_T35VNH_20240604T132058,2024-06-04,0,36.4135,38.7496611520196,0.0,256,128,0,0,9,"B02,B03,B04,B08"
FI_00000249,2024-06-04,60.95454402242739,28.56703697930222,D:\Water Quality Parameter Estimation\wq_pipeline\artifacts\tolerance_7d\prepared\chips\train\sample_FI_00000249.npz,D:\Water Quality Parameter Estimation\wq_pipeline\artifacts\tolerance_7d\prepared\chips\train\sample_FI_00000249.png,ok,,S2A_MSIL2A_20240604T093041_R136_T35VNH_20240604T132058,2024-06-04,0,36.4135,38.7496611520196,0.0,256,128,0,0,9,"B02,B03,B04,B08"
FI_00000250,2024-06-04,60.95454402242739,28.56703697930222,D:\Water Quality Parameter Estimation\wq_pipeline\artifacts\tolerance_7d\prepared\chips\train\sample_FI_00000250.npz,D:\Water Quality Parameter Estimation\wq_pipeline\artifacts\tolerance_7d\prepared\chips\train\sample_FI_00000250.png,ok,,S2A_MSIL2A_20240604T093041_R136_T35VNH_20240604T132058,2024-06-04,0,36.4135,38.7496611520196,0.0,256,128,0,0,9,"B02,B03,B04,B08"
FI_00000251,2024-06-04,60.95454402242739,28.56703697930222,D:\Water Quality Parameter Estimation\wq_pipeline\artifacts\tolerance_7d\prepared\chips\train\sample_FI_00000251.npz,D:\Water Quality Parameter Estimation\wq_pipeline\artifacts\tolerance_7d\prepared\chips\train\sample_FI_00000251.png,ok,,S2A_MSIL2A_20240604T093041_R136_T35VNH_20240604T132058,2024-06-04,0,36.4135,38.7496611520196,0.0,256,128,0,0,9,"B02,B03,B04,B08"
FI_00000252,2024-07-02,60.95454402242739,28.56703697930222,D:\Water Quality Parameter Estimation\wq_pipeline\artifacts\tolerance_7d\prepared\chips\train\sample_FI_00000252.npz,D:\Water Quality Parameter Estimation\wq_pipeline\artifacts\tolerance_7d\prepared\chips\train\sample_FI_00000252.png,ok,,S2A_MSIL2A_20240627T094031_R036_T35VNH_20240627T151606,2024-06-27,5,14.235684,37.8503804977952,0.0,256,128,0,0,9,"B02,B03,B04,B08"
FI_00000253,2024-07-02,60.95454402242739,28.56703697930222,D:\Water Quality Parameter Estimation\wq_pipeline\artifacts\tolerance_7d\prepared\chips\train\sample_FI_00000253.npz,D:\Water Quality Parameter Estimation\wq_pipeline\artifacts\tolerance_7d\prepared\chips\train\sample_FI_00000253.png,ok,,S2A_MSIL2A_20240627T094031_R036_T35VNH_20240627T151606,2024-06-27,5,14.235684,37.8503804977952,0.0,256,128,0,0,9,"B02,B03,B04,B08"
FI_00000254,2024-07-02,60.95454402242739,28.56703697930222,D:\Water Quality Parameter Estimation\wq_pipeline\artifacts\tolerance_7d\prepared\chips\train\sample_FI_00000254.npz,D:\Water Quality Parameter Estimation\wq_pipeline\artifacts\tolerance_7d\prepared\chips\train\sample_FI_00000254.png,ok,,S2A_MSIL2A_20240627T094031_R036_T35VNH_20240627T151606,2024-06-27,5,14.235684,37.8503804977952,0.0,256,128,0,0,9,"B02,B03,B04,B08"
FI_00000255,2024-07-02,60.95454402242739,28.56703697930222,D:\Water Quality Parameter Estimation\wq_pipeline\artifacts\tolerance_7d\prepared\chips\train\sample_FI_00000255.npz,D:\Water Quality Parameter Estimation\wq_pipeline\artifacts\tolerance_7d\prepared\chips\train\sample_FI_00000255.png,ok,,S2A_MSIL2A_20240627T094031_R036_T35VNH_20240627T151606,2024-06-27,5,14.235684,37.8503804977952,0.0,256,128,0,0,9,"B02,B03,B04,B08"
FI_00000256,2024-07-02,60.95454402242739,28.56703697930222,D:\Water Quality Parameter Estimation\wq_pipeline\artifacts\tolerance_7d\prepared\chips\train\sample_FI_00000256.npz,D:\Water Quality Parameter Estimation\wq_pipeline\artifacts\tolerance_7d\prepared\chips\train\sample_FI_00000256.png,ok,,S2A_MSIL2A_20240627T094031_R036_T35VNH_20240627T151606,2024-06-27,5,14.235684,37.8503804977952,0.0,256,128,0,0,9,"B02,B03,B04,B08"
FI_00000257,2024-07-02,60.95454402242739,28.56703697930222,D:\Water Quality Parameter Estimation\wq_pipeline\artifacts\tolerance_7d\prepared\chips\train\sample_FI_00000257.npz,D:\Water Quality Parameter Estimation\wq_pipeline\artifacts\tolerance_7d\prepared\chips\train\sample_FI_00000257.png,ok,,S2A_MSIL2A_20240627T094031_R036_T35VNH_20240627T151606,2024-06-27,5,14.235684,37.8503804977952,0.0,256,128,0,0,9,"B02,B03,B04,B08"
FI_00000258,2024-08-06,60.95454402242739,28.56703697930222,D:\Water Quality Parameter Estimation\wq_pipeline\artifacts\tolerance_7d\prepared\chips\train\sample_FI_00000258.npz,D:\Water Quality Parameter Estimation\wq_pipeline\artifacts\tolerance_7d\prepared\chips\train\sample_FI_00000258.png,ok,,S2B_MSIL2A_20240811T093549_R036_T35VNH_20240811T122825,2024-08-11,5,32.986945,46.0927003503286,0.0,256,128,0,0,9,"B02,B03,B04,B08"
FI_00000259,2024-08-06,60.95454402242739,28.56703697930222,D:\Water Quality Parameter Estimation\wq_pipeline\artifacts\tolerance_7d\prepared\chips\train\sample_FI_00000259.npz,D:\Water Quality Parameter Estimation\wq_pipeline\artifacts\tolerance_7d\prepared\chips\train\sample_FI_00000259.png,ok,,S2B_MSIL2A_20240811T093549_R036_T35VNH_20240811T122825,2024-08-11,5,32.986945,46.0927003503286,0.0,256,128,0,0,9,"B02,B03,B04,B08"
FI_00000260,2024-08-06,60.95454402242739,28.56703697930222,D:\Water Quality Parameter Estimation\wq_pipeline\artifacts\tolerance_7d\prepared\chips\train\sample_FI_00000260.npz,D:\Water Quality Parameter Estimation\wq_pipeline\artifacts\tolerance_7d\prepared\chips\train\sample_FI_00000260.png,ok,,S2B_MSIL2A_20240811T093549_R036_T35VNH_20240811T122825,2024-08-11,5,32.986945,46.0927003503286,0.0,256,128,0,0,9,"B02,B03,B04,B08"
FI_00000261,2024-08-06,60.95454402242739,28.56703697930222,D:\Water Quality Parameter Estimation\wq_pipeline\artifacts\tolerance_7d\prepared\chips\train\sample_FI_00000261.npz,D:\Water Quality Parameter Estimation\wq_pipeline\artifacts\tolerance_7d\prepared\chips\train\sample_FI_00000261.png,ok,,S2B_MSIL2A_20240811T093549_R036_T35VNH_20240811T122825,2024-08-11,5,32.986945,46.0927003503286,0.0,256,128,0,0,9,"B02,B03,B04,B08"
FI_00000262,2024-08-06,60.95454402242739,28.56703697930222,D:\Water Quality Parameter Estimation\wq_pipeline\artifacts\tolerance_7d\prepared\chips\train\sample_FI_00000262.npz,D:\Water Quality Parameter Estimation\wq_pipeline\artifacts\tolerance_7d\prepared\chips\train\sample_FI_00000262.png,ok,,S2B_MSIL2A_20240811T093549_R036_T35VNH_20240811T122825,2024-08-11,5,32.986945,46.0927003503286,0.0,256,128,0,0,9,"B02,B03,B04,B08"
FI_00000263,2024-08-06,60.95454402242739,28.56703697930222,D:\Water Quality Parameter Estimation\wq_pipeline\artifacts\tolerance_7d\prepared\chips\train\sample_FI_00000263.npz,D:\Water Quality Parameter Estimation\wq_pipeline\artifacts\tolerance_7d\prepared\chips\train\sample_FI_00000263.png,ok,,S2B_MSIL2A_20240811T093549_R036_T35VNH_20240811T122825,2024-08-11,5,32.986945,46.0927003503286,0.0,256,128,0,0,9,"B02,B03,B04,B08"
FI_00000264,2024-09-03,60.95454402242739,28.56703697930222,D:\Water Quality Parameter Estimation\wq_pipeline\artifacts\tolerance_7d\prepared\chips\train\sample_FI_00000264.npz,D:\Water Quality Parameter Estimation\wq_pipeline\artifacts\tolerance_7d\prepared\chips\train\sample_FI_00000264.png,ok,,S2A_MSIL2A_20240905T094031_R036_T35VNH_20240905T133953,2024-09-05,2,0.492109,54.4583986301398,0.0,256,128,0,0,9,"B02,B03,B04,B08"
FI_00000265,2024-09-03,60.95454402242739,28.56703697930222,D:\Water Quality Parameter Estimation\wq_pipeline\artifacts\tolerance_7d\prepared\chips\train\sample_FI_00000265.npz,D:\Water Quality Parameter Estimation\wq_pipeline\artifacts\tolerance_7d\prepared\chips\train\sample_FI_00000265.png,ok,,S2A_MSIL2A_20240905T094031_R036_T35VNH_20240905T133953,2024-09-05,2,0.492109,54.4583986301398,0.0,256,128,0,0,9,"B02,B03,B04,B08"
FI_00000266,2024-09-03,60.95454402242739,28.56703697930222,D:\Water Quality Parameter Estimation\wq_pipeline\artifacts\tolerance_7d\prepared\chips\train\sample_FI_00000266.npz,D:\Water Quality Parameter Estimation\wq_pipeline\artifacts\tolerance_7d\prepared\chips\train\sample_FI_00000266.png,ok,,S2A_MSIL2A_20240905T094031_R036_T35VNH_20240905T133953,2024-09-05,2,0.492109,54.4583986301398,0.0,256,128,0,0,9,"B02,B03,B04,B08"
FI_00000267,2024-09-03,60.95454402242739,28.56703697930222,D:\Water Quality Parameter Estimation\wq_pipeline\artifacts\tolerance_7d\prepared\chips\train\sample_FI_00000267.npz,D:\Water Quality Parameter Estimation\wq_pipeline\artifacts\tolerance_7d\prepared\chips\train\sample_FI_00000267.png,ok,,S2A_MSIL2A_20240905T094031_R036_T35VNH_20240905T133953,2024-09-05,2,0.492109,54.4583986301398,0.0,256,128,0,0,9,"B02,B03,B04,B08"
FI_00000268,2024-09-03,60.95454402242739,28.56703697930222,D:\Water Quality Parameter Estimation\wq_pipeline\artifacts\tolerance_7d\prepared\chips\train\sample_FI_00000268.npz,D:\Water Quality Parameter Estimation\wq_pipeline\artifacts\tolerance_7d\prepared\chips\train\sample_FI_00000268.png,ok,,S2A_MSIL2A_20240905T094031_R036_T35VNH_20240905T133953,2024-09-05,2,0.492109,54.4583986301398,0.0,256,128,0,0,9,"B02,B03,B04,B08"
FI_00000269,2024-09-03,60.95454402242739,28.56703697930222,D:\Water Quality Parameter Estimation\wq_pipeline\artifacts\tolerance_7d\prepared\chips\train\sample_FI_00000269.npz,D:\Water Quality Parameter Estimation\wq_pipeline\artifacts\tolerance_7d\prepared\chips\train\sample_FI_00000269.png,ok,,S2A_MSIL2A_20240905T094031_R036_T35VNH_20240905T133953,2024-09-05,2,0.492109,54.4583986301398,0.0,256,128,0,0,9,"B02,B03,B04,B08"
FI_00000270,2024-10-01,60.95454402242739,28.56703697930222,D:\Water Quality Parameter Estimation\wq_pipeline\artifacts\tolerance_7d\prepared\chips\train\sample_FI_00000270.npz,D:\Water Quality Parameter Estimation\wq_pipeline\artifacts\tolerance_7d\prepared\chips\train\sample_FI_00000270.png,ok,,S2B_MSIL2A_20240930T094029_R036_T35VNH_20240930T125406,2024-09-30,1,6.764941,63.9655152771795,0.0,256,128,0,0,9,"B02,B03,B04,B08"
FI_00000271,2024-10-01,60.95454402242739,28.56703697930222,D:\Water Quality Parameter Estimation\wq_pipeline\artifacts\tolerance_7d\prepared\chips\train\sample_FI_00000271.npz,D:\Water Quality Parameter Estimation\wq_pipeline\artifacts\tolerance_7d\prepared\chips\train\sample_FI_00000271.png,ok,,S2B_MSIL2A_20240930T094029_R036_T35VNH_20240930T125406,2024-09-30,1,6.764941,63.9655152771795,0.0,256,128,0,0,9,"B02,B03,B04,B08"
FI_00000272,2024-10-01,60.95454402242739,28.56703697930222,D:\Water Quality Parameter Estimation\wq_pipeline\artifacts\tolerance_7d\prepared\chips\train\sample_FI_00000272.npz,D:\Water Quality Parameter Estimation\wq_pipeline\artifacts\tolerance_7d\prepared\chips\train\sample_FI_00000272.png,ok,,S2B_MSIL2A_20240930T094029_R036_T35VNH_20240930T125406,2024-09-30,1,6.764941,63.9655152771795,0.0,256,128,0,0,9,"B02,B03,B04,B08"
FI_00000273,2024-10-01,60.95454402242739,28.56703697930222,D:\Water Quality Parameter Estimation\wq_pipeline\artifacts\tolerance_7d\prepared\chips\train\sample_FI_00000273.npz,D:\Water Quality Parameter Estimation\wq_pipeline\artifacts\tolerance_7d\prepared\chips\train\sample_FI_00000273.png,ok,,S2B_MSIL2A_20240930T094029_R036_T35VNH_20240930T125406,2024-09-30,1,6.764941,63.9655152771795,0.0,256,128,0,0,9,"B02,B03,B04,B08"
FI_00000274,2024-10-01,60.95454402242739,28.56703697930222,D:\Water Quality Parameter Estimation\wq_pipeline\artifacts\tolerance_7d\prepared\chips\train\sample_FI_00000274.npz,D:\Water Quality Parameter Estimation\wq_pipeline\artifacts\tolerance_7d\prepared\chips\train\sample_FI_00000274.png,ok,,S2B_MSIL2A_20240930T094029_R036_T35VNH_20240930T125406,2024-09-30,1,6.764941,63.9655152771795,0.0,256,128,0,0,9,"B02,B03,B04,B08"
FI_00000275,2024-10-01,60.95454402242739,28.56703697930222,D:\Water Quality Parameter Estimation\wq_pipeline\artifacts\tolerance_7d\prepared\chips\train\sample_FI_00000275.npz,D:\Water Quality Parameter Estimation\wq_pipeline\artifacts\tolerance_7d\prepared\chips\train\sample_FI_00000275.png,ok,,S2B_MSIL2A_20240930T094029_R036_T35VNH_20240930T125406,2024-09-30,1,6.764941,63.9655152771795,0.0,256,128,0,0,9,"B02,B03,B04,B08"
FI_00000276,2024-11-06,60.95454402242739,28.56703697930222,D:\Water Quality Parameter Estimation\wq_pipeline\artifacts\tolerance_7d\prepared\chips\train\sample_FI_00000276.npz,D:\Water Quality Parameter Estimation\wq_pipeline\artifacts\tolerance_7d\prepared\chips\train\sample_FI_00000276.png,ok,,S2B_MSIL2A_20241030T094029_R036_T35VNH_20241030T111154,2024-10-30,7,31.685829,74.8589511684353,0.0,256,128,0,0,9,"B02,B03,B04,B08"
FI_00000277,2024-11-06,60.95454402242739,28.56703697930222,D:\Water Quality Parameter Estimation\wq_pipeline\artifacts\tolerance_7d\prepared\chips\train\sample_FI_00000277.npz,D:\Water Quality Parameter Estimation\wq_pipeline\artifacts\tolerance_7d\prepared\chips\train\sample_FI_00000277.png,ok,,S2B_MSIL2A_20241030T094029_R036_T35VNH_20241030T111154,2024-10-30,7,31.685829,74.8589511684353,0.0,256,128,0,0,9,"B02,B03,B04,B08"
FI_00000278,2024-11-06,60.95454402242739,28.56703697930222,D:\Water Quality Parameter Estimation\wq_pipeline\artifacts\tolerance_7d\prepared\chips\train\sample_FI_00000278.npz,D:\Water Quality Parameter Estimation\wq_pipeline\artifacts\tolerance_7d\prepared\chips\train\sample_FI_00000278.png,ok,,S2B_MSIL2A_20241030T094029_R036_T35VNH_20241030T111154,2024-10-30,7,31.685829,74.8589511684353,0.0,256,128,0,0,9,"B02,B03,B04,B08"
FI_00000279,2024-11-06,60.95454402242739,28.56703697930222,D:\Water Quality Parameter Estimation\wq_pipeline\artifacts\tolerance_7d\prepared\chips\train\sample_FI_00000279.npz,D:\Water Quality Parameter Estimation\wq_pipeline\artifacts\tolerance_7d\prepared\chips\train\sample_FI_00000279.png,ok,,S2B_MSIL2A_20241030T094029_R036_T35VNH_20241030T111154,2024-10-30,7,31.685829,74.8589511684353,0.0,256,128,0,0,9,"B02,B03,B04,B08"
FI_00000280,2024-11-06,60.95454402242739,28.56703697930222,D:\Water Quality Parameter Estimation\wq_pipeline\artifacts\tolerance_7d\prepared\chips\train\sample_FI_00000280.npz,D:\Water Quality Parameter Estimation\wq_pipeline\artifacts\tolerance_7d\prepared\chips\train\sample_FI_00000280.png,ok,,S2B_MSIL2A_20241030T094029_R036_T35VNH_20241030T111154,2024-10-30,7,31.685829,74.8589511684353,0.0,256,128,0,0,9,"B02,B03,B04,B08"
FI_00000281,2024-11-06,60.95454402242739,28.56703697930222,D:\Water Quality Parameter Estimation\wq_pipeline\artifacts\tolerance_7d\prepared\chips\train\sample_FI_00000281.npz,D:\Water Quality Parameter Estimation\wq_pipeline\artifacts\tolerance_7d\prepared\chips\train\sample_FI_00000281.png,ok,,S2B_MSIL2A_20241030T094029_R036_T35VNH_20241030T111154,2024-10-30,7,31.685829,74.8589511684353,0.0,256,128,0,0,9,"B02,B03,B04,B08"
FI_00000498,2023-01-10,60.65688838242908,27.90019461609265,,,no_match,no_stac_item,,,,,,,256,128,0,0,0,"B02,B03,B04,B08"
FI_00000499,2023-01-10,60.65688838242908,27.90019461609265,,,no_match,no_stac_item,,,,,,,256,128,0,0,0,"B02,B03,B04,B08"
FI_00000500,2023-01-10,60.65688838242908,27.90019461609265,,,no_match,no_stac_item,,,,,,,256,128,0,0,0,"B02,B03,B04,B08"
FI_00000501,2023-01-10,60.65688838242908,27.90019461609265,,,no_match,no_stac_item,,,,,,,256,128,0,0,0,"B02,B03,B04,B08"
FI_00000502,2023-01-10,60.65688838242908,27.90019461609265,,,no_match,no_stac_item,,,,,,,256,128,0,0,0,"B02,B03,B04,B08"
FI_00000503,2023-01-10,60.65688838242908,27.90019461609265,,,no_match,no_stac_item,,,,,,,256,128,0,0,0,"B02,B03,B04,B08"
FI_00000504,2023-02-07,60.65688838242908,27.90019461609265,,,no_match,no_stac_item,,,,,,,256,128,0,0,0,"B02,B03,B04,B08"
FI_00000505,2023-02-07,60.65688838242908,27.90019461609265,,,no_match,no_stac_item,,,,,,,256,128,0,0,0,"B02,B03,B04,B08"
FI_00000506,2023-02-07,60.65688838242908,27.90019461609265,,,no_match,no_stac_item,,,,,,,256,128,0,0,0,"B02,B03,B04,B08"
FI_00000507,2023-02-07,60.65688838242908,27.90019461609265,,,no_match,no_stac_item,,,,,,,256,128,0,0,0,"B02,B03,B04,B08"
FI_00000508,2023-02-07,60.65688838242908,27.90019461609265,,,no_match,no_stac_item,,,,,,,256,128,0,0,0,"B02,B03,B04,B08"
FI_00000509,2023-02-07,60.65688838242908,27.90019461609265,,,no_match,no_stac_item,,,,,,,256,128,0,0,0,"B02,B03,B04,B08"
FI_00000510,2023-03-01,60.65688838242908,27.90019461609265,D:\Water Quality Parameter Estimation\wq_pipeline\artifacts\tolerance_7d\prepared\chips\train\sample_FI_00000510.npz,D:\Water Quality Parameter Estimation\wq_pipeline\artifacts\tolerance_7d\prepared\chips\train\sample_FI_00000510.png,ok,,S2B_MSIL2A_20230228T094029_R036_T35VNH_20230301T181338,2023-02-28,1,26.003328,69.2171016172935,0.0,256,128,0,0,9,"B02,B03,B04,B08"
FI_00000511,2023-03-01,60.65688838242908,27.90019461609265,D:\Water Quality Parameter Estimation\wq_pipeline\artifacts\tolerance_7d\prepared\chips\train\sample_FI_00000511.npz,D:\Water Quality Parameter Estimation\wq_pipeline\artifacts\tolerance_7d\prepared\chips\train\sample_FI_00000511.png,ok,,S2B_MSIL2A_20230228T094029_R036_T35VNH_20230301T181338,2023-02-28,1,26.003328,69.2171016172935,0.0,256,128,0,0,9,"B02,B03,B04,B08"
FI_00000512,2023-03-01,60.65688838242908,27.90019461609265,D:\Water Quality Parameter Estimation\wq_pipeline\artifacts\tolerance_7d\prepared\chips\train\sample_FI_00000512.npz,D:\Water Quality Parameter Estimation\wq_pipeline\artifacts\tolerance_7d\prepared\chips\train\sample_FI_00000512.png,ok,,S2B_MSIL2A_20230228T094029_R036_T35VNH_20230301T181338,2023-02-28,1,26.003328,69.2171016172935,0.0,256,128,0,0,9,"B02,B03,B04,B08"
FI_00000513,2023-03-01,60.65688838242908,27.90019461609265,D:\Water Quality Parameter Estimation\wq_pipeline\artifacts\tolerance_7d\prepared\chips\train\sample_FI_00000513.npz,D:\Water Quality Parameter Estimation\wq_pipeline\artifacts\tolerance_7d\prepared\chips\train\sample_FI_00000513.png,ok,,S2B_MSIL2A_20230228T094029_R036_T35VNH_20230301T181338,2023-02-28,1,26.003328,69.2171016172935,0.0,256,128,0,0,9,"B02,B03,B04,B08"
FI_00000514,2023-03-01,60.65688838242908,27.90019461609265,D:\Water Quality Parameter Estimation\wq_pipeline\artifacts\tolerance_7d\prepared\chips\train\sample_FI_00000514.npz,D:\Water Quality Parameter Estimation\wq_pipeline\artifacts\tolerance_7d\prepared\chips\train\sample_FI_00000514.png,ok,,S2B_MSIL2A_20230228T094029_R036_T35VNH_20230301T181338,2023-02-28,1,26.003328,69.2171016172935,0.0,256,128,0,0,9,"B02,B03,B04,B08"
FI_00000515,2023-03-01,60.65688838242908,27.90019461609265,D:\Water Quality Parameter Estimation\wq_pipeline\artifacts\tolerance_7d\prepared\chips\train\sample_FI_00000515.npz,D:\Water Quality Parameter Estimation\wq_pipeline\artifacts\tolerance_7d\prepared\chips\train\sample_FI_00000515.png,ok,,S2B_MSIL2A_20230228T094029_R036_T35VNH_20230301T181338,2023-02-28,1,26.003328,69.2171016172935,0.0,256,128,0,0,9,"B02,B03,B04,B08"
FI_00000516,2023-04-04,60.65688838242908,27.90019461609265,D:\Water Quality Parameter Estimation\wq_pipeline\artifacts\tolerance_7d\prepared\chips\train\sample_FI_00000516.npz,D:\Water Quality Parameter Estimation\wq_pipeline\artifacts\tolerance_7d\prepared\chips\train\sample_FI_00000516.png,ok,,S2A_MSIL2A_20230404T094031_R036_T35VNH_20240825T224659,2023-04-04,0,35.110444,55.4169002105759,0.0,256,128,0,0,9,"B02,B03,B04,B08"
FI_00000517,2023-04-04,60.65688838242908,27.90019461609265,D:\Water Quality Parameter Estimation\wq_pipeline\artifacts\tolerance_7d\prepared\chips\train\sample_FI_00000517.npz,D:\Water Quality Parameter Estimation\wq_pipeline\artifacts\tolerance_7d\prepared\chips\train\sample_FI_00000517.png,ok,,S2A_MSIL2A_20230404T094031_R036_T35VNH_20240825T224659,2023-04-04,0,35.110444,55.4169002105759,0.0,256,128,0,0,9,"B02,B03,B04,B08"
FI_00000518,2023-04-04,60.65688838242908,27.90019461609265,D:\Water Quality Parameter Estimation\wq_pipeline\artifacts\tolerance_7d\prepared\chips\train\sample_FI_00000518.npz,D:\Water Quality Parameter Estimation\wq_pipeline\artifacts\tolerance_7d\prepared\chips\train\sample_FI_00000518.png,ok,,S2A_MSIL2A_20230404T094031_R036_T35VNH_20240825T224659,2023-04-04,0,35.110444,55.4169002105759,0.0,256,128,0,0,9,"B02,B03,B04,B08"
FI_00000519,2023-04-04,60.65688838242908,27.90019461609265,D:\Water Quality Parameter Estimation\wq_pipeline\artifacts\tolerance_7d\prepared\chips\train\sample_FI_00000519.npz,D:\Water Quality Parameter Estimation\wq_pipeline\artifacts\tolerance_7d\prepared\chips\train\sample_FI_00000519.png,ok,,S2A_MSIL2A_20230404T094031_R036_T35VNH_20240825T224659,2023-04-04,0,35.110444,55.4169002105759,0.0,256,128,0,0,9,"B02,B03,B04,B08"
FI_00000520,2023-04-04,60.65688838242908,27.90019461609265,D:\Water Quality Parameter Estimation\wq_pipeline\artifacts\tolerance_7d\prepared\chips\train\sample_FI_00000520.npz,D:\Water Quality Parameter Estimation\wq_pipeline\artifacts\tolerance_7d\prepared\chips\train\sample_FI_00000520.png,ok,,S2A_MSIL2A_20230404T094031_R036_T35VNH_20240825T224659,2023-04-04,0,35.110444,55.4169002105759,0.0,256,128,0,0,9,"B02,B03,B04,B08"
FI_00000521,2023-04-04,60.65688838242908,27.90019461609265,D:\Water Quality Parameter Estimation\wq_pipeline\artifacts\tolerance_7d\prepared\chips\train\sample_FI_00000521.npz,D:\Water Quality Parameter Estimation\wq_pipeline\artifacts\tolerance_7d\prepared\chips\train\sample_FI_00000521.png,ok,,S2A_MSIL2A_20230404T094031_R036_T35VNH_20240825T224659,2023-04-04,0,35.110444,55.4169002105759,0.0,256,128,0,0,9,"B02,B03,B04,B08"
FI_00000522,2023-05-16,60.65688838242908,27.90019461609265,D:\Water Quality Parameter Estimation\wq_pipeline\artifacts\tolerance_7d\prepared\chips\train\sample_FI_00000522.npz,D:\Water Quality Parameter Estimation\wq_pipeline\artifacts\tolerance_7d\prepared\chips\train\sample_FI_00000522.png,ok,,S2A_MSIL2A_20230514T094031_R036_T35VNH_20230514T232736,2023-05-14,2,36.133102,42.3877846461984,0.0,256,128,0,0,9,"B02,B03,B04,B08"
FI_00000523,2023-05-16,60.65688838242908,27.90019461609265,D:\Water Quality Parameter Estimation\wq_pipeline\artifacts\tolerance_7d\prepared\chips\train\sample_FI_00000523.npz,D:\Water Quality Parameter Estimation\wq_pipeline\artifacts\tolerance_7d\prepared\chips\train\sample_FI_00000523.png,ok,,S2A_MSIL2A_20230514T094031_R036_T35VNH_20230514T232736,2023-05-14,2,36.133102,42.3877846461984,0.0,256,128,0,0,9,"B02,B03,B04,B08"
FI_00000524,2023-05-16,60.65688838242908,27.90019461609265,D:\Water Quality Parameter Estimation\wq_pipeline\artifacts\tolerance_7d\prepared\chips\train\sample_FI_00000524.npz,D:\Water Quality Parameter Estimation\wq_pipeline\artifacts\tolerance_7d\prepared\chips\train\sample_FI_00000524.png,ok,,S2A_MSIL2A_20230514T094031_R036_T35VNH_20230514T232736,2023-05-14,2,36.133102,42.3877846461984,0.0,256,128,0,0,9,"B02,B03,B04,B08"
FI_00000525,2023-05-16,60.65688838242908,27.90019461609265,D:\Water Quality Parameter Estimation\wq_pipeline\artifacts\tolerance_7d\prepared\chips\train\sample_FI_00000525.npz,D:\Water Quality Parameter Estimation\wq_pipeline\artifacts\tolerance_7d\prepared\chips\train\sample_FI_00000525.png,ok,,S2A_MSIL2A_20230514T094031_R036_T35VNH_20230514T232736,2023-05-14,2,36.133102,42.3877846461984,0.0,256,128,0,0,9,"B02,B03,B04,B08"
FI_00000526,2023-05-16,60.65688838242908,27.90019461609265,D:\Water Quality Parameter Estimation\wq_pipeline\artifacts\tolerance_7d\prepared\chips\train\sample_FI_00000526.npz,D:\Water Quality Parameter Estimation\wq_pipeline\artifacts\tolerance_7d\prepared\chips\train\sample_FI_00000526.png,ok,,S2A_MSIL2A_20230514T094031_R036_T35VNH_20230514T232736,2023-05-14,2,36.133102,42.3877846461984,0.0,256,128,0,0,9,"B02,B03,B04,B08"
FI_00000527,2023-05-16,60.65688838242908,27.90019461609265,D:\Water Quality Parameter Estimation\wq_pipeline\artifacts\tolerance_7d\prepared\chips\train\sample_FI_00000527.npz,D:\Water Quality Parameter Estimation\wq_pipeline\artifacts\tolerance_7d\prepared\chips\train\sample_FI_00000527.png,ok,,S2A_MSIL2A_20230514T094031_R036_T35VNH_20230514T232736,2023-05-14,2,36.133102,42.3877846461984,0.0,256,128,0,0,9,"B02,B03,B04,B08"
FI_00000528,2023-06-07,60.65688838242908,27.90019461609265,D:\Water Quality Parameter Estimation\wq_pipeline\artifacts\tolerance_7d\prepared\chips\train\sample_FI_00000528.npz,D:\Water Quality Parameter Estimation\wq_pipeline\artifacts\tolerance_7d\prepared\chips\train\sample_FI_00000528.png,ok,,S2A_MSIL2A_20230610T093041_R136_T35VNH_20240912T151402,2023-06-10,3,22.142614,38.2843653314293,0.0,256,128,0,0,9,"B02,B03,B04,B08"
FI_00000529,2023-06-07,60.65688838242908,27.90019461609265,D:\Water Quality Parameter Estimation\wq_pipeline\artifacts\tolerance_7d\prepared\chips\train\sample_FI_00000529.npz,D:\Water Quality Parameter Estimation\wq_pipeline\artifacts\tolerance_7d\prepared\chips\train\sample_FI_00000529.png,ok,,S2A_MSIL2A_20230610T093041_R136_T35VNH_20240912T151402,2023-06-10,3,22.142614,38.2843653314293,0.0,256,128,0,0,9,"B02,B03,B04,B08"
FI_00000530,2023-06-07,60.65688838242908,27.90019461609265,D:\Water Quality Parameter Estimation\wq_pipeline\artifacts\tolerance_7d\prepared\chips\train\sample_FI_00000530.npz,D:\Water Quality Parameter Estimation\wq_pipeline\artifacts\tolerance_7d\prepared\chips\train\sample_FI_00000530.png,ok,,S2A_MSIL2A_20230610T093041_R136_T35VNH_20240912T151402,2023-06-10,3,22.142614,38.2843653314293,0.0,256,128,0,0,9,"B02,B03,B04,B08"
FI_00000531,2023-06-07,60.65688838242908,27.90019461609265,D:\Water Quality Parameter Estimation\wq_pipeline\artifacts\tolerance_7d\prepared\chips\train\sample_FI_00000531.npz,D:\Water Quality Parameter Estimation\wq_pipeline\artifacts\tolerance_7d\prepared\chips\train\sample_FI_00000531.png,ok,,S2A_MSIL2A_20230610T093041_R136_T35VNH_20240912T151402,2023-06-10,3,22.142614,38.2843653314293,0.0,256,128,0,0,9,"B02,B03,B04,B08"
FI_00000532,2023-06-07,60.65688838242908,27.90019461609265,D:\Water Quality Parameter Estimation\wq_pipeline\artifacts\tolerance_7d\prepared\chips\train\sample_FI_00000532.npz,D:\Water Quality Parameter Estimation\wq_pipeline\artifacts\tolerance_7d\prepared\chips\train\sample_FI_00000532.png,ok,,S2A_MSIL2A_20230610T093041_R136_T35VNH_20240912T151402,2023-06-10,3,22.142614,38.2843653314293,0.0,256,128,0,0,9,"B02,B03,B04,B08"
FI_00000533,2023-06-07,60.65688838242908,27.90019461609265,D:\Water Quality Parameter Estimation\wq_pipeline\artifacts\tolerance_7d\prepared\chips\train\sample_FI_00000533.npz,D:\Water Quality Parameter Estimation\wq_pipeline\artifacts\tolerance_7d\prepared\chips\train\sample_FI_00000533.png,ok,,S2A_MSIL2A_20230610T093041_R136_T35VNH_20240912T151402,2023-06-10,3,22.142614,38.2843653314293,0.0,256,128,0,0,9,"B02,B03,B04,B08"
FI_00000534,2023-07-04,60.65688838242908,27.90019461609265,D:\Water Quality Parameter Estimation\wq_pipeline\artifacts\tolerance_7d\prepared\chips\train\sample_FI_00000534.npz,D:\Water Quality Parameter Estimation\wq_pipeline\artifacts\tolerance_7d\prepared\chips\train\sample_FI_00000534.png,ok,,S2A_MSIL2A_20230630T093041_R136_T35VNH_20240925T041129,2023-06-30,4,37.178165,38.2369693169882,0.0,256,128,0,0,9,"B02,B03,B04,B08"
FI_00000535,2023-07-04,60.65688838242908,27.90019461609265,D:\Water Quality Parameter Estimation\wq_pipeline\artifacts\tolerance_7d\prepared\chips\train\sample_FI_00000535.npz,D:\Water Quality Parameter Estimation\wq_pipeline\artifacts\tolerance_7d\prepared\chips\train\sample_FI_00000535.png,ok,,S2A_MSIL2A_20230630T093041_R136_T35VNH_20240925T041129,2023-06-30,4,37.178165,38.2369693169882,0.0,256,128,0,0,9,"B02,B03,B04,B08"
FI_00000536,2023-07-04,60.65688838242908,27.90019461609265,D:\Water Quality Parameter Estimation\wq_pipeline\artifacts\tolerance_7d\prepared\chips\train\sample_FI_00000536.npz,D:\Water Quality Parameter Estimation\wq_pipeline\artifacts\tolerance_7d\prepared\chips\train\sample_FI_00000536.png,ok,,S2A_MSIL2A_20230630T093041_R136_T35VNH_20240925T041129,2023-06-30,4,37.178165,38.2369693169882,0.0,256,128,0,0,9,"B02,B03,B04,B08"
FI_00000537,2023-07-04,60.65688838242908,27.90019461609265,D:\Water Quality Parameter Estimation\wq_pipeline\artifacts\tolerance_7d\prepared\chips\train\sample_FI_00000537.npz,D:\Water Quality Parameter Estimation\wq_pipeline\artifacts\tolerance_7d\prepared\chips\train\sample_FI_00000537.png,ok,,S2A_MSIL2A_20230630T093041_R136_T35VNH_20240925T041129,2023-06-30,4,37.178165,38.2369693169882,0.0,256,128,0,0,9,"B02,B03,B04,B08"
FI_00000538,2023-07-04,60.65688838242908,27.90019461609265,D:\Water Quality Parameter Estimation\wq_pipeline\artifacts\tolerance_7d\prepared\chips\train\sample_FI_00000538.npz,D:\Water Quality Parameter Estimation\wq_pipeline\artifacts\tolerance_7d\prepared\chips\train\sample_FI_00000538.png,ok,,S2A_MSIL2A_20230630T093041_R136_T35VNH_20240925T041129,2023-06-30,4,37.178165,38.2369693169882,0.0,256,128,0,0,9,"B02,B03,B04,B08"
FI_00000539,2023-07-04,60.65688838242908,27.90019461609265,D:\Water Quality Parameter Estimation\wq_pipeline\artifacts\tolerance_7d\prepared\chips\train\sample_FI_00000539.npz,D:\Water Quality Parameter Estimation\wq_pipeline\artifacts\tolerance_7d\prepared\chips\train\sample_FI_00000539.png,ok,,S2A_MSIL2A_20230630T093041_R136_T35VNH_20240925T041129,2023-06-30,4,37.178165,38.2369693169882,0.0,256,128,0,0,9,"B02,B03,B04,B08"
FI_00000540,2023-08-01,60.65688838242908,27.90019461609265,D:\Water Quality Parameter Estimation\wq_pipeline\artifacts\tolerance_7d\prepared\chips\train\sample_FI_00000540.npz,D:\Water Quality Parameter Estimation\wq_pipeline\artifacts\tolerance_7d\prepared\chips\train\sample_FI_00000540.png,ok,,S2A_MSIL2A_20230730T093041_R136_T35VNH_20241018T172529,2023-07-30,2,24.036452,42.9349625787504,0.0,256,128,0,0,9,"B02,B03,B04,B08"
FI_00000541,2023-08-01,60.65688838242908,27.90019461609265,D:\Water Quality Parameter Estimation\wq_pipeline\artifacts\tolerance_7d\prepared\chips\train\sample_FI_00000541.npz,D:\Water Quality Parameter Estimation\wq_pipeline\artifacts\tolerance_7d\prepared\chips\train\sample_FI_00000541.png,ok,,S2A_MSIL2A_20230730T093041_R136_T35VNH_20241018T172529,2023-07-30,2,24.036452,42.9349625787504,0.0,256,128,0,0,9,"B02,B03,B04,B08"
FI_00000542,2023-08-01,60.65688838242908,27.90019461609265,D:\Water Quality Parameter Estimation\wq_pipeline\artifacts\tolerance_7d\prepared\chips\train\sample_FI_00000542.npz,D:\Water Quality Parameter Estimation\wq_pipeline\artifacts\tolerance_7d\prepared\chips\train\sample_FI_00000542.png,ok,,S2A_MSIL2A_20230730T093041_R136_T35VNH_20241018T172529,2023-07-30,2,24.036452,42.9349625787504,0.0,256,128,0,0,9,"B02,B03,B04,B08"
FI_00000543,2023-08-01,60.65688838242908,27.90019461609265,D:\Water Quality Parameter Estimation\wq_pipeline\artifacts\tolerance_7d\prepared\chips\train\sample_FI_00000543.npz,D:\Water Quality Parameter Estimation\wq_pipeline\artifacts\tolerance_7d\prepared\chips\train\sample_FI_00000543.png,ok,,S2A_MSIL2A_20230730T093041_R136_T35VNH_20241018T172529,2023-07-30,2,24.036452,42.9349625787504,0.0,256,128,0,0,9,"B02,B03,B04,B08"
FI_00000544,2023-08-01,60.65688838242908,27.90019461609265,D:\Water Quality Parameter Estimation\wq_pipeline\artifacts\tolerance_7d\prepared\chips\train\sample_FI_00000544.npz,D:\Water Quality Parameter Estimation\wq_pipeline\artifacts\tolerance_7d\prepared\chips\train\sample_FI_00000544.png,ok,,S2A_MSIL2A_20230730T093041_R136_T35VNH_20241018T172529,2023-07-30,2,24.036452,42.9349625787504,0.0,256,128,0,0,9,"B02,B03,B04,B08"
FI_00000545,2023-08-01,60.65688838242908,27.90019461609265,D:\Water Quality Parameter Estimation\wq_pipeline\artifacts\tolerance_7d\prepared\chips\train\sample_FI_00000545.npz,D:\Water Quality Parameter Estimation\wq_pipeline\artifacts\tolerance_7d\prepared\chips\train\sample_FI_00000545.png,ok,,S2A_MSIL2A_20230730T093041_R136_T35VNH_20241018T172529,2023-07-30,2,24.036452,42.9349625787504,0.0,256,128,0,0,9,"B02,B03,B04,B08"
FI_00000546,2023-09-05,60.65688838242908,27.90019461609265,D:\Water Quality Parameter Estimation\wq_pipeline\artifacts\tolerance_7d\prepared\chips\train\sample_FI_00000546.npz,D:\Water Quality Parameter Estimation\wq_pipeline\artifacts\tolerance_7d\prepared\chips\train\sample_FI_00000546.png,ok,,S2B_MSIL2A_20230906T093549_R036_T35VNH_20241029T123722,2023-09-06,1,25.755775,54.5450230268766,0.0,256,128,0,0,9,"B02,B03,B04,B08"
FI_00000547,2023-09-05,60.65688838242908,27.90019461609265,D:\Water Quality Parameter Estimation\wq_pipeline\artifacts\tolerance_7d\prepared\chips\train\sample_FI_00000547.npz,D:\Water Quality Parameter Estimation\wq_pipeline\artifacts\tolerance_7d\prepared\chips\train\sample_FI_00000547.png,ok,,S2B_MSIL2A_20230906T093549_R036_T35VNH_20241029T123722,2023-09-06,1,25.755775,54.5450230268766,0.0,256,128,0,0,9,"B02,B03,B04,B08"
FI_00000548,2023-09-05,60.65688838242908,27.90019461609265,D:\Water Quality Parameter Estimation\wq_pipeline\artifacts\tolerance_7d\prepared\chips\train\sample_FI_00000548.npz,D:\Water Quality Parameter Estimation\wq_pipeline\artifacts\tolerance_7d\prepared\chips\train\sample_FI_00000548.png,ok,,S2B_MSIL2A_20230906T093549_R036_T35VNH_20241029T123722,2023-09-06,1,25.755775,54.5450230268766,0.0,256,128,0,0,9,"B02,B03,B04,B08"
FI_00000549,2023-09-05,60.65688838242908,27.90019461609265,D:\Water Quality Parameter Estimation\wq_pipeline\artifacts\tolerance_7d\prepared\chips\train\sample_FI_00000549.npz,D:\Water Quality Parameter Estimation\wq_pipeline\artifacts\tolerance_7d\prepared\chips\train\sample_FI_00000549.png,ok,,S2B_MSIL2A_20230906T093549_R036_T35VNH_20241029T123722,2023-09-06,1,25.755775,54.5450230268766,0.0,256,128,0,0,9,"B02,B03,B04,B08"
FI_00000550,2023-09-05,60.65688838242908,27.90019461609265,D:\Water Quality Parameter Estimation\wq_pipeline\artifacts\tolerance_7d\prepared\chips\train\sample_FI_00000550.npz,D:\Water Quality Parameter Estimation\wq_pipeline\artifacts\tolerance_7d\prepared\chips\train\sample_FI_00000550.png,ok,,S2B_MSIL2A_20230906T093549_R036_T35VNH_20241029T123722,2023-09-06,1,25.755775,54.5450230268766,0.0,256,128,0,0,9,"B02,B03,B04,B08"
FI_00000551,2023-09-05,60.65688838242908,27.90019461609265,D:\Water Quality Parameter Estimation\wq_pipeline\artifacts\tolerance_7d\prepared\chips\train\sample_FI_00000551.npz,D:\Water Quality Parameter Estimation\wq_pipeline\artifacts\tolerance_7d\prepared\chips\train\sample_FI_00000551.png,ok,,S2B_MSIL2A_20230906T093549_R036_T35VNH_20241029T123722,2023-09-06,1,25.755775,54.5450230268766,0.0,256,128,0,0,9,"B02,B03,B04,B08"
FI_00000552,2023-10-03,60.65688838242908,27.90019461609265,D:\Water Quality Parameter Estimation\wq_pipeline\artifacts\tolerance_7d\prepared\chips\train\sample_FI_00000552.npz,D:\Water Quality Parameter Estimation\wq_pipeline\artifacts\tolerance_7d\prepared\chips\train\sample_FI_00000552.png,ok,,S2B_MSIL2A_20231006T093749_R036_T35VNH_20231006T153859,2023-10-06,3,2.564015,65.9750824324135,0.0,256,128,0,0,9,"B02,B03,B04,B08"
FI_00000553,2023-10-03,60.65688838242908,27.90019461609265,D:\Water Quality Parameter Estimation\wq_pipeline\artifacts\tolerance_7d\prepared\chips\train\sample_FI_00000553.npz,D:\Water Quality Parameter Estimation\wq_pipeline\artifacts\tolerance_7d\prepared\chips\train\sample_FI_00000553.png,ok,,S2B_MSIL2A_20231006T093749_R036_T35VNH_20231006T153859,2023-10-06,3,2.564015,65.9750824324135,0.0,256,128,0,0,9,"B02,B03,B04,B08"
FI_00000554,2023-10-03,60.65688838242908,27.90019461609265,D:\Water Quality Parameter Estimation\wq_pipeline\artifacts\tolerance_7d\prepared\chips\train\sample_FI_00000554.npz,D:\Water Quality Parameter Estimation\wq_pipeline\artifacts\tolerance_7d\prepared\chips\train\sample_FI_00000554.png,ok,,S2B_MSIL2A_20231006T093749_R036_T35VNH_20231006T153859,2023-10-06,3,2.564015,65.9750824324135,0.0,256,128,0,0,9,"B02,B03,B04,B08"
FI_00000555,2023-10-03,60.65688838242908,27.90019461609265,D:\Water Quality Parameter Estimation\wq_pipeline\artifacts\tolerance_7d\prepared\chips\train\sample_FI_00000555.npz,D:\Water Quality Parameter Estimation\wq_pipeline\artifacts\tolerance_7d\prepared\chips\train\sample_FI_00000555.png,ok,,S2B_MSIL2A_20231006T093749_R036_T35VNH_20231006T153859,2023-10-06,3,2.564015,65.9750824324135,0.0,256,128,0,0,9,"B02,B03,B04,B08"
FI_00000556,2023-10-03,60.65688838242908,27.90019461609265,D:\Water Quality Parameter Estimation\wq_pipeline\artifacts\tolerance_7d\prepared\chips\train\sample_FI_00000556.npz,D:\Water Quality Parameter Estimation\wq_pipeline\artifacts\tolerance_7d\prepared\chips\train\sample_FI_00000556.png,ok,,S2B_MSIL2A_20231006T093749_R036_T35VNH_20231006T153859,2023-10-06,3,2.564015,65.9750824324135,0.0,256,128,0,0,9,"B02,B03,B04,B08"
FI_00000557,2023-10-03,60.65688838242908,27.90019461609265,D:\Water Quality Parameter Estimation\wq_pipeline\artifacts\tolerance_7d\prepared\chips\train\sample_FI_00000557.npz,D:\Water Quality Parameter Estimation\wq_pipeline\artifacts\tolerance_7d\prepared\chips\train\sample_FI_00000557.png,ok,,S2B_MSIL2A_20231006T093749_R036_T35VNH_20231006T153859,2023-10-06,3,2.564015,65.9750824324135,0.0,256,128,0,0,9,"B02,B03,B04,B08"
FI_00000558,2023-11-01,60.65688838242908,27.90019461609265,,,no_match,no_stac_item,,,,,,,256,128,0,0,0,"B02,B03,B04,B08"
FI_00000559,2023-11-01,60.65688838242908,27.90019461609265,,,no_match,no_stac_item,,,,,,,256,128,0,0,0,"B02,B03,B04,B08"
FI_00000560,2023-11-01,60.65688838242908,27.90019461609265,,,no_match,no_stac_item,,,,,,,256,128,0,0,0,"B02,B03,B04,B08"
FI_00000561,2023-11-01,60.65688838242908,27.90019461609265,,,no_match,no_stac_item,,,,,,,256,128,0,0,0,"B02,B03,B04,B08"
FI_00000562,2023-11-01,60.65688838242908,27.90019461609265,,,no_match,no_stac_item,,,,,,,256,128,0,0,0,"B02,B03,B04,B08"
FI_00000563,2023-11-01,60.65688838242908,27.90019461609265,,,no_match,no_stac_item,,,,,,,256,128,0,0,0,"B02,B03,B04,B08"
FI_00000564,2023-12-12,60.65688838242908,27.90019461609265,D:\Water Quality Parameter Estimation\wq_pipeline\artifacts\tolerance_7d\prepared\chips\train\sample_FI_00000564.npz,D:\Water Quality Parameter Estimation\wq_pipeline\artifacts\tolerance_7d\prepared\chips\train\sample_FI_00000564.png,ok,,S2B_MSIL2A_20231205T094259_R036_T35VNH_20240904T045623,2023-12-05,7,32.39972,83.249395984242,0.0,256,128,0,0,9,"B02,B03,B04,B08"
FI_00000565,2023-12-12,60.65688838242908,27.90019461609265,D:\Water Quality Parameter Estimation\wq_pipeline\artifacts\tolerance_7d\prepared\chips\train\sample_FI_00000565.npz,D:\Water Quality Parameter Estimation\wq_pipeline\artifacts\tolerance_7d\prepared\chips\train\sample_FI_00000565.png,ok,,S2B_MSIL2A_20231205T094259_R036_T35VNH_20240904T045623,2023-12-05,7,32.39972,83.249395984242,0.0,256,128,0,0,9,"B02,B03,B04,B08"
FI_00000566,2023-12-12,60.65688838242908,27.90019461609265,D:\Water Quality Parameter Estimation\wq_pipeline\artifacts\tolerance_7d\prepared\chips\train\sample_FI_00000566.npz,D:\Water Quality Parameter Estimation\wq_pipeline\artifacts\tolerance_7d\prepared\chips\train\sample_FI_00000566.png,ok,,S2B_MSIL2A_20231205T094259_R036_T35VNH_20240904T045623,2023-12-05,7,32.39972,83.249395984242,0.0,256,128,0,0,9,"B02,B03,B04,B08"
FI_00000567,2023-12-12,60.65688838242908,27.90019461609265,D:\Water Quality Parameter Estimation\wq_pipeline\artifacts\tolerance_7d\prepared\chips\train\sample_FI_00000567.npz,D:\Water Quality Parameter Estimation\wq_pipeline\artifacts\tolerance_7d\prepared\chips\train\sample_FI_00000567.png,ok,,S2B_MSIL2A_20231205T094259_R036_T35VNH_20240904T045623,2023-12-05,7,32.39972,83.249395984242,0.0,256,128,0,0,9,"B02,B03,B04,B08"
FI_00000568,2023-12-12,60.65688838242908,27.90019461609265,D:\Water Quality Parameter Estimation\wq_pipeline\artifacts\tolerance_7d\prepared\chips\train\sample_FI_00000568.npz,D:\Water Quality Parameter Estimation\wq_pipeline\artifacts\tolerance_7d\prepared\chips\train\sample_FI_00000568.png,ok,,S2B_MSIL2A_20231205T094259_R036_T35VNH_20240904T045623,2023-12-05,7,32.39972,83.249395984242,0.0,256,128,0,0,9,"B02,B03,B04,B08"
FI_00000569,2023-12-12,60.65688838242908,27.90019461609265,D:\Water Quality Parameter Estimation\wq_pipeline\artifacts\tolerance_7d\prepared\chips\train\sample_FI_00000569.npz,D:\Water Quality Parameter Estimation\wq_pipeline\artifacts\tolerance_7d\prepared\chips\train\sample_FI_00000569.png,ok,,S2B_MSIL2A_20231205T094259_R036_T35VNH_20240904T045623,2023-12-05,7,32.39972,83.249395984242,0.0,256,128,0,0,9,"B02,B03,B04,B08"
FI_00000570,2024-01-10,60.65688838242908,27.90019461609265,D:\Water Quality Parameter Estimation\wq_pipeline\artifacts\tolerance_7d\prepared\chips\train\sample_FI_00000570.npz,D:\Water Quality Parameter Estimation\wq_pipeline\artifacts\tolerance_7d\prepared\chips\train\sample_FI_00000570.png,ok,,S2B_MSIL2A_20240104T094319_R036_T35VNH_20240104T130839,2024-01-04,6,8.291159,83.7998724433514,0.0,256,128,0,0,9,"B02,B03,B04,B08"
FI_00000571,2024-01-10,60.65688838242908,27.90019461609265,D:\Water Quality Parameter Estimation\wq_pipeline\artifacts\tolerance_7d\prepared\chips\train\sample_FI_00000571.npz,D:\Water Quality Parameter Estimation\wq_pipeline\artifacts\tolerance_7d\prepared\chips\train\sample_FI_00000571.png,ok,,S2B_MSIL2A_20240104T094319_R036_T35VNH_20240104T130839,2024-01-04,6,8.291159,83.7998724433514,0.0,256,128,0,0,9,"B02,B03,B04,B08"
FI_00000572,2024-01-10,60.65688838242908,27.90019461609265,D:\Water Quality Parameter Estimation\wq_pipeline\artifacts\tolerance_7d\prepared\chips\train\sample_FI_00000572.npz,D:\Water Quality Parameter Estimation\wq_pipeline\artifacts\tolerance_7d\prepared\chips\train\sample_FI_00000572.png,ok,,S2B_MSIL2A_20240104T094319_R036_T35VNH_20240104T130839,2024-01-04,6,8.291159,83.7998724433514,0.0,256,128,0,0,9,"B02,B03,B04,B08"
FI_00000573,2024-01-10,60.65688838242908,27.90019461609265,D:\Water Quality Parameter Estimation\wq_pipeline\artifacts\tolerance_7d\prepared\chips\train\sample_FI_00000573.npz,D:\Water Quality Parameter Estimation\wq_pipeline\artifacts\tolerance_7d\prepared\chips\train\sample_FI_00000573.png,ok,,S2B_MSIL2A_20240104T094319_R036_T35VNH_20240104T130839,2024-01-04,6,8.291159,83.7998724433514,0.0,256,128,0,0,9,"B02,B03,B04,B08"
FI_00000574,2024-01-10,60.65688838242908,27.90019461609265,D:\Water Quality Parameter Estimation\wq_pipeline\artifacts\tolerance_7d\prepared\chips\train\sample_FI_00000574.npz,D:\Water Quality Parameter Estimation\wq_pipeline\artifacts\tolerance_7d\prepared\chips\train\sample_FI_00000574.png,ok,,S2B_MSIL2A_20240104T094319_R036_T35VNH_20240104T130839,2024-01-04,6,8.291159,83.7998724433514,0.0,256,128,0,0,9,"B02,B03,B04,B08"
FI_00000575,2024-01-10,60.65688838242908,27.90019461609265,D:\Water Quality Parameter Estimation\wq_pipeline\artifacts\tolerance_7d\prepared\chips\train\sample_FI_00000575.npz,D:\Water Quality Parameter Estimation\wq_pipeline\artifacts\tolerance_7d\prepared\chips\train\sample_FI_00000575.png,ok,,S2B_MSIL2A_20240104T094319_R036_T35VNH_20240104T130839,2024-01-04,6,8.291159,83.7998724433514,0.0,256,128,0,0,9,"B02,B03,B04,B08"
FI_00000576,2024-02-06,60.65688838242908,27.90019461609265,D:\Water Quality Parameter Estimation\wq_pipeline\artifacts\tolerance_7d\prepared\chips\train\sample_FI_00000576.npz,D:\Water Quality Parameter Estimation\wq_pipeline\artifacts\tolerance_7d\prepared\chips\train\sample_FI_00000576.png,ok,,S2A_MSIL2A_20240208T094141_R036_T35VNH_20240208T110851,2024-02-08,2,3.85882,76.3233980517361,0.0,256,128,0,0,9,"B02,B03,B04,B08"
FI_00000577,2024-02-06,60.65688838242908,27.90019461609265,D:\Water Quality Parameter Estimation\wq_pipeline\artifacts\tolerance_7d\prepared\chips\train\sample_FI_00000577.npz,D:\Water Quality Parameter Estimation\wq_pipeline\artifacts\tolerance_7d\prepared\chips\train\sample_FI_00000577.png,ok,,S2A_MSIL2A_20240208T094141_R036_T35VNH_20240208T110851,2024-02-08,2,3.85882,76.3233980517361,0.0,256,128,0,0,9,"B02,B03,B04,B08"
FI_00000578,2024-02-06,60.65688838242908,27.90019461609265,D:\Water Quality Parameter Estimation\wq_pipeline\artifacts\tolerance_7d\prepared\chips\train\sample_FI_00000578.npz,D:\Water Quality Parameter Estimation\wq_pipeline\artifacts\tolerance_7d\prepared\chips\train\sample_FI_00000578.png,ok,,S2A_MSIL2A_20240208T094141_R036_T35VNH_20240208T110851,2024-02-08,2,3.85882,76.3233980517361,0.0,256,128,0,0,9,"B02,B03,B04,B08"
FI_00000579,2024-02-06,60.65688838242908,27.90019461609265,D:\Water Quality Parameter Estimation\wq_pipeline\artifacts\tolerance_7d\prepared\chips\train\sample_FI_00000579.npz,D:\Water Quality Parameter Estimation\wq_pipeline\artifacts\tolerance_7d\prepared\chips\train\sample_FI_00000579.png,ok,,S2A_MSIL2A_20240208T094141_R036_T35VNH_20240208T110851,2024-02-08,2,3.85882,76.3233980517361,0.0,256,128,0,0,9,"B02,B03,B04,B08"
FI_00000580,2024-02-06,60.65688838242908,27.90019461609265,D:\Water Quality Parameter Estimation\wq_pipeline\artifacts\tolerance_7d\prepared\chips\train\sample_FI_00000580.npz,D:\Water Quality Parameter Estimation\wq_pipeline\artifacts\tolerance_7d\prepared\chips\train\sample_FI_00000580.png,ok,,S2A_MSIL2A_20240208T094141_R036_T35VNH_20240208T110851,2024-02-08,2,3.85882,76.3233980517361,0.0,256,128,0,0,9,"B02,B03,B04,B08"
FI_00000581,2024-02-06,60.65688838242908,27.90019461609265,D:\Water Quality Parameter Estimation\wq_pipeline\artifacts\tolerance_7d\prepared\chips\train\sample_FI_00000581.npz,D:\Water Quality Parameter Estimation\wq_pipeline\artifacts\tolerance_7d\prepared\chips\train\sample_FI_00000581.png,ok,,S2A_MSIL2A_20240208T094141_R036_T35VNH_20240208T110851,2024-02-08,2,3.85882,76.3233980517361,0.0,256,128,0,0,9,"B02,B03,B04,B08"
FI_00000582,2024-03-05,60.65688838242908,27.90019461609265,D:\Water Quality Parameter Estimation\wq_pipeline\artifacts\tolerance_7d\prepared\chips\train\sample_FI_00000582.npz,D:\Water Quality Parameter Estimation\wq_pipeline\artifacts\tolerance_7d\prepared\chips\train\sample_FI_00000582.png,ok,,S2A_MSIL2A_20240306T093031_R136_T35VNH_20240306T141731,2024-03-06,1,0.016502,66.8378615809566,4.57763671875e-05,256,128,0,0,9,"B02,B03,B04,B08"
FI_00000583,2024-03-05,60.65688838242908,27.90019461609265,D:\Water Quality Parameter Estimation\wq_pipeline\artifacts\tolerance_7d\prepared\chips\train\sample_FI_00000583.npz,D:\Water Quality Parameter Estimation\wq_pipeline\artifacts\tolerance_7d\prepared\chips\train\sample_FI_00000583.png,ok,,S2A_MSIL2A_20240306T093031_R136_T35VNH_20240306T141731,2024-03-06,1,0.016502,66.8378615809566,4.57763671875e-05,256,128,0,0,9,"B02,B03,B04,B08"
FI_00000584,2024-03-05,60.65688838242908,27.90019461609265,D:\Water Quality Parameter Estimation\wq_pipeline\artifacts\tolerance_7d\prepared\chips\train\sample_FI_00000584.npz,D:\Water Quality Parameter Estimation\wq_pipeline\artifacts\tolerance_7d\prepared\chips\train\sample_FI_00000584.png,ok,,S2A_MSIL2A_20240306T093031_R136_T35VNH_20240306T141731,2024-03-06,1,0.016502,66.8378615809566,4.57763671875e-05,256,128,0,0,9,"B02,B03,B04,B08"
FI_00000585,2024-03-05,60.65688838242908,27.90019461609265,D:\Water Quality Parameter Estimation\wq_pipeline\artifacts\tolerance_7d\prepared\chips\train\sample_FI_00000585.npz,D:\Water Quality Parameter Estimation\wq_pipeline\artifacts\tolerance_7d\prepared\chips\train\sample_FI_00000585.png,ok,,S2A_MSIL2A_20240306T093031_R136_T35VNH_20240306T141731,2024-03-06,1,0.016502,66.8378615809566,4.57763671875e-05,256,128,0,0,9,"B02,B03,B04,B08"
FI_00000586,2024-03-05,60.65688838242908,27.90019461609265,D:\Water Quality Parameter Estimation\wq_pipeline\artifacts\tolerance_7d\prepared\chips\train\sample_FI_00000586.npz,D:\Water Quality Parameter Estimation\wq_pipeline\artifacts\tolerance_7d\prepared\chips\train\sample_FI_00000586.png,ok,,S2A_MSIL2A_20240306T093031_R136_T35VNH_20240306T141731,2024-03-06,1,0.016502,66.8378615809566,4.57763671875e-05,256,128,0,0,9,"B02,B03,B04,B08"
FI_00000587,2024-03-05,60.65688838242908,27.90019461609265,D:\Water Quality Parameter Estimation\wq_pipeline\artifacts\tolerance_7d\prepared\chips\train\sample_FI_00000587.npz,D:\Water Quality Parameter Estimation\wq_pipeline\artifacts\tolerance_7d\prepared\chips\train\sample_FI_00000587.png,ok,,S2A_MSIL2A_20240306T093031_R136_T35VNH_20240306T141731,2024-03-06,1,0.016502,66.8378615809566,4.57763671875e-05,256,128,0,0,9,"B02,B03,B04,B08"
FI_00000588,2024-04-02,60.65688838242908,27.90019461609265,D:\Water Quality Parameter Estimation\wq_pipeline\artifacts\tolerance_7d\prepared\chips\train\sample_FI_00000588.npz,D:\Water Quality Parameter Estimation\wq_pipeline\artifacts\tolerance_7d\prepared\chips\train\sample_FI_00000588.png,ok,,S2A_MSIL2A_20240408T094031_R036_T35VNH_20240410T215126,2024-04-08,6,0.631824,53.6026074125056,2.6702880859375e-05,256,128,0,0,9,"B02,B03,B04,B08"
FI_00000589,2024-04-02,60.65688838242908,27.90019461609265,D:\Water Quality Parameter Estimation\wq_pipeline\artifacts\tolerance_7d\prepared\chips\train\sample_FI_00000589.npz,D:\Water Quality Parameter Estimation\wq_pipeline\artifacts\tolerance_7d\prepared\chips\train\sample_FI_00000589.png,ok,,S2A_MSIL2A_20240408T094031_R036_T35VNH_20240410T215126,2024-04-08,6,0.631824,53.6026074125056,2.6702880859375e-05,256,128,0,0,9,"B02,B03,B04,B08"
FI_00000590,2024-04-02,60.65688838242908,27.90019461609265,D:\Water Quality Parameter Estimation\wq_pipeline\artifacts\tolerance_7d\prepared\chips\train\sample_FI_00000590.npz,D:\Water Quality Parameter Estimation\wq_pipeline\artifacts\tolerance_7d\prepared\chips\train\sample_FI_00000590.png,ok,,S2A_MSIL2A_20240408T094031_R036_T35VNH_20240410T215126,2024-04-08,6,0.631824,53.6026074125056,2.6702880859375e-05,256,128,0,0,9,"B02,B03,B04,B08"
FI_00000591,2024-04-02,60.65688838242908,27.90019461609265,D:\Water Quality Parameter Estimation\wq_pipeline\artifacts\tolerance_7d\prepared\chips\train\sample_FI_00000591.npz,D:\Water Quality Parameter Estimation\wq_pipeline\artifacts\tolerance_7d\prepared\chips\train\sample_FI_00000591.png,ok,,S2A_MSIL2A_20240408T094031_R036_T35VNH_20240410T215126,2024-04-08,6,0.631824,53.6026074125056,2.6702880859375e-05,256,128,0,0,9,"B02,B03,B04,B08"
FI_00000592,2024-04-02,60.65688838242908,27.90019461609265,D:\Water Quality Parameter Estimation\wq_pipeline\artifacts\tolerance_7d\prepared\chips\train\sample_FI_00000592.npz,D:\Water Quality Parameter Estimation\wq_pipeline\artifacts\tolerance_7d\prepared\chips\train\sample_FI_00000592.png,ok,,S2A_MSIL2A_20240408T094031_R036_T35VNH_20240410T215126,2024-04-08,6,0.631824,53.6026074125056,2.6702880859375e-05,256,128,0,0,9,"B02,B03,B04,B08"
FI_00000593,2024-04-02,60.65688838242908,27.90019461609265,D:\Water Quality Parameter Estimation\wq_pipeline\artifacts\tolerance_7d\prepared\chips\train\sample_FI_00000593.npz,D:\Water Quality Parameter Estimation\wq_pipeline\artifacts\tolerance_7d\prepared\chips\train\sample_FI_00000593.png,ok,,S2A_MSIL2A_20240408T094031_R036_T35VNH_20240410T215126,2024-04-08,6,0.631824,53.6026074125056,2.6702880859375e-05,256,128,0,0,9,"B02,B03,B04,B08"
FI_00000594,2024-05-07,60.65688838242908,27.90019461609265,D:\Water Quality Parameter Estimation\wq_pipeline\artifacts\tolerance_7d\prepared\chips\train\sample_FI_00000594.npz,D:\Water Quality Parameter Estimation\wq_pipeline\artifacts\tolerance_7d\prepared\chips\train\sample_FI_00000594.png,ok,,S2A_MSIL2A_20240508T094031_R036_T35VNH_20240508T152742,2024-05-08,1,30.803224,43.7231349406598,0.0,256,128,0,0,9,"B02,B03,B04,B08"
FI_00000595,2024-05-07,60.65688838242908,27.90019461609265,D:\Water Quality Parameter Estimation\wq_pipeline\artifacts\tolerance_7d\prepared\chips\train\sample_FI_00000595.npz,D:\Water Quality Parameter Estimation\wq_pipeline\artifacts\tolerance_7d\prepared\chips\train\sample_FI_00000595.png,ok,,S2A_MSIL2A_20240508T094031_R036_T35VNH_20240508T152742,2024-05-08,1,30.803224,43.7231349406598,0.0,256,128,0,0,9,"B02,B03,B04,B08"
FI_00000596,2024-05-07,60.65688838242908,27.90019461609265,D:\Water Quality Parameter Estimation\wq_pipeline\artifacts\tolerance_7d\prepared\chips\train\sample_FI_00000596.npz,D:\Water Quality Parameter Estimation\wq_pipeline\artifacts\tolerance_7d\prepared\chips\train\sample_FI_00000596.png,ok,,S2A_MSIL2A_20240508T094031_R036_T35VNH_20240508T152742,2024-05-08,1,30.803224,43.7231349406598,0.0,256,128,0,0,9,"B02,B03,B04,B08"
FI_00000597,2024-05-07,60.65688838242908,27.90019461609265,D:\Water Quality Parameter Estimation\wq_pipeline\artifacts\tolerance_7d\prepared\chips\train\sample_FI_00000597.npz,D:\Water Quality Parameter Estimation\wq_pipeline\artifacts\tolerance_7d\prepared\chips\train\sample_FI_00000597.png,ok,,S2A_MSIL2A_20240508T094031_R036_T35VNH_20240508T152742,2024-05-08,1,30.803224,43.7231349406598,0.0,256,128,0,0,9,"B02,B03,B04,B08"
FI_00000598,2024-05-07,60.65688838242908,27.90019461609265,D:\Water Quality Parameter Estimation\wq_pipeline\artifacts\tolerance_7d\prepared\chips\train\sample_FI_00000598.npz,D:\Water Quality Parameter Estimation\wq_pipeline\artifacts\tolerance_7d\prepared\chips\train\sample_FI_00000598.png,ok,,S2A_MSIL2A_20240508T094031_R036_T35VNH_20240508T152742,2024-05-08,1,30.803224,43.7231349406598,0.0,256,128,0,0,9,"B02,B03,B04,B08"
FI_00000599,2024-05-07,60.65688838242908,27.90019461609265,D:\Water Quality Parameter Estimation\wq_pipeline\artifacts\tolerance_7d\prepared\chips\train\sample_FI_00000599.npz,D:\Water Quality Parameter Estimation\wq_pipeline\artifacts\tolerance_7d\prepared\chips\train\sample_FI_00000599.png,ok,,S2A_MSIL2A_20240508T094031_R036_T35VNH_20240508T152742,2024-05-08,1,30.803224,43.7231349406598,0.0,256,128,0,0,9,"B02,B03,B04,B08"
FI_00000600,2024-06-04,60.65688838242908,27.90019461609265,D:\Water Quality Parameter Estimation\wq_pipeline\artifacts\tolerance_7d\prepared\chips\train\sample_FI_00000600.npz,D:\Water Quality Parameter Estimation\wq_pipeline\artifacts\tolerance_7d\prepared\chips\train\sample_FI_00000600.png,ok,,S2A_MSIL2A_20240604T093041_R136_T35VNH_20240604T132058,2024-06-04,0,36.4135,38.7496611520196,0.0,256,128,0,0,9,"B02,B03,B04,B08"
FI_00000601,2024-06-04,60.65688838242908,27.90019461609265,D:\Water Quality Parameter Estimation\wq_pipeline\artifacts\tolerance_7d\prepared\chips\train\sample_FI_00000601.npz,D:\Water Quality Parameter Estimation\wq_pipeline\artifacts\tolerance_7d\prepared\chips\train\sample_FI_00000601.png,ok,,S2A_MSIL2A_20240604T093041_R136_T35VNH_20240604T132058,2024-06-04,0,36.4135,38.7496611520196,0.0,256,128,0,0,9,"B02,B03,B04,B08"
FI_00000602,2024-06-04,60.65688838242908,27.90019461609265,D:\Water Quality Parameter Estimation\wq_pipeline\artifacts\tolerance_7d\prepared\chips\train\sample_FI_00000602.npz,D:\Water Quality Parameter Estimation\wq_pipeline\artifacts\tolerance_7d\prepared\chips\train\sample_FI_00000602.png,ok,,S2A_MSIL2A_20240604T093041_R136_T35VNH_20240604T132058,2024-06-04,0,36.4135,38.7496611520196,0.0,256,128,0,0,9,"B02,B03,B04,B08"
FI_00000603,2024-06-04,60.65688838242908,27.90019461609265,D:\Water Quality Parameter Estimation\wq_pipeline\artifacts\tolerance_7d\prepared\chips\train\sample_FI_00000603.npz,D:\Water Quality Parameter Estimation\wq_pipeline\artifacts\tolerance_7d\prepared\chips\train\sample_FI_00000603.png,ok,,S2A_MSIL2A_20240604T093041_R136_T35VNH_20240604T132058,2024-06-04,0,36.4135,38.7496611520196,0.0,256,128,0,0,9,"B02,B03,B04,B08"
FI_00000604,2024-06-04,60.65688838242908,27.90019461609265,D:\Water Quality Parameter Estimation\wq_pipeline\artifacts\tolerance_7d\prepared\chips\train\sample_FI_00000604.npz,D:\Water Quality Parameter Estimation\wq_pipeline\artifacts\tolerance_7d\prepared\chips\train\sample_FI_00000604.png,ok,,S2A_MSIL2A_20240604T093041_R136_T35VNH_20240604T132058,2024-06-04,0,36.4135,38.7496611520196,0.0,256,128,0,0,9,"B02,B03,B04,B08"
FI_00000605,2024-06-04,60.65688838242908,27.90019461609265,D:\Water Quality Parameter Estimation\wq_pipeline\artifacts\tolerance_7d\prepared\chips\train\sample_FI_00000605.npz,D:\Water Quality Parameter Estimation\wq_pipeline\artifacts\tolerance_7d\prepared\chips\train\sample_FI_00000605.png,ok,,S2A_MSIL2A_20240604T093041_R136_T35VNH_20240604T132058,2024-06-04,0,36.4135,38.7496611520196,0.0,256,128,0,0,9,"B02,B03,B04,B08"
FI_00000606,2024-07-02,60.65688838242908,27.90019461609265,D:\Water Quality Parameter Estimation\wq_pipeline\artifacts\tolerance_7d\prepared\chips\train\sample_FI_00000606.npz,D:\Water Quality Parameter Estimation\wq_pipeline\artifacts\tolerance_7d\prepared\chips\train\sample_FI_00000606.png,ok,,S2A_MSIL2A_20240627T094031_R036_T35VNH_20240627T151606,2024-06-27,5,14.235684,37.8503804977952,0.0,256,128,0,0,9,"B02,B03,B04,B08"
FI_00000607,2024-07-02,60.65688838242908,27.90019461609265,D:\Water Quality Parameter Estimation\wq_pipeline\artifacts\tolerance_7d\prepared\chips\train\sample_FI_00000607.npz,D:\Water Quality Parameter Estimation\wq_pipeline\artifacts\tolerance_7d\prepared\chips\train\sample_FI_00000607.png,ok,,S2A_MSIL2A_20240627T094031_R036_T35VNH_20240627T151606,2024-06-27,5,14.235684,37.8503804977952,0.0,256,128,0,0,9,"B02,B03,B04,B08"
FI_00000608,2024-07-02,60.65688838242908,27.90019461609265,D:\Water Quality Parameter Estimation\wq_pipeline\artifacts\tolerance_7d\prepared\chips\train\sample_FI_00000608.npz,D:\Water Quality Parameter Estimation\wq_pipeline\artifacts\tolerance_7d\prepared\chips\train\sample_FI_00000608.png,ok,,S2A_MSIL2A_20240627T094031_R036_T35VNH_20240627T151606,2024-06-27,5,14.235684,37.8503804977952,0.0,256,128,0,0,9,"B02,B03,B04,B08"
FI_00000609,2024-07-02,60.65688838242908,27.90019461609265,D:\Water Quality Parameter Estimation\wq_pipeline\artifacts\tolerance_7d\prepared\chips\train\sample_FI_00000609.npz,D:\Water Quality Parameter Estimation\wq_pipeline\artifacts\tolerance_7d\prepared\chips\train\sample_FI_00000609.png,ok,,S2A_MSIL2A_20240627T094031_R036_T35VNH_20240627T151606,2024-06-27,5,14.235684,37.8503804977952,0.0,256,128,0,0,9,"B02,B03,B04,B08"
FI_00000610,2024-07-02,60.65688838242908,27.90019461609265,D:\Water Quality Parameter Estimation\wq_pipeline\artifacts\tolerance_7d\prepared\chips\train\sample_FI_00000610.npz,D:\Water Quality Parameter Estimation\wq_pipeline\artifacts\tolerance_7d\prepared\chips\train\sample_FI_00000610.png,ok,,S2A_MSIL2A_20240627T094031_R036_T35VNH_20240627T151606,2024-06-27,5,14.235684,37.8503804977952,0.0,256,128,0,0,9,"B02,B03,B04,B08"
FI_00000611,2024-07-02,60.65688838242908,27.90019461609265,D:\Water Quality Parameter Estimation\wq_pipeline\artifacts\tolerance_7d\prepared\chips\train\sample_FI_00000611.npz,D:\Water Quality Parameter Estimation\wq_pipeline\artifacts\tolerance_7d\prepared\chips\train\sample_FI_00000611.png,ok,,S2A_MSIL2A_20240627T094031_R036_T35VNH_20240627T151606,2024-06-27,5,14.235684,37.8503804977952,0.0,256,128,0,0,9,"B02,B03,B04,B08"
FI_00000612,2024-08-06,60.65688838242908,27.90019461609265,D:\Water Quality Parameter Estimation\wq_pipeline\artifacts\tolerance_7d\prepared\chips\train\sample_FI_00000612.npz,D:\Water Quality Parameter Estimation\wq_pipeline\artifacts\tolerance_7d\prepared\chips\train\sample_FI_00000612.png,ok,,S2B_MSIL2A_20240811T093549_R036_T35VNH_20240811T122825,2024-08-11,5,32.986945,46.0927003503286,0.0,256,128,0,0,9,"B02,B03,B04,B08"
FI_00000613,2024-08-06,60.65688838242908,27.90019461609265,D:\Water Quality Parameter Estimation\wq_pipeline\artifacts\tolerance_7d\prepared\chips\train\sample_FI_00000613.npz,D:\Water Quality Parameter Estimation\wq_pipeline\artifacts\tolerance_7d\prepared\chips\train\sample_FI_00000613.png,ok,,S2B_MSIL2A_20240811T093549_R036_T35VNH_20240811T122825,2024-08-11,5,32.986945,46.0927003503286,0.0,256,128,0,0,9,"B02,B03,B04,B08"
FI_00000614,2024-08-06,60.65688838242908,27.90019461609265,D:\Water Quality Parameter Estimation\wq_pipeline\artifacts\tolerance_7d\prepared\chips\train\sample_FI_00000614.npz,D:\Water Quality Parameter Estimation\wq_pipeline\artifacts\tolerance_7d\prepared\chips\train\sample_FI_00000614.png,ok,,S2B_MSIL2A_20240811T093549_R036_T35VNH_20240811T122825,2024-08-11,5,32.986945,46.0927003503286,0.0,256,128,0,0,9,"B02,B03,B04,B08"
FI_00000615,2024-08-06,60.65688838242908,27.90019461609265,D:\Water Quality Parameter Estimation\wq_pipeline\artifacts\tolerance_7d\prepared\chips\train\sample_FI_00000615.npz,D:\Water Quality Parameter Estimation\wq_pipeline\artifacts\tolerance_7d\prepared\chips\train\sample_FI_00000615.png,ok,,S2B_MSIL2A_20240811T093549_R036_T35VNH_20240811T122825,2024-08-11,5,32.986945,46.0927003503286,0.0,256,128,0,0,9,"B02,B03,B04,B08"
FI_00000616,2024-08-06,60.65688838242908,27.90019461609265,D:\Water Quality Parameter Estimation\wq_pipeline\artifacts\tolerance_7d\prepared\chips\train\sample_FI_00000616.npz,D:\Water Quality Parameter Estimation\wq_pipeline\artifacts\tolerance_7d\prepared\chips\train\sample_FI_00000616.png,ok,,S2B_MSIL2A_20240811T093549_R036_T35VNH_20240811T122825,2024-08-11,5,32.986945,46.0927003503286,0.0,256,128,0,0,9,"B02,B03,B04,B08"
FI_00000617,2024-08-06,60.65688838242908,27.90019461609265,D:\Water Quality Parameter Estimation\wq_pipeline\artifacts\tolerance_7d\prepared\chips\train\sample_FI_00000617.npz,D:\Water Quality Parameter Estimation\wq_pipeline\artifacts\tolerance_7d\prepared\chips\train\sample_FI_00000617.png,ok,,S2B_MSIL2A_20240811T093549_R036_T35VNH_20240811T122825,2024-08-11,5,32.986945,46.0927003503286,0.0,256,128,0,0,9,"B02,B03,B04,B08"
FI_00000618,2024-09-03,60.65688838242908,27.90019461609265,D:\Water Quality Parameter Estimation\wq_pipeline\artifacts\tolerance_7d\prepared\chips\train\sample_FI_00000618.npz,D:\Water Quality Parameter Estimation\wq_pipeline\artifacts\tolerance_7d\prepared\chips\train\sample_FI_00000618.png,ok,,S2A_MSIL2A_20240905T094031_R036_T35VNH_20240905T133953,2024-09-05,2,0.492109,54.4583986301398,0.0,256,128,0,0,9,"B02,B03,B04,B08"
FI_00000619,2024-09-03,60.65688838242908,27.90019461609265,D:\Water Quality Parameter Estimation\wq_pipeline\artifacts\tolerance_7d\prepared\chips\train\sample_FI_00000619.npz,D:\Water Quality Parameter Estimation\wq_pipeline\artifacts\tolerance_7d\prepared\chips\train\sample_FI_00000619.png,ok,,S2A_MSIL2A_20240905T094031_R036_T35VNH_20240905T133953,2024-09-05,2,0.492109,54.4583986301398,0.0,256,128,0,0,9,"B02,B03,B04,B08"
FI_00000620,2024-09-03,60.65688838242908,27.90019461609265,D:\Water Quality Parameter Estimation\wq_pipeline\artifacts\tolerance_7d\prepared\chips\train\sample_FI_00000620.npz,D:\Water Quality Parameter Estimation\wq_pipeline\artifacts\tolerance_7d\prepared\chips\train\sample_FI_00000620.png,ok,,S2A_MSIL2A_20240905T094031_R036_T35VNH_20240905T133953,2024-09-05,2,0.492109,54.4583986301398,0.0,256,128,0,0,9,"B02,B03,B04,B08"
FI_00000621,2024-09-03,60.65688838242908,27.90019461609265,D:\Water Quality Parameter Estimation\wq_pipeline\artifacts\tolerance_7d\prepared\chips\train\sample_FI_00000621.npz,D:\Water Quality Parameter Estimation\wq_pipeline\artifacts\tolerance_7d\prepared\chips\train\sample_FI_00000621.png,ok,,S2A_MSIL2A_20240905T094031_R036_T35VNH_20240905T133953,2024-09-05,2,0.492109,54.4583986301398,0.0,256,128,0,0,9,"B02,B03,B04,B08"
FI_00000622,2024-09-03,60.65688838242908,27.90019461609265,D:\Water Quality Parameter Estimation\wq_pipeline\artifacts\tolerance_7d\prepared\chips\train\sample_FI_00000622.npz,D:\Water Quality Parameter Estimation\wq_pipeline\artifacts\tolerance_7d\prepared\chips\train\sample_FI_00000622.png,ok,,S2A_MSIL2A_20240905T094031_R036_T35VNH_20240905T133953,2024-09-05,2,0.492109,54.4583986301398,0.0,256,128,0,0,9,"B02,B03,B04,B08"
FI_00000623,2024-09-03,60.65688838242908,27.90019461609265,D:\Water Quality Parameter Estimation\wq_pipeline\artifacts\tolerance_7d\prepared\chips\train\sample_FI_00000623.npz,D:\Water Quality Parameter Estimation\wq_pipeline\artifacts\tolerance_7d\prepared\chips\train\sample_FI_00000623.png,ok,,S2A_MSIL2A_20240905T094031_R036_T35VNH_20240905T133953,2024-09-05,2,0.492109,54.4583986301398,0.0,256,128,0,0,9,"B02,B03,B04,B08"
FI_00000624,2024-10-01,60.65688838242908,27.90019461609265,D:\Water Quality Parameter Estimation\wq_pipeline\artifacts\tolerance_7d\prepared\chips\train\sample_FI_00000624.npz,D:\Water Quality Parameter Estimation\wq_pipeline\artifacts\tolerance_7d\prepared\chips\train\sample_FI_00000624.png,ok,,S2B_MSIL2A_20240930T094029_R036_T35VNH_20240930T125406,2024-09-30,1,6.764941,63.9655152771795,1.1444091796875e-05,256,128,0,0,9,"B02,B03,B04,B08"
FI_00000625,2024-10-01,60.65688838242908,27.90019461609265,D:\Water Quality Parameter Estimation\wq_pipeline\artifacts\tolerance_7d\prepared\chips\train\sample_FI_00000625.npz,D:\Water Quality Parameter Estimation\wq_pipeline\artifacts\tolerance_7d\prepared\chips\train\sample_FI_00000625.png,ok,,S2B_MSIL2A_20240930T094029_R036_T35VNH_20240930T125406,2024-09-30,1,6.764941,63.9655152771795,1.1444091796875e-05,256,128,0,0,9,"B02,B03,B04,B08"
FI_00000626,2024-10-01,60.65688838242908,27.90019461609265,D:\Water Quality Parameter Estimation\wq_pipeline\artifacts\tolerance_7d\prepared\chips\train\sample_FI_00000626.npz,D:\Water Quality Parameter Estimation\wq_pipeline\artifacts\tolerance_7d\prepared\chips\train\sample_FI_00000626.png,ok,,S2B_MSIL2A_20240930T094029_R036_T35VNH_20240930T125406,2024-09-30,1,6.764941,63.9655152771795,1.1444091796875e-05,256,128,0,0,9,"B02,B03,B04,B08"
FI_00000627,2024-10-01,60.65688838242908,27.90019461609265,D:\Water Quality Parameter Estimation\wq_pipeline\artifacts\tolerance_7d\prepared\chips\train\sample_FI_00000627.npz,D:\Water Quality Parameter Estimation\wq_pipeline\artifacts\tolerance_7d\prepared\chips\train\sample_FI_00000627.png,ok,,S2B_MSIL2A_20240930T094029_R036_T35VNH_20240930T125406,2024-09-30,1,6.764941,63.9655152771795,1.1444091796875e-05,256,128,0,0,9,"B02,B03,B04,B08"
FI_00000628,2024-10-01,60.65688838242908,27.90019461609265,D:\Water Quality Parameter Estimation\wq_pipeline\artifacts\tolerance_7d\prepared\chips\train\sample_FI_00000628.npz,D:\Water Quality Parameter Estimation\wq_pipeline\artifacts\tolerance_7d\prepared\chips\train\sample_FI_00000628.png,ok,,S2B_MSIL2A_20240930T094029_R036_T35VNH_20240930T125406,2024-09-30,1,6.764941,63.9655152771795,1.1444091796875e-05,256,128,0,0,9,"B02,B03,B04,B08"
FI_00000629,2024-10-01,60.65688838242908,27.90019461609265,D:\Water Quality Parameter Estimation\wq_pipeline\artifacts\tolerance_7d\prepared\chips\train\sample_FI_00000629.npz,D:\Water Quality Parameter Estimation\wq_pipeline\artifacts\tolerance_7d\prepared\chips\train\sample_FI_00000629.png,ok,,S2B_MSIL2A_20240930T094029_R036_T35VNH_20240930T125406,2024-09-30,1,6.764941,63.9655152771795,1.1444091796875e-05,256,128,0,0,9,"B02,B03,B04,B08"
FI_00000630,2024-11-06,60.65688838242908,27.90019461609265,D:\Water Quality Parameter Estimation\wq_pipeline\artifacts\tolerance_7d\prepared\chips\train\sample_FI_00000630.npz,D:\Water Quality Parameter Estimation\wq_pipeline\artifacts\tolerance_7d\prepared\chips\train\sample_FI_00000630.png,ok,,S2B_MSIL2A_20241030T094029_R036_T35VNH_20241030T111154,2024-10-30,7,31.685829,74.8589511684353,0.0,256,128,0,0,9,"B02,B03,B04,B08"
FI_00000631,2024-11-06,60.65688838242908,27.90019461609265,D:\Water Quality Parameter Estimation\wq_pipeline\artifacts\tolerance_7d\prepared\chips\train\sample_FI_00000631.npz,D:\Water Quality Parameter Estimation\wq_pipeline\artifacts\tolerance_7d\prepared\chips\train\sample_FI_00000631.png,ok,,S2B_MSIL2A_20241030T094029_R036_T35VNH_20241030T111154,2024-10-30,7,31.685829,74.8589511684353,0.0,256,128,0,0,9,"B02,B03,B04,B08"
FI_00000632,2024-11-06,60.65688838242908,27.90019461609265,D:\Water Quality Parameter Estimation\wq_pipeline\artifacts\tolerance_7d\prepared\chips\train\sample_FI_00000632.npz,D:\Water Quality Parameter Estimation\wq_pipeline\artifacts\tolerance_7d\prepared\chips\train\sample_FI_00000632.png,ok,,S2B_MSIL2A_20241030T094029_R036_T35VNH_20241030T111154,2024-10-30,7,31.685829,74.8589511684353,0.0,256,128,0,0,9,"B02,B03,B04,B08"
FI_00000633,2024-11-06,60.65688838242908,27.90019461609265,D:\Water Quality Parameter Estimation\wq_pipeline\artifacts\tolerance_7d\prepared\chips\train\sample_FI_00000633.npz,D:\Water Quality Parameter Estimation\wq_pipeline\artifacts\tolerance_7d\prepared\chips\train\sample_FI_00000633.png,ok,,S2B_MSIL2A_20241030T094029_R036_T35VNH_20241030T111154,2024-10-30,7,31.685829,74.8589511684353,0.0,256,128,0,0,9,"B02,B03,B04,B08"
FI_00000634,2024-11-06,60.65688838242908,27.90019461609265,D:\Water Quality Parameter Estimation\wq_pipeline\artifacts\tolerance_7d\prepared\chips\train\sample_FI_00000634.npz,D:\Water Quality Parameter Estimation\wq_pipeline\artifacts\tolerance_7d\prepared\chips\train\sample_FI_00000634.png,ok,,S2B_MSIL2A_20241030T094029_R036_T35VNH_20241030T111154,2024-10-30,7,31.685829,74.8589511684353,0.0,256,128,0,0,9,"B02,B03,B04,B08"
FI_00000635,2024-11-06,60.65688838242908,27.90019461609265,D:\Water Quality Parameter Estimation\wq_pipeline\artifacts\tolerance_7d\prepared\chips\train\sample_FI_00000635.npz,D:\Water Quality Parameter Estimation\wq_pipeline\artifacts\tolerance_7d\prepared\chips\train\sample_FI_00000635.png,ok,,S2B_MSIL2A_20241030T094029_R036_T35VNH_20241030T111154,2024-10-30,7,31.685829,74.8589511684353,0.0,256,128,0,0,9,"B02,B03,B04,B08"
FI_00000642,2023-02-08,60.33564037793927,24.06683532961399,D:\Water Quality Parameter Estimation\wq_pipeline\artifacts\tolerance_7d\prepared\chips\train\sample_FI_00000642.npz,D:\Water Quality Parameter Estimation\wq_pipeline\artifacts\tolerance_7d\prepared\chips\train\sample_FI_00000642.png,ok,,S2A_MSIL2A_20230206T095201_R079_T35VLG_20240731T235028,2023-02-06,2,3.568933,76.0464990183534,0.0,256,128,0,0,9,"B02,B03,B04,B08"
FI_00000643,2023-02-08,60.33564037793927,24.06683532961399,D:\Water Quality Parameter Estimation\wq_pipeline\artifacts\tolerance_7d\prepared\chips\train\sample_FI_00000643.npz,D:\Water Quality Parameter Estimation\wq_pipeline\artifacts\tolerance_7d\prepared\chips\train\sample_FI_00000643.png,ok,,S2A_MSIL2A_20230206T095201_R079_T35VLG_20240731T235028,2023-02-06,2,3.568933,76.0464990183534,0.0,256,128,0,0,9,"B02,B03,B04,B08"
FI_00000644,2023-02-08,60.33564037793927,24.06683532961399,D:\Water Quality Parameter Estimation\wq_pipeline\artifacts\tolerance_7d\prepared\chips\train\sample_FI_00000644.npz,D:\Water Quality Parameter Estimation\wq_pipeline\artifacts\tolerance_7d\prepared\chips\train\sample_FI_00000644.png,ok,,S2A_MSIL2A_20230206T095201_R079_T35VLG_20240731T235028,2023-02-06,2,3.568933,76.0464990183534,0.0,256,128,0,0,9,"B02,B03,B04,B08"
FI_00000645,2023-02-08,60.33564037793927,24.06683532961399,D:\Water Quality Parameter Estimation\wq_pipeline\artifacts\tolerance_7d\prepared\chips\train\sample_FI_00000645.npz,D:\Water Quality Parameter Estimation\wq_pipeline\artifacts\tolerance_7d\prepared\chips\train\sample_FI_00000645.png,ok,,S2A_MSIL2A_20230206T095201_R079_T35VLG_20240731T235028,2023-02-06,2,3.568933,76.0464990183534,0.0,256,128,0,0,9,"B02,B03,B04,B08"
FI_00000646,2023-02-08,60.33564037793927,24.06683532961399,D:\Water Quality Parameter Estimation\wq_pipeline\artifacts\tolerance_7d\prepared\chips\train\sample_FI_00000646.npz,D:\Water Quality Parameter Estimation\wq_pipeline\artifacts\tolerance_7d\prepared\chips\train\sample_FI_00000646.png,ok,,S2A_MSIL2A_20230206T095201_R079_T35VLG_20240731T235028,2023-02-06,2,3.568933,76.0464990183534,0.0,256,128,0,0,9,"B02,B03,B04,B08"
FI_00000647,2023-02-08,60.33564037793927,24.06683532961399,D:\Water Quality Parameter Estimation\wq_pipeline\artifacts\tolerance_7d\prepared\chips\train\sample_FI_00000647.npz,D:\Water Quality Parameter Estimation\wq_pipeline\artifacts\tolerance_7d\prepared\chips\train\sample_FI_00000647.png,ok,,S2A_MSIL2A_20230206T095201_R079_T35VLG_20240731T235028,2023-02-06,2,3.568933,76.0464990183534,0.0,256,128,0,0,9,"B02,B03,B04,B08"
FI_00000648,2023-03-22,60.33564037793927,24.06683532961399,,,rejected,nodata_reject,S2A_MSIL2A_20230321T100031_R122_T35VLH_20230321T173818,2023-03-21,1,12.240521,60.8170103050899,1.0,256,128,0,0,9,"B02,B03,B04,B08"
FI_00000649,2023-03-22,60.33564037793927,24.06683532961399,,,rejected,nodata_reject,S2A_MSIL2A_20230321T100031_R122_T35VLH_20230321T173818,2023-03-21,1,12.240521,60.8170103050899,1.0,256,128,0,0,9,"B02,B03,B04,B08"
FI_00000650,2023-03-22,60.33564037793927,24.06683532961399,,,rejected,nodata_reject,S2A_MSIL2A_20230321T100031_R122_T35VLH_20230321T173818,2023-03-21,1,12.240521,60.8170103050899,1.0,256,128,0,0,9,"B02,B03,B04,B08"
FI_00000651,2023-03-22,60.33564037793927,24.06683532961399,,,rejected,nodata_reject,S2A_MSIL2A_20230321T100031_R122_T35VLH_20230321T173818,2023-03-21,1,12.240521,60.8170103050899,1.0,256,128,0,0,9,"B02,B03,B04,B08"
FI_00000652,2023-03-22,60.33564037793927,24.06683532961399,,,rejected,nodata_reject,S2A_MSIL2A_20230321T100031_R122_T35VLH_20230321T173818,2023-03-21,1,12.240521,60.8170103050899,1.0,256,128,0,0,9,"B02,B03,B04,B08"
FI_00000653,2023-03-22,60.33564037793927,24.06683532961399,,,rejected,nodata_reject,S2A_MSIL2A_20230321T100031_R122_T35VLH_20230321T173818,2023-03-21,1,12.240521,60.8170103050899,1.0,256,128,0,0,9,"B02,B03,B04,B08"
FI_00000654,2023-04-12,60.33564037793927,24.06683532961399,D:\Water Quality Parameter Estimation\wq_pipeline\artifacts\tolerance_7d\prepared\chips\train\sample_FI_00000654.npz,D:\Water Quality Parameter Estimation\wq_pipeline\artifacts\tolerance_7d\prepared\chips\train\sample_FI_00000654.png,ok,,S2B_MSIL2A_20230412T095029_R079_T35VLG_20240828T091729,2023-04-12,0,27.784055,51.5574149139497,4.1961669921875e-05,256,128,0,0,9,"B02,B03,B04,B08"
FI_00000655,2023-04-12,60.33564037793927,24.06683532961399,D:\Water Quality Parameter Estimation\wq_pipeline\artifacts\tolerance_7d\prepared\chips\train\sample_FI_00000655.npz,D:\Water Quality Parameter Estimation\wq_pipeline\artifacts\tolerance_7d\prepared\chips\train\sample_FI_00000655.png,ok,,S2B_MSIL2A_20230412T095029_R079_T35VLG_20240828T091729,2023-04-12,0,27.784055,51.5574149139497,4.1961669921875e-05,256,128,0,0,9,"B02,B03,B04,B08"
FI_00000656,2023-04-12,60.33564037793927,24.06683532961399,D:\Water Quality Parameter Estimation\wq_pipeline\artifacts\tolerance_7d\prepared\chips\train\sample_FI_00000656.npz,D:\Water Quality Parameter Estimation\wq_pipeline\artifacts\tolerance_7d\prepared\chips\train\sample_FI_00000656.png,ok,,S2B_MSIL2A_20230412T095029_R079_T35VLG_20240828T091729,2023-04-12,0,27.784055,51.5574149139497,4.1961669921875e-05,256,128,0,0,9,"B02,B03,B04,B08"
FI_00000657,2023-04-12,60.33564037793927,24.06683532961399,D:\Water Quality Parameter Estimation\wq_pipeline\artifacts\tolerance_7d\prepared\chips\train\sample_FI_00000657.npz,D:\Water Quality Parameter Estimation\wq_pipeline\artifacts\tolerance_7d\prepared\chips\train\sample_FI_00000657.png,ok,,S2B_MSIL2A_20230412T095029_R079_T35VLG_20240828T091729,2023-04-12,0,27.784055,51.5574149139497,4.1961669921875e-05,256,128,0,0,9,"B02,B03,B04,B08"
FI_00000658,2023-04-12,60.33564037793927,24.06683532961399,D:\Water Quality Parameter Estimation\wq_pipeline\artifacts\tolerance_7d\prepared\chips\train\sample_FI_00000658.npz,D:\Water Quality Parameter Estimation\wq_pipeline\artifacts\tolerance_7d\prepared\chips\train\sample_FI_00000658.png,ok,,S2B_MSIL2A_20230412T095029_R079_T35VLG_20240828T091729,2023-04-12,0,27.784055,51.5574149139497,4.1961669921875e-05,256,128,0,0,9,"B02,B03,B04,B08"
FI_00000659,2023-04-12,60.33564037793927,24.06683532961399,D:\Water Quality Parameter Estimation\wq_pipeline\artifacts\tolerance_7d\prepared\chips\train\sample_FI_00000659.npz,D:\Water Quality Parameter Estimation\wq_pipeline\artifacts\tolerance_7d\prepared\chips\train\sample_FI_00000659.png,ok,,S2B_MSIL2A_20230412T095029_R079_T35VLG_20240828T091729,2023-04-12,0,27.784055,51.5574149139497,4.1961669921875e-05,256,128,0,0,9,"B02,B03,B04,B08"
FI_00000660,2023-05-09,60.33564037793927,24.06683532961399,D:\Water Quality Parameter Estimation\wq_pipeline\artifacts\tolerance_7d\prepared\chips\train\sample_FI_00000660.npz,D:\Water Quality Parameter Estimation\wq_pipeline\artifacts\tolerance_7d\prepared\chips\train\sample_FI_00000660.png,ok,,S2A_MSIL2A_20230510T100031_R122_T34VFN_20230510T160725,2023-05-10,1,13.221435,43.3163388318382,0.0,256,128,0,0,9,"B02,B03,B04,B08"
FI_00000661,2023-05-09,60.33564037793927,24.06683532961399,D:\Water Quality Parameter Estimation\wq_pipeline\artifacts\tolerance_7d\prepared\chips\train\sample_FI_00000661.npz,D:\Water Quality Parameter Estimation\wq_pipeline\artifacts\tolerance_7d\prepared\chips\train\sample_FI_00000661.png,ok,,S2A_MSIL2A_20230510T100031_R122_T34VFN_20230510T160725,2023-05-10,1,13.221435,43.3163388318382,0.0,256,128,0,0,9,"B02,B03,B04,B08"
FI_00000662,2023-05-09,60.33564037793927,24.06683532961399,D:\Water Quality Parameter Estimation\wq_pipeline\artifacts\tolerance_7d\prepared\chips\train\sample_FI_00000662.npz,D:\Water Quality Parameter Estimation\wq_pipeline\artifacts\tolerance_7d\prepared\chips\train\sample_FI_00000662.png,ok,,S2A_MSIL2A_20230510T100031_R122_T34VFN_20230510T160725,2023-05-10,1,13.221435,43.3163388318382,0.0,256,128,0,0,9,"B02,B03,B04,B08"
FI_00000663,2023-05-09,60.33564037793927,24.06683532961399,D:\Water Quality Parameter Estimation\wq_pipeline\artifacts\tolerance_7d\prepared\chips\train\sample_FI_00000663.npz,D:\Water Quality Parameter Estimation\wq_pipeline\artifacts\tolerance_7d\prepared\chips\train\sample_FI_00000663.png,ok,,S2A_MSIL2A_20230510T100031_R122_T34VFN_20230510T160725,2023-05-10,1,13.221435,43.3163388318382,0.0,256,128,0,0,9,"B02,B03,B04,B08"
FI_00000664,2023-05-09,60.33564037793927,24.06683532961399,D:\Water Quality Parameter Estimation\wq_pipeline\artifacts\tolerance_7d\prepared\chips\train\sample_FI_00000664.npz,D:\Water Quality Parameter Estimation\wq_pipeline\artifacts\tolerance_7d\prepared\chips\train\sample_FI_00000664.png,ok,,S2A_MSIL2A_20230510T100031_R122_T34VFN_20230510T160725,2023-05-10,1,13.221435,43.3163388318382,0.0,256,128,0,0,9,"B02,B03,B04,B08"
FI_00000665,2023-05-09,60.33564037793927,24.06683532961399,D:\Water Quality Parameter Estimation\wq_pipeline\artifacts\tolerance_7d\prepared\chips\train\sample_FI_00000665.npz,D:\Water Quality Parameter Estimation\wq_pipeline\artifacts\tolerance_7d\prepared\chips\train\sample_FI_00000665.png,ok,,S2A_MSIL2A_20230510T100031_R122_T34VFN_20230510T160725,2023-05-10,1,13.221435,43.3163388318382,0.0,256,128,0,0,9,"B02,B03,B04,B08"
FI_00000666,2023-06-06,60.33564037793927,24.06683532961399,,,rejected,nodata_reject,S2A_MSIL2A_20230609T100031_R122_T35VLH_20240927T235334,2023-06-09,3,15.974534,38.0212903285673,1.0,256,128,0,0,9,"B02,B03,B04,B08"
FI_00000667,2023-06-06,60.33564037793927,24.06683532961399,,,rejected,nodata_reject,S2A_MSIL2A_20230609T100031_R122_T35VLH_20240927T235334,2023-06-09,3,15.974534,38.0212903285673,1.0,256,128,0,0,9,"B02,B03,B04,B08"
FI_00000668,2023-06-06,60.33564037793927,24.06683532961399,,,rejected,nodata_reject,S2A_MSIL2A_20230609T100031_R122_T35VLH_20240927T235334,2023-06-09,3,15.974534,38.0212903285673,1.0,256,128,0,0,9,"B02,B03,B04,B08"
FI_00000669,2023-06-06,60.33564037793927,24.06683532961399,,,rejected,nodata_reject,S2A_MSIL2A_20230609T100031_R122_T35VLH_20240927T235334,2023-06-09,3,15.974534,38.0212903285673,1.0,256,128,0,0,9,"B02,B03,B04,B08"
FI_00000670,2023-06-06,60.33564037793927,24.06683532961399,,,rejected,nodata_reject,S2A_MSIL2A_20230609T100031_R122_T35VLH_20240927T235334,2023-06-09,3,15.974534,38.0212903285673,1.0,256,128,0,0,9,"B02,B03,B04,B08"
FI_00000671,2023-06-06,60.33564037793927,24.06683532961399,,,rejected,nodata_reject,S2A_MSIL2A_20230609T100031_R122_T35VLH_20240927T235334,2023-06-09,3,15.974534,38.0212903285673,1.0,256,128,0,0,9,"B02,B03,B04,B08"
FI_00000672,2023-08-30,60.33564037793927,24.06683532961399,D:\Water Quality Parameter Estimation\wq_pipeline\artifacts\tolerance_7d\prepared\chips\train\sample_FI_00000672.npz,D:\Water Quality Parameter Estimation\wq_pipeline\artifacts\tolerance_7d\prepared\chips\train\sample_FI_00000672.png,ok,,S2A_MSIL2A_20230825T095031_R079_T35VLG_20240912T211410,2023-08-25,5,36.022416,49.4765788922874,0.0,256,128,0,0,9,"B02,B03,B04,B08"
FI_00000673,2023-08-30,60.33564037793927,24.06683532961399,D:\Water Quality Parameter Estimation\wq_pipeline\artifacts\tolerance_7d\prepared\chips\train\sample_FI_00000673.npz,D:\Water Quality Parameter Estimation\wq_pipeline\artifacts\tolerance_7d\prepared\chips\train\sample_FI_00000673.png,ok,,S2A_MSIL2A_20230825T095031_R079_T35VLG_20240912T211410,2023-08-25,5,36.022416,49.4765788922874,0.0,256,128,0,0,9,"B02,B03,B04,B08"
FI_00000674,2023-08-30,60.33564037793927,24.06683532961399,D:\Water Quality Parameter Estimation\wq_pipeline\artifacts\tolerance_7d\prepared\chips\train\sample_FI_00000674.npz,D:\Water Quality Parameter Estimation\wq_pipeline\artifacts\tolerance_7d\prepared\chips\train\sample_FI_00000674.png,ok,,S2A_MSIL2A_20230825T095031_R079_T35VLG_20240912T211410,2023-08-25,5,36.022416,49.4765788922874,0.0,256,128,0,0,9,"B02,B03,B04,B08"
FI_00000675,2023-08-30,60.33564037793927,24.06683532961399,D:\Water Quality Parameter Estimation\wq_pipeline\artifacts\tolerance_7d\prepared\chips\train\sample_FI_00000675.npz,D:\Water Quality Parameter Estimation\wq_pipeline\artifacts\tolerance_7d\prepared\chips\train\sample_FI_00000675.png,ok,,S2A_MSIL2A_20230825T095031_R079_T35VLG_20240912T211410,2023-08-25,5,36.022416,49.4765788922874,0.0,256,128,0,0,9,"B02,B03,B04,B08"
FI_00000676,2023-08-30,60.33564037793927,24.06683532961399,D:\Water Quality Parameter Estimation\wq_pipeline\artifacts\tolerance_7d\prepared\chips\train\sample_FI_00000676.npz,D:\Water Quality Parameter Estimation\wq_pipeline\artifacts\tolerance_7d\prepared\chips\train\sample_FI_00000676.png,ok,,S2A_MSIL2A_20230825T095031_R079_T35VLG_20240912T211410,2023-08-25,5,36.022416,49.4765788922874,0.0,256,128,0,0,9,"B02,B03,B04,B08"
FI_00000677,2023-08-30,60.33564037793927,24.06683532961399,D:\Water Quality Parameter Estimation\wq_pipeline\artifacts\tolerance_7d\prepared\chips\train\sample_FI_00000677.npz,D:\Water Quality Parameter Estimation\wq_pipeline\artifacts\tolerance_7d\prepared\chips\train\sample_FI_00000677.png,ok,,S2A_MSIL2A_20230825T095031_R079_T35VLG_20240912T211410,2023-08-25,5,36.022416,49.4765788922874,0.0,256,128,0,0,9,"B02,B03,B04,B08"
FI_00000678,2023-09-27,60.33564037793927,24.06683532961399,D:\Water Quality Parameter Estimation\wq_pipeline\artifacts\tolerance_7d\prepared\chips\train\sample_FI_00000678.npz,D:\Water Quality Parameter Estimation\wq_pipeline\artifacts\tolerance_7d\prepared\chips\train\sample_FI_00000678.png,ok,,S2A_MSIL2A_20230924T095031_R079_T34VFM_20241027T021934,2023-09-24,3,39.929393,60.5246887459188,0.0,256,128,0,0,9,"B02,B03,B04,B08"
FI_00000679,2023-09-27,60.33564037793927,24.06683532961399,D:\Water Quality Parameter Estimation\wq_pipeline\artifacts\tolerance_7d\prepared\chips\train\sample_FI_00000679.npz,D:\Water Quality Parameter Estimation\wq_pipeline\artifacts\tolerance_7d\prepared\chips\train\sample_FI_00000679.png,ok,,S2A_MSIL2A_20230924T095031_R079_T34VFM_20241027T021934,2023-09-24,3,39.929393,60.5246887459188,0.0,256,128,0,0,9,"B02,B03,B04,B08"
FI_00000680,2023-09-27,60.33564037793927,24.06683532961399,D:\Water Quality Parameter Estimation\wq_pipeline\artifacts\tolerance_7d\prepared\chips\train\sample_FI_00000680.npz,D:\Water Quality Parameter Estimation\wq_pipeline\artifacts\tolerance_7d\prepared\chips\train\sample_FI_00000680.png,ok,,S2A_MSIL2A_20230924T095031_R079_T34VFM_20241027T021934,2023-09-24,3,39.929393,60.5246887459188,0.0,256,128,0,0,9,"B02,B03,B04,B08"
FI_00000681,2023-09-27,60.33564037793927,24.06683532961399,D:\Water Quality Parameter Estimation\wq_pipeline\artifacts\tolerance_7d\prepared\chips\train\sample_FI_00000681.npz,D:\Water Quality Parameter Estimation\wq_pipeline\artifacts\tolerance_7d\prepared\chips\train\sample_FI_00000681.png,ok,,S2A_MSIL2A_20230924T095031_R079_T34VFM_20241027T021934,2023-09-24,3,39.929393,60.5246887459188,0.0,256,128,0,0,9,"B02,B03,B04,B08"
FI_00000682,2023-09-27,60.33564037793927,24.06683532961399,D:\Water Quality Parameter Estimation\wq_pipeline\artifacts\tolerance_7d\prepared\chips\train\sample_FI_00000682.npz,D:\Water Quality Parameter Estimation\wq_pipeline\artifacts\tolerance_7d\prepared\chips\train\sample_FI_00000682.png,ok,,S2A_MSIL2A_20230924T095031_R079_T34VFM_20241027T021934,2023-09-24,3,39.929393,60.5246887459188,0.0,256,128,0,0,9,"B02,B03,B04,B08"
FI_00000683,2023-09-27,60.33564037793927,24.06683532961399,D:\Water Quality Parameter Estimation\wq_pipeline\artifacts\tolerance_7d\prepared\chips\train\sample_FI_00000683.npz,D:\Water Quality Parameter Estimation\wq_pipeline\artifacts\tolerance_7d\prepared\chips\train\sample_FI_00000683.png,ok,,S2A_MSIL2A_20230924T095031_R079_T34VFM_20241027T021934,2023-09-24,3,39.929393,60.5246887459188,0.0,256,128,0,0,9,"B02,B03,B04,B08"
FI_00000684,2023-10-12,60.33564037793927,24.06683532961399,D:\Water Quality Parameter Estimation\wq_pipeline\artifacts\tolerance_7d\prepared\chips\train\sample_FI_00000684.npz,D:\Water Quality Parameter Estimation\wq_pipeline\artifacts\tolerance_7d\prepared\chips\train\sample_FI_00000684.png,ok,,S2B_MSIL2A_20231009T094819_R079_T35VLH_20231009T142844,2023-10-09,3,33.308929,67.1315568904927,0.0,256,128,0,0,9,"B02,B03,B04,B08"
FI_00000685,2023-10-12,60.33564037793927,24.06683532961399,D:\Water Quality Parameter Estimation\wq_pipeline\artifacts\tolerance_7d\prepared\chips\train\sample_FI_00000685.npz,D:\Water Quality Parameter Estimation\wq_pipeline\artifacts\tolerance_7d\prepared\chips\train\sample_FI_00000685.png,ok,,S2B_MSIL2A_20231009T094819_R079_T35VLH_20231009T142844,2023-10-09,3,33.308929,67.1315568904927,0.0,256,128,0,0,9,"B02,B03,B04,B08"
FI_00000686,2023-10-12,60.33564037793927,24.06683532961399,D:\Water Quality Parameter Estimation\wq_pipeline\artifacts\tolerance_7d\prepared\chips\train\sample_FI_00000686.npz,D:\Water Quality Parameter Estimation\wq_pipeline\artifacts\tolerance_7d\prepared\chips\train\sample_FI_00000686.png,ok,,S2B_MSIL2A_20231009T094819_R079_T35VLH_20231009T142844,2023-10-09,3,33.308929,67.1315568904927,0.0,256,128,0,0,9,"B02,B03,B04,B08"
FI_00000687,2023-10-12,60.33564037793927,24.06683532961399,D:\Water Quality Parameter Estimation\wq_pipeline\artifacts\tolerance_7d\prepared\chips\train\sample_FI_00000687.npz,D:\Water Quality Parameter Estimation\wq_pipeline\artifacts\tolerance_7d\prepared\chips\train\sample_FI_00000687.png,ok,,S2B_MSIL2A_20231009T094819_R079_T35VLH_20231009T142844,2023-10-09,3,33.308929,67.1315568904927,0.0,256,128,0,0,9,"B02,B03,B04,B08"
FI_00000688,2023-10-12,60.33564037793927,24.06683532961399,D:\Water Quality Parameter Estimation\wq_pipeline\artifacts\tolerance_7d\prepared\chips\train\sample_FI_00000688.npz,D:\Water Quality Parameter Estimation\wq_pipeline\artifacts\tolerance_7d\prepared\chips\train\sample_FI_00000688.png,ok,,S2B_MSIL2A_20231009T094819_R079_T35VLH_20231009T142844,2023-10-09,3,33.308929,67.1315568904927,0.0,256,128,0,0,9,"B02,B03,B04,B08"
FI_00000689,2023-10-12,60.33564037793927,24.06683532961399,D:\Water Quality Parameter Estimation\wq_pipeline\artifacts\tolerance_7d\prepared\chips\train\sample_FI_00000689.npz,D:\Water Quality Parameter Estimation\wq_pipeline\artifacts\tolerance_7d\prepared\chips\train\sample_FI_00000689.png,ok,,S2B_MSIL2A_20231009T094819_R079_T35VLH_20231009T142844,2023-10-09,3,33.308929,67.1315568904927,0.0,256,128,0,0,9,"B02,B03,B04,B08"
FI_00000690,2023-11-15,60.33564037793927,24.06683532961399,D:\Water Quality Parameter Estimation\wq_pipeline\artifacts\tolerance_7d\prepared\chips\train\sample_FI_00000690.npz,D:\Water Quality Parameter Estimation\wq_pipeline\artifacts\tolerance_7d\prepared\chips\train\sample_FI_00000690.png,ok,,S2A_MSIL2A_20231116T100301_R122_T35VLG_20241109T030028,2023-11-16,1,39.578974,78.640791012919,3.0517578125e-05,256,128,0,0,9,"B02,B03,B04,B08"
FI_00000691,2023-11-15,60.33564037793927,24.06683532961399,D:\Water Quality Parameter Estimation\wq_pipeline\artifacts\tolerance_7d\prepared\chips\train\sample_FI_00000691.npz,D:\Water Quality Parameter Estimation\wq_pipeline\artifacts\tolerance_7d\prepared\chips\train\sample_FI_00000691.png,ok,,S2A_MSIL2A_20231116T100301_R122_T35VLG_20241109T030028,2023-11-16,1,39.578974,78.640791012919,3.0517578125e-05,256,128,0,0,9,"B02,B03,B04,B08"
FI_00000692,2023-11-15,60.33564037793927,24.06683532961399,D:\Water Quality Parameter Estimation\wq_pipeline\artifacts\tolerance_7d\prepared\chips\train\sample_FI_00000692.npz,D:\Water Quality Parameter Estimation\wq_pipeline\artifacts\tolerance_7d\prepared\chips\train\sample_FI_00000692.png,ok,,S2A_MSIL2A_20231116T100301_R122_T35VLG_20241109T030028,2023-11-16,1,39.578974,78.640791012919,3.0517578125e-05,256,128,0,0,9,"B02,B03,B04,B08"
FI_00000693,2023-11-15,60.33564037793927,24.06683532961399,D:\Water Quality Parameter Estimation\wq_pipeline\artifacts\tolerance_7d\prepared\chips\train\sample_FI_00000693.npz,D:\Water Quality Parameter Estimation\wq_pipeline\artifacts\tolerance_7d\prepared\chips\train\sample_FI_00000693.png,ok,,S2A_MSIL2A_20231116T100301_R122_T35VLG_20241109T030028,2023-11-16,1,39.578974,78.640791012919,3.0517578125e-05,256,128,0,0,9,"B02,B03,B04,B08"
FI_00000694,2023-11-15,60.33564037793927,24.06683532961399,D:\Water Quality Parameter Estimation\wq_pipeline\artifacts\tolerance_7d\prepared\chips\train\sample_FI_00000694.npz,D:\Water Quality Parameter Estimation\wq_pipeline\artifacts\tolerance_7d\prepared\chips\train\sample_FI_00000694.png,ok,,S2A_MSIL2A_20231116T100301_R122_T35VLG_20241109T030028,2023-11-16,1,39.578974,78.640791012919,3.0517578125e-05,256,128,0,0,9,"B02,B03,B04,B08"
FI_00000695,2023-11-15,60.33564037793927,24.06683532961399,D:\Water Quality Parameter Estimation\wq_pipeline\artifacts\tolerance_7d\prepared\chips\train\sample_FI_00000695.npz,D:\Water Quality Parameter Estimation\wq_pipeline\artifacts\tolerance_7d\prepared\chips\train\sample_FI_00000695.png,ok,,S2A_MSIL2A_20231116T100301_R122_T35VLG_20241109T030028,2023-11-16,1,39.578974,78.640791012919,3.0517578125e-05,256,128,0,0,9,"B02,B03,B04,B08"
FI_00000696,2023-12-07,60.33564037793927,24.06683532961399,,,rejected,nodata_reject,S2B_MSIL2A_20231205T094259_R036_T34VFM_20240904T045623,2023-12-05,2,6.371926,82.5230673596534,1.0,256,128,0,0,9,"B02,B03,B04,B08"
FI_00000697,2023-12-07,60.33564037793927,24.06683532961399,,,rejected,nodata_reject,S2B_MSIL2A_20231205T094259_R036_T34VFM_20240904T045623,2023-12-05,2,6.371926,82.5230673596534,1.0,256,128,0,0,9,"B02,B03,B04,B08"
FI_00000698,2023-12-07,60.33564037793927,24.06683532961399,,,rejected,nodata_reject,S2B_MSIL2A_20231205T094259_R036_T34VFM_20240904T045623,2023-12-05,2,6.371926,82.5230673596534,1.0,256,128,0,0,9,"B02,B03,B04,B08"
FI_00000699,2023-12-07,60.33564037793927,24.06683532961399,,,rejected,nodata_reject,S2B_MSIL2A_20231205T094259_R036_T34VFM_20240904T045623,2023-12-05,2,6.371926,82.5230673596534,1.0,256,128,0,0,9,"B02,B03,B04,B08"
FI_00000700,2023-12-07,60.33564037793927,24.06683532961399,,,rejected,nodata_reject,S2B_MSIL2A_20231205T094259_R036_T34VFM_20240904T045623,2023-12-05,2,6.371926,82.5230673596534,1.0,256,128,0,0,9,"B02,B03,B04,B08"
FI_00000701,2023-12-07,60.33564037793927,24.06683532961399,,,rejected,nodata_reject,S2B_MSIL2A_20231205T094259_R036_T34VFM_20240904T045623,2023-12-05,2,6.371926,82.5230673596534,1.0,256,128,0,0,9,"B02,B03,B04,B08"
FI_00000702,2024-02-21,60.33564037793927,24.06683532961399,,,rejected,nodata_reject,S2A_MSIL2A_20240218T094041_R036_T34VFM_20240218T141414,2024-02-18,3,0.116026,72.5026974001268,1.0,256,128,0,0,9,"B02,B03,B04,B08"
FI_00000703,2024-02-21,60.33564037793927,24.06683532961399,,,rejected,nodata_reject,S2A_MSIL2A_20240218T094041_R036_T34VFM_20240218T141414,2024-02-18,3,0.116026,72.5026974001268,1.0,256,128,0,0,9,"B02,B03,B04,B08"
FI_00000704,2024-02-21,60.33564037793927,24.06683532961399,,,rejected,nodata_reject,S2A_MSIL2A_20240218T094041_R036_T34VFM_20240218T141414,2024-02-18,3,0.116026,72.5026974001268,1.0,256,128,0,0,9,"B02,B03,B04,B08"
FI_00000705,2024-02-21,60.33564037793927,24.06683532961399,,,rejected,nodata_reject,S2A_MSIL2A_20240218T094041_R036_T34VFM_20240218T141414,2024-02-18,3,0.116026,72.5026974001268,1.0,256,128,0,0,9,"B02,B03,B04,B08"
FI_00000706,2024-02-21,60.33564037793927,24.06683532961399,,,rejected,nodata_reject,S2A_MSIL2A_20240218T094041_R036_T34VFM_20240218T141414,2024-02-18,3,0.116026,72.5026974001268,1.0,256,128,0,0,9,"B02,B03,B04,B08"
FI_00000707,2024-02-21,60.33564037793927,24.06683532961399,,,rejected,nodata_reject,S2A_MSIL2A_20240218T094041_R036_T34VFM_20240218T141414,2024-02-18,3,0.116026,72.5026974001268,1.0,256,128,0,0,9,"B02,B03,B04,B08"
FI_00000708,2024-03-06,60.33564037793927,24.06683532961399,,,rejected,nodata_reject,S2A_MSIL2A_20240305T100031_R122_T35VLH_20240305T140829,2024-03-05,1,0.249044,66.8653509920274,1.0,256,128,0,0,9,"B02,B03,B04,B08"
FI_00000709,2024-03-06,60.33564037793927,24.06683532961399,,,rejected,nodata_reject,S2A_MSIL2A_20240305T100031_R122_T35VLH_20240305T140829,2024-03-05,1,0.249044,66.8653509920274,1.0,256,128,0,0,9,"B02,B03,B04,B08"
FI_00000710,2024-03-06,60.33564037793927,24.06683532961399,,,rejected,nodata_reject,S2A_MSIL2A_20240305T100031_R122_T35VLH_20240305T140829,2024-03-05,1,0.249044,66.8653509920274,1.0,256,128,0,0,9,"B02,B03,B04,B08"
FI_00000711,2024-03-06,60.33564037793927,24.06683532961399,,,rejected,nodata_reject,S2A_MSIL2A_20240305T100031_R122_T35VLH_20240305T140829,2024-03-05,1,0.249044,66.8653509920274,1.0,256,128,0,0,9,"B02,B03,B04,B08"
FI_00000712,2024-03-06,60.33564037793927,24.06683532961399,,,rejected,nodata_reject,S2A_MSIL2A_20240305T100031_R122_T35VLH_20240305T140829,2024-03-05,1,0.249044,66.8653509920274,1.0,256,128,0,0,9,"B02,B03,B04,B08"
FI_00000713,2024-03-06,60.33564037793927,24.06683532961399,,,rejected,nodata_reject,S2A_MSIL2A_20240305T100031_R122_T35VLH_20240305T140829,2024-03-05,1,0.249044,66.8653509920274,1.0,256,128,0,0,9,"B02,B03,B04,B08"
FI_00000714,2024-04-02,60.33564037793927,24.06683532961399,D:\Water Quality Parameter Estimation\wq_pipeline\artifacts\tolerance_7d\prepared\chips\train\sample_FI_00000714.npz,D:\Water Quality Parameter Estimation\wq_pipeline\artifacts\tolerance_7d\prepared\chips\train\sample_FI_00000714.png,ok,,S2A_MSIL2A_20240401T095031_R079_T35VLH_20240401T132305,2024-04-01,1,22.030239,56.3502347566109,0.0,256,128,0,0,9,"B02,B03,B04,B08"
FI_00000715,2024-04-02,60.33564037793927,24.06683532961399,D:\Water Quality Parameter Estimation\wq_pipeline\artifacts\tolerance_7d\prepared\chips\train\sample_FI_00000715.npz,D:\Water Quality Parameter Estimation\wq_pipeline\artifacts\tolerance_7d\prepared\chips\train\sample_FI_00000715.png,ok,,S2A_MSIL2A_20240401T095031_R079_T35VLH_20240401T132305,2024-04-01,1,22.030239,56.3502347566109,0.0,256,128,0,0,9,"B02,B03,B04,B08"
FI_00000716,2024-04-02,60.33564037793927,24.06683532961399,D:\Water Quality Parameter Estimation\wq_pipeline\artifacts\tolerance_7d\prepared\chips\train\sample_FI_00000716.npz,D:\Water Quality Parameter Estimation\wq_pipeline\artifacts\tolerance_7d\prepared\chips\train\sample_FI_00000716.png,ok,,S2A_MSIL2A_20240401T095031_R079_T35VLH_20240401T132305,2024-04-01,1,22.030239,56.3502347566109,0.0,256,128,0,0,9,"B02,B03,B04,B08"
FI_00000717,2024-04-02,60.33564037793927,24.06683532961399,D:\Water Quality Parameter Estimation\wq_pipeline\artifacts\tolerance_7d\prepared\chips\train\sample_FI_00000717.npz,D:\Water Quality Parameter Estimation\wq_pipeline\artifacts\tolerance_7d\prepared\chips\train\sample_FI_00000717.png,ok,,S2A_MSIL2A_20240401T095031_R079_T35VLH_20240401T132305,2024-04-01,1,22.030239,56.3502347566109,0.0,256,128,0,0,9,"B02,B03,B04,B08"
FI_00000718,2024-04-02,60.33564037793927,24.06683532961399,D:\Water Quality Parameter Estimation\wq_pipeline\artifacts\tolerance_7d\prepared\chips\train\sample_FI_00000718.npz,D:\Water Quality Parameter Estimation\wq_pipeline\artifacts\tolerance_7d\prepared\chips\train\sample_FI_00000718.png,ok,,S2A_MSIL2A_20240401T095031_R079_T35VLH_20240401T132305,2024-04-01,1,22.030239,56.3502347566109,0.0,256,128,0,0,9,"B02,B03,B04,B08"
FI_00000719,2024-04-02,60.33564037793927,24.06683532961399,D:\Water Quality Parameter Estimation\wq_pipeline\artifacts\tolerance_7d\prepared\chips\train\sample_FI_00000719.npz,D:\Water Quality Parameter Estimation\wq_pipeline\artifacts\tolerance_7d\prepared\chips\train\sample_FI_00000719.png,ok,,S2A_MSIL2A_20240401T095031_R079_T35VLH_20240401T132305,2024-04-01,1,22.030239,56.3502347566109,0.0,256,128,0,0,9,"B02,B03,B04,B08"
FI_00000720,2024-05-02,60.33564037793927,24.06683532961399,D:\Water Quality Parameter Estimation\wq_pipeline\artifacts\tolerance_7d\prepared\chips\train\sample_FI_00000720.npz,D:\Water Quality Parameter Estimation\wq_pipeline\artifacts\tolerance_7d\prepared\chips\train\sample_FI_00000720.png,ok,,S2A_MSIL2A_20240501T095031_R079_T34VFM_20240501T154015,2024-05-01,1,0.045389,44.9209990968574,3.0517578125e-05,256,128,0,0,9,"B02,B03,B04,B08"
FI_00000721,2024-05-02,60.33564037793927,24.06683532961399,D:\Water Quality Parameter Estimation\wq_pipeline\artifacts\tolerance_7d\prepared\chips\train\sample_FI_00000721.npz,D:\Water Quality Parameter Estimation\wq_pipeline\artifacts\tolerance_7d\prepared\chips\train\sample_FI_00000721.png,ok,,S2A_MSIL2A_20240501T095031_R079_T34VFM_20240501T154015,2024-05-01,1,0.045389,44.9209990968574,3.0517578125e-05,256,128,0,0,9,"B02,B03,B04,B08"
FI_00000722,2024-05-02,60.33564037793927,24.06683532961399,D:\Water Quality Parameter Estimation\wq_pipeline\artifacts\tolerance_7d\prepared\chips\train\sample_FI_00000722.npz,D:\Water Quality Parameter Estimation\wq_pipeline\artifacts\tolerance_7d\prepared\chips\train\sample_FI_00000722.png,ok,,S2A_MSIL2A_20240501T095031_R079_T34VFM_20240501T154015,2024-05-01,1,0.045389,44.9209990968574,3.0517578125e-05,256,128,0,0,9,"B02,B03,B04,B08"
FI_00000723,2024-05-02,60.33564037793927,24.06683532961399,D:\Water Quality Parameter Estimation\wq_pipeline\artifacts\tolerance_7d\prepared\chips\train\sample_FI_00000723.npz,D:\Water Quality Parameter Estimation\wq_pipeline\artifacts\tolerance_7d\prepared\chips\train\sample_FI_00000723.png,ok,,S2A_MSIL2A_20240501T095031_R079_T34VFM_20240501T154015,2024-05-01,1,0.045389,44.9209990968574,3.0517578125e-05,256,128,0,0,9,"B02,B03,B04,B08"
FI_00000724,2024-05-02,60.33564037793927,24.06683532961399,D:\Water Quality Parameter Estimation\wq_pipeline\artifacts\tolerance_7d\prepared\chips\train\sample_FI_00000724.npz,D:\Water Quality Parameter Estimation\wq_pipeline\artifacts\tolerance_7d\prepared\chips\train\sample_FI_00000724.png,ok,,S2A_MSIL2A_20240501T095031_R079_T34VFM_20240501T154015,2024-05-01,1,0.045389,44.9209990968574,3.0517578125e-05,256,128,0,0,9,"B02,B03,B04,B08"
FI_00000725,2024-05-02,60.33564037793927,24.06683532961399,D:\Water Quality Parameter Estimation\wq_pipeline\artifacts\tolerance_7d\prepared\chips\train\sample_FI_00000725.npz,D:\Water Quality Parameter Estimation\wq_pipeline\artifacts\tolerance_7d\prepared\chips\train\sample_FI_00000725.png,ok,,S2A_MSIL2A_20240501T095031_R079_T34VFM_20240501T154015,2024-05-01,1,0.045389,44.9209990968574,3.0517578125e-05,256,128,0,0,9,"B02,B03,B04,B08"
FI_00000726,2024-06-04,60.33564037793927,24.06683532961399,D:\Water Quality Parameter Estimation\wq_pipeline\artifacts\tolerance_7d\prepared\chips\train\sample_FI_00000726.npz,D:\Water Quality Parameter Estimation\wq_pipeline\artifacts\tolerance_7d\prepared\chips\train\sample_FI_00000726.png,ok,,S2B_MSIL2A_20240605T094549_R079_T34VFM_20240605T123126,2024-06-05,1,0.460052,37.6565926418507,0.0,256,128,0,0,9,"B02,B03,B04,B08"
FI_00000727,2024-06-04,60.33564037793927,24.06683532961399,D:\Water Quality Parameter Estimation\wq_pipeline\artifacts\tolerance_7d\prepared\chips\train\sample_FI_00000727.npz,D:\Water Quality Parameter Estimation\wq_pipeline\artifacts\tolerance_7d\prepared\chips\train\sample_FI_00000727.png,ok,,S2B_MSIL2A_20240605T094549_R079_T34VFM_20240605T123126,2024-06-05,1,0.460052,37.6565926418507,0.0,256,128,0,0,9,"B02,B03,B04,B08"
FI_00000728,2024-06-04,60.33564037793927,24.06683532961399,D:\Water Quality Parameter Estimation\wq_pipeline\artifacts\tolerance_7d\prepared\chips\train\sample_FI_00000728.npz,D:\Water Quality Parameter Estimation\wq_pipeline\artifacts\tolerance_7d\prepared\chips\train\sample_FI_00000728.png,ok,,S2B_MSIL2A_20240605T094549_R079_T34VFM_20240605T123126,2024-06-05,1,0.460052,37.6565926418507,0.0,256,128,0,0,9,"B02,B03,B04,B08"
FI_00000729,2024-06-04,60.33564037793927,24.06683532961399,D:\Water Quality Parameter Estimation\wq_pipeline\artifacts\tolerance_7d\prepared\chips\train\sample_FI_00000729.npz,D:\Water Quality Parameter Estimation\wq_pipeline\artifacts\tolerance_7d\prepared\chips\train\sample_FI_00000729.png,ok,,S2B_MSIL2A_20240605T094549_R079_T34VFM_20240605T123126,2024-06-05,1,0.460052,37.6565926418507,0.0,256,128,0,0,9,"B02,B03,B04,B08"
FI_00000730,2024-06-04,60.33564037793927,24.06683532961399,D:\Water Quality Parameter Estimation\wq_pipeline\artifacts\tolerance_7d\prepared\chips\train\sample_FI_00000730.npz,D:\Water Quality Parameter Estimation\wq_pipeline\artifacts\tolerance_7d\prepared\chips\train\sample_FI_00000730.png,ok,,S2B_MSIL2A_20240605T094549_R079_T34VFM_20240605T123126,2024-06-05,1,0.460052,37.6565926418507,0.0,256,128,0,0,9,"B02,B03,B04,B08"
FI_00000731,2024-06-04,60.33564037793927,24.06683532961399,D:\Water Quality Parameter Estimation\wq_pipeline\artifacts\tolerance_7d\prepared\chips\train\sample_FI_00000731.npz,D:\Water Quality Parameter Estimation\wq_pipeline\artifacts\tolerance_7d\prepared\chips\train\sample_FI_00000731.png,ok,,S2B_MSIL2A_20240605T094549_R079_T34VFM_20240605T123126,2024-06-05,1,0.460052,37.6565926418507,0.0,256,128,0,0,9,"B02,B03,B04,B08"
FI_00000732,2024-08-06,60.33564037793927,24.06683532961399,,,rejected,nodata_reject,S2A_MSIL2A_20240806T094031_R036_T34VFM_20240806T115350,2024-08-06,0,27.409568,44.2402567674622,1.0,256,128,0,0,9,"B02,B03,B04,B08"
FI_00000733,2024-08-06,60.33564037793927,24.06683532961399,,,rejected,nodata_reject,S2A_MSIL2A_20240806T094031_R036_T34VFM_20240806T115350,2024-08-06,0,27.409568,44.2402567674622,1.0,256,128,0,0,9,"B02,B03,B04,B08"
FI_00000734,2024-08-06,60.33564037793927,24.06683532961399,,,rejected,nodata_reject,S2A_MSIL2A_20240806T094031_R036_T34VFM_20240806T115350,2024-08-06,0,27.409568,44.2402567674622,1.0,256,128,0,0,9,"B02,B03,B04,B08"
FI_00000735,2024-08-06,60.33564037793927,24.06683532961399,,,rejected,nodata_reject,S2A_MSIL2A_20240806T094031_R036_T34VFM_20240806T115350,2024-08-06,0,27.409568,44.2402567674622,1.0,256,128,0,0,9,"B02,B03,B04,B08"
FI_00000736,2024-08-06,60.33564037793927,24.06683532961399,,,rejected,nodata_reject,S2A_MSIL2A_20240806T094031_R036_T34VFM_20240806T115350,2024-08-06,0,27.409568,44.2402567674622,1.0,256,128,0,0,9,"B02,B03,B04,B08"
FI_00000737,2024-08-06,60.33564037793927,24.06683532961399,,,rejected,nodata_reject,S2A_MSIL2A_20240806T094031_R036_T34VFM_20240806T115350,2024-08-06,0,27.409568,44.2402567674622,1.0,256,128,0,0,9,"B02,B03,B04,B08"
FI_00000738,2024-10-28,60.33564037793927,24.06683532961399,D:\Water Quality Parameter Estimation\wq_pipeline\artifacts\tolerance_7d\prepared\chips\train\sample_FI_00000738.npz,D:\Water Quality Parameter Estimation\wq_pipeline\artifacts\tolerance_7d\prepared\chips\train\sample_FI_00000738.png,ok,,S2B_MSIL2A_20241030T094029_R036_T34VFN_20241030T111154,2024-10-30,2,6.180026,74.9758880278893,0.0,256,128,0,0,9,"B02,B03,B04,B08"
FI_00000739,2024-10-28,60.33564037793927,24.06683532961399,D:\Water Quality Parameter Estimation\wq_pipeline\artifacts\tolerance_7d\prepared\chips\train\sample_FI_00000739.npz,D:\Water Quality Parameter Estimation\wq_pipeline\artifacts\tolerance_7d\prepared\chips\train\sample_FI_00000739.png,ok,,S2B_MSIL2A_20241030T094029_R036_T34VFN_20241030T111154,2024-10-30,2,6.180026,74.9758880278893,0.0,256,128,0,0,9,"B02,B03,B04,B08"
FI_00000740,2024-10-28,60.33564037793927,24.06683532961399,D:\Water Quality Parameter Estimation\wq_pipeline\artifacts\tolerance_7d\prepared\chips\train\sample_FI_00000740.npz,D:\Water Quality Parameter Estimation\wq_pipeline\artifacts\tolerance_7d\prepared\chips\train\sample_FI_00000740.png,ok,,S2B_MSIL2A_20241030T094029_R036_T34VFN_20241030T111154,2024-10-30,2,6.180026,74.9758880278893,0.0,256,128,0,0,9,"B02,B03,B04,B08"
FI_00000741,2024-10-28,60.33564037793927,24.06683532961399,D:\Water Quality Parameter Estimation\wq_pipeline\artifacts\tolerance_7d\prepared\chips\train\sample_FI_00000741.npz,D:\Water Quality Parameter Estimation\wq_pipeline\artifacts\tolerance_7d\prepared\chips\train\sample_FI_00000741.png,ok,,S2B_MSIL2A_20241030T094029_R036_T34VFN_20241030T111154,2024-10-30,2,6.180026,74.9758880278893,0.0,256,128,0,0,9,"B02,B03,B04,B08"
FI_00000742,2024-10-28,60.33564037793927,24.06683532961399,D:\Water Quality Parameter Estimation\wq_pipeline\artifacts\tolerance_7d\prepared\chips\train\sample_FI_00000742.npz,D:\Water Quality Parameter Estimation\wq_pipeline\artifacts\tolerance_7d\prepared\chips\train\sample_FI_00000742.png,ok,,S2B_MSIL2A_20241030T094029_R036_T34VFN_20241030T111154,2024-10-30,2,6.180026,74.9758880278893,0.0,256,128,0,0,9,"B02,B03,B04,B08"
FI_00000743,2024-10-28,60.33564037793927,24.06683532961399,D:\Water Quality Parameter Estimation\wq_pipeline\artifacts\tolerance_7d\prepared\chips\train\sample_FI_00000743.npz,D:\Water Quality Parameter Estimation\wq_pipeline\artifacts\tolerance_7d\prepared\chips\train\sample_FI_00000743.png,ok,,S2B_MSIL2A_20241030T094029_R036_T34VFN_20241030T111154,2024-10-30,2,6.180026,74.9758880278893,0.0,256,128,0,0,9,"B02,B03,B04,B08"
FI_00000744,2024-11-18,60.33564037793927,24.06683532961399,D:\Water Quality Parameter Estimation\wq_pipeline\artifacts\tolerance_7d\prepared\chips\train\sample_FI_00000744.npz,D:\Water Quality Parameter Estimation\wq_pipeline\artifacts\tolerance_7d\prepared\chips\train\sample_FI_00000744.png,ok,,S2A_MSIL2A_20241117T095301_R079_T35VLG_20241117T110451,2024-11-17,1,15.783946,79.114521166888,0.0,256,128,0,0,9,"B02,B03,B04,B08"
FI_00000745,2024-11-18,60.33564037793927,24.06683532961399,D:\Water Quality Parameter Estimation\wq_pipeline\artifacts\tolerance_7d\prepared\chips\train\sample_FI_00000745.npz,D:\Water Quality Parameter Estimation\wq_pipeline\artifacts\tolerance_7d\prepared\chips\train\sample_FI_00000745.png,ok,,S2A_MSIL2A_20241117T095301_R079_T35VLG_20241117T110451,2024-11-17,1,15.783946,79.114521166888,0.0,256,128,0,0,9,"B02,B03,B04,B08"
FI_00000746,2024-11-18,60.33564037793927,24.06683532961399,D:\Water Quality Parameter Estimation\wq_pipeline\artifacts\tolerance_7d\prepared\chips\train\sample_FI_00000746.npz,D:\Water Quality Parameter Estimation\wq_pipeline\artifacts\tolerance_7d\prepared\chips\train\sample_FI_00000746.png,ok,,S2A_MSIL2A_20241117T095301_R079_T35VLG_20241117T110451,2024-11-17,1,15.783946,79.114521166888,0.0,256,128,0,0,9,"B02,B03,B04,B08"
FI_00000747,2024-11-18,60.33564037793927,24.06683532961399,D:\Water Quality Parameter Estimation\wq_pipeline\artifacts\tolerance_7d\prepared\chips\train\sample_FI_00000747.npz,D:\Water Quality Parameter Estimation\wq_pipeline\artifacts\tolerance_7d\prepared\chips\train\sample_FI_00000747.png,ok,,S2A_MSIL2A_20241117T095301_R079_T35VLG_20241117T110451,2024-11-17,1,15.783946,79.114521166888,0.0,256,128,0,0,9,"B02,B03,B04,B08"
FI_00000748,2024-11-18,60.33564037793927,24.06683532961399,D:\Water Quality Parameter Estimation\wq_pipeline\artifacts\tolerance_7d\prepared\chips\train\sample_FI_00000748.npz,D:\Water Quality Parameter Estimation\wq_pipeline\artifacts\tolerance_7d\prepared\chips\train\sample_FI_00000748.png,ok,,S2A_MSIL2A_20241117T095301_R079_T35VLG_20241117T110451,2024-11-17,1,15.783946,79.114521166888,0.0,256,128,0,0,9,"B02,B03,B04,B08"
FI_00000749,2024-11-18,60.33564037793927,24.06683532961399,D:\Water Quality Parameter Estimation\wq_pipeline\artifacts\tolerance_7d\prepared\chips\train\sample_FI_00000749.npz,D:\Water Quality Parameter Estimation\wq_pipeline\artifacts\tolerance_7d\prepared\chips\train\sample_FI_00000749.png,ok,,S2A_MSIL2A_20241117T095301_R079_T35VLG_20241117T110451,2024-11-17,1,15.783946,79.114521166888,0.0,256,128,0,0,9,"B02,B03,B04,B08"
FI_00000942,2023-03-14,60.66558908011945,23.292230275876104,D:\Water Quality Parameter Estimation\wq_pipeline\artifacts\tolerance_7d\prepared\chips\train\sample_FI_00000942.npz,D:\Water Quality Parameter Estimation\wq_pipeline\artifacts\tolerance_7d\prepared\chips\train\sample_FI_00000942.png,ok,,S2B_MSIL2A_20230316T100029_R122_T34VFN_20240827T115615,2023-03-16,2,29.65945,62.841470747948,0.0,256,128,0,0,9,"B02,B03,B04,B08"
FI_00000943,2023-03-14,60.66558908011945,23.292230275876104,D:\Water Quality Parameter Estimation\wq_pipeline\artifacts\tolerance_7d\prepared\chips\train\sample_FI_00000943.npz,D:\Water Quality Parameter Estimation\wq_pipeline\artifacts\tolerance_7d\prepared\chips\train\sample_FI_00000943.png,ok,,S2B_MSIL2A_20230316T100029_R122_T34VFN_20240827T115615,2023-03-16,2,29.65945,62.841470747948,0.0,256,128,0,0,9,"B02,B03,B04,B08"
FI_00000944,2023-03-14,60.66558908011945,23.292230275876104,D:\Water Quality Parameter Estimation\wq_pipeline\artifacts\tolerance_7d\prepared\chips\train\sample_FI_00000944.npz,D:\Water Quality Parameter Estimation\wq_pipeline\artifacts\tolerance_7d\prepared\chips\train\sample_FI_00000944.png,ok,,S2B_MSIL2A_20230316T100029_R122_T34VFN_20240827T115615,2023-03-16,2,29.65945,62.841470747948,0.0,256,128,0,0,9,"B02,B03,B04,B08"
FI_00000945,2023-03-14,60.66558908011945,23.292230275876104,D:\Water Quality Parameter Estimation\wq_pipeline\artifacts\tolerance_7d\prepared\chips\train\sample_FI_00000945.npz,D:\Water Quality Parameter Estimation\wq_pipeline\artifacts\tolerance_7d\prepared\chips\train\sample_FI_00000945.png,ok,,S2B_MSIL2A_20230316T100029_R122_T34VFN_20240827T115615,2023-03-16,2,29.65945,62.841470747948,0.0,256,128,0,0,9,"B02,B03,B04,B08"
FI_00000946,2023-03-14,60.66558908011945,23.292230275876104,D:\Water Quality Parameter Estimation\wq_pipeline\artifacts\tolerance_7d\prepared\chips\train\sample_FI_00000946.npz,D:\Water Quality Parameter Estimation\wq_pipeline\artifacts\tolerance_7d\prepared\chips\train\sample_FI_00000946.png,ok,,S2B_MSIL2A_20230316T100029_R122_T34VFN_20240827T115615,2023-03-16,2,29.65945,62.841470747948,0.0,256,128,0,0,9,"B02,B03,B04,B08"
FI_00000947,2023-03-14,60.66558908011945,23.292230275876104,D:\Water Quality Parameter Estimation\wq_pipeline\artifacts\tolerance_7d\prepared\chips\train\sample_FI_00000947.npz,D:\Water Quality Parameter Estimation\wq_pipeline\artifacts\tolerance_7d\prepared\chips\train\sample_FI_00000947.png,ok,,S2B_MSIL2A_20230316T100029_R122_T34VFN_20240827T115615,2023-03-16,2,29.65945,62.841470747948,0.0,256,128,0,0,9,"B02,B03,B04,B08"
FI_00000960,2023-10-23,60.66558908011945,23.292230275876104,D:\Water Quality Parameter Estimation\wq_pipeline\artifacts\tolerance_7d\prepared\chips\train\sample_FI_00000960.npz,D:\Water Quality Parameter Estimation\wq_pipeline\artifacts\tolerance_7d\prepared\chips\train\sample_FI_00000960.png,ok,,S2B_MSIL2A_20231029T095029_R079_T34VFN_20241106T064325,2023-10-29,6,0.084273,74.2977680952795,0.0,256,128,0,0,9,"B02,B03,B04,B08"
FI_00000961,2023-10-23,60.66558908011945,23.292230275876104,D:\Water Quality Parameter Estimation\wq_pipeline\artifacts\tolerance_7d\prepared\chips\train\sample_FI_00000961.npz,D:\Water Quality Parameter Estimation\wq_pipeline\artifacts\tolerance_7d\prepared\chips\train\sample_FI_00000961.png,ok,,S2B_MSIL2A_20231029T095029_R079_T34VFN_20241106T064325,2023-10-29,6,0.084273,74.2977680952795,0.0,256,128,0,0,9,"B02,B03,B04,B08"
FI_00000962,2023-10-23,60.66558908011945,23.292230275876104,D:\Water Quality Parameter Estimation\wq_pipeline\artifacts\tolerance_7d\prepared\chips\train\sample_FI_00000962.npz,D:\Water Quality Parameter Estimation\wq_pipeline\artifacts\tolerance_7d\prepared\chips\train\sample_FI_00000962.png,ok,,S2B_MSIL2A_20231029T095029_R079_T34VFN_20241106T064325,2023-10-29,6,0.084273,74.2977680952795,0.0,256,128,0,0,9,"B02,B03,B04,B08"
FI_00000963,2023-10-23,60.66558908011945,23.292230275876104,D:\Water Quality Parameter Estimation\wq_pipeline\artifacts\tolerance_7d\prepared\chips\train\sample_FI_00000963.npz,D:\Water Quality Parameter Estimation\wq_pipeline\artifacts\tolerance_7d\prepared\chips\train\sample_FI_00000963.png,ok,,S2B_MSIL2A_20231029T095029_R079_T34VFN_20241106T064325,2023-10-29,6,0.084273,74.2977680952795,0.0,256,128,0,0,9,"B02,B03,B04,B08"
FI_00000964,2023-10-23,60.66558908011945,23.292230275876104,D:\Water Quality Parameter Estimation\wq_pipeline\artifacts\tolerance_7d\prepared\chips\train\sample_FI_00000964.npz,D:\Water Quality Parameter Estimation\wq_pipeline\artifacts\tolerance_7d\prepared\chips\train\sample_FI_00000964.png,ok,,S2B_MSIL2A_20231029T095029_R079_T34VFN_20241106T064325,2023-10-29,6,0.084273,74.2977680952795,0.0,256,128,0,0,9,"B02,B03,B04,B08"
FI_00000965,2023-10-23,60.66558908011945,23.292230275876104,D:\Water Quality Parameter Estimation\wq_pipeline\artifacts\tolerance_7d\prepared\chips\train\sample_FI_00000965.npz,D:\Water Quality Parameter Estimation\wq_pipeline\artifacts\tolerance_7d\prepared\chips\train\sample_FI_00000965.png,ok,,S2B_MSIL2A_20231029T095029_R079_T34VFN_20241106T064325,2023-10-29,6,0.084273,74.2977680952795,0.0,256,128,0,0,9,"B02,B03,B04,B08"
FI_00000966,2023-12-12,60.66558908011945,23.292230275876104,,,no_match,no_stac_item,,,,,,,256,128,0,0,0,"B02,B03,B04,B08"
FI_00000967,2023-12-12,60.66558908011945,23.292230275876104,,,no_match,no_stac_item,,,,,,,256,128,0,0,0,"B02,B03,B04,B08"
FI_00000968,2023-12-12,60.66558908011945,23.292230275876104,,,no_match,no_stac_item,,,,,,,256,128,0,0,0,"B02,B03,B04,B08"
FI_00000969,2023-12-12,60.66558908011945,23.292230275876104,,,no_match,no_stac_item,,,,,,,256,128,0,0,0,"B02,B03,B04,B08"
FI_00000970,2023-12-12,60.66558908011945,23.292230275876104,,,no_match,no_stac_item,,,,,,,256,128,0,0,0,"B02,B03,B04,B08"
FI_00000971,2023-12-12,60.66558908011945,23.292230275876104,,,no_match,no_stac_item,,,,,,,256,128,0,0,0,"B02,B03,B04,B08"
FI_00000972,2024-03-12,60.66558908011945,23.292230275876104,D:\Water Quality Parameter Estimation\wq_pipeline\artifacts\tolerance_7d\prepared\chips\train\sample_FI_00000972.npz,D:\Water Quality Parameter Estimation\wq_pipeline\artifacts\tolerance_7d\prepared\chips\train\sample_FI_00000972.png,ok,,S2A_MSIL2A_20240312T095031_R079_T34VFN_20240313T154824,2024-03-12,0,8.379667,64.3438677780617,8.392333984375e-05,256,128,0,0,9,"B02,B03,B04,B08"
FI_00000973,2024-03-12,60.66558908011945,23.292230275876104,D:\Water Quality Parameter Estimation\wq_pipeline\artifacts\tolerance_7d\prepared\chips\train\sample_FI_00000973.npz,D:\Water Quality Parameter Estimation\wq_pipeline\artifacts\tolerance_7d\prepared\chips\train\sample_FI_00000973.png,ok,,S2A_MSIL2A_20240312T095031_R079_T34VFN_20240313T154824,2024-03-12,0,8.379667,64.3438677780617,8.392333984375e-05,256,128,0,0,9,"B02,B03,B04,B08"
FI_00000974,2024-03-12,60.66558908011945,23.292230275876104,D:\Water Quality Parameter Estimation\wq_pipeline\artifacts\tolerance_7d\prepared\chips\train\sample_FI_00000974.npz,D:\Water Quality Parameter Estimation\wq_pipeline\artifacts\tolerance_7d\prepared\chips\train\sample_FI_00000974.png,ok,,S2A_MSIL2A_20240312T095031_R079_T34VFN_20240313T154824,2024-03-12,0,8.379667,64.3438677780617,8.392333984375e-05,256,128,0,0,9,"B02,B03,B04,B08"
FI_00000975,2024-03-12,60.66558908011945,23.292230275876104,D:\Water Quality Parameter Estimation\wq_pipeline\artifacts\tolerance_7d\prepared\chips\train\sample_FI_00000975.npz,D:\Water Quality Parameter Estimation\wq_pipeline\artifacts\tolerance_7d\prepared\chips\train\sample_FI_00000975.png,ok,,S2A_MSIL2A_20240312T095031_R079_T34VFN_20240313T154824,2024-03-12,0,8.379667,64.3438677780617,8.392333984375e-05,256,128,0,0,9,"B02,B03,B04,B08"
FI_00000976,2024-03-12,60.66558908011945,23.292230275876104,D:\Water Quality Parameter Estimation\wq_pipeline\artifacts\tolerance_7d\prepared\chips\train\sample_FI_00000976.npz,D:\Water Quality Parameter Estimation\wq_pipeline\artifacts\tolerance_7d\prepared\chips\train\sample_FI_00000976.png,ok,,S2A_MSIL2A_20240312T095031_R079_T34VFN_20240313T154824,2024-03-12,0,8.379667,64.3438677780617,8.392333984375e-05,256,128,0,0,9,"B02,B03,B04,B08"
FI_00000977,2024-03-12,60.66558908011945,23.292230275876104,D:\Water Quality Parameter Estimation\wq_pipeline\artifacts\tolerance_7d\prepared\chips\train\sample_FI_00000977.npz,D:\Water Quality Parameter Estimation\wq_pipeline\artifacts\tolerance_7d\prepared\chips\train\sample_FI_00000977.png,ok,,S2A_MSIL2A_20240312T095031_R079_T34VFN_20240313T154824,2024-03-12,0,8.379667,64.3438677780617,8.392333984375e-05,256,128,0,0,9,"B02,B03,B04,B08"
FI_00000984,2024-08-19,60.66558908011945,23.292230275876104,D:\Water Quality Parameter Estimation\wq_pipeline\artifacts\tolerance_7d\prepared\chips\train\sample_FI_00000984.npz,D:\Water Quality Parameter Estimation\wq_pipeline\artifacts\tolerance_7d\prepared\chips\train\sample_FI_00000984.png,ok,,S2B_MSIL2A_20240814T094549_R079_T34VFN_20240814T123852,2024-08-14,5,0.720648,47.1172428047166,0.0,256,128,0,0,9,"B02,B03,B04,B08"
FI_00000985,2024-08-19,60.66558908011945,23.292230275876104,D:\Water Quality Parameter Estimation\wq_pipeline\artifacts\tolerance_7d\prepared\chips\train\sample_FI_00000985.npz,D:\Water Quality Parameter Estimation\wq_pipeline\artifacts\tolerance_7d\prepared\chips\train\sample_FI_00000985.png,ok,,S2B_MSIL2A_20240814T094549_R079_T34VFN_20240814T123852,2024-08-14,5,0.720648,47.1172428047166,0.0,256,128,0,0,9,"B02,B03,B04,B08"
FI_00000986,2024-08-19,60.66558908011945,23.292230275876104,D:\Water Quality Parameter Estimation\wq_pipeline\artifacts\tolerance_7d\prepared\chips\train\sample_FI_00000986.npz,D:\Water Quality Parameter Estimation\wq_pipeline\artifacts\tolerance_7d\prepared\chips\train\sample_FI_00000986.png,ok,,S2B_MSIL2A_20240814T094549_R079_T34VFN_20240814T123852,2024-08-14,5,0.720648,47.1172428047166,0.0,256,128,0,0,9,"B02,B03,B04,B08"
FI_00000987,2024-08-19,60.66558908011945,23.292230275876104,D:\Water Quality Parameter Estimation\wq_pipeline\artifacts\tolerance_7d\prepared\chips\train\sample_FI_00000987.npz,D:\Water Quality Parameter Estimation\wq_pipeline\artifacts\tolerance_7d\prepared\chips\train\sample_FI_00000987.png,ok,,S2B_MSIL2A_20240814T094549_R079_T34VFN_20240814T123852,2024-08-14,5,0.720648,47.1172428047166,0.0,256,128,0,0,9,"B02,B03,B04,B08"
FI_00000988,2024-08-19,60.66558908011945,23.292230275876104,D:\Water Quality Parameter Estimation\wq_pipeline\artifacts\tolerance_7d\prepared\chips\train\sample_FI_00000988.npz,D:\Water Quality Parameter Estimation\wq_pipeline\artifacts\tolerance_7d\prepared\chips\train\sample_FI_00000988.png,ok,,S2B_MSIL2A_20240814T094549_R079_T34VFN_20240814T123852,2024-08-14,5,0.720648,47.1172428047166,0.0,256,128,0,0,9,"B02,B03,B04,B08"
FI_00000989,2024-08-19,60.66558908011945,23.292230275876104,D:\Water Quality Parameter Estimation\wq_pipeline\artifacts\tolerance_7d\prepared\chips\train\sample_FI_00000989.npz,D:\Water Quality Parameter Estimation\wq_pipeline\artifacts\tolerance_7d\prepared\chips\train\sample_FI_00000989.png,ok,,S2B_MSIL2A_20240814T094549_R079_T34VFN_20240814T123852,2024-08-14,5,0.720648,47.1172428047166,0.0,256,128,0,0,9,"B02,B03,B04,B08"
FI_00000990,2024-10-22,60.66558908011945,23.292230275876104,D:\Water Quality Parameter Estimation\wq_pipeline\artifacts\tolerance_7d\prepared\chips\train\sample_FI_00000990.npz,D:\Water Quality Parameter Estimation\wq_pipeline\artifacts\tolerance_7d\prepared\chips\train\sample_FI_00000990.png,ok,,S2B_MSIL2A_20241023T095029_R079_T34VFN_20241023T112106,2024-10-23,1,18.497606,72.5186875092467,0.0,256,128,0,0,9,"B02,B03,B04,B08"
FI_00000991,2024-10-22,60.66558908011945,23.292230275876104,D:\Water Quality Parameter Estimation\wq_pipeline\artifacts\tolerance_7d\prepared\chips\train\sample_FI_00000991.npz,D:\Water Quality Parameter Estimation\wq_pipeline\artifacts\tolerance_7d\prepared\chips\train\sample_FI_00000991.png,ok,,S2B_MSIL2A_20241023T095029_R079_T34VFN_20241023T112106,2024-10-23,1,18.497606,72.5186875092467,0.0,256,128,0,0,9,"B02,B03,B04,B08"
FI_00000992,2024-10-22,60.66558908011945,23.292230275876104,D:\Water Quality Parameter Estimation\wq_pipeline\artifacts\tolerance_7d\prepared\chips\train\sample_FI_00000992.npz,D:\Water Quality Parameter Estimation\wq_pipeline\artifacts\tolerance_7d\prepared\chips\train\sample_FI_00000992.png,ok,,S2B_MSIL2A_20241023T095029_R079_T34VFN_20241023T112106,2024-10-23,1,18.497606,72.5186875092467,0.0,256,128,0,0,9,"B02,B03,B04,B08"
FI_00000993,2024-10-22,60.66558908011945,23.292230275876104,D:\Water Quality Parameter Estimation\wq_pipeline\artifacts\tolerance_7d\prepared\chips\train\sample_FI_00000993.npz,D:\Water Quality Parameter Estimation\wq_pipeline\artifacts\tolerance_7d\prepared\chips\train\sample_FI_00000993.png,ok,,S2B_MSIL2A_20241023T095029_R079_T34VFN_20241023T112106,2024-10-23,1,18.497606,72.5186875092467,0.0,256,128,0,0,9,"B02,B03,B04,B08"
FI_00000994,2024-10-22,60.66558908011945,23.292230275876104,D:\Water Quality Parameter Estimation\wq_pipeline\artifacts\tolerance_7d\prepared\chips\train\sample_FI_00000994.npz,D:\Water Quality Parameter Estimation\wq_pipeline\artifacts\tolerance_7d\prepared\chips\train\sample_FI_00000994.png,ok,,S2B_MSIL2A_20241023T095029_R079_T34VFN_20241023T112106,2024-10-23,1,18.497606,72.5186875092467,0.0,256,128,0,0,9,"B02,B03,B04,B08"
FI_00000995,2024-10-22,60.66558908011945,23.292230275876104,D:\Water Quality Parameter Estimation\wq_pipeline\artifacts\tolerance_7d\prepared\chips\train\sample_FI_00000995.npz,D:\Water Quality Parameter Estimation\wq_pipeline\artifacts\tolerance_7d\prepared\chips\train\sample_FI_00000995.png,ok,,S2B_MSIL2A_20241023T095029_R079_T34VFN_20241023T112106,2024-10-23,1,18.497606,72.5186875092467,0.0,256,128,0,0,9,"B02,B03,B04,B08"
FI_00001020,2024-07-15,63.12479397420693,27.432628122752828,D:\Water Quality Parameter Estimation\wq_pipeline\artifacts\tolerance_7d\prepared\chips\train\sample_FI_00001020.npz,D:\Water Quality Parameter Estimation\wq_pipeline\artifacts\tolerance_7d\prepared\chips\train\sample_FI_00001020.png,ok,,S2A_MSIL2A_20240710T095031_R079_T35VNK_20240710T164001,2024-07-10,5,20.025995,40.6370889851828,0.32421875,256,128,0,0,9,"B02,B03,B04,B08"
FI_00001021,2024-07-15,63.12479397420693,27.432628122752828,D:\Water Quality Parameter Estimation\wq_pipeline\artifacts\tolerance_7d\prepared\chips\train\sample_FI_00001021.npz,D:\Water Quality Parameter Estimation\wq_pipeline\artifacts\tolerance_7d\prepared\chips\train\sample_FI_00001021.png,ok,,S2A_MSIL2A_20240710T095031_R079_T35VNK_20240710T164001,2024-07-10,5,20.025995,40.6370889851828,0.32421875,256,128,0,0,9,"B02,B03,B04,B08"
FI_00001022,2024-07-15,63.12479397420693,27.432628122752828,D:\Water Quality Parameter Estimation\wq_pipeline\artifacts\tolerance_7d\prepared\chips\train\sample_FI_00001022.npz,D:\Water Quality Parameter Estimation\wq_pipeline\artifacts\tolerance_7d\prepared\chips\train\sample_FI_00001022.png,ok,,S2A_MSIL2A_20240710T095031_R079_T35VNK_20240710T164001,2024-07-10,5,20.025995,40.6370889851828,0.32421875,256,128,0,0,9,"B02,B03,B04,B08"
FI_00001023,2024-07-15,63.12479397420693,27.432628122752828,D:\Water Quality Parameter Estimation\wq_pipeline\artifacts\tolerance_7d\prepared\chips\train\sample_FI_00001023.npz,D:\Water Quality Parameter Estimation\wq_pipeline\artifacts\tolerance_7d\prepared\chips\train\sample_FI_00001023.png,ok,,S2A_MSIL2A_20240710T095031_R079_T35VNK_20240710T164001,2024-07-10,5,20.025995,40.6370889851828,0.32421875,256,128,0,0,9,"B02,B03,B04,B08"
FI_00001024,2024-07-15,63.12479397420693,27.432628122752828,D:\Water Quality Parameter Estimation\wq_pipeline\artifacts\tolerance_7d\prepared\chips\train\sample_FI_00001024.npz,D:\Water Quality Parameter Estimation\wq_pipeline\artifacts\tolerance_7d\prepared\chips\train\sample_FI_00001024.png,ok,,S2A_MSIL2A_20240710T095031_R079_T35VNK_20240710T164001,2024-07-10,5,20.025995,40.6370889851828,0.32421875,256,128,0,0,9,"B02,B03,B04,B08"
FI_00001025,2024-07-15,63.12479397420693,27.432628122752828,D:\Water Quality Parameter Estimation\wq_pipeline\artifacts\tolerance_7d\prepared\chips\train\sample_FI_00001025.npz,D:\Water Quality Parameter Estimation\wq_pipeline\artifacts\tolerance_7d\prepared\chips\train\sample_FI_00001025.png,ok,,S2A_MSIL2A_20240710T095031_R079_T35VNK_20240710T164001,2024-07-10,5,20.025995,40.6370889851828,0.32421875,256,128,0,0,9,"B02,B03,B04,B08"
FI_00001026,2024-08-29,63.12479397420693,27.432628122752828,D:\Water Quality Parameter Estimation\wq_pipeline\artifacts\tolerance_7d\prepared\chips\train\sample_FI_00001026.npz,D:\Water Quality Parameter Estimation\wq_pipeline\artifacts\tolerance_7d\prepared\chips\train\sample_FI_00001026.png,ok,,S2A_MSIL2A_20240829T095031_R079_T35VNK_20240829T134149,2024-08-29,0,29.047936,53.6031927656378,0.32421875,256,128,0,0,9,"B02,B03,B04,B08"
FI_00001027,2024-08-29,63.12479397420693,27.432628122752828,D:\Water Quality Parameter Estimation\wq_pipeline\artifacts\tolerance_7d\prepared\chips\train\sample_FI_00001027.npz,D:\Water Quality Parameter Estimation\wq_pipeline\artifacts\tolerance_7d\prepared\chips\train\sample_FI_00001027.png,ok,,S2A_MSIL2A_20240829T095031_R079_T35VNK_20240829T134149,2024-08-29,0,29.047936,53.6031927656378,0.32421875,256,128,0,0,9,"B02,B03,B04,B08"
FI_00001028,2024-08-29,63.12479397420693,27.432628122752828,D:\Water Quality Parameter Estimation\wq_pipeline\artifacts\tolerance_7d\prepared\chips\train\sample_FI_00001028.npz,D:\Water Quality Parameter Estimation\wq_pipeline\artifacts\tolerance_7d\prepared\chips\train\sample_FI_00001028.png,ok,,S2A_MSIL2A_20240829T095031_R079_T35VNK_20240829T134149,2024-08-29,0,29.047936,53.6031927656378,0.32421875,256,128,0,0,9,"B02,B03,B04,B08"
FI_00001029,2024-08-29,63.12479397420693,27.432628122752828,D:\Water Quality Parameter Estimation\wq_pipeline\artifacts\tolerance_7d\prepared\chips\train\sample_FI_00001029.npz,D:\Water Quality Parameter Estimation\wq_pipeline\artifacts\tolerance_7d\prepared\chips\train\sample_FI_00001029.png,ok,,S2A_MSIL2A_20240829T095031_R079_T35VNK_20240829T134149,2024-08-29,0,29.047936,53.6031927656378,0.32421875,256,128,0,0,9,"B02,B03,B04,B08"
FI_00001030,2024-08-29,63.12479397420693,27.432628122752828,D:\Water Quality Parameter Estimation\wq_pipeline\artifacts\tolerance_7d\prepared\chips\train\sample_FI_00001030.npz,D:\Water Quality Parameter Estimation\wq_pipeline\artifacts\tolerance_7d\prepared\chips\train\sample_FI_00001030.png,ok,,S2A_MSIL2A_20240829T095031_R079_T35VNK_20240829T134149,2024-08-29,0,29.047936,53.6031927656378,0.32421875,256,128,0,0,9,"B02,B03,B04,B08"
FI_00001031,2024-08-29,63.12479397420693,27.432628122752828,D:\Water Quality Parameter Estimation\wq_pipeline\artifacts\tolerance_7d\prepared\chips\train\sample_FI_00001031.npz,D:\Water Quality Parameter Estimation\wq_pipeline\artifacts\tolerance_7d\prepared\chips\train\sample_FI_00001031.png,ok,,S2A_MSIL2A_20240829T095031_R079_T35VNK_20240829T134149,2024-08-29,0,29.047936,53.6031927656378,0.32421875,256,128,0,0,9,"B02,B03,B04,B08"
FI_00001032,2023-01-12,63.728776901271246,26.38240528354664,,,no_match,no_stac_item,,,,,,,256,128,0,0,0,"B02,B03,B04,B08"
FI_00001033,2023-01-12,63.728776901271246,26.38240528354664,,,no_match,no_stac_item,,,,,,,256,128,0,0,0,"B02,B03,B04,B08"
FI_00001034,2023-01-12,63.728776901271246,26.38240528354664,,,no_match,no_stac_item,,,,,,,256,128,0,0,0,"B02,B03,B04,B08"
FI_00001035,2023-01-12,63.728776901271246,26.38240528354664,,,no_match,no_stac_item,,,,,,,256,128,0,0,0,"B02,B03,B04,B08"
FI_00001036,2023-01-12,63.728776901271246,26.38240528354664,,,no_match,no_stac_item,,,,,,,256,128,0,0,0,"B02,B03,B04,B08"
FI_00001037,2023-01-12,63.728776901271246,26.38240528354664,,,no_match,no_stac_item,,,,,,,256,128,0,0,0,"B02,B03,B04,B08"
FI_00001038,2023-02-13,63.728776901271246,26.38240528354664,,,rejected,nodata_reject,S2A_MSIL2A_20230213T094111_R036_T35VML_20230213T181729,2023-02-13,0,28.785446,77.4489342377156,1.0,256,128,0,0,9,"B02,B03,B04,B08"
FI_00001039,2023-02-13,63.728776901271246,26.38240528354664,,,rejected,nodata_reject,S2A_MSIL2A_20230213T094111_R036_T35VML_20230213T181729,2023-02-13,0,28.785446,77.4489342377156,1.0,256,128,0,0,9,"B02,B03,B04,B08"
FI_00001040,2023-02-13,63.728776901271246,26.38240528354664,,,rejected,nodata_reject,S2A_MSIL2A_20230213T094111_R036_T35VML_20230213T181729,2023-02-13,0,28.785446,77.4489342377156,1.0,256,128,0,0,9,"B02,B03,B04,B08"
FI_00001041,2023-02-13,63.728776901271246,26.38240528354664,,,rejected,nodata_reject,S2A_MSIL2A_20230213T094111_R036_T35VML_20230213T181729,2023-02-13,0,28.785446,77.4489342377156,1.0,256,128,0,0,9,"B02,B03,B04,B08"
FI_00001042,2023-02-13,63.728776901271246,26.38240528354664,,,rejected,nodata_reject,S2A_MSIL2A_20230213T094111_R036_T35VML_20230213T181729,2023-02-13,0,28.785446,77.4489342377156,1.0,256,128,0,0,9,"B02,B03,B04,B08"
FI_00001043,2023-02-13,63.728776901271246,26.38240528354664,,,rejected,nodata_reject,S2A_MSIL2A_20230213T094111_R036_T35VML_20230213T181729,2023-02-13,0,28.785446,77.4489342377156,1.0,256,128,0,0,9,"B02,B03,B04,B08"
FI_00001044,2023-03-16,63.728776901271246,26.38240528354664,D:\Water Quality Parameter Estimation\wq_pipeline\artifacts\tolerance_7d\prepared\chips\train\sample_FI_00001044.npz,D:\Water Quality Parameter Estimation\wq_pipeline\artifacts\tolerance_7d\prepared\chips\train\sample_FI_00001044.png,ok,,S2B_MSIL2A_20230316T100029_R122_T35VML_20240806T010023,2023-03-16,0,19.089602,65.4229790210436,1.1444091796875e-05,256,128,0,0,9,"B02,B03,B04,B08"
FI_00001045,2023-03-16,63.728776901271246,26.38240528354664,D:\Water Quality Parameter Estimation\wq_pipeline\artifacts\tolerance_7d\prepared\chips\train\sample_FI_00001045.npz,D:\Water Quality Parameter Estimation\wq_pipeline\artifacts\tolerance_7d\prepared\chips\train\sample_FI_00001045.png,ok,,S2B_MSIL2A_20230316T100029_R122_T35VML_20240806T010023,2023-03-16,0,19.089602,65.4229790210436,1.1444091796875e-05,256,128,0,0,9,"B02,B03,B04,B08"
FI_00001046,2023-03-16,63.728776901271246,26.38240528354664,D:\Water Quality Parameter Estimation\wq_pipeline\artifacts\tolerance_7d\prepared\chips\train\sample_FI_00001046.npz,D:\Water Quality Parameter Estimation\wq_pipeline\artifacts\tolerance_7d\prepared\chips\train\sample_FI_00001046.png,ok,,S2B_MSIL2A_20230316T100029_R122_T35VML_20240806T010023,2023-03-16,0,19.089602,65.4229790210436,1.1444091796875e-05,256,128,0,0,9,"B02,B03,B04,B08"
FI_00001047,2023-03-16,63.728776901271246,26.38240528354664,D:\Water Quality Parameter Estimation\wq_pipeline\artifacts\tolerance_7d\prepared\chips\train\sample_FI_00001047.npz,D:\Water Quality Parameter Estimation\wq_pipeline\artifacts\tolerance_7d\prepared\chips\train\sample_FI_00001047.png,ok,,S2B_MSIL2A_20230316T100029_R122_T35VML_20240806T010023,2023-03-16,0,19.089602,65.4229790210436,1.1444091796875e-05,256,128,0,0,9,"B02,B03,B04,B08"
FI_00001048,2023-03-16,63.728776901271246,26.38240528354664,D:\Water Quality Parameter Estimation\wq_pipeline\artifacts\tolerance_7d\prepared\chips\train\sample_FI_00001048.npz,D:\Water Quality Parameter Estimation\wq_pipeline\artifacts\tolerance_7d\prepared\chips\train\sample_FI_00001048.png,ok,,S2B_MSIL2A_20230316T100029_R122_T35VML_20240806T010023,2023-03-16,0,19.089602,65.4229790210436,1.1444091796875e-05,256,128,0,0,9,"B02,B03,B04,B08"
FI_00001049,2023-03-16,63.728776901271246,26.38240528354664,D:\Water Quality Parameter Estimation\wq_pipeline\artifacts\tolerance_7d\prepared\chips\train\sample_FI_00001049.npz,D:\Water Quality Parameter Estimation\wq_pipeline\artifacts\tolerance_7d\prepared\chips\train\sample_FI_00001049.png,ok,,S2B_MSIL2A_20230316T100029_R122_T35VML_20240806T010023,2023-03-16,0,19.089602,65.4229790210436,1.1444091796875e-05,256,128,0,0,9,"B02,B03,B04,B08"
FI_00001050,2023-04-05,63.728776901271246,26.38240528354664,,,rejected,nodata_reject,S2A_MSIL2A_20230404T094031_R036_T35VML_20240825T224659,2023-04-04,1,26.227349,58.2328376586048,1.0,256,128,0,0,9,"B02,B03,B04,B08"
FI_00001051,2023-04-05,63.728776901271246,26.38240528354664,,,rejected,nodata_reject,S2A_MSIL2A_20230404T094031_R036_T35VML_20240825T224659,2023-04-04,1,26.227349,58.2328376586048,1.0,256,128,0,0,9,"B02,B03,B04,B08"
FI_00001052,2023-04-05,63.728776901271246,26.38240528354664,,,rejected,nodata_reject,S2A_MSIL2A_20230404T094031_R036_T35VML_20240825T224659,2023-04-04,1,26.227349,58.2328376586048,1.0,256,128,0,0,9,"B02,B03,B04,B08"
FI_00001053,2023-04-05,63.728776901271246,26.38240528354664,,,rejected,nodata_reject,S2A_MSIL2A_20230404T094031_R036_T35VML_20240825T224659,2023-04-04,1,26.227349,58.2328376586048,1.0,256,128,0,0,9,"B02,B03,B04,B08"
FI_00001054,2023-04-05,63.728776901271246,26.38240528354664,,,rejected,nodata_reject,S2A_MSIL2A_20230404T094031_R036_T35VML_20240825T224659,2023-04-04,1,26.227349,58.2328376586048,1.0,256,128,0,0,9,"B02,B03,B04,B08"
FI_00001055,2023-04-05,63.728776901271246,26.38240528354664,,,rejected,nodata_reject,S2A_MSIL2A_20230404T094031_R036_T35VML_20240825T224659,2023-04-04,1,26.227349,58.2328376586048,1.0,256,128,0,0,9,"B02,B03,B04,B08"
FI_00001056,2023-04-12,63.728776901271246,26.38240528354664,,,rejected,nodata_reject,S2A_MSIL2A_20230414T094031_R036_T35VML_20230414T162121,2023-04-14,2,2.668856,54.4737998590792,1.0,256,128,0,0,9,"B02,B03,B04,B08"
FI_00001057,2023-04-12,63.728776901271246,26.38240528354664,,,rejected,nodata_reject,S2A_MSIL2A_20230414T094031_R036_T35VML_20230414T162121,2023-04-14,2,2.668856,54.4737998590792,1.0,256,128,0,0,9,"B02,B03,B04,B08"
FI_00001058,2023-04-12,63.728776901271246,26.38240528354664,,,rejected,nodata_reject,S2A_MSIL2A_20230414T094031_R036_T35VML_20230414T162121,2023-04-14,2,2.668856,54.4737998590792,1.0,256,128,0,0,9,"B02,B03,B04,B08"
FI_00001059,2023-04-12,63.728776901271246,26.38240528354664,,,rejected,nodata_reject,S2A_MSIL2A_20230414T094031_R036_T35VML_20230414T162121,2023-04-14,2,2.668856,54.4737998590792,1.0,256,128,0,0,9,"B02,B03,B04,B08"
FI_00001060,2023-04-12,63.728776901271246,26.38240528354664,,,rejected,nodata_reject,S2A_MSIL2A_20230414T094031_R036_T35VML_20230414T162121,2023-04-14,2,2.668856,54.4737998590792,1.0,256,128,0,0,9,"B02,B03,B04,B08"
FI_00001061,2023-04-12,63.728776901271246,26.38240528354664,,,rejected,nodata_reject,S2A_MSIL2A_20230414T094031_R036_T35VML_20230414T162121,2023-04-14,2,2.668856,54.4737998590792,1.0,256,128,0,0,9,"B02,B03,B04,B08"
FI_00001062,2023-04-19,63.728776901271246,26.38240528354664,D:\Water Quality Parameter Estimation\wq_pipeline\artifacts\tolerance_7d\prepared\chips\train\sample_FI_00001062.npz,D:\Water Quality Parameter Estimation\wq_pipeline\artifacts\tolerance_7d\prepared\chips\train\sample_FI_00001062.png,ok,,S2A_MSIL2A_20230417T095031_R079_T35VML_20240902T191342,2023-04-17,2,19.486843,53.2291528432814,1.52587890625e-05,256,128,0,0,9,"B02,B03,B04,B08"
FI_00001063,2023-04-19,63.728776901271246,26.38240528354664,D:\Water Quality Parameter Estimation\wq_pipeline\artifacts\tolerance_7d\prepared\chips\train\sample_FI_00001063.npz,D:\Water Quality Parameter Estimation\wq_pipeline\artifacts\tolerance_7d\prepared\chips\train\sample_FI_00001063.png,ok,,S2A_MSIL2A_20230417T095031_R079_T35VML_20240902T191342,2023-04-17,2,19.486843,53.2291528432814,1.52587890625e-05,256,128,0,0,9,"B02,B03,B04,B08"
FI_00001064,2023-04-19,63.728776901271246,26.38240528354664,D:\Water Quality Parameter Estimation\wq_pipeline\artifacts\tolerance_7d\prepared\chips\train\sample_FI_00001064.npz,D:\Water Quality Parameter Estimation\wq_pipeline\artifacts\tolerance_7d\prepared\chips\train\sample_FI_00001064.png,ok,,S2A_MSIL2A_20230417T095031_R079_T35VML_20240902T191342,2023-04-17,2,19.486843,53.2291528432814,1.52587890625e-05,256,128,0,0,9,"B02,B03,B04,B08"
FI_00001065,2023-04-19,63.728776901271246,26.38240528354664,D:\Water Quality Parameter Estimation\wq_pipeline\artifacts\tolerance_7d\prepared\chips\train\sample_FI_00001065.npz,D:\Water Quality Parameter Estimation\wq_pipeline\artifacts\tolerance_7d\prepared\chips\train\sample_FI_00001065.png,ok,,S2A_MSIL2A_20230417T095031_R079_T35VML_20240902T191342,2023-04-17,2,19.486843,53.2291528432814,1.52587890625e-05,256,128,0,0,9,"B02,B03,B04,B08"
FI_00001066,2023-04-19,63.728776901271246,26.38240528354664,D:\Water Quality Parameter Estimation\wq_pipeline\artifacts\tolerance_7d\prepared\chips\train\sample_FI_00001066.npz,D:\Water Quality Parameter Estimation\wq_pipeline\artifacts\tolerance_7d\prepared\chips\train\sample_FI_00001066.png,ok,,S2A_MSIL2A_20230417T095031_R079_T35VML_20240902T191342,2023-04-17,2,19.486843,53.2291528432814,1.52587890625e-05,256,128,0,0,9,"B02,B03,B04,B08"
FI_00001067,2023-04-19,63.728776901271246,26.38240528354664,D:\Water Quality Parameter Estimation\wq_pipeline\artifacts\tolerance_7d\prepared\chips\train\sample_FI_00001067.npz,D:\Water Quality Parameter Estimation\wq_pipeline\artifacts\tolerance_7d\prepared\chips\train\sample_FI_00001067.png,ok,,S2A_MSIL2A_20230417T095031_R079_T35VML_20240902T191342,2023-04-17,2,19.486843,53.2291528432814,1.52587890625e-05,256,128,0,0,9,"B02,B03,B04,B08"
FI_00001068,2023-04-24,63.728776901271246,26.38240528354664,D:\Water Quality Parameter Estimation\wq_pipeline\artifacts\tolerance_7d\prepared\chips\train\sample_FI_00001068.npz,D:\Water Quality Parameter Estimation\wq_pipeline\artifacts\tolerance_7d\prepared\chips\train\sample_FI_00001068.png,ok,,S2B_MSIL2A_20230422T095029_R079_T35VML_20240904T131701,2023-04-22,2,0.261655,51.4935804660198,3.814697265625e-06,256,128,0,0,9,"B02,B03,B04,B08"
FI_00001069,2023-04-24,63.728776901271246,26.38240528354664,D:\Water Quality Parameter Estimation\wq_pipeline\artifacts\tolerance_7d\prepared\chips\train\sample_FI_00001069.npz,D:\Water Quality Parameter Estimation\wq_pipeline\artifacts\tolerance_7d\prepared\chips\train\sample_FI_00001069.png,ok,,S2B_MSIL2A_20230422T095029_R079_T35VML_20240904T131701,2023-04-22,2,0.261655,51.4935804660198,3.814697265625e-06,256,128,0,0,9,"B02,B03,B04,B08"
FI_00001070,2023-04-24,63.728776901271246,26.38240528354664,D:\Water Quality Parameter Estimation\wq_pipeline\artifacts\tolerance_7d\prepared\chips\train\sample_FI_00001070.npz,D:\Water Quality Parameter Estimation\wq_pipeline\artifacts\tolerance_7d\prepared\chips\train\sample_FI_00001070.png,ok,,S2B_MSIL2A_20230422T095029_R079_T35VML_20240904T131701,2023-04-22,2,0.261655,51.4935804660198,3.814697265625e-06,256,128,0,0,9,"B02,B03,B04,B08"
FI_00001071,2023-04-24,63.728776901271246,26.38240528354664,D:\Water Quality Parameter Estimation\wq_pipeline\artifacts\tolerance_7d\prepared\chips\train\sample_FI_00001071.npz,D:\Water Quality Parameter Estimation\wq_pipeline\artifacts\tolerance_7d\prepared\chips\train\sample_FI_00001071.png,ok,,S2B_MSIL2A_20230422T095029_R079_T35VML_20240904T131701,2023-04-22,2,0.261655,51.4935804660198,3.814697265625e-06,256,128,0,0,9,"B02,B03,B04,B08"
FI_00001072,2023-04-24,63.728776901271246,26.38240528354664,D:\Water Quality Parameter Estimation\wq_pipeline\artifacts\tolerance_7d\prepared\chips\train\sample_FI_00001072.npz,D:\Water Quality Parameter Estimation\wq_pipeline\artifacts\tolerance_7d\prepared\chips\train\sample_FI_00001072.png,ok,,S2B_MSIL2A_20230422T095029_R079_T35VML_20240904T131701,2023-04-22,2,0.261655,51.4935804660198,3.814697265625e-06,256,128,0,0,9,"B02,B03,B04,B08"
FI_00001073,2023-04-24,63.728776901271246,26.38240528354664,D:\Water Quality Parameter Estimation\wq_pipeline\artifacts\tolerance_7d\prepared\chips\train\sample_FI_00001073.npz,D:\Water Quality Parameter Estimation\wq_pipeline\artifacts\tolerance_7d\prepared\chips\train\sample_FI_00001073.png,ok,,S2B_MSIL2A_20230422T095029_R079_T35VML_20240904T131701,2023-04-22,2,0.261655,51.4935804660198,3.814697265625e-06,256,128,0,0,9,"B02,B03,B04,B08"
FI_00001074,2023-05-03,63.728776901271246,26.38240528354664,D:\Water Quality Parameter Estimation\wq_pipeline\artifacts\tolerance_7d\prepared\chips\train\sample_FI_00001074.npz,D:\Water Quality Parameter Estimation\wq_pipeline\artifacts\tolerance_7d\prepared\chips\train\sample_FI_00001074.png,ok,,S2A_MSIL2A_20230507T095031_R079_T35VML_20230507T152641,2023-05-07,4,17.642176,46.8535230859461,1.52587890625e-05,256,128,0,0,9,"B02,B03,B04,B08"
FI_00001075,2023-05-03,63.728776901271246,26.38240528354664,D:\Water Quality Parameter Estimation\wq_pipeline\artifacts\tolerance_7d\prepared\chips\train\sample_FI_00001075.npz,D:\Water Quality Parameter Estimation\wq_pipeline\artifacts\tolerance_7d\prepared\chips\train\sample_FI_00001075.png,ok,,S2A_MSIL2A_20230507T095031_R079_T35VML_20230507T152641,2023-05-07,4,17.642176,46.8535230859461,1.52587890625e-05,256,128,0,0,9,"B02,B03,B04,B08"
FI_00001076,2023-05-03,63.728776901271246,26.38240528354664,D:\Water Quality Parameter Estimation\wq_pipeline\artifacts\tolerance_7d\prepared\chips\train\sample_FI_00001076.npz,D:\Water Quality Parameter Estimation\wq_pipeline\artifacts\tolerance_7d\prepared\chips\train\sample_FI_00001076.png,ok,,S2A_MSIL2A_20230507T095031_R079_T35VML_20230507T152641,2023-05-07,4,17.642176,46.8535230859461,1.52587890625e-05,256,128,0,0,9,"B02,B03,B04,B08"
FI_00001077,2023-05-03,63.728776901271246,26.38240528354664,D:\Water Quality Parameter Estimation\wq_pipeline\artifacts\tolerance_7d\prepared\chips\train\sample_FI_00001077.npz,D:\Water Quality Parameter Estimation\wq_pipeline\artifacts\tolerance_7d\prepared\chips\train\sample_FI_00001077.png,ok,,S2A_MSIL2A_20230507T095031_R079_T35VML_20230507T152641,2023-05-07,4,17.642176,46.8535230859461,1.52587890625e-05,256,128,0,0,9,"B02,B03,B04,B08"
FI_00001078,2023-05-03,63.728776901271246,26.38240528354664,D:\Water Quality Parameter Estimation\wq_pipeline\artifacts\tolerance_7d\prepared\chips\train\sample_FI_00001078.npz,D:\Water Quality Parameter Estimation\wq_pipeline\artifacts\tolerance_7d\prepared\chips\train\sample_FI_00001078.png,ok,,S2A_MSIL2A_20230507T095031_R079_T35VML_20230507T152641,2023-05-07,4,17.642176,46.8535230859461,1.52587890625e-05,256,128,0,0,9,"B02,B03,B04,B08"
FI_00001079,2023-05-03,63.728776901271246,26.38240528354664,D:\Water Quality Parameter Estimation\wq_pipeline\artifacts\tolerance_7d\prepared\chips\train\sample_FI_00001079.npz,D:\Water Quality Parameter Estimation\wq_pipeline\artifacts\tolerance_7d\prepared\chips\train\sample_FI_00001079.png,ok,,S2A_MSIL2A_20230507T095031_R079_T35VML_20230507T152641,2023-05-07,4,17.642176,46.8535230859461,1.52587890625e-05,256,128,0,0,9,"B02,B03,B04,B08"
FI_00001080,2023-05-10,63.728776901271246,26.38240528354664,D:\Water Quality Parameter Estimation\wq_pipeline\artifacts\tolerance_7d\prepared\chips\train\sample_FI_00001080.npz,D:\Water Quality Parameter Estimation\wq_pipeline\artifacts\tolerance_7d\prepared\chips\train\sample_FI_00001080.png,ok,,S2B_MSIL2A_20230512T094549_R079_T35VML_20230512T141851,2023-05-12,2,18.189865,45.5305301572924,0.0,256,128,0,0,9,"B02,B03,B04,B08"
FI_00001081,2023-05-10,63.728776901271246,26.38240528354664,D:\Water Quality Parameter Estimation\wq_pipeline\artifacts\tolerance_7d\prepared\chips\train\sample_FI_00001081.npz,D:\Water Quality Parameter Estimation\wq_pipeline\artifacts\tolerance_7d\prepared\chips\train\sample_FI_00001081.png,ok,,S2B_MSIL2A_20230512T094549_R079_T35VML_20230512T141851,2023-05-12,2,18.189865,45.5305301572924,0.0,256,128,0,0,9,"B02,B03,B04,B08"
FI_00001082,2023-05-10,63.728776901271246,26.38240528354664,D:\Water Quality Parameter Estimation\wq_pipeline\artifacts\tolerance_7d\prepared\chips\train\sample_FI_00001082.npz,D:\Water Quality Parameter Estimation\wq_pipeline\artifacts\tolerance_7d\prepared\chips\train\sample_FI_00001082.png,ok,,S2B_MSIL2A_20230512T094549_R079_T35VML_20230512T141851,2023-05-12,2,18.189865,45.5305301572924,0.0,256,128,0,0,9,"B02,B03,B04,B08"
FI_00001083,2023-05-10,63.728776901271246,26.38240528354664,D:\Water Quality Parameter Estimation\wq_pipeline\artifacts\tolerance_7d\prepared\chips\train\sample_FI_00001083.npz,D:\Water Quality Parameter Estimation\wq_pipeline\artifacts\tolerance_7d\prepared\chips\train\sample_FI_00001083.png,ok,,S2B_MSIL2A_20230512T094549_R079_T35VML_20230512T141851,2023-05-12,2,18.189865,45.5305301572924,0.0,256,128,0,0,9,"B02,B03,B04,B08"
FI_00001084,2023-05-10,63.728776901271246,26.38240528354664,D:\Water Quality Parameter Estimation\wq_pipeline\artifacts\tolerance_7d\prepared\chips\train\sample_FI_00001084.npz,D:\Water Quality Parameter Estimation\wq_pipeline\artifacts\tolerance_7d\prepared\chips\train\sample_FI_00001084.png,ok,,S2B_MSIL2A_20230512T094549_R079_T35VML_20230512T141851,2023-05-12,2,18.189865,45.5305301572924,0.0,256,128,0,0,9,"B02,B03,B04,B08"
FI_00001085,2023-05-10,63.728776901271246,26.38240528354664,D:\Water Quality Parameter Estimation\wq_pipeline\artifacts\tolerance_7d\prepared\chips\train\sample_FI_00001085.npz,D:\Water Quality Parameter Estimation\wq_pipeline\artifacts\tolerance_7d\prepared\chips\train\sample_FI_00001085.png,ok,,S2B_MSIL2A_20230512T094549_R079_T35VML_20230512T141851,2023-05-12,2,18.189865,45.5305301572924,0.0,256,128,0,0,9,"B02,B03,B04,B08"
FI_00001086,2023-05-16,63.728776901271246,26.38240528354664,D:\Water Quality Parameter Estimation\wq_pipeline\artifacts\tolerance_7d\prepared\chips\train\sample_FI_00001086.npz,D:\Water Quality Parameter Estimation\wq_pipeline\artifacts\tolerance_7d\prepared\chips\train\sample_FI_00001086.png,ok,,S2B_MSIL2A_20230515T095559_R122_T35VML_20230515T161452,2023-05-15,1,20.801798,44.7050789030647,0.0,256,128,0,0,9,"B02,B03,B04,B08"
FI_00001087,2023-05-16,63.728776901271246,26.38240528354664,D:\Water Quality Parameter Estimation\wq_pipeline\artifacts\tolerance_7d\prepared\chips\train\sample_FI_00001087.npz,D:\Water Quality Parameter Estimation\wq_pipeline\artifacts\tolerance_7d\prepared\chips\train\sample_FI_00001087.png,ok,,S2B_MSIL2A_20230515T095559_R122_T35VML_20230515T161452,2023-05-15,1,20.801798,44.7050789030647,0.0,256,128,0,0,9,"B02,B03,B04,B08"
FI_00001088,2023-05-16,63.728776901271246,26.38240528354664,D:\Water Quality Parameter Estimation\wq_pipeline\artifacts\tolerance_7d\prepared\chips\train\sample_FI_00001088.npz,D:\Water Quality Parameter Estimation\wq_pipeline\artifacts\tolerance_7d\prepared\chips\train\sample_FI_00001088.png,ok,,S2B_MSIL2A_20230515T095559_R122_T35VML_20230515T161452,2023-05-15,1,20.801798,44.7050789030647,0.0,256,128,0,0,9,"B02,B03,B04,B08"
FI_00001089,2023-05-16,63.728776901271246,26.38240528354664,D:\Water Quality Parameter Estimation\wq_pipeline\artifacts\tolerance_7d\prepared\chips\train\sample_FI_00001089.npz,D:\Water Quality Parameter Estimation\wq_pipeline\artifacts\tolerance_7d\prepared\chips\train\sample_FI_00001089.png,ok,,S2B_MSIL2A_20230515T095559_R122_T35VML_20230515T161452,2023-05-15,1,20.801798,44.7050789030647,0.0,256,128,0,0,9,"B02,B03,B04,B08"
FI_00001090,2023-05-16,63.728776901271246,26.38240528354664,D:\Water Quality Parameter Estimation\wq_pipeline\artifacts\tolerance_7d\prepared\chips\train\sample_FI_00001090.npz,D:\Water Quality Parameter Estimation\wq_pipeline\artifacts\tolerance_7d\prepared\chips\train\sample_FI_00001090.png,ok,,S2B_MSIL2A_20230515T095559_R122_T35VML_20230515T161452,2023-05-15,1,20.801798,44.7050789030647,0.0,256,128,0,0,9,"B02,B03,B04,B08"
FI_00001091,2023-05-16,63.728776901271246,26.38240528354664,D:\Water Quality Parameter Estimation\wq_pipeline\artifacts\tolerance_7d\prepared\chips\train\sample_FI_00001091.npz,D:\Water Quality Parameter Estimation\wq_pipeline\artifacts\tolerance_7d\prepared\chips\train\sample_FI_00001091.png,ok,,S2B_MSIL2A_20230515T095559_R122_T35VML_20230515T161452,2023-05-15,1,20.801798,44.7050789030647,0.0,256,128,0,0,9,"B02,B03,B04,B08"
FI_00001092,2023-05-22,63.728776901271246,26.38240528354664,D:\Water Quality Parameter Estimation\wq_pipeline\artifacts\tolerance_7d\prepared\chips\train\sample_FI_00001092.npz,D:\Water Quality Parameter Estimation\wq_pipeline\artifacts\tolerance_7d\prepared\chips\train\sample_FI_00001092.png,ok,,S2A_MSIL2A_20230520T100031_R122_T35VML_20230520T154511,2023-05-20,2,1.025535,43.5922959096703,0.0,256,128,0,0,9,"B02,B03,B04,B08"
FI_00001093,2023-05-22,63.728776901271246,26.38240528354664,D:\Water Quality Parameter Estimation\wq_pipeline\artifacts\tolerance_7d\prepared\chips\train\sample_FI_00001093.npz,D:\Water Quality Parameter Estimation\wq_pipeline\artifacts\tolerance_7d\prepared\chips\train\sample_FI_00001093.png,ok,,S2A_MSIL2A_20230520T100031_R122_T35VML_20230520T154511,2023-05-20,2,1.025535,43.5922959096703,0.0,256,128,0,0,9,"B02,B03,B04,B08"
FI_00001094,2023-05-22,63.728776901271246,26.38240528354664,D:\Water Quality Parameter Estimation\wq_pipeline\artifacts\tolerance_7d\prepared\chips\train\sample_FI_00001094.npz,D:\Water Quality Parameter Estimation\wq_pipeline\artifacts\tolerance_7d\prepared\chips\train\sample_FI_00001094.png,ok,,S2A_MSIL2A_20230520T100031_R122_T35VML_20230520T154511,2023-05-20,2,1.025535,43.5922959096703,0.0,256,128,0,0,9,"B02,B03,B04,B08"
FI_00001095,2023-05-22,63.728776901271246,26.38240528354664,D:\Water Quality Parameter Estimation\wq_pipeline\artifacts\tolerance_7d\prepared\chips\train\sample_FI_00001095.npz,D:\Water Quality Parameter Estimation\wq_pipeline\artifacts\tolerance_7d\prepared\chips\train\sample_FI_00001095.png,ok,,S2A_MSIL2A_20230520T100031_R122_T35VML_20230520T154511,2023-05-20,2,1.025535,43.5922959096703,0.0,256,128,0,0,9,"B02,B03,B04,B08"
FI_00001096,2023-05-22,63.728776901271246,26.38240528354664,D:\Water Quality Parameter Estimation\wq_pipeline\artifacts\tolerance_7d\prepared\chips\train\sample_FI_00001096.npz,D:\Water Quality Parameter Estimation\wq_pipeline\artifacts\tolerance_7d\prepared\chips\train\sample_FI_00001096.png,ok,,S2A_MSIL2A_20230520T100031_R122_T35VML_20230520T154511,2023-05-20,2,1.025535,43.5922959096703,0.0,256,128,0,0,9,"B02,B03,B04,B08"
FI_00001097,2023-05-22,63.728776901271246,26.38240528354664,D:\Water Quality Parameter Estimation\wq_pipeline\artifacts\tolerance_7d\prepared\chips\train\sample_FI_00001097.npz,D:\Water Quality Parameter Estimation\wq_pipeline\artifacts\tolerance_7d\prepared\chips\train\sample_FI_00001097.png,ok,,S2A_MSIL2A_20230520T100031_R122_T35VML_20230520T154511,2023-05-20,2,1.025535,43.5922959096703,0.0,256,128,0,0,9,"B02,B03,B04,B08"
FI_00001098,2023-05-31,63.728776901271246,26.38240528354664,D:\Water Quality Parameter Estimation\wq_pipeline\artifacts\tolerance_7d\prepared\chips\train\sample_FI_00001098.npz,D:\Water Quality Parameter Estimation\wq_pipeline\artifacts\tolerance_7d\prepared\chips\train\sample_FI_00001098.png,ok,,S2A_MSIL2A_20230527T095031_R079_T35VML_20240906T215111,2023-05-27,4,23.531328,42.3779870860108,0.0,256,128,0,0,9,"B02,B03,B04,B08"
FI_00001099,2023-05-31,63.728776901271246,26.38240528354664,D:\Water Quality Parameter Estimation\wq_pipeline\artifacts\tolerance_7d\prepared\chips\train\sample_FI_00001099.npz,D:\Water Quality Parameter Estimation\wq_pipeline\artifacts\tolerance_7d\prepared\chips\train\sample_FI_00001099.png,ok,,S2A_MSIL2A_20230527T095031_R079_T35VML_20240906T215111,2023-05-27,4,23.531328,42.3779870860108,0.0,256,128,0,0,9,"B02,B03,B04,B08"
FI_00001100,2023-05-31,63.728776901271246,26.38240528354664,D:\Water Quality Parameter Estimation\wq_pipeline\artifacts\tolerance_7d\prepared\chips\train\sample_FI_00001100.npz,D:\Water Quality Parameter Estimation\wq_pipeline\artifacts\tolerance_7d\prepared\chips\train\sample_FI_00001100.png,ok,,S2A_MSIL2A_20230527T095031_R079_T35VML_20240906T215111,2023-05-27,4,23.531328,42.3779870860108,0.0,256,128,0,0,9,"B02,B03,B04,B08"
FI_00001101,2023-05-31,63.728776901271246,26.38240528354664,D:\Water Quality Parameter Estimation\wq_pipeline\artifacts\tolerance_7d\prepared\chips\train\sample_FI_00001101.npz,D:\Water Quality Parameter Estimation\wq_pipeline\artifacts\tolerance_7d\prepared\chips\train\sample_FI_00001101.png,ok,,S2A_MSIL2A_20230527T095031_R079_T35VML_20240906T215111,2023-05-27,4,23.531328,42.3779870860108,0.0,256,128,0,0,9,"B02,B03,B04,B08"
FI_00001102,2023-05-31,63.728776901271246,26.38240528354664,D:\Water Quality Parameter Estimation\wq_pipeline\artifacts\tolerance_7d\prepared\chips\train\sample_FI_00001102.npz,D:\Water Quality Parameter Estimation\wq_pipeline\artifacts\tolerance_7d\prepared\chips\train\sample_FI_00001102.png,ok,,S2A_MSIL2A_20230527T095031_R079_T35VML_20240906T215111,2023-05-27,4,23.531328,42.3779870860108,0.0,256,128,0,0,9,"B02,B03,B04,B08"
FI_00001103,2023-05-31,63.728776901271246,26.38240528354664,D:\Water Quality Parameter Estimation\wq_pipeline\artifacts\tolerance_7d\prepared\chips\train\sample_FI_00001103.npz,D:\Water Quality Parameter Estimation\wq_pipeline\artifacts\tolerance_7d\prepared\chips\train\sample_FI_00001103.png,ok,,S2A_MSIL2A_20230527T095031_R079_T35VML_20240906T215111,2023-05-27,4,23.531328,42.3779870860108,0.0,256,128,0,0,9,"B02,B03,B04,B08"
FI_00001104,2023-06-19,63.728776901271246,26.38240528354664,D:\Water Quality Parameter Estimation\wq_pipeline\artifacts\tolerance_7d\prepared\chips\train\sample_FI_00001104.npz,D:\Water Quality Parameter Estimation\wq_pipeline\artifacts\tolerance_7d\prepared\chips\train\sample_FI_00001104.png,ok,,S2A_MSIL2A_20230619T100031_R122_T35VML_20240911T192325,2023-06-19,0,6.327912,40.1794568873729,1.1444091796875e-05,256,128,0,0,9,"B02,B03,B04,B08"
FI_00001105,2023-06-19,63.728776901271246,26.38240528354664,D:\Water Quality Parameter Estimation\wq_pipeline\artifacts\tolerance_7d\prepared\chips\train\sample_FI_00001105.npz,D:\Water Quality Parameter Estimation\wq_pipeline\artifacts\tolerance_7d\prepared\chips\train\sample_FI_00001105.png,ok,,S2A_MSIL2A_20230619T100031_R122_T35VML_20240911T192325,2023-06-19,0,6.327912,40.1794568873729,1.1444091796875e-05,256,128,0,0,9,"B02,B03,B04,B08"
FI_00001106,2023-06-19,63.728776901271246,26.38240528354664,D:\Water Quality Parameter Estimation\wq_pipeline\artifacts\tolerance_7d\prepared\chips\train\sample_FI_00001106.npz,D:\Water Quality Parameter Estimation\wq_pipeline\artifacts\tolerance_7d\prepared\chips\train\sample_FI_00001106.png,ok,,S2A_MSIL2A_20230619T100031_R122_T35VML_20240911T192325,2023-06-19,0,6.327912,40.1794568873729,1.1444091796875e-05,256,128,0,0,9,"B02,B03,B04,B08"
FI_00001107,2023-06-19,63.728776901271246,26.38240528354664,D:\Water Quality Parameter Estimation\wq_pipeline\artifacts\tolerance_7d\prepared\chips\train\sample_FI_00001107.npz,D:\Water Quality Parameter Estimation\wq_pipeline\artifacts\tolerance_7d\prepared\chips\train\sample_FI_00001107.png,ok,,S2A_MSIL2A_20230619T100031_R122_T35VML_20240911T192325,2023-06-19,0,6.327912,40.1794568873729,1.1444091796875e-05,256,128,0,0,9,"B02,B03,B04,B08"
FI_00001108,2023-06-19,63.728776901271246,26.38240528354664,D:\Water Quality Parameter Estimation\wq_pipeline\artifacts\tolerance_7d\prepared\chips\train\sample_FI_00001108.npz,D:\Water Quality Parameter Estimation\wq_pipeline\artifacts\tolerance_7d\prepared\chips\train\sample_FI_00001108.png,ok,,S2A_MSIL2A_20230619T100031_R122_T35VML_20240911T192325,2023-06-19,0,6.327912,40.1794568873729,1.1444091796875e-05,256,128,0,0,9,"B02,B03,B04,B08"
FI_00001109,2023-06-19,63.728776901271246,26.38240528354664,D:\Water Quality Parameter Estimation\wq_pipeline\artifacts\tolerance_7d\prepared\chips\train\sample_FI_00001109.npz,D:\Water Quality Parameter Estimation\wq_pipeline\artifacts\tolerance_7d\prepared\chips\train\sample_FI_00001109.png,ok,,S2A_MSIL2A_20230619T100031_R122_T35VML_20240911T192325,2023-06-19,0,6.327912,40.1794568873729,1.1444091796875e-05,256,128,0,0,9,"B02,B03,B04,B08"
FI_00001110,2023-07-18,63.728776901271246,26.38240528354664,,,rejected,nodata_reject,S2B_MSIL2A_20230718T093549_R036_T35VML_20230718T141551,2023-07-18,0,36.944178,43.0059444510833,1.0,256,128,0,0,9,"B02,B03,B04,B08"
FI_00001111,2023-07-18,63.728776901271246,26.38240528354664,,,rejected,nodata_reject,S2B_MSIL2A_20230718T093549_R036_T35VML_20230718T141551,2023-07-18,0,36.944178,43.0059444510833,1.0,256,128,0,0,9,"B02,B03,B04,B08"
FI_00001112,2023-07-18,63.728776901271246,26.38240528354664,,,rejected,nodata_reject,S2B_MSIL2A_20230718T093549_R036_T35VML_20230718T141551,2023-07-18,0,36.944178,43.0059444510833,1.0,256,128,0,0,9,"B02,B03,B04,B08"
FI_00001113,2023-07-18,63.728776901271246,26.38240528354664,,,rejected,nodata_reject,S2B_MSIL2A_20230718T093549_R036_T35VML_20230718T141551,2023-07-18,0,36.944178,43.0059444510833,1.0,256,128,0,0,9,"B02,B03,B04,B08"
FI_00001114,2023-07-18,63.728776901271246,26.38240528354664,,,rejected,nodata_reject,S2B_MSIL2A_20230718T093549_R036_T35VML_20230718T141551,2023-07-18,0,36.944178,43.0059444510833,1.0,256,128,0,0,9,"B02,B03,B04,B08"
FI_00001115,2023-07-18,63.728776901271246,26.38240528354664,,,rejected,nodata_reject,S2B_MSIL2A_20230718T093549_R036_T35VML_20230718T141551,2023-07-18,0,36.944178,43.0059444510833,1.0,256,128,0,0,9,"B02,B03,B04,B08"
FI_00001116,2023-08-17,63.728776901271246,26.38240528354664,D:\Water Quality Parameter Estimation\wq_pipeline\artifacts\tolerance_7d\prepared\chips\train\sample_FI_00001116.npz,D:\Water Quality Parameter Estimation\wq_pipeline\artifacts\tolerance_7d\prepared\chips\train\sample_FI_00001116.png,ok,,S2A_MSIL2A_20230815T095031_R079_T35VML_20241014T195621,2023-08-15,2,31.251553,49.6978407121379,0.0,256,128,0,0,9,"B02,B03,B04,B08"
FI_00001117,2023-08-17,63.728776901271246,26.38240528354664,D:\Water Quality Parameter Estimation\wq_pipeline\artifacts\tolerance_7d\prepared\chips\train\sample_FI_00001117.npz,D:\Water Quality Parameter Estimation\wq_pipeline\artifacts\tolerance_7d\prepared\chips\train\sample_FI_00001117.png,ok,,S2A_MSIL2A_20230815T095031_R079_T35VML_20241014T195621,2023-08-15,2,31.251553,49.6978407121379,0.0,256,128,0,0,9,"B02,B03,B04,B08"
FI_00001118,2023-08-17,63.728776901271246,26.38240528354664,D:\Water Quality Parameter Estimation\wq_pipeline\artifacts\tolerance_7d\prepared\chips\train\sample_FI_00001118.npz,D:\Water Quality Parameter Estimation\wq_pipeline\artifacts\tolerance_7d\prepared\chips\train\sample_FI_00001118.png,ok,,S2A_MSIL2A_20230815T095031_R079_T35VML_20241014T195621,2023-08-15,2,31.251553,49.6978407121379,0.0,256,128,0,0,9,"B02,B03,B04,B08"
FI_00001119,2023-08-17,63.728776901271246,26.38240528354664,D:\Water Quality Parameter Estimation\wq_pipeline\artifacts\tolerance_7d\prepared\chips\train\sample_FI_00001119.npz,D:\Water Quality Parameter Estimation\wq_pipeline\artifacts\tolerance_7d\prepared\chips\train\sample_FI_00001119.png,ok,,S2A_MSIL2A_20230815T095031_R079_T35VML_20241014T195621,2023-08-15,2,31.251553,49.6978407121379,0.0,256,128,0,0,9,"B02,B03,B04,B08"
FI_00001120,2023-08-17,63.728776901271246,26.38240528354664,D:\Water Quality Parameter Estimation\wq_pipeline\artifacts\tolerance_7d\prepared\chips\train\sample_FI_00001120.npz,D:\Water Quality Parameter Estimation\wq_pipeline\artifacts\tolerance_7d\prepared\chips\train\sample_FI_00001120.png,ok,,S2A_MSIL2A_20230815T095031_R079_T35VML_20241014T195621,2023-08-15,2,31.251553,49.6978407121379,0.0,256,128,0,0,9,"B02,B03,B04,B08"
FI_00001121,2023-08-17,63.728776901271246,26.38240528354664,D:\Water Quality Parameter Estimation\wq_pipeline\artifacts\tolerance_7d\prepared\chips\train\sample_FI_00001121.npz,D:\Water Quality Parameter Estimation\wq_pipeline\artifacts\tolerance_7d\prepared\chips\train\sample_FI_00001121.png,ok,,S2A_MSIL2A_20230815T095031_R079_T35VML_20241014T195621,2023-08-15,2,31.251553,49.6978407121379,0.0,256,128,0,0,9,"B02,B03,B04,B08"
FI_00001122,2023-08-28,63.728776901271246,26.38240528354664,,,rejected,nodata_reject,S2B_MSIL2A_20230827T093549_R036_T35VML_20241023T223442,2023-08-27,1,23.752455,53.8005653234158,1.0,256,128,0,0,9,"B02,B03,B04,B08"
FI_00001123,2023-08-28,63.728776901271246,26.38240528354664,,,rejected,nodata_reject,S2B_MSIL2A_20230827T093549_R036_T35VML_20241023T223442,2023-08-27,1,23.752455,53.8005653234158,1.0,256,128,0,0,9,"B02,B03,B04,B08"
FI_00001124,2023-08-28,63.728776901271246,26.38240528354664,,,rejected,nodata_reject,S2B_MSIL2A_20230827T093549_R036_T35VML_20241023T223442,2023-08-27,1,23.752455,53.8005653234158,1.0,256,128,0,0,9,"B02,B03,B04,B08"
FI_00001125,2023-08-28,63.728776901271246,26.38240528354664,,,rejected,nodata_reject,S2B_MSIL2A_20230827T093549_R036_T35VML_20241023T223442,2023-08-27,1,23.752455,53.8005653234158,1.0,256,128,0,0,9,"B02,B03,B04,B08"
FI_00001126,2023-08-28,63.728776901271246,26.38240528354664,,,rejected,nodata_reject,S2B_MSIL2A_20230827T093549_R036_T35VML_20241023T223442,2023-08-27,1,23.752455,53.8005653234158,1.0,256,128,0,0,9,"B02,B03,B04,B08"
FI_00001127,2023-08-28,63.728776901271246,26.38240528354664,,,rejected,nodata_reject,S2B_MSIL2A_20230827T093549_R036_T35VML_20241023T223442,2023-08-27,1,23.752455,53.8005653234158,1.0,256,128,0,0,9,"B02,B03,B04,B08"
FI_00001128,2023-09-12,63.728776901271246,26.38240528354664,D:\Water Quality Parameter Estimation\wq_pipeline\artifacts\tolerance_7d\prepared\chips\train\sample_FI_00001128.npz,D:\Water Quality Parameter Estimation\wq_pipeline\artifacts\tolerance_7d\prepared\chips\train\sample_FI_00001128.png,ok,,S2A_MSIL2A_20230914T095031_R079_T35VML_20240825T021032,2023-09-14,2,24.737227,60.1949846231114,0.0,256,128,0,0,9,"B02,B03,B04,B08"
FI_00001129,2023-09-12,63.728776901271246,26.38240528354664,D:\Water Quality Parameter Estimation\wq_pipeline\artifacts\tolerance_7d\prepared\chips\train\sample_FI_00001129.npz,D:\Water Quality Parameter Estimation\wq_pipeline\artifacts\tolerance_7d\prepared\chips\train\sample_FI_00001129.png,ok,,S2A_MSIL2A_20230914T095031_R079_T35VML_20240825T021032,2023-09-14,2,24.737227,60.1949846231114,0.0,256,128,0,0,9,"B02,B03,B04,B08"
FI_00001130,2023-09-12,63.728776901271246,26.38240528354664,D:\Water Quality Parameter Estimation\wq_pipeline\artifacts\tolerance_7d\prepared\chips\train\sample_FI_00001130.npz,D:\Water Quality Parameter Estimation\wq_pipeline\artifacts\tolerance_7d\prepared\chips\train\sample_FI_00001130.png,ok,,S2A_MSIL2A_20230914T095031_R079_T35VML_20240825T021032,2023-09-14,2,24.737227,60.1949846231114,0.0,256,128,0,0,9,"B02,B03,B04,B08"
FI_00001131,2023-09-12,63.728776901271246,26.38240528354664,D:\Water Quality Parameter Estimation\wq_pipeline\artifacts\tolerance_7d\prepared\chips\train\sample_FI_00001131.npz,D:\Water Quality Parameter Estimation\wq_pipeline\artifacts\tolerance_7d\prepared\chips\train\sample_FI_00001131.png,ok,,S2A_MSIL2A_20230914T095031_R079_T35VML_20240825T021032,2023-09-14,2,24.737227,60.1949846231114,0.0,256,128,0,0,9,"B02,B03,B04,B08"
FI_00001132,2023-09-12,63.728776901271246,26.38240528354664,D:\Water Quality Parameter Estimation\wq_pipeline\artifacts\tolerance_7d\prepared\chips\train\sample_FI_00001132.npz,D:\Water Quality Parameter Estimation\wq_pipeline\artifacts\tolerance_7d\prepared\chips\train\sample_FI_00001132.png,ok,,S2A_MSIL2A_20230914T095031_R079_T35VML_20240825T021032,2023-09-14,2,24.737227,60.1949846231114,0.0,256,128,0,0,9,"B02,B03,B04,B08"
FI_00001133,2023-09-12,63.728776901271246,26.38240528354664,D:\Water Quality Parameter Estimation\wq_pipeline\artifacts\tolerance_7d\prepared\chips\train\sample_FI_00001133.npz,D:\Water Quality Parameter Estimation\wq_pipeline\artifacts\tolerance_7d\prepared\chips\train\sample_FI_00001133.png,ok,,S2A_MSIL2A_20230914T095031_R079_T35VML_20240825T021032,2023-09-14,2,24.737227,60.1949846231114,0.0,256,128,0,0,9,"B02,B03,B04,B08"
FI_00001134,2023-09-27,63.728776901271246,26.38240528354664,D:\Water Quality Parameter Estimation\wq_pipeline\artifacts\tolerance_7d\prepared\chips\train\sample_FI_00001134.npz,D:\Water Quality Parameter Estimation\wq_pipeline\artifacts\tolerance_7d\prepared\chips\train\sample_FI_00001134.png,ok,,S2B_MSIL2A_20230922T095649_R122_T35VML_20241026T075651,2023-09-22,5,10.958353,63.2069463479835,0.0,256,128,0,0,9,"B02,B03,B04,B08"
FI_00001135,2023-09-27,63.728776901271246,26.38240528354664,D:\Water Quality Parameter Estimation\wq_pipeline\artifacts\tolerance_7d\prepared\chips\train\sample_FI_00001135.npz,D:\Water Quality Parameter Estimation\wq_pipeline\artifacts\tolerance_7d\prepared\chips\train\sample_FI_00001135.png,ok,,S2B_MSIL2A_20230922T095649_R122_T35VML_20241026T075651,2023-09-22,5,10.958353,63.2069463479835,0.0,256,128,0,0,9,"B02,B03,B04,B08"
FI_00001136,2023-09-27,63.728776901271246,26.38240528354664,D:\Water Quality Parameter Estimation\wq_pipeline\artifacts\tolerance_7d\prepared\chips\train\sample_FI_00001136.npz,D:\Water Quality Parameter Estimation\wq_pipeline\artifacts\tolerance_7d\prepared\chips\train\sample_FI_00001136.png,ok,,S2B_MSIL2A_20230922T095649_R122_T35VML_20241026T075651,2023-09-22,5,10.958353,63.2069463479835,0.0,256,128,0,0,9,"B02,B03,B04,B08"
FI_00001137,2023-09-27,63.728776901271246,26.38240528354664,D:\Water Quality Parameter Estimation\wq_pipeline\artifacts\tolerance_7d\prepared\chips\train\sample_FI_00001137.npz,D:\Water Quality Parameter Estimation\wq_pipeline\artifacts\tolerance_7d\prepared\chips\train\sample_FI_00001137.png,ok,,S2B_MSIL2A_20230922T095649_R122_T35VML_20241026T075651,2023-09-22,5,10.958353,63.2069463479835,0.0,256,128,0,0,9,"B02,B03,B04,B08"
FI_00001138,2023-09-27,63.728776901271246,26.38240528354664,D:\Water Quality Parameter Estimation\wq_pipeline\artifacts\tolerance_7d\prepared\chips\train\sample_FI_00001138.npz,D:\Water Quality Parameter Estimation\wq_pipeline\artifacts\tolerance_7d\prepared\chips\train\sample_FI_00001138.png,ok,,S2B_MSIL2A_20230922T095649_R122_T35VML_20241026T075651,2023-09-22,5,10.958353,63.2069463479835,0.0,256,128,0,0,9,"B02,B03,B04,B08"
FI_00001139,2023-09-27,63.728776901271246,26.38240528354664,D:\Water Quality Parameter Estimation\wq_pipeline\artifacts\tolerance_7d\prepared\chips\train\sample_FI_00001139.npz,D:\Water Quality Parameter Estimation\wq_pipeline\artifacts\tolerance_7d\prepared\chips\train\sample_FI_00001139.png,ok,,S2B_MSIL2A_20230922T095649_R122_T35VML_20241026T075651,2023-09-22,5,10.958353,63.2069463479835,0.0,256,128,0,0,9,"B02,B03,B04,B08"
FI_00001140,2023-10-09,63.728776901271246,26.38240528354664,,,rejected,nodata_reject,S2B_MSIL2A_20231006T093749_R036_T35VML_20231006T152355,2023-10-06,3,10.832471,68.7364211743584,1.0,256,128,0,0,9,"B02,B03,B04,B08"
FI_00001141,2023-10-09,63.728776901271246,26.38240528354664,,,rejected,nodata_reject,S2B_MSIL2A_20231006T093749_R036_T35VML_20231006T152355,2023-10-06,3,10.832471,68.7364211743584,1.0,256,128,0,0,9,"B02,B03,B04,B08"
FI_00001142,2023-10-09,63.728776901271246,26.38240528354664,,,rejected,nodata_reject,S2B_MSIL2A_20231006T093749_R036_T35VML_20231006T152355,2023-10-06,3,10.832471,68.7364211743584,1.0,256,128,0,0,9,"B02,B03,B04,B08"
FI_00001143,2023-10-09,63.728776901271246,26.38240528354664,,,rejected,nodata_reject,S2B_MSIL2A_20231006T093749_R036_T35VML_20231006T152355,2023-10-06,3,10.832471,68.7364211743584,1.0,256,128,0,0,9,"B02,B03,B04,B08"
FI_00001144,2023-10-09,63.728776901271246,26.38240528354664,,,rejected,nodata_reject,S2B_MSIL2A_20231006T093749_R036_T35VML_20231006T152355,2023-10-06,3,10.832471,68.7364211743584,1.0,256,128,0,0,9,"B02,B03,B04,B08"
FI_00001145,2023-10-09,63.728776901271246,26.38240528354664,,,rejected,nodata_reject,S2B_MSIL2A_20231006T093749_R036_T35VML_20231006T152355,2023-10-06,3,10.832471,68.7364211743584,1.0,256,128,0,0,9,"B02,B03,B04,B08"
FI_00001146,2023-10-24,63.728776901271246,26.38240528354664,D:\Water Quality Parameter Estimation\wq_pipeline\artifacts\tolerance_7d\prepared\chips\train\sample_FI_00001146.npz,D:\Water Quality Parameter Estimation\wq_pipeline\artifacts\tolerance_7d\prepared\chips\train\sample_FI_00001146.png,ok,,S2A_MSIL2A_20231024T095051_R079_T35VML_20231024T121659,2023-10-24,0,0.239923,75.2737058244509,0.0,256,128,0,0,9,"B02,B03,B04,B08"
FI_00001147,2023-10-24,63.728776901271246,26.38240528354664,D:\Water Quality Parameter Estimation\wq_pipeline\artifacts\tolerance_7d\prepared\chips\train\sample_FI_00001147.npz,D:\Water Quality Parameter Estimation\wq_pipeline\artifacts\tolerance_7d\prepared\chips\train\sample_FI_00001147.png,ok,,S2A_MSIL2A_20231024T095051_R079_T35VML_20231024T121659,2023-10-24,0,0.239923,75.2737058244509,0.0,256,128,0,0,9,"B02,B03,B04,B08"
FI_00001148,2023-10-24,63.728776901271246,26.38240528354664,D:\Water Quality Parameter Estimation\wq_pipeline\artifacts\tolerance_7d\prepared\chips\train\sample_FI_00001148.npz,D:\Water Quality Parameter Estimation\wq_pipeline\artifacts\tolerance_7d\prepared\chips\train\sample_FI_00001148.png,ok,,S2A_MSIL2A_20231024T095051_R079_T35VML_20231024T121659,2023-10-24,0,0.239923,75.2737058244509,0.0,256,128,0,0,9,"B02,B03,B04,B08"
FI_00001149,2023-10-24,63.728776901271246,26.38240528354664,D:\Water Quality Parameter Estimation\wq_pipeline\artifacts\tolerance_7d\prepared\chips\train\sample_FI_00001149.npz,D:\Water Quality Parameter Estimation\wq_pipeline\artifacts\tolerance_7d\prepared\chips\train\sample_FI_00001149.png,ok,,S2A_MSIL2A_20231024T095051_R079_T35VML_20231024T121659,2023-10-24,0,0.239923,75.2737058244509,0.0,256,128,0,0,9,"B02,B03,B04,B08"
FI_00001150,2023-10-24,63.728776901271246,26.38240528354664,D:\Water Quality Parameter Estimation\wq_pipeline\artifacts\tolerance_7d\prepared\chips\train\sample_FI_00001150.npz,D:\Water Quality Parameter Estimation\wq_pipeline\artifacts\tolerance_7d\prepared\chips\train\sample_FI_00001150.png,ok,,S2A_MSIL2A_20231024T095051_R079_T35VML_20231024T121659,2023-10-24,0,0.239923,75.2737058244509,0.0,256,128,0,0,9,"B02,B03,B04,B08"
FI_00001151,2023-10-24,63.728776901271246,26.38240528354664,D:\Water Quality Parameter Estimation\wq_pipeline\artifacts\tolerance_7d\prepared\chips\train\sample_FI_00001151.npz,D:\Water Quality Parameter Estimation\wq_pipeline\artifacts\tolerance_7d\prepared\chips\train\sample_FI_00001151.png,ok,,S2A_MSIL2A_20231024T095051_R079_T35VML_20231024T121659,2023-10-24,0,0.239923,75.2737058244509,0.0,256,128,0,0,9,"B02,B03,B04,B08"
FI_00001152,2023-11-08,63.728776901271246,26.38240528354664,D:\Water Quality Parameter Estimation\wq_pipeline\artifacts\tolerance_7d\prepared\chips\train\sample_FI_00001152.npz,D:\Water Quality Parameter Estimation\wq_pipeline\artifacts\tolerance_7d\prepared\chips\train\sample_FI_00001152.png,ok,,S2B_MSIL2A_20231111T100149_R122_T35VML_20231111T184508,2023-11-11,3,34.620345,80.936512522651,0.0,256,128,0,0,9,"B02,B03,B04,B08"
FI_00001153,2023-11-08,63.728776901271246,26.38240528354664,D:\Water Quality Parameter Estimation\wq_pipeline\artifacts\tolerance_7d\prepared\chips\train\sample_FI_00001153.npz,D:\Water Quality Parameter Estimation\wq_pipeline\artifacts\tolerance_7d\prepared\chips\train\sample_FI_00001153.png,ok,,S2B_MSIL2A_20231111T100149_R122_T35VML_20231111T184508,2023-11-11,3,34.620345,80.936512522651,0.0,256,128,0,0,9,"B02,B03,B04,B08"
FI_00001154,2023-11-08,63.728776901271246,26.38240528354664,D:\Water Quality Parameter Estimation\wq_pipeline\artifacts\tolerance_7d\prepared\chips\train\sample_FI_00001154.npz,D:\Water Quality Parameter Estimation\wq_pipeline\artifacts\tolerance_7d\prepared\chips\train\sample_FI_00001154.png,ok,,S2B_MSIL2A_20231111T100149_R122_T35VML_20231111T184508,2023-11-11,3,34.620345,80.936512522651,0.0,256,128,0,0,9,"B02,B03,B04,B08"
FI_00001155,2023-11-08,63.728776901271246,26.38240528354664,D:\Water Quality Parameter Estimation\wq_pipeline\artifacts\tolerance_7d\prepared\chips\train\sample_FI_00001155.npz,D:\Water Quality Parameter Estimation\wq_pipeline\artifacts\tolerance_7d\prepared\chips\train\sample_FI_00001155.png,ok,,S2B_MSIL2A_20231111T100149_R122_T35VML_20231111T184508,2023-11-11,3,34.620345,80.936512522651,0.0,256,128,0,0,9,"B02,B03,B04,B08"
FI_00001156,2023-11-08,63.728776901271246,26.38240528354664,D:\Water Quality Parameter Estimation\wq_pipeline\artifacts\tolerance_7d\prepared\chips\train\sample_FI_00001156.npz,D:\Water Quality Parameter Estimation\wq_pipeline\artifacts\tolerance_7d\prepared\chips\train\sample_FI_00001156.png,ok,,S2B_MSIL2A_20231111T100149_R122_T35VML_20231111T184508,2023-11-11,3,34.620345,80.936512522651,0.0,256,128,0,0,9,"B02,B03,B04,B08"
FI_00001157,2023-11-08,63.728776901271246,26.38240528354664,D:\Water Quality Parameter Estimation\wq_pipeline\artifacts\tolerance_7d\prepared\chips\train\sample_FI_00001157.npz,D:\Water Quality Parameter Estimation\wq_pipeline\artifacts\tolerance_7d\prepared\chips\train\sample_FI_00001157.png,ok,,S2B_MSIL2A_20231111T100149_R122_T35VML_20231111T184508,2023-11-11,3,34.620345,80.936512522651,0.0,256,128,0,0,9,"B02,B03,B04,B08"
FI_00001158,2023-11-22,63.728776901271246,26.38240528354664,,,no_match,no_stac_item,,,,,,,256,128,0,0,0,"B02,B03,B04,B08"
FI_00001159,2023-11-22,63.728776901271246,26.38240528354664,,,no_match,no_stac_item,,,,,,,256,128,0,0,0,"B02,B03,B04,B08"
FI_00001160,2023-11-22,63.728776901271246,26.38240528354664,,,no_match,no_stac_item,,,,,,,256,128,0,0,0,"B02,B03,B04,B08"
FI_00001161,2023-11-22,63.728776901271246,26.38240528354664,,,no_match,no_stac_item,,,,,,,256,128,0,0,0,"B02,B03,B04,B08"
FI_00001162,2023-11-22,63.728776901271246,26.38240528354664,,,no_match,no_stac_item,,,,,,,256,128,0,0,0,"B02,B03,B04,B08"
FI_00001163,2023-11-22,63.728776901271246,26.38240528354664,,,no_match,no_stac_item,,,,,,,256,128,0,0,0,"B02,B03,B04,B08"
FI_00001164,2023-12-13,63.728776901271246,26.38240528354664,,,no_match,no_stac_item,,,,,,,256,128,0,0,0,"B02,B03,B04,B08"
FI_00001165,2023-12-13,63.728776901271246,26.38240528354664,,,no_match,no_stac_item,,,,,,,256,128,0,0,0,"B02,B03,B04,B08"
FI_00001166,2023-12-13,63.728776901271246,26.38240528354664,,,no_match,no_stac_item,,,,,,,256,128,0,0,0,"B02,B03,B04,B08"
FI_00001167,2023-12-13,63.728776901271246,26.38240528354664,,,no_match,no_stac_item,,,,,,,256,128,0,0,0,"B02,B03,B04,B08"
FI_00001168,2023-12-13,63.728776901271246,26.38240528354664,,,no_match,no_stac_item,,,,,,,256,128,0,0,0,"B02,B03,B04,B08"
FI_00001169,2023-12-13,63.728776901271246,26.38240528354664,,,no_match,no_stac_item,,,,,,,256,128,0,0,0,"B02,B03,B04,B08"
FI_00001176,2024-02-14,63.728776901271246,26.38240528354664,,,rejected,nodata_reject,S2B_MSIL2A_20240213T094029_R036_T35VML_20240213T121531,2024-02-13,1,2.968079,77.526763292578,1.0,256,128,0,0,9,"B02,B03,B04,B08"
FI_00001177,2024-02-14,63.728776901271246,26.38240528354664,,,rejected,nodata_reject,S2B_MSIL2A_20240213T094029_R036_T35VML_20240213T121531,2024-02-13,1,2.968079,77.526763292578,1.0,256,128,0,0,9,"B02,B03,B04,B08"
FI_00001178,2024-02-14,63.728776901271246,26.38240528354664,,,rejected,nodata_reject,S2B_MSIL2A_20240213T094029_R036_T35VML_20240213T121531,2024-02-13,1,2.968079,77.526763292578,1.0,256,128,0,0,9,"B02,B03,B04,B08"
FI_00001179,2024-02-14,63.728776901271246,26.38240528354664,,,rejected,nodata_reject,S2B_MSIL2A_20240213T094029_R036_T35VML_20240213T121531,2024-02-13,1,2.968079,77.526763292578,1.0,256,128,0,0,9,"B02,B03,B04,B08"
FI_00001180,2024-02-14,63.728776901271246,26.38240528354664,,,rejected,nodata_reject,S2B_MSIL2A_20240213T094029_R036_T35VML_20240213T121531,2024-02-13,1,2.968079,77.526763292578,1.0,256,128,0,0,9,"B02,B03,B04,B08"
FI_00001181,2024-02-14,63.728776901271246,26.38240528354664,,,rejected,nodata_reject,S2B_MSIL2A_20240213T094029_R036_T35VML_20240213T121531,2024-02-13,1,2.968079,77.526763292578,1.0,256,128,0,0,9,"B02,B03,B04,B08"
FI_00001182,2024-03-11,63.728776901271246,26.38240528354664,D:\Water Quality Parameter Estimation\wq_pipeline\artifacts\tolerance_7d\prepared\chips\train\sample_FI_00001182.npz,D:\Water Quality Parameter Estimation\wq_pipeline\artifacts\tolerance_7d\prepared\chips\train\sample_FI_00001182.png,ok,,S2A_MSIL2A_20240312T095031_R079_T35VML_20240313T155112,2024-03-12,1,0.757496,66.8568301258194,1.9073486328125e-05,256,128,0,0,9,"B02,B03,B04,B08"
FI_00001183,2024-03-11,63.728776901271246,26.38240528354664,D:\Water Quality Parameter Estimation\wq_pipeline\artifacts\tolerance_7d\prepared\chips\train\sample_FI_00001183.npz,D:\Water Quality Parameter Estimation\wq_pipeline\artifacts\tolerance_7d\prepared\chips\train\sample_FI_00001183.png,ok,,S2A_MSIL2A_20240312T095031_R079_T35VML_20240313T155112,2024-03-12,1,0.757496,66.8568301258194,1.9073486328125e-05,256,128,0,0,9,"B02,B03,B04,B08"
FI_00001184,2024-03-11,63.728776901271246,26.38240528354664,D:\Water Quality Parameter Estimation\wq_pipeline\artifacts\tolerance_7d\prepared\chips\train\sample_FI_00001184.npz,D:\Water Quality Parameter Estimation\wq_pipeline\artifacts\tolerance_7d\prepared\chips\train\sample_FI_00001184.png,ok,,S2A_MSIL2A_20240312T095031_R079_T35VML_20240313T155112,2024-03-12,1,0.757496,66.8568301258194,1.9073486328125e-05,256,128,0,0,9,"B02,B03,B04,B08"
FI_00001185,2024-03-11,63.728776901271246,26.38240528354664,D:\Water Quality Parameter Estimation\wq_pipeline\artifacts\tolerance_7d\prepared\chips\train\sample_FI_00001185.npz,D:\Water Quality Parameter Estimation\wq_pipeline\artifacts\tolerance_7d\prepared\chips\train\sample_FI_00001185.png,ok,,S2A_MSIL2A_20240312T095031_R079_T35VML_20240313T155112,2024-03-12,1,0.757496,66.8568301258194,1.9073486328125e-05,256,128,0,0,9,"B02,B03,B04,B08"
FI_00001186,2024-03-11,63.728776901271246,26.38240528354664,D:\Water Quality Parameter Estimation\wq_pipeline\artifacts\tolerance_7d\prepared\chips\train\sample_FI_00001186.npz,D:\Water Quality Parameter Estimation\wq_pipeline\artifacts\tolerance_7d\prepared\chips\train\sample_FI_00001186.png,ok,,S2A_MSIL2A_20240312T095031_R079_T35VML_20240313T155112,2024-03-12,1,0.757496,66.8568301258194,1.9073486328125e-05,256,128,0,0,9,"B02,B03,B04,B08"
FI_00001187,2024-03-11,63.728776901271246,26.38240528354664,D:\Water Quality Parameter Estimation\wq_pipeline\artifacts\tolerance_7d\prepared\chips\train\sample_FI_00001187.npz,D:\Water Quality Parameter Estimation\wq_pipeline\artifacts\tolerance_7d\prepared\chips\train\sample_FI_00001187.png,ok,,S2A_MSIL2A_20240312T095031_R079_T35VML_20240313T155112,2024-03-12,1,0.757496,66.8568301258194,1.9073486328125e-05,256,128,0,0,9,"B02,B03,B04,B08"
FI_00001188,2024-04-02,63.728776901271246,26.38240528354664,D:\Water Quality Parameter Estimation\wq_pipeline\artifacts\tolerance_7d\prepared\chips\train\sample_FI_00001188.npz,D:\Water Quality Parameter Estimation\wq_pipeline\artifacts\tolerance_7d\prepared\chips\train\sample_FI_00001188.png,ok,,S2A_MSIL2A_20240404T100021_R122_T35VML_20240404T152624,2024-04-04,2,4.591338,57.6447352152704,7.62939453125e-06,256,128,0,0,9,"B02,B03,B04,B08"
FI_00001189,2024-04-02,63.728776901271246,26.38240528354664,D:\Water Quality Parameter Estimation\wq_pipeline\artifacts\tolerance_7d\prepared\chips\train\sample_FI_00001189.npz,D:\Water Quality Parameter Estimation\wq_pipeline\artifacts\tolerance_7d\prepared\chips\train\sample_FI_00001189.png,ok,,S2A_MSIL2A_20240404T100021_R122_T35VML_20240404T152624,2024-04-04,2,4.591338,57.6447352152704,7.62939453125e-06,256,128,0,0,9,"B02,B03,B04,B08"
FI_00001190,2024-04-02,63.728776901271246,26.38240528354664,D:\Water Quality Parameter Estimation\wq_pipeline\artifacts\tolerance_7d\prepared\chips\train\sample_FI_00001190.npz,D:\Water Quality Parameter Estimation\wq_pipeline\artifacts\tolerance_7d\prepared\chips\train\sample_FI_00001190.png,ok,,S2A_MSIL2A_20240404T100021_R122_T35VML_20240404T152624,2024-04-04,2,4.591338,57.6447352152704,7.62939453125e-06,256,128,0,0,9,"B02,B03,B04,B08"
FI_00001191,2024-04-02,63.728776901271246,26.38240528354664,D:\Water Quality Parameter Estimation\wq_pipeline\artifacts\tolerance_7d\prepared\chips\train\sample_FI_00001191.npz,D:\Water Quality Parameter Estimation\wq_pipeline\artifacts\tolerance_7d\prepared\chips\train\sample_FI_00001191.png,ok,,S2A_MSIL2A_20240404T100021_R122_T35VML_20240404T152624,2024-04-04,2,4.591338,57.6447352152704,7.62939453125e-06,256,128,0,0,9,"B02,B03,B04,B08"
FI_00001192,2024-04-02,63.728776901271246,26.38240528354664,D:\Water Quality Parameter Estimation\wq_pipeline\artifacts\tolerance_7d\prepared\chips\train\sample_FI_00001192.npz,D:\Water Quality Parameter Estimation\wq_pipeline\artifacts\tolerance_7d\prepared\chips\train\sample_FI_00001192.png,ok,,S2A_MSIL2A_20240404T100021_R122_T35VML_20240404T152624,2024-04-04,2,4.591338,57.6447352152704,7.62939453125e-06,256,128,0,0,9,"B02,B03,B04,B08"
FI_00001193,2024-04-02,63.728776901271246,26.38240528354664,D:\Water Quality Parameter Estimation\wq_pipeline\artifacts\tolerance_7d\prepared\chips\train\sample_FI_00001193.npz,D:\Water Quality Parameter Estimation\wq_pipeline\artifacts\tolerance_7d\prepared\chips\train\sample_FI_00001193.png,ok,,S2A_MSIL2A_20240404T100021_R122_T35VML_20240404T152624,2024-04-04,2,4.591338,57.6447352152704,7.62939453125e-06,256,128,0,0,9,"B02,B03,B04,B08"
FI_00001194,2024-04-09,63.728776901271246,26.38240528354664,D:\Water Quality Parameter Estimation\wq_pipeline\artifacts\tolerance_7d\prepared\chips\train\sample_FI_00001194.npz,D:\Water Quality Parameter Estimation\wq_pipeline\artifacts\tolerance_7d\prepared\chips\train\sample_FI_00001194.png,ok,,S2B_MSIL2A_20240409T095549_R122_T35VML_20240411T002152,2024-04-09,0,39.579254,55.754770763297,1.1444091796875e-05,256,128,0,0,9,"B02,B03,B04,B08"
FI_00001195,2024-04-09,63.728776901271246,26.38240528354664,D:\Water Quality Parameter Estimation\wq_pipeline\artifacts\tolerance_7d\prepared\chips\train\sample_FI_00001195.npz,D:\Water Quality Parameter Estimation\wq_pipeline\artifacts\tolerance_7d\prepared\chips\train\sample_FI_00001195.png,ok,,S2B_MSIL2A_20240409T095549_R122_T35VML_20240411T002152,2024-04-09,0,39.579254,55.754770763297,1.1444091796875e-05,256,128,0,0,9,"B02,B03,B04,B08"
FI_00001196,2024-04-09,63.728776901271246,26.38240528354664,D:\Water Quality Parameter Estimation\wq_pipeline\artifacts\tolerance_7d\prepared\chips\train\sample_FI_00001196.npz,D:\Water Quality Parameter Estimation\wq_pipeline\artifacts\tolerance_7d\prepared\chips\train\sample_FI_00001196.png,ok,,S2B_MSIL2A_20240409T095549_R122_T35VML_20240411T002152,2024-04-09,0,39.579254,55.754770763297,1.1444091796875e-05,256,128,0,0,9,"B02,B03,B04,B08"
FI_00001197,2024-04-09,63.728776901271246,26.38240528354664,D:\Water Quality Parameter Estimation\wq_pipeline\artifacts\tolerance_7d\prepared\chips\train\sample_FI_00001197.npz,D:\Water Quality Parameter Estimation\wq_pipeline\artifacts\tolerance_7d\prepared\chips\train\sample_FI_00001197.png,ok,,S2B_MSIL2A_20240409T095549_R122_T35VML_20240411T002152,2024-04-09,0,39.579254,55.754770763297,1.1444091796875e-05,256,128,0,0,9,"B02,B03,B04,B08"
FI_00001198,2024-04-09,63.728776901271246,26.38240528354664,D:\Water Quality Parameter Estimation\wq_pipeline\artifacts\tolerance_7d\prepared\chips\train\sample_FI_00001198.npz,D:\Water Quality Parameter Estimation\wq_pipeline\artifacts\tolerance_7d\prepared\chips\train\sample_FI_00001198.png,ok,,S2B_MSIL2A_20240409T095549_R122_T35VML_20240411T002152,2024-04-09,0,39.579254,55.754770763297,1.1444091796875e-05,256,128,0,0,9,"B02,B03,B04,B08"
FI_00001199,2024-04-09,63.728776901271246,26.38240528354664,D:\Water Quality Parameter Estimation\wq_pipeline\artifacts\tolerance_7d\prepared\chips\train\sample_FI_00001199.npz,D:\Water Quality Parameter Estimation\wq_pipeline\artifacts\tolerance_7d\prepared\chips\train\sample_FI_00001199.png,ok,,S2B_MSIL2A_20240409T095549_R122_T35VML_20240411T002152,2024-04-09,0,39.579254,55.754770763297,1.1444091796875e-05,256,128,0,0,9,"B02,B03,B04,B08"
FI_00001200,2024-04-17,63.728776901271246,26.38240528354664,,,rejected,nodata_reject,S2A_MSIL2A_20240418T094031_R036_T35VML_20240418T141439,2024-04-18,1,16.715536,52.7714701357793,1.0,256,128,0,0,9,"B02,B03,B04,B08"
FI_00001201,2024-04-17,63.728776901271246,26.38240528354664,,,rejected,nodata_reject,S2A_MSIL2A_20240418T094031_R036_T35VML_20240418T141439,2024-04-18,1,16.715536,52.7714701357793,1.0,256,128,0,0,9,"B02,B03,B04,B08"
FI_00001202,2024-04-17,63.728776901271246,26.38240528354664,,,rejected,nodata_reject,S2A_MSIL2A_20240418T094031_R036_T35VML_20240418T141439,2024-04-18,1,16.715536,52.7714701357793,1.0,256,128,0,0,9,"B02,B03,B04,B08"
FI_00001203,2024-04-17,63.728776901271246,26.38240528354664,,,rejected,nodata_reject,S2A_MSIL2A_20240418T094031_R036_T35VML_20240418T141439,2024-04-18,1,16.715536,52.7714701357793,1.0,256,128,0,0,9,"B02,B03,B04,B08"
FI_00001204,2024-04-17,63.728776901271246,26.38240528354664,,,rejected,nodata_reject,S2A_MSIL2A_20240418T094031_R036_T35VML_20240418T141439,2024-04-18,1,16.715536,52.7714701357793,1.0,256,128,0,0,9,"B02,B03,B04,B08"
FI_00001205,2024-04-17,63.728776901271246,26.38240528354664,,,rejected,nodata_reject,S2A_MSIL2A_20240418T094031_R036_T35VML_20240418T141439,2024-04-18,1,16.715536,52.7714701357793,1.0,256,128,0,0,9,"B02,B03,B04,B08"
FI_00001206,2024-04-22,63.728776901271246,26.38240528354664,D:\Water Quality Parameter Estimation\wq_pipeline\artifacts\tolerance_7d\prepared\chips\train\sample_FI_00001206.npz,D:\Water Quality Parameter Estimation\wq_pipeline\artifacts\tolerance_7d\prepared\chips\train\sample_FI_00001206.png,ok,,S2B_MSIL2A_20240419T095549_R122_T35VML_20240419T130841,2024-04-19,3,35.439774,52.1579327184557,4.9591064453125e-05,256,128,0,0,9,"B02,B03,B04,B08"
FI_00001207,2024-04-22,63.728776901271246,26.38240528354664,D:\Water Quality Parameter Estimation\wq_pipeline\artifacts\tolerance_7d\prepared\chips\train\sample_FI_00001207.npz,D:\Water Quality Parameter Estimation\wq_pipeline\artifacts\tolerance_7d\prepared\chips\train\sample_FI_00001207.png,ok,,S2B_MSIL2A_20240419T095549_R122_T35VML_20240419T130841,2024-04-19,3,35.439774,52.1579327184557,4.9591064453125e-05,256,128,0,0,9,"B02,B03,B04,B08"
FI_00001208,2024-04-22,63.728776901271246,26.38240528354664,D:\Water Quality Parameter Estimation\wq_pipeline\artifacts\tolerance_7d\prepared\chips\train\sample_FI_00001208.npz,D:\Water Quality Parameter Estimation\wq_pipeline\artifacts\tolerance_7d\prepared\chips\train\sample_FI_00001208.png,ok,,S2B_MSIL2A_20240419T095549_R122_T35VML_20240419T130841,2024-04-19,3,35.439774,52.1579327184557,4.9591064453125e-05,256,128,0,0,9,"B02,B03,B04,B08"
FI_00001209,2024-04-22,63.728776901271246,26.38240528354664,D:\Water Quality Parameter Estimation\wq_pipeline\artifacts\tolerance_7d\prepared\chips\train\sample_FI_00001209.npz,D:\Water Quality Parameter Estimation\wq_pipeline\artifacts\tolerance_7d\prepared\chips\train\sample_FI_00001209.png,ok,,S2B_MSIL2A_20240419T095549_R122_T35VML_20240419T130841,2024-04-19,3,35.439774,52.1579327184557,4.9591064453125e-05,256,128,0,0,9,"B02,B03,B04,B08"
FI_00001210,2024-04-22,63.728776901271246,26.38240528354664,D:\Water Quality Parameter Estimation\wq_pipeline\artifacts\tolerance_7d\prepared\chips\train\sample_FI_00001210.npz,D:\Water Quality Parameter Estimation\wq_pipeline\artifacts\tolerance_7d\prepared\chips\train\sample_FI_00001210.png,ok,,S2B_MSIL2A_20240419T095549_R122_T35VML_20240419T130841,2024-04-19,3,35.439774,52.1579327184557,4.9591064453125e-05,256,128,0,0,9,"B02,B03,B04,B08"
FI_00001211,2024-04-22,63.728776901271246,26.38240528354664,D:\Water Quality Parameter Estimation\wq_pipeline\artifacts\tolerance_7d\prepared\chips\train\sample_FI_00001211.npz,D:\Water Quality Parameter Estimation\wq_pipeline\artifacts\tolerance_7d\prepared\chips\train\sample_FI_00001211.png,ok,,S2B_MSIL2A_20240419T095549_R122_T35VML_20240419T130841,2024-04-19,3,35.439774,52.1579327184557,4.9591064453125e-05,256,128,0,0,9,"B02,B03,B04,B08"
FI_00001212,2024-04-29,63.728776901271246,26.38240528354664,D:\Water Quality Parameter Estimation\wq_pipeline\artifacts\tolerance_7d\prepared\chips\train\sample_FI_00001212.npz,D:\Water Quality Parameter Estimation\wq_pipeline\artifacts\tolerance_7d\prepared\chips\train\sample_FI_00001212.png,ok,,S2A_MSIL2A_20240501T095031_R079_T35VML_20240501T154012,2024-05-01,2,0.519995,48.3679901439514,4.57763671875e-05,256,128,0,0,9,"B02,B03,B04,B08"
FI_00001213,2024-04-29,63.728776901271246,26.38240528354664,D:\Water Quality Parameter Estimation\wq_pipeline\artifacts\tolerance_7d\prepared\chips\train\sample_FI_00001213.npz,D:\Water Quality Parameter Estimation\wq_pipeline\artifacts\tolerance_7d\prepared\chips\train\sample_FI_00001213.png,ok,,S2A_MSIL2A_20240501T095031_R079_T35VML_20240501T154012,2024-05-01,2,0.519995,48.3679901439514,4.57763671875e-05,256,128,0,0,9,"B02,B03,B04,B08"
FI_00001214,2024-04-29,63.728776901271246,26.38240528354664,D:\Water Quality Parameter Estimation\wq_pipeline\artifacts\tolerance_7d\prepared\chips\train\sample_FI_00001214.npz,D:\Water Quality Parameter Estimation\wq_pipeline\artifacts\tolerance_7d\prepared\chips\train\sample_FI_00001214.png,ok,,S2A_MSIL2A_20240501T095031_R079_T35VML_20240501T154012,2024-05-01,2,0.519995,48.3679901439514,4.57763671875e-05,256,128,0,0,9,"B02,B03,B04,B08"
FI_00001215,2024-04-29,63.728776901271246,26.38240528354664,D:\Water Quality Parameter Estimation\wq_pipeline\artifacts\tolerance_7d\prepared\chips\train\sample_FI_00001215.npz,D:\Water Quality Parameter Estimation\wq_pipeline\artifacts\tolerance_7d\prepared\chips\train\sample_FI_00001215.png,ok,,S2A_MSIL2A_20240501T095031_R079_T35VML_20240501T154012,2024-05-01,2,0.519995,48.3679901439514,4.57763671875e-05,256,128,0,0,9,"B02,B03,B04,B08"
FI_00001216,2024-04-29,63.728776901271246,26.38240528354664,D:\Water Quality Parameter Estimation\wq_pipeline\artifacts\tolerance_7d\prepared\chips\train\sample_FI_00001216.npz,D:\Water Quality Parameter Estimation\wq_pipeline\artifacts\tolerance_7d\prepared\chips\train\sample_FI_00001216.png,ok,,S2A_MSIL2A_20240501T095031_R079_T35VML_20240501T154012,2024-05-01,2,0.519995,48.3679901439514,4.57763671875e-05,256,128,0,0,9,"B02,B03,B04,B08"
FI_00001217,2024-04-29,63.728776901271246,26.38240528354664,D:\Water Quality Parameter Estimation\wq_pipeline\artifacts\tolerance_7d\prepared\chips\train\sample_FI_00001217.npz,D:\Water Quality Parameter Estimation\wq_pipeline\artifacts\tolerance_7d\prepared\chips\train\sample_FI_00001217.png,ok,,S2A_MSIL2A_20240501T095031_R079_T35VML_20240501T154012,2024-05-01,2,0.519995,48.3679901439514,4.57763671875e-05,256,128,0,0,9,"B02,B03,B04,B08"
FI_00001218,2024-05-06,63.728776901271246,26.38240528354664,,,rejected,nodata_reject,S2A_MSIL2A_20240508T094031_R036_T35VML_20240508T152228,2024-05-08,2,11.30312,46.5296337506074,1.0,256,128,0,0,9,"B02,B03,B04,B08"
FI_00001219,2024-05-06,63.728776901271246,26.38240528354664,,,rejected,nodata_reject,S2A_MSIL2A_20240508T094031_R036_T35VML_20240508T152228,2024-05-08,2,11.30312,46.5296337506074,1.0,256,128,0,0,9,"B02,B03,B04,B08"
FI_00001220,2024-05-06,63.728776901271246,26.38240528354664,,,rejected,nodata_reject,S2A_MSIL2A_20240508T094031_R036_T35VML_20240508T152228,2024-05-08,2,11.30312,46.5296337506074,1.0,256,128,0,0,9,"B02,B03,B04,B08"
FI_00001221,2024-05-06,63.728776901271246,26.38240528354664,,,rejected,nodata_reject,S2A_MSIL2A_20240508T094031_R036_T35VML_20240508T152228,2024-05-08,2,11.30312,46.5296337506074,1.0,256,128,0,0,9,"B02,B03,B04,B08"
FI_00001222,2024-05-06,63.728776901271246,26.38240528354664,,,rejected,nodata_reject,S2A_MSIL2A_20240508T094031_R036_T35VML_20240508T152228,2024-05-08,2,11.30312,46.5296337506074,1.0,256,128,0,0,9,"B02,B03,B04,B08"
FI_00001223,2024-05-06,63.728776901271246,26.38240528354664,,,rejected,nodata_reject,S2A_MSIL2A_20240508T094031_R036_T35VML_20240508T152228,2024-05-08,2,11.30312,46.5296337506074,1.0,256,128,0,0,9,"B02,B03,B04,B08"
FI_00001224,2024-05-15,63.728776901271246,26.38240528354664,,,rejected,nodata_reject,S2A_MSIL2A_20240518T094031_R036_T35VML_20240518T141535,2024-05-18,3,0.016008,44.1104022473025,1.0,256,128,0,0,9,"B02,B03,B04,B08"
FI_00001225,2024-05-15,63.728776901271246,26.38240528354664,,,rejected,nodata_reject,S2A_MSIL2A_20240518T094031_R036_T35VML_20240518T141535,2024-05-18,3,0.016008,44.1104022473025,1.0,256,128,0,0,9,"B02,B03,B04,B08"
FI_00001226,2024-05-15,63.728776901271246,26.38240528354664,,,rejected,nodata_reject,S2A_MSIL2A_20240518T094031_R036_T35VML_20240518T141535,2024-05-18,3,0.016008,44.1104022473025,1.0,256,128,0,0,9,"B02,B03,B04,B08"
FI_00001227,2024-05-15,63.728776901271246,26.38240528354664,,,rejected,nodata_reject,S2A_MSIL2A_20240518T094031_R036_T35VML_20240518T141535,2024-05-18,3,0.016008,44.1104022473025,1.0,256,128,0,0,9,"B02,B03,B04,B08"
FI_00001228,2024-05-15,63.728776901271246,26.38240528354664,,,rejected,nodata_reject,S2A_MSIL2A_20240518T094031_R036_T35VML_20240518T141535,2024-05-18,3,0.016008,44.1104022473025,1.0,256,128,0,0,9,"B02,B03,B04,B08"
FI_00001229,2024-05-15,63.728776901271246,26.38240528354664,,,rejected,nodata_reject,S2A_MSIL2A_20240518T094031_R036_T35VML_20240518T141535,2024-05-18,3,0.016008,44.1104022473025,1.0,256,128,0,0,9,"B02,B03,B04,B08"
FI_00001230,2024-05-22,63.728776901271246,26.38240528354664,,,rejected,nodata_reject,S2B_MSIL2A_20240523T093549_R036_T35VML_20240523T122050,2024-05-23,1,25.746319,43.1131664994073,1.0,256,128,0,0,9,"B02,B03,B04,B08"
FI_00001231,2024-05-22,63.728776901271246,26.38240528354664,,,rejected,nodata_reject,S2B_MSIL2A_20240523T093549_R036_T35VML_20240523T122050,2024-05-23,1,25.746319,43.1131664994073,1.0,256,128,0,0,9,"B02,B03,B04,B08"
FI_00001232,2024-05-22,63.728776901271246,26.38240528354664,,,rejected,nodata_reject,S2B_MSIL2A_20240523T093549_R036_T35VML_20240523T122050,2024-05-23,1,25.746319,43.1131664994073,1.0,256,128,0,0,9,"B02,B03,B04,B08"
FI_00001233,2024-05-22,63.728776901271246,26.38240528354664,,,rejected,nodata_reject,S2B_MSIL2A_20240523T093549_R036_T35VML_20240523T122050,2024-05-23,1,25.746319,43.1131664994073,1.0,256,128,0,0,9,"B02,B03,B04,B08"
FI_00001234,2024-05-22,63.728776901271246,26.38240528354664,,,rejected,nodata_reject,S2B_MSIL2A_20240523T093549_R036_T35VML_20240523T122050,2024-05-23,1,25.746319,43.1131664994073,1.0,256,128,0,0,9,"B02,B03,B04,B08"
FI_00001235,2024-05-22,63.728776901271246,26.38240528354664,,,rejected,nodata_reject,S2B_MSIL2A_20240523T093549_R036_T35VML_20240523T122050,2024-05-23,1,25.746319,43.1131664994073,1.0,256,128,0,0,9,"B02,B03,B04,B08"
FI_00001236,2024-05-27,63.728776901271246,26.38240528354664,,,rejected,nodata_reject,S2A_MSIL2A_20240528T094031_R036_T35VML_20240528T141609,2024-05-28,1,12.870567,42.2666289049258,1.0,256,128,0,0,9,"B02,B03,B04,B08"
FI_00001237,2024-05-27,63.728776901271246,26.38240528354664,,,rejected,nodata_reject,S2A_MSIL2A_20240528T094031_R036_T35VML_20240528T141609,2024-05-28,1,12.870567,42.2666289049258,1.0,256,128,0,0,9,"B02,B03,B04,B08"
FI_00001238,2024-05-27,63.728776901271246,26.38240528354664,,,rejected,nodata_reject,S2A_MSIL2A_20240528T094031_R036_T35VML_20240528T141609,2024-05-28,1,12.870567,42.2666289049258,1.0,256,128,0,0,9,"B02,B03,B04,B08"
FI_00001239,2024-05-27,63.728776901271246,26.38240528354664,,,rejected,nodata_reject,S2A_MSIL2A_20240528T094031_R036_T35VML_20240528T141609,2024-05-28,1,12.870567,42.2666289049258,1.0,256,128,0,0,9,"B02,B03,B04,B08"
FI_00001240,2024-05-27,63.728776901271246,26.38240528354664,,,rejected,nodata_reject,S2A_MSIL2A_20240528T094031_R036_T35VML_20240528T141609,2024-05-28,1,12.870567,42.2666289049258,1.0,256,128,0,0,9,"B02,B03,B04,B08"
FI_00001241,2024-05-27,63.728776901271246,26.38240528354664,,,rejected,nodata_reject,S2A_MSIL2A_20240528T094031_R036_T35VML_20240528T141609,2024-05-28,1,12.870567,42.2666289049258,1.0,256,128,0,0,9,"B02,B03,B04,B08"
FI_00001242,2024-06-19,63.728776901271246,26.38240528354664,,,rejected,nodata_reject,S2A_MSIL2A_20240617T094041_R036_T35VML_20240617T153421,2024-06-17,2,28.009385,40.5260138780866,1.0,256,128,0,0,9,"B02,B03,B04,B08"
FI_00001243,2024-06-19,63.728776901271246,26.38240528354664,,,rejected,nodata_reject,S2A_MSIL2A_20240617T094041_R036_T35VML_20240617T153421,2024-06-17,2,28.009385,40.5260138780866,1.0,256,128,0,0,9,"B02,B03,B04,B08"
FI_00001244,2024-06-19,63.728776901271246,26.38240528354664,,,rejected,nodata_reject,S2A_MSIL2A_20240617T094041_R036_T35VML_20240617T153421,2024-06-17,2,28.009385,40.5260138780866,1.0,256,128,0,0,9,"B02,B03,B04,B08"
FI_00001245,2024-06-19,63.728776901271246,26.38240528354664,,,rejected,nodata_reject,S2A_MSIL2A_20240617T094041_R036_T35VML_20240617T153421,2024-06-17,2,28.009385,40.5260138780866,1.0,256,128,0,0,9,"B02,B03,B04,B08"
FI_00001246,2024-06-19,63.728776901271246,26.38240528354664,,,rejected,nodata_reject,S2A_MSIL2A_20240617T094041_R036_T35VML_20240617T153421,2024-06-17,2,28.009385,40.5260138780866,1.0,256,128,0,0,9,"B02,B03,B04,B08"
FI_00001247,2024-06-19,63.728776901271246,26.38240528354664,,,rejected,nodata_reject,S2A_MSIL2A_20240617T094041_R036_T35VML_20240617T153421,2024-06-17,2,28.009385,40.5260138780866,1.0,256,128,0,0,9,"B02,B03,B04,B08"
FI_00001248,2024-07-16,63.728776901271246,26.38240528354664,,,rejected,nodata_reject,S2B_MSIL2A_20240722T093549_R036_T35VML_20240722T141846,2024-07-22,6,0.606185,43.9075402883756,1.0,256,128,0,0,9,"B02,B03,B04,B08"
FI_00001249,2024-07-16,63.728776901271246,26.38240528354664,,,rejected,nodata_reject,S2B_MSIL2A_20240722T093549_R036_T35VML_20240722T141846,2024-07-22,6,0.606185,43.9075402883756,1.0,256,128,0,0,9,"B02,B03,B04,B08"
FI_00001250,2024-07-16,63.728776901271246,26.38240528354664,,,rejected,nodata_reject,S2B_MSIL2A_20240722T093549_R036_T35VML_20240722T141846,2024-07-22,6,0.606185,43.9075402883756,1.0,256,128,0,0,9,"B02,B03,B04,B08"
FI_00001251,2024-07-16,63.728776901271246,26.38240528354664,,,rejected,nodata_reject,S2B_MSIL2A_20240722T093549_R036_T35VML_20240722T141846,2024-07-22,6,0.606185,43.9075402883756,1.0,256,128,0,0,9,"B02,B03,B04,B08"
FI_00001252,2024-07-16,63.728776901271246,26.38240528354664,,,rejected,nodata_reject,S2B_MSIL2A_20240722T093549_R036_T35VML_20240722T141846,2024-07-22,6,0.606185,43.9075402883756,1.0,256,128,0,0,9,"B02,B03,B04,B08"
FI_00001253,2024-07-16,63.728776901271246,26.38240528354664,,,rejected,nodata_reject,S2B_MSIL2A_20240722T093549_R036_T35VML_20240722T141846,2024-07-22,6,0.606185,43.9075402883756,1.0,256,128,0,0,9,"B02,B03,B04,B08"
FI_00001254,2024-08-07,63.728776901271246,26.38240528354664,D:\Water Quality Parameter Estimation\wq_pipeline\artifacts\tolerance_7d\prepared\chips\train\sample_FI_00001254.npz,D:\Water Quality Parameter Estimation\wq_pipeline\artifacts\tolerance_7d\prepared\chips\train\sample_FI_00001254.png,ok,,S2B_MSIL2A_20240807T095549_R122_T35VML_20240807T132638,2024-08-07,0,0.081528,47.4234474647452,0.0,256,128,0,0,9,"B02,B03,B04,B08"
FI_00001255,2024-08-07,63.728776901271246,26.38240528354664,D:\Water Quality Parameter Estimation\wq_pipeline\artifacts\tolerance_7d\prepared\chips\train\sample_FI_00001255.npz,D:\Water Quality Parameter Estimation\wq_pipeline\artifacts\tolerance_7d\prepared\chips\train\sample_FI_00001255.png,ok,,S2B_MSIL2A_20240807T095549_R122_T35VML_20240807T132638,2024-08-07,0,0.081528,47.4234474647452,0.0,256,128,0,0,9,"B02,B03,B04,B08"
FI_00001256,2024-08-07,63.728776901271246,26.38240528354664,D:\Water Quality Parameter Estimation\wq_pipeline\artifacts\tolerance_7d\prepared\chips\train\sample_FI_00001256.npz,D:\Water Quality Parameter Estimation\wq_pipeline\artifacts\tolerance_7d\prepared\chips\train\sample_FI_00001256.png,ok,,S2B_MSIL2A_20240807T095549_R122_T35VML_20240807T132638,2024-08-07,0,0.081528,47.4234474647452,0.0,256,128,0,0,9,"B02,B03,B04,B08"
FI_00001257,2024-08-07,63.728776901271246,26.38240528354664,D:\Water Quality Parameter Estimation\wq_pipeline\artifacts\tolerance_7d\prepared\chips\train\sample_FI_00001257.npz,D:\Water Quality Parameter Estimation\wq_pipeline\artifacts\tolerance_7d\prepared\chips\train\sample_FI_00001257.png,ok,,S2B_MSIL2A_20240807T095549_R122_T35VML_20240807T132638,2024-08-07,0,0.081528,47.4234474647452,0.0,256,128,0,0,9,"B02,B03,B04,B08"
FI_00001258,2024-08-07,63.728776901271246,26.38240528354664,D:\Water Quality Parameter Estimation\wq_pipeline\artifacts\tolerance_7d\prepared\chips\train\sample_FI_00001258.npz,D:\Water Quality Parameter Estimation\wq_pipeline\artifacts\tolerance_7d\prepared\chips\train\sample_FI_00001258.png,ok,,S2B_MSIL2A_20240807T095549_R122_T35VML_20240807T132638,2024-08-07,0,0.081528,47.4234474647452,0.0,256,128,0,0,9,"B02,B03,B04,B08"
FI_00001259,2024-08-07,63.728776901271246,26.38240528354664,D:\Water Quality Parameter Estimation\wq_pipeline\artifacts\tolerance_7d\prepared\chips\train\sample_FI_00001259.npz,D:\Water Quality Parameter Estimation\wq_pipeline\artifacts\tolerance_7d\prepared\chips\train\sample_FI_00001259.png,ok,,S2B_MSIL2A_20240807T095549_R122_T35VML_20240807T132638,2024-08-07,0,0.081528,47.4234474647452,0.0,256,128,0,0,9,"B02,B03,B04,B08"
FI_00001260,2024-08-28,63.728776901271246,26.38240528354664,,,rejected,nodata_reject,S2A_MSIL2A_20240901T100031_R122_T35VML_20240901T152250,2024-09-01,4,0.0,55.5596901718823,1.0,256,128,0,0,9,"B02,B03,B04,B08"
FI_00001261,2024-08-28,63.728776901271246,26.38240528354664,,,rejected,nodata_reject,S2A_MSIL2A_20240901T100031_R122_T35VML_20240901T152250,2024-09-01,4,0.0,55.5596901718823,1.0,256,128,0,0,9,"B02,B03,B04,B08"
FI_00001262,2024-08-28,63.728776901271246,26.38240528354664,,,rejected,nodata_reject,S2A_MSIL2A_20240901T100031_R122_T35VML_20240901T152250,2024-09-01,4,0.0,55.5596901718823,1.0,256,128,0,0,9,"B02,B03,B04,B08"
FI_00001263,2024-08-28,63.728776901271246,26.38240528354664,,,rejected,nodata_reject,S2A_MSIL2A_20240901T100031_R122_T35VML_20240901T152250,2024-09-01,4,0.0,55.5596901718823,1.0,256,128,0,0,9,"B02,B03,B04,B08"
FI_00001264,2024-08-28,63.728776901271246,26.38240528354664,,,rejected,nodata_reject,S2A_MSIL2A_20240901T100031_R122_T35VML_20240901T152250,2024-09-01,4,0.0,55.5596901718823,1.0,256,128,0,0,9,"B02,B03,B04,B08"
FI_00001265,2024-08-28,63.728776901271246,26.38240528354664,,,rejected,nodata_reject,S2A_MSIL2A_20240901T100031_R122_T35VML_20240901T152250,2024-09-01,4,0.0,55.5596901718823,1.0,256,128,0,0,9,"B02,B03,B04,B08"
FI_00001266,2024-09-12,63.728776901271246,26.38240528354664,D:\Water Quality Parameter Estimation\wq_pipeline\artifacts\tolerance_7d\prepared\chips\train\sample_FI_00001266.npz,D:\Water Quality Parameter Estimation\wq_pipeline\artifacts\tolerance_7d\prepared\chips\train\sample_FI_00001266.png,ok,,S2A_MSIL2A_20240908T095031_R079_T35VML_20240908T131845,2024-09-08,4,15.114103,58.2243230322112,0.0,256,128,0,0,9,"B02,B03,B04,B08"
FI_00001267,2024-09-12,63.728776901271246,26.38240528354664,D:\Water Quality Parameter Estimation\wq_pipeline\artifacts\tolerance_7d\prepared\chips\train\sample_FI_00001267.npz,D:\Water Quality Parameter Estimation\wq_pipeline\artifacts\tolerance_7d\prepared\chips\train\sample_FI_00001267.png,ok,,S2A_MSIL2A_20240908T095031_R079_T35VML_20240908T131845,2024-09-08,4,15.114103,58.2243230322112,0.0,256,128,0,0,9,"B02,B03,B04,B08"
FI_00001268,2024-09-12,63.728776901271246,26.38240528354664,D:\Water Quality Parameter Estimation\wq_pipeline\artifacts\tolerance_7d\prepared\chips\train\sample_FI_00001268.npz,D:\Water Quality Parameter Estimation\wq_pipeline\artifacts\tolerance_7d\prepared\chips\train\sample_FI_00001268.png,ok,,S2A_MSIL2A_20240908T095031_R079_T35VML_20240908T131845,2024-09-08,4,15.114103,58.2243230322112,0.0,256,128,0,0,9,"B02,B03,B04,B08"
FI_00001269,2024-09-12,63.728776901271246,26.38240528354664,D:\Water Quality Parameter Estimation\wq_pipeline\artifacts\tolerance_7d\prepared\chips\train\sample_FI_00001269.npz,D:\Water Quality Parameter Estimation\wq_pipeline\artifacts\tolerance_7d\prepared\chips\train\sample_FI_00001269.png,ok,,S2A_MSIL2A_20240908T095031_R079_T35VML_20240908T131845,2024-09-08,4,15.114103,58.2243230322112,0.0,256,128,0,0,9,"B02,B03,B04,B08"
FI_00001270,2024-09-12,63.728776901271246,26.38240528354664,D:\Water Quality Parameter Estimation\wq_pipeline\artifacts\tolerance_7d\prepared\chips\train\sample_FI_00001270.npz,D:\Water Quality Parameter Estimation\wq_pipeline\artifacts\tolerance_7d\prepared\chips\train\sample_FI_00001270.png,ok,,S2A_MSIL2A_20240908T095031_R079_T35VML_20240908T131845,2024-09-08,4,15.114103,58.2243230322112,0.0,256,128,0,0,9,"B02,B03,B04,B08"
FI_00001271,2024-09-12,63.728776901271246,26.38240528354664,D:\Water Quality Parameter Estimation\wq_pipeline\artifacts\tolerance_7d\prepared\chips\train\sample_FI_00001271.npz,D:\Water Quality Parameter Estimation\wq_pipeline\artifacts\tolerance_7d\prepared\chips\train\sample_FI_00001271.png,ok,,S2A_MSIL2A_20240908T095031_R079_T35VML_20240908T131845,2024-09-08,4,15.114103,58.2243230322112,0.0,256,128,0,0,9,"B02,B03,B04,B08"
FI_00001272,2024-09-25,63.728776901271246,26.38240528354664,,,rejected,nodata_reject,S2B_MSIL2A_20240930T094029_R036_T35VML_20240930T125406,2024-09-30,5,0.111477,66.7336505370073,1.0,256,128,0,0,9,"B02,B03,B04,B08"
FI_00001273,2024-09-25,63.728776901271246,26.38240528354664,,,rejected,nodata_reject,S2B_MSIL2A_20240930T094029_R036_T35VML_20240930T125406,2024-09-30,5,0.111477,66.7336505370073,1.0,256,128,0,0,9,"B02,B03,B04,B08"
FI_00001274,2024-09-25,63.728776901271246,26.38240528354664,,,rejected,nodata_reject,S2B_MSIL2A_20240930T094029_R036_T35VML_20240930T125406,2024-09-30,5,0.111477,66.7336505370073,1.0,256,128,0,0,9,"B02,B03,B04,B08"
FI_00001275,2024-09-25,63.728776901271246,26.38240528354664,,,rejected,nodata_reject,S2B_MSIL2A_20240930T094029_R036_T35VML_20240930T125406,2024-09-30,5,0.111477,66.7336505370073,1.0,256,128,0,0,9,"B02,B03,B04,B08"
FI_00001276,2024-09-25,63.728776901271246,26.38240528354664,,,rejected,nodata_reject,S2B_MSIL2A_20240930T094029_R036_T35VML_20240930T125406,2024-09-30,5,0.111477,66.7336505370073,1.0,256,128,0,0,9,"B02,B03,B04,B08"
FI_00001277,2024-09-25,63.728776901271246,26.38240528354664,,,rejected,nodata_reject,S2B_MSIL2A_20240930T094029_R036_T35VML_20240930T125406,2024-09-30,5,0.111477,66.7336505370073,1.0,256,128,0,0,9,"B02,B03,B04,B08"
FI_00001278,2024-10-08,63.728776901271246,26.38240528354664,,,rejected,nodata_reject,S2B_MSIL2A_20241006T100029_R122_T35VML_20241006T121340,2024-10-06,2,30.070296,68.9200121350918,1.0,256,128,0,0,9,"B02,B03,B04,B08"
FI_00001279,2024-10-08,63.728776901271246,26.38240528354664,,,rejected,nodata_reject,S2B_MSIL2A_20241006T100029_R122_T35VML_20241006T121340,2024-10-06,2,30.070296,68.9200121350918,1.0,256,128,0,0,9,"B02,B03,B04,B08"
FI_00001280,2024-10-08,63.728776901271246,26.38240528354664,,,rejected,nodata_reject,S2B_MSIL2A_20241006T100029_R122_T35VML_20241006T121340,2024-10-06,2,30.070296,68.9200121350918,1.0,256,128,0,0,9,"B02,B03,B04,B08"
FI_00001281,2024-10-08,63.728776901271246,26.38240528354664,,,rejected,nodata_reject,S2B_MSIL2A_20241006T100029_R122_T35VML_20241006T121340,2024-10-06,2,30.070296,68.9200121350918,1.0,256,128,0,0,9,"B02,B03,B04,B08"
FI_00001282,2024-10-08,63.728776901271246,26.38240528354664,,,rejected,nodata_reject,S2B_MSIL2A_20241006T100029_R122_T35VML_20241006T121340,2024-10-06,2,30.070296,68.9200121350918,1.0,256,128,0,0,9,"B02,B03,B04,B08"
FI_00001283,2024-10-08,63.728776901271246,26.38240528354664,,,rejected,nodata_reject,S2B_MSIL2A_20241006T100029_R122_T35VML_20241006T121340,2024-10-06,2,30.070296,68.9200121350918,1.0,256,128,0,0,9,"B02,B03,B04,B08"
FI_00001284,2024-10-24,63.728776901271246,26.38240528354664,D:\Water Quality Parameter Estimation\wq_pipeline\artifacts\tolerance_7d\prepared\chips\train\sample_FI_00001284.npz,D:\Water Quality Parameter Estimation\wq_pipeline\artifacts\tolerance_7d\prepared\chips\train\sample_FI_00001284.png,ok,,S2B_MSIL2A_20241023T095029_R079_T35VML_20241023T112106,2024-10-23,1,14.759719,75.1880314526136,0.0,256,128,0,0,9,"B02,B03,B04,B08"
FI_00001285,2024-10-24,63.728776901271246,26.38240528354664,D:\Water Quality Parameter Estimation\wq_pipeline\artifacts\tolerance_7d\prepared\chips\train\sample_FI_00001285.npz,D:\Water Quality Parameter Estimation\wq_pipeline\artifacts\tolerance_7d\prepared\chips\train\sample_FI_00001285.png,ok,,S2B_MSIL2A_20241023T095029_R079_T35VML_20241023T112106,2024-10-23,1,14.759719,75.1880314526136,0.0,256,128,0,0,9,"B02,B03,B04,B08"
FI_00001286,2024-10-24,63.728776901271246,26.38240528354664,D:\Water Quality Parameter Estimation\wq_pipeline\artifacts\tolerance_7d\prepared\chips\train\sample_FI_00001286.npz,D:\Water Quality Parameter Estimation\wq_pipeline\artifacts\tolerance_7d\prepared\chips\train\sample_FI_00001286.png,ok,,S2B_MSIL2A_20241023T095029_R079_T35VML_20241023T112106,2024-10-23,1,14.759719,75.1880314526136,0.0,256,128,0,0,9,"B02,B03,B04,B08"
FI_00001287,2024-10-24,63.728776901271246,26.38240528354664,D:\Water Quality Parameter Estimation\wq_pipeline\artifacts\tolerance_7d\prepared\chips\train\sample_FI_00001287.npz,D:\Water Quality Parameter Estimation\wq_pipeline\artifacts\tolerance_7d\prepared\chips\train\sample_FI_00001287.png,ok,,S2B_MSIL2A_20241023T095029_R079_T35VML_20241023T112106,2024-10-23,1,14.759719,75.1880314526136,0.0,256,128,0,0,9,"B02,B03,B04,B08"
FI_00001288,2024-10-24,63.728776901271246,26.38240528354664,D:\Water Quality Parameter Estimation\wq_pipeline\artifacts\tolerance_7d\prepared\chips\train\sample_FI_00001288.npz,D:\Water Quality Parameter Estimation\wq_pipeline\artifacts\tolerance_7d\prepared\chips\train\sample_FI_00001288.png,ok,,S2B_MSIL2A_20241023T095029_R079_T35VML_20241023T112106,2024-10-23,1,14.759719,75.1880314526136,0.0,256,128,0,0,9,"B02,B03,B04,B08"
FI_00001289,2024-10-24,63.728776901271246,26.38240528354664,D:\Water Quality Parameter Estimation\wq_pipeline\artifacts\tolerance_7d\prepared\chips\train\sample_FI_00001289.npz,D:\Water Quality Parameter Estimation\wq_pipeline\artifacts\tolerance_7d\prepared\chips\train\sample_FI_00001289.png,ok,,S2B_MSIL2A_20241023T095029_R079_T35VML_20241023T112106,2024-10-23,1,14.759719,75.1880314526136,0.0,256,128,0,0,9,"B02,B03,B04,B08"
FI_00001290,2024-11-04,63.728776901271246,26.38240528354664,,,rejected,nodata_reject,S2B_MSIL2A_20241109T094119_R036_T35VML_20241109T104333,2024-11-09,5,0.058912,80.649441327621,1.0,256,128,0,0,9,"B02,B03,B04,B08"
FI_00001291,2024-11-04,63.728776901271246,26.38240528354664,,,rejected,nodata_reject,S2B_MSIL2A_20241109T094119_R036_T35VML_20241109T104333,2024-11-09,5,0.058912,80.649441327621,1.0,256,128,0,0,9,"B02,B03,B04,B08"
FI_00001292,2024-11-04,63.728776901271246,26.38240528354664,,,rejected,nodata_reject,S2B_MSIL2A_20241109T094119_R036_T35VML_20241109T104333,2024-11-09,5,0.058912,80.649441327621,1.0,256,128,0,0,9,"B02,B03,B04,B08"
FI_00001293,2024-11-04,63.728776901271246,26.38240528354664,,,rejected,nodata_reject,S2B_MSIL2A_20241109T094119_R036_T35VML_20241109T104333,2024-11-09,5,0.058912,80.649441327621,1.0,256,128,0,0,9,"B02,B03,B04,B08"
FI_00001294,2024-11-04,63.728776901271246,26.38240528354664,,,rejected,nodata_reject,S2B_MSIL2A_20241109T094119_R036_T35VML_20241109T104333,2024-11-09,5,0.058912,80.649441327621,1.0,256,128,0,0,9,"B02,B03,B04,B08"
FI_00001295,2024-11-04,63.728776901271246,26.38240528354664,,,rejected,nodata_reject,S2B_MSIL2A_20241109T094119_R036_T35VML_20241109T104333,2024-11-09,5,0.058912,80.649441327621,1.0,256,128,0,0,9,"B02,B03,B04,B08"
FI_00001296,2024-11-18,63.728776901271246,26.38240528354664,,,no_match,no_stac_item,,,,,,,256,128,0,0,0,"B02,B03,B04,B08"
FI_00001297,2024-11-18,63.728776901271246,26.38240528354664,,,no_match,no_stac_item,,,,,,,256,128,0,0,0,"B02,B03,B04,B08"
FI_00001298,2024-11-18,63.728776901271246,26.38240528354664,,,no_match,no_stac_item,,,,,,,256,128,0,0,0,"B02,B03,B04,B08"
FI_00001299,2024-11-18,63.728776901271246,26.38240528354664,,,no_match,no_stac_item,,,,,,,256,128,0,0,0,"B02,B03,B04,B08"
FI_00001300,2024-11-18,63.728776901271246,26.38240528354664,,,no_match,no_stac_item,,,,,,,256,128,0,0,0,"B02,B03,B04,B08"
FI_00001301,2024-11-18,63.728776901271246,26.38240528354664,,,no_match,no_stac_item,,,,,,,256,128,0,0,0,"B02,B03,B04,B08"
FI_00001302,2024-12-10,63.728776901271246,26.38240528354664,,,no_match,no_stac_item,,,,,,,256,128,0,0,0,"B02,B03,B04,B08"
FI_00001303,2024-12-10,63.728776901271246,26.38240528354664,,,no_match,no_stac_item,,,,,,,256,128,0,0,0,"B02,B03,B04,B08"
FI_00001304,2024-12-10,63.728776901271246,26.38240528354664,,,no_match,no_stac_item,,,,,,,256,128,0,0,0,"B02,B03,B04,B08"
FI_00001305,2024-12-10,63.728776901271246,26.38240528354664,,,no_match,no_stac_item,,,,,,,256,128,0,0,0,"B02,B03,B04,B08"
FI_00001306,2024-12-10,63.728776901271246,26.38240528354664,,,no_match,no_stac_item,,,,,,,256,128,0,0,0,"B02,B03,B04,B08"
FI_00001307,2024-12-10,63.728776901271246,26.38240528354664,,,no_match,no_stac_item,,,,,,,256,128,0,0,0,"B02,B03,B04,B08"
