sample_id,station_id,lake_id,sample_date,lat,lon,chl_a,doc,secchi_depth,tn,toc,tp,turbidity,eo_id,acquisition_date,abs_day_diff,s2_cloud_cover,s2_solar_zenith,s2_solar_azimuth,s2_view_zenith,s2_view_azimuth,s2_mgrs_tile,s2_item_id,chl_a_ext,conductivity,dissolved_oxygen,doc_ext,oxygen_saturation,ph,suspended_solids,temperature,tn_ext,toc_ext,tp_ext,turbidity_ext,depth_layer,name,lakename,municipality,Municipal,EnvironmentType,WaterManagementAreaCode,WaterManagementArea,WaterbasinCode,Waterbasin,WaterbodyType,WaterbodyType_Id
FI_00000000,10060,10060,2023-01-10,61.41234231212037,29.399668855924936,,,,460.0,,14.0,0.99,S2_FI_00000000,2023-01-09,1.0,100.0,83.9495686515631,174.701184585914,,,36VUP,S2B_MSIL2A_20230109T094259_R036_T36VUP_20240810T094942,,11.0,13.1,,90.0,7.400000000000001,1.4,0.2,460.0,,14.0,0.99,0.2,Hiitolanjoki rajav 002,,Rautjärvi,Rautjärvi,River,VHA1,Vuoksen vesienhoitoalue,3.011,Kokkolanjoen a,Suuret kangasmaiden joet,108.0
FI_00000001,10060,10060,2023-01-10,61.41234231212037,29.399668855924936,,,,460.0,,14.0,0.99,S2_FI_00000001,2023-02-08,1.0,93.576396,76.9579990738968,172.591596410515,,,36VUP,S2B_MSIL2A_20230208T094049_R036_T36VUP_20240813T101951,,11.0,13.1,,90.0,7.400000000000001,1.4,0.2,460.0,,14.0,0.99,0.2,Hiitolanjoki rajav 002,,Rautjärvi,Rautjärvi,River,VHA1,Vuoksen vesienhoitoalue,3.011,Kokkolanjoen a,Suuret kangasmaiden joet,108.0
FI_00000002,10060,10060,2023-01-10,61.41234231212037,29.399668855924936,,,,460.0,,14.0,0.99,S2_FI_00000002,2023-03-02,1.0,1.468945,69.343858466529,169.937775894309,,,36VUP,S2A_MSIL2A_20230302T093031_R136_T36VUP_20240818T001539,,11.0,13.1,,90.0,7.400000000000001,1.4,0.2,460.0,,14.0,0.99,0.2,Hiitolanjoki rajav 002,,Rautjärvi,Rautjärvi,River,VHA1,Vuoksen vesienhoitoalue,3.011,Kokkolanjoen a,Suuret kangasmaiden joet,108.0
FI_00000003,10060,10060,2023-01-10,61.41234231212037,29.399668855924936,,,,460.0,,14.0,0.99,S2_FI_00000003,2023-04-04,0.0,99.095535,56.1577166137602,174.354098219461,,,36VUP,S2A_MSIL2A_20230404T094031_R036_T36VUP_20240825T224659,,11.0,13.1,,90.0,7.400000000000001,1.4,0.2,460.0,,14.0,0.99,0.2,Hiitolanjoki rajav 002,,Rautjärvi,Rautjärvi,River,VHA1,Vuoksen vesienhoitoalue,3.011,Kokkolanjoen a,Suuret kangasmaiden joet,108.0
FI_00000004,10060,10060,2023-01-10,61.41234231212037,29.399668855924936,,,,460.0,,14.0,0.99,S2_FI_00000004,2023-05-16,0.0,97.098792,42.8035181012733,172.332156664977,,,36VUP,S2B_MSIL2A_20230516T092559_R136_T36VUP_20230516T135152,,11.0,13.1,,90.0,7.400000000000001,1.4,0.2,460.0,,14.0,0.99,0.2,Hiitolanjoki rajav 002,,Rautjärvi,Rautjärvi,River,VHA1,Vuoksen vesienhoitoalue,3.011,Kokkolanjoen a,Suuret kangasmaiden joet,108.0
FI_00000005,10060,10060,2023-01-10,61.41234231212037,29.399668855924936,,,,460.0,,14.0,0.99,S2_FI_00000005,2023-06-08,1.0,99.798834,38.9559936761273,174.611721935959,,,36VUP,S2B_MSIL2A_20230608T093549_R036_T36VUP_20240911T145836,,11.0,13.1,,90.0,7.400000000000001,1.4,0.2,460.0,,14.0,0.99,0.2,Hiitolanjoki rajav 002,,Rautjärvi,Rautjärvi,River,VHA1,Vuoksen vesienhoitoalue,3.011,Kokkolanjoen a,Suuret kangasmaiden joet,108.0
FI_00000006,10060,10060,2023-02-07,61.41234231212037,29.399668855924936,,,,450.0,,12.0,1.2,S2_FI_00000006,2023-07-03,1.0,75.950617,38.9007396147205,172.695512198174,,,36VUP,S2A_MSIL2A_20230703T094041_R036_T36VUP_20230703T160840,,10.0,13.199999999999998,,92.0,7.400000000000001,1.4,0.8000000000000002,450.0,,12.0,1.2,0.2,Hiitolanjoki rajav 002,,Rautjärvi,Rautjärvi,River,VHA1,Vuoksen vesienhoitoalue,3.011,Kokkolanjoen a,Suuret kangasmaiden joet,108.0
FI_00000007,10060,10060,2023-02-07,61.41234231212037,29.399668855924936,,,,450.0,,12.0,1.2,S2_FI_00000007,2023-08-02,1.0,48.658302,44.1102020790594,172.46794329781,,,36VUP,S2A_MSIL2A_20230802T094041_R036_T36VUP_20241026T134447,,10.0,13.199999999999998,,92.0,7.400000000000001,1.4,0.8000000000000002,450.0,,12.0,1.2,0.2,Hiitolanjoki rajav 002,,Rautjärvi,Rautjärvi,River,VHA1,Vuoksen vesienhoitoalue,3.011,Kokkolanjoen a,Suuret kangasmaiden joet,108.0
FI_00000008,10060,10060,2023-02-07,61.41234231212037,29.399668855924936,,,,450.0,,12.0,1.2,S2_FI_00000008,2023-09-06,1.0,73.384237,55.3125244235365,175.722197764335,,,36VUP,S2B_MSIL2A_20230906T093549_R036_T36VUP_20241029T123722,,10.0,13.199999999999998,,92.0,7.400000000000001,1.4,0.8000000000000002,450.0,,12.0,1.2,0.2,Hiitolanjoki rajav 002,,Rautjärvi,Rautjärvi,River,VHA1,Vuoksen vesienhoitoalue,3.011,Kokkolanjoen a,Suuret kangasmaiden joet,108.0
FI_00000009,10060,10060,2023-02-07,61.41234231212037,29.399668855924936,,,,450.0,,12.0,1.2,S2_FI_00000009,2023-10-03,0.0,92.818618,65.7068132010519,175.940616296394,,,36VUP,S2B_MSIL2A_20231003T092729_R136_T36VUP_20241101T185340,,10.0,13.199999999999998,,92.0,7.400000000000001,1.4,0.8000000000000002,450.0,,12.0,1.2,0.2,Hiitolanjoki rajav 002,,Rautjärvi,Rautjärvi,River,VHA1,Vuoksen vesienhoitoalue,3.011,Kokkolanjoen a,Suuret kangasmaiden joet,108.0
FI_00000010,10060,10060,2023-02-07,61.41234231212037,29.399668855924936,,,,450.0,,12.0,1.2,S2_FI_00000010,2023-10-31,1.0,99.70479,75.7938575870609,180.153200766657,,,36VUP,S2A_MSIL2A_20231031T094131_R036_T36VUP_20231031T123121,,10.0,13.199999999999998,,92.0,7.400000000000001,1.4,0.8000000000000002,450.0,,12.0,1.2,0.2,Hiitolanjoki rajav 002,,Rautjärvi,Rautjärvi,River,VHA1,Vuoksen vesienhoitoalue,3.011,Kokkolanjoen a,Suuret kangasmaiden joet,108.0
FI_00000011,10060,10060,2023-02-07,61.41234231212037,29.399668855924936,,,,450.0,,12.0,1.2,S2_FI_00000011,2023-12-12,0.0,99.998945,84.8699235656593,175.547141097222,,,36VUP,S2B_MSIL2A_20231212T093309_R136_T36VUP_20241112T184056,,10.0,13.199999999999998,,92.0,7.400000000000001,1.4,0.8000000000000002,450.0,,12.0,1.2,0.2,Hiitolanjoki rajav 002,,Rautjärvi,Rautjärvi,River,VHA1,Vuoksen vesienhoitoalue,3.011,Kokkolanjoen a,Suuret kangasmaiden joet,108.0
FI_00000012,10060,10060,2023-03-01,61.41234231212037,29.399668855924936,,,,440.0,,10.0,0.97,S2_FI_00000012,2024-01-11,1.0,33.531716,83.8353049672806,172.200297395407,,,36VUP,S2B_MSIL2A_20240111T093249_R136_T36VUP_20240115T133546,,9.9,13.300000000000002,,93.0,7.3,1.0,0.8000000000000002,440.0,,10.0,0.97,0.5,Hiitolanjoki rajav 002,,Rautjärvi,Rautjärvi,River,VHA1,Vuoksen vesienhoitoalue,3.011,Kokkolanjoen a,Suuret kangasmaiden joet,108.0
FI_00000013,10060,10060,2023-03-01,61.41234231212037,29.399668855924936,,,,440.0,,10.0,0.97,S2_FI_00000013,2024-02-05,1.0,98.976678,78.1330391035184,170.253268834647,,,36VUP,S2A_MSIL2A_20240205T093201_R136_T36VUP_20240205T120659,,9.9,13.300000000000002,,93.0,7.3,1.0,0.8000000000000002,440.0,,10.0,0.97,0.5,Hiitolanjoki rajav 002,,Rautjärvi,Rautjärvi,River,VHA1,Vuoksen vesienhoitoalue,3.011,Kokkolanjoen a,Suuret kangasmaiden joet,108.0
FI_00000014,10060,10060,2023-03-01,61.41234231212037,29.399668855924936,,,,440.0,,10.0,0.97,S2_FI_00000014,2024-03-04,1.0,98.448539,68.0964564356208,172.654905785832,,,36VUP,S2B_MSIL2A_20240304T093749_R036_T36VUP_20240304T125250,,9.9,13.300000000000002,,93.0,7.3,1.0,0.8000000000000002,440.0,,10.0,0.97,0.5,Hiitolanjoki rajav 002,,Rautjärvi,Rautjärvi,River,VHA1,Vuoksen vesienhoitoalue,3.011,Kokkolanjoen a,Suuret kangasmaiden joet,108.0
FI_00000015,10060,10060,2023-03-01,61.41234231212037,29.399668855924936,,,,440.0,,10.0,0.97,S2_FI_00000015,2024-04-03,1.0,98.026425,56.2515713826813,174.333996500009,,,36VUP,S2B_MSIL2A_20240403T093549_R036_T36VUP_20240403T123347,,9.9,13.300000000000002,,93.0,7.3,1.0,0.8000000000000002,440.0,,10.0,0.97,0.5,Hiitolanjoki rajav 002,,Rautjärvi,Rautjärvi,River,VHA1,Vuoksen vesienhoitoalue,3.011,Kokkolanjoen a,Suuret kangasmaiden joet,108.0
FI_00000016,10060,10060,2023-03-01,61.41234231212037,29.399668855924936,,,,440.0,,10.0,0.97,S2_FI_00000016,2024-05-08,1.0,60.460007,44.489601501528,175.846140210308,,,36VUP,S2A_MSIL2A_20240508T094031_R036_T36VUP_20240508T152414,,9.9,13.300000000000002,,93.0,7.3,1.0,0.8000000000000002,440.0,,10.0,0.97,0.5,Hiitolanjoki rajav 002,,Rautjärvi,Rautjärvi,River,VHA1,Vuoksen vesienhoitoalue,3.011,Kokkolanjoen a,Suuret kangasmaiden joet,108.0
FI_00000017,10060,10060,2023-03-01,61.41234231212037,29.399668855924936,,,,440.0,,10.0,0.97,S2_FI_00000017,2024-06-04,0.0,72.996634,39.4201988486304,171.234600551114,,,36VUP,S2A_MSIL2A_20240604T093041_R136_T36VUP_20240604T132445,,9.9,13.300000000000002,,93.0,7.3,1.0,0.8000000000000002,440.0,,10.0,0.97,0.5,Hiitolanjoki rajav 002,,Rautjärvi,Rautjärvi,River,VHA1,Vuoksen vesienhoitoalue,3.011,Kokkolanjoen a,Suuret kangasmaiden joet,108.0
FI_00000018,10060,10060,2023-04-04,61.41234231212037,29.399668855924936,3.5,,,480.0,,11.0,1.3999999999999997,S2_FI_00000018,2024-07-02,0.0,54.129487,38.8802200831921,172.710260363885,,,36VUP,S2B_MSIL2A_20240702T093549_R036_T36VUP_20240702T131737,3.5,9.8,13.199999999999998,,94.0,7.3,1.0,1.3,480.0,,11.0,1.3999999999999997,0.3,Hiitolanjoki rajav 002,,Rautjärvi,Rautjärvi,River,VHA1,Vuoksen vesienhoitoalue,3.011,Kokkolanjoen a,Suuret kangasmaiden joet,108.0
FI_00000019,10060,10060,2023-04-04,61.41234231212037,29.399668855924936,3.5,,,480.0,,11.0,1.3999999999999997,S2_FI_00000019,2024-08-06,0.0,96.116793,45.373329075886,172.716876594584,,,36VUP,S2A_MSIL2A_20240806T094031_R036_T36VUP_20240806T115350,3.5,9.8,13.199999999999998,,94.0,7.3,1.0,1.3,480.0,,11.0,1.3999999999999997,0.3,Hiitolanjoki rajav 002,,Rautjärvi,Rautjärvi,River,VHA1,Vuoksen vesienhoitoalue,3.011,Kokkolanjoen a,Suuret kangasmaiden joet,108.0
FI_00000020,10060,10060,2023-04-04,61.41234231212037,29.399668855924936,3.5,,,480.0,,11.0,1.3999999999999997,S2_FI_00000020,2024-09-02,1.0,63.18385,54.252295871139,172.275508080318,,,36VUP,S2A_MSIL2A_20240902T093031_R136_T36VUP_20240902T124949,3.5,9.8,13.199999999999998,,94.0,7.3,1.0,1.3,480.0,,11.0,1.3999999999999997,0.3,Hiitolanjoki rajav 002,,Rautjärvi,Rautjärvi,River,VHA1,Vuoksen vesienhoitoalue,3.011,Kokkolanjoen a,Suuret kangasmaiden joet,108.0
FI_00000021,10060,10060,2023-04-04,61.41234231212037,29.399668855924936,3.5,,,480.0,,11.0,1.3999999999999997,S2_FI_00000021,2024-09-30,1.0,0.456575,64.7882043387046,178.460586922937,,,36VUP,S2B_MSIL2A_20240930T094029_R036_T36VUP_20240930T125406,3.5,9.8,13.199999999999998,,94.0,7.3,1.0,1.3,480.0,,11.0,1.3999999999999997,0.3,Hiitolanjoki rajav 002,,Rautjärvi,Rautjärvi,River,VHA1,Vuoksen vesienhoitoalue,3.011,Kokkolanjoen a,Suuret kangasmaiden joet,108.0
FI_00000022,10060,10060,2023-04-04,61.41234231212037,29.399668855924936,3.5,,,480.0,,11.0,1.3999999999999997,S2_FI_00000022,2024-11-06,0.0,100.0,77.9159188554642,177.678959482762,,,36VUP,S2B_MSIL2A_20241106T093059_R136_T36VUP_20241106T110328,3.5,9.8,13.199999999999998,,94.0,7.3,1.0,1.3,480.0,,11.0,1.3999999999999997,0.3,Hiitolanjoki rajav 002,,Rautjärvi,Rautjärvi,River,VHA1,Vuoksen vesienhoitoalue,3.011,Kokkolanjoen a,Suuret kangasmaiden joet,108.0
FI_00000023,10060,10060,2023-04-04,61.41234231212037,29.399668855924936,3.5,,,480.0,,11.0,1.3999999999999997,S2_FI_00000023,2024-12-06,3.0,99.74854,84.3498159151991,176.08011434179,,,36VUP,S2B_MSIL2A_20241206T093309_R136_T36VUP_20241206T103412,3.5,9.8,13.199999999999998,,94.0,7.3,1.0,1.3,480.0,,11.0,1.3999999999999997,0.3,Hiitolanjoki rajav 002,,Rautjärvi,Rautjärvi,River,VHA1,Vuoksen vesienhoitoalue,3.011,Kokkolanjoen a,Suuret kangasmaiden joet,108.0
FI_00000024,10060,10060,2023-05-16,61.41234231212037,29.399668855924936,3.7000000000000006,,,510.0,,19.0,4.6,S2_FI_00000024,2023-01-09,1.0,99.982816,83.1955587192166,172.675740224137,,,35VNH,S2B_MSIL2A_20230109T094259_R036_T35VNH_20240810T094942,3.7000000000000006,7.5,9.5,,89.0,7.5,6.3,12.5,510.0,,19.0,4.6,0.5,Hiitolanjoki rajav 002,,Rautjärvi,Rautjärvi,River,VHA1,Vuoksen vesienhoitoalue,3.011,Kokkolanjoen a,Suuret kangasmaiden joet,108.0
FI_00000025,10060,10060,2023-05-16,61.41234231212037,29.399668855924936,3.7000000000000006,,,510.0,,19.0,4.6,S2_FI_00000025,2023-02-08,1.0,99.763161,76.2475474357969,170.41768004929,,,35VNH,S2B_MSIL2A_20230208T094049_R036_T35VNH_20240813T101951,3.7000000000000006,7.5,9.5,,89.0,7.5,6.3,12.5,510.0,,19.0,4.6,0.5,Hiitolanjoki rajav 002,,Rautjärvi,Rautjärvi,River,VHA1,Vuoksen vesienhoitoalue,3.011,Kokkolanjoen a,Suuret kangasmaiden joet,108.0
FI_00000026,10060,10060,2023-05-16,61.41234231212037,29.399668855924936,3.7000000000000006,,,510.0,,19.0,4.6,S2_FI_00000026,2023-02-28,1.0,26.003328,69.2171016172935,170.208667846854,,,35VNH,S2B_MSIL2A_20230228T094029_R036_T35VNH_20230301T181338,3.7000000000000006,7.5,9.5,,89.0,7.5,6.3,12.5,510.0,,19.0,4.6,0.5,Hiitolanjoki rajav 002,,Rautjärvi,Rautjärvi,River,VHA1,Vuoksen vesienhoitoalue,3.011,Kokkolanjoen a,Suuret kangasmaiden joet,108.0
FI_00000027,10060,10060,2023-05-16,61.41234231212037,29.399668855924936,3.7000000000000006,,,510.0,,19.0,4.6,S2_FI_00000027,2023-04-04,0.0,35.110444,55.4169002105759,171.681693098142,,,35VNH,S2A_MSIL2A_20230404T094031_R036_T35VNH_20240825T224659,3.7000000000000006,7.5,9.5,,89.0,7.5,6.3,12.5,510.0,,19.0,4.6,0.5,Hiitolanjoki rajav 002,,Rautjärvi,Rautjärvi,River,VHA1,Vuoksen vesienhoitoalue,3.011,Kokkolanjoen a,Suuret kangasmaiden joet,108.0
FI_00000028,10060,10060,2023-05-16,61.41234231212037,29.399668855924936,3.7000000000000006,,,510.0,,19.0,4.6,S2_FI_00000028,2023-05-16,0.0,100.0,42.1086134427927,169.155704697923,,,35VNH,S2B_MSIL2A_20230516T092559_R136_T35VNH_20230516T135124,3.7000000000000006,7.5,9.5,,89.0,7.5,6.3,12.5,510.0,,19.0,4.6,0.5,Hiitolanjoki rajav 002,,Rautjärvi,Rautjärvi,River,VHA1,Vuoksen vesienhoitoalue,3.011,Kokkolanjoen a,Suuret kangasmaiden joet,108.0
FI_00000029,10060,10060,2023-05-16,61.41234231212037,29.399668855924936,3.7000000000000006,,,510.0,,19.0,4.6,S2_FI_00000029,2023-06-08,1.0,90.519845,38.216586513725,171.285207644664,,,35VNH,S2B_MSIL2A_20230608T093549_R036_T35VNH_20240911T145836,3.7000000000000006,7.5,9.5,,89.0,7.5,6.3,12.5,510.0,,19.0,4.6,0.5,Hiitolanjoki rajav 002,,Rautjärvi,Rautjärvi,River,VHA1,Vuoksen vesienhoitoalue,3.011,Kokkolanjoen a,Suuret kangasmaiden joet,108.0
FI_00000030,10060,10060,2023-06-07,61.41234231212037,29.399668855924936,2.7999999999999994,,,520.0,,15.0,2.2,S2_FI_00000030,2023-07-03,1.0,90.499061,38.2002205763434,169.336651536226,,,35VNH,S2A_MSIL2A_20230703T094041_R036_T35VNH_20230703T161416,2.7999999999999994,9.0,9.1,,90.0,7.400000000000001,3.4,14.699999999999998,520.0,,15.0,2.2,0.4,Hiitolanjoki rajav 002,,Rautjärvi,Rautjärvi,River,VHA1,Vuoksen vesienhoitoalue,3.011,Kokkolanjoen a,Suuret kangasmaiden joet,108.0
FI_00000031,10060,10060,2023-06-07,61.41234231212037,29.399668855924936,2.7999999999999994,,,520.0,,15.0,2.2,S2_FI_00000031,2023-08-02,1.0,96.141231,43.4118805092743,169.353061671041,,,35VNH,S2A_MSIL2A_20230802T094041_R036_T35VNH_20241026T134447,2.7999999999999994,9.0,9.1,,90.0,7.400000000000001,3.4,14.699999999999998,520.0,,15.0,2.2,0.4,Hiitolanjoki rajav 002,,Rautjärvi,Rautjärvi,River,VHA1,Vuoksen vesienhoitoalue,3.011,Kokkolanjoen a,Suuret kangasmaiden joet,108.0
FI_00000032,10060,10060,2023-06-07,61.41234231212037,29.399668855924936,2.7999999999999994,,,520.0,,15.0,2.2,S2_FI_00000032,2023-09-06,1.0,25.755775,54.5450230268766,173.037210687136,,,35VNH,S2B_MSIL2A_20230906T093549_R036_T35VNH_20241029T123722,2.7999999999999994,9.0,9.1,,90.0,7.400000000000001,3.4,14.699999999999998,520.0,,15.0,2.2,0.4,Hiitolanjoki rajav 002,,Rautjärvi,Rautjärvi,River,VHA1,Vuoksen vesienhoitoalue,3.011,Kokkolanjoen a,Suuret kangasmaiden joet,108.0
FI_00000033,10060,10060,2023-06-07,61.41234231212037,29.399668855924936,2.7999999999999994,,,520.0,,15.0,2.2,S2_FI_00000033,2023-10-03,0.0,98.598212,64.9324874901792,173.527670900678,,,35VNH,S2B_MSIL2A_20231003T092729_R136_T35VNH_20241101T185340,2.7999999999999994,9.0,9.1,,90.0,7.400000000000001,3.4,14.699999999999998,520.0,,15.0,2.2,0.4,Hiitolanjoki rajav 002,,Rautjärvi,Rautjärvi,River,VHA1,Vuoksen vesienhoitoalue,3.011,Kokkolanjoen a,Suuret kangasmaiden joet,108.0
FI_00000034,10060,10060,2023-06-07,61.41234231212037,29.399668855924936,2.7999999999999994,,,520.0,,15.0,2.2,S2_FI_00000034,2023-10-31,1.0,98.521167,74.9373601627832,177.979775918871,,,35VNH,S2A_MSIL2A_20231031T094131_R036_T35VNH_20231031T123124,2.7999999999999994,9.0,9.1,,90.0,7.400000000000001,3.4,14.699999999999998,520.0,,15.0,2.2,0.4,Hiitolanjoki rajav 002,,Rautjärvi,Rautjärvi,River,VHA1,Vuoksen vesienhoitoalue,3.011,Kokkolanjoen a,Suuret kangasmaiden joet,108.0
FI_00000035,10060,10060,2023-06-07,61.41234231212037,29.399668855924936,2.7999999999999994,,,520.0,,15.0,2.2,S2_FI_00000035,2023-12-12,0.0,97.809678,84.0992718300985,173.539337116313,,,35VNH,S2B_MSIL2A_20231212T093309_R136_T35VNH_20241112T184056,2.7999999999999994,9.0,9.1,,90.0,7.400000000000001,3.4,14.699999999999998,520.0,,15.0,2.2,0.4,Hiitolanjoki rajav 002,,Rautjärvi,Rautjärvi,River,VHA1,Vuoksen vesienhoitoalue,3.011,Kokkolanjoen a,Suuret kangasmaiden joet,108.0
FI_00000036,10060,10060,2023-07-04,61.41234231212037,29.399668855924936,1.1,,,770.0,,22.0,3.1,S2_FI_00000036,2024-01-11,1.0,66.126502,83.1315192307082,170.167769768197,,,35VNH,S2B_MSIL2A_20240111T093249_R136_T35VNH_20240115T131524,1.1,10.0,7.3,,80.0,7.3,4.3,19.8,770.0,,22.0,3.1,0.5,Hiitolanjoki rajav 002,,Rautjärvi,Rautjärvi,River,VHA1,Vuoksen vesienhoitoalue,3.011,Kokkolanjoen a,Suuret kangasmaiden joet,108.0
FI_00000037,10060,10060,2023-07-04,61.41234231212037,29.399668855924936,1.1,,,770.0,,22.0,3.1,S2_FI_00000037,2024-02-05,1.0,95.914358,77.4704053439036,168.097028163643,,,35VNH,S2A_MSIL2A_20240205T093201_R136_T35VNH_20240205T114107,1.1,10.0,7.3,,80.0,7.3,4.3,19.8,770.0,,22.0,3.1,0.5,Hiitolanjoki rajav 002,,Rautjärvi,Rautjärvi,River,VHA1,Vuoksen vesienhoitoalue,3.011,Kokkolanjoen a,Suuret kangasmaiden joet,108.0
FI_00000038,10060,10060,2023-07-04,61.41234231212037,29.399668855924936,1.1,,,770.0,,22.0,3.1,S2_FI_00000038,2024-03-04,1.0,36.642608,67.3867071471209,170.282670092089,,,35VNH,S2B_MSIL2A_20240304T093749_R036_T35VNH_20240304T125337,1.1,10.0,7.3,,80.0,7.3,4.3,19.8,770.0,,22.0,3.1,0.5,Hiitolanjoki rajav 002,,Rautjärvi,Rautjärvi,River,VHA1,Vuoksen vesienhoitoalue,3.011,Kokkolanjoen a,Suuret kangasmaiden joet,108.0
FI_00000039,10060,10060,2023-07-04,61.41234231212037,29.399668855924936,1.1,,,770.0,,22.0,3.1,S2_FI_00000039,2024-04-03,1.0,97.458911,55.5111280037107,171.664174869279,,,35VNH,S2B_MSIL2A_20240403T093549_R036_T35VNH_20240403T133535,1.1,10.0,7.3,,80.0,7.3,4.3,19.8,770.0,,22.0,3.1,0.5,Hiitolanjoki rajav 002,,Rautjärvi,Rautjärvi,River,VHA1,Vuoksen vesienhoitoalue,3.011,Kokkolanjoen a,Suuret kangasmaiden joet,108.0
FI_00000040,10060,10060,2023-07-04,61.41234231212037,29.399668855924936,1.1,,,770.0,,22.0,3.1,S2_FI_00000040,2024-05-08,1.0,30.803224,43.7231349406598,172.790787883679,,,35VNH,S2A_MSIL2A_20240508T094031_R036_T35VNH_20240508T152742,1.1,10.0,7.3,,80.0,7.3,4.3,19.8,770.0,,22.0,3.1,0.5,Hiitolanjoki rajav 002,,Rautjärvi,Rautjärvi,River,VHA1,Vuoksen vesienhoitoalue,3.011,Kokkolanjoen a,Suuret kangasmaiden joet,108.0
FI_00000041,10060,10060,2023-07-04,61.41234231212037,29.399668855924936,1.1,,,770.0,,22.0,3.1,S2_FI_00000041,2024-06-04,0.0,36.4135,38.7496611520196,167.879245143897,,,35VNH,S2A_MSIL2A_20240604T093041_R136_T35VNH_20240604T132058,1.1,10.0,7.3,,80.0,7.3,4.3,19.8,770.0,,22.0,3.1,0.5,Hiitolanjoki rajav 002,,Rautjärvi,Rautjärvi,River,VHA1,Vuoksen vesienhoitoalue,3.011,Kokkolanjoen a,Suuret kangasmaiden joet,108.0
FI_00000042,10060,10060,2023-08-01,61.41234231212037,29.399668855924936,2.3,,,480.0,,16.0,2.4,S2_FI_00000042,2024-07-02,0.0,46.898004,38.1794068512968,169.350587999393,,,35VNH,S2B_MSIL2A_20240702T093549_R036_T35VNH_20240702T132058,2.3,8.9,7.5,,83.0,7.400000000000001,3.8,20.3,480.0,,16.0,2.4,0.4,Hiitolanjoki rajav 002,,Rautjärvi,Rautjärvi,River,VHA1,Vuoksen vesienhoitoalue,3.011,Kokkolanjoen a,Suuret kangasmaiden joet,108.0
FI_00000043,10060,10060,2023-08-01,61.41234231212037,29.399668855924936,2.3,,,480.0,,16.0,2.4,S2_FI_00000043,2024-08-06,0.0,60.432649,44.6693954220926,169.65775268559,,,35VNH,S2A_MSIL2A_20240806T094031_R036_T35VNH_20240806T115350,2.3,8.9,7.5,,83.0,7.400000000000001,3.8,20.3,480.0,,16.0,2.4,0.4,Hiitolanjoki rajav 002,,Rautjärvi,Rautjärvi,River,VHA1,Vuoksen vesienhoitoalue,3.011,Kokkolanjoen a,Suuret kangasmaiden joet,108.0
FI_00000044,10060,10060,2023-08-01,61.41234231212037,29.399668855924936,2.3,,,480.0,,16.0,2.4,S2_FI_00000044,2024-09-02,1.0,62.506127,53.5543563379985,169.525517597413,,,35VNH,S2A_MSIL2A_20240902T093031_R136_T35VNH_20240902T124949,2.3,8.9,7.5,,83.0,7.400000000000001,3.8,20.3,480.0,,16.0,2.4,0.4,Hiitolanjoki rajav 002,,Rautjärvi,Rautjärvi,River,VHA1,Vuoksen vesienhoitoalue,3.011,Kokkolanjoen a,Suuret kangasmaiden joet,108.0
FI_00000045,10060,10060,2023-08-01,61.41234231212037,29.399668855924936,2.3,,,480.0,,16.0,2.4,S2_FI_00000045,2024-09-30,1.0,6.764941,63.9655152771795,176.044079053068,,,35VNH,S2B_MSIL2A_20240930T094029_R036_T35VNH_20240930T125406,2.3,8.9,7.5,,83.0,7.400000000000001,3.8,20.3,480.0,,16.0,2.4,0.4,Hiitolanjoki rajav 002,,Rautjärvi,Rautjärvi,River,VHA1,Vuoksen vesienhoitoalue,3.011,Kokkolanjoen a,Suuret kangasmaiden joet,108.0
FI_00000046,10060,10060,2023-08-01,61.41234231212037,29.399668855924936,2.3,,,480.0,,16.0,2.4,S2_FI_00000046,2024-11-06,0.0,100.0,77.1054745287643,175.537592344122,,,35VNH,S2B_MSIL2A_20241106T093059_R136_T35VNH_20241106T110328,2.3,8.9,7.5,,83.0,7.400000000000001,3.8,20.3,480.0,,16.0,2.4,0.4,Hiitolanjoki rajav 002,,Rautjärvi,Rautjärvi,River,VHA1,Vuoksen vesienhoitoalue,3.011,Kokkolanjoen a,Suuret kangasmaiden joet,108.0
FI_00000047,10060,10060,2023-08-01,61.41234231212037,29.399668855924936,2.3,,,480.0,,16.0,2.4,S2_FI_00000047,2024-12-06,3.0,93.714082,83.5688864322581,174.062696874444,,,35VNH,S2B_MSIL2A_20241206T093309_R136_T35VNH_20241206T103412,2.3,8.9,7.5,,83.0,7.400000000000001,3.8,20.3,480.0,,16.0,2.4,0.4,Hiitolanjoki rajav 002,,Rautjärvi,Rautjärvi,River,VHA1,Vuoksen vesienhoitoalue,3.011,Kokkolanjoen a,Suuret kangasmaiden joet,108.0
FI_00000048,10060,10060,2023-09-05,61.41234231212037,29.399668855924936,2.3,,,380.0,,14.0,2.3,S2_FI_00000048,2023-01-09,1.0,99.982816,83.1955587192166,172.675740224137,,,35VNH,S2B_MSIL2A_20230109T094259_R036_T35VNH_20240810T094942,2.3,10.0,7.900000000000001,,84.0,7.400000000000001,2.7,18.4,380.0,,14.0,2.3,0.3,Hiitolanjoki rajav 002,,Rautjärvi,Rautjärvi,River,VHA1,Vuoksen vesienhoitoalue,3.011,Kokkolanjoen a,Suuret kangasmaiden joet,108.0
FI_00000049,10060,10060,2023-09-05,61.41234231212037,29.399668855924936,2.3,,,380.0,,14.0,2.3,S2_FI_00000049,2023-01-24,0.0,97.166908,80.4004562634141,171.279359404197,,,35VNH,S2A_MSIL2A_20230124T094301_R036_T35VNH_20240809T194020,2.3,10.0,7.900000000000001,,84.0,7.400000000000001,2.7,18.4,380.0,,14.0,2.3,0.3,Hiitolanjoki rajav 002,,Rautjärvi,Rautjärvi,River,VHA1,Vuoksen vesienhoitoalue,3.011,Kokkolanjoen a,Suuret kangasmaiden joet,108.0
FI_00000050,10060,10060,2023-09-05,61.41234231212037,29.399668855924936,2.3,,,380.0,,14.0,2.3,S2_FI_00000050,2023-02-08,1.0,99.763161,76.2475474357969,170.41768004929,,,35VNH,S2B_MSIL2A_20230208T094049_R036_T35VNH_20240813T101951,2.3,10.0,7.900000000000001,,84.0,7.400000000000001,2.7,18.4,380.0,,14.0,2.3,0.3,Hiitolanjoki rajav 002,,Rautjärvi,Rautjärvi,River,VHA1,Vuoksen vesienhoitoalue,3.011,Kokkolanjoen a,Suuret kangasmaiden joet,108.0
FI_00000051,10060,10060,2023-09-05,61.41234231212037,29.399668855924936,2.3,,,380.0,,14.0,2.3,S2_FI_00000051,2023-02-28,1.0,26.003328,69.2171016172935,170.208667846854,,,35VNH,S2B_MSIL2A_20230228T094029_R036_T35VNH_20230301T181338,2.3,10.0,7.900000000000001,,84.0,7.400000000000001,2.7,18.4,380.0,,14.0,2.3,0.3,Hiitolanjoki rajav 002,,Rautjärvi,Rautjärvi,River,VHA1,Vuoksen vesienhoitoalue,3.011,Kokkolanjoen a,Suuret kangasmaiden joet,108.0
FI_00000052,10060,10060,2023-09-05,61.41234231212037,29.399668855924936,2.3,,,380.0,,14.0,2.3,S2_FI_00000052,2023-03-12,1.0,89.069247,64.7667236899318,167.772995811037,,,35VNH,S2A_MSIL2A_20230312T093031_R136_T35VNH_20240818T192626,2.3,10.0,7.900000000000001,,84.0,7.400000000000001,2.7,18.4,380.0,,14.0,2.3,0.3,Hiitolanjoki rajav 002,,Rautjärvi,Rautjärvi,River,VHA1,Vuoksen vesienhoitoalue,3.011,Kokkolanjoen a,Suuret kangasmaiden joet,108.0
FI_00000053,10060,10060,2023-09-05,61.41234231212037,29.399668855924936,2.3,,,380.0,,14.0,2.3,S2_FI_00000053,2023-04-04,0.0,35.110444,55.4169002105759,171.681693098142,,,35VNH,S2A_MSIL2A_20230404T094031_R036_T35VNH_20240825T224659,2.3,10.0,7.900000000000001,,84.0,7.400000000000001,2.7,18.4,380.0,,14.0,2.3,0.3,Hiitolanjoki rajav 002,,Rautjärvi,Rautjärvi,River,VHA1,Vuoksen vesienhoitoalue,3.011,Kokkolanjoen a,Suuret kangasmaiden joet,108.0
FI_00000054,10060,10060,2023-10-03,61.41234231212037,29.399668855924936,1.8,,,460.0,,24.0,3.0,S2_FI_00000054,2023-05-04,1.0,83.556539,45.0545391176175,172.780625096716,,,35VNH,S2A_MSIL2A_20230504T094031_R036_T35VNH_20230504T163444,1.8,9.6,8.8,,85.0,7.099999999999999,2.85,13.699999999999998,460.0,,24.0,3.0,0.3,Hiitolanjoki rajav 002,,Rautjärvi,Rautjärvi,River,VHA1,Vuoksen vesienhoitoalue,3.011,Kokkolanjoen a,Suuret kangasmaiden joet,108.0
FI_00000055,10060,10060,2023-10-03,61.41234231212037,29.399668855924936,1.8,,,460.0,,24.0,3.0,S2_FI_00000055,2023-05-16,0.0,100.0,42.1086134427927,169.155704697923,,,35VNH,S2B_MSIL2A_20230516T092559_R136_T35VNH_20230516T135124,1.8,9.6,8.8,,85.0,7.099999999999999,2.85,13.699999999999998,460.0,,24.0,3.0,0.3,Hiitolanjoki rajav 002,,Rautjärvi,Rautjärvi,River,VHA1,Vuoksen vesienhoitoalue,3.011,Kokkolanjoen a,Suuret kangasmaiden joet,108.0
FI_00000056,10060,10060,2023-10-03,61.41234231212037,29.399668855924936,1.8,,,460.0,,24.0,3.0,S2_FI_00000056,2023-06-08,1.0,90.519845,38.216586513725,171.285207644664,,,35VNH,S2B_MSIL2A_20230608T093549_R036_T35VNH_20240911T145836,1.8,9.6,8.8,,85.0,7.099999999999999,2.85,13.699999999999998,460.0,,24.0,3.0,0.3,Hiitolanjoki rajav 002,,Rautjärvi,Rautjärvi,River,VHA1,Vuoksen vesienhoitoalue,3.011,Kokkolanjoen a,Suuret kangasmaiden joet,108.0
FI_00000057,10060,10060,2023-10-03,61.41234231212037,29.399668855924936,1.8,,,460.0,,24.0,3.0,S2_FI_00000057,2023-07-03,0.0,90.499061,38.2002205763434,169.336651536226,,,35VNH,S2A_MSIL2A_20230703T094041_R036_T35VNH_20230703T161416,1.8,9.6,8.8,,85.0,7.099999999999999,2.85,13.699999999999998,460.0,,24.0,3.0,0.3,Hiitolanjoki rajav 002,,Rautjärvi,Rautjärvi,River,VHA1,Vuoksen vesienhoitoalue,3.011,Kokkolanjoen a,Suuret kangasmaiden joet,108.0
FI_00000058,10060,10060,2023-10-03,61.41234231212037,29.399668855924936,1.8,,,460.0,,24.0,3.0,S2_FI_00000058,2023-07-03,1.0,90.499061,38.2002205763434,169.336651536226,,,35VNH,S2A_MSIL2A_20230703T094041_R036_T35VNH_20230703T161416,1.8,9.6,8.8,,85.0,7.099999999999999,2.85,13.699999999999998,460.0,,24.0,3.0,0.3,Hiitolanjoki rajav 002,,Rautjärvi,Rautjärvi,River,VHA1,Vuoksen vesienhoitoalue,3.011,Kokkolanjoen a,Suuret kangasmaiden joet,108.0
FI_00000059,10060,10060,2023-10-03,61.41234231212037,29.399668855924936,1.8,,,460.0,,24.0,3.0,S2_FI_00000059,2023-07-30,1.0,24.036452,42.9349625787504,165.731781869805,,,35VNH,S2A_MSIL2A_20230730T093041_R136_T35VNH_20241018T172529,1.8,9.6,8.8,,85.0,7.099999999999999,2.85,13.699999999999998,460.0,,24.0,3.0,0.3,Hiitolanjoki rajav 002,,Rautjärvi,Rautjärvi,River,VHA1,Vuoksen vesienhoitoalue,3.011,Kokkolanjoen a,Suuret kangasmaiden joet,108.0
FI_00000060,10060,10060,2023-11-01,61.41234231212037,29.399668855924936,,,,490.0,,10.0,1.7,S2_FI_00000060,2023-08-02,1.0,96.141231,43.4118805092743,169.353061671041,,,35VNH,S2A_MSIL2A_20230802T094041_R036_T35VNH_20241026T134447,,7.900000000000001,12.199999999999998,,89.0,7.3,2.25,2.4,490.0,,10.0,1.7,0.3,Hiitolanjoki rajav 002,,Rautjärvi,Rautjärvi,River,VHA1,Vuoksen vesienhoitoalue,3.011,Kokkolanjoen a,Suuret kangasmaiden joet,108.0
FI_00000061,10060,10060,2023-11-01,61.41234231212037,29.399668855924936,,,,490.0,,10.0,1.7,S2_FI_00000061,2023-09-06,1.0,25.755775,54.5450230268766,173.037210687136,,,35VNH,S2B_MSIL2A_20230906T093549_R036_T35VNH_20241029T123722,,7.900000000000001,12.199999999999998,,89.0,7.3,2.25,2.4,490.0,,10.0,1.7,0.3,Hiitolanjoki rajav 002,,Rautjärvi,Rautjärvi,River,VHA1,Vuoksen vesienhoitoalue,3.011,Kokkolanjoen a,Suuret kangasmaiden joet,108.0
FI_00000062,10060,10060,2023-11-01,61.41234231212037,29.399668855924936,,,,490.0,,10.0,1.7,S2_FI_00000062,2023-10-03,0.0,98.598212,64.9324874901792,173.527670900678,,,35VNH,S2B_MSIL2A_20231003T092729_R136_T35VNH_20241101T185340,,7.900000000000001,12.199999999999998,,89.0,7.3,2.25,2.4,490.0,,10.0,1.7,0.3,Hiitolanjoki rajav 002,,Rautjärvi,Rautjärvi,River,VHA1,Vuoksen vesienhoitoalue,3.011,Kokkolanjoen a,Suuret kangasmaiden joet,108.0
FI_00000063,10060,10060,2023-11-01,61.41234231212037,29.399668855924936,,,,490.0,,10.0,1.7,S2_FI_00000063,2023-10-23,0.0,99.999201,72.3100177204643,175.178799573522,,,35VNH,S2B_MSIL2A_20231023T093029_R136_T35VNH_20231023T123222,,7.900000000000001,12.199999999999998,,89.0,7.3,2.25,2.4,490.0,,10.0,1.7,0.3,Hiitolanjoki rajav 002,,Rautjärvi,Rautjärvi,River,VHA1,Vuoksen vesienhoitoalue,3.011,Kokkolanjoen a,Suuret kangasmaiden joet,108.0
FI_00000064,10060,10060,2023-11-01,61.41234231212037,29.399668855924936,,,,490.0,,10.0,1.7,S2_FI_00000064,2023-10-31,1.0,98.521167,74.9373601627832,177.979775918871,,,35VNH,S2A_MSIL2A_20231031T094131_R036_T35VNH_20231031T123124,,7.900000000000001,12.199999999999998,,89.0,7.3,2.25,2.4,490.0,,10.0,1.7,0.3,Hiitolanjoki rajav 002,,Rautjärvi,Rautjärvi,River,VHA1,Vuoksen vesienhoitoalue,3.011,Kokkolanjoen a,Suuret kangasmaiden joet,108.0
FI_00000065,10060,10060,2023-11-01,61.41234231212037,29.399668855924936,,,,490.0,,10.0,1.7,S2_FI_00000065,2023-12-12,0.0,97.809678,84.0992718300985,173.539337116313,,,35VNH,S2B_MSIL2A_20231212T093309_R136_T35VNH_20241112T184056,,7.900000000000001,12.199999999999998,,89.0,7.3,2.25,2.4,490.0,,10.0,1.7,0.3,Hiitolanjoki rajav 002,,Rautjärvi,Rautjärvi,River,VHA1,Vuoksen vesienhoitoalue,3.011,Kokkolanjoen a,Suuret kangasmaiden joet,108.0
FI_00000066,10060,10060,2023-12-12,61.41234231212037,29.399668855924936,,,,400.0,,9.8,1.3,S2_FI_00000066,2024-01-01,1.0,4.753267,84.2138858487205,171.300468071902,,,35VNH,S2B_MSIL2A_20240101T093319_R136_T35VNH_20240101T131953,,8.6,13.0,,89.0,7.3,1.25,0.2,400.0,,9.8,1.3,0.4,Hiitolanjoki rajav 002,,Rautjärvi,Rautjärvi,River,VHA1,Vuoksen vesienhoitoalue,3.011,Kokkolanjoen a,Suuret kangasmaiden joet,108.0
FI_00000067,10060,10060,2023-12-12,61.41234231212037,29.399668855924936,,,,400.0,,9.8,1.3,S2_FI_00000067,2024-01-11,1.0,66.126502,83.1315192307082,170.167769768197,,,35VNH,S2B_MSIL2A_20240111T093249_R136_T35VNH_20240115T131524,,8.6,13.0,,89.0,7.3,1.25,0.2,400.0,,9.8,1.3,0.4,Hiitolanjoki rajav 002,,Rautjärvi,Rautjärvi,River,VHA1,Vuoksen vesienhoitoalue,3.011,Kokkolanjoen a,Suuret kangasmaiden joet,108.0
FI_00000068,10060,10060,2023-12-12,61.41234231212037,29.399668855924936,,,,400.0,,9.8,1.3,S2_FI_00000068,2024-02-05,1.0,95.914358,77.4704053439036,168.097028163643,,,35VNH,S2A_MSIL2A_20240205T093201_R136_T35VNH_20240205T114107,,8.6,13.0,,89.0,7.3,1.25,0.2,400.0,,9.8,1.3,0.4,Hiitolanjoki rajav 002,,Rautjärvi,Rautjärvi,River,VHA1,Vuoksen vesienhoitoalue,3.011,Kokkolanjoen a,Suuret kangasmaiden joet,108.0
FI_00000069,10060,10060,2023-12-12,61.41234231212037,29.399668855924936,,,,400.0,,9.8,1.3,S2_FI_00000069,2024-03-04,1.0,36.642608,67.3867071471209,170.282670092089,,,35VNH,S2B_MSIL2A_20240304T093749_R036_T35VNH_20240304T125337,,8.6,13.0,,89.0,7.3,1.25,0.2,400.0,,9.8,1.3,0.4,Hiitolanjoki rajav 002,,Rautjärvi,Rautjärvi,River,VHA1,Vuoksen vesienhoitoalue,3.011,Kokkolanjoen a,Suuret kangasmaiden joet,108.0
FI_00000070,10060,10060,2023-12-12,61.41234231212037,29.399668855924936,,,,400.0,,9.8,1.3,S2_FI_00000070,2024-04-03,1.0,97.458911,55.5111280037107,171.664174869279,,,35VNH,S2B_MSIL2A_20240403T093549_R036_T35VNH_20240403T133535,,8.6,13.0,,89.0,7.3,1.25,0.2,400.0,,9.8,1.3,0.4,Hiitolanjoki rajav 002,,Rautjärvi,Rautjärvi,River,VHA1,Vuoksen vesienhoitoalue,3.011,Kokkolanjoen a,Suuret kangasmaiden joet,108.0
FI_00000071,10060,10060,2023-12-12,61.41234231212037,29.399668855924936,,,,400.0,,9.8,1.3,S2_FI_00000071,2024-05-03,1.0,67.633313,45.125627166075,172.785088208829,,,35VNH,S2B_MSIL2A_20240503T093549_R036_T35VNH_20240503T132046,,8.6,13.0,,89.0,7.3,1.25,0.2,400.0,,9.8,1.3,0.4,Hiitolanjoki rajav 002,,Rautjärvi,Rautjärvi,River,VHA1,Vuoksen vesienhoitoalue,3.011,Kokkolanjoen a,Suuret kangasmaiden joet,108.0
FI_00000072,10060,10060,2024-01-10,61.41234231212037,29.399668855924936,,,,430.0,,10.0,1.1,S2_FI_00000072,2024-05-08,1.0,30.803224,43.7231349406598,172.790787883679,,,35VNH,S2A_MSIL2A_20240508T094031_R036_T35VNH_20240508T152742,,9.0,13.300000000000002,,93.0,7.3,1.75,0.8000000000000002,430.0,,10.0,1.1,0.3,Hiitolanjoki rajav 002,,Rautjärvi,Rautjärvi,River,VHA1,Vuoksen vesienhoitoalue,3.011,Kokkolanjoen a,Suuret kangasmaiden joet,108.0
FI_00000073,10060,10060,2024-01-10,61.41234231212037,29.399668855924936,,,,430.0,,10.0,1.1,S2_FI_00000073,2024-06-04,0.0,36.4135,38.7496611520196,167.879245143897,,,35VNH,S2A_MSIL2A_20240604T093041_R136_T35VNH_20240604T132058,,9.0,13.300000000000002,,93.0,7.3,1.75,0.8000000000000002,430.0,,10.0,1.1,0.3,Hiitolanjoki rajav 002,,Rautjärvi,Rautjärvi,River,VHA1,Vuoksen vesienhoitoalue,3.011,Kokkolanjoen a,Suuret kangasmaiden joet,108.0
FI_00000074,10060,10060,2024-01-10,61.41234231212037,29.399668855924936,,,,430.0,,10.0,1.1,S2_FI_00000074,2024-07-02,1.0,46.898004,38.1794068512968,169.350587999393,,,35VNH,S2B_MSIL2A_20240702T093549_R036_T35VNH_20240702T132058,,9.0,13.300000000000002,,93.0,7.3,1.75,0.8000000000000002,430.0,,10.0,1.1,0.3,Hiitolanjoki rajav 002,,Rautjärvi,Rautjärvi,River,VHA1,Vuoksen vesienhoitoalue,3.011,Kokkolanjoen a,Suuret kangasmaiden joet,108.0
FI_00000075,10060,10060,2024-01-10,61.41234231212037,29.399668855924936,,,,430.0,,10.0,1.1,S2_FI_00000075,2024-07-02,0.0,46.898004,38.1794068512968,169.350587999393,,,35VNH,S2B_MSIL2A_20240702T093549_R036_T35VNH_20240702T132058,,9.0,13.300000000000002,,93.0,7.3,1.75,0.8000000000000002,430.0,,10.0,1.1,0.3,Hiitolanjoki rajav 002,,Rautjärvi,Rautjärvi,River,VHA1,Vuoksen vesienhoitoalue,3.011,Kokkolanjoen a,Suuret kangasmaiden joet,108.0
FI_00000076,10060,10060,2024-01-10,61.41234231212037,29.399668855924936,,,,430.0,,10.0,1.1,S2_FI_00000076,2024-08-06,0.0,60.432649,44.6693954220926,169.65775268559,,,35VNH,S2A_MSIL2A_20240806T094031_R036_T35VNH_20240806T115350,,9.0,13.300000000000002,,93.0,7.3,1.75,0.8000000000000002,430.0,,10.0,1.1,0.3,Hiitolanjoki rajav 002,,Rautjärvi,Rautjärvi,River,VHA1,Vuoksen vesienhoitoalue,3.011,Kokkolanjoen a,Suuret kangasmaiden joet,108.0
FI_00000077,10060,10060,2024-01-10,61.41234231212037,29.399668855924936,,,,430.0,,10.0,1.1,S2_FI_00000077,2024-08-08,0.0,44.363379,45.4737570206836,166.475011128331,,,35VNH,S2B_MSIL2A_20240808T092559_R136_T35VNH_20240808T122517,,9.0,13.300000000000002,,93.0,7.3,1.75,0.8000000000000002,430.0,,10.0,1.1,0.3,Hiitolanjoki rajav 002,,Rautjärvi,Rautjärvi,River,VHA1,Vuoksen vesienhoitoalue,3.011,Kokkolanjoen a,Suuret kangasmaiden joet,108.0
FI_00000078,10060,10060,2024-02-06,61.41234231212037,29.399668855924936,,,,440.0,,10.0,0.77,S2_FI_00000078,2024-09-02,1.0,62.506127,53.5543563379985,169.525517597413,,,35VNH,S2A_MSIL2A_20240902T093031_R136_T35VNH_20240902T124949,,9.7,13.1,,90.0,7.400000000000001,1.0,0.2,440.0,,10.0,0.77,0.4,Hiitolanjoki rajav 002,,Rautjärvi,Rautjärvi,River,VHA1,Vuoksen vesienhoitoalue,3.011,Kokkolanjoen a,Suuret kangasmaiden joet,108.0
FI_00000079,10060,10060,2024-02-06,61.41234231212037,29.399668855924936,,,,440.0,,10.0,0.77,S2_FI_00000079,2024-09-30,1.0,6.764941,63.9655152771795,176.044079053068,,,35VNH,S2B_MSIL2A_20240930T094029_R036_T35VNH_20240930T125406,,9.7,13.1,,90.0,7.400000000000001,1.0,0.2,440.0,,10.0,0.77,0.4,Hiitolanjoki rajav 002,,Rautjärvi,Rautjärvi,River,VHA1,Vuoksen vesienhoitoalue,3.011,Kokkolanjoen a,Suuret kangasmaiden joet,108.0
FI_00000080,10060,10060,2024-02-06,61.41234231212037,29.399668855924936,,,,440.0,,10.0,0.77,S2_FI_00000080,2024-11-06,0.0,100.0,77.1054745287643,175.537592344122,,,35VNH,S2B_MSIL2A_20241106T093059_R136_T35VNH_20241106T110328,,9.7,13.1,,90.0,7.400000000000001,1.0,0.2,440.0,,10.0,0.77,0.4,Hiitolanjoki rajav 002,,Rautjärvi,Rautjärvi,River,VHA1,Vuoksen vesienhoitoalue,3.011,Kokkolanjoen a,Suuret kangasmaiden joet,108.0
FI_00000081,10060,10060,2024-02-06,61.41234231212037,29.399668855924936,,,,440.0,,10.0,0.77,S2_FI_00000081,2024-11-11,0.0,99.999988,78.5314539560425,175.508938410983,,,35VNH,S2A_MSIL2A_20241111T093231_R136_T35VNH_20241111T103545,,9.7,13.1,,90.0,7.400000000000001,1.0,0.2,440.0,,10.0,0.77,0.4,Hiitolanjoki rajav 002,,Rautjärvi,Rautjärvi,River,VHA1,Vuoksen vesienhoitoalue,3.011,Kokkolanjoen a,Suuret kangasmaiden joet,108.0
FI_00000082,10060,10060,2024-02-06,61.41234231212037,29.399668855924936,,,,440.0,,10.0,0.77,S2_FI_00000082,2024-12-06,3.0,93.714082,83.5688864322581,174.062696874444,,,35VNH,S2B_MSIL2A_20241206T093309_R136_T35VNH_20241206T103412,,9.7,13.1,,90.0,7.400000000000001,1.0,0.2,440.0,,10.0,0.77,0.4,Hiitolanjoki rajav 002,,Rautjärvi,Rautjärvi,River,VHA1,Vuoksen vesienhoitoalue,3.011,Kokkolanjoen a,Suuret kangasmaiden joet,108.0
FI_00000083,10060,10060,2024-02-06,61.41234231212037,29.399668855924936,,,,440.0,,10.0,0.77,S2_FI_00000083,2023-01-09,1.0,99.982816,83.1955587192166,172.675740224137,,,35VNH,S2B_MSIL2A_20230109T094259_R036_T35VNH_20240810T094942,,9.7,13.1,,90.0,7.400000000000001,1.0,0.2,440.0,,10.0,0.77,0.4,Hiitolanjoki rajav 002,,Rautjärvi,Rautjärvi,River,VHA1,Vuoksen vesienhoitoalue,3.011,Kokkolanjoen a,Suuret kangasmaiden joet,108.0
FI_00000084,10060,10060,2024-03-05,61.41234231212037,29.399668855924936,,,,500.0,,12.0,1.2,S2_FI_00000084,2023-02-08,1.0,99.763161,76.2475474357969,170.41768004929,,,35VNH,S2B_MSIL2A_20230208T094049_R036_T35VNH_20240813T101951,,9.8,13.699999999999998,,96.0,7.5,1.0,0.9,500.0,,12.0,1.2,0.4,Hiitolanjoki rajav 002,,Rautjärvi,Rautjärvi,River,VHA1,Vuoksen vesienhoitoalue,3.011,Kokkolanjoen a,Suuret kangasmaiden joet,108.0
FI_00000085,10060,10060,2024-03-05,61.41234231212037,29.399668855924936,,,,500.0,,12.0,1.2,S2_FI_00000085,2023-02-28,1.0,26.003328,69.2171016172935,170.208667846854,,,35VNH,S2B_MSIL2A_20230228T094029_R036_T35VNH_20230301T181338,,9.8,13.699999999999998,,96.0,7.5,1.0,0.9,500.0,,12.0,1.2,0.4,Hiitolanjoki rajav 002,,Rautjärvi,Rautjärvi,River,VHA1,Vuoksen vesienhoitoalue,3.011,Kokkolanjoen a,Suuret kangasmaiden joet,108.0
FI_00000086,10060,10060,2024-03-05,61.41234231212037,29.399668855924936,,,,500.0,,12.0,1.2,S2_FI_00000086,2023-04-04,0.0,35.110444,55.4169002105759,171.681693098142,,,35VNH,S2A_MSIL2A_20230404T094031_R036_T35VNH_20240825T224659,,9.8,13.699999999999998,,96.0,7.5,1.0,0.9,500.0,,12.0,1.2,0.4,Hiitolanjoki rajav 002,,Rautjärvi,Rautjärvi,River,VHA1,Vuoksen vesienhoitoalue,3.011,Kokkolanjoen a,Suuret kangasmaiden joet,108.0
FI_00000087,10060,10060,2024-03-05,61.41234231212037,29.399668855924936,,,,500.0,,12.0,1.2,S2_FI_00000087,2023-05-16,0.0,100.0,42.1086134427927,169.155704697923,,,35VNH,S2B_MSIL2A_20230516T092559_R136_T35VNH_20230516T135124,,9.8,13.699999999999998,,96.0,7.5,1.0,0.9,500.0,,12.0,1.2,0.4,Hiitolanjoki rajav 002,,Rautjärvi,Rautjärvi,River,VHA1,Vuoksen vesienhoitoalue,3.011,Kokkolanjoen a,Suuret kangasmaiden joet,108.0
FI_00000088,10060,10060,2024-03-05,61.41234231212037,29.399668855924936,,,,500.0,,12.0,1.2,S2_FI_00000088,2023-06-08,1.0,90.519845,38.216586513725,171.285207644664,,,35VNH,S2B_MSIL2A_20230608T093549_R036_T35VNH_20240911T145836,,9.8,13.699999999999998,,96.0,7.5,1.0,0.9,500.0,,12.0,1.2,0.4,Hiitolanjoki rajav 002,,Rautjärvi,Rautjärvi,River,VHA1,Vuoksen vesienhoitoalue,3.011,Kokkolanjoen a,Suuret kangasmaiden joet,108.0
FI_00000089,10060,10060,2024-03-05,61.41234231212037,29.399668855924936,,,,500.0,,12.0,1.2,S2_FI_00000089,2023-07-03,1.0,90.499061,38.2002205763434,169.336651536226,,,35VNH,S2A_MSIL2A_20230703T094041_R036_T35VNH_20230703T161416,,9.8,13.699999999999998,,96.0,7.5,1.0,0.9,500.0,,12.0,1.2,0.4,Hiitolanjoki rajav 002,,Rautjärvi,Rautjärvi,River,VHA1,Vuoksen vesienhoitoalue,3.011,Kokkolanjoen a,Suuret kangasmaiden joet,108.0
FI_00000090,10060,10060,2024-04-02,61.41234231212037,29.399668855924936,2.0,,,740.0,,28.0,11.0,S2_FI_00000090,2023-08-02,1.0,96.141231,43.4118805092743,169.353061671041,,,35VNH,S2A_MSIL2A_20230802T094041_R036_T35VNH_20241026T134447,2.0,7.599999999999999,12.199999999999998,,88.0,7.2,11.0,2.0,740.0,,28.0,11.0,0.5,Hiitolanjoki rajav 002,,Rautjärvi,Rautjärvi,River,VHA1,Vuoksen vesienhoitoalue,3.011,Kokkolanjoen a,Suuret kangasmaiden joet,108.0
FI_00000091,10060,10060,2024-04-02,61.41234231212037,29.399668855924936,2.0,,,740.0,,28.0,11.0,S2_FI_00000091,2023-09-06,1.0,25.755775,54.5450230268766,173.037210687136,,,35VNH,S2B_MSIL2A_20230906T093549_R036_T35VNH_20241029T123722,2.0,7.599999999999999,12.199999999999998,,88.0,7.2,11.0,2.0,740.0,,28.0,11.0,0.5,Hiitolanjoki rajav 002,,Rautjärvi,Rautjärvi,River,VHA1,Vuoksen vesienhoitoalue,3.011,Kokkolanjoen a,Suuret kangasmaiden joet,108.0
FI_00000092,10060,10060,2024-04-02,61.41234231212037,29.399668855924936,2.0,,,740.0,,28.0,11.0,S2_FI_00000092,2023-10-03,0.0,98.598212,64.9324874901792,173.527670900678,,,35VNH,S2B_MSIL2A_20231003T092729_R136_T35VNH_20241101T185340,2.0,7.599999999999999,12.199999999999998,,88.0,7.2,11.0,2.0,740.0,,28.0,11.0,0.5,Hiitolanjoki rajav 002,,Rautjärvi,Rautjärvi,River,VHA1,Vuoksen vesienhoitoalue,3.011,Kokkolanjoen a,Suuret kangasmaiden joet,108.0
FI_00000093,10060,10060,2024-04-02,61.41234231212037,29.399668855924936,2.0,,,740.0,,28.0,11.0,S2_FI_00000093,2023-10-31,1.0,98.521167,74.9373601627832,177.979775918871,,,35VNH,S2A_MSIL2A_20231031T094131_R036_T35VNH_20231031T123124,2.0,7.599999999999999,12.199999999999998,,88.0,7.2,11.0,2.0,740.0,,28.0,11.0,0.5,Hiitolanjoki rajav 002,,Rautjärvi,Rautjärvi,River,VHA1,Vuoksen vesienhoitoalue,3.011,Kokkolanjoen a,Suuret kangasmaiden joet,108.0
FI_00000094,10060,10060,2024-04-02,61.41234231212037,29.399668855924936,2.0,,,740.0,,28.0,11.0,S2_FI_00000094,2023-12-12,0.0,97.809678,84.0992718300985,173.539337116313,,,35VNH,S2B_MSIL2A_20231212T093309_R136_T35VNH_20241112T184056,2.0,7.599999999999999,12.199999999999998,,88.0,7.2,11.0,2.0,740.0,,28.0,11.0,0.5,Hiitolanjoki rajav 002,,Rautjärvi,Rautjärvi,River,VHA1,Vuoksen vesienhoitoalue,3.011,Kokkolanjoen a,Suuret kangasmaiden joet,108.0
FI_00000095,10060,10060,2024-04-02,61.41234231212037,29.399668855924936,2.0,,,740.0,,28.0,11.0,S2_FI_00000095,2024-01-11,1.0,66.126502,83.1315192307082,170.167769768197,,,35VNH,S2B_MSIL2A_20240111T093249_R136_T35VNH_20240115T131524,2.0,7.599999999999999,12.199999999999998,,88.0,7.2,11.0,2.0,740.0,,28.0,11.0,0.5,Hiitolanjoki rajav 002,,Rautjärvi,Rautjärvi,River,VHA1,Vuoksen vesienhoitoalue,3.011,Kokkolanjoen a,Suuret kangasmaiden joet,108.0
FI_00000096,10060,10060,2024-05-07,61.41234231212037,29.399668855924936,1.7,,,420.0,,14.0,1.8,S2_FI_00000096,2024-02-05,1.0,95.914358,77.4704053439036,168.097028163643,,,35VNH,S2A_MSIL2A_20240205T093201_R136_T35VNH_20240205T114107,1.7,7.5,11.800000000000002,,97.0,7.3,4.5,6.8,420.0,,14.0,1.8,0.5,Hiitolanjoki rajav 002,,Rautjärvi,Rautjärvi,River,VHA1,Vuoksen vesienhoitoalue,3.011,Kokkolanjoen a,Suuret kangasmaiden joet,108.0
FI_00000097,10060,10060,2024-05-07,61.41234231212037,29.399668855924936,1.7,,,420.0,,14.0,1.8,S2_FI_00000097,2024-03-04,1.0,36.642608,67.3867071471209,170.282670092089,,,35VNH,S2B_MSIL2A_20240304T093749_R036_T35VNH_20240304T125337,1.7,7.5,11.800000000000002,,97.0,7.3,4.5,6.8,420.0,,14.0,1.8,0.5,Hiitolanjoki rajav 002,,Rautjärvi,Rautjärvi,River,VHA1,Vuoksen vesienhoitoalue,3.011,Kokkolanjoen a,Suuret kangasmaiden joet,108.0
FI_00000098,10060,10060,2024-05-07,61.41234231212037,29.399668855924936,1.7,,,420.0,,14.0,1.8,S2_FI_00000098,2024-04-03,1.0,97.458911,55.5111280037107,171.664174869279,,,35VNH,S2B_MSIL2A_20240403T093549_R036_T35VNH_20240403T133535,1.7,7.5,11.800000000000002,,97.0,7.3,4.5,6.8,420.0,,14.0,1.8,0.5,Hiitolanjoki rajav 002,,Rautjärvi,Rautjärvi,River,VHA1,Vuoksen vesienhoitoalue,3.011,Kokkolanjoen a,Suuret kangasmaiden joet,108.0
FI_00000099,10060,10060,2024-05-07,61.41234231212037,29.399668855924936,1.7,,,420.0,,14.0,1.8,S2_FI_00000099,2024-05-08,1.0,30.803224,43.7231349406598,172.790787883679,,,35VNH,S2A_MSIL2A_20240508T094031_R036_T35VNH_20240508T152742,1.7,7.5,11.800000000000002,,97.0,7.3,4.5,6.8,420.0,,14.0,1.8,0.5,Hiitolanjoki rajav 002,,Rautjärvi,Rautjärvi,River,VHA1,Vuoksen vesienhoitoalue,3.011,Kokkolanjoen a,Suuret kangasmaiden joet,108.0
FI_00000100,10060,10060,2024-05-07,61.41234231212037,29.399668855924936,1.7,,,420.0,,14.0,1.8,S2_FI_00000100,2024-06-04,0.0,36.4135,38.7496611520196,167.879245143897,,,35VNH,S2A_MSIL2A_20240604T093041_R136_T35VNH_20240604T132058,1.7,7.5,11.800000000000002,,97.0,7.3,4.5,6.8,420.0,,14.0,1.8,0.5,Hiitolanjoki rajav 002,,Rautjärvi,Rautjärvi,River,VHA1,Vuoksen vesienhoitoalue,3.011,Kokkolanjoen a,Suuret kangasmaiden joet,108.0
FI_00000101,10060,10060,2024-05-07,61.41234231212037,29.399668855924936,1.7,,,420.0,,14.0,1.8,S2_FI_00000101,2024-07-02,0.0,46.898004,38.1794068512968,169.350587999393,,,35VNH,S2B_MSIL2A_20240702T093549_R036_T35VNH_20240702T132058,1.7,7.5,11.800000000000002,,97.0,7.3,4.5,6.8,420.0,,14.0,1.8,0.5,Hiitolanjoki rajav 002,,Rautjärvi,Rautjärvi,River,VHA1,Vuoksen vesienhoitoalue,3.011,Kokkolanjoen a,Suuret kangasmaiden joet,108.0
FI_00000102,10060,10060,2024-06-04,61.41234231212037,29.399668855924936,1.9,,,560.0,,28.0,4.3,S2_FI_00000102,2024-08-06,0.0,60.432649,44.6693954220926,169.65775268559,,,35VNH,S2A_MSIL2A_20240806T094031_R036_T35VNH_20240806T115350,1.9,8.3,6.900000000000001,,79.0,7.2,4.25,21.85,560.0,,28.0,4.3,0.5,Hiitolanjoki rajav 002,,Rautjärvi,Rautjärvi,River,VHA1,Vuoksen vesienhoitoalue,3.011,Kokkolanjoen a,Suuret kangasmaiden joet,108.0
FI_00000103,10060,10060,2024-06-04,61.41234231212037,29.399668855924936,1.9,,,560.0,,28.0,4.3,S2_FI_00000103,2024-09-02,1.0,62.506127,53.5543563379985,169.525517597413,,,35VNH,S2A_MSIL2A_20240902T093031_R136_T35VNH_20240902T124949,1.9,8.3,6.900000000000001,,79.0,7.2,4.25,21.85,560.0,,28.0,4.3,0.5,Hiitolanjoki rajav 002,,Rautjärvi,Rautjärvi,River,VHA1,Vuoksen vesienhoitoalue,3.011,Kokkolanjoen a,Suuret kangasmaiden joet,108.0
FI_00000104,10060,10060,2024-06-04,61.41234231212037,29.399668855924936,1.9,,,560.0,,28.0,4.3,S2_FI_00000104,2024-09-30,1.0,6.764941,63.9655152771795,176.044079053068,,,35VNH,S2B_MSIL2A_20240930T094029_R036_T35VNH_20240930T125406,1.9,8.3,6.900000000000001,,79.0,7.2,4.25,21.85,560.0,,28.0,4.3,0.5,Hiitolanjoki rajav 002,,Rautjärvi,Rautjärvi,River,VHA1,Vuoksen vesienhoitoalue,3.011,Kokkolanjoen a,Suuret kangasmaiden joet,108.0
FI_00000105,10060,10060,2024-06-04,61.41234231212037,29.399668855924936,1.9,,,560.0,,28.0,4.3,S2_FI_00000105,2024-11-06,0.0,100.0,77.1054745287643,175.537592344122,,,35VNH,S2B_MSIL2A_20241106T093059_R136_T35VNH_20241106T110328,1.9,8.3,6.900000000000001,,79.0,7.2,4.25,21.85,560.0,,28.0,4.3,0.5,Hiitolanjoki rajav 002,,Rautjärvi,Rautjärvi,River,VHA1,Vuoksen vesienhoitoalue,3.011,Kokkolanjoen a,Suuret kangasmaiden joet,108.0
FI_00000106,10060,10060,2024-06-04,61.41234231212037,29.399668855924936,1.9,,,560.0,,28.0,4.3,S2_FI_00000106,2024-12-06,3.0,93.714082,83.5688864322581,174.062696874444,,,35VNH,S2B_MSIL2A_20241206T093309_R136_T35VNH_20241206T103412,1.9,8.3,6.900000000000001,,79.0,7.2,4.25,21.85,560.0,,28.0,4.3,0.5,Hiitolanjoki rajav 002,,Rautjärvi,Rautjärvi,River,VHA1,Vuoksen vesienhoitoalue,3.011,Kokkolanjoen a,Suuret kangasmaiden joet,108.0
FI_00000107,10060,10060,2024-06-04,61.41234231212037,29.399668855924936,1.9,,,560.0,,28.0,4.3,S2_FI_00000107,2023-03-15,0.0,99.994594,64.0574376390324,173.111051980181,,,36VUP,S2A_MSIL2A_20230315T094031_R036_T36VUP_20240821T080821,1.9,8.3,6.900000000000001,,79.0,7.2,4.25,21.85,560.0,,28.0,4.3,0.5,Hiitolanjoki rajav 002,,Rautjärvi,Rautjärvi,River,VHA1,Vuoksen vesienhoitoalue,3.011,Kokkolanjoen a,Suuret kangasmaiden joet,108.0
FI_00000108,10060,10060,2024-07-02,61.41234231212037,29.399668855924936,1.8,,,440.0,,16.0,3.0,S2_FI_00000108,2023-06-05,1.0,37.135851,39.3946166382384,171.208201199631,,,36VUP,S2B_MSIL2A_20230605T092559_R136_T36VUP_20240911T222414,1.8,9.6,6.900000000000001,,79.0,7.400000000000001,4.8500000000000005,22.3,440.0,,16.0,3.0,0.5,Hiitolanjoki rajav 002,,Rautjärvi,Rautjärvi,River,VHA1,Vuoksen vesienhoitoalue,3.011,Kokkolanjoen a,Suuret kangasmaiden joet,108.0
FI_00000109,10060,10060,2024-07-02,61.41234231212037,29.399668855924936,1.8,,,440.0,,16.0,3.0,S2_FI_00000109,2023-08-02,0.0,48.658302,44.1102020790594,172.46794329781,,,36VUP,S2A_MSIL2A_20230802T094041_R036_T36VUP_20241026T134447,1.8,9.6,6.900000000000001,,79.0,7.400000000000001,4.8500000000000005,22.3,440.0,,16.0,3.0,0.5,Hiitolanjoki rajav 002,,Rautjärvi,Rautjärvi,River,VHA1,Vuoksen vesienhoitoalue,3.011,Kokkolanjoen a,Suuret kangasmaiden joet,108.0
FI_00000110,10060,10060,2024-07-02,61.41234231212037,29.399668855924936,1.8,,,440.0,,16.0,3.0,S2_FI_00000110,2024-08-17,1.0,59.325266,47.8133520293169,172.440926609612,,,35VLH,S2B_MSIL2A_20240817T095549_R122_T35VLH_20240817T131031,1.8,9.6,6.900000000000001,,79.0,7.400000000000001,4.8500000000000005,22.3,440.0,,16.0,3.0,0.5,Hiitolanjoki rajav 002,,Rautjärvi,Rautjärvi,River,VHA1,Vuoksen vesienhoitoalue,3.011,Kokkolanjoen a,Suuret kangasmaiden joet,108.0
FI_00000111,10060,10060,2024-07-02,61.41234231212037,29.399668855924936,1.8,,,440.0,,16.0,3.0,S2_FI_00000111,2023-06-05,1.0,33.307627,39.414670553263,170.740854980667,,,35VPJ,S2B_MSIL2A_20230605T092559_R136_T35VPJ_20240911T222414,1.8,9.6,6.900000000000001,,79.0,7.400000000000001,4.8500000000000005,22.3,440.0,,16.0,3.0,0.5,Hiitolanjoki rajav 002,,Rautjärvi,Rautjärvi,River,VHA1,Vuoksen vesienhoitoalue,3.011,Kokkolanjoen a,Suuret kangasmaiden joet,108.0
FI_00000112,10060,10060,2024-07-02,61.41234231212037,29.399668855924936,1.8,,,440.0,,16.0,3.0,S2_FI_00000112,2023-08-14,0.0,39.036593,47.670570771019,169.598484803326,,,35VPJ,S2B_MSIL2A_20230814T092559_R136_T35VPJ_20241015T090637,1.8,9.6,6.900000000000001,,79.0,7.400000000000001,4.8500000000000005,22.3,440.0,,16.0,3.0,0.5,Hiitolanjoki rajav 002,,Rautjärvi,Rautjärvi,River,VHA1,Vuoksen vesienhoitoalue,3.011,Kokkolanjoen a,Suuret kangasmaiden joet,108.0
FI_00000113,10060,10060,2024-07-02,61.41234231212037,29.399668855924936,1.8,,,440.0,,16.0,3.0,S2_FI_00000113,2023-02-06,1.0,37.930402,79.3673557906784,172.946560375833,,,35VNL,S2A_MSIL2A_20230206T095201_R079_T35VNL_20230207T034757,1.8,9.6,6.900000000000001,,79.0,7.400000000000001,4.8500000000000005,22.3,440.0,,16.0,3.0,0.5,Hiitolanjoki rajav 002,,Rautjärvi,Rautjärvi,River,VHA1,Vuoksen vesienhoitoalue,3.011,Kokkolanjoen a,Suuret kangasmaiden joet,108.0
FI_00000114,10060,10060,2024-08-06,61.41234231212037,29.399668855924936,2.2,,,380.0,,16.0,2.6,S2_FI_00000114,2023-07-06,1.0,67.869103,40.9699144074481,173.151363821912,,,35VNL,S2A_MSIL2A_20230706T095031_R079_T35VNL_20230706T155743,2.2,10.0,7.2,,82.0,7.400000000000001,3.5500000000000003,21.8,380.0,,16.0,2.6,0.5,Hiitolanjoki rajav 002,,Rautjärvi,Rautjärvi,River,VHA1,Vuoksen vesienhoitoalue,3.011,Kokkolanjoen a,Suuret kangasmaiden joet,108.0
FI_00000115,10060,10060,2024-08-06,61.41234231212037,29.399668855924936,2.2,,,380.0,,16.0,2.6,S2_FI_00000115,2023-08-20,1.0,26.68795,51.1723824101928,174.296689015974,,,35VNL,S2B_MSIL2A_20230820T094549_R079_T35VNL_20241022T160002,2.2,10.0,7.2,,82.0,7.400000000000001,3.5500000000000003,21.8,380.0,,16.0,2.6,0.5,Hiitolanjoki rajav 002,,Rautjärvi,Rautjärvi,River,VHA1,Vuoksen vesienhoitoalue,3.011,Kokkolanjoen a,Suuret kangasmaiden joet,108.0
FI_00000116,10060,10060,2024-08-06,61.41234231212037,29.399668855924936,2.2,,,380.0,,16.0,2.6,S2_FI_00000116,2024-02-13,0.0,0.747844,77.3606447653413,170.30283428794,,,35VNL,S2B_MSIL2A_20240213T094029_R036_T35VNL_20240213T121755,2.2,10.0,7.2,,82.0,7.400000000000001,3.5500000000000003,21.8,380.0,,16.0,2.6,0.5,Hiitolanjoki rajav 002,,Rautjärvi,Rautjärvi,River,VHA1,Vuoksen vesienhoitoalue,3.011,Kokkolanjoen a,Suuret kangasmaiden joet,108.0
FI_00000117,10060,10060,2024-08-06,61.41234231212037,29.399668855924936,2.2,,,380.0,,16.0,2.6,S2_FI_00000117,2024-07-15,0.0,99.799854,42.268841158105,172.79568366935,,,35VNL,S2B_MSIL2A_20240715T094549_R079_T35VNL_20240715T135226,2.2,10.0,7.2,,82.0,7.400000000000001,3.5500000000000003,21.8,380.0,,16.0,2.6,0.5,Hiitolanjoki rajav 002,,Rautjärvi,Rautjärvi,River,VHA1,Vuoksen vesienhoitoalue,3.011,Kokkolanjoen a,Suuret kangasmaiden joet,108.0
FI_00000118,10060,10060,2024-08-06,61.41234231212037,29.399668855924936,2.2,,,380.0,,16.0,2.6,S2_FI_00000118,2024-08-29,0.0,44.720903,54.4985438397109,175.263286271228,,,35VNL,S2A_MSIL2A_20240829T095031_R079_T35VNL_20240829T134149,2.2,10.0,7.2,,82.0,7.400000000000001,3.5500000000000003,21.8,380.0,,16.0,2.6,0.5,Hiitolanjoki rajav 002,,Rautjärvi,Rautjärvi,River,VHA1,Vuoksen vesienhoitoalue,3.011,Kokkolanjoen a,Suuret kangasmaiden joet,108.0
FI_00000120,10060,10060,2024-09-03,61.41234231212037,29.399668855924936,1.8,,,410.0,,24.0,2.0,S2_FI_00000120,2023-02-13,0.0,28.785446,77.4489342377156,168.311025518921,,,35VML,S2A_MSIL2A_20230213T094111_R036_T35VML_20230213T181729,1.8,11.0,7.7,,83.0,7.599999999999999,3.7000000000000006,19.0,410.0,,24.0,2.0,0.2,Hiitolanjoki rajav 002,,Rautjärvi,Rautjärvi,River,VHA1,Vuoksen vesienhoitoalue,3.011,Kokkolanjoen a,Suuret kangasmaiden joet,108.0
FI_00000121,10060,10060,2024-09-03,61.41234231212037,29.399668855924936,1.8,,,410.0,,24.0,2.0,S2_FI_00000121,2023-03-16,0.0,19.089602,65.4229790210436,174.115625919038,,,35VML,S2B_MSIL2A_20230316T100029_R122_T35VML_20240806T010023,1.8,11.0,7.7,,83.0,7.599999999999999,3.7000000000000006,19.0,410.0,,24.0,2.0,0.2,Hiitolanjoki rajav 002,,Rautjärvi,Rautjärvi,River,VHA1,Vuoksen vesienhoitoalue,3.011,Kokkolanjoen a,Suuret kangasmaiden joet,108.0
FI_00000122,10060,10060,2024-09-03,61.41234231212037,29.399668855924936,1.8,,,410.0,,24.0,2.0,S2_FI_00000122,2023-04-05,0.0,49.661681,57.5510061946701,175.429361347053,,,35VML,S2B_MSIL2A_20230405T100029_R122_T35VML_20240830T025509,1.8,11.0,7.7,,83.0,7.599999999999999,3.7000000000000006,19.0,410.0,,24.0,2.0,0.2,Hiitolanjoki rajav 002,,Rautjärvi,Rautjärvi,River,VHA1,Vuoksen vesienhoitoalue,3.011,Kokkolanjoen a,Suuret kangasmaiden joet,108.0
FI_00000123,10060,10060,2024-09-03,61.41234231212037,29.399668855924936,1.8,,,410.0,,24.0,2.0,S2_FI_00000123,2023-04-12,0.0,57.541841,55.0376897024815,172.880337675646,,,35VML,S2B_MSIL2A_20230412T095029_R079_T35VML_20240828T091729,1.8,11.0,7.7,,83.0,7.599999999999999,3.7000000000000006,19.0,410.0,,24.0,2.0,0.2,Hiitolanjoki rajav 002,,Rautjärvi,Rautjärvi,River,VHA1,Vuoksen vesienhoitoalue,3.011,Kokkolanjoen a,Suuret kangasmaiden joet,108.0
FI_00000124,10060,10060,2024-09-03,61.41234231212037,29.399668855924936,1.8,,,410.0,,24.0,2.0,S2_FI_00000124,2023-04-19,0.0,99.999821,52.6882387363825,170.148499235319,,,35VML,S2B_MSIL2A_20230419T094029_R036_T35VML_20240905T044627,1.8,11.0,7.7,,83.0,7.599999999999999,3.7000000000000006,19.0,410.0,,24.0,2.0,0.2,Hiitolanjoki rajav 002,,Rautjärvi,Rautjärvi,River,VHA1,Vuoksen vesienhoitoalue,3.011,Kokkolanjoen a,Suuret kangasmaiden joet,108.0
FI_00000125,10060,10060,2024-09-03,61.41234231212037,29.399668855924936,1.8,,,410.0,,24.0,2.0,S2_FI_00000125,2023-04-24,0.0,99.999714,50.9837571127051,170.276213143823,,,35VML,S2A_MSIL2A_20230424T094031_R036_T35VML_20240831T183412,1.8,11.0,7.7,,83.0,7.599999999999999,3.7000000000000006,19.0,410.0,,24.0,2.0,0.2,Hiitolanjoki rajav 002,,Rautjärvi,Rautjärvi,River,VHA1,Vuoksen vesienhoitoalue,3.011,Kokkolanjoen a,Suuret kangasmaiden joet,108.0
FI_00000126,10060,10060,2024-10-01,61.41234231212037,29.399668855924936,1.8,,,410.0,,17.0,2.1,S2_FI_00000126,2023-05-02,1.0,100.0,48.2944368683893,173.621196528841,,,35VML,S2B_MSIL2A_20230502T095029_R079_T35VML_20240902T030627,1.8,11.0,9.3,,87.0,7.400000000000001,1.7,12.199999999999998,410.0,,17.0,2.1,0.3,Hiitolanjoki rajav 002,,Rautjärvi,Rautjärvi,River,VHA1,Vuoksen vesienhoitoalue,3.011,Kokkolanjoen a,Suuret kangasmaiden joet,108.0
FI_00000127,10060,10060,2024-10-01,61.41234231212037,29.399668855924936,1.8,,,410.0,,17.0,2.1,S2_FI_00000127,2023-05-10,0.0,89.591831,45.9523825870332,176.946047858416,,,35VML,S2A_MSIL2A_20230510T100031_R122_T35VML_20230510T154334,1.8,11.0,9.3,,87.0,7.400000000000001,1.7,12.199999999999998,410.0,,17.0,2.1,0.3,Hiitolanjoki rajav 002,,Rautjärvi,Rautjärvi,River,VHA1,Vuoksen vesienhoitoalue,3.011,Kokkolanjoen a,Suuret kangasmaiden joet,108.0
FI_00000128,10060,10060,2024-10-01,61.41234231212037,29.399668855924936,1.8,,,410.0,,17.0,2.1,S2_FI_00000128,2023-05-15,1.0,20.801798,44.7050789030647,176.949600752651,,,35VML,S2B_MSIL2A_20230515T095559_R122_T35VML_20230515T161452,1.8,11.0,9.3,,87.0,7.400000000000001,1.7,12.199999999999998,410.0,,17.0,2.1,0.3,Hiitolanjoki rajav 002,,Rautjärvi,Rautjärvi,River,VHA1,Vuoksen vesienhoitoalue,3.011,Kokkolanjoen a,Suuret kangasmaiden joet,108.0
FI_00000129,10060,10060,2024-10-01,61.41234231212037,29.399668855924936,1.8,,,410.0,,17.0,2.1,S2_FI_00000129,2023-05-22,0.0,70.396811,43.2829905392331,173.385763893825,,,35VML,S2B_MSIL2A_20230522T094549_R079_T35VML_20230522T142441,1.8,11.0,9.3,,87.0,7.400000000000001,1.7,12.199999999999998,410.0,,17.0,2.1,0.3,Hiitolanjoki rajav 002,,Rautjärvi,Rautjärvi,River,VHA1,Vuoksen vesienhoitoalue,3.011,Kokkolanjoen a,Suuret kangasmaiden joet,108.0
FI_00000130,10060,10060,2024-10-01,61.41234231212037,29.399668855924936,1.8,,,410.0,,17.0,2.1,S2_FI_00000130,2023-05-30,1.0,78.192151,41.8057957594765,176.43100603544,,,35VML,S2A_MSIL2A_20230530T100031_R122_T35VML_20240906T093135,1.8,11.0,9.3,,87.0,7.400000000000001,1.7,12.199999999999998,410.0,,17.0,2.1,0.3,Hiitolanjoki rajav 002,,Rautjärvi,Rautjärvi,River,VHA1,Vuoksen vesienhoitoalue,3.011,Kokkolanjoen a,Suuret kangasmaiden joet,108.0
FI_00000131,10060,10060,2024-10-01,61.41234231212037,29.399668855924936,1.8,,,410.0,,17.0,2.1,S2_FI_00000131,2023-06-19,0.0,6.327912,40.1794568873729,175.007210326461,,,35VML,S2A_MSIL2A_20230619T100031_R122_T35VML_20240911T192325,1.8,11.0,9.3,,87.0,7.400000000000001,1.7,12.199999999999998,410.0,,17.0,2.1,0.3,Hiitolanjoki rajav 002,,Rautjärvi,Rautjärvi,River,VHA1,Vuoksen vesienhoitoalue,3.011,Kokkolanjoen a,Suuret kangasmaiden joet,108.0
FI_00000132,10060,10060,2024-11-06,61.41234231212037,29.399668855924936,,,,540.0,,15.0,1.9,S2_FI_00000132,2023-07-18,0.0,36.944178,43.0059444510833,166.637487931416,,,35VML,S2B_MSIL2A_20230718T093549_R036_T35VML_20230718T141551,,11.0,11.800000000000002,,90.0,7.5,1.9,3.9,540.0,,15.0,1.9,0.2,Hiitolanjoki rajav 002,,Rautjärvi,Rautjärvi,River,VHA1,Vuoksen vesienhoitoalue,3.011,Kokkolanjoen a,Suuret kangasmaiden joet,108.0
FI_00000133,10060,10060,2024-11-06,61.41234231212037,29.399668855924936,,,,540.0,,15.0,1.9,S2_FI_00000133,2023-08-17,0.0,91.861153,50.5128437877922,168.374696464806,,,35VML,S2B_MSIL2A_20230817T093549_R036_T35VML_20241023T205253,,11.0,11.800000000000002,,90.0,7.5,1.9,3.9,540.0,,15.0,1.9,0.2,Hiitolanjoki rajav 002,,Rautjärvi,Rautjärvi,River,VHA1,Vuoksen vesienhoitoalue,3.011,Kokkolanjoen a,Suuret kangasmaiden joet,108.0
FI_00000134,10060,10060,2024-11-06,61.41234231212037,29.399668855924936,,,,540.0,,15.0,1.9,S2_FI_00000134,2023-08-28,0.0,100.0,53.8662380708075,175.718400114563,,,35VML,S2A_MSIL2A_20230828T100031_R122_T35VML_20241018T065117,,11.0,11.800000000000002,,90.0,7.5,1.9,3.9,540.0,,15.0,1.9,0.2,Hiitolanjoki rajav 002,,Rautjärvi,Rautjärvi,River,VHA1,Vuoksen vesienhoitoalue,3.011,Kokkolanjoen a,Suuret kangasmaiden joet,108.0
FI_00000135,10060,10060,2024-11-06,61.41234231212037,29.399668855924936,,,,540.0,,15.0,1.9,S2_FI_00000135,2023-09-12,0.0,65.74772,59.3614858168883,177.358535109712,,,35VML,S2B_MSIL2A_20230912T095609_R122_T35VML_20241103T122113,,11.0,11.800000000000002,,90.0,7.5,1.9,3.9,540.0,,15.0,1.9,0.2,Hiitolanjoki rajav 002,,Rautjärvi,Rautjärvi,River,VHA1,Vuoksen vesienhoitoalue,3.011,Kokkolanjoen a,Suuret kangasmaiden joet,108.0
FI_00000136,10060,10060,2024-11-06,61.41234231212037,29.399668855924936,,,,540.0,,15.0,1.9,S2_FI_00000136,2023-09-27,0.0,100.0,65.1487003577073,178.943116375618,,,35VML,S2A_MSIL2A_20230927T100031_R122_T35VML_20230927T151846,,11.0,11.800000000000002,,90.0,7.5,1.9,3.9,540.0,,15.0,1.9,0.2,Hiitolanjoki rajav 002,,Rautjärvi,Rautjärvi,River,VHA1,Vuoksen vesienhoitoalue,3.011,Kokkolanjoen a,Suuret kangasmaiden joet,108.0
FI_00000137,10060,10060,2024-11-06,61.41234231212037,29.399668855924936,,,,540.0,,15.0,1.9,S2_FI_00000137,2023-10-09,0.0,54.73904,69.7974925577161,177.332054173287,,,35VML,S2B_MSIL2A_20231009T094819_R079_T35VML_20231009T161817,,11.0,11.800000000000002,,90.0,7.5,1.9,3.9,540.0,,15.0,1.9,0.2,Hiitolanjoki rajav 002,,Rautjärvi,Rautjärvi,River,VHA1,Vuoksen vesienhoitoalue,3.011,Kokkolanjoen a,Suuret kangasmaiden joet,108.0
FI_00000138,10060,10060,2024-12-03,61.41234231212037,29.399668855924936,,,,590.0,,16.0,3.2999999999999994,S2_FI_00000138,2023-10-24,0.0,0.239923,75.2737058244509,178.232195701328,,,35VML,S2A_MSIL2A_20231024T095051_R079_T35VML_20231024T121659,,10.0,12.0,,92.0,7.400000000000001,2.7999999999999994,4.0,590.0,,16.0,3.2999999999999994,0.2,Hiitolanjoki rajav 002,,Rautjärvi,Rautjärvi,River,VHA1,Vuoksen vesienhoitoalue,3.011,Kokkolanjoen a,Suuret kangasmaiden joet,108.0
FI_00000139,10060,10060,2024-12-03,61.41234231212037,29.399668855924936,,,,590.0,,16.0,3.2999999999999994,S2_FI_00000139,2023-11-08,0.0,99.897599,80.090665659763,178.439615138736,,,35VML,S2B_MSIL2A_20231108T095129_R079_T35VML_20231108T131946,,10.0,12.0,,92.0,7.400000000000001,2.7999999999999994,4.0,590.0,,16.0,3.2999999999999994,0.2,Hiitolanjoki rajav 002,,Rautjärvi,Rautjärvi,River,VHA1,Vuoksen vesienhoitoalue,3.011,Kokkolanjoen a,Suuret kangasmaiden joet,108.0
FI_00000140,10060,10060,2024-12-03,61.41234231212037,29.399668855924936,,,,590.0,,16.0,3.2999999999999994,S2_FI_00000140,2023-11-21,1.0,99.315572,83.4308021466236,180.327663640573,,,35VML,S2B_MSIL2A_20231121T100229_R122_T35VML_20241106T132951,,10.0,12.0,,92.0,7.400000000000001,2.7999999999999994,4.0,590.0,,16.0,3.2999999999999994,0.2,Hiitolanjoki rajav 002,,Rautjärvi,Rautjärvi,River,VHA1,Vuoksen vesienhoitoalue,3.011,Kokkolanjoen a,Suuret kangasmaiden joet,108.0
FI_00000143,10060,10060,2024-12-03,61.41234231212037,29.399668855924936,,,,590.0,,16.0,3.2999999999999994,S2_FI_00000143,2024-02-14,0.0,97.005016,76.8305180283264,173.254233904719,,,35VML,S2A_MSIL2A_20240214T100121_R122_T35VML_20240214T120859,,10.0,12.0,,92.0,7.400000000000001,2.7999999999999994,4.0,590.0,,16.0,3.2999999999999994,0.2,Hiitolanjoki rajav 002,,Rautjärvi,Rautjärvi,River,VHA1,Vuoksen vesienhoitoalue,3.011,Kokkolanjoen a,Suuret kangasmaiden joet,108.0
FI_00000144,10937,Nuijamaanjärvi,2023-01-10,60.95454402242739,28.56703697930222,,,,520.0,,16.0,1.6,S2_FI_00000144,2024-03-10,1.0,99.935931,67.5035395431383,173.791263992203,,,35VML,S2B_MSIL2A_20240310T095729_R122_T35VML_20240310T141911,,15.0,11.45,,82.0,7.25,1.425,1.7,520.0,,16.0,1.6,1.0,Nuijamaanjärvi 003,Nuijamaanjärvi,Lappeenranta,,,,,,,,
FI_00000145,10937,Nuijamaanjärvi,2023-01-10,60.95454402242739,28.56703697930222,,,,520.0,,16.0,1.6,S2_FI_00000145,2024-04-01,1.0,98.441863,58.923956037873,172.287727301311,,,35VML,S2A_MSIL2A_20240401T095031_R079_T35VML_20240401T132420,,15.0,11.45,,82.0,7.25,1.425,1.7,520.0,,16.0,1.6,1.0,Nuijamaanjärvi 003,Nuijamaanjärvi,Lappeenranta,,,,,,,,
FI_00000146,10937,Nuijamaanjärvi,2023-01-10,60.95454402242739,28.56703697930222,,,,520.0,,16.0,1.6,S2_FI_00000146,2024-04-09,0.0,39.579254,55.754770763297,175.731978903126,,,35VML,S2B_MSIL2A_20240409T095549_R122_T35VML_20240411T002152,,15.0,11.45,,82.0,7.25,1.425,1.7,520.0,,16.0,1.6,1.0,Nuijamaanjärvi 003,Nuijamaanjärvi,Lappeenranta,,,,,,,,
FI_00000147,10937,Nuijamaanjärvi,2023-01-10,60.95454402242739,28.56703697930222,,,,520.0,,16.0,1.6,S2_FI_00000147,2024-04-16,1.0,99.998051,53.313321138149,173.116003551952,,,35VML,S2B_MSIL2A_20240416T094549_R079_T35VML_20240416T130228,,15.0,11.45,,82.0,7.25,1.425,1.7,520.0,,16.0,1.6,1.0,Nuijamaanjärvi 003,Nuijamaanjärvi,Lappeenranta,,,,,,,,
FI_00000148,10937,Nuijamaanjärvi,2023-01-10,60.95454402242739,28.56703697930222,,,,520.0,,16.0,1.6,S2_FI_00000148,2024-04-21,1.0,95.162237,51.5752192001706,173.343873969545,,,35VML,S2A_MSIL2A_20240421T095031_R079_T35VML_20240421T151358,,15.0,11.45,,82.0,7.25,1.425,1.7,520.0,,16.0,1.6,1.0,Nuijamaanjärvi 003,Nuijamaanjärvi,Lappeenranta,,,,,,,,
FI_00000149,10937,Nuijamaanjärvi,2023-01-10,60.95454402242739,28.56703697930222,,,,520.0,,16.0,1.6,S2_FI_00000149,2024-04-29,0.0,98.419958,48.8829025511135,176.766273595031,,,35VML,S2B_MSIL2A_20240429T095549_R122_T35VML_20240429T142225,,15.0,11.45,,82.0,7.25,1.425,1.7,520.0,,16.0,1.6,1.0,Nuijamaanjärvi 003,Nuijamaanjärvi,Lappeenranta,,,,,,,,
FI_00000150,10937,Nuijamaanjärvi,2023-02-07,60.95454402242739,28.56703697930222,,,,540.0,,15.5,2.065,S2_FI_00000150,2024-05-06,0.0,99.329466,46.9204533321498,173.661431394349,,,35VML,S2B_MSIL2A_20240506T094549_R079_T35VML_20240506T131839,,15.0,9.4,,67.0,7.15,1.15,2.05,540.0,,15.5,2.065,1.0,Nuijamaanjärvi 003,Nuijamaanjärvi,Lappeenranta,,,,,,,,
FI_00000151,10937,Nuijamaanjärvi,2023-02-07,60.95454402242739,28.56703697930222,,,,540.0,,15.5,2.065,S2_FI_00000151,2024-05-14,1.0,89.989078,44.7617803189089,176.945966060012,,,35VML,S2A_MSIL2A_20240514T100031_R122_T35VML_20240514T140241,,15.0,9.4,,67.0,7.15,1.15,2.05,540.0,,15.5,2.065,1.0,Nuijamaanjärvi 003,Nuijamaanjärvi,Lappeenranta,,,,,,,,
FI_00000152,10937,Nuijamaanjärvi,2023-02-07,60.95454402242739,28.56703697930222,,,,540.0,,15.5,2.065,S2_FI_00000152,2024-05-21,1.0,53.748429,43.331975575845,173.372828496772,,,35VML,S2A_MSIL2A_20240521T095031_R079_T35VML_20240521T144404,,15.0,9.4,,67.0,7.15,1.15,2.05,540.0,,15.5,2.065,1.0,Nuijamaanjärvi 003,Nuijamaanjärvi,Lappeenranta,,,,,,,,
FI_00000153,10937,Nuijamaanjärvi,2023-02-07,60.95454402242739,28.56703697930222,,,,540.0,,15.5,2.065,S2_FI_00000153,2024-05-26,1.0,32.429713,42.4198451295189,173.137550453988,,,35VML,S2B_MSIL2A_20240526T094549_R079_T35VML_20240526T131312,,15.0,9.4,,67.0,7.15,1.15,2.05,540.0,,15.5,2.065,1.0,Nuijamaanjärvi 003,Nuijamaanjärvi,Lappeenranta,,,,,,,,
FI_00000154,10937,Nuijamaanjärvi,2023-02-07,60.95454402242739,28.56703697930222,,,,540.0,,15.5,2.065,S2_FI_00000154,2024-06-18,1.0,99.99451,40.1831034392166,175.020824972757,,,35VML,S2B_MSIL2A_20240618T095549_R122_T35VML_20240618T131244,,15.0,9.4,,67.0,7.15,1.15,2.05,540.0,,15.5,2.065,1.0,Nuijamaanjärvi 003,Nuijamaanjärvi,Lappeenranta,,,,,,,,
FI_00000155,10937,Nuijamaanjärvi,2023-02-07,60.95454402242739,28.56703697930222,,,,540.0,,15.5,2.065,S2_FI_00000155,2024-07-15,1.0,98.935068,42.4026027403714,170.050120614121,,,35VML,S2B_MSIL2A_20240715T094549_R079_T35VML_20240715T135228,,15.0,9.4,,67.0,7.15,1.15,2.05,540.0,,15.5,2.065,1.0,Nuijamaanjärvi 003,Nuijamaanjärvi,Lappeenranta,,,,,,,,
FI_00000156,10937,Nuijamaanjärvi,2023-03-01,60.95454402242739,28.56703697930222,,,,540.0,,15.0,1.505,S2_FI_00000156,2024-08-07,0.0,0.081528,47.4234474647452,173.974409227062,,,35VML,S2B_MSIL2A_20240807T095549_R122_T35VML_20240807T132638,,15.0,10.5,,75.0,7.1000000000000005,1.875,1.4666666666666668,540.0,,15.0,1.505,1.0,Nuijamaanjärvi 003,Nuijamaanjärvi,Lappeenranta,,,,,,,,
FI_00000157,10937,Nuijamaanjärvi,2023-03-01,60.95454402242739,28.56703697930222,,,,540.0,,15.0,1.505,S2_FI_00000157,2024-08-27,1.0,55.929923,53.7804771111874,175.677147680219,,,35VML,S2B_MSIL2A_20240827T095549_R122_T35VML_20240827T130925,,15.0,10.5,,75.0,7.1000000000000005,1.875,1.4666666666666668,540.0,,15.0,1.505,1.0,Nuijamaanjärvi 003,Nuijamaanjärvi,Lappeenranta,,,,,,,,
FI_00000158,10937,Nuijamaanjärvi,2023-03-01,60.95454402242739,28.56703697930222,,,,540.0,,15.0,1.505,S2_FI_00000158,2024-09-11,1.0,100.0,59.2713493584389,177.305791750049,,,35VML,S2A_MSIL2A_20240911T100021_R122_T35VML_20240911T143249,,15.0,10.5,,75.0,7.1000000000000005,1.875,1.4666666666666668,540.0,,15.0,1.505,1.0,Nuijamaanjärvi 003,Nuijamaanjärvi,Lappeenranta,,,,,,,,
FI_00000159,10937,Nuijamaanjärvi,2023-03-01,60.95454402242739,28.56703697930222,,,,540.0,,15.0,1.505,S2_FI_00000159,2024-09-25,0.0,98.510724,64.811845261029,173.310132710207,,,35VML,S2A_MSIL2A_20240925T094031_R036_T35VML_20240925T131054,,15.0,10.5,,75.0,7.1000000000000005,1.875,1.4666666666666668,540.0,,15.0,1.505,1.0,Nuijamaanjärvi 003,Nuijamaanjärvi,Lappeenranta,,,,,,,,
FI_00000160,10937,Nuijamaanjärvi,2023-03-01,60.95454402242739,28.56703697930222,,,,540.0,,15.0,1.505,S2_FI_00000160,2024-10-08,0.0,98.711073,69.7076012495509,177.296765278614,,,35VML,S2A_MSIL2A_20241008T095031_R079_T35VML_20241008T124449,,15.0,10.5,,75.0,7.1000000000000005,1.875,1.4666666666666668,540.0,,15.0,1.505,1.0,Nuijamaanjärvi 003,Nuijamaanjärvi,Lappeenranta,,,,,,,,
FI_00000161,10937,Nuijamaanjärvi,2023-03-01,60.95454402242739,28.56703697930222,,,,540.0,,15.0,1.505,S2_FI_00000161,2024-10-23,1.0,14.759719,75.1880314526136,178.23095915752,,,35VML,S2B_MSIL2A_20241023T095029_R079_T35VML_20241023T112106,,15.0,10.5,,75.0,7.1000000000000005,1.875,1.4666666666666668,540.0,,15.0,1.505,1.0,Nuijamaanjärvi 003,Nuijamaanjärvi,Lappeenranta,,,,,,,,
FI_00000162,10937,Nuijamaanjärvi,2023-04-04,60.95454402242739,28.56703697930222,3.7000000000000006,,,640.0,,19.5,0.8400000000000002,S2_FI_00000162,2024-11-04,0.0,92.431355,79.1769250271501,175.996673066265,,,35VML,S2A_MSIL2A_20241104T094151_R036_T35VML_20241104T105348,3.7000000000000006,15.5,7.35,,53.5,6.95,1.5,2.466666666666667,640.0,,19.5,0.8400000000000002,1.0,Nuijamaanjärvi 003,Nuijamaanjärvi,Lappeenranta,,,,,,,,
FI_00000163,10937,Nuijamaanjärvi,2023-04-04,60.95454402242739,28.56703697930222,3.7000000000000006,,,640.0,,19.5,0.8400000000000002,S2_FI_00000163,2024-11-19,1.0,99.850589,83.2233759819494,175.685037359892,,,35VML,S2B_MSIL2A_20241119T094209_R036_T35VML_20241119T111954,3.7000000000000006,15.5,7.35,,53.5,6.95,1.5,2.466666666666667,640.0,,19.5,0.8400000000000002,1.0,Nuijamaanjärvi 003,Nuijamaanjärvi,Lappeenranta,,,,,,,,
FI_00000166,10937,Nuijamaanjärvi,2023-04-04,60.95454402242739,28.56703697930222,3.7000000000000006,,,640.0,,19.5,0.8400000000000002,S2_FI_00000166,2023-02-16,1.0,98.639339,75.2005816089743,172.732427197677,,,35VNK,S2A_MSIL2A_20230216T095101_R079_T35VNK_20230217T012613,3.7000000000000006,15.5,7.35,,53.5,6.95,1.5,2.466666666666667,640.0,,19.5,0.8400000000000002,1.0,Nuijamaanjärvi 003,Nuijamaanjärvi,Lappeenranta,,,,,,,,
FI_00000167,10937,Nuijamaanjärvi,2023-04-04,60.95454402242739,28.56703697930222,3.7000000000000006,,,640.0,,19.5,0.8400000000000002,S2_FI_00000167,2023-03-13,1.0,39.104354,65.748517797479,173.387146958033,,,35VNK,S2B_MSIL2A_20230313T095039_R079_T35VNK_20240819T180634,3.7000000000000006,15.5,7.35,,53.5,6.95,1.5,2.466666666666667,640.0,,19.5,0.8400000000000002,1.0,Nuijamaanjärvi 003,Nuijamaanjärvi,Lappeenranta,,,,,,,,
FI_00000168,10937,Nuijamaanjärvi,2023-05-16,60.95454402242739,28.56703697930222,9.5,,,550.0,,18.0,2.75,S2_FI_00000168,2023-04-02,1.0,29.671058,57.831091805246,174.617168582541,,,35VNK,S2B_MSIL2A_20230402T095039_R079_T35VNK_20240829T005541,9.5,12.0,10.6,,97.5,7.550000000000001,3.1,10.9,550.0,,18.0,2.75,1.0,Nuijamaanjärvi 003,Nuijamaanjärvi,Lappeenranta,,,,,,,,
FI_00000169,10937,Nuijamaanjärvi,2023-05-16,60.95454402242739,28.56703697930222,9.5,,,550.0,,18.0,2.75,S2_FI_00000169,2023-04-12,0.0,44.593149,54.0492990992863,175.259034451057,,,35VNK,S2B_MSIL2A_20230412T095029_R079_T35VNK_20230412T170925,9.5,12.0,10.6,,97.5,7.550000000000001,3.1,10.9,550.0,,18.0,2.75,1.0,Nuijamaanjärvi 003,Nuijamaanjärvi,Lappeenranta,,,,,,,,
FI_00000170,10937,Nuijamaanjärvi,2023-05-16,60.95454402242739,28.56703697930222,9.5,,,550.0,,18.0,2.75,S2_FI_00000170,2023-04-19,0.0,32.484266,51.6620388374544,172.54616732904,,,35VNK,S2B_MSIL2A_20230419T094029_R036_T35VNK_20240905T044627,9.5,12.0,10.6,,97.5,7.550000000000001,3.1,10.9,550.0,,18.0,2.75,1.0,Nuijamaanjärvi 003,Nuijamaanjärvi,Lappeenranta,,,,,,,,
FI_00000171,10937,Nuijamaanjärvi,2023-05-16,60.95454402242739,28.56703697930222,9.5,,,550.0,,18.0,2.75,S2_FI_00000171,2023-04-24,0.0,96.30208,49.959537966801,172.713618063321,,,35VNK,S2A_MSIL2A_20230424T094031_R036_T35VNK_20240831T183412,9.5,12.0,10.6,,97.5,7.550000000000001,3.1,10.9,550.0,,18.0,2.75,1.0,Nuijamaanjärvi 003,Nuijamaanjärvi,Lappeenranta,,,,,,,,
FI_00000172,10937,Nuijamaanjärvi,2023-05-16,60.95454402242739,28.56703697930222,9.5,,,550.0,,18.0,2.75,S2_FI_00000172,2023-05-02,1.0,99.999827,47.3179073473044,176.171192501568,,,35VNK,S2B_MSIL2A_20230502T095029_R079_T35VNK_20240902T030627,9.5,12.0,10.6,,97.5,7.550000000000001,3.1,10.9,550.0,,18.0,2.75,1.0,Nuijamaanjärvi 003,Nuijamaanjärvi,Lappeenranta,,,,,,,,
FI_00000173,10937,Nuijamaanjärvi,2023-05-16,60.95454402242739,28.56703697930222,9.5,,,550.0,,18.0,2.75,S2_FI_00000173,2023-05-09,1.0,64.872342,45.4432783565911,172.936180524287,,,35VNK,S2B_MSIL2A_20230509T093549_R036_T35VNK_20230509T141238,9.5,12.0,10.6,,97.5,7.550000000000001,3.1,10.9,550.0,,18.0,2.75,1.0,Nuijamaanjärvi 003,Nuijamaanjärvi,Lappeenranta,,,,,,,,
FI_00000174,10937,Nuijamaanjärvi,2023-06-07,60.95454402242739,28.56703697930222,6.5,,,585.0,,14.5,2.65,S2_FI_00000174,2023-05-14,1.0,23.492754,44.1720218665286,172.854150659473,,,35VNK,S2A_MSIL2A_20230514T094031_R036_T35VNK_20230514T235942,6.5,12.5,7.95,,74.0,7.2,3.7,12.566666666666668,585.0,,14.5,2.65,1.0,Nuijamaanjärvi 003,Nuijamaanjärvi,Lappeenranta,,,,,,,,
FI_00000175,10937,Nuijamaanjärvi,2023-06-07,60.95454402242739,28.56703697930222,6.5,,,585.0,,14.5,2.65,S2_FI_00000175,2023-05-22,0.0,14.794441,42.3040824146287,176.076673436661,,,35VNK,S2B_MSIL2A_20230522T094549_R079_T35VNK_20230522T142629,6.5,12.5,7.95,,74.0,7.2,3.7,12.566666666666668,585.0,,14.5,2.65,1.0,Nuijamaanjärvi 003,Nuijamaanjärvi,Lappeenranta,,,,,,,,
FI_00000176,10937,Nuijamaanjärvi,2023-06-07,60.95454402242739,28.56703697930222,6.5,,,585.0,,14.5,2.65,S2_FI_00000176,2023-05-29,1.0,61.597896,41.1962646676991,172.235235765885,,,35VNK,S2B_MSIL2A_20230529T093549_R036_T35VNK_20240907T010044,6.5,12.5,7.95,,74.0,7.2,3.7,12.566666666666668,585.0,,14.5,2.65,1.0,Nuijamaanjärvi 003,Nuijamaanjärvi,Lappeenranta,,,,,,,,
FI_00000177,10937,Nuijamaanjärvi,2023-06-07,60.95454402242739,28.56703697930222,6.5,,,585.0,,14.5,2.65,S2_FI_00000177,2023-06-21,1.0,37.32985,39.2932894417203,174.064070990948,,,35VNK,S2B_MSIL2A_20230621T094549_R079_T35VNK_20241120T230517,6.5,12.5,7.95,,74.0,7.2,3.7,12.566666666666668,585.0,,14.5,2.65,1.0,Nuijamaanjärvi 003,Nuijamaanjärvi,Lappeenranta,,,,,,,,
FI_00000178,10937,Nuijamaanjärvi,2023-06-07,60.95454402242739,28.56703697930222,6.5,,,585.0,,14.5,2.65,S2_FI_00000178,2023-07-18,0.0,41.800025,41.9357277360318,169.2096579909,,,35VNK,S2B_MSIL2A_20230718T093549_R036_T35VNK_20230718T141601,6.5,12.5,7.95,,74.0,7.2,3.7,12.566666666666668,585.0,,14.5,2.65,1.0,Nuijamaanjärvi 003,Nuijamaanjärvi,Lappeenranta,,,,,,,,
FI_00000179,10937,Nuijamaanjärvi,2023-06-07,60.95454402242739,28.56703697930222,6.5,,,585.0,,14.5,2.65,S2_FI_00000179,2023-08-17,0.0,88.52796,49.4635577493113,170.794078699401,,,35VNK,S2B_MSIL2A_20230817T093549_R036_T35VNK_20241023T205253,6.5,12.5,7.95,,74.0,7.2,3.7,12.566666666666668,585.0,,14.5,2.65,1.0,Nuijamaanjärvi 003,Nuijamaanjärvi,Lappeenranta,,,,,,,,
FI_00000180,10937,Nuijamaanjärvi,2023-07-04,60.95454402242739,28.56703697930222,3.4,,,500.0,,17.0,3.4500000000000006,S2_FI_00000180,2023-08-30,0.0,92.915416,53.6891676355743,175.295930888612,,,35VNK,S2B_MSIL2A_20230830T094549_R079_T35VNK_20241022T104510,3.4,13.0,5.3,,55.0,7.1000000000000005,3.775,15.85,500.0,,17.0,3.4500000000000006,1.0,Nuijamaanjärvi 003,Nuijamaanjärvi,Lappeenranta,,,,,,,,
FI_00000181,10937,Nuijamaanjärvi,2023-07-04,60.95454402242739,28.56703697930222,3.4,,,500.0,,17.0,3.4500000000000006,S2_FI_00000181,2023-09-14,0.0,62.827247,59.232674082739,177.009153318916,,,35VNK,S2A_MSIL2A_20230914T095031_R079_T35VNK_20240825T021032,3.4,13.0,5.3,,55.0,7.1000000000000005,3.775,15.85,500.0,,17.0,3.4500000000000006,1.0,Nuijamaanjärvi 003,Nuijamaanjärvi,Lappeenranta,,,,,,,,
FI_00000182,10937,Nuijamaanjärvi,2023-07-04,60.95454402242739,28.56703697930222,3.4,,,500.0,,17.0,3.4500000000000006,S2_FI_00000182,2023-09-24,1.0,63.017994,63.0882661646339,178.097818899022,,,35VNK,S2A_MSIL2A_20230924T095031_R079_T35VNK_20241027T021934,3.4,13.0,5.3,,55.0,7.1000000000000005,3.775,15.85,500.0,,17.0,3.4500000000000006,1.0,Nuijamaanjärvi 003,Nuijamaanjärvi,Lappeenranta,,,,,,,,
FI_00000183,10937,Nuijamaanjärvi,2023-07-04,60.95454402242739,28.56703697930222,3.4,,,500.0,,17.0,3.4500000000000006,S2_FI_00000183,2023-10-09,1.0,31.28078,68.8735409678025,179.464933138276,,,35VNK,S2B_MSIL2A_20231009T094819_R079_T35VNK_20241108T113811,3.4,13.0,5.3,,55.0,7.1000000000000005,3.775,15.85,500.0,,17.0,3.4500000000000006,1.0,Nuijamaanjärvi 003,Nuijamaanjärvi,Lappeenranta,,,,,,,,
FI_00000184,10937,Nuijamaanjärvi,2023-07-04,60.95454402242739,28.56703697930222,3.4,,,500.0,,17.0,3.4500000000000006,S2_FI_00000184,2023-10-24,1.0,0.455576,74.3631007624328,180.27488324649,,,35VNK,S2A_MSIL2A_20231024T095051_R079_T35VNK_20231024T121701,3.4,13.0,5.3,,55.0,7.1000000000000005,3.775,15.85,500.0,,17.0,3.4500000000000006,1.0,Nuijamaanjärvi 003,Nuijamaanjärvi,Lappeenranta,,,,,,,,
FI_00000185,10937,Nuijamaanjärvi,2023-07-04,60.95454402242739,28.56703697930222,3.4,,,500.0,,17.0,3.4500000000000006,S2_FI_00000185,2023-11-05,1.0,99.999839,78.3035777965587,177.991851523451,,,35VNK,S2B_MSIL2A_20231105T094109_R036_T35VNK_20241106T221237,3.4,13.0,5.3,,55.0,7.1000000000000005,3.775,15.85,500.0,,17.0,3.4500000000000006,1.0,Nuijamaanjärvi 003,Nuijamaanjärvi,Lappeenranta,,,,,,,,
FI_00000186,10937,Nuijamaanjärvi,2023-08-01,60.95454402242739,28.56703697930222,5.7,,,500.0,,30.0,6.7,S2_FI_00000186,2023-11-18,3.0,99.083662,81.839839522772,180.047342211927,,,35VNK,S2B_MSIL2A_20231118T095209_R079_T35VNK_20241107T113514,5.7,13.5,4.2,,45.9,7.25,6.3,18.25,500.0,,30.0,6.7,1.0,Nuijamaanjärvi 003,Nuijamaanjärvi,Lappeenranta,,,,,,,,
FI_00000188,10937,Nuijamaanjärvi,2023-08-01,60.95454402242739,28.56703697930222,5.7,,,500.0,,30.0,6.7,S2_FI_00000188,2024-01-14,5.0,99.999654,84.2553628003937,172.162672114341,,,35VNK,S2B_MSIL2A_20240114T094249_R036_T35VNK_20240114T121742,5.7,13.5,4.2,,45.9,7.25,6.3,18.25,500.0,,30.0,6.7,1.0,Nuijamaanjärvi 003,Nuijamaanjärvi,Lappeenranta,,,,,,,,
FI_00000189,10937,Nuijamaanjärvi,2023-08-01,60.95454402242739,28.56703697930222,5.7,,,500.0,,30.0,6.7,S2_FI_00000189,2024-02-11,1.0,2.211439,76.9664607395297,172.801326706375,,,35VNK,S2A_MSIL2A_20240211T095131_R079_T35VNK_20240211T121643,5.7,13.5,4.2,,45.9,7.25,6.3,18.25,500.0,,30.0,6.7,1.0,Nuijamaanjärvi 003,Nuijamaanjärvi,Lappeenranta,,,,,,,,
FI_00000190,10937,Nuijamaanjärvi,2023-08-01,60.95454402242739,28.56703697930222,5.7,,,500.0,,30.0,6.7,S2_FI_00000190,2024-03-12,1.0,48.914903,65.8434778865563,173.351095983417,,,35VNK,S2A_MSIL2A_20240312T095031_R079_T35VNK_20240313T154722,5.7,13.5,4.2,,45.9,7.25,6.3,18.25,500.0,,30.0,6.7,1.0,Nuijamaanjärvi 003,Nuijamaanjärvi,Lappeenranta,,,,,,,,
FI_00000191,10937,Nuijamaanjärvi,2023-08-01,60.95454402242739,28.56703697930222,5.7,,,500.0,,30.0,6.7,S2_FI_00000191,2024-04-01,1.0,100.0,57.9265829202469,174.58014507927,,,35VNK,S2A_MSIL2A_20240401T095031_R079_T35VNK_20240401T132141,5.7,13.5,4.2,,45.9,7.25,6.3,18.25,500.0,,30.0,6.7,1.0,Nuijamaanjärvi 003,Nuijamaanjärvi,Lappeenranta,,,,,,,,
FI_00000192,10937,Nuijamaanjärvi,2023-09-05,60.95454402242739,28.56703697930222,6.400000000000001,,,295.0,,48.0,4.85,S2_FI_00000192,2024-04-08,1.0,62.393671,55.3840096939967,172.043451302774,,,35VNK,S2A_MSIL2A_20240408T094031_R036_T35VNK_20240410T215318,6.400000000000001,14.0,5.3,,55.5,7.3,7.1000000000000005,16.75,295.0,,48.0,4.85,1.0,Nuijamaanjärvi 003,Nuijamaanjärvi,Lappeenranta,,,,,,,,
FI_00000193,10937,Nuijamaanjärvi,2023-09-05,60.95454402242739,28.56703697930222,6.400000000000001,,,295.0,,48.0,4.85,S2_FI_00000193,2024-04-16,1.0,99.999803,52.328585447123,175.53578996406,,,35VNK,S2B_MSIL2A_20240416T094549_R079_T35VNK_20240416T130052,6.400000000000001,14.0,5.3,,55.5,7.3,7.1000000000000005,16.75,295.0,,48.0,4.85,1.0,Nuijamaanjärvi 003,Nuijamaanjärvi,Lappeenranta,,,,,,,,
FI_00000194,10937,Nuijamaanjärvi,2023-09-05,60.95454402242739,28.56703697930222,6.400000000000001,,,295.0,,48.0,4.85,S2_FI_00000194,2024-04-21,1.0,88.269472,50.5940633441158,175.807170568744,,,35VNK,S2A_MSIL2A_20240421T095031_R079_T35VNK_20240421T151357,6.400000000000001,14.0,5.3,,55.5,7.3,7.1000000000000005,16.75,295.0,,48.0,4.85,1.0,Nuijamaanjärvi 003,Nuijamaanjärvi,Lappeenranta,,,,,,,,
FI_00000195,10937,Nuijamaanjärvi,2023-09-05,60.95454402242739,28.56703697930222,6.400000000000001,,,295.0,,48.0,4.85,S2_FI_00000195,2024-04-28,1.0,93.323076,48.4240679493603,172.860479709714,,,35VNK,S2A_MSIL2A_20240428T094031_R036_T35VNK_20240428T140856,6.400000000000001,14.0,5.3,,55.5,7.3,7.1000000000000005,16.75,295.0,,48.0,4.85,1.0,Nuijamaanjärvi 003,Nuijamaanjärvi,Lappeenranta,,,,,,,,
FI_00000196,10937,Nuijamaanjärvi,2023-09-05,60.95454402242739,28.56703697930222,6.400000000000001,,,295.0,,48.0,4.85,S2_FI_00000196,2024-05-06,0.0,99.999207,45.9447824698087,176.249411046195,,,35VNK,S2B_MSIL2A_20240506T094549_R079_T35VNK_20240506T131838,6.400000000000001,14.0,5.3,,55.5,7.3,7.1000000000000005,16.75,295.0,,48.0,4.85,1.0,Nuijamaanjärvi 003,Nuijamaanjärvi,Lappeenranta,,,,,,,,
FI_00000197,10937,Nuijamaanjärvi,2023-09-05,60.95454402242739,28.56703697930222,6.400000000000001,,,295.0,,48.0,4.85,S2_FI_00000197,2024-05-13,0.0,75.02299,44.229980531572,172.854121485444,,,35VNK,S2B_MSIL2A_20240513T093549_R036_T35VNK_20240513T174514,6.400000000000001,14.0,5.3,,55.5,7.3,7.1000000000000005,16.75,295.0,,48.0,4.85,1.0,Nuijamaanjärvi 003,Nuijamaanjärvi,Lappeenranta,,,,,,,,
FI_00000198,10937,Nuijamaanjärvi,2023-10-03,60.95454402242739,28.56703697930222,6.5,,,355.0,,17.0,2.4,S2_FI_00000198,2024-05-21,1.0,18.049313,42.3528655375815,176.062062634129,,,35VNK,S2A_MSIL2A_20240521T095031_R079_T35VNK_20240521T144441,6.5,14.0,8.75,,86.0,7.5,2.5,14.5,355.0,,17.0,2.4,1.0,Nuijamaanjärvi 003,Nuijamaanjärvi,Lappeenranta,,,,,,,,
FI_00000199,10937,Nuijamaanjärvi,2023-10-03,60.95454402242739,28.56703697930222,6.5,,,355.0,,17.0,2.4,S2_FI_00000199,2024-05-31,1.0,37.270951,40.6759848515618,175.5942116021,,,35VNK,S2A_MSIL2A_20240531T095031_R079_T35VNK_20240531T150932,6.5,14.0,8.75,,86.0,7.5,2.5,14.5,355.0,,17.0,2.4,1.0,Nuijamaanjärvi 003,Nuijamaanjärvi,Lappeenranta,,,,,,,,
FI_00000200,10937,Nuijamaanjärvi,2023-10-03,60.95454402242739,28.56703697930222,6.5,,,355.0,,17.0,2.4,S2_FI_00000200,2024-06-17,1.0,8.101808,39.4743782924281,170.74275475184,,,35VNK,S2A_MSIL2A_20240617T094041_R036_T35VNK_20240617T155650,6.5,14.0,8.75,,86.0,7.5,2.5,14.5,355.0,,17.0,2.4,1.0,Nuijamaanjärvi 003,Nuijamaanjärvi,Lappeenranta,,,,,,,,
FI_00000201,10937,Nuijamaanjärvi,2023-10-03,60.95454402242739,28.56703697930222,6.5,,,355.0,,17.0,2.4,S2_FI_00000201,2024-07-15,0.0,98.086762,41.377058856823,172.704366597162,,,35VNK,S2B_MSIL2A_20240715T094549_R079_T35VNK_20240715T135228,6.5,14.0,8.75,,86.0,7.5,2.5,14.5,355.0,,17.0,2.4,1.0,Nuijamaanjärvi 003,Nuijamaanjärvi,Lappeenranta,,,,,,,,
FI_00000202,10937,Nuijamaanjärvi,2023-10-03,60.95454402242739,28.56703697930222,6.5,,,355.0,,17.0,2.4,S2_FI_00000202,2024-08-14,1.0,19.905184,48.6147180416133,173.780276805297,,,35VNK,S2B_MSIL2A_20240814T094549_R079_T35VNK_20240814T123852,6.5,14.0,8.75,,86.0,7.5,2.5,14.5,355.0,,17.0,2.4,1.0,Nuijamaanjärvi 003,Nuijamaanjärvi,Lappeenranta,,,,,,,,
FI_00000203,10937,Nuijamaanjärvi,2023-10-03,60.95454402242739,28.56703697930222,6.5,,,355.0,,17.0,2.4,S2_FI_00000203,2024-08-29,1.0,29.047936,53.6031927656378,175.240279732916,,,35VNK,S2A_MSIL2A_20240829T095031_R079_T35VNK_20240829T134149,6.5,14.0,8.75,,86.0,7.5,2.5,14.5,355.0,,17.0,2.4,1.0,Nuijamaanjärvi 003,Nuijamaanjärvi,Lappeenranta,,,,,,,,
FI_00000204,10937,Nuijamaanjärvi,2023-11-01,60.95454402242739,28.56703697930222,,,,440.0,,17.0,2.7999999999999994,S2_FI_00000204,2024-09-08,3.0,46.897003,57.2525831310183,176.382929293795,,,35VNK,S2A_MSIL2A_20240908T095031_R079_T35VNK_20240908T131845,,14.0,11.45,,85.5,7.35,3.275,3.2,440.0,,17.0,2.7999999999999994,1.0,Nuijamaanjärvi 003,Nuijamaanjärvi,Lappeenranta,,,,,,,,
FI_00000205,10937,Nuijamaanjärvi,2023-11-01,60.95454402242739,28.56703697930222,,,,440.0,,17.0,2.7999999999999994,S2_FI_00000205,2024-09-25,1.0,18.030982,63.8282480564535,175.506472996888,,,35VNK,S2A_MSIL2A_20240925T094031_R036_T35VNK_20240925T131054,,14.0,11.45,,85.5,7.35,3.275,3.2,440.0,,17.0,2.7999999999999994,1.0,Nuijamaanjärvi 003,Nuijamaanjärvi,Lappeenranta,,,,,,,,
FI_00000206,10937,Nuijamaanjärvi,2023-11-01,60.95454402242739,28.56703697930222,,,,440.0,,17.0,2.7999999999999994,S2_FI_00000206,2024-10-08,1.0,97.696751,68.783113895011,179.431038869867,,,35VNK,S2A_MSIL2A_20241008T095031_R079_T35VNK_20241008T124449,,14.0,11.45,,85.5,7.35,3.275,3.2,440.0,,17.0,2.7999999999999994,1.0,Nuijamaanjärvi 003,Nuijamaanjärvi,Lappeenranta,,,,,,,,
FI_00000207,10937,Nuijamaanjärvi,2023-11-01,60.95454402242739,28.56703697930222,,,,440.0,,17.0,2.7999999999999994,S2_FI_00000207,2024-10-20,1.0,71.626121,73.2391264897911,177.603063592902,,,35VNK,S2B_MSIL2A_20241020T094029_R036_T35VNK_20241020T111735,,14.0,11.45,,85.5,7.35,3.275,3.2,440.0,,17.0,2.7999999999999994,1.0,Nuijamaanjärvi 003,Nuijamaanjärvi,Lappeenranta,,,,,,,,
FI_00000208,10937,Nuijamaanjärvi,2023-11-01,60.95454402242739,28.56703697930222,,,,440.0,,17.0,2.7999999999999994,S2_FI_00000208,2024-11-04,0.0,65.517181,78.2312727276758,177.970507107917,,,35VNK,S2A_MSIL2A_20241104T094151_R036_T35VNK_20241104T105348,,14.0,11.45,,85.5,7.35,3.275,3.2,440.0,,17.0,2.7999999999999994,1.0,Nuijamaanjärvi 003,Nuijamaanjärvi,Lappeenranta,,,,,,,,
FI_00000209,10937,Nuijamaanjärvi,2023-11-01,60.95454402242739,28.56703697930222,,,,440.0,,17.0,2.7999999999999994,S2_FI_00000209,2024-11-19,1.0,99.58356,82.2725476935054,177.595336070743,,,35VNK,S2B_MSIL2A_20241119T094209_R036_T35VNK_20241119T111954,,14.0,11.45,,85.5,7.35,3.275,3.2,440.0,,17.0,2.7999999999999994,1.0,Nuijamaanjärvi 003,Nuijamaanjärvi,Lappeenranta,,,,,,,,
FI_00000211,10937,Nuijamaanjärvi,2023-12-12,60.95454402242739,28.56703697930222,,,,550.0,,18.5,2.9,S2_FI_00000211,2023-02-06,0.0,3.53099,79.4926521815106,171.000087114738,,,35VML,S2A_MSIL2A_20230206T095201_R079_T35VML_20230207T042217,,14.0,10.0,,72.5,7.15,2.9,2.5,550.0,,18.5,2.9,1.0,Nuijamaanjärvi 003,Nuijamaanjärvi,Lappeenranta,,,,,,,,
FI_00000212,10937,Nuijamaanjärvi,2023-12-12,60.95454402242739,28.56703697930222,,,,550.0,,18.5,2.9,S2_FI_00000212,2023-07-26,1.0,58.015376,44.370688898711,170.12004694316,,,35VML,S2A_MSIL2A_20230726T095031_R079_T35VML_20241018T154701,,14.0,10.0,,72.5,7.15,2.9,2.5,550.0,,18.5,2.9,1.0,Nuijamaanjärvi 003,Nuijamaanjärvi,Lappeenranta,,,,,,,,
FI_00000213,10937,Nuijamaanjärvi,2023-12-12,60.95454402242739,28.56703697930222,,,,550.0,,18.5,2.9,S2_FI_00000213,2023-10-17,0.0,67.169851,72.7640092901622,180.462516384995,,,35VML,S2A_MSIL2A_20231017T100031_R122_T35VML_20231017T165620,,14.0,10.0,,72.5,7.15,2.9,2.5,550.0,,18.5,2.9,1.0,Nuijamaanjärvi 003,Nuijamaanjärvi,Lappeenranta,,,,,,,,
FI_00000214,10937,Nuijamaanjärvi,2023-12-12,60.95454402242739,28.56703697930222,,,,550.0,,18.5,2.9,S2_FI_00000214,2023-01-29,1.0,78.96809,81.8154654187646,170.916145161116,,,35VNL,S2B_MSIL2A_20230129T094149_R036_T35VNL_20230131T073038,,14.0,10.0,,72.5,7.15,2.9,2.5,550.0,,18.5,2.9,1.0,Nuijamaanjärvi 003,Nuijamaanjärvi,Lappeenranta,,,,,,,,
FI_00000215,10937,Nuijamaanjärvi,2023-12-12,60.95454402242739,28.56703697930222,,,,550.0,,18.5,2.9,S2_FI_00000215,2023-02-21,0.0,46.015152,74.3158994152844,172.752110698445,,,35VNL,S2B_MSIL2A_20230221T095029_R079_T35VNL_20230226T092858,,14.0,10.0,,72.5,7.15,2.9,2.5,550.0,,18.5,2.9,1.0,Nuijamaanjärvi 003,Nuijamaanjärvi,Lappeenranta,,,,,,,,
FI_00000216,10937,Nuijamaanjärvi,2024-01-10,60.95454402242739,28.56703697930222,,,,605.0,,18.0,2.4,S2_FI_00000216,2023-03-08,1.0,85.054183,68.6184256032354,173.127435561169,,,35VNL,S2A_MSIL2A_20230308T095031_R079_T35VNL_20240822T165158,,17.0,10.0,,71.5,7.15,1.3,1.7999999999999998,605.0,,18.0,2.4,9.5,Nuijamaanjärvi 003,Nuijamaanjärvi,Lappeenranta,,,,,,,,
FI_00000217,10937,Nuijamaanjärvi,2024-01-10,60.95454402242739,28.56703697930222,,,,605.0,,18.0,2.4,S2_FI_00000217,2023-04-02,1.0,35.668737,58.7258266890943,174.6394665671,,,35VNL,S2B_MSIL2A_20230402T095039_R079_T35VNL_20240829T005541,,17.0,10.0,,71.5,7.15,1.3,1.7999999999999998,605.0,,18.0,2.4,9.5,Nuijamaanjärvi 003,Nuijamaanjärvi,Lappeenranta,,,,,,,,
FI_00000218,10937,Nuijamaanjärvi,2024-01-10,60.95454402242739,28.56703697930222,,,,605.0,,18.0,2.4,S2_FI_00000218,2023-04-12,1.0,65.115058,54.9447887027473,175.281087366781,,,35VNL,S2B_MSIL2A_20230412T095029_R079_T35VNL_20240828T091729,,17.0,10.0,,71.5,7.15,1.3,1.7999999999999998,605.0,,18.0,2.4,9.5,Nuijamaanjärvi 003,Nuijamaanjärvi,Lappeenranta,,,,,,,,
FI_00000219,10937,Nuijamaanjärvi,2024-01-10,60.95454402242739,28.56703697930222,,,,605.0,,18.0,2.4,S2_FI_00000219,2023-04-17,1.0,21.60967,53.1402871734971,175.564439853304,,,35VNL,S2A_MSIL2A_20230417T095031_R079_T35VNL_20240902T191342,,17.0,10.0,,71.5,7.15,1.3,1.7999999999999998,605.0,,18.0,2.4,9.5,Nuijamaanjärvi 003,Nuijamaanjärvi,Lappeenranta,,,,,,,,
FI_00000220,10937,Nuijamaanjärvi,2024-01-10,60.95454402242739,28.56703697930222,,,,605.0,,18.0,2.4,S2_FI_00000220,2023-04-24,0.0,99.994439,50.8514435839859,172.77430685371,,,35VNL,S2A_MSIL2A_20230424T094031_R036_T35VNL_20240831T183412,,17.0,10.0,,71.5,7.15,1.3,1.7999999999999998,605.0,,18.0,2.4,9.5,Nuijamaanjärvi 003,Nuijamaanjärvi,Lappeenranta,,,,,,,,
FI_00000221,10937,Nuijamaanjärvi,2024-01-10,60.95454402242739,28.56703697930222,,,,605.0,,18.0,2.4,S2_FI_00000221,2023-05-04,0.0,96.722823,47.7313118550166,172.986085239774,,,35VNL,S2A_MSIL2A_20230504T094031_R036_T35VNL_20230504T163452,,17.0,10.0,,71.5,7.15,1.3,1.7999999999999998,605.0,,18.0,2.4,9.5,Nuijamaanjärvi 003,Nuijamaanjärvi,Lappeenranta,,,,,,,,
FI_00000222,10937,Nuijamaanjärvi,2024-02-06,60.95454402242739,28.56703697930222,,,,605.0,,17.0,1.9,S2_FI_00000222,2023-05-12,1.0,30.517578,45.4513637275911,176.297764153049,,,35VNL,S2B_MSIL2A_20230512T094549_R079_T35VNL_20230512T141912,,18.0,9.15,,66.5,7.199999999999999,1.25,2.5,605.0,,17.0,1.9,1.0,Nuijamaanjärvi 003,Nuijamaanjärvi,Lappeenranta,,,,,,,,
FI_00000223,10937,Nuijamaanjärvi,2024-02-06,60.95454402242739,28.56703697930222,,,,605.0,,17.0,1.9,S2_FI_00000223,2023-05-14,1.0,51.865357,45.0641725440612,172.931421519494,,,35VNL,S2A_MSIL2A_20230514T094031_R036_T35VNL_20230514T235918,,18.0,9.15,,66.5,7.199999999999999,1.25,2.5,605.0,,17.0,1.9,1.0,Nuijamaanjärvi 003,Nuijamaanjärvi,Lappeenranta,,,,,,,,
FI_00000224,10937,Nuijamaanjärvi,2024-02-06,60.95454402242739,28.56703697930222,,,,605.0,,17.0,1.9,S2_FI_00000224,2023-05-22,0.0,53.297395,43.2003469094765,176.10793084153,,,35VNL,S2B_MSIL2A_20230522T094549_R079_T35VNL_20230522T142444,,18.0,9.15,,66.5,7.199999999999999,1.25,2.5,605.0,,17.0,1.9,1.0,Nuijamaanjärvi 003,Nuijamaanjärvi,Lappeenranta,,,,,,,,
FI_00000225,10937,Nuijamaanjärvi,2024-02-06,60.95454402242739,28.56703697930222,,,,605.0,,17.0,1.9,S2_FI_00000225,2023-05-29,0.0,75.286824,42.0872938162896,172.33424162877,,,35VNL,S2B_MSIL2A_20230529T093549_R036_T35VNL_20240907T010044,,18.0,9.15,,66.5,7.199999999999999,1.25,2.5,605.0,,17.0,1.9,1.0,Nuijamaanjärvi 003,Nuijamaanjärvi,Lappeenranta,,,,,,,,
FI_00000226,10937,Nuijamaanjärvi,2024-02-06,60.95454402242739,28.56703697930222,,,,605.0,,17.0,1.9,S2_FI_00000226,2023-06-13,0.0,93.430197,40.5357593590666,171.24877523802,,,35VNL,S2A_MSIL2A_20230613T094041_R036_T35VNL_20240927T204801,,18.0,9.15,,66.5,7.199999999999999,1.25,2.5,605.0,,17.0,1.9,1.0,Nuijamaanjärvi 003,Nuijamaanjärvi,Lappeenranta,,,,,,,,
FI_00000227,10937,Nuijamaanjärvi,2024-02-06,60.95454402242739,28.56703697930222,,,,605.0,,17.0,1.9,S2_FI_00000227,2023-07-21,1.0,99.976236,43.2027678841766,172.760357942064,,,35VNL,S2B_MSIL2A_20230721T094549_R079_T35VNL_20241019T210836,,18.0,9.15,,66.5,7.199999999999999,1.25,2.5,605.0,,17.0,1.9,1.0,Nuijamaanjärvi 003,Nuijamaanjärvi,Lappeenranta,,,,,,,,
FI_00000228,10937,Nuijamaanjärvi,2024-03-05,60.95454402242739,28.56703697930222,,,,605.0,,21.5,2.25,S2_FI_00000228,2023-08-02,0.0,93.454546,46.0667048026548,169.732046286537,,,35VNL,S2A_MSIL2A_20230802T094041_R036_T35VNL_20241026T134447,,18.5,8.6,,62.5,7.45,1.0,2.033333333333333,605.0,,21.5,2.25,10.0,Nuijamaanjärvi 003,Nuijamaanjärvi,Lappeenranta,,,,,,,,
FI_00000229,10937,Nuijamaanjärvi,2024-03-05,60.95454402242739,28.56703697930222,,,,605.0,,21.5,2.25,S2_FI_00000229,2023-08-22,1.0,47.103143,51.9656487363707,171.397259321136,,,35VNL,S2A_MSIL2A_20230822T094041_R036_T35VNL_20241019T021144,,18.5,8.6,,62.5,7.45,1.0,2.033333333333333,605.0,,21.5,2.25,10.0,Nuijamaanjärvi 003,Nuijamaanjärvi,Lappeenranta,,,,,,,,
FI_00000230,10937,Nuijamaanjärvi,2024-03-05,60.95454402242739,28.56703697930222,,,,605.0,,21.5,2.25,S2_FI_00000230,2023-09-06,1.0,24.591975,57.222539330861,173.15489954782,,,35VNL,S2B_MSIL2A_20230906T093549_R036_T35VNL_20241029T123722,,18.5,8.6,,62.5,7.45,1.0,2.033333333333333,605.0,,21.5,2.25,10.0,Nuijamaanjärvi 003,Nuijamaanjärvi,Lappeenranta,,,,,,,,
FI_00000231,10937,Nuijamaanjärvi,2024-03-05,60.95454402242739,28.56703697930222,,,,605.0,,21.5,2.25,S2_FI_00000231,2023-09-19,1.0,79.483247,62.0495341580554,177.558404311986,,,35VNL,S2B_MSIL2A_20230919T094659_R079_T35VNL_20241105T173809,,18.5,8.6,,62.5,7.45,1.0,2.033333333333333,605.0,,21.5,2.25,10.0,Nuijamaanjärvi 003,Nuijamaanjärvi,Lappeenranta,,,,,,,,
FI_00000232,10937,Nuijamaanjärvi,2024-03-05,60.95454402242739,28.56703697930222,,,,605.0,,21.5,2.25,S2_FI_00000232,2023-10-04,1.0,99.999994,67.8578160684409,179.039726043489,,,35VNL,S2A_MSIL2A_20231004T095031_R079_T35VNL_20231004T161756,,18.5,8.6,,62.5,7.45,1.0,2.033333333333333,605.0,,21.5,2.25,10.0,Nuijamaanjärvi 003,Nuijamaanjärvi,Lappeenranta,,,,,,,,
FI_00000233,10937,Nuijamaanjärvi,2024-03-05,60.95454402242739,28.56703697930222,,,,605.0,,21.5,2.25,S2_FI_00000233,2023-10-16,0.0,99.447143,72.4166022615491,177.319455717879,,,35VNL,S2B_MSIL2A_20231016T093909_R036_T35VNL_20241106T161339,,18.5,8.6,,62.5,7.45,1.0,2.033333333333333,605.0,,21.5,2.25,10.0,Nuijamaanjärvi 003,Nuijamaanjärvi,Lappeenranta,,,,,,,,
FI_00000234,10937,Nuijamaanjärvi,2024-04-02,60.95454402242739,28.56703697930222,11.0,,,605.0,,24.0,3.0,S2_FI_00000234,2023-11-03,1.0,97.351223,78.5705533451753,180.406629424421,,,35VNL,S2A_MSIL2A_20231103T095151_R079_T35VNL_20231103T120928,11.0,16.0,9.35,,69.5,7.35,2.325,3.45,605.0,,24.0,3.0,9.9,Nuijamaanjärvi 003,Nuijamaanjärvi,Lappeenranta,,,,,,,,
FI_00000235,10937,Nuijamaanjärvi,2024-04-02,60.95454402242739,28.56703697930222,11.0,,,605.0,,24.0,3.0,S2_FI_00000235,2023-11-15,2.0,99.18412,82.0136723711062,177.777281361766,,,35VNL,S2B_MSIL2A_20231115T094159_R036_T35VNL_20241107T082022,11.0,16.0,9.35,,69.5,7.35,2.325,3.45,605.0,,24.0,3.0,9.9,Nuijamaanjärvi 003,Nuijamaanjärvi,Lappeenranta,,,,,,,,
FI_00000238,10937,Nuijamaanjärvi,2024-04-02,60.95454402242739,28.56703697930222,11.0,,,605.0,,24.0,3.0,S2_FI_00000238,2024-02-28,1.0,89.940184,71.9697258450365,170.272018598912,,,35VNL,S2A_MSIL2A_20240228T094031_R036_T35VNL_20240228T131407,11.0,16.0,9.35,,69.5,7.35,2.325,3.45,605.0,,24.0,3.0,9.9,Nuijamaanjärvi 003,Nuijamaanjärvi,Lappeenranta,,,,,,,,
FI_00000239,10937,Nuijamaanjärvi,2024-04-02,60.95454402242739,28.56703697930222,11.0,,,605.0,,24.0,3.0,S2_FI_00000239,2024-03-12,1.0,0.363934,66.7363856213223,173.369093073278,,,35VNL,S2A_MSIL2A_20240312T095031_R079_T35VNL_20240313T154645,11.0,16.0,9.35,,69.5,7.35,2.325,3.45,605.0,,24.0,3.0,9.9,Nuijamaanjärvi 003,Nuijamaanjärvi,Lappeenranta,,,,,,,,
FI_00000240,10937,Nuijamaanjärvi,2024-05-07,60.95454402242739,28.56703697930222,4.2,,,635.0,,21.5,4.1000000000000005,S2_FI_00000240,2024-04-03,0.0,100.0,58.1815440024503,171.816353299728,,,35VNL,S2B_MSIL2A_20240403T093549_R036_T35VNL_20240403T123003,4.2,13.0,11.15,,94.0,7.2,4.75,7.85,635.0,,21.5,4.1000000000000005,10.0,Nuijamaanjärvi 003,Nuijamaanjärvi,Lappeenranta,,,,,,,,
FI_00000241,10937,Nuijamaanjärvi,2024-05-07,60.95454402242739,28.56703697930222,4.2,,,635.0,,21.5,4.1000000000000005,S2_FI_00000241,2024-04-11,1.0,87.743706,55.0323397585235,175.262774224836,,,35VNL,S2A_MSIL2A_20240411T095031_R079_T35VNL_20240411T155418,4.2,13.0,11.15,,94.0,7.2,4.75,7.85,635.0,,21.5,4.1000000000000005,10.0,Nuijamaanjärvi 003,Nuijamaanjärvi,Lappeenranta,,,,,,,,
FI_00000242,10937,Nuijamaanjärvi,2024-05-07,60.95454402242739,28.56703697930222,4.2,,,635.0,,21.5,4.1000000000000005,S2_FI_00000242,2024-04-18,0.0,16.84351,52.6368266319043,172.599892030135,,,35VNL,S2A_MSIL2A_20240418T094031_R036_T35VNL_20240418T185937,4.2,13.0,11.15,,94.0,7.2,4.75,7.85,635.0,,21.5,4.1000000000000005,10.0,Nuijamaanjärvi 003,Nuijamaanjärvi,Lappeenranta,,,,,,,,
FI_00000243,10937,Nuijamaanjärvi,2024-05-07,60.95454402242739,28.56703697930222,4.2,,,635.0,,21.5,4.1000000000000005,S2_FI_00000243,2024-04-26,1.0,99.486005,49.8418162181686,176.017164868116,,,35VNL,S2B_MSIL2A_20240426T094549_R079_T35VNL_20240426T131332,4.2,13.0,11.15,,94.0,7.2,4.75,7.85,635.0,,21.5,4.1000000000000005,10.0,Nuijamaanjärvi 003,Nuijamaanjärvi,Lappeenranta,,,,,,,,
FI_00000244,10937,Nuijamaanjärvi,2024-05-07,60.95454402242739,28.56703697930222,4.2,,,635.0,,21.5,4.1000000000000005,S2_FI_00000244,2024-05-01,1.0,36.596194,48.287875830915,176.195052486046,,,35VNL,S2A_MSIL2A_20240501T095031_R079_T35VNL_20240501T151817,4.2,13.0,11.15,,94.0,7.2,4.75,7.85,635.0,,21.5,4.1000000000000005,10.0,Nuijamaanjärvi 003,Nuijamaanjärvi,Lappeenranta,,,,,,,,
FI_00000245,10937,Nuijamaanjärvi,2024-05-07,60.95454402242739,28.56703697930222,4.2,,,635.0,,21.5,4.1000000000000005,S2_FI_00000245,2024-05-06,1.0,98.411685,46.8412041093749,176.271714772926,,,35VNL,S2B_MSIL2A_20240506T094549_R079_T35VNL_20240506T131841,4.2,13.0,11.15,,94.0,7.2,4.75,7.85,635.0,,21.5,4.1000000000000005,10.0,Nuijamaanjärvi 003,Nuijamaanjärvi,Lappeenranta,,,,,,,,
FI_00000246,10937,Nuijamaanjärvi,2024-06-04,60.95454402242739,28.56703697930222,2.9,,,625.0,,16.0,3.1,S2_FI_00000246,2024-05-13,0.0,92.257625,45.1221292027126,172.931240609861,,,35VNL,S2B_MSIL2A_20240513T093549_R036_T35VNL_20240513T124227,2.9,13.5,8.0,,82.5,7.349999999999999,3.25,19.23333333333333,625.0,,16.0,3.1,1.0,Nuijamaanjärvi 003,Nuijamaanjärvi,Lappeenranta,,,,,,,,
FI_00000247,10937,Nuijamaanjärvi,2024-06-04,60.95454402242739,28.56703697930222,2.9,,,625.0,,16.0,3.1,S2_FI_00000247,2024-05-21,1.0,22.743793,43.2491190342509,176.09341326695,,,35VNL,S2A_MSIL2A_20240521T095031_R079_T35VNL_20240521T144344,2.9,13.5,8.0,,82.5,7.349999999999999,3.25,19.23333333333333,625.0,,16.0,3.1,1.0,Nuijamaanjärvi 003,Nuijamaanjärvi,Lappeenranta,,,,,,,,
FI_00000248,10937,Nuijamaanjärvi,2024-06-04,60.95454402242739,28.56703697930222,2.9,,,625.0,,16.0,3.1,S2_FI_00000248,2024-05-28,0.0,18.780963,42.1257430233445,172.34269383806,,,35VNL,S2A_MSIL2A_20240528T094031_R036_T35VNL_20240528T142335,2.9,13.5,8.0,,82.5,7.349999999999999,3.25,19.23333333333333,625.0,,16.0,3.1,1.0,Nuijamaanjärvi 003,Nuijamaanjärvi,Lappeenranta,,,,,,,,
FI_00000249,10937,Nuijamaanjärvi,2024-06-04,60.95454402242739,28.56703697930222,2.9,,,625.0,,16.0,3.1,S2_FI_00000249,2024-06-10,1.0,98.188758,40.5384041666097,174.957006121517,,,35VNL,S2A_MSIL2A_20240610T095031_R079_T35VNL_20240610T131729,2.9,13.5,8.0,,82.5,7.349999999999999,3.25,19.23333333333333,625.0,,16.0,3.1,1.0,Nuijamaanjärvi 003,Nuijamaanjärvi,Lappeenranta,,,,,,,,
FI_00000250,10937,Nuijamaanjärvi,2024-06-04,60.95454402242739,28.56703697930222,2.9,,,625.0,,16.0,3.1,S2_FI_00000250,2024-06-30,1.0,65.56955,40.5238229541652,173.444543659794,,,35VNL,S2A_MSIL2A_20240630T095031_R079_T35VNL_20240701T192404,2.9,13.5,8.0,,82.5,7.349999999999999,3.25,19.23333333333333,625.0,,16.0,3.1,1.0,Nuijamaanjärvi 003,Nuijamaanjärvi,Lappeenranta,,,,,,,,
FI_00000251,10937,Nuijamaanjärvi,2024-06-04,60.95454402242739,28.56703697930222,2.9,,,625.0,,16.0,3.1,S2_FI_00000251,2024-07-30,1.0,90.972102,45.3417509527118,172.926581139281,,,35VNL,S2A_MSIL2A_20240730T095031_R079_T35VNL_20240730T155453,2.9,13.5,8.0,,82.5,7.349999999999999,3.25,19.23333333333333,625.0,,16.0,3.1,1.0,Nuijamaanjärvi 003,Nuijamaanjärvi,Lappeenranta,,,,,,,,
FI_00000252,10937,Nuijamaanjärvi,2024-07-02,60.95454402242739,28.56703697930222,8.1,,,575.0,,18.5,3.35,S2_FI_00000252,2024-08-19,0.0,86.385715,51.0938658133584,174.248644573321,,,35VNL,S2A_MSIL2A_20240819T095031_R079_T35VNL_20240819T143207,8.1,14.5,5.6000000000000005,,60.5,7.3,3.675,16.5,575.0,,18.5,3.35,1.0,Nuijamaanjärvi 003,Nuijamaanjärvi,Lappeenranta,,,,,,,,
FI_00000253,10937,Nuijamaanjärvi,2024-07-02,60.95454402242739,28.56703697930222,8.1,,,575.0,,18.5,3.35,S2_FI_00000253,2024-09-03,0.0,81.092107,56.2980233189685,175.838717212412,,,35VNL,S2B_MSIL2A_20240903T094549_R079_T35VNL_20240903T121539,8.1,14.5,5.6000000000000005,,60.5,7.3,3.675,16.5,575.0,,18.5,3.35,1.0,Nuijamaanjärvi 003,Nuijamaanjärvi,Lappeenranta,,,,,,,,
FI_00000254,10937,Nuijamaanjärvi,2024-07-02,60.95454402242739,28.56703697930222,8.1,,,575.0,,18.5,3.35,S2_FI_00000254,2024-09-23,4.0,100.0,63.8902925531491,178.043607307598,,,35VNL,S2B_MSIL2A_20240923T095029_R079_T35VNL_20240923T110403,8.1,14.5,5.6000000000000005,,60.5,7.3,3.675,16.5,575.0,,18.5,3.35,1.0,Nuijamaanjärvi 003,Nuijamaanjärvi,Lappeenranta,,,,,,,,
FI_00000255,10937,Nuijamaanjärvi,2024-07-02,60.95454402242739,28.56703697930222,8.1,,,575.0,,18.5,3.35,S2_FI_00000255,2024-10-03,1.0,52.289277,67.765473846341,179.01698941572,,,35VNL,S2B_MSIL2A_20241003T095029_R079_T35VNL_20241003T125412,8.1,14.5,5.6000000000000005,,60.5,7.3,3.675,16.5,575.0,,18.5,3.35,1.0,Nuijamaanjärvi 003,Nuijamaanjärvi,Lappeenranta,,,,,,,,
FI_00000256,10937,Nuijamaanjärvi,2024-07-02,60.95454402242739,28.56703697930222,8.1,,,575.0,,18.5,3.35,S2_FI_00000256,2024-10-18,1.0,95.442635,73.3982660190975,180.039536012371,,,35VNL,S2A_MSIL2A_20241018T095031_R079_T35VNL_20241018T110847,8.1,14.5,5.6000000000000005,,60.5,7.3,3.675,16.5,575.0,,18.5,3.35,1.0,Nuijamaanjärvi 003,Nuijamaanjärvi,Lappeenranta,,,,,,,,
FI_00000257,10937,Nuijamaanjärvi,2024-07-02,60.95454402242739,28.56703697930222,8.1,,,575.0,,18.5,3.35,S2_FI_00000257,2024-10-30,0.0,91.444832,77.5509174772303,177.92004411568,,,35VNL,S2B_MSIL2A_20241030T094029_R036_T35VNL_20241030T111154,8.1,14.5,5.6000000000000005,,60.5,7.3,3.675,16.5,575.0,,18.5,3.35,1.0,Nuijamaanjärvi 003,Nuijamaanjärvi,Lappeenranta,,,,,,,,
FI_00000258,10937,Nuijamaanjärvi,2024-08-06,60.95454402242739,28.56703697930222,6.5,,,505.0,,26.0,8.450000000000001,S2_FI_00000258,2024-11-19,1.0,96.73475,83.1697404125217,177.575331790034,,,35VNL,S2B_MSIL2A_20241119T094209_R036_T35VNL_20241119T111954,6.5,14.5,4.3500000000000005,,49.20000000000001,7.15,5.65,18.6,505.0,,26.0,8.450000000000001,9.6,Nuijamaanjärvi 003,Nuijamaanjärvi,Lappeenranta,,,,,,,,
FI_00000260,10937,Nuijamaanjärvi,2024-08-06,60.95454402242739,28.56703697930222,6.5,,,505.0,,26.0,8.450000000000001,S2_FI_00000260,2023-03-08,1.0,86.620164,67.8495578036265,171.038606407713,,,35VMK,S2A_MSIL2A_20230308T095031_R079_T35VMK_20240822T165158,6.5,14.5,4.3500000000000005,,49.20000000000001,7.15,5.65,18.6,505.0,,26.0,8.450000000000001,9.6,Nuijamaanjärvi 003,Nuijamaanjärvi,Lappeenranta,,,,,,,,
FI_00000261,10937,Nuijamaanjärvi,2024-08-06,60.95454402242739,28.56703697930222,6.5,,,505.0,,26.0,8.450000000000001,S2_FI_00000261,2023-06-16,1.0,5.696534,39.4822188676235,171.683604512904,,,35VMK,S2A_MSIL2A_20230616T095031_R079_T35VMK_20240912T001946,6.5,14.5,4.3500000000000005,,49.20000000000001,7.15,5.65,18.6,505.0,,26.0,8.450000000000001,9.6,Nuijamaanjärvi 003,Nuijamaanjärvi,Lappeenranta,,,,,,,,
FI_00000262,10937,Nuijamaanjärvi,2024-08-06,60.95454402242739,28.56703697930222,6.5,,,505.0,,26.0,8.450000000000001,S2_FI_00000262,2023-08-17,0.0,92.887312,49.6258002907112,168.333302935364,,,35VMK,S2B_MSIL2A_20230817T093549_R036_T35VMK_20241023T205253,6.5,14.5,4.3500000000000005,,49.20000000000001,7.15,5.65,18.6,505.0,,26.0,8.450000000000001,9.6,Nuijamaanjärvi 003,Nuijamaanjärvi,Lappeenranta,,,,,,,,
FI_00000263,10937,Nuijamaanjärvi,2024-08-06,60.95454402242739,28.56703697930222,6.5,,,505.0,,26.0,8.450000000000001,S2_FI_00000263,2023-03-01,0.0,98.908365,70.4079048010776,173.462990465758,,,35VMK,S2A_MSIL2A_20230301T100021_R122_T35VMK_20240821T023929,6.5,14.5,4.3500000000000005,,49.20000000000001,7.15,5.65,18.6,505.0,,26.0,8.450000000000001,9.6,Nuijamaanjärvi 003,Nuijamaanjärvi,Lappeenranta,,,,,,,,
FI_00000264,10937,Nuijamaanjärvi,2024-09-03,60.95454402242739,28.56703697930222,6.099999999999999,,,530.0,,76.5,7.95,S2_FI_00000264,2023-06-14,0.0,3.508451,39.4332220916689,175.445219029677,,,35VMK,S2B_MSIL2A_20230614T095559_R122_T35VMK_20240909T201410,6.099999999999999,15.0,4.300000000000001,,46.4,7.399999999999999,7.25,15.65,530.0,,76.5,7.95,9.5,Nuijamaanjärvi 003,Nuijamaanjärvi,Lappeenranta,,,,,,,,
FI_00000265,10937,Nuijamaanjärvi,2024-09-03,60.95454402242739,28.56703697930222,6.099999999999999,,,530.0,,76.5,7.95,S2_FI_00000265,2023-08-08,1.0,89.234585,46.5942090697923,174.020588536019,,,35VMK,S2A_MSIL2A_20230808T100031_R122_T35VMK_20241021T205631,6.099999999999999,15.0,4.300000000000001,,46.4,7.399999999999999,7.25,15.65,530.0,,76.5,7.95,9.5,Nuijamaanjärvi 003,Nuijamaanjärvi,Lappeenranta,,,,,,,,
FI_00000266,10937,Nuijamaanjärvi,2024-09-03,60.95454402242739,28.56703697930222,6.099999999999999,,,530.0,,76.5,7.95,S2_FI_00000266,2023-02-21,1.0,93.608326,73.6843144663364,168.801960364155,,,35VLK,S2B_MSIL2A_20230221T095029_R079_T35VLK_20230225T020105,6.099999999999999,15.0,4.300000000000001,,46.4,7.399999999999999,7.25,15.65,530.0,,76.5,7.95,9.5,Nuijamaanjärvi 003,Nuijamaanjärvi,Lappeenranta,,,,,,,,
FI_00000267,10937,Nuijamaanjärvi,2024-09-03,60.95454402242739,28.56703697930222,6.099999999999999,,,530.0,,76.5,7.95,S2_FI_00000267,2023-07-31,1.0,96.814752,44.7857570947461,167.667159989526,,,35VLK,S2B_MSIL2A_20230731T094549_R079_T35VLK_20241029T195507,6.099999999999999,15.0,4.300000000000001,,46.4,7.399999999999999,7.25,15.65,530.0,,76.5,7.95,9.5,Nuijamaanjärvi 003,Nuijamaanjärvi,Lappeenranta,,,,,,,,
FI_00000268,10937,Nuijamaanjärvi,2024-09-03,60.95454402242739,28.56703697930222,6.099999999999999,,,530.0,,76.5,7.95,S2_FI_00000268,2023-01-18,1.0,99.99963,84.1605538155664,175.041977599128,,,35VLL,S2B_MSIL2A_20230118T101239_R022_T35VLL_20240809T052213,6.099999999999999,15.0,4.300000000000001,,46.4,7.399999999999999,7.25,15.65,530.0,,76.5,7.95,9.5,Nuijamaanjärvi 003,Nuijamaanjärvi,Lappeenranta,,,,,,,,
FI_00000269,10937,Nuijamaanjärvi,2024-09-03,60.95454402242739,28.56703697930222,6.099999999999999,,,530.0,,76.5,7.95,S2_FI_00000269,2023-02-04,2.0,61.181378,80.0325826049736,171.568081681293,,,35VLL,S2B_MSIL2A_20230204T100119_R122_T35VLL_20240816T193823,6.099999999999999,15.0,4.300000000000001,,46.4,7.399999999999999,7.25,15.65,530.0,,76.5,7.95,9.5,Nuijamaanjärvi 003,Nuijamaanjärvi,Lappeenranta,,,,,,,,
FI_00000270,10937,Nuijamaanjärvi,2024-10-01,60.95454402242739,28.56703697930222,6.2,,,390.0,,19.5,3.75,S2_FI_00000270,2023-02-27,0.0,99.72418,72.0088537481969,173.894274706435,,,35VLL,S2B_MSIL2A_20230227T101029_R022_T35VLL_20230228T110159,6.2,15.0,8.450000000000001,,82.0,7.400000000000001,2.9250000000000003,14.1,390.0,,19.5,3.75,1.0,Nuijamaanjärvi 003,Nuijamaanjärvi,Lappeenranta,,,,,,,,
FI_00000271,10937,Nuijamaanjärvi,2024-10-01,60.95454402242739,28.56703697930222,6.2,,,390.0,,19.5,3.75,S2_FI_00000271,2023-03-26,2.0,2.138045,61.5182642290687,172.482552900266,,,35VLL,S2B_MSIL2A_20230326T100029_R122_T35VLL_20240806T033612,6.2,15.0,8.450000000000001,,82.0,7.400000000000001,2.9250000000000003,14.1,390.0,,19.5,3.75,1.0,Nuijamaanjärvi 003,Nuijamaanjärvi,Lappeenranta,,,,,,,,
FI_00000272,10937,Nuijamaanjärvi,2024-10-01,60.95454402242739,28.56703697930222,6.2,,,390.0,,19.5,3.75,S2_FI_00000272,2023-04-03,1.0,33.700359,58.2723727305025,175.863497813447,,,35VLL,S2A_MSIL2A_20230403T100551_R022_T35VLL_20240825T000821,6.2,15.0,8.450000000000001,,82.0,7.400000000000001,2.9250000000000003,14.1,390.0,,19.5,3.75,1.0,Nuijamaanjärvi 003,Nuijamaanjärvi,Lappeenranta,,,,,,,,
FI_00000273,10937,Nuijamaanjärvi,2024-10-01,60.95454402242739,28.56703697930222,6.2,,,390.0,,19.5,3.75,S2_FI_00000273,2023-04-12,1.0,81.628692,55.1394114967376,170.486115626461,,,35VLL,S2B_MSIL2A_20230412T095029_R079_T35VLL_20240828T091729,6.2,15.0,8.450000000000001,,82.0,7.400000000000001,2.9250000000000003,14.1,390.0,,19.5,3.75,1.0,Nuijamaanjärvi 003,Nuijamaanjärvi,Lappeenranta,,,,,,,,
FI_00000274,10937,Nuijamaanjärvi,2024-10-01,60.95454402242739,28.56703697930222,6.2,,,390.0,,19.5,3.75,S2_FI_00000274,2023-04-18,2.0,6.228973,52.7278473030643,176.871572334726,,,35VLL,S2B_MSIL2A_20230418T100559_R022_T35VLL_20240905T154426,6.2,15.0,8.450000000000001,,82.0,7.400000000000001,2.9250000000000003,14.1,390.0,,19.5,3.75,1.0,Nuijamaanjärvi 003,Nuijamaanjärvi,Lappeenranta,,,,,,,,
FI_00000275,10937,Nuijamaanjärvi,2024-10-01,60.95454402242739,28.56703697930222,6.2,,,390.0,,19.5,3.75,S2_FI_00000275,2023-04-23,1.0,97.126913,51.0150723728286,177.12552061243,,,35VLL,S2A_MSIL2A_20230423T100551_R022_T35VLL_20230424T094514,6.2,15.0,8.450000000000001,,82.0,7.400000000000001,2.9250000000000003,14.1,390.0,,19.5,3.75,1.0,Nuijamaanjärvi 003,Nuijamaanjärvi,Lappeenranta,,,,,,,,
FI_00000276,10937,Nuijamaanjärvi,2024-11-06,60.95454402242739,28.56703697930222,,,,350.0,,14.5,2.65,S2_FI_00000276,2023-05-03,0.0,86.139423,47.8634329234165,177.509850886396,,,35VLL,S2A_MSIL2A_20230503T101021_R022_T35VLL_20240905T074321,,15.0,10.8,,84.5,7.45,2.9250000000000003,5.199999999999999,350.0,,14.5,2.65,1.0,Nuijamaanjärvi 003,Nuijamaanjärvi,Lappeenranta,,,,,,,,
FI_00000277,10937,Nuijamaanjärvi,2024-11-06,60.95454402242739,28.56703697930222,,,,350.0,,14.5,2.65,S2_FI_00000277,2023-05-08,0.0,12.070956,46.4466583428751,177.616009502179,,,35VLL,S2B_MSIL2A_20230508T100559_R022_T35VLL_20230508T163301,,15.0,10.8,,84.5,7.45,2.9250000000000003,5.199999999999999,350.0,,14.5,2.65,1.0,Nuijamaanjärvi 003,Nuijamaanjärvi,Lappeenranta,,,,,,,,
FI_00000278,10937,Nuijamaanjärvi,2024-11-06,60.95454402242739,28.56703697930222,,,,350.0,,14.5,2.65,S2_FI_00000278,2023-05-15,0.0,6.76319,44.7460971847623,174.278733426071,,,35VLL,S2B_MSIL2A_20230515T095559_R122_T35VLL_20230515T151203,,15.0,10.8,,84.5,7.45,2.9250000000000003,5.199999999999999,350.0,,14.5,2.65,1.0,Nuijamaanjärvi 003,Nuijamaanjärvi,Lappeenranta,,,,,,,,
FI_00000279,10937,Nuijamaanjärvi,2024-11-06,60.95454402242739,28.56703697930222,,,,350.0,,14.5,2.65,S2_FI_00000279,2023-05-23,0.0,99.796063,42.953315599889,177.440787065046,,,35VLL,S2A_MSIL2A_20230523T100601_R022_T35VLL_20230523T173359,,15.0,10.8,,84.5,7.45,2.9250000000000003,5.199999999999999,350.0,,14.5,2.65,1.0,Nuijamaanjärvi 003,Nuijamaanjärvi,Lappeenranta,,,,,,,,
FI_00000280,10937,Nuijamaanjärvi,2024-11-06,60.95454402242739,28.56703697930222,,,,350.0,,14.5,2.65,S2_FI_00000280,2023-06-11,1.0,13.749419,40.7403038459799,169.317729346068,,,35VLL,S2B_MSIL2A_20230611T094549_R079_T35VLL_20240909T132336,,15.0,10.8,,84.5,7.45,2.9250000000000003,5.199999999999999,350.0,,14.5,2.65,1.0,Nuijamaanjärvi 003,Nuijamaanjärvi,Lappeenranta,,,,,,,,
FI_00000281,10937,Nuijamaanjärvi,2024-11-06,60.95454402242739,28.56703697930222,,,,350.0,,14.5,2.65,S2_FI_00000281,2023-07-11,1.0,33.745617,41.8388771581204,167.407537937217,,,35VLL,S2B_MSIL2A_20230711T094549_R079_T35VLL_20241020T140024,,15.0,10.8,,84.5,7.45,2.9250000000000003,5.199999999999999,350.0,,14.5,2.65,1.0,Nuijamaanjärvi 003,Nuijamaanjärvi,Lappeenranta,,,,,,,,
FI_00000282,10937,Nuijamaanjärvi,2024-12-03,60.95454402242739,28.56703697930222,,,,400.0,,12.0,2.15,S2_FI_00000282,2023-08-15,1.0,14.579304,49.8243851553655,168.807534764933,,,35VLL,S2A_MSIL2A_20230815T095031_R079_T35VLL_20241014T195621,,15.0,12.5,,92.0,7.5,3.0500000000000003,2.5,400.0,,12.0,2.15,1.0,Nuijamaanjärvi 003,Nuijamaanjärvi,Lappeenranta,,,,,,,,
FI_00000283,10937,Nuijamaanjärvi,2024-12-03,60.95454402242739,28.56703697930222,,,,400.0,,12.0,2.15,S2_FI_00000283,2023-09-04,1.0,58.631325,56.561024393055,171.146719879383,,,35VLL,S2A_MSIL2A_20230904T095031_R079_T35VLL_20241017T204831,,15.0,12.5,,92.0,7.5,3.0500000000000003,2.5,400.0,,12.0,2.15,1.0,Nuijamaanjärvi 003,Nuijamaanjärvi,Lappeenranta,,,,,,,,
FI_00000284,10937,Nuijamaanjärvi,2024-12-03,60.95454402242739,28.56703697930222,,,,400.0,,12.0,2.15,S2_FI_00000284,2023-09-12,0.0,55.152172,59.3933707823716,175.057104034844,,,35VLL,S2B_MSIL2A_20230912T095609_R122_T35VLL_20241103T122113,,15.0,12.5,,92.0,7.5,3.0500000000000003,2.5,400.0,,12.0,2.15,1.0,Nuijamaanjärvi 003,Nuijamaanjärvi,Lappeenranta,,,,,,,,
FI_00000285,10937,Nuijamaanjärvi,2024-12-03,60.95454402242739,28.56703697930222,,,,400.0,,12.0,2.15,S2_FI_00000285,2023-09-24,1.0,96.986997,64.0881041037677,173.659897400461,,,35VLL,S2A_MSIL2A_20230924T095031_R079_T35VLL_20230924T160932,,15.0,12.5,,92.0,7.5,3.0500000000000003,2.5,400.0,,12.0,2.15,1.0,Nuijamaanjärvi 003,Nuijamaanjärvi,Lappeenranta,,,,,,,,
FI_00000286,10937,Nuijamaanjärvi,2024-12-03,60.95454402242739,28.56703697930222,,,,400.0,,12.0,2.15,S2_FI_00000286,2023-10-10,0.0,90.548426,70.1305357803553,180.568482695162,,,35VLL,S2A_MSIL2A_20231010T100931_R022_T35VLL_20231010T163643,,15.0,12.5,,92.0,7.5,3.0500000000000003,2.5,400.0,,12.0,2.15,1.0,Nuijamaanjärvi 003,Nuijamaanjärvi,Lappeenranta,,,,,,,,
FI_00000287,10937,Nuijamaanjärvi,2024-12-03,60.95454402242739,28.56703697930222,,,,400.0,,12.0,2.15,S2_FI_00000287,2023-10-24,0.0,4.855036,75.2898972519898,176.219893113076,,,35VLL,S2A_MSIL2A_20231024T095051_R079_T35VLL_20231024T121656,,15.0,12.5,,92.0,7.5,3.0500000000000003,2.5,400.0,,12.0,2.15,1.0,Nuijamaanjärvi 003,Nuijamaanjärvi,Lappeenranta,,,,,,,,
FI_00000288,10959,10959,2023-01-10,60.88604954782883,28.38676484545685,,,,6100.0,,59.0,6.8,S2_FI_00000288,2023-11-09,0.0,98.3325,80.353666910892,181.323681667047,,,35VLL,S2A_MSIL2A_20231109T101231_R022_T35VLL_20241109T174752,,25.0,11.5,,79.0,7.3,7.7,0.0,6100.0,,59.0,6.8,0.2,Rakkolanjoki rajav 001,,Lappeenranta,,,,,,,,
FI_00000289,10959,10959,2023-01-10,60.88604954782883,28.38676484545685,,,,6100.0,,59.0,6.8,S2_FI_00000289,2023-11-28,1.0,99.983859,84.8742082038642,175.656327454986,,,35VLL,S2B_MSIL2A_20231128T095249_R079_T35VLL_20241106T213047,,25.0,11.5,,79.0,7.3,7.7,0.0,6100.0,,59.0,6.8,0.2,Rakkolanjoki rajav 001,,Lappeenranta,,,,,,,,
FI_00000291,10959,10959,2023-01-10,60.88604954782883,28.38676484545685,,,,6100.0,,59.0,6.8,S2_FI_00000291,2024-01-17,1.0,92.408925,84.6834551231279,170.475093386086,,,35VLL,S2B_MSIL2A_20240117T095239_R079_T35VLL_20240117T124435,,25.0,11.5,,79.0,7.3,7.7,0.0,6100.0,,59.0,6.8,0.2,Rakkolanjoki rajav 001,,Lappeenranta,,,,,,,,
FI_00000292,10959,10959,2023-01-10,60.88604954782883,28.38676484545685,,,,6100.0,,59.0,6.8,S2_FI_00000292,2024-02-07,0.0,16.12507,79.0526253759282,173.891115210099,,,35VLL,S2A_MSIL2A_20240207T101201_R022_T35VLL_20240207T121623,,25.0,11.5,,79.0,7.3,7.7,0.0,6100.0,,59.0,6.8,0.2,Rakkolanjoki rajav 001,,Lappeenranta,,,,,,,,
FI_00000293,10959,10959,2023-01-10,60.88604954782883,28.38676484545685,,,,6100.0,,59.0,6.8,S2_FI_00000293,2024-03-03,1.0,100.0,70.1904934575856,174.029198477118,,,35VLL,S2B_MSIL2A_20240303T100819_R022_T35VLL_20240303T130837,,25.0,11.5,,79.0,7.3,7.7,0.0,6100.0,,59.0,6.8,0.2,Rakkolanjoki rajav 001,,Lappeenranta,,,,,,,,
FI_00000294,10959,10959,2023-01-24,60.88604954782883,28.38676484545685,,,,4300.0,,64.0,11.0,S2_FI_00000294,2024-03-27,0.0,92.730087,60.9976202216399,169.732562269332,,,35VLL,S2B_MSIL2A_20240327T094619_R079_T35VLL_20240330T010203,,16.9,12.300000000000002,,84.0,7.0,6.0,-0.1,4300.0,,64.0,11.0,0.5,Rakkolanjoki rajav 001,,Lappeenranta,,,,,,,,
FI_00000295,10959,10959,2023-01-24,60.88604954782883,28.38676484545685,,,,4300.0,,64.0,11.0,S2_FI_00000295,2024-04-02,0.0,90.024394,58.3664496150763,175.845348560638,,,35VLL,S2B_MSIL2A_20240402T100549_R022_T35VLL_20240402T153005,,16.9,12.300000000000002,,84.0,7.0,6.0,-0.1,4300.0,,64.0,11.0,0.5,Rakkolanjoki rajav 001,,Lappeenranta,,,,,,,,
FI_00000296,10959,10959,2023-01-24,60.88604954782883,28.38676484545685,,,,4300.0,,64.0,11.0,S2_FI_00000296,2024-04-09,1.0,0.381554,55.8123210332835,173.353423556425,,,35VLL,S2B_MSIL2A_20240409T095549_R122_T35VLL_20240411T002322,,16.9,12.300000000000002,,84.0,7.0,6.0,-0.1,4300.0,,64.0,11.0,0.5,Rakkolanjoki rajav 001,,Lappeenranta,,,,,,,,
FI_00000297,10959,10959,2023-01-24,60.88604954782883,28.38676484545685,,,,4300.0,,64.0,11.0,S2_FI_00000297,2024-04-17,1.0,54.308349,52.8113677609824,176.862796437697,,,35VLL,S2A_MSIL2A_20240417T100601_R022_T35VLL_20240417T161710,,16.9,12.300000000000002,,84.0,7.0,6.0,-0.1,4300.0,,64.0,11.0,0.5,Rakkolanjoki rajav 001,,Lappeenranta,,,,,,,,
FI_00000298,10959,10959,2023-01-24,60.88604954782883,28.38676484545685,,,,4300.0,,64.0,11.0,S2_FI_00000298,2024-04-22,1.0,25.019264,51.0961518807134,177.119680876089,,,35VLL,S2B_MSIL2A_20240422T100559_R022_T35VLL_20240422T141704,,16.9,12.300000000000002,,84.0,7.0,6.0,-0.1,4300.0,,64.0,11.0,0.5,Rakkolanjoki rajav 001,,Lappeenranta,,,,,,,,
FI_00000299,10959,10959,2023-01-24,60.88604954782883,28.38676484545685,,,,4300.0,,64.0,11.0,S2_FI_00000299,2024-04-29,0.0,96.291339,48.9258077146189,174.217091075477,,,35VLL,S2B_MSIL2A_20240429T095549_R122_T35VLL_20240429T142049,,16.9,12.300000000000002,,84.0,7.0,6.0,-0.1,4300.0,,64.0,11.0,0.5,Rakkolanjoki rajav 001,,Lappeenranta,,,,,,,,
FI_00000300,10959,10959,2023-02-07,60.88604954782883,28.38676484545685,,,,4300.0,,47.0,7.099999999999999,S2_FI_00000300,2024-05-07,0.0,77.614546,46.51236943542,177.614966837262,,,35VLL,S2A_MSIL2A_20240507T100601_R022_T35VLL_20240507T155440,,18.0,11.199999999999998,,77.0,7.0,2.0,0.0,4300.0,,47.0,7.099999999999999,0.2,Rakkolanjoki rajav 001,,Lappeenranta,,,,,,,,
FI_00000301,10959,10959,2023-02-07,60.88604954782883,28.38676484545685,,,,4300.0,,47.0,7.099999999999999,S2_FI_00000301,2024-05-14,0.0,82.1693,44.8028416195544,174.27684858073,,,35VLL,S2A_MSIL2A_20240514T100031_R122_T35VLL_20240514T135504,,18.0,11.199999999999998,,77.0,7.0,2.0,0.0,4300.0,,47.0,7.099999999999999,0.2,Rakkolanjoki rajav 001,,Lappeenranta,,,,,,,,
FI_00000302,10959,10959,2023-02-07,60.88604954782883,28.38676484545685,,,,4300.0,,47.0,7.099999999999999,S2_FI_00000302,2024-05-22,0.0,64.878571,43.0006071655431,177.433829277967,,,35VLL,S2B_MSIL2A_20240522T100559_R022_T35VLL_20240522T141303,,18.0,11.199999999999998,,77.0,7.0,2.0,0.0,4300.0,,47.0,7.099999999999999,0.2,Rakkolanjoki rajav 001,,Lappeenranta,,,,,,,,
FI_00000303,10959,10959,2023-02-07,60.88604954782883,28.38676484545685,,,,4300.0,,47.0,7.099999999999999,S2_FI_00000303,2024-06-11,1.0,92.85382,40.4119035412668,176.285801192764,,,35VLL,S2B_MSIL2A_20240611T100559_R022_T35VLL_20240611T141826,,18.0,11.199999999999998,,77.0,7.0,2.0,0.0,4300.0,,47.0,7.099999999999999,0.2,Rakkolanjoki rajav 001,,Lappeenranta,,,,,,,,
FI_00000304,10959,10959,2023-02-07,60.88604954782883,28.38676484545685,,,,4300.0,,47.0,7.099999999999999,S2_FI_00000304,2024-07-16,0.0,56.813735,42.3611995297285,174.156276629229,,,35VLL,S2A_MSIL2A_20240716T100601_R022_T35VLL_20240716T154921,,18.0,11.199999999999998,,77.0,7.0,2.0,0.0,4300.0,,47.0,7.099999999999999,0.2,Rakkolanjoki rajav 001,,Lappeenranta,,,,,,,,
FI_00000305,10959,10959,2023-02-07,60.88604954782883,28.38676484545685,,,,4300.0,,47.0,7.099999999999999,S2_FI_00000305,2024-08-12,0.0,41.853479,48.9606431283179,171.756656541971,,,35VLL,S2A_MSIL2A_20240812T100031_R122_T35VLL_20240812T140649,,18.0,11.199999999999998,,77.0,7.0,2.0,0.0,4300.0,,47.0,7.099999999999999,0.2,Rakkolanjoki rajav 001,,Lappeenranta,,,,,,,,
FI_00000306,10959,10959,2023-03-01,60.88604954782883,28.38676484545685,,,,5100.0,,42.0,4.8,S2_FI_00000306,2024-08-29,0.0,61.839622,54.6941160224062,170.447755861399,,,35VLL,S2A_MSIL2A_20240829T095031_R079_T35VLL_20240829T134149,,23.0,11.1,,77.0,7.0,4.55,0.6,5100.0,,42.0,4.8,0.6,Rakkolanjoki rajav 001,,Lappeenranta,,,,,,,,
FI_00000307,10959,10959,2023-03-01,60.88604954782883,28.38676484545685,,,,5100.0,,42.0,4.8,S2_FI_00000307,2024-09-11,1.0,88.8987,59.3040646163037,175.002472899155,,,35VLL,S2A_MSIL2A_20240911T100021_R122_T35VLL_20240911T143249,,23.0,11.1,,77.0,7.0,4.55,0.6,5100.0,,42.0,4.8,0.6,Rakkolanjoki rajav 001,,Lappeenranta,,,,,,,,
FI_00000308,10959,10959,2023-03-01,60.88604954782883,28.38676484545685,,,,5100.0,,42.0,4.8,S2_FI_00000308,2024-09-23,0.0,100.0,63.9940881469187,173.615529793792,,,35VLL,S2B_MSIL2A_20240923T095029_R079_T35VLL_20240923T110403,,23.0,11.1,,77.0,7.0,4.55,0.6,5100.0,,42.0,4.8,0.6,Rakkolanjoki rajav 001,,Lappeenranta,,,,,,,,
FI_00000309,10959,10959,2023-03-01,60.88604954782883,28.38676484545685,,,,5100.0,,42.0,4.8,S2_FI_00000309,2024-10-08,0.0,99.999923,69.7389994731502,175.189939169166,,,35VLL,S2A_MSIL2A_20241008T095031_R079_T35VLL_20241008T124449,,23.0,11.1,,77.0,7.0,4.55,0.6,5100.0,,42.0,4.8,0.6,Rakkolanjoki rajav 001,,Lappeenranta,,,,,,,,
FI_00000310,10959,10959,2023-03-01,60.88604954782883,28.38676484545685,,,,5100.0,,42.0,4.8,S2_FI_00000310,2024-10-21,1.0,99.82605,74.4559953053096,178.658836533666,,,35VLL,S2A_MSIL2A_20241021T100041_R122_T35VLL_20241021T123351,,23.0,11.1,,77.0,7.0,4.55,0.6,5100.0,,42.0,4.8,0.6,Rakkolanjoki rajav 001,,Lappeenranta,,,,,,,,
FI_00000311,10959,10959,2023-03-01,60.88604954782883,28.38676484545685,,,,5100.0,,42.0,4.8,S2_FI_00000311,2024-11-07,0.0,100.0,80.034340030874,176.480721188125,,,35VLL,S2A_MSIL2A_20241107T095211_R079_T35VLL_20241107T110251,,23.0,11.1,,77.0,7.0,4.55,0.6,5100.0,,42.0,4.8,0.6,Rakkolanjoki rajav 001,,Lappeenranta,,,,,,,,
FI_00000312,10959,10959,2023-03-13,60.88604954782883,28.38676484545685,,,,5500.0,,50.0,3.4,S2_FI_00000312,2024-11-25,1.0,99.998826,84.3984840757868,178.173384872921,,,35VLL,S2B_MSIL2A_20241125T100249_R122_T35VLL_20241125T112426,,24.100000000000005,8.8,,60.0,7.0,2.2,0.3,5500.0,,50.0,3.4,0.5,Rakkolanjoki rajav 001,,Lappeenranta,,,,,,,,
FI_00000314,10959,10959,2023-03-13,60.88604954782883,28.38676484545685,,,,5500.0,,50.0,3.4,S2_FI_00000314,2023-03-01,1.0,0.58715,67.8086315454645,171.720194222303,,,35VLG,S2A_MSIL2A_20230301T100021_R122_T35VLG_20240821T023929,,24.100000000000005,8.8,,60.0,7.0,2.2,0.3,5500.0,,50.0,3.4,0.5,Rakkolanjoki rajav 001,,Lappeenranta,,,,,,,,
FI_00000315,10959,10959,2023-03-13,60.88604954782883,28.38676484545685,,,,5500.0,,50.0,3.4,S2_FI_00000315,2023-07-26,2.0,55.927408,40.9589602160706,167.370304673322,,,35VLG,S2A_MSIL2A_20230726T095031_R079_T35VLG_20241018T154701,,24.100000000000005,8.8,,60.0,7.0,2.2,0.3,5500.0,,50.0,3.4,0.5,Rakkolanjoki rajav 001,,Lappeenranta,,,,,,,,
FI_00000316,10959,10959,2023-03-13,60.88604954782883,28.38676484545685,,,,5500.0,,50.0,3.4,S2_FI_00000316,2023-08-23,1.0,78.313863,48.6249007013776,173.07635248874,,,35VLG,S2B_MSIL2A_20230823T095559_R122_T35VLG_20241019T191513,,24.100000000000005,8.8,,60.0,7.0,2.2,0.3,5500.0,,50.0,3.4,0.5,Rakkolanjoki rajav 001,,Lappeenranta,,,,,,,,
FI_00000317,10959,10959,2023-03-13,60.88604954782883,28.38676484545685,,,,5500.0,,50.0,3.4,S2_FI_00000317,2023-01-22,3.0,98.994458,83.3818955037044,173.776271217749,,,35VNL,S2B_MSIL2A_20230122T095219_R079_T35VNL_20230123T184844,,24.100000000000005,8.8,,60.0,7.0,2.2,0.3,5500.0,,50.0,3.4,0.5,Rakkolanjoki rajav 001,,Lappeenranta,,,,,,,,
FI_00000318,10959,10959,2023-04-04,60.88604954782883,28.38676484545685,4.0,,,3400.0,,59.0,14.0,S2_FI_00000318,2023-02-21,0.0,46.015152,74.3158994152844,172.752110698445,,,35VNL,S2B_MSIL2A_20230221T095029_R079_T35VNL_20230226T092858,4.0,16.0,11.6,,80.0,6.900000000000001,12.2,0.1,3400.0,,59.0,14.0,0.2,Rakkolanjoki rajav 001,,Lappeenranta,,,,,,,,
FI_00000319,10959,10959,2023-04-04,60.88604954782883,28.38676484545685,4.0,,,3400.0,,59.0,14.0,S2_FI_00000319,2023-03-08,0.0,85.054183,68.6184256032354,173.127435561169,,,35VNL,S2A_MSIL2A_20230308T095031_R079_T35VNL_20240822T165158,4.0,16.0,11.6,,80.0,6.900000000000001,12.2,0.1,3400.0,,59.0,14.0,0.2,Rakkolanjoki rajav 001,,Lappeenranta,,,,,,,,
FI_00000320,10959,10959,2023-04-04,60.88604954782883,28.38676484545685,4.0,,,3400.0,,59.0,14.0,S2_FI_00000320,2023-04-02,1.0,35.668737,58.7258266890943,174.6394665671,,,35VNL,S2B_MSIL2A_20230402T095039_R079_T35VNL_20240829T005541,4.0,16.0,11.6,,80.0,6.900000000000001,12.2,0.1,3400.0,,59.0,14.0,0.2,Rakkolanjoki rajav 001,,Lappeenranta,,,,,,,,
FI_00000321,10959,10959,2023-04-04,60.88604954782883,28.38676484545685,4.0,,,3400.0,,59.0,14.0,S2_FI_00000321,2023-04-12,1.0,65.115058,54.9447887027473,175.281087366781,,,35VNL,S2B_MSIL2A_20230412T095029_R079_T35VNL_20240828T091729,4.0,16.0,11.6,,80.0,6.900000000000001,12.2,0.1,3400.0,,59.0,14.0,0.2,Rakkolanjoki rajav 001,,Lappeenranta,,,,,,,,
FI_00000322,10959,10959,2023-04-04,60.88604954782883,28.38676484545685,4.0,,,3400.0,,59.0,14.0,S2_FI_00000322,2023-04-17,1.0,21.60967,53.1402871734971,175.564439853304,,,35VNL,S2A_MSIL2A_20230417T095031_R079_T35VNL_20240902T191342,4.0,16.0,11.6,,80.0,6.900000000000001,12.2,0.1,3400.0,,59.0,14.0,0.2,Rakkolanjoki rajav 001,,Lappeenranta,,,,,,,,
FI_00000323,10959,10959,2023-04-04,60.88604954782883,28.38676484545685,4.0,,,3400.0,,59.0,14.0,S2_FI_00000323,2023-04-24,0.0,99.994439,50.8514435839859,172.77430685371,,,35VNL,S2A_MSIL2A_20230424T094031_R036_T35VNL_20240831T183412,4.0,16.0,11.6,,80.0,6.900000000000001,12.2,0.1,3400.0,,59.0,14.0,0.2,Rakkolanjoki rajav 001,,Lappeenranta,,,,,,,,
FI_00000324,10959,10959,2023-05-03,60.88604954782883,28.38676484545685,,,,2300.0,,56.0,11.0,S2_FI_00000324,2023-05-04,0.0,96.722823,47.7313118550166,172.986085239774,,,35VNL,S2A_MSIL2A_20230504T094031_R036_T35VNL_20230504T163452,,10.699999999999998,10.5,,88.0,6.900000000000001,9.2,7.7,2300.0,,56.0,11.0,0.5,Rakkolanjoki rajav 001,,Lappeenranta,,,,,,,,
FI_00000325,10959,10959,2023-05-03,60.88604954782883,28.38676484545685,,,,2300.0,,56.0,11.0,S2_FI_00000325,2023-05-12,1.0,30.517578,45.4513637275911,176.297764153049,,,35VNL,S2B_MSIL2A_20230512T094549_R079_T35VNL_20230512T141912,,10.699999999999998,10.5,,88.0,6.900000000000001,9.2,7.7,2300.0,,56.0,11.0,0.5,Rakkolanjoki rajav 001,,Lappeenranta,,,,,,,,
FI_00000326,10959,10959,2023-05-03,60.88604954782883,28.38676484545685,,,,2300.0,,56.0,11.0,S2_FI_00000326,2023-05-14,1.0,51.865357,45.0641725440612,172.931421519494,,,35VNL,S2A_MSIL2A_20230514T094031_R036_T35VNL_20230514T235918,,10.699999999999998,10.5,,88.0,6.900000000000001,9.2,7.7,2300.0,,56.0,11.0,0.5,Rakkolanjoki rajav 001,,Lappeenranta,,,,,,,,
FI_00000327,10959,10959,2023-05-03,60.88604954782883,28.38676484545685,,,,2300.0,,56.0,11.0,S2_FI_00000327,2023-05-22,0.0,53.297395,43.2003469094765,176.10793084153,,,35VNL,S2B_MSIL2A_20230522T094549_R079_T35VNL_20230522T142444,,10.699999999999998,10.5,,88.0,6.900000000000001,9.2,7.7,2300.0,,56.0,11.0,0.5,Rakkolanjoki rajav 001,,Lappeenranta,,,,,,,,
FI_00000328,10959,10959,2023-05-03,60.88604954782883,28.38676484545685,,,,2300.0,,56.0,11.0,S2_FI_00000328,2023-05-29,0.0,75.286824,42.0872938162896,172.33424162877,,,35VNL,S2B_MSIL2A_20230529T093549_R036_T35VNL_20240907T010044,,10.699999999999998,10.5,,88.0,6.900000000000001,9.2,7.7,2300.0,,56.0,11.0,0.5,Rakkolanjoki rajav 001,,Lappeenranta,,,,,,,,
FI_00000329,10959,10959,2023-05-03,60.88604954782883,28.38676484545685,,,,2300.0,,56.0,11.0,S2_FI_00000329,2023-06-13,0.0,93.430197,40.5357593590666,171.24877523802,,,35VNL,S2A_MSIL2A_20230613T094041_R036_T35VNL_20240927T204801,,10.699999999999998,10.5,,88.0,6.900000000000001,9.2,7.7,2300.0,,56.0,11.0,0.5,Rakkolanjoki rajav 001,,Lappeenranta,,,,,,,,
FI_00000330,10959,10959,2023-05-16,60.88604954782883,28.38676484545685,41.0,,,2700.0,,65.0,16.0,S2_FI_00000330,2023-07-21,1.0,99.976236,43.2027678841766,172.760357942064,,,35VNL,S2B_MSIL2A_20230721T094549_R079_T35VNL_20241019T210836,41.0,16.0,8.6,,83.0,7.5,17.0,13.800000000000002,2700.0,,65.0,16.0,0.2,Rakkolanjoki rajav 001,,Lappeenranta,,,,,,,,
FI_00000331,10959,10959,2023-05-16,60.88604954782883,28.38676484545685,41.0,,,2700.0,,65.0,16.0,S2_FI_00000331,2023-08-02,0.0,93.454546,46.0667048026548,169.732046286537,,,35VNL,S2A_MSIL2A_20230802T094041_R036_T35VNL_20241026T134447,41.0,16.0,8.6,,83.0,7.5,17.0,13.800000000000002,2700.0,,65.0,16.0,0.2,Rakkolanjoki rajav 001,,Lappeenranta,,,,,,,,
FI_00000332,10959,10959,2023-05-16,60.88604954782883,28.38676484545685,41.0,,,2700.0,,65.0,16.0,S2_FI_00000332,2023-08-22,1.0,47.103143,51.9656487363707,171.397259321136,,,35VNL,S2A_MSIL2A_20230822T094041_R036_T35VNL_20241019T021144,41.0,16.0,8.6,,83.0,7.5,17.0,13.800000000000002,2700.0,,65.0,16.0,0.2,Rakkolanjoki rajav 001,,Lappeenranta,,,,,,,,
FI_00000333,10959,10959,2023-05-16,60.88604954782883,28.38676484545685,41.0,,,2700.0,,65.0,16.0,S2_FI_00000333,2023-09-06,1.0,24.591975,57.222539330861,173.15489954782,,,35VNL,S2B_MSIL2A_20230906T093549_R036_T35VNL_20241029T123722,41.0,16.0,8.6,,83.0,7.5,17.0,13.800000000000002,2700.0,,65.0,16.0,0.2,Rakkolanjoki rajav 001,,Lappeenranta,,,,,,,,
FI_00000334,10959,10959,2023-05-16,60.88604954782883,28.38676484545685,41.0,,,2700.0,,65.0,16.0,S2_FI_00000334,2023-09-19,1.0,79.483247,62.0495341580554,177.558404311986,,,35VNL,S2B_MSIL2A_20230919T094659_R079_T35VNL_20241105T173809,41.0,16.0,8.6,,83.0,7.5,17.0,13.800000000000002,2700.0,,65.0,16.0,0.2,Rakkolanjoki rajav 001,,Lappeenranta,,,,,,,,
FI_00000335,10959,10959,2023-05-16,60.88604954782883,28.38676484545685,41.0,,,2700.0,,65.0,16.0,S2_FI_00000335,2023-10-04,1.0,99.999994,67.8578160684409,179.039726043489,,,35VNL,S2A_MSIL2A_20231004T095031_R079_T35VNL_20231004T161756,41.0,16.0,8.6,,83.0,7.5,17.0,13.800000000000002,2700.0,,65.0,16.0,0.2,Rakkolanjoki rajav 001,,Lappeenranta,,,,,,,,
FI_00000336,10959,10959,2023-06-07,60.88604954782883,28.38676484545685,53.0,,,2400.0,,86.0,23.0,S2_FI_00000336,2023-10-16,0.0,99.447143,72.4166022615491,177.319455717879,,,35VNL,S2B_MSIL2A_20231016T093909_R036_T35VNL_20241106T161339,53.0,23.0,8.8,,88.0,7.7,26.5,15.300000000000002,2400.0,,86.0,23.0,0.3,Rakkolanjoki rajav 001,,Lappeenranta,,,,,,,,
FI_00000337,10959,10959,2023-06-07,60.88604954782883,28.38676484545685,53.0,,,2400.0,,86.0,23.0,S2_FI_00000337,2023-11-03,1.0,97.351223,78.5705533451753,180.406629424421,,,35VNL,S2A_MSIL2A_20231103T095151_R079_T35VNL_20231103T120928,53.0,23.0,8.8,,88.0,7.7,26.5,15.300000000000002,2400.0,,86.0,23.0,0.3,Rakkolanjoki rajav 001,,Lappeenranta,,,,,,,,
FI_00000338,10959,10959,2023-06-07,60.88604954782883,28.38676484545685,53.0,,,2400.0,,86.0,23.0,S2_FI_00000338,2023-11-15,2.0,99.18412,82.0136723711062,177.777281361766,,,35VNL,S2B_MSIL2A_20231115T094159_R036_T35VNL_20241107T082022,53.0,23.0,8.8,,88.0,7.7,26.5,15.300000000000002,2400.0,,86.0,23.0,0.3,Rakkolanjoki rajav 001,,Lappeenranta,,,,,,,,
FI_00000341,10959,10959,2023-06-07,60.88604954782883,28.38676484545685,53.0,,,2400.0,,86.0,23.0,S2_FI_00000341,2024-02-28,1.0,89.940184,71.9697258450365,170.272018598912,,,35VNL,S2A_MSIL2A_20240228T094031_R036_T35VNL_20240228T131407,53.0,23.0,8.8,,88.0,7.7,26.5,15.300000000000002,2400.0,,86.0,23.0,0.3,Rakkolanjoki rajav 001,,Lappeenranta,,,,,,,,
FI_00000342,10959,10959,2023-07-03,60.88604954782883,28.38676484545685,,,,1100.0,,210.0,37.0,S2_FI_00000342,2024-03-12,1.0,0.363934,66.7363856213223,173.369093073278,,,35VNL,S2A_MSIL2A_20240312T095031_R079_T35VNL_20240313T154645,,22.8,6.2,,67.0,7.7,34.0,18.9,1100.0,,210.0,37.0,0.5,Rakkolanjoki rajav 001,,Lappeenranta,,,,,,,,
FI_00000343,10959,10959,2023-07-03,60.88604954782883,28.38676484545685,,,,1100.0,,210.0,37.0,S2_FI_00000343,2024-04-03,0.0,100.0,58.1815440024503,171.816353299728,,,35VNL,S2B_MSIL2A_20240403T093549_R036_T35VNL_20240403T123003,,22.8,6.2,,67.0,7.7,34.0,18.9,1100.0,,210.0,37.0,0.5,Rakkolanjoki rajav 001,,Lappeenranta,,,,,,,,
FI_00000344,10959,10959,2023-07-03,60.88604954782883,28.38676484545685,,,,1100.0,,210.0,37.0,S2_FI_00000344,2024-04-11,1.0,87.743706,55.0323397585235,175.262774224836,,,35VNL,S2A_MSIL2A_20240411T095031_R079_T35VNL_20240411T155418,,22.8,6.2,,67.0,7.7,34.0,18.9,1100.0,,210.0,37.0,0.5,Rakkolanjoki rajav 001,,Lappeenranta,,,,,,,,
FI_00000345,10959,10959,2023-07-03,60.88604954782883,28.38676484545685,,,,1100.0,,210.0,37.0,S2_FI_00000345,2024-04-18,0.0,16.84351,52.6368266319043,172.599892030135,,,35VNL,S2A_MSIL2A_20240418T094031_R036_T35VNL_20240418T185937,,22.8,6.2,,67.0,7.7,34.0,18.9,1100.0,,210.0,37.0,0.5,Rakkolanjoki rajav 001,,Lappeenranta,,,,,,,,
FI_00000346,10959,10959,2023-07-03,60.88604954782883,28.38676484545685,,,,1100.0,,210.0,37.0,S2_FI_00000346,2024-04-26,1.0,99.486005,49.8418162181686,176.017164868116,,,35VNL,S2B_MSIL2A_20240426T094549_R079_T35VNL_20240426T131332,,22.8,6.2,,67.0,7.7,34.0,18.9,1100.0,,210.0,37.0,0.5,Rakkolanjoki rajav 001,,Lappeenranta,,,,,,,,
FI_00000347,10959,10959,2023-07-03,60.88604954782883,28.38676484545685,,,,1100.0,,210.0,37.0,S2_FI_00000347,2024-05-01,1.0,36.596194,48.287875830915,176.195052486046,,,35VNL,S2A_MSIL2A_20240501T095031_R079_T35VNL_20240501T151817,,22.8,6.2,,67.0,7.7,34.0,18.9,1100.0,,210.0,37.0,0.5,Rakkolanjoki rajav 001,,Lappeenranta,,,,,,,,
FI_00000348,10959,10959,2023-07-04,60.88604954782883,28.38676484545685,73.0,,,1700.0,,150.0,41.0,S2_FI_00000348,2024-05-06,1.0,98.411685,46.8412041093749,176.271714772926,,,35VNL,S2B_MSIL2A_20240506T094549_R079_T35VNL_20240506T131841,73.0,23.0,7.0,,76.0,7.400000000000001,40.0,19.3,1700.0,,150.0,41.0,0.2,Rakkolanjoki rajav 001,,Lappeenranta,,,,,,,,
FI_00000349,10959,10959,2023-07-04,60.88604954782883,28.38676484545685,73.0,,,1700.0,,150.0,41.0,S2_FI_00000349,2024-05-13,0.0,92.257625,45.1221292027126,172.931240609861,,,35VNL,S2B_MSIL2A_20240513T093549_R036_T35VNL_20240513T124227,73.0,23.0,7.0,,76.0,7.400000000000001,40.0,19.3,1700.0,,150.0,41.0,0.2,Rakkolanjoki rajav 001,,Lappeenranta,,,,,,,,
FI_00000350,10959,10959,2023-07-04,60.88604954782883,28.38676484545685,73.0,,,1700.0,,150.0,41.0,S2_FI_00000350,2024-05-21,1.0,22.743793,43.2491190342509,176.09341326695,,,35VNL,S2A_MSIL2A_20240521T095031_R079_T35VNL_20240521T144344,73.0,23.0,7.0,,76.0,7.400000000000001,40.0,19.3,1700.0,,150.0,41.0,0.2,Rakkolanjoki rajav 001,,Lappeenranta,,,,,,,,
FI_00000351,10959,10959,2023-07-04,60.88604954782883,28.38676484545685,73.0,,,1700.0,,150.0,41.0,S2_FI_00000351,2024-05-28,0.0,18.780963,42.1257430233445,172.34269383806,,,35VNL,S2A_MSIL2A_20240528T094031_R036_T35VNL_20240528T142335,73.0,23.0,7.0,,76.0,7.400000000000001,40.0,19.3,1700.0,,150.0,41.0,0.2,Rakkolanjoki rajav 001,,Lappeenranta,,,,,,,,
FI_00000352,10959,10959,2023-07-04,60.88604954782883,28.38676484545685,73.0,,,1700.0,,150.0,41.0,S2_FI_00000352,2024-06-10,1.0,98.188758,40.5384041666097,174.957006121517,,,35VNL,S2A_MSIL2A_20240610T095031_R079_T35VNL_20240610T131729,73.0,23.0,7.0,,76.0,7.400000000000001,40.0,19.3,1700.0,,150.0,41.0,0.2,Rakkolanjoki rajav 001,,Lappeenranta,,,,,,,,
FI_00000353,10959,10959,2023-07-04,60.88604954782883,28.38676484545685,73.0,,,1700.0,,150.0,41.0,S2_FI_00000353,2024-06-30,1.0,65.56955,40.5238229541652,173.444543659794,,,35VNL,S2A_MSIL2A_20240630T095031_R079_T35VNL_20240701T192404,73.0,23.0,7.0,,76.0,7.400000000000001,40.0,19.3,1700.0,,150.0,41.0,0.2,Rakkolanjoki rajav 001,,Lappeenranta,,,,,,,,
FI_00000354,10959,10959,2023-07-31,60.88604954782883,28.38676484545685,,,,1100.0,,200.0,49.0,S2_FI_00000354,2024-07-30,1.0,90.972102,45.3417509527118,172.926581139281,,,35VNL,S2A_MSIL2A_20240730T095031_R079_T35VNL_20240730T155453,,24.100000000000005,8.0,,85.0,7.8,43.0,18.4,1100.0,,200.0,49.0,0.5,Rakkolanjoki rajav 001,,Lappeenranta,,,,,,,,
FI_00000355,10959,10959,2023-07-31,60.88604954782883,28.38676484545685,,,,1100.0,,200.0,49.0,S2_FI_00000355,2024-08-19,0.0,86.385715,51.0938658133584,174.248644573321,,,35VNL,S2A_MSIL2A_20240819T095031_R079_T35VNL_20240819T143207,,24.100000000000005,8.0,,85.0,7.8,43.0,18.4,1100.0,,200.0,49.0,0.5,Rakkolanjoki rajav 001,,Lappeenranta,,,,,,,,
FI_00000356,10959,10959,2023-07-31,60.88604954782883,28.38676484545685,,,,1100.0,,200.0,49.0,S2_FI_00000356,2024-09-03,0.0,81.092107,56.2980233189685,175.838717212412,,,35VNL,S2B_MSIL2A_20240903T094549_R079_T35VNL_20240903T121539,,24.100000000000005,8.0,,85.0,7.8,43.0,18.4,1100.0,,200.0,49.0,0.5,Rakkolanjoki rajav 001,,Lappeenranta,,,,,,,,
FI_00000357,10959,10959,2023-07-31,60.88604954782883,28.38676484545685,,,,1100.0,,200.0,49.0,S2_FI_00000357,2024-09-23,4.0,100.0,63.8902925531491,178.043607307598,,,35VNL,S2B_MSIL2A_20240923T095029_R079_T35VNL_20240923T110403,,24.100000000000005,8.0,,85.0,7.8,43.0,18.4,1100.0,,200.0,49.0,0.5,Rakkolanjoki rajav 001,,Lappeenranta,,,,,,,,
FI_00000358,10959,10959,2023-07-31,60.88604954782883,28.38676484545685,,,,1100.0,,200.0,49.0,S2_FI_00000358,2024-10-03,1.0,52.289277,67.765473846341,179.01698941572,,,35VNL,S2B_MSIL2A_20241003T095029_R079_T35VNL_20241003T125412,,24.100000000000005,8.0,,85.0,7.8,43.0,18.4,1100.0,,200.0,49.0,0.5,Rakkolanjoki rajav 001,,Lappeenranta,,,,,,,,
FI_00000359,10959,10959,2023-07-31,60.88604954782883,28.38676484545685,,,,1100.0,,200.0,49.0,S2_FI_00000359,2024-10-18,1.0,95.442635,73.3982660190975,180.039536012371,,,35VNL,S2A_MSIL2A_20241018T095031_R079_T35VNL_20241018T110847,,24.100000000000005,8.0,,85.0,7.8,43.0,18.4,1100.0,,200.0,49.0,0.5,Rakkolanjoki rajav 001,,Lappeenranta,,,,,,,,
FI_00000360,10959,10959,2023-08-01,60.88604954782883,28.38676484545685,87.0,,,1800.0,,220.0,68.0,S2_FI_00000360,2024-10-30,0.0,91.444832,77.5509174772303,177.92004411568,,,35VNL,S2B_MSIL2A_20241030T094029_R036_T35VNL_20241030T111154,87.0,24.0,7.400000000000001,,81.0,7.900000000000001,70.0,19.5,1800.0,,220.0,68.0,0.2,Rakkolanjoki rajav 001,,Lappeenranta,,,,,,,,
FI_00000361,10959,10959,2023-08-01,60.88604954782883,28.38676484545685,87.0,,,1800.0,,220.0,68.0,S2_FI_00000361,2024-11-19,1.0,96.73475,83.1697404125217,177.575331790034,,,35VNL,S2B_MSIL2A_20241119T094209_R036_T35VNL_20241119T111954,87.0,24.0,7.400000000000001,,81.0,7.900000000000001,70.0,19.5,1800.0,,220.0,68.0,0.2,Rakkolanjoki rajav 001,,Lappeenranta,,,,,,,,
FI_00000364,10959,10959,2023-08-01,60.88604954782883,28.38676484545685,87.0,,,1800.0,,220.0,68.0,S2_FI_00000364,2023-02-13,0.0,58.618623,78.168477968186,170.300467709285,,,35WNM,S2A_MSIL2A_20230213T094111_R036_T35WNM_20230213T181131,87.0,24.0,7.400000000000001,,81.0,7.900000000000001,70.0,19.5,1800.0,,220.0,68.0,0.2,Rakkolanjoki rajav 001,,Lappeenranta,,,,,,,,
FI_00000365,10959,10959,2023-08-01,60.88604954782883,28.38676484545685,87.0,,,1800.0,,220.0,68.0,S2_FI_00000365,2023-03-23,1.0,95.392704,63.5526394435597,173.996313208435,,,35WNM,S2B_MSIL2A_20230323T095029_R079_T35WNM_20240830T065439,87.0,24.0,7.400000000000001,,81.0,7.900000000000001,70.0,19.5,1800.0,,220.0,68.0,0.2,Rakkolanjoki rajav 001,,Lappeenranta,,,,,,,,
FI_00000366,10959,10959,2023-09-05,60.88604954782883,28.38676484545685,67.0,,,850.0,,150.0,42.0,S2_FI_00000366,2023-04-19,0.0,100.0,53.444512873556,172.661468262651,,,35WNM,S2B_MSIL2A_20230419T094029_R036_T35WNM_20240905T044627,67.0,27.0,6.8,,70.0,7.400000000000001,45.5,16.9,850.0,,150.0,42.0,0.2,Rakkolanjoki rajav 001,,Lappeenranta,,,,,,,,
FI_00000367,10959,10959,2023-09-05,60.88604954782883,28.38676484545685,67.0,,,850.0,,150.0,42.0,S2_FI_00000367,2023-05-04,0.0,99.180949,48.6228594725704,173.052969158327,,,35WNM,S2A_MSIL2A_20230504T094031_R036_T35WNM_20230504T163134,67.0,27.0,6.8,,70.0,7.400000000000001,45.5,16.9,850.0,,150.0,42.0,0.2,Rakkolanjoki rajav 001,,Lappeenranta,,,,,,,,
FI_00000368,10959,10959,2023-09-05,60.88604954782883,28.38676484545685,67.0,,,850.0,,150.0,42.0,S2_FI_00000368,2023-06-06,1.0,64.73332,41.8419193665273,175.34181032817,,,35WNM,S2A_MSIL2A_20230606T095031_R079_T35WNM_20240928T023512,67.0,27.0,6.8,,70.0,7.400000000000001,45.5,16.9,850.0,,150.0,42.0,0.2,Rakkolanjoki rajav 001,,Lappeenranta,,,,,,,,
FI_00000369,10959,10959,2023-09-05,60.88604954782883,28.38676484545685,67.0,,,850.0,,150.0,42.0,S2_FI_00000369,2023-07-31,0.0,29.860821,46.2932619214166,173.019738581348,,,35WNM,S2B_MSIL2A_20230731T094549_R079_T35WNM_20241029T195507,67.0,27.0,6.8,,70.0,7.400000000000001,45.5,16.9,850.0,,150.0,42.0,0.2,Rakkolanjoki rajav 001,,Lappeenranta,,,,,,,,
FI_00000370,10959,10959,2023-09-05,60.88604954782883,28.38676484545685,67.0,,,850.0,,150.0,42.0,S2_FI_00000370,2023-08-30,0.0,43.861532,55.4792405529028,175.341604324085,,,35WNM,S2B_MSIL2A_20230830T094549_R079_T35WNM_20241022T104510,67.0,27.0,6.8,,70.0,7.400000000000001,45.5,16.9,850.0,,150.0,42.0,0.2,Rakkolanjoki rajav 001,,Lappeenranta,,,,,,,,
FI_00000371,10959,10959,2023-09-05,60.88604954782883,28.38676484545685,67.0,,,850.0,,150.0,42.0,S2_FI_00000371,2023-09-24,1.0,92.226928,64.8822700479198,178.073359295562,,,35WNM,S2A_MSIL2A_20230924T095031_R079_T35WNM_20241027T021934,67.0,27.0,6.8,,70.0,7.400000000000001,45.5,16.9,850.0,,150.0,42.0,0.2,Rakkolanjoki rajav 001,,Lappeenranta,,,,,,,,
FI_00000372,10959,10959,2023-10-03,60.88604954782883,28.38676484545685,73.0,,,1800.0,,99.0,14.0,S2_FI_00000372,2023-10-09,0.0,59.890139,70.6679502035239,179.420209088832,,,35WNM,S2B_MSIL2A_20231009T094819_R079_T35WNM_20231009T142154,73.0,22.0,8.1,,77.0,7.599999999999999,27.0,13.199999999999998,1800.0,,99.0,14.0,0.3,Rakkolanjoki rajav 001,,Lappeenranta,,,,,,,,
FI_00000373,10959,10959,2023-10-03,60.88604954782883,28.38676484545685,73.0,,,1800.0,,99.0,14.0,S2_FI_00000373,2023-11-08,1.0,87.678462,80.9768230534018,180.354008993309,,,35WNM,S2B_MSIL2A_20231108T095129_R079_T35WNM_20241107T005008,73.0,22.0,8.1,,77.0,7.599999999999999,27.0,13.199999999999998,1800.0,,99.0,14.0,0.3,Rakkolanjoki rajav 001,,Lappeenranta,,,,,,,,
FI_00000376,10959,10959,2023-10-03,60.88604954782883,28.38676484545685,73.0,,,1800.0,,99.0,14.0,S2_FI_00000376,2024-02-06,1.0,6.90246,80.3320761214981,172.949609618375,,,35WNM,S2B_MSIL2A_20240206T095109_R079_T35WNM_20240206T123650,73.0,22.0,8.1,,77.0,7.599999999999999,27.0,13.199999999999998,1800.0,,99.0,14.0,0.3,Rakkolanjoki rajav 001,,Lappeenranta,,,,,,,,
FI_00000377,10959,10959,2023-10-03,60.88604954782883,28.38676484545685,73.0,,,1800.0,,99.0,14.0,S2_FI_00000377,2024-03-24,1.0,79.863268,62.993853746215,171.305264623848,,,35WNM,S2B_MSIL2A_20240324T093639_R036_T35WNM_20240324T124819,73.0,22.0,8.1,,77.0,7.599999999999999,27.0,13.199999999999998,1800.0,,99.0,14.0,0.3,Rakkolanjoki rajav 001,,Lappeenranta,,,,,,,,
FI_00000378,10959,10959,2023-10-23,60.88604954782883,28.38676484545685,,,,2100.0,,61.0,9.2,S2_FI_00000378,2024-04-21,1.0,98.422486,52.3854059966386,175.850740537845,,,35WNM,S2A_MSIL2A_20240421T095031_R079_T35WNM_20240421T151358,,17.5,11.199999999999998,,84.0,7.3,5.8,3.2000000000000006,2100.0,,61.0,9.2,0.5,Rakkolanjoki rajav 001,,Lappeenranta,,,,,,,,
FI_00000379,10959,10959,2023-10-23,60.88604954782883,28.38676484545685,,,,2100.0,,61.0,9.2,S2_FI_00000379,2024-05-21,1.0,14.301962,44.1446437610377,176.12601648523,,,35WNM,S2A_MSIL2A_20240521T095031_R079_T35WNM_20240521T144355,,17.5,11.199999999999998,,84.0,7.3,5.8,3.2000000000000006,2100.0,,61.0,9.2,0.5,Rakkolanjoki rajav 001,,Lappeenranta,,,,,,,,
FI_00000380,10959,10959,2023-10-23,60.88604954782883,28.38676484545685,,,,2100.0,,61.0,9.2,S2_FI_00000380,2024-06-17,0.0,52.898681,41.2496285862616,171.007057774822,,,35WNM,S2A_MSIL2A_20240617T094041_R036_T35WNM_20240617T160133,,17.5,11.199999999999998,,84.0,7.3,5.8,3.2000000000000006,2100.0,,61.0,9.2,0.5,Rakkolanjoki rajav 001,,Lappeenranta,,,,,,,,
FI_00000381,10959,10959,2023-10-23,60.88604954782883,28.38676484545685,,,,2100.0,,61.0,9.2,S2_FI_00000381,2024-07-02,1.0,69.097698,41.7194170971465,169.965213251062,,,35WNM,S2B_MSIL2A_20240702T093549_R036_T35WNM_20240702T131417,,17.5,11.199999999999998,,84.0,7.3,5.8,3.2000000000000006,2100.0,,61.0,9.2,0.5,Rakkolanjoki rajav 001,,Lappeenranta,,,,,,,,
FI_00000382,10959,10959,2023-10-23,60.88604954782883,28.38676484545685,,,,2100.0,,61.0,9.2,S2_FI_00000382,2024-08-06,0.0,33.823898,48.2116068065961,170.114138501279,,,35WNM,S2A_MSIL2A_20240806T094031_R036_T35WNM_20240806T115350,,17.5,11.199999999999998,,84.0,7.3,5.8,3.2000000000000006,2100.0,,61.0,9.2,0.5,Rakkolanjoki rajav 001,,Lappeenranta,,,,,,,,
FI_00000383,10959,10959,2023-10-23,60.88604954782883,28.38676484545685,,,,2100.0,,61.0,9.2,S2_FI_00000383,2024-09-08,4.0,15.465891,59.0446717936441,176.396560045266,,,35WNM,S2A_MSIL2A_20240908T095031_R079_T35WNM_20240908T131845,,17.5,11.199999999999998,,84.0,7.3,5.8,3.2000000000000006,2100.0,,61.0,9.2,0.5,Rakkolanjoki rajav 001,,Lappeenranta,,,,,,,,
FI_00000384,10959,10959,2023-11-01,60.88604954782883,28.38676484545685,,,,1900.0,,77.0,14.0,S2_FI_00000384,2024-10-10,0.0,99.746501,71.3658451774189,176.916703429959,,,35WNM,S2B_MSIL2A_20241010T094029_R036_T35WNM_20241010T120408,,15.0,10.4,,76.0,7.099999999999999,12.0,2.5,1900.0,,77.0,14.0,0.3,Rakkolanjoki rajav 001,,Lappeenranta,,,,,,,,
FI_00000385,10959,10959,2023-11-01,60.88604954782883,28.38676484545685,,,,1900.0,,77.0,14.0,S2_FI_00000385,2024-11-12,1.0,93.19182,82.3061813614781,180.206757397679,,,35WNM,S2B_MSIL2A_20241112T095139_R079_T35WNM_20241112T111710,,15.0,10.4,,76.0,7.099999999999999,12.0,2.5,1900.0,,77.0,14.0,0.3,Rakkolanjoki rajav 001,,Lappeenranta,,,,,,,,
FI_00000388,10959,10959,2023-11-01,60.88604954782883,28.38676484545685,,,,1900.0,,77.0,14.0,S2_FI_00000388,2023-02-22,0.0,0.71665,76.5082550472298,175.594120357022,,,35WMP,S2A_MSIL2A_20230222T101031_R022_T35WMP_20230223T050606,,15.0,10.4,,76.0,7.099999999999999,12.0,2.5,1900.0,,77.0,14.0,0.3,Rakkolanjoki rajav 001,,Lappeenranta,,,,,,,,
FI_00000389,10959,10959,2023-11-01,60.88604954782883,28.38676484545685,,,,1900.0,,77.0,14.0,S2_FI_00000389,2023-03-13,0.0,27.457729,69.4390302175693,171.116815944222,,,35WMP,S2B_MSIL2A_20230313T095039_R079_T35WMP_20240819T180634,,15.0,10.4,,76.0,7.099999999999999,12.0,2.5,1900.0,,77.0,14.0,0.3,Rakkolanjoki rajav 001,,Lappeenranta,,,,,,,,
FI_00000390,10959,10959,2023-12-12,60.88604954782883,28.38676484545685,,,,3600.0,,50.0,6.8,S2_FI_00000390,2023-04-03,0.0,48.438218,60.9472094100571,177.931490182322,,,35WMP,S2A_MSIL2A_20230403T100551_R022_T35WMP_20240825T000821,,23.0,11.1,,75.0,7.099999999999999,5.8,-0.3,3600.0,,50.0,6.8,0.3,Rakkolanjoki rajav 001,,Lappeenranta,,,,,,,,
FI_00000391,10959,10959,2023-12-12,60.88604954782883,28.38676484545685,,,,3600.0,,50.0,6.8,S2_FI_00000391,2023-04-18,0.0,81.552494,55.418274495474,179.02470101542,,,35WMP,S2B_MSIL2A_20230418T100559_R022_T35WMP_20230419T024825,,23.0,11.1,,75.0,7.099999999999999,5.8,-0.3,3600.0,,50.0,6.8,0.3,Rakkolanjoki rajav 001,,Lappeenranta,,,,,,,,
FI_00000392,10959,10959,2023-12-12,60.88604954782883,28.38676484545685,,,,3600.0,,50.0,6.8,S2_FI_00000392,2023-04-23,1.0,36.730027,53.7093316241514,179.307529194673,,,35WMP,S2A_MSIL2A_20230423T100551_R022_T35WMP_20230424T112210,,23.0,11.1,,75.0,7.099999999999999,5.8,-0.3,3600.0,,50.0,6.8,0.3,Rakkolanjoki rajav 001,,Lappeenranta,,,,,,,,
FI_00000393,10959,10959,2023-12-12,60.88604954782883,28.38676484545685,,,,3600.0,,50.0,6.8,S2_FI_00000393,2023-05-05,1.0,86.712974,50.0163695250481,176.69560220091,,,35WMP,S2B_MSIL2A_20230505T100029_R122_T35WMP_20230505T132836,,23.0,11.1,,75.0,7.099999999999999,5.8,-0.3,3600.0,,50.0,6.8,0.3,Rakkolanjoki rajav 001,,Lappeenranta,,,,,,,,
FI_00000394,10959,10959,2023-12-12,60.88604954782883,28.38676484545685,,,,3600.0,,50.0,6.8,S2_FI_00000394,2023-05-08,1.0,20.249398,49.1483609121113,179.885447792454,,,35WMP,S2B_MSIL2A_20230508T100559_R022_T35WMP_20230508T163258,,23.0,11.1,,75.0,7.099999999999999,5.8,-0.3,3600.0,,50.0,6.8,0.3,Rakkolanjoki rajav 001,,Lappeenranta,,,,,,,,
FI_00000395,10959,10959,2023-12-12,60.88604954782883,28.38676484545685,,,,3600.0,,50.0,6.8,S2_FI_00000395,2023-05-15,0.0,1.350974,47.3989417756392,176.737623769695,,,35WMP,S2B_MSIL2A_20230515T095559_R122_T35WMP_20230515T150940,,23.0,11.1,,75.0,7.099999999999999,5.8,-0.3,3600.0,,50.0,6.8,0.3,Rakkolanjoki rajav 001,,Lappeenranta,,,,,,,,
FI_00000396,10959,10959,2024-01-02,60.88604954782883,28.38676484545685,,,,4500.0,,51.0,6.8,S2_FI_00000396,2023-05-25,0.0,9.994021,45.316366031836,176.48231135932,,,35WMP,S2B_MSIL2A_20230525T095559_R122_T35WMP_20240908T101427,,24.2,11.199999999999998,,77.0,7.099999999999999,3.0,0.0,4500.0,,51.0,6.8,0.5,Rakkolanjoki rajav 001,,Lappeenranta,,,,,,,,
FI_00000397,10959,10959,2024-01-02,60.88604954782883,28.38676484545685,,,,4500.0,,51.0,6.8,S2_FI_00000397,2023-05-28,1.0,99.997967,44.7710378227964,179.642069183161,,,35WMP,S2B_MSIL2A_20230528T100559_R022_T35WMP_20240908T043144,,24.2,11.199999999999998,,77.0,7.099999999999999,3.0,0.0,4500.0,,51.0,6.8,0.5,Rakkolanjoki rajav 001,,Lappeenranta,,,,,,,,
FI_00000398,10959,10959,2024-01-02,60.88604954782883,28.38676484545685,,,,4500.0,,51.0,6.8,S2_FI_00000398,2023-06-06,0.0,66.064566,43.7266888908963,172.505217735483,,,35WMP,S2A_MSIL2A_20230606T095031_R079_T35WMP_20240928T023512,,24.2,11.199999999999998,,77.0,7.099999999999999,3.0,0.0,4500.0,,51.0,6.8,0.5,Rakkolanjoki rajav 001,,Lappeenranta,,,,,,,,
FI_00000399,10959,10959,2024-01-02,60.88604954782883,28.38676484545685,,,,4500.0,,51.0,6.8,S2_FI_00000399,2023-06-19,0.0,0.029718,42.8706278702786,174.901277374736,,,35WMP,S2A_MSIL2A_20230619T100031_R122_T35WMP_20240911T192325,,24.2,11.199999999999998,,77.0,7.099999999999999,3.0,0.0,4500.0,,51.0,6.8,0.5,Rakkolanjoki rajav 001,,Lappeenranta,,,,,,,,
FI_00000400,10959,10959,2024-01-02,60.88604954782883,28.38676484545685,,,,4500.0,,51.0,6.8,S2_FI_00000400,2023-07-04,0.0,99.133015,43.4442467113017,173.906893249224,,,35WMP,S2B_MSIL2A_20230704T095559_R122_T35WMP_20230704T142634,,24.2,11.199999999999998,,77.0,7.099999999999999,3.0,0.0,4500.0,,51.0,6.8,0.5,Rakkolanjoki rajav 001,,Lappeenranta,,,,,,,,
FI_00000401,10959,10959,2024-01-02,60.88604954782883,28.38676484545685,,,,4500.0,,51.0,6.8,S2_FI_00000401,2023-08-13,1.0,99.964672,51.6406558891981,174.226665238861,,,35WMP,S2B_MSIL2A_20230813T095559_R122_T35WMP_20241015T114308,,24.2,11.199999999999998,,77.0,7.099999999999999,3.0,0.0,4500.0,,51.0,6.8,0.5,Rakkolanjoki rajav 001,,Lappeenranta,,,,,,,,
FI_00000402,10959,10959,2024-01-10,60.88604954782883,28.38676484545685,,,,4700.0,,52.0,5.8,S2_FI_00000402,2023-08-28,0.0,97.010493,56.5584939149915,175.537097491304,,,35WMP,S2A_MSIL2A_20230828T100031_R122_T35WMP_20241018T065117,,25.0,10.6,,73.0,7.0,5.8,0.1,4700.0,,52.0,5.8,0.2,Rakkolanjoki rajav 001,,Lappeenranta,,,,,,,,
FI_00000403,10959,10959,2024-01-10,60.88604954782883,28.38676484545685,,,,4700.0,,52.0,5.8,S2_FI_00000403,2023-09-12,0.0,99.899799,62.0552152505345,177.122542745579,,,35WMP,S2B_MSIL2A_20230912T095609_R122_T35WMP_20241103T122113,,25.0,10.6,,73.0,7.0,5.8,0.1,4700.0,,52.0,5.8,0.2,Rakkolanjoki rajav 001,,Lappeenranta,,,,,,,,
FI_00000404,10959,10959,2024-01-10,60.88604954782883,28.38676484545685,,,,4700.0,,52.0,5.8,S2_FI_00000404,2023-09-25,0.0,51.790148,67.0648732489171,181.189449447201,,,35WMP,S2B_MSIL2A_20230925T100649_R022_T35WMP_20241106T022651,,25.0,10.6,,73.0,7.0,5.8,0.1,4700.0,,52.0,5.8,0.2,Rakkolanjoki rajav 001,,Lappeenranta,,,,,,,,
FI_00000405,10959,10959,2024-01-10,60.88604954782883,28.38676484545685,,,,4700.0,,52.0,5.8,S2_FI_00000405,2023-10-10,0.0,36.844414,72.8660067330812,182.343914774214,,,35WMP,S2A_MSIL2A_20231010T100931_R022_T35WMP_20231010T191529,,25.0,10.6,,73.0,7.0,5.8,0.1,4700.0,,52.0,5.8,0.2,Rakkolanjoki rajav 001,,Lappeenranta,,,,,,,,
FI_00000406,10959,10959,2024-01-10,60.88604954782883,28.38676484545685,,,,4700.0,,52.0,5.8,S2_FI_00000406,2023-10-22,1.0,50.516754,77.2548716447686,180.414195282661,,,35WMP,S2B_MSIL2A_20231022T095949_R122_T35WMP_20231022T132209,,25.0,10.6,,73.0,7.0,5.8,0.1,4700.0,,52.0,5.8,0.2,Rakkolanjoki rajav 001,,Lappeenranta,,,,,,,,
FI_00000407,10959,10959,2024-01-10,60.88604954782883,28.38676484545685,,,,4700.0,,52.0,5.8,S2_FI_00000407,2023-11-08,1.0,97.651261,82.7842532171408,178.187116354046,,,35WMP,S2B_MSIL2A_20231108T095129_R079_T35WMP_20231108T130902,,25.0,10.6,,73.0,7.0,5.8,0.1,4700.0,,52.0,5.8,0.2,Rakkolanjoki rajav 001,,Lappeenranta,,,,,,,,
FI_00000410,10959,10959,2024-02-06,60.88604954782883,28.38676484545685,,,,5000.0,,49.0,6.400000000000001,S2_FI_00000410,2024-02-02,0.0,10.656788,83.1878594443269,175.77570026876,,,35WMP,S2B_MSIL2A_20240202T101139_R022_T35WMP_20240202T141227,,25.0,10.9,,75.0,7.3,6.900000000000001,0.0,5000.0,,49.0,6.400000000000001,0.2,Rakkolanjoki rajav 001,,Lappeenranta,,,,,,,,
FI_00000411,10959,10959,2024-02-06,60.88604954782883,28.38676484545685,,,,5000.0,,49.0,6.400000000000001,S2_FI_00000411,2024-03-07,0.0,99.684662,71.5133607671353,170.851244776772,,,35WMP,S2B_MSIL2A_20240307T094739_R079_T35WMP_20240307T132456,,25.0,10.9,,75.0,7.3,6.900000000000001,0.0,5000.0,,49.0,6.400000000000001,0.2,Rakkolanjoki rajav 001,,Lappeenranta,,,,,,,,
FI_00000412,10959,10959,2024-02-06,60.88604954782883,28.38676484545685,,,,5000.0,,49.0,6.400000000000001,S2_FI_00000412,2024-04-04,0.0,50.116777,60.3367723048026,175.204681282668,,,35WMP,S2A_MSIL2A_20240404T100021_R122_T35WMP_20240404T152619,,25.0,10.9,,75.0,7.3,6.900000000000001,0.0,5000.0,,49.0,6.400000000000001,0.2,Rakkolanjoki rajav 001,,Lappeenranta,,,,,,,,
FI_00000413,10959,10959,2024-02-06,60.88604954782883,28.38676484545685,,,,5000.0,,49.0,6.400000000000001,S2_FI_00000413,2024-04-14,1.0,76.690322,56.6145955937783,175.867698346423,,,35WMP,S2A_MSIL2A_20240414T100031_R122_T35WMP_20240414T143245,,25.0,10.9,,75.0,7.3,6.900000000000001,0.0,5000.0,,49.0,6.400000000000001,0.2,Rakkolanjoki rajav 001,,Lappeenranta,,,,,,,,
FI_00000414,10959,10959,2024-03-05,60.88604954782883,28.38676484545685,,,,3850.0,,74.0,13.5,S2_FI_00000414,2024-04-24,0.0,99.907166,53.1682430124595,176.38635653189,,,35WMP,S2A_MSIL2A_20240424T100031_R122_T35WMP_20240424T161451,,16.8,10.949999999999998,,74.5,7.15,6.5,-0.0999999999999999,3850.0,,74.0,13.5,0.3,Rakkolanjoki rajav 001,,Lappeenranta,,,,,,,,
FI_00000415,10959,10959,2024-03-05,60.88604954782883,28.38676484545685,,,,3850.0,,74.0,13.5,S2_FI_00000415,2024-04-29,1.0,96.927869,51.5766802988801,176.557045824048,,,35WMP,S2B_MSIL2A_20240429T095549_R122_T35WMP_20240429T141731,,16.8,10.949999999999998,,74.5,7.15,6.5,-0.0999999999999999,3850.0,,74.0,13.5,0.3,Rakkolanjoki rajav 001,,Lappeenranta,,,,,,,,
FI_00000416,10959,10959,2024-03-05,60.88604954782883,28.38676484545685,,,,3850.0,,74.0,13.5,S2_FI_00000416,2024-05-07,0.0,50.470489,49.2140471618157,179.883046232681,,,35WMP,S2A_MSIL2A_20240507T100601_R022_T35WMP_20240507T160831,,16.8,10.949999999999998,,74.5,7.15,6.5,-0.0999999999999999,3850.0,,74.0,13.5,0.3,Rakkolanjoki rajav 001,,Lappeenranta,,,,,,,,
FI_00000417,10959,10959,2024-03-05,60.88604954782883,28.38676484545685,,,,3850.0,,74.0,13.5,S2_FI_00000417,2024-05-14,1.0,81.585222,47.4556398766524,176.734187354386,,,35WMP,S2A_MSIL2A_20240514T100031_R122_T35WMP_20240514T135506,,16.8,10.949999999999998,,74.5,7.15,6.5,-0.0999999999999999,3850.0,,74.0,13.5,0.3,Rakkolanjoki rajav 001,,Lappeenranta,,,,,,,,
FI_00000418,10959,10959,2024-03-05,60.88604954782883,28.38676484545685,,,,3850.0,,74.0,13.5,S2_FI_00000418,2024-05-21,0.0,25.803852,46.0188965671712,173.324831883026,,,35WMP,S2A_MSIL2A_20240521T095031_R079_T35WMP_20240521T144007,,16.8,10.949999999999998,,74.5,7.15,6.5,-0.0999999999999999,3850.0,,74.0,13.5,0.3,Rakkolanjoki rajav 001,,Lappeenranta,,,,,,,,
FI_00000419,10959,10959,2024-03-05,60.88604954782883,28.38676484545685,,,,3850.0,,74.0,13.5,S2_FI_00000419,2024-05-27,0.0,5.173467,44.8113055235696,179.642196076161,,,35WMP,S2A_MSIL2A_20240527T100601_R022_T35WMP_20240527T171515,,16.8,10.949999999999998,,74.5,7.15,6.5,-0.0999999999999999,3850.0,,74.0,13.5,0.3,Rakkolanjoki rajav 001,,Lappeenranta,,,,,,,,
FI_00000420,10959,10959,2024-04-02,60.88604954782883,28.38676484545685,1.1,,,2200.0,,58.0,21.0,S2_FI_00000420,2024-06-03,0.0,72.382116,43.8692054570634,175.988254387526,,,35WMP,S2A_MSIL2A_20240603T100031_R122_T35WMP_20240603T151845,1.1,10.0,10.9,,79.0,6.900000000000001,21.0,2.2,2200.0,,58.0,21.0,0.3,Rakkolanjoki rajav 001,,Lappeenranta,,,,,,,,
FI_00000421,10959,10959,2024-04-02,60.88604954782883,28.38676484545685,1.1,,,2200.0,,58.0,21.0,S2_FI_00000421,2024-06-18,0.0,99.989438,42.8743043584305,174.914140729498,,,35WMP,S2B_MSIL2A_20240618T095549_R122_T35WMP_20240618T131024,1.1,10.0,10.9,,79.0,6.900000000000001,21.0,2.2,2200.0,,58.0,21.0,0.3,Rakkolanjoki rajav 001,,Lappeenranta,,,,,,,,
FI_00000422,10959,10959,2024-04-02,60.88604954782883,28.38676484545685,1.1,,,2200.0,,58.0,21.0,S2_FI_00000422,2024-07-23,1.0,30.054763,46.419385359128,173.389656021428,,,35WMP,S2A_MSIL2A_20240723T100031_R122_T35WMP_20240723T132758,1.1,10.0,10.9,,79.0,6.900000000000001,21.0,2.2,2200.0,,58.0,21.0,0.3,Rakkolanjoki rajav 001,,Lappeenranta,,,,,,,,
FI_00000423,10959,10959,2024-04-02,60.88604954782883,28.38676484545685,1.1,,,2200.0,,58.0,21.0,S2_FI_00000423,2024-08-15,0.0,47.995207,52.4206897496097,177.461089568859,,,35WMP,S2A_MSIL2A_20240815T100551_R022_T35WMP_20240815T151050,1.1,10.0,10.9,,79.0,6.900000000000001,21.0,2.2,2200.0,,58.0,21.0,0.3,Rakkolanjoki rajav 001,,Lappeenranta,,,,,,,,
FI_00000424,10959,10959,2024-04-02,60.88604954782883,28.38676484545685,1.1,,,2200.0,,58.0,21.0,S2_FI_00000424,2024-08-25,1.0,99.977016,55.7248273170761,178.24593247596,,,35WMP,S2A_MSIL2A_20240825T100551_R022_T35WMP_20240825T162201,1.1,10.0,10.9,,79.0,6.900000000000001,21.0,2.2,2200.0,,58.0,21.0,0.3,Rakkolanjoki rajav 001,,Lappeenranta,,,,,,,,
FI_00000425,10959,10959,2024-04-02,60.88604954782883,28.38676484545685,1.1,,,2200.0,,58.0,21.0,S2_FI_00000425,2024-09-11,1.0,95.161176,61.9650651379993,177.071156723975,,,35WMP,S2A_MSIL2A_20240911T100021_R122_T35WMP_20240911T143249,1.1,10.0,10.9,,79.0,6.900000000000001,21.0,2.2,2200.0,,58.0,21.0,0.3,Rakkolanjoki rajav 001,,Lappeenranta,,,,,,,,
FI_00000426,10959,10959,2024-05-02,60.88604954782883,28.38676484545685,,,,2600.0,,66.0,13.0,S2_FI_00000426,2024-09-23,0.0,72.952777,66.6316261808973,175.619418051534,,,35WMP,S2B_MSIL2A_20240923T095029_R079_T35WMP_20240923T110403,,14.199999999999998,10.3,,90.0,7.099999999999999,11.0,9.4,2600.0,,66.0,13.0,0.5,Rakkolanjoki rajav 001,,Lappeenranta,,,,,,,,
FI_00000427,10959,10959,2024-05-02,60.88604954782883,28.38676484545685,,,,2600.0,,66.0,13.0,S2_FI_00000427,2024-10-08,1.0,99.947906,72.401357525438,177.055505601969,,,35WMP,S2A_MSIL2A_20241008T095031_R079_T35WMP_20241008T124449,,14.199999999999998,10.3,,90.0,7.099999999999999,11.0,9.4,2600.0,,66.0,13.0,0.5,Rakkolanjoki rajav 001,,Lappeenranta,,,,,,,,
FI_00000428,10959,10959,2024-05-02,60.88604954782883,28.38676484545685,,,,2600.0,,66.0,13.0,S2_FI_00000428,2024-10-21,0.0,99.78596,77.1677640271627,180.402518986164,,,35WMP,S2A_MSIL2A_20241021T100041_R122_T35WMP_20241021T111449,,14.199999999999998,10.3,,90.0,7.099999999999999,11.0,9.4,2600.0,,66.0,13.0,0.5,Rakkolanjoki rajav 001,,Lappeenranta,,,,,,,,
FI_00000429,10959,10959,2024-05-02,60.88604954782883,28.38676484545685,,,,2600.0,,66.0,13.0,S2_FI_00000429,2024-11-08,1.0,99.625236,83.0281756708375,182.949509531488,,,35WMP,S2B_MSIL2A_20241108T101129_R022_T35WMP_20241108T112954,,14.199999999999998,10.3,,90.0,7.099999999999999,11.0,9.4,2600.0,,66.0,13.0,0.5,Rakkolanjoki rajav 001,,Lappeenranta,,,,,,,,
FI_00000432,10959,10959,2024-05-07,60.88604954782883,28.38676484545685,14.0,,,2300.0,,59.0,10.0,S2_FI_00000432,2023-02-22,0.0,0.71665,76.5082550472298,175.594120357022,,,35WMP,S2A_MSIL2A_20230222T101031_R022_T35WMP_20230223T050606,14.0,15.0,9.8,,84.0,7.3,15.0,8.8,2300.0,,59.0,10.0,0.3,Rakkolanjoki rajav 001,,Lappeenranta,,,,,,,,
FI_00000433,10959,10959,2024-05-07,60.88604954782883,28.38676484545685,14.0,,,2300.0,,59.0,10.0,S2_FI_00000433,2023-03-13,0.0,27.457729,69.4390302175693,171.116815944222,,,35WMP,S2B_MSIL2A_20230313T095039_R079_T35WMP_20240819T180634,14.0,15.0,9.8,,84.0,7.3,15.0,8.8,2300.0,,59.0,10.0,0.3,Rakkolanjoki rajav 001,,Lappeenranta,,,,,,,,
FI_00000434,10959,10959,2024-05-07,60.88604954782883,28.38676484545685,14.0,,,2300.0,,59.0,10.0,S2_FI_00000434,2023-04-03,0.0,48.438218,60.9472094100571,177.931490182322,,,35WMP,S2A_MSIL2A_20230403T100551_R022_T35WMP_20240825T000821,14.0,15.0,9.8,,84.0,7.3,15.0,8.8,2300.0,,59.0,10.0,0.3,Rakkolanjoki rajav 001,,Lappeenranta,,,,,,,,
FI_00000435,10959,10959,2024-05-07,60.88604954782883,28.38676484545685,14.0,,,2300.0,,59.0,10.0,S2_FI_00000435,2023-04-18,0.0,81.552494,55.418274495474,179.02470101542,,,35WMP,S2B_MSIL2A_20230418T100559_R022_T35WMP_20230419T024825,14.0,15.0,9.8,,84.0,7.3,15.0,8.8,2300.0,,59.0,10.0,0.3,Rakkolanjoki rajav 001,,Lappeenranta,,,,,,,,
FI_00000436,10959,10959,2024-05-07,60.88604954782883,28.38676484545685,14.0,,,2300.0,,59.0,10.0,S2_FI_00000436,2023-04-23,1.0,36.730027,53.7093316241514,179.307529194673,,,35WMP,S2A_MSIL2A_20230423T100551_R022_T35WMP_20230424T112210,14.0,15.0,9.8,,84.0,7.3,15.0,8.8,2300.0,,59.0,10.0,0.3,Rakkolanjoki rajav 001,,Lappeenranta,,,,,,,,
FI_00000437,10959,10959,2024-05-07,60.88604954782883,28.38676484545685,14.0,,,2300.0,,59.0,10.0,S2_FI_00000437,2023-05-05,1.0,86.712974,50.0163695250481,176.69560220091,,,35WMP,S2B_MSIL2A_20230505T100029_R122_T35WMP_20230505T132836,14.0,15.0,9.8,,84.0,7.3,15.0,8.8,2300.0,,59.0,10.0,0.3,Rakkolanjoki rajav 001,,Lappeenranta,,,,,,,,
FI_00000438,10959,10959,2024-06-04,60.88604954782883,28.38676484545685,57.0,,,1700.0,,98.0,26.0,S2_FI_00000438,2023-05-08,1.0,20.249398,49.1483609121113,179.885447792454,,,35WMP,S2B_MSIL2A_20230508T100559_R022_T35WMP_20230508T163258,57.0,23.0,7.2,,83.0,7.5,23.5,22.2,1700.0,,98.0,26.0,0.2,Rakkolanjoki rajav 001,,Lappeenranta,,,,,,,,
FI_00000439,10959,10959,2024-06-04,60.88604954782883,28.38676484545685,57.0,,,1700.0,,98.0,26.0,S2_FI_00000439,2023-05-15,0.0,1.350974,47.3989417756392,176.737623769695,,,35WMP,S2B_MSIL2A_20230515T095559_R122_T35WMP_20230515T150940,57.0,23.0,7.2,,83.0,7.5,23.5,22.2,1700.0,,98.0,26.0,0.2,Rakkolanjoki rajav 001,,Lappeenranta,,,,,,,,
FI_00000440,10959,10959,2024-06-04,60.88604954782883,28.38676484545685,57.0,,,1700.0,,98.0,26.0,S2_FI_00000440,2023-05-25,0.0,9.994021,45.316366031836,176.48231135932,,,35WMP,S2B_MSIL2A_20230525T095559_R122_T35WMP_20240908T101427,57.0,23.0,7.2,,83.0,7.5,23.5,22.2,1700.0,,98.0,26.0,0.2,Rakkolanjoki rajav 001,,Lappeenranta,,,,,,,,
FI_00000441,10959,10959,2024-06-04,60.88604954782883,28.38676484545685,57.0,,,1700.0,,98.0,26.0,S2_FI_00000441,2023-05-28,1.0,99.997967,44.7710378227964,179.642069183161,,,35WMP,S2B_MSIL2A_20230528T100559_R022_T35WMP_20240908T043144,57.0,23.0,7.2,,83.0,7.5,23.5,22.2,1700.0,,98.0,26.0,0.2,Rakkolanjoki rajav 001,,Lappeenranta,,,,,,,,
FI_00000442,10959,10959,2024-06-04,60.88604954782883,28.38676484545685,57.0,,,1700.0,,98.0,26.0,S2_FI_00000442,2023-06-06,0.0,66.064566,43.7266888908963,172.505217735483,,,35WMP,S2A_MSIL2A_20230606T095031_R079_T35WMP_20240928T023512,57.0,23.0,7.2,,83.0,7.5,23.5,22.2,1700.0,,98.0,26.0,0.2,Rakkolanjoki rajav 001,,Lappeenranta,,,,,,,,
FI_00000443,10959,10959,2024-06-04,60.88604954782883,28.38676484545685,57.0,,,1700.0,,98.0,26.0,S2_FI_00000443,2023-06-19,0.0,0.029718,42.8706278702786,174.901277374736,,,35WMP,S2A_MSIL2A_20230619T100031_R122_T35WMP_20240911T192325,57.0,23.0,7.2,,83.0,7.5,23.5,22.2,1700.0,,98.0,26.0,0.2,Rakkolanjoki rajav 001,,Lappeenranta,,,,,,,,
FI_00000444,10959,10959,2024-07-01,60.88604954782883,28.38676484545685,,,,870.0,,160.0,42.0,S2_FI_00000444,2023-07-04,0.0,99.133015,43.4442467113017,173.906893249224,,,35WMP,S2B_MSIL2A_20230704T095559_R122_T35WMP_20230704T142634,,25.3,7.8,,87.0,7.599999999999999,36.0,20.8,870.0,,160.0,42.0,0.5,Rakkolanjoki rajav 001,,Lappeenranta,,,,,,,,
FI_00000445,10959,10959,2024-07-01,60.88604954782883,28.38676484545685,,,,870.0,,160.0,42.0,S2_FI_00000445,2023-08-13,1.0,99.964672,51.6406558891981,174.226665238861,,,35WMP,S2B_MSIL2A_20230813T095559_R122_T35WMP_20241015T114308,,25.3,7.8,,87.0,7.599999999999999,36.0,20.8,870.0,,160.0,42.0,0.5,Rakkolanjoki rajav 001,,Lappeenranta,,,,,,,,
FI_00000446,10959,10959,2024-07-01,60.88604954782883,28.38676484545685,,,,870.0,,160.0,42.0,S2_FI_00000446,2023-08-28,0.0,97.010493,56.5584939149915,175.537097491304,,,35WMP,S2A_MSIL2A_20230828T100031_R122_T35WMP_20241018T065117,,25.3,7.8,,87.0,7.599999999999999,36.0,20.8,870.0,,160.0,42.0,0.5,Rakkolanjoki rajav 001,,Lappeenranta,,,,,,,,
FI_00000447,10959,10959,2024-07-01,60.88604954782883,28.38676484545685,,,,870.0,,160.0,42.0,S2_FI_00000447,2023-09-12,0.0,99.899799,62.0552152505345,177.122542745579,,,35WMP,S2B_MSIL2A_20230912T095609_R122_T35WMP_20241103T122113,,25.3,7.8,,87.0,7.599999999999999,36.0,20.8,870.0,,160.0,42.0,0.5,Rakkolanjoki rajav 001,,Lappeenranta,,,,,,,,
FI_00000448,10959,10959,2024-07-01,60.88604954782883,28.38676484545685,,,,870.0,,160.0,42.0,S2_FI_00000448,2023-09-25,0.0,51.790148,67.0648732489171,181.189449447201,,,35WMP,S2B_MSIL2A_20230925T100649_R022_T35WMP_20241106T022651,,25.3,7.8,,87.0,7.599999999999999,36.0,20.8,870.0,,160.0,42.0,0.5,Rakkolanjoki rajav 001,,Lappeenranta,,,,,,,,
FI_00000449,10959,10959,2024-07-01,60.88604954782883,28.38676484545685,,,,870.0,,160.0,42.0,S2_FI_00000449,2023-10-10,0.0,36.844414,72.8660067330812,182.343914774214,,,35WMP,S2A_MSIL2A_20231010T100931_R022_T35WMP_20231010T191529,,25.3,7.8,,87.0,7.599999999999999,36.0,20.8,870.0,,160.0,42.0,0.5,Rakkolanjoki rajav 001,,Lappeenranta,,,,,,,,
FI_00000450,10959,10959,2024-07-02,60.88604954782883,28.38676484545685,94.0,,,1500.0,,160.0,51.0,S2_FI_00000450,2023-10-22,1.0,50.516754,77.2548716447686,180.414195282661,,,35WMP,S2B_MSIL2A_20231022T095949_R122_T35WMP_20231022T132209,94.0,25.0,7.0,,80.0,7.7,41.0,21.8,1500.0,,160.0,51.0,0.3,Rakkolanjoki rajav 001,,Lappeenranta,,,,,,,,
FI_00000451,10959,10959,2024-07-02,60.88604954782883,28.38676484545685,94.0,,,1500.0,,160.0,51.0,S2_FI_00000451,2023-11-08,1.0,97.651261,82.7842532171408,178.187116354046,,,35WMP,S2B_MSIL2A_20231108T095129_R079_T35WMP_20231108T130902,94.0,25.0,7.0,,80.0,7.7,41.0,21.8,1500.0,,160.0,51.0,0.3,Rakkolanjoki rajav 001,,Lappeenranta,,,,,,,,
FI_00000454,10959,10959,2024-07-02,60.88604954782883,28.38676484545685,94.0,,,1500.0,,160.0,51.0,S2_FI_00000454,2024-02-02,0.0,10.656788,83.1878594443269,175.77570026876,,,35WMP,S2B_MSIL2A_20240202T101139_R022_T35WMP_20240202T141227,94.0,25.0,7.0,,80.0,7.7,41.0,21.8,1500.0,,160.0,51.0,0.3,Rakkolanjoki rajav 001,,Lappeenranta,,,,,,,,
FI_00000455,10959,10959,2024-07-02,60.88604954782883,28.38676484545685,94.0,,,1500.0,,160.0,51.0,S2_FI_00000455,2024-03-07,0.0,99.684662,71.5133607671353,170.851244776772,,,35WMP,S2B_MSIL2A_20240307T094739_R079_T35WMP_20240307T132456,94.0,25.0,7.0,,80.0,7.7,41.0,21.8,1500.0,,160.0,51.0,0.3,Rakkolanjoki rajav 001,,Lappeenranta,,,,,,,,
FI_00000456,10959,10959,2024-08-06,60.88604954782883,28.38676484545685,55.0,,,1000.0,,140.0,34.0,S2_FI_00000456,2024-04-04,0.0,50.116777,60.3367723048026,175.204681282668,,,35WMP,S2A_MSIL2A_20240404T100021_R122_T35WMP_20240404T152619,55.0,24.0,7.400000000000001,,82.0,7.599999999999999,35.5,20.4,1000.0,,140.0,34.0,0.3,Rakkolanjoki rajav 001,,Lappeenranta,,,,,,,,
FI_00000457,10959,10959,2024-08-06,60.88604954782883,28.38676484545685,55.0,,,1000.0,,140.0,34.0,S2_FI_00000457,2024-04-09,1.0,78.072155,58.4473942673212,175.546003700187,,,35WMP,S2B_MSIL2A_20240409T095549_R122_T35WMP_20240411T003038,55.0,24.0,7.400000000000001,,82.0,7.599999999999999,35.5,20.4,1000.0,,140.0,34.0,0.3,Rakkolanjoki rajav 001,,Lappeenranta,,,,,,,,
FI_00000458,10959,10959,2024-08-06,60.88604954782883,28.38676484545685,55.0,,,1000.0,,140.0,34.0,S2_FI_00000458,2024-04-14,1.0,76.690322,56.6145955937783,175.867698346423,,,35WMP,S2A_MSIL2A_20240414T100031_R122_T35WMP_20240414T143245,55.0,24.0,7.400000000000001,,82.0,7.599999999999999,35.5,20.4,1000.0,,140.0,34.0,0.3,Rakkolanjoki rajav 001,,Lappeenranta,,,,,,,,
FI_00000459,10959,10959,2024-08-06,60.88604954782883,28.38676484545685,55.0,,,1000.0,,140.0,34.0,S2_FI_00000459,2024-04-24,0.0,99.907166,53.1682430124595,176.38635653189,,,35WMP,S2A_MSIL2A_20240424T100031_R122_T35WMP_20240424T161451,55.0,24.0,7.400000000000001,,82.0,7.599999999999999,35.5,20.4,1000.0,,140.0,34.0,0.3,Rakkolanjoki rajav 001,,Lappeenranta,,,,,,,,
FI_00000460,10959,10959,2024-08-06,60.88604954782883,28.38676484545685,55.0,,,1000.0,,140.0,34.0,S2_FI_00000460,2024-04-29,1.0,96.927869,51.5766802988801,176.557045824048,,,35WMP,S2B_MSIL2A_20240429T095549_R122_T35WMP_20240429T141731,55.0,24.0,7.400000000000001,,82.0,7.599999999999999,35.5,20.4,1000.0,,140.0,34.0,0.3,Rakkolanjoki rajav 001,,Lappeenranta,,,,,,,,
FI_00000461,10959,10959,2024-08-06,60.88604954782883,28.38676484545685,55.0,,,1000.0,,140.0,34.0,S2_FI_00000461,2024-05-07,0.0,50.470489,49.2140471618157,179.883046232681,,,35WMP,S2A_MSIL2A_20240507T100601_R022_T35WMP_20240507T160831,55.0,24.0,7.400000000000001,,82.0,7.599999999999999,35.5,20.4,1000.0,,140.0,34.0,0.3,Rakkolanjoki rajav 001,,Lappeenranta,,,,,,,,
FI_00000462,10959,10959,2024-08-08,60.88604954782883,28.38676484545685,,,,790.0,,160.0,23.0,S2_FI_00000462,2024-05-14,1.0,81.585222,47.4556398766524,176.734187354386,,,35WMP,S2A_MSIL2A_20240514T100031_R122_T35WMP_20240514T135506,,25.0,7.0,,76.0,7.599999999999999,34.0,19.5,790.0,,160.0,23.0,0.5,Rakkolanjoki rajav 001,,Lappeenranta,,,,,,,,
FI_00000463,10959,10959,2024-08-08,60.88604954782883,28.38676484545685,,,,790.0,,160.0,23.0,S2_FI_00000463,2024-05-21,0.0,25.803852,46.0188965671712,173.324831883026,,,35WMP,S2A_MSIL2A_20240521T095031_R079_T35WMP_20240521T144007,,25.0,7.0,,76.0,7.599999999999999,34.0,19.5,790.0,,160.0,23.0,0.5,Rakkolanjoki rajav 001,,Lappeenranta,,,,,,,,
FI_00000464,10959,10959,2024-08-08,60.88604954782883,28.38676484545685,,,,790.0,,160.0,23.0,S2_FI_00000464,2024-05-27,0.0,5.173467,44.8113055235696,179.642196076161,,,35WMP,S2A_MSIL2A_20240527T100601_R022_T35WMP_20240527T171515,,25.0,7.0,,76.0,7.599999999999999,34.0,19.5,790.0,,160.0,23.0,0.5,Rakkolanjoki rajav 001,,Lappeenranta,,,,,,,,
FI_00000465,10959,10959,2024-08-08,60.88604954782883,28.38676484545685,,,,790.0,,160.0,23.0,S2_FI_00000465,2024-06-03,0.0,72.382116,43.8692054570634,175.988254387526,,,35WMP,S2A_MSIL2A_20240603T100031_R122_T35WMP_20240603T151845,,25.0,7.0,,76.0,7.599999999999999,34.0,19.5,790.0,,160.0,23.0,0.5,Rakkolanjoki rajav 001,,Lappeenranta,,,,,,,,
FI_00000466,10959,10959,2024-08-08,60.88604954782883,28.38676484545685,,,,790.0,,160.0,23.0,S2_FI_00000466,2024-06-18,0.0,99.989438,42.8743043584305,174.914140729498,,,35WMP,S2B_MSIL2A_20240618T095549_R122_T35WMP_20240618T131024,,25.0,7.0,,76.0,7.599999999999999,34.0,19.5,790.0,,160.0,23.0,0.5,Rakkolanjoki rajav 001,,Lappeenranta,,,,,,,,
FI_00000467,10959,10959,2024-08-08,60.88604954782883,28.38676484545685,,,,790.0,,160.0,23.0,S2_FI_00000467,2024-07-23,1.0,30.054763,46.419385359128,173.389656021428,,,35WMP,S2A_MSIL2A_20240723T100031_R122_T35WMP_20240723T132758,,25.0,7.0,,76.0,7.599999999999999,34.0,19.5,790.0,,160.0,23.0,0.5,Rakkolanjoki rajav 001,,Lappeenranta,,,,,,,,
FI_00000468,10959,10959,2024-09-03,60.88604954782883,28.38676484545685,37.0,,,960.0,,89.0,18.0,S2_FI_00000468,2024-08-15,0.0,47.995207,52.4206897496097,177.461089568859,,,35WMP,S2A_MSIL2A_20240815T100551_R022_T35WMP_20240815T151050,37.0,25.0,6.8,,72.0,7.7,22.5,17.8,960.0,,89.0,18.0,0.3,Rakkolanjoki rajav 001,,Lappeenranta,,,,,,,,
FI_00000469,10959,10959,2024-09-03,60.88604954782883,28.38676484545685,37.0,,,960.0,,89.0,18.0,S2_FI_00000469,2024-08-25,1.0,99.977016,55.7248273170761,178.24593247596,,,35WMP,S2A_MSIL2A_20240825T100551_R022_T35WMP_20240825T162201,37.0,25.0,6.8,,72.0,7.7,22.5,17.8,960.0,,89.0,18.0,0.3,Rakkolanjoki rajav 001,,Lappeenranta,,,,,,,,
FI_00000470,10959,10959,2024-09-03,60.88604954782883,28.38676484545685,37.0,,,960.0,,89.0,18.0,S2_FI_00000470,2024-09-11,1.0,95.161176,61.9650651379993,177.071156723975,,,35WMP,S2A_MSIL2A_20240911T100021_R122_T35WMP_20240911T143249,37.0,25.0,6.8,,72.0,7.7,22.5,17.8,960.0,,89.0,18.0,0.3,Rakkolanjoki rajav 001,,Lappeenranta,,,,,,,,
FI_00000471,10959,10959,2024-09-03,60.88604954782883,28.38676484545685,37.0,,,960.0,,89.0,18.0,S2_FI_00000471,2024-09-23,0.0,72.952777,66.6316261808973,175.619418051534,,,35WMP,S2B_MSIL2A_20240923T095029_R079_T35WMP_20240923T110403,37.0,25.0,6.8,,72.0,7.7,22.5,17.8,960.0,,89.0,18.0,0.3,Rakkolanjoki rajav 001,,Lappeenranta,,,,,,,,
FI_00000472,10959,10959,2024-09-03,60.88604954782883,28.38676484545685,37.0,,,960.0,,89.0,18.0,S2_FI_00000472,2024-10-08,1.0,99.947906,72.401357525438,177.055505601969,,,35WMP,S2A_MSIL2A_20241008T095031_R079_T35WMP_20241008T124449,37.0,25.0,6.8,,72.0,7.7,22.5,17.8,960.0,,89.0,18.0,0.3,Rakkolanjoki rajav 001,,Lappeenranta,,,,,,,,
FI_00000473,10959,10959,2024-09-03,60.88604954782883,28.38676484545685,37.0,,,960.0,,89.0,18.0,S2_FI_00000473,2024-10-21,0.0,99.78596,77.1677640271627,180.402518986164,,,35WMP,S2A_MSIL2A_20241021T100041_R122_T35WMP_20241021T111449,37.0,25.0,6.8,,72.0,7.7,22.5,17.8,960.0,,89.0,18.0,0.3,Rakkolanjoki rajav 001,,Lappeenranta,,,,,,,,
FI_00000474,10959,10959,2024-10-01,60.88604954782883,28.38676484545685,42.0,,,1200.0,,82.0,17.0,S2_FI_00000474,2024-11-08,1.0,99.625236,83.0281756708375,182.949509531488,,,35WMP,S2B_MSIL2A_20241108T101129_R022_T35WMP_20241108T112954,42.0,25.0,9.3,,82.0,7.5,51.0,9.7,1200.0,,82.0,17.0,0.3,Rakkolanjoki rajav 001,,Lappeenranta,,,,,,,,
FI_00000476,10959,10959,2024-10-01,60.88604954782883,28.38676484545685,42.0,,,1200.0,,82.0,17.0,S2_FI_00000476,2023-02-14,1.0,97.209358,79.4367509337631,173.060826676087,,,35WMP,S2B_MSIL2A_20230214T100029_R122_T35WMP_20240812T190154,42.0,25.0,9.3,,82.0,7.5,51.0,9.7,1200.0,,82.0,17.0,0.3,Rakkolanjoki rajav 001,,Lappeenranta,,,,,,,,
FI_00000477,10959,10959,2024-10-01,60.88604954782883,28.38676484545685,42.0,,,1200.0,,82.0,17.0,S2_FI_00000477,2023-03-06,1.0,67.503452,72.0596663328592,173.433035711605,,,35WMP,S2B_MSIL2A_20230306T100029_R122_T35WMP_20240820T042936,42.0,25.0,9.3,,82.0,7.5,51.0,9.7,1200.0,,82.0,17.0,0.3,Rakkolanjoki rajav 001,,Lappeenranta,,,,,,,,
FI_00000478,10959,10959,2024-10-01,60.88604954782883,28.38676484545685,42.0,,,1200.0,,82.0,17.0,S2_FI_00000478,2023-04-12,0.0,6.457735,57.7228051668728,172.780311773795,,,35WMP,S2B_MSIL2A_20230412T095029_R079_T35WMP_20240828T091729,42.0,25.0,9.3,,82.0,7.5,51.0,9.7,1200.0,,82.0,17.0,0.3,Rakkolanjoki rajav 001,,Lappeenranta,,,,,,,,
FI_00000479,10959,10959,2024-10-01,60.88604954782883,28.38676484545685,42.0,,,1200.0,,82.0,17.0,S2_FI_00000479,2023-05-02,0.0,54.72948,50.9821693736314,173.532357624015,,,35WMP,S2B_MSIL2A_20230502T095029_R079_T35WMP_20240902T030627,42.0,25.0,9.3,,82.0,7.5,51.0,9.7,1200.0,,82.0,17.0,0.3,Rakkolanjoki rajav 001,,Lappeenranta,,,,,,,,
FI_00000480,10959,10959,2024-11-06,60.88604954782883,28.38676484545685,,,,1600.0,,44.0,5.7,S2_FI_00000480,2023-05-15,0.0,1.350974,47.3989417756392,176.737623769695,,,35WMP,S2B_MSIL2A_20230515T095559_R122_T35WMP_20230515T150940,,24.0,11.800000000000002,,86.0,7.599999999999999,8.450000000000001,2.2,1600.0,,44.0,5.7,0.3,Rakkolanjoki rajav 001,,Lappeenranta,,,,,,,,
FI_00000481,10959,10959,2024-11-06,60.88604954782883,28.38676484545685,,,,1600.0,,44.0,5.7,S2_FI_00000481,2023-06-12,0.0,59.651595,43.0811404249244,178.775701985683,,,35WMP,S2A_MSIL2A_20230612T100601_R022_T35WMP_20240911T004021,,24.0,11.800000000000002,,86.0,7.599999999999999,8.450000000000001,2.2,1600.0,,44.0,5.7,0.3,Rakkolanjoki rajav 001,,Lappeenranta,,,,,,,,
FI_00000482,10959,10959,2024-11-06,60.88604954782883,28.38676484545685,,,,1600.0,,44.0,5.7,S2_FI_00000482,2023-07-11,0.0,1.274153,44.3648132096203,170.286635554125,,,35WMP,S2B_MSIL2A_20230711T094549_R079_T35WMP_20241020T140024,,24.0,11.800000000000002,,86.0,7.599999999999999,8.450000000000001,2.2,1600.0,,44.0,5.7,0.3,Rakkolanjoki rajav 001,,Lappeenranta,,,,,,,,
FI_00000483,10959,10959,2024-11-06,60.88604954782883,28.38676484545685,,,,1600.0,,44.0,5.7,S2_FI_00000483,2023-08-11,1.0,48.650289,50.9695880369732,177.178065149056,,,35WMP,S2A_MSIL2A_20230811T101031_R022_T35WMP_20241015T092320,,24.0,11.800000000000002,,86.0,7.599999999999999,8.450000000000001,2.2,1600.0,,44.0,5.7,0.3,Rakkolanjoki rajav 001,,Lappeenranta,,,,,,,,
FI_00000484,10959,10959,2024-11-06,60.88604954782883,28.38676484545685,,,,1600.0,,44.0,5.7,S2_FI_00000484,2023-09-10,1.0,99.931735,61.2719462917608,179.745227524892,,,35WMP,S2A_MSIL2A_20230910T100601_R022_T35WMP_20241104T085707,,24.0,11.800000000000002,,86.0,7.599999999999999,8.450000000000001,2.2,1600.0,,44.0,5.7,0.3,Rakkolanjoki rajav 001,,Lappeenranta,,,,,,,,
FI_00000485,10959,10959,2024-11-06,60.88604954782883,28.38676484545685,,,,1600.0,,44.0,5.7,S2_FI_00000485,2023-10-17,1.0,12.012431,75.4546478284566,180.181081282649,,,35WMP,S2A_MSIL2A_20231017T100031_R122_T35WMP_20231017T162528,,24.0,11.800000000000002,,86.0,7.599999999999999,8.450000000000001,2.2,1600.0,,44.0,5.7,0.3,Rakkolanjoki rajav 001,,Lappeenranta,,,,,,,,
FI_00000489,10959,10959,2024-11-11,60.88604954782883,28.38676484545685,,,,2300.0,,41.0,4.8,S2_FI_00000489,2024-02-06,1.0,66.49695,82.2420329121178,170.809863895157,,,35WMP,S2B_MSIL2A_20240206T095109_R079_T35WMP_20240206T123637,,24.7,12.5,,90.0,7.5,6.0,2.0,2300.0,,41.0,4.8,0.5,Rakkolanjoki rajav 001,,Lappeenranta,,,,,,,,
FI_00000490,10959,10959,2024-11-11,60.88604954782883,28.38676484545685,,,,2300.0,,41.0,4.8,S2_FI_00000490,2024-03-03,1.0,99.968135,72.8343210477293,175.90645121324,,,35WMP,S2B_MSIL2A_20240303T100819_R022_T35WMP_20240303T130904,,24.7,12.5,,90.0,7.5,6.0,2.0,2300.0,,41.0,4.8,0.5,Rakkolanjoki rajav 001,,Lappeenranta,,,,,,,,
FI_00000491,10959,10959,2024-11-11,60.88604954782883,28.38676484545685,,,,2300.0,,41.0,4.8,S2_FI_00000491,2024-04-04,0.0,50.116777,60.3367723048026,175.204681282668,,,35WMP,S2A_MSIL2A_20240404T100021_R122_T35WMP_20240404T152619,,24.7,12.5,,90.0,7.5,6.0,2.0,2300.0,,41.0,4.8,0.5,Rakkolanjoki rajav 001,,Lappeenranta,,,,,,,,
FI_00000492,10959,10959,2024-12-03,60.88604954782883,28.38676484545685,,,,4000.0,,58.0,11.0,S2_FI_00000492,2024-05-07,1.0,50.470489,49.2140471618157,179.883046232681,,,35WMP,S2A_MSIL2A_20240507T100601_R022_T35WMP_20240507T160831,,23.0,11.0,,83.0,7.400000000000001,10.7,3.4,4000.0,,58.0,11.0,0.2,Rakkolanjoki rajav 001,,Lappeenranta,,,,,,,,
FI_00000493,10959,10959,2024-12-03,60.88604954782883,28.38676484545685,,,,4000.0,,58.0,11.0,S2_FI_00000493,2024-05-22,0.0,65.980893,45.7004397713031,179.801434582059,,,35WMP,S2B_MSIL2A_20240522T100559_R022_T35WMP_20240522T141312,,23.0,11.0,,83.0,7.400000000000001,10.7,3.4,4000.0,,58.0,11.0,0.2,Rakkolanjoki rajav 001,,Lappeenranta,,,,,,,,
FI_00000494,10959,10959,2024-12-03,60.88604954782883,28.38676484545685,,,,4000.0,,58.0,11.0,S2_FI_00000494,2024-06-25,0.0,79.307878,43.0659176910071,171.062947706456,,,35WMP,S2B_MSIL2A_20240625T094549_R079_T35WMP_20240625T131807,,23.0,11.0,,83.0,7.400000000000001,10.7,3.4,4000.0,,58.0,11.0,0.2,Rakkolanjoki rajav 001,,Lappeenranta,,,,,,,,
FI_00000495,10959,10959,2024-12-03,60.88604954782883,28.38676484545685,,,,4000.0,,58.0,11.0,S2_FI_00000495,2024-07-21,1.0,13.389184,45.9275159434997,176.638159943597,,,35WMP,S2B_MSIL2A_20240721T100559_R022_T35WMP_20240721T133012,,23.0,11.0,,83.0,7.400000000000001,10.7,3.4,4000.0,,58.0,11.0,0.2,Rakkolanjoki rajav 001,,Lappeenranta,,,,,,,,
FI_00000496,10959,10959,2024-12-03,60.88604954782883,28.38676484545685,,,,4000.0,,58.0,11.0,S2_FI_00000496,2024-08-29,0.0,71.269542,57.2764989646065,172.755483658429,,,35WMP,S2A_MSIL2A_20240829T095031_R079_T35WMP_20240829T134149,,23.0,11.0,,83.0,7.400000000000001,10.7,3.4,4000.0,,58.0,11.0,0.2,Rakkolanjoki rajav 001,,Lappeenranta,,,,,,,,
FI_00000497,10959,10959,2024-12-03,60.88604954782883,28.38676484545685,,,,4000.0,,58.0,11.0,S2_FI_00000497,2024-09-03,0.0,99.948776,59.0689764312155,173.343385476695,,,35WMP,S2B_MSIL2A_20240903T094549_R079_T35WMP_20240903T121539,,23.0,11.0,,83.0,7.400000000000001,10.7,3.4,4000.0,,58.0,11.0,0.2,Rakkolanjoki rajav 001,,Lappeenranta,,,,,,,,
FI_00000498,11146,11146,2023-01-10,60.65688838242908,27.90019461609265,,,,710.0,,23.0,2.7999999999999994,S2_FI_00000498,2024-10-08,0.0,99.920857,72.401357525438,177.055505601969,,,35WMP,S2A_MSIL2A_20241008T095031_R079_T35WMP_20241008T110043,,6.0,11.199999999999998,,77.0,6.599999999999999,5.599999999999999,0.2,710.0,,23.0,2.7999999999999994,1.0,Urpalanj Muurik 002 3000,,Miehikkälä,,,,,,,,
FI_00000499,11146,11146,2023-01-10,60.65688838242908,27.90019461609265,,,,710.0,,23.0,2.7999999999999994,S2_FI_00000499,2024-11-12,2.0,98.993468,84.1157803771179,178.061921280966,,,35WMP,S2B_MSIL2A_20241112T095139_R079_T35WMP_20241112T111710,,6.0,11.199999999999998,,77.0,6.599999999999999,5.599999999999999,0.2,710.0,,23.0,2.7999999999999994,1.0,Urpalanj Muurik 002 3000,,Miehikkälä,,,,,,,,
FI_00000500,11146,11146,2023-01-10,60.65688838242908,27.90019461609265,,,,710.0,,23.0,2.7999999999999994,S2_FI_00000500,2023-01-15,1.0,99.992138,82.3255418510567,171.16863884936,,,34VEN,S2B_MSIL2A_20230115T100249_R122_T34VEN_20230115T202909,,6.0,11.199999999999998,,77.0,6.599999999999999,5.599999999999999,0.2,710.0,,23.0,2.7999999999999994,1.0,Urpalanj Muurik 002 3000,,Miehikkälä,,,,,,,,
FI_00000501,11146,11146,2023-01-10,60.65688838242908,27.90019461609265,,,,710.0,,23.0,2.7999999999999994,S2_FI_00000501,2023-02-07,0.0,99.387193,76.4389759647387,171.973761573183,,,34VEN,S2B_MSIL2A_20230207T101109_R022_T34VEN_20240813T003502,,6.0,11.199999999999998,,77.0,6.599999999999999,5.599999999999999,0.2,710.0,,23.0,2.7999999999999994,1.0,Urpalanj Muurik 002 3000,,Miehikkälä,,,,,,,,
FI_00000502,11146,11146,2023-01-10,60.65688838242908,27.90019461609265,,,,710.0,,23.0,2.7999999999999994,S2_FI_00000502,2023-03-06,0.0,87.210435,66.9766071284674,169.318040695456,,,34VEN,S2B_MSIL2A_20230306T100029_R122_T34VEN_20240820T042936,,6.0,11.199999999999998,,77.0,6.599999999999999,5.599999999999999,0.2,710.0,,23.0,2.7999999999999994,1.0,Urpalanj Muurik 002 3000,,Miehikkälä,,,,,,,,
FI_00000503,11146,11146,2023-01-10,60.65688838242908,27.90019461609265,,,,710.0,,23.0,2.7999999999999994,S2_FI_00000503,2023-04-10,1.0,23.056984,53.2016503413015,170.82789341671,,,34VEN,S2A_MSIL2A_20230410T100031_R122_T34VEN_20240826T061228,,6.0,11.199999999999998,,77.0,6.599999999999999,5.599999999999999,0.2,710.0,,23.0,2.7999999999999994,1.0,Urpalanj Muurik 002 3000,,Miehikkälä,,,,,,,,
FI_00000504,11146,11146,2023-02-07,60.65688838242908,27.90019461609265,,,,1500.0,,28.0,5.1,S2_FI_00000504,2023-05-15,0.0,28.729132,42.2096151999223,171.347479837009,,,34VEN,S2B_MSIL2A_20230515T095559_R122_T34VEN_20230515T150703,,7.099999999999999,11.1,,76.0,6.400000000000001,4.1000000000000005,0.2,1500.0,,28.0,5.1,1.0,Urpalanj Muurik 002 3000,,Miehikkälä,,,,,,,,
FI_00000505,11146,11146,2023-02-07,60.65688838242908,27.90019461609265,,,,1500.0,,28.0,5.1,S2_FI_00000505,2023-06-12,0.0,4.619529,37.8213022225475,173.236299906865,,,34VEN,S2A_MSIL2A_20230612T100601_R022_T34VEN_20240911T004021,,7.099999999999999,11.1,,76.0,6.400000000000001,4.1000000000000005,0.2,1500.0,,28.0,5.1,1.0,Urpalanj Muurik 002 3000,,Miehikkälä,,,,,,,,
FI_00000506,11146,11146,2023-02-07,60.65688838242908,27.90019461609265,,,,1500.0,,28.0,5.1,S2_FI_00000506,2023-07-02,1.0,63.036811,37.9980577317063,171.675280528173,,,34VEN,S2A_MSIL2A_20230702T100601_R022_T34VEN_20230702T182911,,7.099999999999999,11.1,,76.0,6.400000000000001,4.1000000000000005,0.2,1500.0,,28.0,5.1,1.0,Urpalanj Muurik 002 3000,,Miehikkälä,,,,,,,,
FI_00000507,11146,11146,2023-02-07,60.65688838242908,27.90019461609265,,,,1500.0,,28.0,5.1,S2_FI_00000507,2023-08-13,1.0,97.941905,46.5488635726561,168.948274582477,,,34VEN,S2B_MSIL2A_20230813T095559_R122_T34VEN_20241015T114308,,7.099999999999999,11.1,,76.0,6.400000000000001,4.1000000000000005,0.2,1500.0,,28.0,5.1,1.0,Urpalanj Muurik 002 3000,,Miehikkälä,,,,,,,,
FI_00000508,11146,11146,2023-02-07,60.65688838242908,27.90019461609265,,,,1500.0,,28.0,5.1,S2_FI_00000508,2023-09-04,0.0,47.679329,54.0904037793306,168.563144428723,,,34VEN,S2A_MSIL2A_20230904T095031_R079_T34VEN_20241017T204831,,7.099999999999999,11.1,,76.0,6.400000000000001,4.1000000000000005,0.2,1500.0,,28.0,5.1,1.0,Urpalanj Muurik 002 3000,,Miehikkälä,,,,,,,,
FI_00000509,11146,11146,2023-02-07,60.65688838242908,27.90019461609265,,,,1500.0,,28.0,5.1,S2_FI_00000509,2023-10-24,0.0,98.026121,72.7053607485421,174.244268491144,,,34VEN,S2A_MSIL2A_20231024T095051_R079_T34VEN_20231024T121643,,7.099999999999999,11.1,,76.0,6.400000000000001,4.1000000000000005,0.2,1500.0,,28.0,5.1,1.0,Urpalanj Muurik 002 3000,,Miehikkälä,,,,,,,,
FI_00000510,11146,11146,2023-03-01,60.65688838242908,27.90019461609265,,,,1400.0,,29.0,4.3,S2_FI_00000510,2023-11-13,0.0,98.295754,78.9109112173936,174.560293007809,,,34VEN,S2A_MSIL2A_20231113T095241_R079_T34VEN_20240902T130246,,7.2,11.199999999999998,,77.0,6.2,3.65,0.2,1400.0,,29.0,4.3,0.7,Urpalanj Muurik 002 3000,,Miehikkälä,,,,,,,,
FI_00000511,11146,11146,2023-03-01,60.65688838242908,27.90019461609265,,,,1400.0,,29.0,4.3,S2_FI_00000511,2023-12-11,0.0,96.286607,83.9417986526449,175.058883517211,,,34VEN,S2B_MSIL2A_20231211T100319_R122_T34VEN_20231211T131547,,7.2,11.199999999999998,,77.0,6.2,3.65,0.2,1400.0,,29.0,4.3,0.7,Urpalanj Muurik 002 3000,,Miehikkälä,,,,,,,,
FI_00000512,11146,11146,2023-03-01,60.65688838242908,27.90019461609265,,,,1400.0,,29.0,4.3,S2_FI_00000512,2024-01-07,1.0,1.612129,83.7312695720887,169.724107756795,,,34VEN,S2B_MSIL2A_20240107T095309_R079_T34VEN_20240107T124244,,7.2,11.199999999999998,,77.0,6.2,3.65,0.2,1400.0,,29.0,4.3,0.7,Urpalanj Muurik 002 3000,,Miehikkälä,,,,,,,,
FI_00000513,11146,11146,2023-03-01,60.65688838242908,27.90019461609265,,,,1400.0,,29.0,4.3,S2_FI_00000513,2024-02-12,0.0,59.138125,74.9095189462948,171.839394281552,,,34VEN,S2B_MSIL2A_20240212T101039_R022_T34VEN_20240212T132202,,7.2,11.199999999999998,,77.0,6.2,3.65,0.2,1400.0,,29.0,4.3,0.7,Urpalanj Muurik 002 3000,,Miehikkälä,,,,,,,,
FI_00000514,11146,11146,2023-03-01,60.65688838242908,27.90019461609265,,,,1400.0,,29.0,4.3,S2_FI_00000514,2024-03-05,1.0,0.675411,67.0719505922577,169.300712305185,,,34VEN,S2A_MSIL2A_20240305T100031_R122_T34VEN_20240305T140836,,7.2,11.199999999999998,,77.0,6.2,3.65,0.2,1400.0,,29.0,4.3,0.7,Urpalanj Muurik 002 3000,,Miehikkälä,,,,,,,,
FI_00000515,11146,11146,2023-03-01,60.65688838242908,27.90019461609265,,,,1400.0,,29.0,4.3,S2_FI_00000515,2024-04-22,0.0,99.999911,48.4997404029553,174.554971556526,,,34VEN,S2B_MSIL2A_20240422T100559_R022_T34VEN_20240422T141653,,7.2,11.199999999999998,,77.0,6.2,3.65,0.2,1400.0,,29.0,4.3,0.7,Urpalanj Muurik 002 3000,,Miehikkälä,,,,,,,,
FI_00000516,11146,11146,2023-04-04,60.65688838242908,27.90019461609265,3.1,,,1500.0,,32.0,7.2,S2_FI_00000516,2024-05-14,0.0,58.041942,42.2663677247592,171.348181670994,,,34VEN,S2A_MSIL2A_20240514T100031_R122_T34VEN_20240514T140519,3.1,7.0,11.5,,80.0,6.3,1.95,0.6,1500.0,,32.0,7.2,0.7,Urpalanj Muurik 002 3000,,Miehikkälä,,,,,,,,
FI_00000517,11146,11146,2023-04-04,60.65688838242908,27.90019461609265,3.1,,,1500.0,,32.0,7.2,S2_FI_00000517,2024-06-26,0.0,8.446684,37.6867618522962,172.029243309148,,,34VEN,S2A_MSIL2A_20240626T101031_R022_T34VEN_20240626T191129,3.1,7.0,11.5,,80.0,6.3,1.95,0.6,1500.0,,32.0,7.2,0.7,Urpalanj Muurik 002 3000,,Miehikkälä,,,,,,,,
FI_00000518,11146,11146,2023-04-04,60.65688838242908,27.90019461609265,3.1,,,1500.0,,32.0,7.2,S2_FI_00000518,2024-07-01,1.0,98.935711,37.9788965147341,171.692821542258,,,34VEN,S2B_MSIL2A_20240701T100559_R022_T34VEN_20240702T000046,3.1,7.0,11.5,,80.0,6.3,1.95,0.6,1500.0,,32.0,7.2,0.7,Urpalanj Muurik 002 3000,,Miehikkälä,,,,,,,,
FI_00000519,11146,11146,2023-04-04,60.65688838242908,27.90019461609265,3.1,,,1500.0,,32.0,7.2,S2_FI_00000519,2024-08-20,0.0,63.061082,48.7941403828502,172.995003359598,,,34VEN,S2B_MSIL2A_20240820T100559_R022_T34VEN_20240820T130319,3.1,7.0,11.5,,80.0,6.3,1.95,0.6,1500.0,,32.0,7.2,0.7,Urpalanj Muurik 002 3000,,Miehikkälä,,,,,,,,
FI_00000520,11146,11146,2023-04-04,60.65688838242908,27.90019461609265,3.1,,,1500.0,,32.0,7.2,S2_FI_00000520,2024-09-03,0.0,46.519426,54.0050812111251,168.515202383156,,,34VEN,S2B_MSIL2A_20240903T094549_R079_T34VEN_20240903T123335,3.1,7.0,11.5,,80.0,6.3,1.95,0.6,1500.0,,32.0,7.2,0.7,Urpalanj Muurik 002 3000,,Miehikkälä,,,,,,,,
FI_00000521,11146,11146,2023-04-04,60.65688838242908,27.90019461609265,3.1,,,1500.0,,32.0,7.2,S2_FI_00000521,2024-10-28,0.0,44.678524,74.3152936006191,174.457002197009,,,34VEN,S2A_MSIL2A_20241028T095121_R079_T34VEN_20241028T124759,3.1,7.0,11.5,,80.0,6.3,1.95,0.6,1500.0,,32.0,7.2,0.7,Urpalanj Muurik 002 3000,,Miehikkälä,,,,,,,,
FI_00000522,11146,11146,2023-05-16,60.65688838242908,27.90019461609265,8.5,,,1000.0,,26.0,4.6,S2_FI_00000522,2024-11-10,1.0,99.307901,78.2127804362893,177.021496405166,,,34VEN,S2A_MSIL2A_20241110T100231_R122_T34VEN_20241110T111143,8.5,4.7,8.1,,80.0,6.599999999999999,4.5,15.0,1000.0,,26.0,4.6,0.7,Urpalanj Muurik 002 3000,,Miehikkälä,,,,,,,,
FI_00000523,11146,11146,2023-05-16,60.65688838242908,27.90019461609265,8.5,,,1000.0,,26.0,4.6,S2_FI_00000523,2024-12-12,1.0,10.43373,84.2159480991483,172.591992429495,,,34VEN,S2B_MSIL2A_20241212T095319_R079_T34VEN_20241212T115616,8.5,4.7,8.1,,80.0,6.599999999999999,4.5,15.0,1000.0,,26.0,4.6,0.7,Urpalanj Muurik 002 3000,,Miehikkälä,,,,,,,,
FI_00000525,11146,11146,2023-05-16,60.65688838242908,27.90019461609265,8.5,,,1000.0,,26.0,4.6,S2_FI_00000525,2023-02-14,1.0,98.475462,79.3447539929829,175.240491094592,,,35WNP,S2B_MSIL2A_20230214T100029_R122_T35WNP_20240812T190154,8.5,4.7,8.1,,80.0,6.599999999999999,4.5,15.0,1000.0,,26.0,4.6,0.7,Urpalanj Muurik 002 3000,,Miehikkälä,,,,,,,,
FI_00000526,11146,11146,2023-05-16,60.65688838242908,27.90019461609265,8.5,,,1000.0,,26.0,4.6,S2_FI_00000526,2023-03-08,0.0,3.778707,71.2938361843743,173.18028578586,,,35WNP,S2A_MSIL2A_20230308T095031_R079_T35WNP_20240822T165158,8.5,4.7,8.1,,80.0,6.599999999999999,4.5,15.0,1000.0,,26.0,4.6,0.7,Urpalanj Muurik 002 3000,,Miehikkälä,,,,,,,,
FI_00000527,11146,11146,2023-05-16,60.65688838242908,27.90019461609265,8.5,,,1000.0,,26.0,4.6,S2_FI_00000527,2023-04-13,0.0,0.636974,57.2002758422681,181.265332238797,,,35WNP,S2A_MSIL2A_20230413T100551_R022_T35WNP_20240829T161129,8.5,4.7,8.1,,80.0,6.599999999999999,4.5,15.0,1000.0,,26.0,4.6,0.7,Urpalanj Muurik 002 3000,,Miehikkälä,,,,,,,,
FI_00000528,11146,11146,2023-06-07,60.65688838242908,27.90019461609265,7.099999999999999,,,890.0,,28.0,3.8,S2_FI_00000528,2023-04-18,1.0,66.795224,55.4219210338152,181.648143577218,,,35WNP,S2B_MSIL2A_20230418T100559_R022_T35WNP_20230419T024316,7.099999999999999,4.8,7.599999999999999,,78.0,6.5,5.5,16.8,890.0,,28.0,3.8,0.7,Urpalanj Muurik 002 3000,,Miehikkälä,,,,,,,,
FI_00000529,11146,11146,2023-06-07,60.65688838242908,27.90019461609265,7.099999999999999,,,890.0,,28.0,3.8,S2_FI_00000529,2023-04-27,0.0,49.904275,52.4499290978052,176.101959518577,,,35WNP,S2A_MSIL2A_20230427T095031_R079_T35WNP_20230427T152827,7.099999999999999,4.8,7.599999999999999,,78.0,6.5,5.5,16.8,890.0,,28.0,3.8,0.7,Urpalanj Muurik 002 3000,,Miehikkälä,,,,,,,,
FI_00000530,11146,11146,2023-06-07,60.65688838242908,27.90019461609265,7.099999999999999,,,890.0,,28.0,3.8,S2_FI_00000530,2023-05-02,0.0,64.283025,50.9016300440407,176.266643606805,,,35WNP,S2B_MSIL2A_20230502T095029_R079_T35WNP_20240902T030627,7.099999999999999,4.8,7.599999999999999,,78.0,6.5,5.5,16.8,890.0,,28.0,3.8,0.7,Urpalanj Muurik 002 3000,,Miehikkälä,,,,,,,,
FI_00000531,11146,11146,2023-06-07,60.65688838242908,27.90019461609265,7.099999999999999,,,890.0,,28.0,3.8,S2_FI_00000531,2023-05-08,0.0,45.986965,49.1665202733802,182.664014897525,,,35WNP,S2B_MSIL2A_20230508T100559_R022_T35WNP_20230508T172825,7.099999999999999,4.8,7.599999999999999,,78.0,6.5,5.5,16.8,890.0,,28.0,3.8,0.7,Urpalanj Muurik 002 3000,,Miehikkälä,,,,,,,,
FI_00000532,11146,11146,2023-06-07,60.65688838242908,27.90019461609265,7.099999999999999,,,890.0,,28.0,3.8,S2_FI_00000532,2023-05-15,0.0,30.931938,47.3687675982525,179.568015478352,,,35WNP,S2B_MSIL2A_20230515T095559_R122_T35WNP_20230515T160630,7.099999999999999,4.8,7.599999999999999,,78.0,6.5,5.5,16.8,890.0,,28.0,3.8,0.7,Urpalanj Muurik 002 3000,,Miehikkälä,,,,,,,,
FI_00000533,11146,11146,2023-06-07,60.65688838242908,27.90019461609265,7.099999999999999,,,890.0,,28.0,3.8,S2_FI_00000533,2023-05-22,0.0,78.051192,45.8874681627606,176.210246189187,,,35WNP,S2B_MSIL2A_20230522T094549_R079_T35WNP_20230522T142442,7.099999999999999,4.8,7.599999999999999,,78.0,6.5,5.5,16.8,890.0,,28.0,3.8,0.7,Urpalanj Muurik 002 3000,,Miehikkälä,,,,,,,,
FI_00000534,11146,11146,2023-07-04,60.65688838242908,27.90019461609265,14.0,,,740.0,,42.0,7.099999999999999,S2_FI_00000534,2023-05-30,1.0,44.812593,44.4621218720377,179.165169473991,,,35WNP,S2A_MSIL2A_20230530T100031_R122_T35WNP_20240906T093135,14.0,4.9,5.7,,62.0,6.5,11.449999999999998,19.8,740.0,,42.0,7.099999999999999,0.7,Urpalanj Muurik 002 3000,,Miehikkälä,,,,,,,,
FI_00000535,11146,11146,2023-07-04,60.65688838242908,27.90019461609265,14.0,,,740.0,,42.0,7.099999999999999,S2_FI_00000535,2023-06-07,1.0,97.740269,43.4870133346654,182.061570223468,,,35WNP,S2B_MSIL2A_20230607T100559_R022_T35WNP_20240927T025730,14.0,4.9,5.7,,62.0,6.5,11.449999999999998,19.8,740.0,,42.0,7.099999999999999,0.7,Urpalanj Muurik 002 3000,,Miehikkälä,,,,,,,,
FI_00000536,11146,11146,2023-07-04,60.65688838242908,27.90019461609265,14.0,,,740.0,,42.0,7.099999999999999,S2_FI_00000536,2023-06-26,0.0,65.274209,42.957652262797,173.998506397144,,,35WNP,S2A_MSIL2A_20230626T095031_R079_T35WNP_20241002T040319,14.0,4.9,5.7,,62.0,6.5,11.449999999999998,19.8,740.0,,42.0,7.099999999999999,0.7,Urpalanj Muurik 002 3000,,Miehikkälä,,,,,,,,
FI_00000537,11146,11146,2023-07-04,60.65688838242908,27.90019461609265,14.0,,,740.0,,42.0,7.099999999999999,S2_FI_00000537,2023-07-17,0.0,72.738534,45.0229454525511,179.610962395366,,,35WNP,S2B_MSIL2A_20230717T100559_R022_T35WNP_20241012T225151,14.0,4.9,5.7,,62.0,6.5,11.449999999999998,19.8,740.0,,42.0,7.099999999999999,0.7,Urpalanj Muurik 002 3000,,Miehikkälä,,,,,,,,
FI_00000538,11146,11146,2023-07-04,60.65688838242908,27.90019461609265,14.0,,,740.0,,42.0,7.099999999999999,S2_FI_00000538,2023-08-16,0.0,99.921018,52.4765554706026,180.192089354203,,,35WNP,S2B_MSIL2A_20230816T100559_R022_T35WNP_20241021T010745,14.0,4.9,5.7,,62.0,6.5,11.449999999999998,19.8,740.0,,42.0,7.099999999999999,0.7,Urpalanj Muurik 002 3000,,Miehikkälä,,,,,,,,
FI_00000539,11146,11146,2023-07-04,60.65688838242908,27.90019461609265,14.0,,,740.0,,42.0,7.099999999999999,S2_FI_00000539,2023-08-31,0.0,100.0,57.5745376625497,181.336467754645,,,35WNP,S2A_MSIL2A_20230831T100601_R022_T35WNP_20241018T002849,14.0,4.9,5.7,,62.0,6.5,11.449999999999998,19.8,740.0,,42.0,7.099999999999999,0.7,Urpalanj Muurik 002 3000,,Miehikkälä,,,,,,,,
FI_00000540,11146,11146,2023-08-01,60.65688838242908,27.90019461609265,6.8,,,590.0,,30.0,3.5,S2_FI_00000540,2023-09-10,1.0,99.881029,61.2857221675208,182.243270099748,,,35WNP,S2A_MSIL2A_20230910T100601_R022_T35WNP_20241104T085707,6.8,5.0,6.099999999999999,,68.0,6.7,3.7,20.7,590.0,,30.0,3.5,0.7,Urpalanj Muurik 002 3000,,Miehikkälä,,,,,,,,
FI_00000541,11146,11146,2023-08-01,60.65688838242908,27.90019461609265,6.8,,,590.0,,30.0,3.5,S2_FI_00000541,2023-09-27,1.0,79.094851,67.838066141767,181.048891465899,,,35WNP,S2A_MSIL2A_20230927T100031_R122_T35WNP_20241101T152850,6.8,5.0,6.099999999999999,,68.0,6.7,3.7,20.7,590.0,,30.0,3.5,0.7,Urpalanj Muurik 002 3000,,Miehikkälä,,,,,,,,
FI_00000542,11146,11146,2023-08-01,60.65688838242908,27.90019461609265,6.8,,,590.0,,30.0,3.5,S2_FI_00000542,2023-10-09,0.0,94.221598,72.4623493435252,179.386947317084,,,35WNP,S2B_MSIL2A_20231009T094819_R079_T35WNP_20231009T142433,6.8,5.0,6.099999999999999,,68.0,6.7,3.7,20.7,590.0,,30.0,3.5,0.7,Urpalanj Muurik 002 3000,,Miehikkälä,,,,,,,,
FI_00000543,11146,11146,2023-08-01,60.65688838242908,27.90019461609265,6.8,,,590.0,,30.0,3.5,S2_FI_00000543,2023-10-25,1.0,56.946653,78.3973528223296,185.192670255655,,,35WNP,S2B_MSIL2A_20231025T101029_R022_T35WNP_20241106T074727,6.8,5.0,6.099999999999999,,68.0,6.7,3.7,20.7,590.0,,30.0,3.5,0.7,Urpalanj Muurik 002 3000,,Miehikkälä,,,,,,,,
FI_00000544,11146,11146,2023-08-01,60.65688838242908,27.90019461609265,6.8,,,590.0,,30.0,3.5,S2_FI_00000544,2023-11-08,1.0,97.307932,82.7710510588797,180.316043825496,,,35WNP,S2B_MSIL2A_20231108T095129_R079_T35WNP_20231108T131946,6.8,5.0,6.099999999999999,,68.0,6.7,3.7,20.7,590.0,,30.0,3.5,0.7,Urpalanj Muurik 002 3000,,Miehikkälä,,,,,,,,
FI_00000546,11146,11146,2023-09-05,60.65688838242908,27.90019461609265,7.7,,,300.0,,26.0,1.1,S2_FI_00000546,2024-01-30,5.0,63.387644,84.0342425500785,175.629654868207,,,35WNP,S2B_MSIL2A_20240130T100149_R122_T35WNP_20240130T131411,7.7,5.0,6.2,,65.0,6.599999999999999,1.65,17.5,300.0,,26.0,1.1,0.7,Urpalanj Muurik 002 3000,,Miehikkälä,,,,,,,,
FI_00000547,11146,11146,2023-09-05,60.65688838242908,27.90019461609265,7.7,,,300.0,,26.0,1.1,S2_FI_00000547,2024-02-12,1.0,2.692652,80.0310755483675,177.713694354574,,,35WNP,S2B_MSIL2A_20240212T101039_R022_T35WNP_20240212T131733,7.7,5.0,6.2,,65.0,6.599999999999999,1.65,17.5,300.0,,26.0,1.1,0.7,Urpalanj Muurik 002 3000,,Miehikkälä,,,,,,,,
FI_00000548,11146,11146,2023-09-05,60.65688838242908,27.90019461609265,7.7,,,300.0,,26.0,1.1,S2_FI_00000548,2024-03-20,1.0,99.015343,66.1436436778788,176.612719030569,,,35WNP,S2B_MSIL2A_20240320T095649_R122_T35WNP_20240320T152513,7.7,5.0,6.2,,65.0,6.599999999999999,1.65,17.5,300.0,,26.0,1.1,0.7,Urpalanj Muurik 002 3000,,Miehikkälä,,,,,,,,
FI_00000549,11146,11146,2023-09-05,60.65688838242908,27.90019461609265,7.7,,,300.0,,26.0,1.1,S2_FI_00000549,2024-04-11,0.0,52.049816,57.716929952485,175.337490472883,,,35WNP,S2A_MSIL2A_20240411T095031_R079_T35WNP_20240411T155105,7.7,5.0,6.2,,65.0,6.599999999999999,1.65,17.5,300.0,,26.0,1.1,0.7,Urpalanj Muurik 002 3000,,Miehikkälä,,,,,,,,
FI_00000550,11146,11146,2023-09-05,60.65688838242908,27.90019461609265,7.7,,,300.0,,26.0,1.1,S2_FI_00000550,2024-04-17,0.0,39.268962,55.5051315860478,181.63609910685,,,35WNP,S2A_MSIL2A_20240417T100601_R022_T35WNP_20240417T161707,7.7,5.0,6.2,,65.0,6.599999999999999,1.65,17.5,300.0,,26.0,1.1,0.7,Urpalanj Muurik 002 3000,,Miehikkälä,,,,,,,,
FI_00000551,11146,11146,2023-09-05,60.65688838242908,27.90019461609265,7.7,,,300.0,,26.0,1.1,S2_FI_00000551,2024-04-22,1.0,100.0,53.7985167191885,181.961393950591,,,35WNP,S2B_MSIL2A_20240422T100559_R022_T35WNP_20240422T141236,7.7,5.0,6.2,,65.0,6.599999999999999,1.65,17.5,300.0,,26.0,1.1,0.7,Urpalanj Muurik 002 3000,,Miehikkälä,,,,,,,,
FI_00000552,11146,11146,2023-10-03,60.65688838242908,27.90019461609265,7.400000000000001,,,640.0,,30.0,4.0,S2_FI_00000552,2024-04-29,0.0,97.703922,51.5428472935335,179.275276951896,,,35WNP,S2B_MSIL2A_20240429T095549_R122_T35WNP_20240429T142120,7.400000000000001,5.0,6.8,,66.0,6.7,5.3500000000000005,13.699999999999998,640.0,,30.0,4.0,1.0,Urpalanj Muurik 002 3000,,Miehikkälä,,,,,,,,
FI_00000553,11146,11146,2023-10-03,60.65688838242908,27.90019461609265,7.400000000000001,,,640.0,,30.0,4.0,S2_FI_00000553,2024-05-06,0.0,73.458576,49.5287670746962,176.348831319808,,,35WNP,S2B_MSIL2A_20240506T094549_R079_T35WNP_20240506T131844,7.400000000000001,5.0,6.8,,66.0,6.7,5.3500000000000005,13.699999999999998,640.0,,30.0,4.0,1.0,Urpalanj Muurik 002 3000,,Miehikkälä,,,,,,,,
FI_00000554,11146,11146,2023-10-03,60.65688838242908,27.90019461609265,7.400000000000001,,,640.0,,30.0,4.0,S2_FI_00000554,2024-05-14,0.0,79.825735,47.4253999097516,179.562982015469,,,35WNP,S2A_MSIL2A_20240514T100031_R122_T35WNP_20240514T135309,7.400000000000001,5.0,6.8,,66.0,6.7,5.3500000000000005,13.699999999999998,640.0,,30.0,4.0,1.0,Urpalanj Muurik 002 3000,,Miehikkälä,,,,,,,,
FI_00000555,11146,11146,2023-10-03,60.65688838242908,27.90019461609265,7.400000000000001,,,640.0,,30.0,4.0,S2_FI_00000555,2024-05-21,0.0,21.184994,45.9362030299428,176.19610469942,,,35WNP,S2A_MSIL2A_20240521T095031_R079_T35WNP_20240521T144000,7.400000000000001,5.0,6.8,,66.0,6.7,5.3500000000000005,13.699999999999998,640.0,,30.0,4.0,1.0,Urpalanj Muurik 002 3000,,Miehikkälä,,,,,,,,
FI_00000556,11146,11146,2023-10-03,60.65688838242908,27.90019461609265,7.400000000000001,,,640.0,,30.0,4.0,S2_FI_00000556,2024-05-27,1.0,10.65359,44.8266680375226,182.546615536903,,,35WNP,S2A_MSIL2A_20240527T100601_R022_T35WNP_20240527T171504,7.400000000000001,5.0,6.8,,66.0,6.7,5.3500000000000005,13.699999999999998,640.0,,30.0,4.0,1.0,Urpalanj Muurik 002 3000,,Miehikkälä,,,,,,,,
FI_00000557,11146,11146,2023-10-03,60.65688838242908,27.90019461609265,7.400000000000001,,,640.0,,30.0,4.0,S2_FI_00000557,2024-06-03,0.0,41.528395,43.8282524251242,178.925509612312,,,35WNP,S2A_MSIL2A_20240603T100031_R122_T35WNP_20240603T151846,7.400000000000001,5.0,6.8,,66.0,6.7,5.3500000000000005,13.699999999999998,640.0,,30.0,4.0,1.0,Urpalanj Muurik 002 3000,,Miehikkälä,,,,,,,,
FI_00000558,11146,11146,2023-11-01,60.65688838242908,27.90019461609265,,,,940.0,,55.0,9.5,S2_FI_00000558,2024-06-11,0.0,92.440146,43.0987843478597,181.747545702521,,,35WNP,S2B_MSIL2A_20240611T100559_R022_T35WNP_20240611T141809,,5.8,10.3,,75.0,6.400000000000001,8.6,2.3,940.0,,55.0,9.5,0.7,Urpalanj Muurik 002 3000,,Miehikkälä,,,,,,,,
FI_00000559,11146,11146,2023-11-01,60.65688838242908,27.90019461609265,,,,940.0,,55.0,9.5,S2_FI_00000559,2024-07-25,0.0,21.998321,46.8572467342902,173.039354056215,,,35WNP,S2B_MSIL2A_20240725T094549_R079_T35WNP_20240725T122825,,5.8,10.3,,75.0,6.400000000000001,8.6,2.3,940.0,,55.0,9.5,0.7,Urpalanj Muurik 002 3000,,Miehikkälä,,,,,,,,
FI_00000560,11146,11146,2023-11-01,60.65688838242908,27.90019461609265,,,,940.0,,55.0,9.5,S2_FI_00000560,2024-08-12,0.0,66.357386,51.4985365888919,176.905596034563,,,35WNP,S2A_MSIL2A_20240812T100031_R122_T35WNP_20240812T140649,,5.8,10.3,,75.0,6.400000000000001,8.6,2.3,940.0,,55.0,9.5,0.7,Urpalanj Muurik 002 3000,,Miehikkälä,,,,,,,,
FI_00000561,11146,11146,2023-11-01,60.65688838242908,27.90019461609265,,,,940.0,,55.0,9.5,S2_FI_00000561,2024-08-29,0.0,51.29593,57.1827844286799,175.340564781731,,,35WNP,S2A_MSIL2A_20240829T095031_R079_T35WNP_20240829T134149,,5.8,10.3,,75.0,6.400000000000001,8.6,2.3,940.0,,55.0,9.5,0.7,Urpalanj Muurik 002 3000,,Miehikkälä,,,,,,,,
FI_00000562,11146,11146,2023-11-01,60.65688838242908,27.90019461609265,,,,940.0,,55.0,9.5,S2_FI_00000562,2024-09-11,1.0,63.980091,61.9373584558254,179.55810723899,,,35WNP,S2A_MSIL2A_20240911T100021_R122_T35WNP_20240911T143249,,5.8,10.3,,75.0,6.400000000000001,8.6,2.3,940.0,,55.0,9.5,0.7,Urpalanj Muurik 002 3000,,Miehikkälä,,,,,,,,
FI_00000563,11146,11146,2023-11-01,60.65688838242908,27.90019461609265,,,,940.0,,55.0,9.5,S2_FI_00000563,2024-09-26,0.0,77.988875,67.7423699945291,181.018279876717,,,35WNP,S2B_MSIL2A_20240926T100029_R122_T35WNP_20240926T123056,,5.8,10.3,,75.0,6.400000000000001,8.6,2.3,940.0,,55.0,9.5,0.7,Urpalanj Muurik 002 3000,,Miehikkälä,,,,,,,,
FI_00000564,11146,11146,2023-12-12,60.65688838242908,27.90019461609265,,,,1400.0,,35.0,4.9,S2_FI_00000564,2024-10-06,1.0,1.47479,71.62078064607,181.827125151278,,,35WNP,S2B_MSIL2A_20241006T100029_R122_T35WNP_20241006T121340,,6.5,5.599999999999999,,39.0,6.400000000000001,3.2,0.5,1400.0,,35.0,4.9,0.7,Urpalanj Muurik 002 3000,,Miehikkälä,,,,,,,,
FI_00000565,11146,11146,2023-12-12,60.65688838242908,27.90019461609265,,,,1400.0,,35.0,4.9,S2_FI_00000565,2024-10-21,1.0,99.871165,77.1895558348379,182.618754247148,,,35WNP,S2A_MSIL2A_20241021T100041_R122_T35WNP_20241021T111449,,6.5,5.599999999999999,,39.0,6.400000000000001,3.2,0.5,1400.0,,35.0,4.9,0.7,Urpalanj Muurik 002 3000,,Miehikkälä,,,,,,,,
FI_00000566,11146,11146,2023-12-12,60.65688838242908,27.90019461609265,,,,1400.0,,35.0,4.9,S2_FI_00000566,2024-11-05,0.0,97.294939,82.137605294287,182.736736733073,,,35WNP,S2B_MSIL2A_20241105T100109_R122_T35WNP_20241105T111000,,6.5,5.599999999999999,,39.0,6.400000000000001,3.2,0.5,1400.0,,35.0,4.9,0.7,Urpalanj Muurik 002 3000,,Miehikkälä,,,,,,,,
FI_00000568,11146,11146,2023-12-12,60.65688838242908,27.90019461609265,,,,1400.0,,35.0,4.9,S2_FI_00000568,2023-01-26,1.0,31.185567,82.5983135636687,170.612095376603,,,36VUR,S2B_MSIL2A_20230126T093159_R136_T36VUR_20230127T113449,,6.5,5.599999999999999,,39.0,6.400000000000001,3.2,0.5,1400.0,,35.0,4.9,0.7,Urpalanj Muurik 002 3000,,Miehikkälä,,,,,,,,
FI_00000569,11146,11146,2023-12-12,60.65688838242908,27.90019461609265,,,,1400.0,,35.0,4.9,S2_FI_00000569,2023-02-20,1.0,25.026909,74.8639716329763,169.666799788863,,,36VUR,S2A_MSIL2A_20230220T093031_R136_T36VUR_20230222T190506,,6.5,5.599999999999999,,39.0,6.400000000000001,3.2,0.5,1400.0,,35.0,4.9,0.7,Urpalanj Muurik 002 3000,,Miehikkälä,,,,,,,,
FI_00000570,11146,11146,2024-01-10,60.65688838242908,27.90019461609265,,,,1200.0,,32.0,4.8,S2_FI_00000570,2023-03-05,2.0,72.333324,69.7976835732153,172.451500922044,,,36VUR,S2A_MSIL2A_20230305T094031_R036_T36VUR_20240820T021538,,6.5,11.4,,78.0,6.400000000000001,4.55,0.0,1200.0,,32.0,4.8,1.0,Urpalanj Muurik 002 3000,,Miehikkälä,,,,,,,,
FI_00000571,11146,11146,2024-01-10,60.65688838242908,27.90019461609265,,,,1200.0,,32.0,4.8,S2_FI_00000571,2023-04-01,3.0,90.703928,59.2640411285353,171.043508712447,,,36VUR,S2A_MSIL2A_20230401T093031_R136_T36VUR_20240828T012945,,6.5,11.4,,78.0,6.400000000000001,4.55,0.0,1200.0,,32.0,4.8,1.0,Urpalanj Muurik 002 3000,,Miehikkälä,,,,,,,,
FI_00000572,11146,11146,2024-01-10,60.65688838242908,27.90019461609265,,,,1200.0,,32.0,4.8,S2_FI_00000572,2023-04-11,2.0,99.209982,55.4485216805944,171.581863627907,,,36VUR,S2A_MSIL2A_20230411T093031_R136_T36VUR_20240830T075753,,6.5,11.4,,78.0,6.400000000000001,4.55,0.0,1200.0,,32.0,4.8,1.0,Urpalanj Muurik 002 3000,,Miehikkälä,,,,,,,,
FI_00000573,11146,11146,2024-01-10,60.65688838242908,27.90019461609265,,,,1200.0,,32.0,4.8,S2_FI_00000573,2023-04-17,1.0,27.78421,53.0657086642098,177.973893244075,,,36VUR,S2A_MSIL2A_20230417T095031_R079_T36VUR_20240902T191342,,6.5,11.4,,78.0,6.400000000000001,4.55,0.0,1200.0,,32.0,4.8,1.0,Urpalanj Muurik 002 3000,,Miehikkälä,,,,,,,,
FI_00000574,11146,11146,2024-01-10,60.65688838242908,27.90019461609265,,,,1200.0,,32.0,4.8,S2_FI_00000574,2023-04-21,3.0,7.194524,51.8719340137114,172.004100633479,,,36VUR,S2A_MSIL2A_20230421T093031_R136_T36VUR_20240902T091540,,6.5,11.4,,78.0,6.400000000000001,4.55,0.0,1200.0,,32.0,4.8,1.0,Urpalanj Muurik 002 3000,,Miehikkälä,,,,,,,,
FI_00000575,11146,11146,2024-01-10,60.65688838242908,27.90019461609265,,,,1200.0,,32.0,4.8,S2_FI_00000575,2023-05-01,3.0,60.06915,48.6308531566523,172.264773502934,,,36VUR,S2A_MSIL2A_20230501T093031_R136_T36VUR_20240831T164846,,6.5,11.4,,78.0,6.400000000000001,4.55,0.0,1200.0,,32.0,4.8,1.0,Urpalanj Muurik 002 3000,,Miehikkälä,,,,,,,,
FI_00000576,11146,11146,2024-02-06,60.65688838242908,27.90019461609265,,,,1200.0,,30.0,4.2,S2_FI_00000576,2023-05-09,2.0,97.98131,46.2234330434199,175.595585032929,,,36VUR,S2B_MSIL2A_20230509T093549_R036_T36VUR_20230509T141245,,6.7,10.800000000000002,,74.0,6.5,3.1,0.3,1200.0,,30.0,4.2,0.3,Urpalanj Muurik 002 3000,,Miehikkälä,,,,,,,,
FI_00000577,11146,11146,2024-02-06,60.65688838242908,27.90019461609265,,,,1200.0,,30.0,4.2,S2_FI_00000577,2023-05-14,1.0,50.496942,44.9511599434125,175.556729674195,,,36VUR,S2A_MSIL2A_20230514T094031_R036_T36VUR_20230515T000434,,6.7,10.800000000000002,,74.0,6.5,3.1,0.3,1200.0,,30.0,4.2,0.3,Urpalanj Muurik 002 3000,,Miehikkälä,,,,,,,,
FI_00000578,11146,11146,2024-02-06,60.65688838242908,27.90019461609265,,,,1200.0,,30.0,4.2,S2_FI_00000578,2023-05-22,0.0,27.129668,43.1361287549787,178.793111425709,,,36VUR,S2B_MSIL2A_20230522T094549_R079_T36VUR_20230522T142431,,6.7,10.800000000000002,,74.0,6.5,3.1,0.3,1200.0,,30.0,4.2,0.3,Urpalanj Muurik 002 3000,,Miehikkälä,,,,,,,,
FI_00000579,11146,11146,2024-02-06,60.65688838242908,27.90019461609265,,,,1200.0,,30.0,4.2,S2_FI_00000579,2023-05-26,3.0,71.57287,42.5825221443267,171.774114122279,,,36VUR,S2B_MSIL2A_20230526T092559_R136_T36VUR_20240907T032249,,6.7,10.800000000000002,,74.0,6.5,3.1,0.3,1200.0,,30.0,4.2,0.3,Urpalanj Muurik 002 3000,,Miehikkälä,,,,,,,,
FI_00000580,11146,11146,2024-02-06,60.65688838242908,27.90019461609265,,,,1200.0,,30.0,4.2,S2_FI_00000580,2023-06-10,3.0,1.829193,40.7370663223373,170.736314889615,,,36VUR,S2A_MSIL2A_20230610T093041_R136_T36VUR_20240912T151402,,6.7,10.800000000000002,,74.0,6.5,3.1,0.3,1200.0,,30.0,4.2,0.3,Urpalanj Muurik 002 3000,,Miehikkälä,,,,,,,,
FI_00000581,11146,11146,2024-02-06,60.65688838242908,27.90019461609265,,,,1200.0,,30.0,4.2,S2_FI_00000581,2023-07-16,4.0,23.983711,42.1936541724087,175.510618072058,,,36VUR,S2A_MSIL2A_20230716T095031_R079_T36VUR_20241016T130945,,6.7,10.800000000000002,,74.0,6.5,3.1,0.3,1200.0,,30.0,4.2,0.3,Urpalanj Muurik 002 3000,,Miehikkälä,,,,,,,,
FI_00000582,11146,11146,2024-03-05,60.65688838242908,27.90019461609265,,,,1300.0,,33.0,6.2,S2_FI_00000582,2023-07-30,3.0,83.717018,45.3440461419301,168.879000655243,,,36VUR,S2A_MSIL2A_20230730T093041_R136_T36VUR_20241018T172529,,6.900000000000001,11.1,,77.0,6.7,6.599999999999999,0.7000000000000001,1300.0,,33.0,6.2,0.7,Urpalanj Muurik 002 3000,,Miehikkälä,,,,,,,,
FI_00000583,11146,11146,2024-03-05,60.65688838242908,27.90019461609265,,,,1300.0,,33.0,6.2,S2_FI_00000583,2023-08-20,3.0,31.705052,51.0788565335996,176.752966518405,,,36VUR,S2B_MSIL2A_20230820T094549_R079_T36VUR_20241022T160002,,6.900000000000001,11.1,,77.0,6.7,6.599999999999999,0.7000000000000001,1300.0,,33.0,6.2,0.7,Urpalanj Muurik 002 3000,,Miehikkälä,,,,,,,,
FI_00000584,11146,11146,2024-03-05,60.65688838242908,27.90019461609265,,,,1300.0,,33.0,6.2,S2_FI_00000584,2023-09-04,3.0,82.391328,56.3152948110845,178.214096942708,,,36VUR,S2A_MSIL2A_20230904T095031_R079_T36VUR_20241017T204831,,6.900000000000001,11.1,,77.0,6.7,6.599999999999999,0.7000000000000001,1300.0,,33.0,6.2,0.7,Urpalanj Muurik 002 3000,,Miehikkälä,,,,,,,,
FI_00000585,11146,11146,2024-03-05,60.65688838242908,27.90019461609265,,,,1300.0,,33.0,6.2,S2_FI_00000585,2023-09-14,4.0,95.640832,60.0757158736034,179.264389888451,,,36VUR,S2A_MSIL2A_20230914T095031_R079_T36VUR_20240825T021032,,6.900000000000001,11.1,,77.0,6.7,6.599999999999999,0.7000000000000001,1300.0,,33.0,6.2,0.7,Urpalanj Muurik 002 3000,,Miehikkälä,,,,,,,,
FI_00000586,11146,11146,2024-03-05,60.65688838242908,27.90019461609265,,,,1300.0,,33.0,6.2,S2_FI_00000586,2023-10-01,2.0,85.127771,66.6780686635502,178.197602975849,,,36VUR,S2A_MSIL2A_20231001T094031_R036_T36VUR_20231002T021854,,6.900000000000001,11.1,,77.0,6.7,6.599999999999999,0.7000000000000001,1300.0,,33.0,6.2,0.7,Urpalanj Muurik 002 3000,,Miehikkälä,,,,,,,,
FI_00000587,11146,11146,2024-03-05,60.65688838242908,27.90019461609265,,,,1300.0,,33.0,6.2,S2_FI_00000587,2023-10-14,2.0,99.989676,71.6387264055422,181.814056724709,,,36VUR,S2A_MSIL2A_20231014T095031_R079_T36VUR_20240829T194423,,6.900000000000001,11.1,,77.0,6.7,6.599999999999999,0.7000000000000001,1300.0,,33.0,6.2,0.7,Urpalanj Muurik 002 3000,,Miehikkälä,,,,,,,,
FI_00000588,11146,11146,2024-04-02,60.65688838242908,27.90019461609265,1.0,,,1400.0,,37.0,9.0,S2_FI_00000588,2023-10-31,2.0,70.222509,77.5870503056884,179.867919591857,,,36VUR,S2A_MSIL2A_20231031T094131_R036_T36VUR_20231031T123126,1.0,5.400000000000001,11.6,,83.0,6.3,11.1,1.7,1400.0,,37.0,9.0,0.9,Urpalanj Muurik 002 3000,,Miehikkälä,,,,,,,,
FI_00000589,11146,11146,2024-04-02,60.65688838242908,27.90019461609265,1.0,,,1400.0,,37.0,9.0,S2_FI_00000589,2023-11-10,3.0,99.812627,80.6245840549422,179.811383133835,,,36VUR,S2A_MSIL2A_20231110T094221_R036_T36VUR_20240902T054305,1.0,5.400000000000001,11.6,,83.0,6.3,11.1,1.7,1400.0,,37.0,9.0,0.9,Urpalanj Muurik 002 3000,,Miehikkälä,,,,,,,,
FI_00000591,11146,11146,2024-04-02,60.65688838242908,27.90019461609265,1.0,,,1400.0,,37.0,9.0,S2_FI_00000591,2024-01-21,3.0,99.92156,83.8098839514286,171.020615439898,,,36VUR,S2B_MSIL2A_20240121T093219_R136_T36VUR_20240121T135047,1.0,5.400000000000001,11.6,,83.0,6.3,11.1,1.7,1400.0,,37.0,9.0,0.9,Urpalanj Muurik 002 3000,,Miehikkälä,,,,,,,,
FI_00000592,11146,11146,2024-04-02,60.65688838242908,27.90019461609265,1.0,,,1400.0,,37.0,9.0,S2_FI_00000592,2024-02-28,1.0,91.175294,71.8121411819995,172.310826567703,,,36VUR,S2A_MSIL2A_20240228T094031_R036_T36VUR_20240228T131407,1.0,5.400000000000001,11.6,,83.0,6.3,11.1,1.7,1400.0,,37.0,9.0,0.9,Urpalanj Muurik 002 3000,,Miehikkälä,,,,,,,,
FI_00000593,11146,11146,2024-04-02,60.65688838242908,27.90019461609265,1.0,,,1400.0,,37.0,9.0,S2_FI_00000593,2024-03-14,0.0,100.0,65.9474722618292,172.882284409635,,,36VUR,S2B_MSIL2A_20240314T093649_R036_T36VUR_20240314T141806,1.0,5.400000000000001,11.6,,83.0,6.3,11.1,1.7,1400.0,,37.0,9.0,0.9,Urpalanj Muurik 002 3000,,Miehikkälä,,,,,,,,
FI_00000594,11146,11146,2024-05-07,60.65688838242908,27.90019461609265,3.9,,,1000.0,,31.0,6.3,S2_FI_00000594,2024-04-03,0.0,99.994147,58.0491713504463,174.111952238289,,,36VUR,S2B_MSIL2A_20240403T093549_R036_T36VUR_20240403T133537,3.9,4.5,8.6,,75.0,6.3,6.75,9.6,1000.0,,31.0,6.3,0.6,Urpalanj Muurik 002 3000,,Miehikkälä,,,,,,,,
FI_00000595,11146,11146,2024-05-07,60.65688838242908,27.90019461609265,3.9,,,1000.0,,31.0,6.3,S2_FI_00000595,2024-04-10,0.0,100.0,55.5372504672676,171.566330457681,,,36VUR,S2B_MSIL2A_20240410T092549_R136_T36VUR_20240410T141557,3.9,4.5,8.6,,75.0,6.3,6.75,9.6,1000.0,,31.0,6.3,0.6,Urpalanj Muurik 002 3000,,Miehikkälä,,,,,,,,
FI_00000596,11146,11146,2024-05-07,60.65688838242908,27.90019461609265,3.9,,,1000.0,,31.0,6.3,S2_FI_00000596,2024-04-18,0.0,62.7253,52.5172503858138,175.020820797855,,,36VUR,S2A_MSIL2A_20240418T094031_R036_T36VUR_20240418T141545,3.9,4.5,8.6,,75.0,6.3,6.75,9.6,1000.0,,31.0,6.3,0.6,Urpalanj Muurik 002 3000,,Miehikkälä,,,,,,,,
FI_00000597,11146,11146,2024-05-07,60.65688838242908,27.90019461609265,3.9,,,1000.0,,31.0,6.3,S2_FI_00000597,2024-04-25,0.0,99.999547,50.2820257908692,172.172913430792,,,36VUR,S2A_MSIL2A_20240425T093031_R136_T36VUR_20240425T151346,3.9,4.5,8.6,,75.0,6.3,6.75,9.6,1000.0,,31.0,6.3,0.6,Urpalanj Muurik 002 3000,,Miehikkälä,,,,,,,,
FI_00000598,11146,11146,2024-05-07,60.65688838242908,27.90019461609265,3.9,,,1000.0,,31.0,6.3,S2_FI_00000598,2024-05-01,1.0,90.399051,48.2238364778043,178.728692883967,,,36VUR,S2A_MSIL2A_20240501T095031_R079_T36VUR_20240501T151756,3.9,4.5,8.6,,75.0,6.3,6.75,9.6,1000.0,,31.0,6.3,0.6,Urpalanj Muurik 002 3000,,Miehikkälä,,,,,,,,
FI_00000599,11146,11146,2024-05-07,60.65688838242908,27.90019461609265,3.9,,,1000.0,,31.0,6.3,S2_FI_00000599,2024-05-06,1.0,99.715328,46.7786397967425,178.845906581425,,,36VUR,S2B_MSIL2A_20240506T094549_R079_T36VUR_20240506T131823,3.9,4.5,8.6,,75.0,6.3,6.75,9.6,1000.0,,31.0,6.3,0.6,Urpalanj Muurik 002 3000,,Miehikkälä,,,,,,,,
FI_00000600,11146,11146,2024-06-04,60.65688838242908,27.90019461609265,15.0,,,890.0,,32.0,5.0,S2_FI_00000600,2024-05-13,0.0,97.476244,45.0091009021582,175.554780129409,,,36VUR,S2B_MSIL2A_20240513T093549_R036_T36VUR_20240513T125046,15.0,4.9,5.400000000000001,,63.0,6.5,5.0,24.25,890.0,,32.0,5.0,0.7,Urpalanj Muurik 002 3000,,Miehikkälä,,,,,,,,
FI_00000601,11146,11146,2024-06-04,60.65688838242908,27.90019461609265,15.0,,,890.0,,32.0,5.0,S2_FI_00000601,2024-05-20,0.0,23.190929,43.5673481784879,171.999175808919,,,36VUR,S2B_MSIL2A_20240520T092549_R136_T36VUR_20240520T131638,15.0,4.9,5.400000000000001,,63.0,6.5,5.0,24.25,890.0,,32.0,5.0,0.7,Urpalanj Muurik 002 3000,,Miehikkälä,,,,,,,,
FI_00000602,11146,11146,2024-06-04,60.65688838242908,27.90019461609265,15.0,,,890.0,,32.0,5.0,S2_FI_00000602,2024-05-28,0.0,14.478102,42.0045106190463,175.060893658664,,,36VUR,S2A_MSIL2A_20240528T094031_R036_T36VUR_20240528T142053,15.0,4.9,5.400000000000001,,63.0,6.5,5.0,24.25,890.0,,32.0,5.0,0.7,Urpalanj Muurik 002 3000,,Miehikkälä,,,,,,,,
FI_00000603,11146,11146,2024-06-04,60.65688838242908,27.90019461609265,15.0,,,890.0,,32.0,5.0,S2_FI_00000603,2024-06-10,1.0,97.997755,40.4573508439405,177.732061234826,,,36VUR,S2A_MSIL2A_20240610T095031_R079_T36VUR_20240610T131719,15.0,4.9,5.400000000000001,,63.0,6.5,5.0,24.25,890.0,,32.0,5.0,0.7,Urpalanj Muurik 002 3000,,Miehikkälä,,,,,,,,
FI_00000604,11146,11146,2024-06-04,60.65688838242908,27.90019461609265,15.0,,,890.0,,32.0,5.0,S2_FI_00000604,2024-06-30,1.0,26.665527,40.4197849776425,176.217708058774,,,36VUR,S2A_MSIL2A_20240630T095031_R079_T36VUR_20240701T192703,15.0,4.9,5.400000000000001,,63.0,6.5,5.0,24.25,890.0,,32.0,5.0,0.7,Urpalanj Muurik 002 3000,,Miehikkälä,,,,,,,,
FI_00000605,11146,11146,2024-06-04,60.65688838242908,27.90019461609265,15.0,,,890.0,,32.0,5.0,S2_FI_00000605,2024-07-30,1.0,99.630231,45.2286517709248,175.540580070585,,,36VUR,S2A_MSIL2A_20240730T095031_R079_T36VUR_20240730T155453,15.0,4.9,5.400000000000001,,63.0,6.5,5.0,24.25,890.0,,32.0,5.0,0.7,Urpalanj Muurik 002 3000,,Miehikkälä,,,,,,,,
FI_00000606,11146,11146,2024-07-02,60.65688838242908,27.90019461609265,12.0,,,720.0,,35.0,6.3,S2_FI_00000606,2024-08-19,0.0,54.946262,50.9996241172658,176.706894016268,,,36VUR,S2A_MSIL2A_20240819T095031_R079_T36VUR_20240819T143207,12.0,5.0,5.3,,61.0,6.7,8.75,22.7,720.0,,35.0,6.3,0.6,Urpalanj Muurik 002 3000,,Miehikkälä,,,,,,,,
FI_00000607,11146,11146,2024-07-02,60.65688838242908,27.90019461609265,12.0,,,720.0,,35.0,6.3,S2_FI_00000607,2024-09-03,0.0,47.75987,56.2270304049339,178.176119533234,,,36VUR,S2B_MSIL2A_20240903T094549_R079_T36VUR_20240903T121539,12.0,5.0,5.3,,61.0,6.7,8.75,22.7,720.0,,35.0,6.3,0.6,Urpalanj Muurik 002 3000,,Miehikkälä,,,,,,,,
FI_00000608,11146,11146,2024-07-02,60.65688838242908,27.90019461609265,12.0,,,720.0,,35.0,6.3,S2_FI_00000608,2024-09-22,3.0,6.77928,63.5593570590085,174.578940770723,,,36VUR,S2A_MSIL2A_20240922T093031_R136_T36VUR_20240922T130353,12.0,5.0,5.3,,61.0,6.7,8.75,22.7,720.0,,35.0,6.3,0.6,Urpalanj Muurik 002 3000,,Miehikkälä,,,,,,,,
FI_00000609,11146,11146,2024-07-02,60.65688838242908,27.90019461609265,12.0,,,720.0,,35.0,6.3,S2_FI_00000609,2024-10-02,0.0,100.0,67.4125091877877,175.664657347109,,,36VUR,S2A_MSIL2A_20241002T093031_R136_T36VUR_20241002T125105,12.0,5.0,5.3,,61.0,6.7,8.75,22.7,720.0,,35.0,6.3,0.6,Urpalanj Muurik 002 3000,,Miehikkälä,,,,,,,,
FI_00000610,11146,11146,2024-07-02,60.65688838242908,27.90019461609265,12.0,,,720.0,,35.0,6.3,S2_FI_00000610,2024-10-17,0.0,100.0,73.0419505409831,176.873850385639,,,36VUR,S2B_MSIL2A_20241017T093029_R136_T36VUR_20241017T110440,12.0,5.0,5.3,,61.0,6.7,8.75,22.7,720.0,,35.0,6.3,0.6,Urpalanj Muurik 002 3000,,Miehikkälä,,,,,,,,
FI_00000611,11146,11146,2024-07-02,60.65688838242908,27.90019461609265,12.0,,,720.0,,35.0,6.3,S2_FI_00000611,2024-10-30,0.0,67.436683,77.5086723119116,179.87055766667,,,36VUR,S2B_MSIL2A_20241030T094029_R036_T36VUR_20241030T111154,12.0,5.0,5.3,,61.0,6.7,8.75,22.7,720.0,,35.0,6.3,0.6,Urpalanj Muurik 002 3000,,Miehikkälä,,,,,,,,
FI_00000612,11146,11146,2024-08-06,60.65688838242908,27.90019461609265,11.0,,,570.0,,28.0,2.7000000000000006,S2_FI_00000612,2024-11-19,1.0,98.579353,83.12156452118,179.437508342259,,,36VUR,S2B_MSIL2A_20241119T094209_R036_T36VUR_20241119T111954,11.0,4.9,6.099999999999999,,69.0,6.599999999999999,2.85,22.05,570.0,,28.0,2.7000000000000006,0.7,Urpalanj Muurik 002 3000,,Miehikkälä,,,,,,,,
FI_00000614,11146,11146,2024-08-06,60.65688838242908,27.90019461609265,11.0,,,570.0,,28.0,2.7000000000000006,S2_FI_00000614,2023-02-13,0.0,28.785446,77.4489342377156,168.311025518921,,,35VML,S2A_MSIL2A_20230213T094111_R036_T35VML_20230213T181729,11.0,4.9,6.099999999999999,,69.0,6.599999999999999,2.85,22.05,570.0,,28.0,2.7000000000000006,0.7,Urpalanj Muurik 002 3000,,Miehikkälä,,,,,,,,
FI_00000615,11146,11146,2024-08-06,60.65688838242908,27.90019461609265,11.0,,,570.0,,28.0,2.7000000000000006,S2_FI_00000615,2023-07-26,0.0,58.015376,44.370688898711,170.12004694316,,,35VML,S2A_MSIL2A_20230726T095031_R079_T35VML_20241018T154701,11.0,4.9,6.099999999999999,,69.0,6.599999999999999,2.85,22.05,570.0,,28.0,2.7000000000000006,0.7,Urpalanj Muurik 002 3000,,Miehikkälä,,,,,,,,
FI_00000616,11146,11146,2024-08-06,60.65688838242908,27.90019461609265,11.0,,,570.0,,28.0,2.7000000000000006,S2_FI_00000616,2024-02-06,1.0,79.078108,76.887328608642,171.168935280014,,,35VMH,S2B_MSIL2A_20240206T095109_R079_T35VMH_20240206T123732,11.0,4.9,6.099999999999999,,69.0,6.599999999999999,2.85,22.05,570.0,,28.0,2.7000000000000006,0.7,Urpalanj Muurik 002 3000,,Miehikkälä,,,,,,,,
FI_00000617,11146,11146,2024-08-06,60.65688838242908,27.90019461609265,11.0,,,570.0,,28.0,2.7000000000000006,S2_FI_00000617,2024-04-11,0.0,12.49387,52.4387370397602,172.930740537577,,,35VMH,S2A_MSIL2A_20240411T095031_R079_T35VMH_20240411T155759,11.0,4.9,6.099999999999999,,69.0,6.599999999999999,2.85,22.05,570.0,,28.0,2.7000000000000006,0.7,Urpalanj Muurik 002 3000,,Miehikkälä,,,,,,,,
FI_00000618,11146,11146,2024-09-03,60.65688838242908,27.90019461609265,9.4,,,550.0,,24.0,2.2,S2_FI_00000618,2024-08-04,1.0,66.495132,44.0748336419428,170.432600698192,,,35VMH,S2B_MSIL2A_20240804T094549_R079_T35VMH_20240804T123817,9.4,5.0,6.7,,71.0,6.900000000000001,3.0,18.1,550.0,,24.0,2.2,0.7,Urpalanj Muurik 002 3000,,Miehikkälä,,,,,,,,
FI_00000619,11146,11146,2024-09-03,60.65688838242908,27.90019461609265,9.4,,,550.0,,24.0,2.2,S2_FI_00000619,2024-11-04,1.0,63.749254,76.482593486912,176.209751509959,,,35VMH,S2A_MSIL2A_20241104T094151_R036_T35VMH_20241104T105348,9.4,5.0,6.7,,71.0,6.900000000000001,3.0,18.1,550.0,,24.0,2.2,0.7,Urpalanj Muurik 002 3000,,Miehikkälä,,,,,,,,
FI_00000620,11146,11146,2024-09-03,60.65688838242908,27.90019461609265,9.4,,,550.0,,24.0,2.2,S2_FI_00000620,2023-01-19,3.0,98.124862,81.6408707101868,169.978970826267,,,35VMH,S2B_MSIL2A_20230119T094229_R036_T35VMH_20230121T044332,9.4,5.0,6.7,,71.0,6.900000000000001,3.0,18.1,550.0,,24.0,2.2,0.7,Urpalanj Muurik 002 3000,,Miehikkälä,,,,,,,,
FI_00000621,11146,11146,2024-09-03,60.65688838242908,27.90019461609265,9.4,,,550.0,,24.0,2.2,S2_FI_00000621,2023-03-23,1.0,94.224054,60.0892671666393,171.816267726032,,,35VMH,S2B_MSIL2A_20230323T095029_R079_T35VMH_20240830T065439,9.4,5.0,6.7,,71.0,6.900000000000001,3.0,18.1,550.0,,24.0,2.2,0.7,Urpalanj Muurik 002 3000,,Miehikkälä,,,,,,,,
FI_00000622,11146,11146,2024-09-03,60.65688838242908,27.90019461609265,9.4,,,550.0,,24.0,2.2,S2_FI_00000622,2023-04-17,0.0,10.073344,50.5414537639708,173.185806357417,,,35VMH,S2A_MSIL2A_20230417T095031_R079_T35VMH_20240902T191342,9.4,5.0,6.7,,71.0,6.900000000000001,3.0,18.1,550.0,,24.0,2.2,0.7,Urpalanj Muurik 002 3000,,Miehikkälä,,,,,,,,
FI_00000623,11146,11146,2024-09-03,60.65688838242908,27.90019461609265,9.4,,,550.0,,24.0,2.2,S2_FI_00000623,2023-07-06,0.0,95.959049,38.4247394641731,170.177429115519,,,35VMH,S2A_MSIL2A_20230706T095031_R079_T35VMH_20230706T155707,9.4,5.0,6.7,,71.0,6.900000000000001,3.0,18.1,550.0,,24.0,2.2,0.7,Urpalanj Muurik 002 3000,,Miehikkälä,,,,,,,,
FI_00000624,11146,11146,2024-10-01,60.65688838242908,27.90019461609265,7.599999999999999,,,570.0,,29.0,5.0,S2_FI_00000624,2023-08-30,1.0,99.995023,51.9904308555791,172.974737919354,,,35VMH,S2B_MSIL2A_20230830T094549_R079_T35VMH_20241022T104510,7.599999999999999,5.1,7.099999999999999,,68.0,6.599999999999999,5.25,13.4,570.0,,29.0,5.0,0.7,Urpalanj Muurik 002 3000,,Miehikkälä,,,,,,,,
FI_00000625,11146,11146,2024-10-01,60.65688838242908,27.90019461609265,7.599999999999999,,,570.0,,29.0,5.0,S2_FI_00000625,2023-10-04,0.0,93.895429,65.195789272616,177.111382078661,,,35VMH,S2A_MSIL2A_20231004T095031_R079_T35VMH_20231004T161756,7.599999999999999,5.1,7.099999999999999,,68.0,6.599999999999999,5.25,13.4,570.0,,29.0,5.0,0.7,Urpalanj Muurik 002 3000,,Miehikkälä,,,,,,,,
FI_00000626,11146,11146,2024-10-01,60.65688838242908,27.90019461609265,7.599999999999999,,,570.0,,29.0,5.0,S2_FI_00000626,2024-02-06,1.0,79.078108,76.887328608642,171.168935280014,,,35VMH,S2B_MSIL2A_20240206T095109_R079_T35VMH_20240206T123732,7.599999999999999,5.1,7.099999999999999,,68.0,6.599999999999999,5.25,13.4,570.0,,29.0,5.0,0.7,Urpalanj Muurik 002 3000,,Miehikkälä,,,,,,,,
FI_00000627,11146,11146,2024-10-01,60.65688838242908,27.90019461609265,7.599999999999999,,,570.0,,29.0,5.0,S2_FI_00000627,2024-02-26,0.0,98.035216,70.0095792529049,170.876936521395,,,35VMH,S2B_MSIL2A_20240226T094859_R079_T35VMH_20240226T132109,7.599999999999999,5.1,7.099999999999999,,68.0,6.599999999999999,5.25,13.4,570.0,,29.0,5.0,0.7,Urpalanj Muurik 002 3000,,Miehikkälä,,,,,,,,
FI_00000628,11146,11146,2024-10-01,60.65688838242908,27.90019461609265,7.599999999999999,,,570.0,,29.0,5.0,S2_FI_00000628,2024-04-11,0.0,12.49387,52.4387370397602,172.930740537577,,,35VMH,S2A_MSIL2A_20240411T095031_R079_T35VMH_20240411T155759,7.599999999999999,5.1,7.099999999999999,,68.0,6.599999999999999,5.25,13.4,570.0,,29.0,5.0,0.7,Urpalanj Muurik 002 3000,,Miehikkälä,,,,,,,,
FI_00000629,11146,11146,2024-10-01,60.65688838242908,27.90019461609265,7.599999999999999,,,570.0,,29.0,5.0,S2_FI_00000629,2024-06-05,1.0,12.768275,38.3825713811711,172.448960163137,,,35VMH,S2B_MSIL2A_20240605T094549_R079_T35VMH_20240605T121845,7.599999999999999,5.1,7.099999999999999,,68.0,6.599999999999999,5.25,13.4,570.0,,29.0,5.0,0.7,Urpalanj Muurik 002 3000,,Miehikkälä,,,,,,,,
FI_00000630,11146,11146,2024-11-06,60.65688838242908,27.90019461609265,,,,580.0,,24.0,4.1,S2_FI_00000630,2024-08-04,1.0,66.495132,44.0748336419428,170.432600698192,,,35VMH,S2B_MSIL2A_20240804T094549_R079_T35VMH_20240804T123817,,5.400000000000001,10.2,,77.0,6.599999999999999,4.75,3.4,580.0,,24.0,4.1,0.7,Urpalanj Muurik 002 3000,,Miehikkälä,,,,,,,,
FI_00000631,11146,11146,2024-11-06,60.65688838242908,27.90019461609265,,,,580.0,,24.0,4.1,S2_FI_00000631,2024-09-05,0.0,0.73098,54.5851429165661,170.765224908506,,,35VMH,S2A_MSIL2A_20240905T094031_R036_T35VMH_20240905T133953,,5.400000000000001,10.2,,77.0,6.599999999999999,4.75,3.4,580.0,,24.0,4.1,0.7,Urpalanj Muurik 002 3000,,Miehikkälä,,,,,,,,
FI_00000632,11146,11146,2024-11-06,60.65688838242908,27.90019461609265,,,,580.0,,24.0,4.1,S2_FI_00000632,2024-11-04,1.0,63.749254,76.482593486912,176.209751509959,,,35VMH,S2A_MSIL2A_20241104T094151_R036_T35VMH_20241104T105348,,5.400000000000001,10.2,,77.0,6.599999999999999,4.75,3.4,580.0,,24.0,4.1,0.7,Urpalanj Muurik 002 3000,,Miehikkälä,,,,,,,,
FI_00000633,11146,11146,2024-11-06,60.65688838242908,27.90019461609265,,,,580.0,,24.0,4.1,S2_FI_00000633,2023-03-23,1.0,94.224054,60.0892671666393,171.816267726032,,,35VMH,S2B_MSIL2A_20230323T095029_R079_T35VMH_20240830T065439,,5.400000000000001,10.2,,77.0,6.599999999999999,4.75,3.4,580.0,,24.0,4.1,0.7,Urpalanj Muurik 002 3000,,Miehikkälä,,,,,,,,
FI_00000634,11146,11146,2024-11-06,60.65688838242908,27.90019461609265,,,,580.0,,24.0,4.1,S2_FI_00000634,2023-04-17,0.0,10.073344,50.5414537639708,173.185806357417,,,35VMH,S2A_MSIL2A_20230417T095031_R079_T35VMH_20240902T191342,,5.400000000000001,10.2,,77.0,6.599999999999999,4.75,3.4,580.0,,24.0,4.1,0.7,Urpalanj Muurik 002 3000,,Miehikkälä,,,,,,,,
FI_00000635,11146,11146,2024-11-06,60.65688838242908,27.90019461609265,,,,580.0,,24.0,4.1,S2_FI_00000635,2023-07-06,0.0,95.959049,38.4247394641731,170.177429115519,,,35VMH,S2A_MSIL2A_20230706T095031_R079_T35VMH_20230706T155707,,5.400000000000001,10.2,,77.0,6.599999999999999,4.75,3.4,580.0,,24.0,4.1,0.7,Urpalanj Muurik 002 3000,,Miehikkälä,,,,,,,,
FI_00000636,11146,11146,2024-12-03,60.65688838242908,27.90019461609265,,,,720.0,,28.0,6.400000000000001,S2_FI_00000636,2023-10-04,0.0,93.895429,65.195789272616,177.111382078661,,,35VMH,S2A_MSIL2A_20231004T095031_R079_T35VMH_20231004T161756,,5.7,11.9,,89.0,6.8,7.400000000000001,3.2000000000000006,720.0,,28.0,6.400000000000001,0.7,Urpalanj Muurik 002 3000,,Miehikkälä,,,,,,,,
FI_00000637,11146,11146,2024-12-03,60.65688838242908,27.90019461609265,,,,720.0,,28.0,6.400000000000001,S2_FI_00000637,2024-02-06,1.0,79.078108,76.887328608642,171.168935280014,,,35VMH,S2B_MSIL2A_20240206T095109_R079_T35VMH_20240206T123732,,5.7,11.9,,89.0,6.8,7.400000000000001,3.2000000000000006,720.0,,28.0,6.400000000000001,0.7,Urpalanj Muurik 002 3000,,Miehikkälä,,,,,,,,
FI_00000638,11146,11146,2024-12-03,60.65688838242908,27.90019461609265,,,,720.0,,28.0,6.400000000000001,S2_FI_00000638,2024-04-11,0.0,12.49387,52.4387370397602,172.930740537577,,,35VMH,S2A_MSIL2A_20240411T095031_R079_T35VMH_20240411T155759,,5.7,11.9,,89.0,6.8,7.400000000000001,3.2000000000000006,720.0,,28.0,6.400000000000001,0.7,Urpalanj Muurik 002 3000,,Miehikkälä,,,,,,,,
FI_00000639,11146,11146,2024-12-03,60.65688838242908,27.90019461609265,,,,720.0,,28.0,6.400000000000001,S2_FI_00000639,2024-08-04,1.0,66.495132,44.0748336419428,170.432600698192,,,35VMH,S2B_MSIL2A_20240804T094549_R079_T35VMH_20240804T123817,,5.7,11.9,,89.0,6.8,7.400000000000001,3.2000000000000006,720.0,,28.0,6.400000000000001,0.7,Urpalanj Muurik 002 3000,,Miehikkälä,,,,,,,,
FI_00000640,11146,11146,2024-12-03,60.65688838242908,27.90019461609265,,,,720.0,,28.0,6.400000000000001,S2_FI_00000640,2024-11-04,1.0,63.749254,76.482593486912,176.209751509959,,,35VMH,S2A_MSIL2A_20241104T094151_R036_T35VMH_20241104T105348,,5.7,11.9,,89.0,6.8,7.400000000000001,3.2000000000000006,720.0,,28.0,6.400000000000001,0.7,Urpalanj Muurik 002 3000,,Miehikkälä,,,,,,,,
FI_00000641,11146,11146,2024-12-03,60.65688838242908,27.90019461609265,,,,720.0,,28.0,6.400000000000001,S2_FI_00000641,2023-01-19,3.0,98.124862,81.6408707101868,169.978970826267,,,35VMH,S2B_MSIL2A_20230119T094229_R036_T35VMH_20230121T044332,,5.7,11.9,,89.0,6.8,7.400000000000001,3.2000000000000006,720.0,,28.0,6.400000000000001,0.7,Urpalanj Muurik 002 3000,,Miehikkälä,,,,,,,,
FI_00000642,1229,1229,2023-02-08,60.33564037793927,24.06683532961399,,,,1100.0,,38.0,1.1,S2_FI_00000642,2023-03-23,1.0,94.224054,60.0892671666393,171.816267726032,,,35VMH,S2B_MSIL2A_20230323T095029_R079_T35VMH_20240830T065439,,8.7,,,,7.099999999999999,4.4,1.6000000000000003,1100.0,,38.0,1.1,1.0,"Väänteenjoki 0,9  5800",,Lohja,Lohja,River,VHA2,Kymijoen-Suomenlahden vesienhoitoalue,23.031,Hiidenveden la,Keskisuuret savimaiden joet,106.0
FI_00000643,1229,1229,2023-02-08,60.33564037793927,24.06683532961399,,,,1100.0,,38.0,1.1,S2_FI_00000643,2023-04-17,0.0,10.073344,50.5414537639708,173.185806357417,,,35VMH,S2A_MSIL2A_20230417T095031_R079_T35VMH_20240902T191342,,8.7,,,,7.099999999999999,4.4,1.6000000000000003,1100.0,,38.0,1.1,1.0,"Väänteenjoki 0,9  5800",,Lohja,Lohja,River,VHA2,Kymijoen-Suomenlahden vesienhoitoalue,23.031,Hiidenveden la,Keskisuuret savimaiden joet,106.0
FI_00000644,1229,1229,2023-02-08,60.33564037793927,24.06683532961399,,,,1100.0,,38.0,1.1,S2_FI_00000644,2023-07-06,0.0,95.959049,38.4247394641731,170.177429115519,,,35VMH,S2A_MSIL2A_20230706T095031_R079_T35VMH_20230706T155707,,8.7,,,,7.099999999999999,4.4,1.6000000000000003,1100.0,,38.0,1.1,1.0,"Väänteenjoki 0,9  5800",,Lohja,Lohja,River,VHA2,Kymijoen-Suomenlahden vesienhoitoalue,23.031,Hiidenveden la,Keskisuuret savimaiden joet,106.0
FI_00000645,1229,1229,2023-02-08,60.33564037793927,24.06683532961399,,,,1100.0,,38.0,1.1,S2_FI_00000645,2023-08-30,1.0,99.995023,51.9904308555791,172.974737919354,,,35VMH,S2B_MSIL2A_20230830T094549_R079_T35VMH_20241022T104510,,8.7,,,,7.099999999999999,4.4,1.6000000000000003,1100.0,,38.0,1.1,1.0,"Väänteenjoki 0,9  5800",,Lohja,Lohja,River,VHA2,Kymijoen-Suomenlahden vesienhoitoalue,23.031,Hiidenveden la,Keskisuuret savimaiden joet,106.0
FI_00000646,1229,1229,2023-02-08,60.33564037793927,24.06683532961399,,,,1100.0,,38.0,1.1,S2_FI_00000646,2023-10-04,1.0,93.895429,65.195789272616,177.111382078661,,,35VMH,S2A_MSIL2A_20231004T095031_R079_T35VMH_20231004T161756,,8.7,,,,7.099999999999999,4.4,1.6000000000000003,1100.0,,38.0,1.1,1.0,"Väänteenjoki 0,9  5800",,Lohja,Lohja,River,VHA2,Kymijoen-Suomenlahden vesienhoitoalue,23.031,Hiidenveden la,Keskisuuret savimaiden joet,106.0
FI_00000647,1229,1229,2023-02-08,60.33564037793927,24.06683532961399,,,,1100.0,,38.0,1.1,S2_FI_00000647,2024-02-06,1.0,79.078108,76.887328608642,171.168935280014,,,35VMH,S2B_MSIL2A_20240206T095109_R079_T35VMH_20240206T123732,,8.7,,,,7.099999999999999,4.4,1.6000000000000003,1100.0,,38.0,1.1,1.0,"Väänteenjoki 0,9  5800",,Lohja,Lohja,River,VHA2,Kymijoen-Suomenlahden vesienhoitoalue,23.031,Hiidenveden la,Keskisuuret savimaiden joet,106.0
FI_00000648,1229,1229,2023-03-22,60.33564037793927,24.06683532961399,,,,1100.0,,34.0,8.6,S2_FI_00000648,2024-02-26,0.0,98.035216,70.0095792529049,170.876936521395,,,35VMH,S2B_MSIL2A_20240226T094859_R079_T35VMH_20240226T132109,,9.0,,,,7.0,3.2000000000000006,1.7,1100.0,,34.0,8.6,0.5,"Väänteenjoki 0,9  5800",,Lohja,Lohja,River,VHA2,Kymijoen-Suomenlahden vesienhoitoalue,23.031,Hiidenveden la,Keskisuuret savimaiden joet,106.0
FI_00000649,1229,1229,2023-03-22,60.33564037793927,24.06683532961399,,,,1100.0,,34.0,8.6,S2_FI_00000649,2024-04-11,0.0,12.49387,52.4387370397602,172.930740537577,,,35VMH,S2A_MSIL2A_20240411T095031_R079_T35VMH_20240411T155759,,9.0,,,,7.0,3.2000000000000006,1.7,1100.0,,34.0,8.6,0.5,"Väänteenjoki 0,9  5800",,Lohja,Lohja,River,VHA2,Kymijoen-Suomenlahden vesienhoitoalue,23.031,Hiidenveden la,Keskisuuret savimaiden joet,106.0
FI_00000650,1229,1229,2023-03-22,60.33564037793927,24.06683532961399,,,,1100.0,,34.0,8.6,S2_FI_00000650,2024-06-05,1.0,12.768275,38.3825713811711,172.448960163137,,,35VMH,S2B_MSIL2A_20240605T094549_R079_T35VMH_20240605T121845,,9.0,,,,7.0,3.2000000000000006,1.7,1100.0,,34.0,8.6,0.5,"Väänteenjoki 0,9  5800",,Lohja,Lohja,River,VHA2,Kymijoen-Suomenlahden vesienhoitoalue,23.031,Hiidenveden la,Keskisuuret savimaiden joet,106.0
FI_00000651,1229,1229,2023-03-22,60.33564037793927,24.06683532961399,,,,1100.0,,34.0,8.6,S2_FI_00000651,2024-08-04,1.0,66.495132,44.0748336419428,170.432600698192,,,35VMH,S2B_MSIL2A_20240804T094549_R079_T35VMH_20240804T123817,,9.0,,,,7.0,3.2000000000000006,1.7,1100.0,,34.0,8.6,0.5,"Väänteenjoki 0,9  5800",,Lohja,Lohja,River,VHA2,Kymijoen-Suomenlahden vesienhoitoalue,23.031,Hiidenveden la,Keskisuuret savimaiden joet,106.0
FI_00000652,1229,1229,2023-03-22,60.33564037793927,24.06683532961399,,,,1100.0,,34.0,8.6,S2_FI_00000652,2024-09-05,0.0,0.73098,54.5851429165661,170.765224908506,,,35VMH,S2A_MSIL2A_20240905T094031_R036_T35VMH_20240905T133953,,9.0,,,,7.0,3.2000000000000006,1.7,1100.0,,34.0,8.6,0.5,"Väänteenjoki 0,9  5800",,Lohja,Lohja,River,VHA2,Kymijoen-Suomenlahden vesienhoitoalue,23.031,Hiidenveden la,Keskisuuret savimaiden joet,106.0
FI_00000653,1229,1229,2023-03-22,60.33564037793927,24.06683532961399,,,,1100.0,,34.0,8.6,S2_FI_00000653,2024-11-04,1.0,63.749254,76.482593486912,176.209751509959,,,35VMH,S2A_MSIL2A_20241104T094151_R036_T35VMH_20241104T105348,,9.0,,,,7.0,3.2000000000000006,1.7,1100.0,,34.0,8.6,0.5,"Väänteenjoki 0,9  5800",,Lohja,Lohja,River,VHA2,Kymijoen-Suomenlahden vesienhoitoalue,23.031,Hiidenveden la,Keskisuuret savimaiden joet,106.0
FI_00000654,1229,1229,2023-04-12,60.33564037793927,24.06683532961399,,,,1100.0,,41.0,13.0,S2_FI_00000654,2023-01-25,1.0,94.858778,83.4716456802935,175.918016648634,,,35WNM,S2B_MSIL2A_20230125T100209_R122_T35WNM_20240810T133033,,9.0,,,,7.3,4.7,3.5,1100.0,,41.0,13.0,0.5,"Väänteenjoki 0,9  5800",,Lohja,Lohja,River,VHA2,Kymijoen-Suomenlahden vesienhoitoalue,23.031,Hiidenveden la,Keskisuuret savimaiden joet,106.0
FI_00000655,1229,1229,2023-04-12,60.33564037793927,24.06683532961399,,,,1100.0,,41.0,13.0,S2_FI_00000655,2023-02-26,1.0,4.996473,73.3598503298337,172.824698169554,,,35WNM,S2A_MSIL2A_20230226T095031_R079_T35WNM_20240731T055436,,9.0,,,,7.3,4.7,3.5,1100.0,,41.0,13.0,0.5,"Väänteenjoki 0,9  5800",,Lohja,Lohja,River,VHA2,Kymijoen-Suomenlahden vesienhoitoalue,23.031,Hiidenveden la,Keskisuuret savimaiden joet,106.0
FI_00000656,1229,1229,2023-04-12,60.33564037793927,24.06683532961399,,,,1100.0,,41.0,13.0,S2_FI_00000656,2023-03-21,1.0,92.805398,64.2572389656001,176.61703632919,,,35WNM,S2A_MSIL2A_20230321T100031_R122_T35WNM_20240826T215434,,9.0,,,,7.3,4.7,3.5,1100.0,,41.0,13.0,0.5,"Väänteenjoki 0,9  5800",,Lohja,Lohja,River,VHA2,Kymijoen-Suomenlahden vesienhoitoalue,23.031,Hiidenveden la,Keskisuuret savimaiden joet,106.0
FI_00000657,1229,1229,2023-04-12,60.33564037793927,24.06683532961399,,,,1100.0,,41.0,13.0,S2_FI_00000657,2023-04-10,1.0,3.935649,56.5138644513712,178.131447475377,,,35WNM,S2A_MSIL2A_20230410T100031_R122_T35WNM_20240826T061228,,9.0,,,,7.3,4.7,3.5,1100.0,,41.0,13.0,0.5,"Väänteenjoki 0,9  5800",,Lohja,Lohja,River,VHA2,Kymijoen-Suomenlahden vesienhoitoalue,23.031,Hiidenveden la,Keskisuuret savimaiden joet,106.0
FI_00000658,1229,1229,2023-04-12,60.33564037793927,24.06683532961399,,,,1100.0,,41.0,13.0,S2_FI_00000658,2023-04-17,0.0,4.709245,54.0353279722989,175.587438110798,,,35WNM,S2A_MSIL2A_20230417T095031_R079_T35WNM_20240902T191342,,9.0,,,,7.3,4.7,3.5,1100.0,,41.0,13.0,0.5,"Väänteenjoki 0,9  5800",,Lohja,Lohja,River,VHA2,Kymijoen-Suomenlahden vesienhoitoalue,23.031,Hiidenveden la,Keskisuuret savimaiden joet,106.0
FI_00000659,1229,1229,2023-04-12,60.33564037793927,24.06683532961399,,,,1100.0,,41.0,13.0,S2_FI_00000659,2023-04-24,0.0,99.995351,51.7426194940141,172.834689219986,,,35WNM,S2A_MSIL2A_20230424T094031_R036_T35WNM_20240831T183412,,9.0,,,,7.3,4.7,3.5,1100.0,,41.0,13.0,0.5,"Väänteenjoki 0,9  5800",,Lohja,Lohja,River,VHA2,Kymijoen-Suomenlahden vesienhoitoalue,23.031,Hiidenveden la,Keskisuuret savimaiden joet,106.0
FI_00000660,1229,1229,2023-05-09,60.33564037793927,24.06683532961399,,,,920.0,,39.0,12.0,S2_FI_00000660,2023-05-04,0.0,99.180949,48.6228594725704,173.052969158327,,,35WNM,S2A_MSIL2A_20230504T094031_R036_T35WNM_20230504T163134,,9.1,,,,7.400000000000001,9.8,8.6,920.0,,39.0,12.0,0.5,"Väänteenjoki 0,9  5800",,Lohja,Lohja,River,VHA2,Kymijoen-Suomenlahden vesienhoitoalue,23.031,Hiidenveden la,Keskisuuret savimaiden joet,106.0
FI_00000661,1229,1229,2023-05-09,60.33564037793927,24.06683532961399,,,,920.0,,39.0,12.0,S2_FI_00000661,2023-05-09,0.0,72.237957,47.2271516066966,173.078920649601,,,35WNM,S2B_MSIL2A_20230509T093549_R036_T35WNM_20230509T141250,,9.1,,,,7.400000000000001,9.8,8.6,920.0,,39.0,12.0,0.5,"Väänteenjoki 0,9  5800",,Lohja,Lohja,River,VHA2,Kymijoen-Suomenlahden vesienhoitoalue,23.031,Hiidenveden la,Keskisuuret savimaiden joet,106.0
FI_00000662,1229,1229,2023-05-09,60.33564037793927,24.06683532961399,,,,920.0,,39.0,12.0,S2_FI_00000662,2023-05-15,0.0,45.078307,45.574162810452,179.602419088313,,,35WNM,S2B_MSIL2A_20230515T095559_R122_T35WNM_20230515T150632,,9.1,,,,7.400000000000001,9.8,8.6,920.0,,39.0,12.0,0.5,"Väänteenjoki 0,9  5800",,Lohja,Lohja,River,VHA2,Kymijoen-Suomenlahden vesienhoitoalue,23.031,Hiidenveden la,Keskisuuret savimaiden joet,106.0
FI_00000663,1229,1229,2023-05-09,60.33564037793927,24.06683532961399,,,,920.0,,39.0,12.0,S2_FI_00000663,2023-05-22,0.0,77.519357,44.0958847742544,176.140363736395,,,35WNM,S2B_MSIL2A_20230522T094549_R079_T35WNM_20230522T142443,,9.1,,,,7.400000000000001,9.8,8.6,920.0,,39.0,12.0,0.5,"Väänteenjoki 0,9  5800",,Lohja,Lohja,River,VHA2,Kymijoen-Suomenlahden vesienhoitoalue,23.031,Hiidenveden la,Keskisuuret savimaiden joet,106.0
FI_00000664,1229,1229,2023-05-09,60.33564037793927,24.06683532961399,,,,920.0,,39.0,12.0,S2_FI_00000664,2023-05-30,0.0,41.374427,42.6675796216092,179.186239794643,,,35WNM,S2A_MSIL2A_20230530T100031_R122_T35WNM_20240906T093135,,9.1,,,,7.400000000000001,9.8,8.6,920.0,,39.0,12.0,0.5,"Väänteenjoki 0,9  5800",,Lohja,Lohja,River,VHA2,Kymijoen-Suomenlahden vesienhoitoalue,23.031,Hiidenveden la,Keskisuuret savimaiden joet,106.0
FI_00000665,1229,1229,2023-05-09,60.33564037793927,24.06683532961399,,,,920.0,,39.0,12.0,S2_FI_00000665,2023-06-04,1.0,93.914753,42.0054013135468,178.916169304442,,,35WNM,S2B_MSIL2A_20230604T095559_R122_T35WNM_20240926T190423,,9.1,,,,7.400000000000001,9.8,8.6,920.0,,39.0,12.0,0.5,"Väänteenjoki 0,9  5800",,Lohja,Lohja,River,VHA2,Kymijoen-Suomenlahden vesienhoitoalue,23.031,Hiidenveden la,Keskisuuret savimaiden joet,106.0
FI_00000666,1229,1229,2023-06-06,60.33564037793927,24.06683532961399,,,,860.0,,34.0,11.0,S2_FI_00000666,2023-06-26,0.0,56.408548,41.171628375582,173.839351122661,,,35WNM,S2A_MSIL2A_20230626T095031_R079_T35WNM_20241002T040319,,9.4,,,,7.3,10.0,14.800000000000002,860.0,,34.0,11.0,0.5,"Väänteenjoki 0,9  5800",,Lohja,Lohja,River,VHA2,Kymijoen-Suomenlahden vesienhoitoalue,23.031,Hiidenveden la,Keskisuuret savimaiden joet,106.0
FI_00000667,1229,1229,2023-06-06,60.33564037793927,24.06683532961399,,,,860.0,,34.0,11.0,S2_FI_00000667,2023-07-26,1.0,76.76385,45.1286105672877,172.883960222407,,,35WNM,S2A_MSIL2A_20230726T095031_R079_T35WNM_20241018T154701,,9.4,,,,7.3,10.0,14.800000000000002,860.0,,34.0,11.0,0.5,"Väänteenjoki 0,9  5800",,Lohja,Lohja,River,VHA2,Kymijoen-Suomenlahden vesienhoitoalue,23.031,Hiidenveden la,Keskisuuret savimaiden joet,106.0
FI_00000668,1229,1229,2023-06-06,60.33564037793927,24.06683532961399,,,,860.0,,34.0,11.0,S2_FI_00000668,2023-08-23,1.0,97.057748,52.9899846314962,177.673915519286,,,35WNM,S2B_MSIL2A_20230823T095559_R122_T35WNM_20241019T191513,,9.4,,,,7.3,10.0,14.800000000000002,860.0,,34.0,11.0,0.5,"Väänteenjoki 0,9  5800",,Lohja,Lohja,River,VHA2,Kymijoen-Suomenlahden vesienhoitoalue,23.031,Hiidenveden la,Keskisuuret savimaiden joet,106.0
FI_00000669,1229,1229,2023-06-06,60.33564037793927,24.06683532961399,,,,860.0,,34.0,11.0,S2_FI_00000669,2023-08-28,0.0,99.646902,54.7140329944762,178.140033675314,,,35WNM,S2A_MSIL2A_20230828T100031_R122_T35WNM_20241018T065117,,9.4,,,,7.3,10.0,14.800000000000002,860.0,,34.0,11.0,0.5,"Väänteenjoki 0,9  5800",,Lohja,Lohja,River,VHA2,Kymijoen-Suomenlahden vesienhoitoalue,23.031,Hiidenveden la,Keskisuuret savimaiden joet,106.0
FI_00000670,1229,1229,2023-06-06,60.33564037793927,24.06683532961399,,,,860.0,,34.0,11.0,S2_FI_00000670,2023-09-14,0.0,38.641948,61.0256425788005,177.007383729992,,,35WNM,S2A_MSIL2A_20230914T095031_R079_T35WNM_20240825T021032,,9.4,,,,7.3,10.0,14.800000000000002,860.0,,34.0,11.0,0.5,"Väänteenjoki 0,9  5800",,Lohja,Lohja,River,VHA2,Kymijoen-Suomenlahden vesienhoitoalue,23.031,Hiidenveden la,Keskisuuret savimaiden joet,106.0
FI_00000671,1229,1229,2023-06-06,60.33564037793927,24.06683532961399,,,,860.0,,34.0,11.0,S2_FI_00000671,2023-09-24,1.0,92.226928,64.8822700479198,178.073359295562,,,35WNM,S2A_MSIL2A_20230924T095031_R079_T35WNM_20241027T021934,,9.4,,,,7.3,10.0,14.800000000000002,860.0,,34.0,11.0,0.5,"Väänteenjoki 0,9  5800",,Lohja,Lohja,River,VHA2,Kymijoen-Suomenlahden vesienhoitoalue,23.031,Hiidenveden la,Keskisuuret savimaiden joet,106.0
FI_00000672,1229,1229,2023-08-30,60.33564037793927,24.06683532961399,,,,530.0,,33.0,10.0,S2_FI_00000672,2023-10-24,0.0,0.513695,76.1572800953543,180.223944224993,,,35WNM,S2A_MSIL2A_20231024T095051_R079_T35WNM_20231024T121659,,9.4,,,,7.3,11.0,17.9,530.0,,33.0,10.0,0.5,"Väänteenjoki 0,9  5800",,Lohja,Lohja,River,VHA2,Kymijoen-Suomenlahden vesienhoitoalue,23.031,Hiidenveden la,Keskisuuret savimaiden joet,106.0
FI_00000673,1229,1229,2023-08-30,60.33564037793927,24.06683532961399,,,,530.0,,33.0,10.0,S2_FI_00000673,2023-11-08,1.0,87.678462,80.9768230534018,180.354008993309,,,35WNM,S2B_MSIL2A_20231108T095129_R079_T35WNM_20241107T005008,,9.4,,,,7.3,11.0,17.9,530.0,,33.0,10.0,0.5,"Väänteenjoki 0,9  5800",,Lohja,Lohja,River,VHA2,Kymijoen-Suomenlahden vesienhoitoalue,23.031,Hiidenveden la,Keskisuuret savimaiden joet,106.0
FI_00000674,1229,1229,2023-08-30,60.33564037793927,24.06683532961399,,,,530.0,,33.0,10.0,S2_FI_00000674,2023-11-18,5.0,96.936268,83.6341471791456,180.001313861121,,,35WNM,S2B_MSIL2A_20231118T095209_R079_T35WNM_20241107T113514,,9.4,,,,7.3,11.0,17.9,530.0,,33.0,10.0,0.5,"Väänteenjoki 0,9  5800",,Lohja,Lohja,River,VHA2,Kymijoen-Suomenlahden vesienhoitoalue,23.031,Hiidenveden la,Keskisuuret savimaiden joet,106.0
FI_00000675,1229,1229,2023-08-30,60.33564037793927,24.06683532961399,,,,530.0,,33.0,10.0,S2_FI_00000675,2024-01-30,0.0,12.956259,82.2437695008992,175.647543572145,,,35WNM,S2B_MSIL2A_20240130T100149_R122_T35WNM_20240130T131406,,9.4,,,,7.3,11.0,17.9,530.0,,33.0,10.0,0.5,"Väänteenjoki 0,9  5800",,Lohja,Lohja,River,VHA2,Kymijoen-Suomenlahden vesienhoitoalue,23.031,Hiidenveden la,Keskisuuret savimaiden joet,106.0
FI_00000676,1229,1229,2023-08-30,60.33564037793927,24.06683532961399,,,,530.0,,33.0,10.0,S2_FI_00000676,2024-03-25,0.0,99.837142,62.3727595425147,176.976018991849,,,35WNM,S2A_MSIL2A_20240325T100031_R122_T35WNM_20240325T140734,,9.4,,,,7.3,11.0,17.9,530.0,,33.0,10.0,0.5,"Väänteenjoki 0,9  5800",,Lohja,Lohja,River,VHA2,Kymijoen-Suomenlahden vesienhoitoalue,23.031,Hiidenveden la,Keskisuuret savimaiden joet,106.0
FI_00000677,1229,1229,2023-08-30,60.33564037793927,24.06683532961399,,,,530.0,,33.0,10.0,S2_FI_00000677,2024-04-09,1.0,37.648755,56.6025889805004,178.109219956537,,,35WNM,S2B_MSIL2A_20240409T095549_R122_T35WNM_20240411T002136,,9.4,,,,7.3,11.0,17.9,530.0,,33.0,10.0,0.5,"Väänteenjoki 0,9  5800",,Lohja,Lohja,River,VHA2,Kymijoen-Suomenlahden vesienhoitoalue,23.031,Hiidenveden la,Keskisuuret savimaiden joet,106.0
FI_00000678,1229,1229,2023-09-27,60.33564037793927,24.06683532961399,,,,460.0,,32.0,9.3,S2_FI_00000678,2024-04-18,0.0,11.073506,53.527688781988,172.657219463493,,,35WNM,S2A_MSIL2A_20240418T094031_R036_T35WNM_20240418T141548,,9.6,,,,7.5,8.6,15.699999999999998,460.0,,32.0,9.3,0.5,"Väänteenjoki 0,9  5800",,Lohja,Lohja,River,VHA2,Kymijoen-Suomenlahden vesienhoitoalue,23.031,Hiidenveden la,Keskisuuret savimaiden joet,106.0
FI_00000679,1229,1229,2023-09-27,60.33564037793927,24.06683532961399,,,,460.0,,32.0,9.3,S2_FI_00000679,2024-04-23,0.0,99.954981,51.8233908309182,172.82983722013,,,35WNM,S2B_MSIL2A_20240423T093549_R036_T35WNM_20240423T132158,,9.6,,,,7.5,8.6,15.699999999999998,460.0,,32.0,9.3,0.5,"Väänteenjoki 0,9  5800",,Lohja,Lohja,River,VHA2,Kymijoen-Suomenlahden vesienhoitoalue,23.031,Hiidenveden la,Keskisuuret savimaiden joet,106.0
FI_00000680,1229,1229,2023-09-27,60.33564037793927,24.06683532961399,,,,460.0,,32.0,9.3,S2_FI_00000680,2024-04-29,0.0,91.386402,49.7482320546876,179.301801051724,,,35WNM,S2B_MSIL2A_20240429T095549_R122_T35WNM_20240429T142123,,9.6,,,,7.5,8.6,15.699999999999998,460.0,,32.0,9.3,0.5,"Väänteenjoki 0,9  5800",,Lohja,Lohja,River,VHA2,Kymijoen-Suomenlahden vesienhoitoalue,23.031,Hiidenveden la,Keskisuuret savimaiden joet,106.0
FI_00000681,1229,1229,2023-09-27,60.33564037793927,24.06683532961399,,,,460.0,,32.0,9.3,S2_FI_00000681,2024-05-06,0.0,97.053587,47.7368939086709,176.295498528045,,,35WNM,S2B_MSIL2A_20240506T094549_R079_T35WNM_20240506T131841,,9.6,,,,7.5,8.6,15.699999999999998,460.0,,32.0,9.3,0.5,"Väänteenjoki 0,9  5800",,Lohja,Lohja,River,VHA2,Kymijoen-Suomenlahden vesienhoitoalue,23.031,Hiidenveden la,Keskisuuret savimaiden joet,106.0
FI_00000682,1229,1229,2023-09-27,60.33564037793927,24.06683532961399,,,,460.0,,32.0,9.3,S2_FI_00000682,2024-05-13,0.0,98.722464,46.0135812400522,173.007339251355,,,35WNM,S2B_MSIL2A_20240513T093549_R036_T35WNM_20240513T124440,,9.6,,,,7.5,8.6,15.699999999999998,460.0,,32.0,9.3,0.5,"Väänteenjoki 0,9  5800",,Lohja,Lohja,River,VHA2,Kymijoen-Suomenlahden vesienhoitoalue,23.031,Hiidenveden la,Keskisuuret savimaiden joet,106.0
FI_00000683,1229,1229,2023-09-27,60.33564037793927,24.06683532961399,,,,460.0,,32.0,9.3,S2_FI_00000683,2024-05-23,0.0,30.018026,43.8672624161473,172.686900883458,,,35WNM,S2B_MSIL2A_20240523T093549_R036_T35WNM_20240523T130952,,9.6,,,,7.5,8.6,15.699999999999998,460.0,,32.0,9.3,0.5,"Väänteenjoki 0,9  5800",,Lohja,Lohja,River,VHA2,Kymijoen-Suomenlahden vesienhoitoalue,23.031,Hiidenveden la,Keskisuuret savimaiden joet,106.0
FI_00000684,1229,1229,2023-10-12,60.33564037793927,24.06683532961399,,,,600.0,,50.0,12.0,S2_FI_00000684,2024-05-28,0.0,38.57677,43.0161301271175,172.439359042617,,,35WNM,S2A_MSIL2A_20240528T094031_R036_T35WNM_20240528T142220,,9.6,,,,7.400000000000001,8.4,10.4,600.0,,50.0,12.0,1.0,"Väänteenjoki 0,9  5800",,Lohja,Lohja,River,VHA2,Kymijoen-Suomenlahden vesienhoitoalue,23.031,Hiidenveden la,Keskisuuret savimaiden joet,106.0
FI_00000685,1229,1229,2023-10-12,60.33564037793927,24.06683532961399,,,,600.0,,50.0,12.0,S2_FI_00000685,2024-06-03,0.0,9.577564,42.0337830509993,178.938127056765,,,35WNM,S2A_MSIL2A_20240603T100031_R122_T35WNM_20240603T151651,,9.6,,,,7.400000000000001,8.4,10.4,600.0,,50.0,12.0,1.0,"Väänteenjoki 0,9  5800",,Lohja,Lohja,River,VHA2,Kymijoen-Suomenlahden vesienhoitoalue,23.031,Hiidenveden la,Keskisuuret savimaiden joet,106.0
FI_00000686,1229,1229,2023-10-12,60.33564037793927,24.06683532961399,,,,600.0,,50.0,12.0,S2_FI_00000686,2024-06-12,0.0,59.324497,41.4369169425401,171.385001078834,,,35WNM,S2B_MSIL2A_20240612T093549_R036_T35WNM_20240612T144107,,9.6,,,,7.400000000000001,8.4,10.4,600.0,,50.0,12.0,1.0,"Väänteenjoki 0,9  5800",,Lohja,Lohja,River,VHA2,Kymijoen-Suomenlahden vesienhoitoalue,23.031,Hiidenveden la,Keskisuuret savimaiden joet,106.0
FI_00000687,1229,1229,2023-10-12,60.33564037793927,24.06683532961399,,,,600.0,,50.0,12.0,S2_FI_00000687,2024-08-14,1.0,16.175859,50.4009609605131,173.883446209926,,,35WNM,S2B_MSIL2A_20240814T094549_R079_T35WNM_20240814T123852,,9.6,,,,7.400000000000001,8.4,10.4,600.0,,50.0,12.0,1.0,"Väänteenjoki 0,9  5800",,Lohja,Lohja,River,VHA2,Kymijoen-Suomenlahden vesienhoitoalue,23.031,Hiidenveden la,Keskisuuret savimaiden joet,106.0
FI_00000688,1229,1229,2023-10-12,60.33564037793927,24.06683532961399,,,,600.0,,50.0,12.0,S2_FI_00000688,2024-08-19,1.0,74.68639,51.9872140203736,174.291204269748,,,35WNM,S2A_MSIL2A_20240819T095031_R079_T35WNM_20240819T143207,,9.6,,,,7.400000000000001,8.4,10.4,600.0,,50.0,12.0,1.0,"Väänteenjoki 0,9  5800",,Lohja,Lohja,River,VHA2,Kymijoen-Suomenlahden vesienhoitoalue,23.031,Hiidenveden la,Keskisuuret savimaiden joet,106.0
FI_00000689,1229,1229,2023-10-12,60.33564037793927,24.06683532961399,,,,600.0,,50.0,12.0,S2_FI_00000689,2024-09-03,1.0,87.633973,57.1932145734351,175.854110298405,,,35WNM,S2B_MSIL2A_20240903T094549_R079_T35WNM_20240903T121539,,9.6,,,,7.400000000000001,8.4,10.4,600.0,,50.0,12.0,1.0,"Väänteenjoki 0,9  5800",,Lohja,Lohja,River,VHA2,Kymijoen-Suomenlahden vesienhoitoalue,23.031,Hiidenveden la,Keskisuuret savimaiden joet,106.0
FI_00000690,1229,1229,2023-11-15,60.33564037793927,24.06683532961399,,,,780.0,,36.0,12.0,S2_FI_00000690,2024-09-21,2.0,23.403305,63.9996137342565,180.612575035425,,,35WNM,S2A_MSIL2A_20240921T100031_R122_T35WNM_20240921T123352,,9.8,,,,7.5,4.9,3.8,780.0,,36.0,12.0,0.5,"Väänteenjoki 0,9  5800",,Lohja,Lohja,River,VHA2,Kymijoen-Suomenlahden vesienhoitoalue,23.031,Hiidenveden la,Keskisuuret savimaiden joet,106.0
FI_00000691,1229,1229,2023-11-15,60.33564037793927,24.06683532961399,,,,780.0,,36.0,12.0,S2_FI_00000691,2024-09-30,0.0,29.551399,67.5494675054535,176.036823117167,,,35WNM,S2B_MSIL2A_20240930T094029_R036_T35WNM_20240930T125406,,9.8,,,,7.5,4.9,3.8,780.0,,36.0,12.0,0.5,"Väänteenjoki 0,9  5800",,Lohja,Lohja,River,VHA2,Kymijoen-Suomenlahden vesienhoitoalue,23.031,Hiidenveden la,Keskisuuret savimaiden joet,106.0
FI_00000692,1229,1229,2023-11-15,60.33564037793927,24.06683532961399,,,,780.0,,36.0,12.0,S2_FI_00000692,2024-10-13,1.0,99.99947,72.4595511656636,179.733701992245,,,35WNM,S2B_MSIL2A_20241013T095029_R079_T35WNM_20241013T111937,,9.8,,,,7.5,4.9,3.8,780.0,,36.0,12.0,0.5,"Väänteenjoki 0,9  5800",,Lohja,Lohja,River,VHA2,Kymijoen-Suomenlahden vesienhoitoalue,23.031,Hiidenveden la,Keskisuuret savimaiden joet,106.0
FI_00000693,1229,1229,2023-11-15,60.33564037793927,24.06683532961399,,,,780.0,,36.0,12.0,S2_FI_00000693,2024-10-30,0.0,85.123849,78.4475175945581,177.903391814199,,,35WNM,S2B_MSIL2A_20241030T094029_R036_T35WNM_20241030T111154,,9.8,,,,7.5,4.9,3.8,780.0,,36.0,12.0,0.5,"Väänteenjoki 0,9  5800",,Lohja,Lohja,River,VHA2,Kymijoen-Suomenlahden vesienhoitoalue,23.031,Hiidenveden la,Keskisuuret savimaiden joet,106.0
FI_00000694,1229,1229,2023-11-15,60.33564037793927,24.06683532961399,,,,780.0,,36.0,12.0,S2_FI_00000694,2024-11-12,1.0,93.19182,82.3061813614781,180.206757397679,,,35WNM,S2B_MSIL2A_20241112T095139_R079_T35WNM_20241112T111710,,9.8,,,,7.5,4.9,3.8,780.0,,36.0,12.0,0.5,"Väänteenjoki 0,9  5800",,Lohja,Lohja,River,VHA2,Kymijoen-Suomenlahden vesienhoitoalue,23.031,Hiidenveden la,Keskisuuret savimaiden joet,106.0
FI_00000696,1229,1229,2023-12-07,60.33564037793927,24.06683532961399,,,,840.0,,39.0,10.0,S2_FI_00000696,2023-01-17,0.0,100.0,82.176179609541,168.630191535568,,,34VEN,S2A_MSIL2A_20230117T095331_R079_T34VEN_20230117T173236,,10.0,,,,7.3,3.6,0.6,840.0,,39.0,10.0,0.5,"Väänteenjoki 0,9  5800",,Lohja,Lohja,River,VHA2,Kymijoen-Suomenlahden vesienhoitoalue,23.031,Hiidenveden la,Keskisuuret savimaiden joet,106.0
FI_00000697,1229,1229,2023-12-07,60.33564037793927,24.06683532961399,,,,840.0,,39.0,10.0,S2_FI_00000697,2023-02-07,0.0,99.387193,76.4389759647387,171.973761573183,,,34VEN,S2B_MSIL2A_20230207T101109_R022_T34VEN_20240813T003502,,10.0,,,,7.3,3.6,0.6,840.0,,39.0,10.0,0.5,"Väänteenjoki 0,9  5800",,Lohja,Lohja,River,VHA2,Kymijoen-Suomenlahden vesienhoitoalue,23.031,Hiidenveden la,Keskisuuret savimaiden joet,106.0
FI_00000698,1229,1229,2023-12-07,60.33564037793927,24.06683532961399,,,,840.0,,39.0,10.0,S2_FI_00000698,2023-03-01,0.0,6.680426,68.9146493985903,169.197923131324,,,34VEN,S2A_MSIL2A_20230301T100021_R122_T34VEN_20240821T023929,,10.0,,,,7.3,3.6,0.6,840.0,,39.0,10.0,0.5,"Väänteenjoki 0,9  5800",,Lohja,Lohja,River,VHA2,Kymijoen-Suomenlahden vesienhoitoalue,23.031,Hiidenveden la,Keskisuuret savimaiden joet,106.0
FI_00000699,1229,1229,2023-12-07,60.33564037793927,24.06683532961399,,,,840.0,,39.0,10.0,S2_FI_00000699,2023-04-10,1.0,23.056984,53.2016503413015,170.82789341671,,,34VEN,S2A_MSIL2A_20230410T100031_R122_T34VEN_20240826T061228,,10.0,,,,7.3,3.6,0.6,840.0,,39.0,10.0,0.5,"Väänteenjoki 0,9  5800",,Lohja,Lohja,River,VHA2,Kymijoen-Suomenlahden vesienhoitoalue,23.031,Hiidenveden la,Keskisuuret savimaiden joet,106.0
FI_00000700,1229,1229,2023-12-07,60.33564037793927,24.06683532961399,,,,840.0,,39.0,10.0,S2_FI_00000700,2023-04-25,0.0,65.082109,47.9050866655451,171.380844913483,,,34VEN,S2B_MSIL2A_20230425T100029_R122_T34VEN_20240901T190605,,10.0,,,,7.3,3.6,0.6,840.0,,39.0,10.0,0.5,"Väänteenjoki 0,9  5800",,Lohja,Lohja,River,VHA2,Kymijoen-Suomenlahden vesienhoitoalue,23.031,Hiidenveden la,Keskisuuret savimaiden joet,106.0
FI_00000701,1229,1229,2023-12-07,60.33564037793927,24.06683532961399,,,,840.0,,39.0,10.0,S2_FI_00000701,2023-05-15,0.0,28.729132,42.2096151999223,171.347479837009,,,34VEN,S2B_MSIL2A_20230515T095559_R122_T34VEN_20230515T150703,,10.0,,,,7.3,3.6,0.6,840.0,,39.0,10.0,0.5,"Väänteenjoki 0,9  5800",,Lohja,Lohja,River,VHA2,Kymijoen-Suomenlahden vesienhoitoalue,23.031,Hiidenveden la,Keskisuuret savimaiden joet,106.0
FI_00000702,1229,1229,2024-02-21,60.33564037793927,24.06683532961399,,,,900.0,,31.0,8.2,S2_FI_00000702,2023-06-12,0.0,4.619529,37.8213022225475,173.236299906865,,,34VEN,S2A_MSIL2A_20230612T100601_R022_T34VEN_20240911T004021,,10.0,,,,7.2,3.2000000000000006,1.2,900.0,,31.0,8.2,1.0,"Väänteenjoki 0,9  5800",,Lohja,Lohja,River,VHA2,Kymijoen-Suomenlahden vesienhoitoalue,23.031,Hiidenveden la,Keskisuuret savimaiden joet,106.0
FI_00000703,1229,1229,2024-02-21,60.33564037793927,24.06683532961399,,,,900.0,,31.0,8.2,S2_FI_00000703,2023-07-02,1.0,63.036811,37.9980577317063,171.675280528173,,,34VEN,S2A_MSIL2A_20230702T100601_R022_T34VEN_20230702T182911,,10.0,,,,7.2,3.2000000000000006,1.2,900.0,,31.0,8.2,1.0,"Väänteenjoki 0,9  5800",,Lohja,Lohja,River,VHA2,Kymijoen-Suomenlahden vesienhoitoalue,23.031,Hiidenveden la,Keskisuuret savimaiden joet,106.0
FI_00000704,1229,1229,2024-02-21,60.33564037793927,24.06683532961399,,,,900.0,,31.0,8.2,S2_FI_00000704,2023-08-13,1.0,97.941905,46.5488635726561,168.948274582477,,,34VEN,S2B_MSIL2A_20230813T095559_R122_T34VEN_20241015T114308,,10.0,,,,7.2,3.2000000000000006,1.2,900.0,,31.0,8.2,1.0,"Väänteenjoki 0,9  5800",,Lohja,Lohja,River,VHA2,Kymijoen-Suomenlahden vesienhoitoalue,23.031,Hiidenveden la,Keskisuuret savimaiden joet,106.0
FI_00000705,1229,1229,2024-02-21,60.33564037793927,24.06683532961399,,,,900.0,,31.0,8.2,S2_FI_00000705,2023-09-04,0.0,47.679329,54.0904037793306,168.563144428723,,,34VEN,S2A_MSIL2A_20230904T095031_R079_T34VEN_20241017T204831,,10.0,,,,7.2,3.2000000000000006,1.2,900.0,,31.0,8.2,1.0,"Väänteenjoki 0,9  5800",,Lohja,Lohja,River,VHA2,Kymijoen-Suomenlahden vesienhoitoalue,23.031,Hiidenveden la,Keskisuuret savimaiden joet,106.0
FI_00000706,1229,1229,2024-02-21,60.33564037793927,24.06683532961399,,,,900.0,,31.0,8.2,S2_FI_00000706,2023-10-22,1.0,98.625386,71.9137725822707,176.713927891912,,,34VEN,S2B_MSIL2A_20231022T095949_R122_T34VEN_20231022T131939,,10.0,,,,7.2,3.2000000000000006,1.2,900.0,,31.0,8.2,1.0,"Väänteenjoki 0,9  5800",,Lohja,Lohja,River,VHA2,Kymijoen-Suomenlahden vesienhoitoalue,23.031,Hiidenveden la,Keskisuuret savimaiden joet,106.0
FI_00000707,1229,1229,2024-02-21,60.33564037793927,24.06683532961399,,,,900.0,,31.0,8.2,S2_FI_00000707,2023-11-28,1.0,99.885589,82.2986614282887,173.869312909846,,,34VEN,S2B_MSIL2A_20231128T095249_R079_T34VEN_20241106T213047,,10.0,,,,7.2,3.2000000000000006,1.2,900.0,,31.0,8.2,1.0,"Väänteenjoki 0,9  5800",,Lohja,Lohja,River,VHA2,Kymijoen-Suomenlahden vesienhoitoalue,23.031,Hiidenveden la,Keskisuuret savimaiden joet,106.0
FI_00000708,1229,1229,2024-03-06,60.33564037793927,24.06683532961399,,,,930.0,,35.0,8.3,S2_FI_00000708,2023-12-11,0.0,96.286607,83.9417986526449,175.058883517211,,,34VEN,S2B_MSIL2A_20231211T100319_R122_T34VEN_20231211T131547,,10.0,,,,7.099999999999999,2.3,1.3,930.0,,35.0,8.3,1.0,"Väänteenjoki 0,9  5800",,Lohja,Lohja,River,VHA2,Kymijoen-Suomenlahden vesienhoitoalue,23.031,Hiidenveden la,Keskisuuret savimaiden joet,106.0
FI_00000709,1229,1229,2024-03-06,60.33564037793927,24.06683532961399,,,,930.0,,35.0,8.3,S2_FI_00000709,2024-01-07,1.0,1.612129,83.7312695720887,169.724107756795,,,34VEN,S2B_MSIL2A_20240107T095309_R079_T34VEN_20240107T124244,,10.0,,,,7.099999999999999,2.3,1.3,930.0,,35.0,8.3,1.0,"Väänteenjoki 0,9  5800",,Lohja,Lohja,River,VHA2,Kymijoen-Suomenlahden vesienhoitoalue,23.031,Hiidenveden la,Keskisuuret savimaiden joet,106.0
FI_00000710,1229,1229,2024-03-06,60.33564037793927,24.06683532961399,,,,930.0,,35.0,8.3,S2_FI_00000710,2024-02-12,1.0,59.138125,74.9095189462948,171.839394281552,,,34VEN,S2B_MSIL2A_20240212T101039_R022_T34VEN_20240212T132202,,10.0,,,,7.099999999999999,2.3,1.3,930.0,,35.0,8.3,1.0,"Väänteenjoki 0,9  5800",,Lohja,Lohja,River,VHA2,Kymijoen-Suomenlahden vesienhoitoalue,23.031,Hiidenveden la,Keskisuuret savimaiden joet,106.0
FI_00000711,1229,1229,2024-03-06,60.33564037793927,24.06683532961399,,,,930.0,,35.0,8.3,S2_FI_00000711,2024-03-05,1.0,0.675411,67.0719505922577,169.300712305185,,,34VEN,S2A_MSIL2A_20240305T100031_R122_T34VEN_20240305T140836,,10.0,,,,7.099999999999999,2.3,1.3,930.0,,35.0,8.3,1.0,"Väänteenjoki 0,9  5800",,Lohja,Lohja,River,VHA2,Kymijoen-Suomenlahden vesienhoitoalue,23.031,Hiidenveden la,Keskisuuret savimaiden joet,106.0
FI_00000712,1229,1229,2024-03-06,60.33564037793927,24.06683532961399,,,,930.0,,35.0,8.3,S2_FI_00000712,2024-04-04,0.0,10.975799,55.1924173491004,170.5592239834,,,34VEN,S2A_MSIL2A_20240404T100021_R122_T34VEN_20240404T152622,,10.0,,,,7.099999999999999,2.3,1.3,930.0,,35.0,8.3,1.0,"Väänteenjoki 0,9  5800",,Lohja,Lohja,River,VHA2,Kymijoen-Suomenlahden vesienhoitoalue,23.031,Hiidenveden la,Keskisuuret savimaiden joet,106.0
FI_00000713,1229,1229,2024-03-06,60.33564037793927,24.06683532961399,,,,930.0,,35.0,8.3,S2_FI_00000713,2024-04-29,0.0,100.0,46.3887894420113,171.459490705773,,,34VEN,S2B_MSIL2A_20240429T095549_R122_T34VEN_20240429T142223,,10.0,,,,7.099999999999999,2.3,1.3,930.0,,35.0,8.3,1.0,"Väänteenjoki 0,9  5800",,Lohja,Lohja,River,VHA2,Kymijoen-Suomenlahden vesienhoitoalue,23.031,Hiidenveden la,Keskisuuret savimaiden joet,106.0
FI_00000714,1229,1229,2024-04-02,60.33564037793927,24.06683532961399,,,,1100.0,,41.0,12.0,S2_FI_00000714,2024-05-14,0.0,58.041942,42.2663677247592,171.348181670994,,,34VEN,S2A_MSIL2A_20240514T100031_R122_T34VEN_20240514T140519,,9.5,10.9,,81.0,7.2,6.65,3.2000000000000006,1100.0,,41.0,12.0,1.0,"Väänteenjoki 0,9  5800",,Lohja,Lohja,River,VHA2,Kymijoen-Suomenlahden vesienhoitoalue,23.031,Hiidenveden la,Keskisuuret savimaiden joet,106.0
FI_00000715,1229,1229,2024-04-02,60.33564037793927,24.06683532961399,,,,1100.0,,41.0,12.0,S2_FI_00000715,2024-06-26,0.0,8.446684,37.6867618522962,172.029243309148,,,34VEN,S2A_MSIL2A_20240626T101031_R022_T34VEN_20240626T191129,,9.5,10.9,,81.0,7.2,6.65,3.2000000000000006,1100.0,,41.0,12.0,1.0,"Väänteenjoki 0,9  5800",,Lohja,Lohja,River,VHA2,Kymijoen-Suomenlahden vesienhoitoalue,23.031,Hiidenveden la,Keskisuuret savimaiden joet,106.0
FI_00000716,1229,1229,2024-04-02,60.33564037793927,24.06683532961399,,,,1100.0,,41.0,12.0,S2_FI_00000716,2024-07-15,0.0,56.427103,40.1844003767202,163.937388516131,,,34VEN,S2B_MSIL2A_20240715T094549_R079_T34VEN_20240715T135225,,9.5,10.9,,81.0,7.2,6.65,3.2000000000000006,1100.0,,41.0,12.0,1.0,"Väänteenjoki 0,9  5800",,Lohja,Lohja,River,VHA2,Kymijoen-Suomenlahden vesienhoitoalue,23.031,Hiidenveden la,Keskisuuret savimaiden joet,106.0
FI_00000717,1229,1229,2024-04-02,60.33564037793927,24.06683532961399,,,,1100.0,,41.0,12.0,S2_FI_00000717,2024-08-20,0.0,63.061082,48.7941403828502,172.995003359598,,,34VEN,S2B_MSIL2A_20240820T100559_R022_T34VEN_20240820T130319,,9.5,10.9,,81.0,7.2,6.65,3.2000000000000006,1100.0,,41.0,12.0,1.0,"Väänteenjoki 0,9  5800",,Lohja,Lohja,River,VHA2,Kymijoen-Suomenlahden vesienhoitoalue,23.031,Hiidenveden la,Keskisuuret savimaiden joet,106.0
FI_00000718,1229,1229,2024-04-02,60.33564037793927,24.06683532961399,,,,1100.0,,41.0,12.0,S2_FI_00000718,2024-09-23,0.0,62.36189,61.4652893474411,171.325829314725,,,34VEN,S2B_MSIL2A_20240923T095029_R079_T34VEN_20240923T110403,,9.5,10.9,,81.0,7.2,6.65,3.2000000000000006,1100.0,,41.0,12.0,1.0,"Väänteenjoki 0,9  5800",,Lohja,Lohja,River,VHA2,Kymijoen-Suomenlahden vesienhoitoalue,23.031,Hiidenveden la,Keskisuuret savimaiden joet,106.0
FI_00000719,1229,1229,2024-04-02,60.33564037793927,24.06683532961399,,,,1100.0,,41.0,12.0,S2_FI_00000719,2024-10-28,0.0,44.678524,74.3152936006191,174.457002197009,,,34VEN,S2A_MSIL2A_20241028T095121_R079_T34VEN_20241028T124759,,9.5,10.9,,81.0,7.2,6.65,3.2000000000000006,1100.0,,41.0,12.0,1.0,"Väänteenjoki 0,9  5800",,Lohja,Lohja,River,VHA2,Kymijoen-Suomenlahden vesienhoitoalue,23.031,Hiidenveden la,Keskisuuret savimaiden joet,106.0
FI_00000720,1229,1229,2024-05-02,60.33564037793927,24.06683532961399,,,,1100.0,,57.0,13.0,S2_FI_00000720,2024-11-10,1.0,99.307901,78.2127804362893,177.021496405166,,,34VEN,S2A_MSIL2A_20241110T100231_R122_T34VEN_20241110T111143,,9.5,,,,7.2,7.599999999999999,9.7,1100.0,,57.0,13.0,1.0,"Väänteenjoki 0,9  5800",,Lohja,Lohja,River,VHA2,Kymijoen-Suomenlahden vesienhoitoalue,23.031,Hiidenveden la,Keskisuuret savimaiden joet,106.0
FI_00000721,1229,1229,2024-05-02,60.33564037793927,24.06683532961399,,,,1100.0,,57.0,13.0,S2_FI_00000721,2024-12-12,1.0,10.43373,84.2159480991483,172.591992429495,,,34VEN,S2B_MSIL2A_20241212T095319_R079_T34VEN_20241212T115616,,9.5,,,,7.2,7.599999999999999,9.7,1100.0,,57.0,13.0,1.0,"Väänteenjoki 0,9  5800",,Lohja,Lohja,River,VHA2,Kymijoen-Suomenlahden vesienhoitoalue,23.031,Hiidenveden la,Keskisuuret savimaiden joet,106.0
FI_00000723,1229,1229,2024-05-02,60.33564037793927,24.06683532961399,,,,1100.0,,57.0,13.0,S2_FI_00000723,2023-02-14,0.0,95.621902,77.555133446592,175.245682885136,,,35WNM,S2B_MSIL2A_20230214T100029_R122_T35WNM_20240812T190154,,9.5,,,,7.2,7.599999999999999,9.7,1100.0,,57.0,13.0,1.0,"Väänteenjoki 0,9  5800",,Lohja,Lohja,River,VHA2,Kymijoen-Suomenlahden vesienhoitoalue,23.031,Hiidenveden la,Keskisuuret savimaiden joet,106.0
FI_00000724,1229,1229,2024-05-02,60.33564037793927,24.06683532961399,,,,1100.0,,57.0,13.0,S2_FI_00000724,2023-03-21,0.0,92.805398,64.2572389656001,176.61703632919,,,35WNM,S2A_MSIL2A_20230321T100031_R122_T35WNM_20240826T215434,,9.5,,,,7.2,7.599999999999999,9.7,1100.0,,57.0,13.0,1.0,"Väänteenjoki 0,9  5800",,Lohja,Lohja,River,VHA2,Kymijoen-Suomenlahden vesienhoitoalue,23.031,Hiidenveden la,Keskisuuret savimaiden joet,106.0
FI_00000725,1229,1229,2024-05-02,60.33564037793927,24.06683532961399,,,,1100.0,,57.0,13.0,S2_FI_00000725,2023-03-28,0.0,94.428909,61.574204078757,174.301192108386,,,35WNM,S2A_MSIL2A_20230328T095031_R079_T35WNM_20240829T134810,,9.5,,,,7.2,7.599999999999999,9.7,1100.0,,57.0,13.0,1.0,"Väänteenjoki 0,9  5800",,Lohja,Lohja,River,VHA2,Kymijoen-Suomenlahden vesienhoitoalue,23.031,Hiidenveden la,Keskisuuret savimaiden joet,106.0
FI_00000726,1229,1229,2024-06-04,60.33564037793927,24.06683532961399,,,,930.0,,39.0,17.0,S2_FI_00000726,2023-04-20,0.0,59.684426,52.9335630170898,178.797305194008,,,35WNM,S2A_MSIL2A_20230420T100021_R122_T35WNM_20240901T024713,,9.6,,,,7.400000000000001,18.0,19.5,930.0,,39.0,17.0,1.0,"Väänteenjoki 0,9  5800",,Lohja,Lohja,River,VHA2,Kymijoen-Suomenlahden vesienhoitoalue,23.031,Hiidenveden la,Keskisuuret savimaiden joet,106.0
FI_00000727,1229,1229,2024-06-04,60.33564037793927,24.06683532961399,,,,930.0,,39.0,17.0,S2_FI_00000727,2023-05-04,0.0,99.180949,48.6228594725704,173.052969158327,,,35WNM,S2A_MSIL2A_20230504T094031_R036_T35WNM_20230504T163134,,9.6,,,,7.400000000000001,18.0,19.5,930.0,,39.0,17.0,1.0,"Väänteenjoki 0,9  5800",,Lohja,Lohja,River,VHA2,Kymijoen-Suomenlahden vesienhoitoalue,23.031,Hiidenveden la,Keskisuuret savimaiden joet,106.0
FI_00000728,1229,1229,2024-06-04,60.33564037793927,24.06683532961399,,,,930.0,,39.0,17.0,S2_FI_00000728,2023-06-04,1.0,93.914753,42.0054013135468,178.916169304442,,,35WNM,S2B_MSIL2A_20230604T095559_R122_T35WNM_20240926T190423,,9.6,,,,7.400000000000001,18.0,19.5,930.0,,39.0,17.0,1.0,"Väänteenjoki 0,9  5800",,Lohja,Lohja,River,VHA2,Kymijoen-Suomenlahden vesienhoitoalue,23.031,Hiidenveden la,Keskisuuret savimaiden joet,106.0
FI_00000729,1229,1229,2024-06-04,60.33564037793927,24.06683532961399,,,,930.0,,39.0,17.0,S2_FI_00000729,2023-07-19,0.0,80.871636,43.6177075555515,176.214186381875,,,35WNM,S2A_MSIL2A_20230719T100031_R122_T35WNM_20241021T091658,,9.6,,,,7.400000000000001,18.0,19.5,930.0,,39.0,17.0,1.0,"Väänteenjoki 0,9  5800",,Lohja,Lohja,River,VHA2,Kymijoen-Suomenlahden vesienhoitoalue,23.031,Hiidenveden la,Keskisuuret savimaiden joet,106.0
FI_00000730,1229,1229,2024-06-04,60.33564037793927,24.06683532961399,,,,930.0,,39.0,17.0,S2_FI_00000730,2023-08-07,0.0,59.15482,48.2770083060064,170.1495061108,,,35WNM,S2B_MSIL2A_20230807T093549_R036_T35WNM_20241016T210425,,9.6,,,,7.400000000000001,18.0,19.5,930.0,,39.0,17.0,1.0,"Väänteenjoki 0,9  5800",,Lohja,Lohja,River,VHA2,Kymijoen-Suomenlahden vesienhoitoalue,23.031,Hiidenveden la,Keskisuuret savimaiden joet,106.0
FI_00000731,1229,1229,2024-06-04,60.33564037793927,24.06683532961399,,,,930.0,,39.0,17.0,S2_FI_00000731,2023-08-30,0.0,43.861532,55.4792405529028,175.341604324085,,,35WNM,S2B_MSIL2A_20230830T094549_R079_T35WNM_20241022T104510,,9.6,,,,7.400000000000001,18.0,19.5,930.0,,39.0,17.0,1.0,"Väänteenjoki 0,9  5800",,Lohja,Lohja,River,VHA2,Kymijoen-Suomenlahden vesienhoitoalue,23.031,Hiidenveden la,Keskisuuret savimaiden joet,106.0
FI_00000732,1229,1229,2024-08-06,60.33564037793927,24.06683532961399,,,,600.0,,36.0,13.0,S2_FI_00000732,2023-09-04,0.0,99.276888,57.2809245968517,175.893452717427,,,35WNM,S2A_MSIL2A_20230904T095031_R079_T35WNM_20241017T204831,,9.3,7.7,,89.0,7.400000000000001,14.0,22.399999999999995,600.0,,36.0,13.0,0.5,"Väänteenjoki 0,9  5800",,Lohja,Lohja,River,VHA2,Kymijoen-Suomenlahden vesienhoitoalue,23.031,Hiidenveden la,Keskisuuret savimaiden joet,106.0
FI_00000733,1229,1229,2024-08-06,60.33564037793927,24.06683532961399,,,,600.0,,36.0,13.0,S2_FI_00000733,2023-09-14,0.0,38.641948,61.0256425788005,177.007383729992,,,35WNM,S2A_MSIL2A_20230914T095031_R079_T35WNM_20240825T021032,,9.3,7.7,,89.0,7.400000000000001,14.0,22.399999999999995,600.0,,36.0,13.0,0.5,"Väänteenjoki 0,9  5800",,Lohja,Lohja,River,VHA2,Kymijoen-Suomenlahden vesienhoitoalue,23.031,Hiidenveden la,Keskisuuret savimaiden joet,106.0
FI_00000734,1229,1229,2024-08-06,60.33564037793927,24.06683532961399,,,,600.0,,36.0,13.0,S2_FI_00000734,2023-10-09,0.0,59.890139,70.6679502035239,179.420209088832,,,35WNM,S2B_MSIL2A_20231009T094819_R079_T35WNM_20231009T142154,,9.3,7.7,,89.0,7.400000000000001,14.0,22.399999999999995,600.0,,36.0,13.0,0.5,"Väänteenjoki 0,9  5800",,Lohja,Lohja,River,VHA2,Kymijoen-Suomenlahden vesienhoitoalue,23.031,Hiidenveden la,Keskisuuret savimaiden joet,106.0
FI_00000735,1229,1229,2024-08-06,60.33564037793927,24.06683532961399,,,,600.0,,36.0,13.0,S2_FI_00000735,2023-11-25,3.0,28.782719,85.1883229619047,177.234591110048,,,35WNM,S2B_MSIL2A_20231125T094229_R036_T35WNM_20231125T122743,,9.3,7.7,,89.0,7.400000000000001,14.0,22.399999999999995,600.0,,36.0,13.0,0.5,"Väänteenjoki 0,9  5800",,Lohja,Lohja,River,VHA2,Kymijoen-Suomenlahden vesienhoitoalue,23.031,Hiidenveden la,Keskisuuret savimaiden joet,106.0
FI_00000737,1229,1229,2024-08-06,60.33564037793927,24.06683532961399,,,,600.0,,36.0,13.0,S2_FI_00000737,2024-02-26,0.0,99.817055,73.4497557543888,172.826020066962,,,35WNM,S2B_MSIL2A_20240226T094859_R079_T35WNM_20240226T132114,,9.3,7.7,,89.0,7.400000000000001,14.0,22.399999999999995,600.0,,36.0,13.0,0.5,"Väänteenjoki 0,9  5800",,Lohja,Lohja,River,VHA2,Kymijoen-Suomenlahden vesienhoitoalue,23.031,Hiidenveden la,Keskisuuret savimaiden joet,106.0
FI_00000738,1229,1229,2024-10-28,60.33564037793927,24.06683532961399,,,,670.0,,47.0,9.8,S2_FI_00000738,2024-03-10,1.0,84.437603,68.3181868999945,175.940299670425,,,35WNM,S2B_MSIL2A_20240310T095729_R122_T35WNM_20240310T141732,,9.5,,,,7.3,6.5,8.4,670.0,,47.0,9.8,1.0,"Väänteenjoki 0,9  5800",,Lohja,Lohja,River,VHA2,Kymijoen-Suomenlahden vesienhoitoalue,23.031,Hiidenveden la,Keskisuuret savimaiden joet,106.0
FI_00000739,1229,1229,2024-10-28,60.33564037793927,24.06683532961399,,,,670.0,,47.0,9.8,S2_FI_00000739,2024-03-14,0.0,99.999988,66.9842037498934,170.778107042824,,,35WNM,S2B_MSIL2A_20240314T093649_R036_T35WNM_20240314T132458,,9.5,,,,7.3,6.5,8.4,670.0,,47.0,9.8,1.0,"Väänteenjoki 0,9  5800",,Lohja,Lohja,River,VHA2,Kymijoen-Suomenlahden vesienhoitoalue,23.031,Hiidenveden la,Keskisuuret savimaiden joet,106.0
FI_00000740,1229,1229,2024-10-28,60.33564037793927,24.06683532961399,,,,670.0,,47.0,9.8,S2_FI_00000740,2024-04-29,0.0,91.386402,49.7482320546876,179.301801051724,,,35WNM,S2B_MSIL2A_20240429T095549_R122_T35WNM_20240429T142123,,9.5,,,,7.3,6.5,8.4,670.0,,47.0,9.8,1.0,"Väänteenjoki 0,9  5800",,Lohja,Lohja,River,VHA2,Kymijoen-Suomenlahden vesienhoitoalue,23.031,Hiidenveden la,Keskisuuret savimaiden joet,106.0
FI_00000741,1229,1229,2024-10-28,60.33564037793927,24.06683532961399,,,,670.0,,47.0,9.8,S2_FI_00000741,2024-05-19,1.0,57.802743,44.5107818745604,179.516772190262,,,35WNM,S2B_MSIL2A_20240519T095549_R122_T35WNM_20240519T122801,,9.5,,,,7.3,6.5,8.4,670.0,,47.0,9.8,1.0,"Väänteenjoki 0,9  5800",,Lohja,Lohja,River,VHA2,Kymijoen-Suomenlahden vesienhoitoalue,23.031,Hiidenveden la,Keskisuuret savimaiden joet,106.0
FI_00000742,1229,1229,2024-10-28,60.33564037793927,24.06683532961399,,,,670.0,,47.0,9.8,S2_FI_00000742,2024-06-10,0.0,98.182541,41.4327392125756,175.01507080961,,,35WNM,S2A_MSIL2A_20240610T095031_R079_T35WNM_20240610T131726,,9.5,,,,7.3,6.5,8.4,670.0,,47.0,9.8,1.0,"Väänteenjoki 0,9  5800",,Lohja,Lohja,River,VHA2,Kymijoen-Suomenlahden vesienhoitoalue,23.031,Hiidenveden la,Keskisuuret savimaiden joet,106.0
FI_00000743,1229,1229,2024-10-28,60.33564037793927,24.06683532961399,,,,670.0,,47.0,9.8,S2_FI_00000743,2024-06-17,0.0,52.898681,41.2496285862616,171.007057774822,,,35WNM,S2A_MSIL2A_20240617T094041_R036_T35WNM_20240617T160133,,9.5,,,,7.3,6.5,8.4,670.0,,47.0,9.8,1.0,"Väänteenjoki 0,9  5800",,Lohja,Lohja,River,VHA2,Kymijoen-Suomenlahden vesienhoitoalue,23.031,Hiidenveden la,Keskisuuret savimaiden joet,106.0
FI_00000744,1229,1229,2024-11-18,60.33564037793927,24.06683532961399,,,,710.0,,37.0,9.3,S2_FI_00000744,2024-07-03,0.0,99.152678,41.557048671635,176.805888957098,,,35WNM,S2A_MSIL2A_20240703T100031_R122_T35WNM_20240705T173157,,9.6,,,,7.400000000000001,4.2,4.4,710.0,,37.0,9.3,1.0,"Väänteenjoki 0,9  5800",,Lohja,Lohja,River,VHA2,Kymijoen-Suomenlahden vesienhoitoalue,23.031,Hiidenveden la,Keskisuuret savimaiden joet,106.0
FI_00000745,1229,1229,2024-11-18,60.33564037793927,24.06683532961399,,,,710.0,,37.0,9.3,S2_FI_00000745,2024-08-07,1.0,0.0,48.2447542615386,176.587718645961,,,35WNM,S2B_MSIL2A_20240807T095549_R122_T35WNM_20240807T132638,,9.6,,,,7.400000000000001,4.2,4.4,710.0,,37.0,9.3,1.0,"Väänteenjoki 0,9  5800",,Lohja,Lohja,River,VHA2,Kymijoen-Suomenlahden vesienhoitoalue,23.031,Hiidenveden la,Keskisuuret savimaiden joet,106.0
FI_00000746,1229,1229,2024-11-18,60.33564037793927,24.06683532961399,,,,710.0,,37.0,9.3,S2_FI_00000746,2024-08-26,0.0,33.394915,54.4618195116331,171.955406002926,,,35WNM,S2A_MSIL2A_20240826T094031_R036_T35WNM_20240826T134251,,9.6,,,,7.400000000000001,4.2,4.4,710.0,,37.0,9.3,1.0,"Väänteenjoki 0,9  5800",,Lohja,Lohja,River,VHA2,Kymijoen-Suomenlahden vesienhoitoalue,23.031,Hiidenveden la,Keskisuuret savimaiden joet,106.0
FI_00000747,1229,1229,2024-11-18,60.33564037793927,24.06683532961399,,,,710.0,,37.0,9.3,S2_FI_00000747,2024-09-11,1.0,82.975793,60.1429543688207,179.591590954765,,,35WNM,S2A_MSIL2A_20240911T100021_R122_T35WNM_20240911T143249,,9.6,,,,7.400000000000001,4.2,4.4,710.0,,37.0,9.3,1.0,"Väänteenjoki 0,9  5800",,Lohja,Lohja,River,VHA2,Kymijoen-Suomenlahden vesienhoitoalue,23.031,Hiidenveden la,Keskisuuret savimaiden joet,106.0
FI_00000748,1229,1229,2024-11-18,60.33564037793927,24.06683532961399,,,,710.0,,37.0,9.3,S2_FI_00000748,2024-10-10,0.0,99.746501,71.3658451774189,176.916703429959,,,35WNM,S2B_MSIL2A_20241010T094029_R036_T35WNM_20241010T120408,,9.6,,,,7.400000000000001,4.2,4.4,710.0,,37.0,9.3,1.0,"Väänteenjoki 0,9  5800",,Lohja,Lohja,River,VHA2,Kymijoen-Suomenlahden vesienhoitoalue,23.031,Hiidenveden la,Keskisuuret savimaiden joet,106.0
FI_00000749,1229,1229,2024-11-18,60.33564037793927,24.06683532961399,,,,710.0,,37.0,9.3,S2_FI_00000749,2024-10-13,1.0,99.99947,72.4595511656636,179.733701992245,,,35WNM,S2B_MSIL2A_20241013T095029_R079_T35WNM_20241013T111937,,9.6,,,,7.400000000000001,4.2,4.4,710.0,,37.0,9.3,1.0,"Väänteenjoki 0,9  5800",,Lohja,Lohja,River,VHA2,Kymijoen-Suomenlahden vesienhoitoalue,23.031,Hiidenveden la,Keskisuuret savimaiden joet,106.0
FI_00000750,1229,1229,2024-12-04,60.33564037793927,24.06683532961399,,,,830.0,,39.0,11.0,S2_FI_00000750,2024-11-12,1.0,93.19182,82.3061813614781,180.206757397679,,,35WNM,S2B_MSIL2A_20241112T095139_R079_T35WNM_20241112T111710,,9.7,,,,7.400000000000001,4.5,2.5,830.0,,39.0,11.0,1.0,"Väänteenjoki 0,9  5800",,Lohja,Lohja,River,VHA2,Kymijoen-Suomenlahden vesienhoitoalue,23.031,Hiidenveden la,Keskisuuret savimaiden joet,106.0
FI_00000752,1229,1229,2024-12-04,60.33564037793927,24.06683532961399,,,,830.0,,39.0,11.0,S2_FI_00000752,2024-08-17,1.0,59.325266,47.8133520293169,172.440926609612,,,35VLH,S2B_MSIL2A_20240817T095549_R122_T35VLH_20240817T131031,,9.7,,,,7.400000000000001,4.5,2.5,830.0,,39.0,11.0,1.0,"Väänteenjoki 0,9  5800",,Lohja,Lohja,River,VHA2,Kymijoen-Suomenlahden vesienhoitoalue,23.031,Hiidenveden la,Keskisuuret savimaiden joet,106.0
FI_00000753,1229,1229,2024-12-04,60.33564037793927,24.06683532961399,,,,830.0,,39.0,11.0,S2_FI_00000753,2023-01-18,1.0,35.858071,81.5971093946523,173.237149966807,,,34VEN,S2B_MSIL2A_20230118T101239_R022_T34VEN_20240809T052213,,9.7,,,,7.400000000000001,4.5,2.5,830.0,,39.0,11.0,1.0,"Väänteenjoki 0,9  5800",,Lohja,Lohja,River,VHA2,Kymijoen-Suomenlahden vesienhoitoalue,23.031,Hiidenveden la,Keskisuuret savimaiden joet,106.0
FI_00000754,1229,1229,2024-12-04,60.33564037793927,24.06683532961399,,,,830.0,,39.0,11.0,S2_FI_00000754,2023-02-07,0.0,99.387193,76.4389759647387,171.973761573183,,,34VEN,S2B_MSIL2A_20230207T101109_R022_T34VEN_20240813T003502,,9.7,,,,7.400000000000001,4.5,2.5,830.0,,39.0,11.0,1.0,"Väänteenjoki 0,9  5800",,Lohja,Lohja,River,VHA2,Kymijoen-Suomenlahden vesienhoitoalue,23.031,Hiidenveden la,Keskisuuret savimaiden joet,106.0
FI_00000755,1229,1229,2024-12-04,60.33564037793927,24.06683532961399,,,,830.0,,39.0,11.0,S2_FI_00000755,2023-03-01,0.0,6.680426,68.9146493985903,169.197923131324,,,34VEN,S2A_MSIL2A_20230301T100021_R122_T34VEN_20240821T023929,,9.7,,,,7.400000000000001,4.5,2.5,830.0,,39.0,11.0,1.0,"Väänteenjoki 0,9  5800",,Lohja,Lohja,River,VHA2,Kymijoen-Suomenlahden vesienhoitoalue,23.031,Hiidenveden la,Keskisuuret savimaiden joet,106.0
FI_00000756,1340,1340,2023-02-08,60.34327199678209,24.040244014001765,,,,1300.0,,40.0,13.0,S2_FI_00000756,2023-04-10,1.0,23.056984,53.2016503413015,170.82789341671,,,34VEN,S2A_MSIL2A_20230410T100031_R122_T34VEN_20240826T061228,,7.7,,,,6.8,5.1,0.4000000000000001,1300.0,,40.0,13.0,0.5,"Nummenjoki 0,0 Häntäjoki",,Lohja,Lohja,River,VHA2,Kymijoen-Suomenlahden vesienhoitoalue,23.061,Sitarlanjoen - Härkäjoen a,Keskisuuret savimaiden joet,106.0
FI_00000757,1340,1340,2023-02-08,60.34327199678209,24.040244014001765,,,,1300.0,,40.0,13.0,S2_FI_00000757,2023-04-25,0.0,65.082109,47.9050866655451,171.380844913483,,,34VEN,S2B_MSIL2A_20230425T100029_R122_T34VEN_20240901T190605,,7.7,,,,6.8,5.1,0.4000000000000001,1300.0,,40.0,13.0,0.5,"Nummenjoki 0,0 Häntäjoki",,Lohja,Lohja,River,VHA2,Kymijoen-Suomenlahden vesienhoitoalue,23.061,Sitarlanjoen - Härkäjoen a,Keskisuuret savimaiden joet,106.0
FI_00000758,1340,1340,2023-02-08,60.34327199678209,24.040244014001765,,,,1300.0,,40.0,13.0,S2_FI_00000758,2023-05-15,0.0,28.729132,42.2096151999223,171.347479837009,,,34VEN,S2B_MSIL2A_20230515T095559_R122_T34VEN_20230515T150703,,7.7,,,,6.8,5.1,0.4000000000000001,1300.0,,40.0,13.0,0.5,"Nummenjoki 0,0 Häntäjoki",,Lohja,Lohja,River,VHA2,Kymijoen-Suomenlahden vesienhoitoalue,23.061,Sitarlanjoen - Härkäjoen a,Keskisuuret savimaiden joet,106.0
FI_00000759,1340,1340,2023-02-08,60.34327199678209,24.040244014001765,,,,1300.0,,40.0,13.0,S2_FI_00000759,2023-06-12,0.0,4.619529,37.8213022225475,173.236299906865,,,34VEN,S2A_MSIL2A_20230612T100601_R022_T34VEN_20240911T004021,,7.7,,,,6.8,5.1,0.4000000000000001,1300.0,,40.0,13.0,0.5,"Nummenjoki 0,0 Häntäjoki",,Lohja,Lohja,River,VHA2,Kymijoen-Suomenlahden vesienhoitoalue,23.061,Sitarlanjoen - Härkäjoen a,Keskisuuret savimaiden joet,106.0
FI_00000760,1340,1340,2023-02-08,60.34327199678209,24.040244014001765,,,,1300.0,,40.0,13.0,S2_FI_00000760,2023-07-09,1.0,48.675752,38.9156647542514,167.665757743767,,,34VEN,S2A_MSIL2A_20230709T100031_R122_T34VEN_20241018T161204,,7.7,,,,6.8,5.1,0.4000000000000001,1300.0,,40.0,13.0,0.5,"Nummenjoki 0,0 Häntäjoki",,Lohja,Lohja,River,VHA2,Kymijoen-Suomenlahden vesienhoitoalue,23.061,Sitarlanjoen - Härkäjoen a,Keskisuuret savimaiden joet,106.0
FI_00000761,1340,1340,2023-02-08,60.34327199678209,24.040244014001765,,,,1300.0,,40.0,13.0,S2_FI_00000761,2023-08-13,1.0,97.941905,46.5488635726561,168.948274582477,,,34VEN,S2B_MSIL2A_20230813T095559_R122_T34VEN_20241015T114308,,7.7,,,,6.8,5.1,0.4000000000000001,1300.0,,40.0,13.0,0.5,"Nummenjoki 0,0 Häntäjoki",,Lohja,Lohja,River,VHA2,Kymijoen-Suomenlahden vesienhoitoalue,23.061,Sitarlanjoen - Härkäjoen a,Keskisuuret savimaiden joet,106.0
FI_00000762,1340,1340,2023-03-22,60.34327199678209,24.040244014001765,,,,1600.0,,54.0,20.0,S2_FI_00000762,2023-09-10,1.0,33.832726,55.9613569311133,175.406584973211,,,34VEN,S2A_MSIL2A_20230910T100601_R022_T34VEN_20241104T085707,,8.6,,,,6.8,11.0,1.1,1600.0,,54.0,20.0,0.5,"Nummenjoki 0,0 Häntäjoki",,Lohja,Lohja,River,VHA2,Kymijoen-Suomenlahden vesienhoitoalue,23.061,Sitarlanjoen - Härkäjoen a,Keskisuuret savimaiden joet,106.0
FI_00000763,1340,1340,2023-03-22,60.34327199678209,24.040244014001765,,,,1600.0,,54.0,20.0,S2_FI_00000763,2023-10-22,1.0,98.625386,71.9137725822707,176.713927891912,,,34VEN,S2B_MSIL2A_20231022T095949_R122_T34VEN_20231022T131939,,8.6,,,,6.8,11.0,1.1,1600.0,,54.0,20.0,0.5,"Nummenjoki 0,0 Häntäjoki",,Lohja,Lohja,River,VHA2,Kymijoen-Suomenlahden vesienhoitoalue,23.061,Sitarlanjoen - Härkäjoen a,Keskisuuret savimaiden joet,106.0
FI_00000764,1340,1340,2023-03-22,60.34327199678209,24.040244014001765,,,,1600.0,,54.0,20.0,S2_FI_00000764,2023-11-19,1.0,69.843644,80.2875431947097,179.133759311853,,,34VEN,S2A_MSIL2A_20231119T101311_R022_T34VEN_20241109T043813,,8.6,,,,6.8,11.0,1.1,1600.0,,54.0,20.0,0.5,"Nummenjoki 0,0 Häntäjoki",,Lohja,Lohja,River,VHA2,Kymijoen-Suomenlahden vesienhoitoalue,23.061,Sitarlanjoen - Härkäjoen a,Keskisuuret savimaiden joet,106.0
FI_00000765,1340,1340,2023-03-22,60.34327199678209,24.040244014001765,,,,1600.0,,54.0,20.0,S2_FI_00000765,2023-12-11,0.0,96.286607,83.9417986526449,175.058883517211,,,34VEN,S2B_MSIL2A_20231211T100319_R122_T34VEN_20231211T131547,,8.6,,,,6.8,11.0,1.1,1600.0,,54.0,20.0,0.5,"Nummenjoki 0,0 Häntäjoki",,Lohja,Lohja,River,VHA2,Kymijoen-Suomenlahden vesienhoitoalue,23.061,Sitarlanjoen - Härkäjoen a,Keskisuuret savimaiden joet,106.0
FI_00000766,1340,1340,2023-03-22,60.34327199678209,24.040244014001765,,,,1600.0,,54.0,20.0,S2_FI_00000766,2024-01-07,1.0,1.612129,83.7312695720887,169.724107756795,,,34VEN,S2B_MSIL2A_20240107T095309_R079_T34VEN_20240107T124244,,8.6,,,,6.8,11.0,1.1,1600.0,,54.0,20.0,0.5,"Nummenjoki 0,0 Häntäjoki",,Lohja,Lohja,River,VHA2,Kymijoen-Suomenlahden vesienhoitoalue,23.061,Sitarlanjoen - Härkäjoen a,Keskisuuret savimaiden joet,106.0
FI_00000767,1340,1340,2023-03-22,60.34327199678209,24.040244014001765,,,,1600.0,,54.0,20.0,S2_FI_00000767,2024-02-12,1.0,59.138125,74.9095189462948,171.839394281552,,,34VEN,S2B_MSIL2A_20240212T101039_R022_T34VEN_20240212T132202,,8.6,,,,6.8,11.0,1.1,1600.0,,54.0,20.0,0.5,"Nummenjoki 0,0 Häntäjoki",,Lohja,Lohja,River,VHA2,Kymijoen-Suomenlahden vesienhoitoalue,23.061,Sitarlanjoen - Härkäjoen a,Keskisuuret savimaiden joet,106.0
FI_00000768,1340,1340,2023-04-12,60.34327199678209,24.040244014001765,,,,1300.0,,47.0,20.0,S2_FI_00000768,2024-03-05,1.0,0.675411,67.0719505922577,169.300712305185,,,34VEN,S2A_MSIL2A_20240305T100031_R122_T34VEN_20240305T140836,,7.8,,,,7.2,9.2,4.6,1300.0,,47.0,20.0,0.5,"Nummenjoki 0,0 Häntäjoki",,Lohja,Lohja,River,VHA2,Kymijoen-Suomenlahden vesienhoitoalue,23.061,Sitarlanjoen - Härkäjoen a,Keskisuuret savimaiden joet,106.0
FI_00000769,1340,1340,2023-04-12,60.34327199678209,24.040244014001765,,,,1300.0,,47.0,20.0,S2_FI_00000769,2024-04-04,0.0,10.975799,55.1924173491004,170.5592239834,,,34VEN,S2A_MSIL2A_20240404T100021_R122_T34VEN_20240404T152622,,7.8,,,,7.2,9.2,4.6,1300.0,,47.0,20.0,0.5,"Nummenjoki 0,0 Häntäjoki",,Lohja,Lohja,River,VHA2,Kymijoen-Suomenlahden vesienhoitoalue,23.061,Sitarlanjoen - Härkäjoen a,Keskisuuret savimaiden joet,106.0
FI_00000770,1340,1340,2023-04-12,60.34327199678209,24.040244014001765,,,,1300.0,,47.0,20.0,S2_FI_00000770,2024-04-29,0.0,100.0,46.3887894420113,171.459490705773,,,34VEN,S2B_MSIL2A_20240429T095549_R122_T34VEN_20240429T142223,,7.8,,,,7.2,9.2,4.6,1300.0,,47.0,20.0,0.5,"Nummenjoki 0,0 Häntäjoki",,Lohja,Lohja,River,VHA2,Kymijoen-Suomenlahden vesienhoitoalue,23.061,Sitarlanjoen - Härkäjoen a,Keskisuuret savimaiden joet,106.0
FI_00000771,1340,1340,2023-04-12,60.34327199678209,24.040244014001765,,,,1300.0,,47.0,20.0,S2_FI_00000771,2024-05-14,0.0,58.041942,42.2663677247592,171.348181670994,,,34VEN,S2A_MSIL2A_20240514T100031_R122_T34VEN_20240514T140519,,7.8,,,,7.2,9.2,4.6,1300.0,,47.0,20.0,0.5,"Nummenjoki 0,0 Häntäjoki",,Lohja,Lohja,River,VHA2,Kymijoen-Suomenlahden vesienhoitoalue,23.061,Sitarlanjoen - Härkäjoen a,Keskisuuret savimaiden joet,106.0
FI_00000772,1340,1340,2023-04-12,60.34327199678209,24.040244014001765,,,,1300.0,,47.0,20.0,S2_FI_00000772,2024-06-26,0.0,8.446684,37.6867618522962,172.029243309148,,,34VEN,S2A_MSIL2A_20240626T101031_R022_T34VEN_20240626T191129,,7.8,,,,7.2,9.2,4.6,1300.0,,47.0,20.0,0.5,"Nummenjoki 0,0 Häntäjoki",,Lohja,Lohja,River,VHA2,Kymijoen-Suomenlahden vesienhoitoalue,23.061,Sitarlanjoen - Härkäjoen a,Keskisuuret savimaiden joet,106.0
FI_00000773,1340,1340,2023-04-12,60.34327199678209,24.040244014001765,,,,1300.0,,47.0,20.0,S2_FI_00000773,2024-07-15,0.0,56.427103,40.1844003767202,163.937388516131,,,34VEN,S2B_MSIL2A_20240715T094549_R079_T34VEN_20240715T135225,,7.8,,,,7.2,9.2,4.6,1300.0,,47.0,20.0,0.5,"Nummenjoki 0,0 Häntäjoki",,Lohja,Lohja,River,VHA2,Kymijoen-Suomenlahden vesienhoitoalue,23.061,Sitarlanjoen - Härkäjoen a,Keskisuuret savimaiden joet,106.0
FI_00000774,1340,1340,2023-05-09,60.34327199678209,24.040244014001765,,,,920.0,,43.0,13.0,S2_FI_00000774,2024-08-20,0.0,63.061082,48.7941403828502,172.995003359598,,,34VEN,S2B_MSIL2A_20240820T100559_R022_T34VEN_20240820T130319,,7.5,,,,7.099999999999999,10.0,10.1,920.0,,43.0,13.0,0.5,"Nummenjoki 0,0 Häntäjoki",,Lohja,Lohja,River,VHA2,Kymijoen-Suomenlahden vesienhoitoalue,23.061,Sitarlanjoen - Härkäjoen a,Keskisuuret savimaiden joet,106.0
FI_00000775,1340,1340,2023-05-09,60.34327199678209,24.040244014001765,,,,920.0,,43.0,13.0,S2_FI_00000775,2024-09-23,0.0,62.36189,61.4652893474411,171.325829314725,,,34VEN,S2B_MSIL2A_20240923T095029_R079_T34VEN_20240923T110403,,7.5,,,,7.099999999999999,10.0,10.1,920.0,,43.0,13.0,0.5,"Nummenjoki 0,0 Häntäjoki",,Lohja,Lohja,River,VHA2,Kymijoen-Suomenlahden vesienhoitoalue,23.061,Sitarlanjoen - Härkäjoen a,Keskisuuret savimaiden joet,106.0
FI_00000776,1340,1340,2023-05-09,60.34327199678209,24.040244014001765,,,,920.0,,43.0,13.0,S2_FI_00000776,2024-10-28,0.0,44.678524,74.3152936006191,174.457002197009,,,34VEN,S2A_MSIL2A_20241028T095121_R079_T34VEN_20241028T124759,,7.5,,,,7.099999999999999,10.0,10.1,920.0,,43.0,13.0,0.5,"Nummenjoki 0,0 Häntäjoki",,Lohja,Lohja,River,VHA2,Kymijoen-Suomenlahden vesienhoitoalue,23.061,Sitarlanjoen - Härkäjoen a,Keskisuuret savimaiden joet,106.0
FI_00000777,1340,1340,2023-05-09,60.34327199678209,24.040244014001765,,,,920.0,,43.0,13.0,S2_FI_00000777,2024-11-05,0.0,77.030855,76.7642795273077,177.059231947172,,,34VEN,S2B_MSIL2A_20241105T100109_R122_T34VEN_20241105T111000,,7.5,,,,7.099999999999999,10.0,10.1,920.0,,43.0,13.0,0.5,"Nummenjoki 0,0 Häntäjoki",,Lohja,Lohja,River,VHA2,Kymijoen-Suomenlahden vesienhoitoalue,23.061,Sitarlanjoen - Härkäjoen a,Keskisuuret savimaiden joet,106.0
FI_00000778,1340,1340,2023-05-09,60.34327199678209,24.040244014001765,,,,920.0,,43.0,13.0,S2_FI_00000778,2024-12-12,1.0,10.43373,84.2159480991483,172.591992429495,,,34VEN,S2B_MSIL2A_20241212T095319_R079_T34VEN_20241212T115616,,7.5,,,,7.099999999999999,10.0,10.1,920.0,,43.0,13.0,0.5,"Nummenjoki 0,0 Häntäjoki",,Lohja,Lohja,River,VHA2,Kymijoen-Suomenlahden vesienhoitoalue,23.061,Sitarlanjoen - Härkäjoen a,Keskisuuret savimaiden joet,106.0
FI_00000780,1340,1340,2023-06-06,60.34327199678209,24.040244014001765,,,,710.0,,40.0,10.0,S2_FI_00000780,2023-02-13,0.0,58.618623,78.168477968186,170.300467709285,,,35WNM,S2A_MSIL2A_20230213T094111_R036_T35WNM_20230213T181131,,8.9,,,,7.2,8.7,14.300000000000002,710.0,,40.0,10.0,0.5,"Nummenjoki 0,0 Häntäjoki",,Lohja,Lohja,River,VHA2,Kymijoen-Suomenlahden vesienhoitoalue,23.061,Sitarlanjoen - Härkäjoen a,Keskisuuret savimaiden joet,106.0
FI_00000781,1340,1340,2023-06-06,60.34327199678209,24.040244014001765,,,,710.0,,40.0,10.0,S2_FI_00000781,2023-03-23,1.0,95.392704,63.5526394435597,173.996313208435,,,35WNM,S2B_MSIL2A_20230323T095029_R079_T35WNM_20240830T065439,,8.9,,,,7.2,8.7,14.300000000000002,710.0,,40.0,10.0,0.5,"Nummenjoki 0,0 Häntäjoki",,Lohja,Lohja,River,VHA2,Kymijoen-Suomenlahden vesienhoitoalue,23.061,Sitarlanjoen - Härkäjoen a,Keskisuuret savimaiden joet,106.0
FI_00000782,1340,1340,2023-06-06,60.34327199678209,24.040244014001765,,,,710.0,,40.0,10.0,S2_FI_00000782,2023-04-12,0.0,65.3678,55.839527134448,175.304361015589,,,35WNM,S2B_MSIL2A_20230412T095029_R079_T35WNM_20240828T091729,,8.9,,,,7.2,8.7,14.300000000000002,710.0,,40.0,10.0,0.5,"Nummenjoki 0,0 Häntäjoki",,Lohja,Lohja,River,VHA2,Kymijoen-Suomenlahden vesienhoitoalue,23.061,Sitarlanjoen - Härkäjoen a,Keskisuuret savimaiden joet,106.0
FI_00000783,1340,1340,2023-06-06,60.34327199678209,24.040244014001765,,,,710.0,,40.0,10.0,S2_FI_00000783,2023-05-02,1.0,99.786705,49.1098927571459,176.215305471022,,,35WNM,S2B_MSIL2A_20230502T095029_R079_T35WNM_20240902T030627,,8.9,,,,7.2,8.7,14.300000000000002,710.0,,40.0,10.0,0.5,"Nummenjoki 0,0 Häntäjoki",,Lohja,Lohja,River,VHA2,Kymijoen-Suomenlahden vesienhoitoalue,23.061,Sitarlanjoen - Härkäjoen a,Keskisuuret savimaiden joet,106.0
FI_00000784,1340,1340,2023-06-06,60.34327199678209,24.040244014001765,,,,710.0,,40.0,10.0,S2_FI_00000784,2023-06-06,1.0,64.73332,41.8419193665273,175.34181032817,,,35WNM,S2A_MSIL2A_20230606T095031_R079_T35WNM_20240928T023512,,8.9,,,,7.2,8.7,14.300000000000002,710.0,,40.0,10.0,0.5,"Nummenjoki 0,0 Häntäjoki",,Lohja,Lohja,River,VHA2,Kymijoen-Suomenlahden vesienhoitoalue,23.061,Sitarlanjoen - Härkäjoen a,Keskisuuret savimaiden joet,106.0
FI_00000785,1340,1340,2023-06-06,60.34327199678209,24.040244014001765,,,,710.0,,40.0,10.0,S2_FI_00000785,2023-07-16,1.0,32.27382,43.1990483946055,172.89012177467,,,35WNM,S2A_MSIL2A_20230716T095031_R079_T35WNM_20241016T130945,,8.9,,,,7.2,8.7,14.300000000000002,710.0,,40.0,10.0,0.5,"Nummenjoki 0,0 Häntäjoki",,Lohja,Lohja,River,VHA2,Kymijoen-Suomenlahden vesienhoitoalue,23.061,Sitarlanjoen - Härkäjoen a,Keskisuuret savimaiden joet,106.0
FI_00000786,1340,1340,2023-08-30,60.34327199678209,24.040244014001765,,,,760.0,,67.0,12.0,S2_FI_00000786,2023-08-30,0.0,43.861532,55.4792405529028,175.341604324085,,,35WNM,S2B_MSIL2A_20230830T094549_R079_T35WNM_20241022T104510,,9.8,,,,6.900000000000001,13.0,17.3,760.0,,67.0,12.0,0.5,"Nummenjoki 0,0 Häntäjoki",,Lohja,Lohja,River,VHA2,Kymijoen-Suomenlahden vesienhoitoalue,23.061,Sitarlanjoen - Härkäjoen a,Keskisuuret savimaiden joet,106.0
FI_00000787,1340,1340,2023-08-30,60.34327199678209,24.040244014001765,,,,760.0,,67.0,12.0,S2_FI_00000787,2023-09-19,1.0,84.53458,62.9459602586282,177.552468767201,,,35WNM,S2B_MSIL2A_20230919T094659_R079_T35WNM_20241105T173809,,9.8,,,,6.900000000000001,13.0,17.3,760.0,,67.0,12.0,0.5,"Nummenjoki 0,0 Häntäjoki",,Lohja,Lohja,River,VHA2,Kymijoen-Suomenlahden vesienhoitoalue,23.061,Sitarlanjoen - Härkäjoen a,Keskisuuret savimaiden joet,106.0
FI_00000788,1340,1340,2023-08-30,60.34327199678209,24.040244014001765,,,,760.0,,67.0,12.0,S2_FI_00000788,2023-10-11,0.0,99.824935,71.4553437523756,176.939893543554,,,35WNM,S2A_MSIL2A_20231011T094031_R036_T35WNM_20231011T122754,,9.8,,,,6.900000000000001,13.0,17.3,760.0,,67.0,12.0,0.5,"Nummenjoki 0,0 Häntäjoki",,Lohja,Lohja,River,VHA2,Kymijoen-Suomenlahden vesienhoitoalue,23.061,Sitarlanjoen - Härkäjoen a,Keskisuuret savimaiden joet,106.0
FI_00000789,1340,1340,2023-08-30,60.34327199678209,24.040244014001765,,,,760.0,,67.0,12.0,S2_FI_00000789,2023-11-08,1.0,87.678462,80.9768230534018,180.354008993309,,,35WNM,S2B_MSIL2A_20231108T095129_R079_T35WNM_20241107T005008,,9.8,,,,6.900000000000001,13.0,17.3,760.0,,67.0,12.0,0.5,"Nummenjoki 0,0 Häntäjoki",,Lohja,Lohja,River,VHA2,Kymijoen-Suomenlahden vesienhoitoalue,23.061,Sitarlanjoen - Härkäjoen a,Keskisuuret savimaiden joet,106.0
FI_00000791,1340,1340,2023-08-30,60.34327199678209,24.040244014001765,,,,760.0,,67.0,12.0,S2_FI_00000791,2024-02-26,0.0,99.817055,73.4497557543888,172.826020066962,,,35WNM,S2B_MSIL2A_20240226T094859_R079_T35WNM_20240226T132114,,9.8,,,,6.900000000000001,13.0,17.3,760.0,,67.0,12.0,0.5,"Nummenjoki 0,0 Häntäjoki",,Lohja,Lohja,River,VHA2,Kymijoen-Suomenlahden vesienhoitoalue,23.061,Sitarlanjoen - Härkäjoen a,Keskisuuret savimaiden joet,106.0
FI_00000792,1340,1340,2023-09-27,60.34327199678209,24.040244014001765,,,,700.0,,54.0,9.6,S2_FI_00000792,2024-03-24,1.0,79.863268,62.993853746215,171.305264623848,,,35WNM,S2B_MSIL2A_20240324T093639_R036_T35WNM_20240324T124819,,9.8,,,,7.400000000000001,7.400000000000001,15.1,700.0,,54.0,9.6,0.5,"Nummenjoki 0,0 Häntäjoki",,Lohja,Lohja,River,VHA2,Kymijoen-Suomenlahden vesienhoitoalue,23.061,Sitarlanjoen - Härkäjoen a,Keskisuuret savimaiden joet,106.0
FI_00000793,1340,1340,2023-09-27,60.34327199678209,24.040244014001765,,,,700.0,,54.0,9.6,S2_FI_00000793,2024-04-21,1.0,98.422486,52.3854059966386,175.850740537845,,,35WNM,S2A_MSIL2A_20240421T095031_R079_T35WNM_20240421T151358,,9.8,,,,7.400000000000001,7.400000000000001,15.1,700.0,,54.0,9.6,0.5,"Nummenjoki 0,0 Häntäjoki",,Lohja,Lohja,River,VHA2,Kymijoen-Suomenlahden vesienhoitoalue,23.061,Sitarlanjoen - Härkäjoen a,Keskisuuret savimaiden joet,106.0
FI_00000794,1340,1340,2023-09-27,60.34327199678209,24.040244014001765,,,,700.0,,54.0,9.6,S2_FI_00000794,2024-05-21,1.0,14.301962,44.1446437610377,176.12601648523,,,35WNM,S2A_MSIL2A_20240521T095031_R079_T35WNM_20240521T144355,,9.8,,,,7.400000000000001,7.400000000000001,15.1,700.0,,54.0,9.6,0.5,"Nummenjoki 0,0 Häntäjoki",,Lohja,Lohja,River,VHA2,Kymijoen-Suomenlahden vesienhoitoalue,23.061,Sitarlanjoen - Härkäjoen a,Keskisuuret savimaiden joet,106.0
FI_00000795,1340,1340,2023-09-27,60.34327199678209,24.040244014001765,,,,700.0,,54.0,9.6,S2_FI_00000795,2024-06-17,0.0,52.898681,41.2496285862616,171.007057774822,,,35WNM,S2A_MSIL2A_20240617T094041_R036_T35WNM_20240617T160133,,9.8,,,,7.400000000000001,7.400000000000001,15.1,700.0,,54.0,9.6,0.5,"Nummenjoki 0,0 Häntäjoki",,Lohja,Lohja,River,VHA2,Kymijoen-Suomenlahden vesienhoitoalue,23.061,Sitarlanjoen - Härkäjoen a,Keskisuuret savimaiden joet,106.0
FI_00000796,1340,1340,2023-09-27,60.34327199678209,24.040244014001765,,,,700.0,,54.0,9.6,S2_FI_00000796,2024-07-02,0.0,69.097698,41.7194170971465,169.965213251062,,,35WNM,S2B_MSIL2A_20240702T093549_R036_T35WNM_20240702T131417,,9.8,,,,7.400000000000001,7.400000000000001,15.1,700.0,,54.0,9.6,0.5,"Nummenjoki 0,0 Häntäjoki",,Lohja,Lohja,River,VHA2,Kymijoen-Suomenlahden vesienhoitoalue,23.061,Sitarlanjoen - Härkäjoen a,Keskisuuret savimaiden joet,106.0
FI_00000797,1340,1340,2023-09-27,60.34327199678209,24.040244014001765,,,,700.0,,54.0,9.6,S2_FI_00000797,2024-08-06,0.0,33.823898,48.2116068065961,170.114138501279,,,35WNM,S2A_MSIL2A_20240806T094031_R036_T35WNM_20240806T115350,,9.8,,,,7.400000000000001,7.400000000000001,15.1,700.0,,54.0,9.6,0.5,"Nummenjoki 0,0 Häntäjoki",,Lohja,Lohja,River,VHA2,Kymijoen-Suomenlahden vesienhoitoalue,23.061,Sitarlanjoen - Härkäjoen a,Keskisuuret savimaiden joet,106.0
FI_00000798,1340,1340,2023-10-12,60.34327199678209,24.040244014001765,,,,1800.0,,88.0,26.0,S2_FI_00000798,2024-09-08,2.0,15.465891,59.0446717936441,176.396560045266,,,35WNM,S2A_MSIL2A_20240908T095031_R079_T35WNM_20240908T131845,,11.0,,,,7.2,13.0,8.2,1800.0,,88.0,26.0,0.5,"Nummenjoki 0,0 Häntäjoki",,Lohja,Lohja,River,VHA2,Kymijoen-Suomenlahden vesienhoitoalue,23.061,Sitarlanjoen - Härkäjoen a,Keskisuuret savimaiden joet,106.0
FI_00000799,1340,1340,2023-10-12,60.34327199678209,24.040244014001765,,,,1800.0,,88.0,26.0,S2_FI_00000799,2024-10-15,1.0,99.988049,73.2244036330688,177.280869446212,,,35WNM,S2A_MSIL2A_20241015T094031_R036_T35WNM_20241015T105753,,11.0,,,,7.2,13.0,8.2,1800.0,,88.0,26.0,0.5,"Nummenjoki 0,0 Häntäjoki",,Lohja,Lohja,River,VHA2,Kymijoen-Suomenlahden vesienhoitoalue,23.061,Sitarlanjoen - Härkäjoen a,Keskisuuret savimaiden joet,106.0
FI_00000800,1340,1340,2023-10-12,60.34327199678209,24.040244014001765,,,,1800.0,,88.0,26.0,S2_FI_00000800,2024-11-12,1.0,93.19182,82.3061813614781,180.206757397679,,,35WNM,S2B_MSIL2A_20241112T095139_R079_T35WNM_20241112T111710,,11.0,,,,7.2,13.0,8.2,1800.0,,88.0,26.0,0.5,"Nummenjoki 0,0 Häntäjoki",,Lohja,Lohja,River,VHA2,Kymijoen-Suomenlahden vesienhoitoalue,23.061,Sitarlanjoen - Härkäjoen a,Keskisuuret savimaiden joet,106.0
FI_00000803,1340,1340,2023-10-12,60.34327199678209,24.040244014001765,,,,1800.0,,88.0,26.0,S2_FI_00000803,2023-02-13,1.0,58.618623,78.168477968186,170.300467709285,,,35WNM,S2A_MSIL2A_20230213T094111_R036_T35WNM_20230213T181131,,11.0,,,,7.2,13.0,8.2,1800.0,,88.0,26.0,0.5,"Nummenjoki 0,0 Häntäjoki",,Lohja,Lohja,River,VHA2,Kymijoen-Suomenlahden vesienhoitoalue,23.061,Sitarlanjoen - Härkäjoen a,Keskisuuret savimaiden joet,106.0
FI_00000804,1340,1340,2023-11-15,60.34327199678209,24.040244014001765,,,,1600.0,,81.0,32.0,S2_FI_00000804,2023-03-05,1.0,70.128101,70.8395101593691,170.406897373478,,,35WNM,S2A_MSIL2A_20230305T094031_R036_T35WNM_20240820T021538,,9.3,,,,7.0,16.0,3.2000000000000006,1600.0,,81.0,32.0,0.5,"Nummenjoki 0,0 Häntäjoki",,Lohja,Lohja,River,VHA2,Kymijoen-Suomenlahden vesienhoitoalue,23.061,Sitarlanjoen - Härkäjoen a,Keskisuuret savimaiden joet,106.0
FI_00000805,1340,1340,2023-11-15,60.34327199678209,24.040244014001765,,,,1600.0,,81.0,32.0,S2_FI_00000805,2023-04-02,2.0,72.529685,59.6197994143039,174.662790330966,,,35WNM,S2B_MSIL2A_20230402T095039_R079_T35WNM_20240829T005541,,9.3,,,,7.0,16.0,3.2000000000000006,1600.0,,81.0,32.0,0.5,"Nummenjoki 0,0 Häntäjoki",,Lohja,Lohja,River,VHA2,Kymijoen-Suomenlahden vesienhoitoalue,23.061,Sitarlanjoen - Härkäjoen a,Keskisuuret savimaiden joet,106.0
FI_00000806,1340,1340,2023-11-15,60.34327199678209,24.040244014001765,,,,1600.0,,81.0,32.0,S2_FI_00000806,2023-05-25,0.0,29.53763,43.4881314140283,179.402492765024,,,35WNM,S2B_MSIL2A_20230525T095559_R122_T35WNM_20240908T101427,,9.3,,,,7.0,16.0,3.2000000000000006,1600.0,,81.0,32.0,0.5,"Nummenjoki 0,0 Häntäjoki",,Lohja,Lohja,River,VHA2,Kymijoen-Suomenlahden vesienhoitoalue,23.061,Sitarlanjoen - Härkäjoen a,Keskisuuret savimaiden joet,106.0
FI_00000807,1340,1340,2023-11-15,60.34327199678209,24.040244014001765,,,,1600.0,,81.0,32.0,S2_FI_00000807,2023-06-18,1.0,0.041484,41.2453472333324,170.978895352181,,,35WNM,S2B_MSIL2A_20230618T093549_R036_T35WNM_20230618T133542,,9.3,,,,7.0,16.0,3.2000000000000006,1600.0,,81.0,32.0,0.5,"Nummenjoki 0,0 Häntäjoki",,Lohja,Lohja,River,VHA2,Kymijoen-Suomenlahden vesienhoitoalue,23.061,Sitarlanjoen - Härkäjoen a,Keskisuuret savimaiden joet,106.0
FI_00000808,1340,1340,2023-11-15,60.34327199678209,24.040244014001765,,,,1600.0,,81.0,32.0,S2_FI_00000808,2023-07-16,1.0,32.27382,43.1990483946055,172.89012177467,,,35WNM,S2A_MSIL2A_20230716T095031_R079_T35WNM_20241016T130945,,9.3,,,,7.0,16.0,3.2000000000000006,1600.0,,81.0,32.0,0.5,"Nummenjoki 0,0 Häntäjoki",,Lohja,Lohja,River,VHA2,Kymijoen-Suomenlahden vesienhoitoalue,23.061,Sitarlanjoen - Härkäjoen a,Keskisuuret savimaiden joet,106.0
FI_00000809,1340,1340,2023-11-15,60.34327199678209,24.040244014001765,,,,1600.0,,81.0,32.0,S2_FI_00000809,2023-08-20,1.0,24.165292,52.0657964002443,174.338481391679,,,35WNM,S2B_MSIL2A_20230820T094549_R079_T35WNM_20241022T160002,,9.3,,,,7.0,16.0,3.2000000000000006,1600.0,,81.0,32.0,0.5,"Nummenjoki 0,0 Häntäjoki",,Lohja,Lohja,River,VHA2,Kymijoen-Suomenlahden vesienhoitoalue,23.061,Sitarlanjoen - Härkäjoen a,Keskisuuret savimaiden joet,106.0
FI_00000810,1340,1340,2023-12-07,60.34327199678209,24.040244014001765,,,,1400.0,,50.0,11.0,S2_FI_00000810,2023-09-27,1.0,99.99249,66.0443272102436,181.102168406667,,,35WNM,S2A_MSIL2A_20230927T100031_R122_T35WNM_20230927T152412,,9.3,,,,6.8,3.8,-0.3,1400.0,,50.0,11.0,0.2,"Nummenjoki 0,0 Häntäjoki",,Lohja,Lohja,River,VHA2,Kymijoen-Suomenlahden vesienhoitoalue,23.061,Sitarlanjoen - Härkäjoen a,Keskisuuret savimaiden joet,106.0
FI_00000811,1340,1340,2023-12-07,60.34327199678209,24.040244014001765,,,,1400.0,,50.0,11.0,S2_FI_00000811,2023-10-16,1.0,95.634907,73.312916990918,177.30781562899,,,35WNM,S2B_MSIL2A_20231016T093909_R036_T35WNM_20241106T161339,,9.3,,,,6.8,3.8,-0.3,1400.0,,50.0,11.0,0.2,"Nummenjoki 0,0 Häntäjoki",,Lohja,Lohja,River,VHA2,Kymijoen-Suomenlahden vesienhoitoalue,23.061,Sitarlanjoen - Härkäjoen a,Keskisuuret savimaiden joet,106.0
FI_00000812,1340,1340,2023-12-07,60.34327199678209,24.040244014001765,,,,1400.0,,50.0,11.0,S2_FI_00000812,2023-11-08,1.0,87.678462,80.9768230534018,180.354008993309,,,35WNM,S2B_MSIL2A_20231108T095129_R079_T35WNM_20241107T005008,,9.3,,,,6.8,3.8,-0.3,1400.0,,50.0,11.0,0.2,"Nummenjoki 0,0 Häntäjoki",,Lohja,Lohja,River,VHA2,Kymijoen-Suomenlahden vesienhoitoalue,23.061,Sitarlanjoen - Härkäjoen a,Keskisuuret savimaiden joet,106.0
FI_00000815,1340,1340,2023-12-07,60.34327199678209,24.040244014001765,,,,1400.0,,50.0,11.0,S2_FI_00000815,2024-02-26,0.0,99.817055,73.4497557543888,172.826020066962,,,35WNM,S2B_MSIL2A_20240226T094859_R079_T35WNM_20240226T132114,,9.3,,,,6.8,3.8,-0.3,1400.0,,50.0,11.0,0.2,"Nummenjoki 0,0 Häntäjoki",,Lohja,Lohja,River,VHA2,Kymijoen-Suomenlahden vesienhoitoalue,23.061,Sitarlanjoen - Härkäjoen a,Keskisuuret savimaiden joet,106.0
FI_00000816,1340,1340,2024-02-21,60.34327199678209,24.040244014001765,,,,1400.0,,42.0,13.0,S2_FI_00000816,2024-04-08,0.0,98.353267,57.1645723910874,172.148725005849,,,35WNM,S2A_MSIL2A_20240408T094031_R036_T35WNM_20240410T215125,,10.0,,,,6.900000000000001,7.0,0.1,1400.0,,42.0,13.0,1.0,"Nummenjoki 0,0 Häntäjoki",,Lohja,Lohja,River,VHA2,Kymijoen-Suomenlahden vesienhoitoalue,23.061,Sitarlanjoen - Härkäjoen a,Keskisuuret savimaiden joet,106.0
FI_00000817,1340,1340,2024-02-21,60.34327199678209,24.040244014001765,,,,1400.0,,42.0,13.0,S2_FI_00000817,2024-04-29,0.0,91.386402,49.7482320546876,179.301801051724,,,35WNM,S2B_MSIL2A_20240429T095549_R122_T35WNM_20240429T142123,,10.0,,,,6.900000000000001,7.0,0.1,1400.0,,42.0,13.0,1.0,"Nummenjoki 0,0 Häntäjoki",,Lohja,Lohja,River,VHA2,Kymijoen-Suomenlahden vesienhoitoalue,23.061,Sitarlanjoen - Härkäjoen a,Keskisuuret savimaiden joet,106.0
FI_00000818,1340,1340,2024-02-21,60.34327199678209,24.040244014001765,,,,1400.0,,42.0,13.0,S2_FI_00000818,2024-05-19,1.0,57.802743,44.5107818745604,179.516772190262,,,35WNM,S2B_MSIL2A_20240519T095549_R122_T35WNM_20240519T122801,,10.0,,,,6.900000000000001,7.0,0.1,1400.0,,42.0,13.0,1.0,"Nummenjoki 0,0 Häntäjoki",,Lohja,Lohja,River,VHA2,Kymijoen-Suomenlahden vesienhoitoalue,23.061,Sitarlanjoen - Härkäjoen a,Keskisuuret savimaiden joet,106.0
FI_00000819,1340,1340,2024-02-21,60.34327199678209,24.040244014001765,,,,1400.0,,42.0,13.0,S2_FI_00000819,2024-06-23,1.0,9.5e-05,41.0297753703606,177.491541054421,,,35WNM,S2A_MSIL2A_20240623T100031_R122_T35WNM_20240623T160948,,10.0,,,,6.900000000000001,7.0,0.1,1400.0,,42.0,13.0,1.0,"Nummenjoki 0,0 Häntäjoki",,Lohja,Lohja,River,VHA2,Kymijoen-Suomenlahden vesienhoitoalue,23.061,Sitarlanjoen - Härkäjoen a,Keskisuuret savimaiden joet,106.0
FI_00000820,1340,1340,2024-02-21,60.34327199678209,24.040244014001765,,,,1400.0,,42.0,13.0,S2_FI_00000820,2024-07-02,0.0,69.097698,41.7194170971465,169.965213251062,,,35WNM,S2B_MSIL2A_20240702T093549_R036_T35WNM_20240702T131417,,10.0,,,,6.900000000000001,7.0,0.1,1400.0,,42.0,13.0,1.0,"Nummenjoki 0,0 Häntäjoki",,Lohja,Lohja,River,VHA2,Kymijoen-Suomenlahden vesienhoitoalue,23.061,Sitarlanjoen - Härkäjoen a,Keskisuuret savimaiden joet,106.0
FI_00000821,1340,1340,2024-02-21,60.34327199678209,24.040244014001765,,,,1400.0,,42.0,13.0,S2_FI_00000821,2024-08-12,1.0,93.127394,49.7059999600695,176.870395633404,,,35WNM,S2A_MSIL2A_20240812T100031_R122_T35WNM_20240812T140649,,10.0,,,,6.900000000000001,7.0,0.1,1400.0,,42.0,13.0,1.0,"Nummenjoki 0,0 Häntäjoki",,Lohja,Lohja,River,VHA2,Kymijoen-Suomenlahden vesienhoitoalue,23.061,Sitarlanjoen - Härkäjoen a,Keskisuuret savimaiden joet,106.0
FI_00000822,1340,1340,2024-03-06,60.34327199678209,24.040244014001765,,,,1600.0,,49.0,15.0,S2_FI_00000822,2024-09-11,1.0,82.975793,60.1429543688207,179.591590954765,,,35WNM,S2A_MSIL2A_20240911T100021_R122_T35WNM_20240911T143249,,9.5,,,,6.8,7.400000000000001,1.0,1600.0,,49.0,15.0,0.5,"Nummenjoki 0,0 Häntäjoki",,Lohja,Lohja,River,VHA2,Kymijoen-Suomenlahden vesienhoitoalue,23.061,Sitarlanjoen - Härkäjoen a,Keskisuuret savimaiden joet,106.0
FI_00000823,1340,1340,2024-03-06,60.34327199678209,24.040244014001765,,,,1600.0,,49.0,15.0,S2_FI_00000823,2024-10-16,0.0,99.996698,73.5922288646697,182.477791651305,,,35WNM,S2B_MSIL2A_20241016T100029_R122_T35WNM_20241016T141503,,9.5,,,,6.8,7.400000000000001,1.0,1600.0,,49.0,15.0,0.5,"Nummenjoki 0,0 Häntäjoki",,Lohja,Lohja,River,VHA2,Kymijoen-Suomenlahden vesienhoitoalue,23.061,Sitarlanjoen - Härkäjoen a,Keskisuuret savimaiden joet,106.0
FI_00000824,1340,1340,2024-03-06,60.34327199678209,24.040244014001765,,,,1600.0,,49.0,15.0,S2_FI_00000824,2024-11-12,1.0,93.19182,82.3061813614781,180.206757397679,,,35WNM,S2B_MSIL2A_20241112T095139_R079_T35WNM_20241112T111710,,9.5,,,,6.8,7.400000000000001,1.0,1600.0,,49.0,15.0,0.5,"Nummenjoki 0,0 Häntäjoki",,Lohja,Lohja,River,VHA2,Kymijoen-Suomenlahden vesienhoitoalue,23.061,Sitarlanjoen - Härkäjoen a,Keskisuuret savimaiden joet,106.0
FI_00000826,1340,1340,2024-03-06,60.34327199678209,24.040244014001765,,,,1600.0,,49.0,15.0,S2_FI_00000826,2023-02-14,1.0,6.680907,73.4772313273356,169.262956906093,,,34VEM,S2B_MSIL2A_20230214T100029_R122_T34VEM_20240812T190154,,9.5,,,,6.8,7.400000000000001,1.0,1600.0,,49.0,15.0,0.5,"Nummenjoki 0,0 Häntäjoki",,Lohja,Lohja,River,VHA2,Kymijoen-Suomenlahden vesienhoitoalue,23.061,Sitarlanjoen - Härkäjoen a,Keskisuuret savimaiden joet,106.0
FI_00000827,1340,1340,2024-03-06,60.34327199678209,24.040244014001765,,,,1600.0,,49.0,15.0,S2_FI_00000827,2023-07-04,1.0,32.751152,37.4998202915149,167.678215092947,,,34VEM,S2B_MSIL2A_20230704T095559_R122_T34VEM_20230704T142635,,9.5,,,,6.8,7.400000000000001,1.0,1600.0,,49.0,15.0,0.5,"Nummenjoki 0,0 Häntäjoki",,Lohja,Lohja,River,VHA2,Kymijoen-Suomenlahden vesienhoitoalue,23.061,Sitarlanjoen - Härkäjoen a,Keskisuuret savimaiden joet,106.0
FI_00000828,1340,1340,2024-04-02,60.34327199678209,24.040244014001765,,,,1500.0,,60.0,20.0,S2_FI_00000828,2023-08-08,1.0,94.148058,44.2211940378417,168.34282125089,,,34VEM,S2A_MSIL2A_20230808T100031_R122_T34VEM_20241021T205631,,8.1,10.4,,77.0,7.099999999999999,20.5,2.9,1500.0,,60.0,20.0,0.5,"Nummenjoki 0,0 Häntäjoki",,Lohja,Lohja,River,VHA2,Kymijoen-Suomenlahden vesienhoitoalue,23.061,Sitarlanjoen - Härkäjoen a,Keskisuuret savimaiden joet,106.0
FI_00000829,1340,1340,2024-04-02,60.34327199678209,24.040244014001765,,,,1500.0,,60.0,20.0,S2_FI_00000829,2024-02-29,1.0,99.782455,68.121866478418,169.166412440163,,,34VEM,S2B_MSIL2A_20240229T095839_R122_T34VEM_20240229T151752,,8.1,10.4,,77.0,7.099999999999999,20.5,2.9,1500.0,,60.0,20.0,0.5,"Nummenjoki 0,0 Häntäjoki",,Lohja,Lohja,River,VHA2,Kymijoen-Suomenlahden vesienhoitoalue,23.061,Sitarlanjoen - Härkäjoen a,Keskisuuret savimaiden joet,106.0
FI_00000830,1340,1340,2024-04-02,60.34327199678209,24.040244014001765,,,,1500.0,,60.0,20.0,S2_FI_00000830,2024-07-18,0.0,95.962101,39.5219639660153,167.335214253972,,,34VEM,S2B_MSIL2A_20240718T095549_R122_T34VEM_20240718T124720,,8.1,10.4,,77.0,7.099999999999999,20.5,2.9,1500.0,,60.0,20.0,0.5,"Nummenjoki 0,0 Häntäjoki",,Lohja,Lohja,River,VHA2,Kymijoen-Suomenlahden vesienhoitoalue,23.061,Sitarlanjoen - Härkäjoen a,Keskisuuret savimaiden joet,106.0
FI_00000831,1340,1340,2024-04-02,60.34327199678209,24.040244014001765,,,,1500.0,,60.0,20.0,S2_FI_00000831,2024-08-14,1.0,29.386601,46.4680960719058,165.67771005363,,,34VEM,S2B_MSIL2A_20240814T094549_R079_T34VEM_20240814T123852,,8.1,10.4,,77.0,7.099999999999999,20.5,2.9,1500.0,,60.0,20.0,0.5,"Nummenjoki 0,0 Häntäjoki",,Lohja,Lohja,River,VHA2,Kymijoen-Suomenlahden vesienhoitoalue,23.061,Sitarlanjoen - Härkäjoen a,Keskisuuret savimaiden joet,106.0
FI_00000833,1340,1340,2024-04-02,60.34327199678209,24.040244014001765,,,,1500.0,,60.0,20.0,S2_FI_00000833,2023-02-13,0.0,58.618623,78.168477968186,170.300467709285,,,35WNM,S2A_MSIL2A_20230213T094111_R036_T35WNM_20230213T181131,,8.1,10.4,,77.0,7.099999999999999,20.5,2.9,1500.0,,60.0,20.0,0.5,"Nummenjoki 0,0 Häntäjoki",,Lohja,Lohja,River,VHA2,Kymijoen-Suomenlahden vesienhoitoalue,23.061,Sitarlanjoen - Härkäjoen a,Keskisuuret savimaiden joet,106.0
FI_00000834,1340,1340,2024-05-02,60.34327199678209,24.040244014001765,,,,900.0,,44.0,12.0,S2_FI_00000834,2023-03-23,1.0,95.392704,63.5526394435597,173.996313208435,,,35WNM,S2B_MSIL2A_20230323T095029_R079_T35WNM_20240830T065439,,6.900000000000001,,,,6.8,9.4,10.6,900.0,,44.0,12.0,1.0,"Nummenjoki 0,0 Häntäjoki",,Lohja,Lohja,River,VHA2,Kymijoen-Suomenlahden vesienhoitoalue,23.061,Sitarlanjoen - Härkäjoen a,Keskisuuret savimaiden joet,106.0
FI_00000835,1340,1340,2024-05-02,60.34327199678209,24.040244014001765,,,,900.0,,44.0,12.0,S2_FI_00000835,2023-04-12,0.0,65.3678,55.839527134448,175.304361015589,,,35WNM,S2B_MSIL2A_20230412T095029_R079_T35WNM_20240828T091729,,6.900000000000001,,,,6.8,9.4,10.6,900.0,,44.0,12.0,1.0,"Nummenjoki 0,0 Häntäjoki",,Lohja,Lohja,River,VHA2,Kymijoen-Suomenlahden vesienhoitoalue,23.061,Sitarlanjoen - Härkäjoen a,Keskisuuret savimaiden joet,106.0
FI_00000836,1340,1340,2024-05-02,60.34327199678209,24.040244014001765,,,,900.0,,44.0,12.0,S2_FI_00000836,2023-05-07,1.0,32.775649,47.6698765839467,176.291381281515,,,35WNM,S2A_MSIL2A_20230507T095031_R079_T35WNM_20230507T152654,,6.900000000000001,,,,6.8,9.4,10.6,900.0,,44.0,12.0,1.0,"Nummenjoki 0,0 Häntäjoki",,Lohja,Lohja,River,VHA2,Kymijoen-Suomenlahden vesienhoitoalue,23.061,Sitarlanjoen - Härkäjoen a,Keskisuuret savimaiden joet,106.0
FI_00000837,1340,1340,2024-05-02,60.34327199678209,24.040244014001765,,,,900.0,,44.0,12.0,S2_FI_00000837,2023-06-06,1.0,64.73332,41.8419193665273,175.34181032817,,,35WNM,S2A_MSIL2A_20230606T095031_R079_T35WNM_20240928T023512,,6.900000000000001,,,,6.8,9.4,10.6,900.0,,44.0,12.0,1.0,"Nummenjoki 0,0 Häntäjoki",,Lohja,Lohja,River,VHA2,Kymijoen-Suomenlahden vesienhoitoalue,23.061,Sitarlanjoen - Härkäjoen a,Keskisuuret savimaiden joet,106.0
FI_00000838,1340,1340,2024-05-02,60.34327199678209,24.040244014001765,,,,900.0,,44.0,12.0,S2_FI_00000838,2023-07-16,1.0,32.27382,43.1990483946055,172.89012177467,,,35WNM,S2A_MSIL2A_20230716T095031_R079_T35WNM_20241016T130945,,6.900000000000001,,,,6.8,9.4,10.6,900.0,,44.0,12.0,1.0,"Nummenjoki 0,0 Häntäjoki",,Lohja,Lohja,River,VHA2,Kymijoen-Suomenlahden vesienhoitoalue,23.061,Sitarlanjoen - Härkäjoen a,Keskisuuret savimaiden joet,106.0
FI_00000839,1340,1340,2024-05-02,60.34327199678209,24.040244014001765,,,,900.0,,44.0,12.0,S2_FI_00000839,2023-08-30,1.0,43.861532,55.4792405529028,175.341604324085,,,35WNM,S2B_MSIL2A_20230830T094549_R079_T35WNM_20241022T104510,,6.900000000000001,,,,6.8,9.4,10.6,900.0,,44.0,12.0,1.0,"Nummenjoki 0,0 Häntäjoki",,Lohja,Lohja,River,VHA2,Kymijoen-Suomenlahden vesienhoitoalue,23.061,Sitarlanjoen - Härkäjoen a,Keskisuuret savimaiden joet,106.0
FI_00000840,1340,1340,2024-06-04,60.34327199678209,24.040244014001765,,,,1600.0,,86.0,34.0,S2_FI_00000840,2023-09-14,0.0,38.641948,61.0256425788005,177.007383729992,,,35WNM,S2A_MSIL2A_20230914T095031_R079_T35WNM_20240825T021032,,9.3,,,,7.3,23.0,22.3,1600.0,,86.0,34.0,0.5,"Nummenjoki 0,0 Häntäjoki",,Lohja,Lohja,River,VHA2,Kymijoen-Suomenlahden vesienhoitoalue,23.061,Sitarlanjoen - Härkäjoen a,Keskisuuret savimaiden joet,106.0
FI_00000841,1340,1340,2024-06-04,60.34327199678209,24.040244014001765,,,,1600.0,,86.0,34.0,S2_FI_00000841,2023-10-26,0.0,99.977899,76.862356032965,177.785241873874,,,35WNM,S2B_MSIL2A_20231026T094029_R036_T35WNM_20240830T160856,,9.3,,,,7.3,23.0,22.3,1600.0,,86.0,34.0,0.5,"Nummenjoki 0,0 Häntäjoki",,Lohja,Lohja,River,VHA2,Kymijoen-Suomenlahden vesienhoitoalue,23.061,Sitarlanjoen - Härkäjoen a,Keskisuuret savimaiden joet,106.0
FI_00000842,1340,1340,2024-06-04,60.34327199678209,24.040244014001765,,,,1600.0,,86.0,34.0,S2_FI_00000842,2023-11-08,1.0,87.678462,80.9768230534018,180.354008993309,,,35WNM,S2B_MSIL2A_20231108T095129_R079_T35WNM_20241107T005008,,9.3,,,,7.3,23.0,22.3,1600.0,,86.0,34.0,0.5,"Nummenjoki 0,0 Häntäjoki",,Lohja,Lohja,River,VHA2,Kymijoen-Suomenlahden vesienhoitoalue,23.061,Sitarlanjoen - Härkäjoen a,Keskisuuret savimaiden joet,106.0
FI_00000844,1340,1340,2024-06-04,60.34327199678209,24.040244014001765,,,,1600.0,,86.0,34.0,S2_FI_00000844,2024-03-04,0.0,53.649664,70.9337963809356,170.396863467694,,,35WNM,S2B_MSIL2A_20240304T093749_R036_T35WNM_20240304T125247,,9.3,,,,7.3,23.0,22.3,1600.0,,86.0,34.0,0.5,"Nummenjoki 0,0 Häntäjoki",,Lohja,Lohja,River,VHA2,Kymijoen-Suomenlahden vesienhoitoalue,23.061,Sitarlanjoen - Härkäjoen a,Keskisuuret savimaiden joet,106.0
FI_00000845,1340,1340,2024-06-04,60.34327199678209,24.040244014001765,,,,1600.0,,86.0,34.0,S2_FI_00000845,2024-03-27,1.0,44.032621,61.6694303203082,174.29781408159,,,35WNM,S2B_MSIL2A_20240327T094619_R079_T35WNM_20240330T010823,,9.3,,,,7.3,23.0,22.3,1600.0,,86.0,34.0,0.5,"Nummenjoki 0,0 Häntäjoki",,Lohja,Lohja,River,VHA2,Kymijoen-Suomenlahden vesienhoitoalue,23.061,Sitarlanjoen - Härkäjoen a,Keskisuuret savimaiden joet,106.0
FI_00000846,1340,1340,2024-08-06,60.34327199678209,24.040244014001765,,,,530.0,,50.0,12.0,S2_FI_00000846,2024-04-28,1.0,99.166882,50.2076694909493,172.98680420753,,,35WNM,S2A_MSIL2A_20240428T094031_R036_T35WNM_20240428T141446,,9.3,6.599999999999999,,76.0,7.2,11.0,22.2,530.0,,50.0,12.0,0.5,"Nummenjoki 0,0 Häntäjoki",,Lohja,Lohja,River,VHA2,Kymijoen-Suomenlahden vesienhoitoalue,23.061,Sitarlanjoen - Härkäjoen a,Keskisuuret savimaiden joet,106.0
FI_00000847,1340,1340,2024-08-06,60.34327199678209,24.040244014001765,,,,530.0,,50.0,12.0,S2_FI_00000847,2024-05-21,1.0,14.301962,44.1446437610377,176.12601648523,,,35WNM,S2A_MSIL2A_20240521T095031_R079_T35WNM_20240521T144355,,9.3,6.599999999999999,,76.0,7.2,11.0,22.2,530.0,,50.0,12.0,0.5,"Nummenjoki 0,0 Häntäjoki",,Lohja,Lohja,River,VHA2,Kymijoen-Suomenlahden vesienhoitoalue,23.061,Sitarlanjoen - Härkäjoen a,Keskisuuret savimaiden joet,106.0
FI_00000848,1340,1340,2024-08-06,60.34327199678209,24.040244014001765,,,,530.0,,50.0,12.0,S2_FI_00000848,2024-06-20,1.0,75.291264,41.0803385273056,174.243177449168,,,35WNM,S2A_MSIL2A_20240620T095031_R079_T35WNM_20240620T204625,,9.3,6.599999999999999,,76.0,7.2,11.0,22.2,530.0,,50.0,12.0,0.5,"Nummenjoki 0,0 Häntäjoki",,Lohja,Lohja,River,VHA2,Kymijoen-Suomenlahden vesienhoitoalue,23.061,Sitarlanjoen - Härkäjoen a,Keskisuuret savimaiden joet,106.0
FI_00000849,1340,1340,2024-08-06,60.34327199678209,24.040244014001765,,,,530.0,,50.0,12.0,S2_FI_00000849,2024-07-02,1.0,69.097698,41.7194170971465,169.965213251062,,,35WNM,S2B_MSIL2A_20240702T093549_R036_T35WNM_20240702T131417,,9.3,6.599999999999999,,76.0,7.2,11.0,22.2,530.0,,50.0,12.0,0.5,"Nummenjoki 0,0 Häntäjoki",,Lohja,Lohja,River,VHA2,Kymijoen-Suomenlahden vesienhoitoalue,23.061,Sitarlanjoen - Härkäjoen a,Keskisuuret savimaiden joet,106.0
FI_00000850,1340,1340,2024-08-06,60.34327199678209,24.040244014001765,,,,530.0,,50.0,12.0,S2_FI_00000850,2024-08-06,0.0,33.823898,48.2116068065961,170.114138501279,,,35WNM,S2A_MSIL2A_20240806T094031_R036_T35WNM_20240806T115350,,9.3,6.599999999999999,,76.0,7.2,11.0,22.2,530.0,,50.0,12.0,0.5,"Nummenjoki 0,0 Häntäjoki",,Lohja,Lohja,River,VHA2,Kymijoen-Suomenlahden vesienhoitoalue,23.061,Sitarlanjoen - Härkäjoen a,Keskisuuret savimaiden joet,106.0
FI_00000851,1340,1340,2024-08-06,60.34327199678209,24.040244014001765,,,,530.0,,50.0,12.0,S2_FI_00000851,2024-09-23,0.0,99.177575,64.7869238184397,178.032889119101,,,35WNM,S2B_MSIL2A_20240923T095029_R079_T35WNM_20240923T110403,,9.3,6.599999999999999,,76.0,7.2,11.0,22.2,530.0,,50.0,12.0,0.5,"Nummenjoki 0,0 Häntäjoki",,Lohja,Lohja,River,VHA2,Kymijoen-Suomenlahden vesienhoitoalue,23.061,Sitarlanjoen - Härkäjoen a,Keskisuuret savimaiden joet,106.0
FI_00000852,1340,1340,2024-10-28,60.34327199678209,24.040244014001765,,,,920.0,,46.0,9.5,S2_FI_00000852,2024-10-10,0.0,99.746501,71.3658451774189,176.916703429959,,,35WNM,S2B_MSIL2A_20241010T094029_R036_T35WNM_20241010T120408,,10.0,,,,7.2,6.0,8.4,920.0,,46.0,9.5,0.5,"Nummenjoki 0,0 Häntäjoki",,Lohja,Lohja,River,VHA2,Kymijoen-Suomenlahden vesienhoitoalue,23.061,Sitarlanjoen - Härkäjoen a,Keskisuuret savimaiden joet,106.0
FI_00000853,1340,1340,2024-10-28,60.34327199678209,24.040244014001765,,,,920.0,,46.0,9.5,S2_FI_00000853,2024-11-12,1.0,93.19182,82.3061813614781,180.206757397679,,,35WNM,S2B_MSIL2A_20241112T095139_R079_T35WNM_20241112T111710,,10.0,,,,7.2,6.0,8.4,920.0,,46.0,9.5,0.5,"Nummenjoki 0,0 Häntäjoki",,Lohja,Lohja,River,VHA2,Kymijoen-Suomenlahden vesienhoitoalue,23.061,Sitarlanjoen - Härkäjoen a,Keskisuuret savimaiden joet,106.0
FI_00000856,1340,1340,2024-10-28,60.34327199678209,24.040244014001765,,,,920.0,,46.0,9.5,S2_FI_00000856,2023-02-13,0.0,58.618623,78.168477968186,170.300467709285,,,35WNM,S2A_MSIL2A_20230213T094111_R036_T35WNM_20230213T181131,,10.0,,,,7.2,6.0,8.4,920.0,,46.0,9.5,0.5,"Nummenjoki 0,0 Häntäjoki",,Lohja,Lohja,River,VHA2,Kymijoen-Suomenlahden vesienhoitoalue,23.061,Sitarlanjoen - Härkäjoen a,Keskisuuret savimaiden joet,106.0
FI_00000857,1340,1340,2024-10-28,60.34327199678209,24.040244014001765,,,,920.0,,46.0,9.5,S2_FI_00000857,2023-03-23,1.0,95.392704,63.5526394435597,173.996313208435,,,35WNM,S2B_MSIL2A_20230323T095029_R079_T35WNM_20240830T065439,,10.0,,,,7.2,6.0,8.4,920.0,,46.0,9.5,0.5,"Nummenjoki 0,0 Häntäjoki",,Lohja,Lohja,River,VHA2,Kymijoen-Suomenlahden vesienhoitoalue,23.061,Sitarlanjoen - Härkäjoen a,Keskisuuret savimaiden joet,106.0
FI_00000858,1340,1340,2024-11-18,60.34327199678209,24.040244014001765,,,,1200.0,,47.0,11.0,S2_FI_00000858,2023-04-12,0.0,65.3678,55.839527134448,175.304361015589,,,35WNM,S2B_MSIL2A_20230412T095029_R079_T35WNM_20240828T091729,,11.0,,,,7.2,5.0,3.6,1200.0,,47.0,11.0,0.5,"Nummenjoki 0,0 Häntäjoki",,Lohja,Lohja,River,VHA2,Kymijoen-Suomenlahden vesienhoitoalue,23.061,Sitarlanjoen - Härkäjoen a,Keskisuuret savimaiden joet,106.0
FI_00000859,1340,1340,2024-11-18,60.34327199678209,24.040244014001765,,,,1200.0,,47.0,11.0,S2_FI_00000859,2023-05-07,1.0,32.775649,47.6698765839467,176.291381281515,,,35WNM,S2A_MSIL2A_20230507T095031_R079_T35WNM_20230507T152654,,11.0,,,,7.2,5.0,3.6,1200.0,,47.0,11.0,0.5,"Nummenjoki 0,0 Häntäjoki",,Lohja,Lohja,River,VHA2,Kymijoen-Suomenlahden vesienhoitoalue,23.061,Sitarlanjoen - Härkäjoen a,Keskisuuret savimaiden joet,106.0
FI_00000860,1340,1340,2024-11-18,60.34327199678209,24.040244014001765,,,,1200.0,,47.0,11.0,S2_FI_00000860,2023-06-06,1.0,64.73332,41.8419193665273,175.34181032817,,,35WNM,S2A_MSIL2A_20230606T095031_R079_T35WNM_20240928T023512,,11.0,,,,7.2,5.0,3.6,1200.0,,47.0,11.0,0.5,"Nummenjoki 0,0 Häntäjoki",,Lohja,Lohja,River,VHA2,Kymijoen-Suomenlahden vesienhoitoalue,23.061,Sitarlanjoen - Härkäjoen a,Keskisuuret savimaiden joet,106.0
FI_00000861,1340,1340,2024-11-18,60.34327199678209,24.040244014001765,,,,1200.0,,47.0,11.0,S2_FI_00000861,2023-07-16,1.0,32.27382,43.1990483946055,172.89012177467,,,35WNM,S2A_MSIL2A_20230716T095031_R079_T35WNM_20241016T130945,,11.0,,,,7.2,5.0,3.6,1200.0,,47.0,11.0,0.5,"Nummenjoki 0,0 Häntäjoki",,Lohja,Lohja,River,VHA2,Kymijoen-Suomenlahden vesienhoitoalue,23.061,Sitarlanjoen - Härkäjoen a,Keskisuuret savimaiden joet,106.0
FI_00000862,1340,1340,2024-11-18,60.34327199678209,24.040244014001765,,,,1200.0,,47.0,11.0,S2_FI_00000862,2023-08-30,1.0,43.861532,55.4792405529028,175.341604324085,,,35WNM,S2B_MSIL2A_20230830T094549_R079_T35WNM_20241022T104510,,11.0,,,,7.2,5.0,3.6,1200.0,,47.0,11.0,0.5,"Nummenjoki 0,0 Häntäjoki",,Lohja,Lohja,River,VHA2,Kymijoen-Suomenlahden vesienhoitoalue,23.061,Sitarlanjoen - Härkäjoen a,Keskisuuret savimaiden joet,106.0
FI_00000863,1340,1340,2024-11-18,60.34327199678209,24.040244014001765,,,,1200.0,,47.0,11.0,S2_FI_00000863,2023-09-14,0.0,38.641948,61.0256425788005,177.007383729992,,,35WNM,S2A_MSIL2A_20230914T095031_R079_T35WNM_20240825T021032,,11.0,,,,7.2,5.0,3.6,1200.0,,47.0,11.0,0.5,"Nummenjoki 0,0 Häntäjoki",,Lohja,Lohja,River,VHA2,Kymijoen-Suomenlahden vesienhoitoalue,23.061,Sitarlanjoen - Härkäjoen a,Keskisuuret savimaiden joet,106.0
FI_00000864,1340,1340,2024-12-04,60.34327199678209,24.040244014001765,,,,1800.0,,65.0,20.0,S2_FI_00000864,2023-10-26,0.0,99.977899,76.862356032965,177.785241873874,,,35WNM,S2B_MSIL2A_20231026T094029_R036_T35WNM_20240830T160856,,10.0,,,,7.0,9.2,2.1,1800.0,,65.0,20.0,0.5,"Nummenjoki 0,0 Häntäjoki",,Lohja,Lohja,River,VHA2,Kymijoen-Suomenlahden vesienhoitoalue,23.061,Sitarlanjoen - Härkäjoen a,Keskisuuret savimaiden joet,106.0
FI_00000865,1340,1340,2024-12-04,60.34327199678209,24.040244014001765,,,,1800.0,,65.0,20.0,S2_FI_00000865,2023-11-08,1.0,87.678462,80.9768230534018,180.354008993309,,,35WNM,S2B_MSIL2A_20231108T095129_R079_T35WNM_20241107T005008,,10.0,,,,7.0,9.2,2.1,1800.0,,65.0,20.0,0.5,"Nummenjoki 0,0 Häntäjoki",,Lohja,Lohja,River,VHA2,Kymijoen-Suomenlahden vesienhoitoalue,23.061,Sitarlanjoen - Härkäjoen a,Keskisuuret savimaiden joet,106.0
FI_00000867,1340,1340,2024-12-04,60.34327199678209,24.040244014001765,,,,1800.0,,65.0,20.0,S2_FI_00000867,2024-03-04,0.0,53.649664,70.9337963809356,170.396863467694,,,35WNM,S2B_MSIL2A_20240304T093749_R036_T35WNM_20240304T125247,,10.0,,,,7.0,9.2,2.1,1800.0,,65.0,20.0,0.5,"Nummenjoki 0,0 Häntäjoki",,Lohja,Lohja,River,VHA2,Kymijoen-Suomenlahden vesienhoitoalue,23.061,Sitarlanjoen - Härkäjoen a,Keskisuuret savimaiden joet,106.0
FI_00000868,1340,1340,2024-12-04,60.34327199678209,24.040244014001765,,,,1800.0,,65.0,20.0,S2_FI_00000868,2024-03-27,0.0,44.032621,61.6694303203082,174.29781408159,,,35WNM,S2B_MSIL2A_20240327T094619_R079_T35WNM_20240330T010823,,10.0,,,,7.0,9.2,2.1,1800.0,,65.0,20.0,0.5,"Nummenjoki 0,0 Häntäjoki",,Lohja,Lohja,River,VHA2,Kymijoen-Suomenlahden vesienhoitoalue,23.061,Sitarlanjoen - Härkäjoen a,Keskisuuret savimaiden joet,106.0
FI_00000869,1340,1340,2024-12-04,60.34327199678209,24.040244014001765,,,,1800.0,,65.0,20.0,S2_FI_00000869,2024-04-28,1.0,99.166882,50.2076694909493,172.98680420753,,,35WNM,S2A_MSIL2A_20240428T094031_R036_T35WNM_20240428T141446,,10.0,,,,7.0,9.2,2.1,1800.0,,65.0,20.0,0.5,"Nummenjoki 0,0 Häntäjoki",,Lohja,Lohja,River,VHA2,Kymijoen-Suomenlahden vesienhoitoalue,23.061,Sitarlanjoen - Härkäjoen a,Keskisuuret savimaiden joet,106.0
FI_00000870,13777,Paljo,2023-02-23,62.03306896914978,27.790392466978936,,,,1100.0,,17.0,2.7000000000000006,S2_FI_00000870,2024-05-19,1.0,57.802743,44.5107818745604,179.516772190262,,,35WNM,S2B_MSIL2A_20240519T095549_R122_T35WNM_20240519T122801,,7.8,10.1,,69.0,7.0,,0.2,1100.0,,17.0,2.7000000000000006,1.0,Paljo 034,Paljo,Joroinen,,,,,,,,
FI_00000871,13777,Paljo,2023-02-23,62.03306896914978,27.790392466978936,,,,1100.0,,17.0,2.7000000000000006,S2_FI_00000871,2024-06-20,1.0,75.291264,41.0803385273056,174.243177449168,,,35WNM,S2A_MSIL2A_20240620T095031_R079_T35WNM_20240620T204625,,7.8,10.1,,69.0,7.0,,0.2,1100.0,,17.0,2.7000000000000006,1.0,Paljo 034,Paljo,Joroinen,,,,,,,,
FI_00000872,13777,Paljo,2023-02-23,62.03306896914978,27.790392466978936,,,,1100.0,,17.0,2.7000000000000006,S2_FI_00000872,2024-07-02,1.0,69.097698,41.7194170971465,169.965213251062,,,35WNM,S2B_MSIL2A_20240702T093549_R036_T35WNM_20240702T131417,,7.8,10.1,,69.0,7.0,,0.2,1100.0,,17.0,2.7000000000000006,1.0,Paljo 034,Paljo,Joroinen,,,,,,,,
FI_00000873,13777,Paljo,2023-02-23,62.03306896914978,27.790392466978936,,,,1100.0,,17.0,2.7000000000000006,S2_FI_00000873,2024-08-06,0.0,33.823898,48.2116068065961,170.114138501279,,,35WNM,S2A_MSIL2A_20240806T094031_R036_T35WNM_20240806T115350,,7.8,10.1,,69.0,7.0,,0.2,1100.0,,17.0,2.7000000000000006,1.0,Paljo 034,Paljo,Joroinen,,,,,,,,
FI_00000874,13777,Paljo,2023-02-23,62.03306896914978,27.790392466978936,,,,1100.0,,17.0,2.7000000000000006,S2_FI_00000874,2024-09-23,0.0,99.177575,64.7869238184397,178.032889119101,,,35WNM,S2B_MSIL2A_20240923T095029_R079_T35WNM_20240923T110403,,7.8,10.1,,69.0,7.0,,0.2,1100.0,,17.0,2.7000000000000006,1.0,Paljo 034,Paljo,Joroinen,,,,,,,,
FI_00000875,13777,Paljo,2023-02-23,62.03306896914978,27.790392466978936,,,,1100.0,,17.0,2.7000000000000006,S2_FI_00000875,2024-10-15,1.0,99.988049,73.2244036330688,177.280869446212,,,35WNM,S2A_MSIL2A_20241015T094031_R036_T35WNM_20241015T105753,,7.8,10.1,,69.0,7.0,,0.2,1100.0,,17.0,2.7000000000000006,1.0,Paljo 034,Paljo,Joroinen,,,,,,,,
FI_00000876,13777,Paljo,2023-07-10,62.03306896914978,27.790392466978936,28.0,,,1300.0,,39.0,11.0,S2_FI_00000876,2024-11-12,1.0,93.19182,82.3061813614781,180.206757397679,,,35WNM,S2B_MSIL2A_20241112T095139_R079_T35WNM_20241112T111710,28.0,6.5,9.1,,99.0,7.3,,19.5,1300.0,,39.0,11.0,1.0,Paljo 034,Paljo,Joroinen,,,,,,,,
FI_00000878,13777,Paljo,2023-07-10,62.03306896914978,27.790392466978936,28.0,,,1300.0,,39.0,11.0,S2_FI_00000878,2023-01-15,3.0,99.999899,83.8809922863711,174.899002613801,,,35VMK,S2B_MSIL2A_20230115T100249_R122_T35VMK_20240811T112331,28.0,6.5,9.1,,99.0,7.3,,19.5,1300.0,,39.0,11.0,1.0,Paljo 034,Paljo,Joroinen,,,,,,,,
FI_00000879,13777,Paljo,2023-07-10,62.03306896914978,27.790392466978936,28.0,,,1300.0,,39.0,11.0,S2_FI_00000879,2023-03-16,1.0,3.916359,64.5260596879314,174.167113623527,,,35VMK,S2B_MSIL2A_20230316T100029_R122_T35VMK_20240806T010023,28.0,6.5,9.1,,99.0,7.3,,19.5,1300.0,,39.0,11.0,1.0,Paljo 034,Paljo,Joroinen,,,,,,,,
FI_00000880,13777,Paljo,2023-07-10,62.03306896914978,27.790392466978936,28.0,,,1300.0,,39.0,11.0,S2_FI_00000880,2023-03-28,1.0,100.0,59.8936982416921,172.030047156878,,,35VMK,S2A_MSIL2A_20230328T095031_R079_T35VMK_20240829T134810,28.0,6.5,9.1,,99.0,7.3,,19.5,1300.0,,39.0,11.0,1.0,Paljo 034,Paljo,Joroinen,,,,,,,,
FI_00000881,13777,Paljo,2023-07-10,62.03306896914978,27.790392466978936,28.0,,,1300.0,,39.0,11.0,S2_FI_00000881,2023-04-05,1.0,28.585112,56.6531054869059,175.484592100716,,,35VMK,S2B_MSIL2A_20230405T100029_R122_T35VMK_20240830T025509,28.0,6.5,9.1,,99.0,7.3,,19.5,1300.0,,39.0,11.0,1.0,Paljo 034,Paljo,Joroinen,,,,,,,,
FI_00000882,13777,Paljo,2023-08-02,62.03306896914978,27.790392466978936,49.0,,,1400.0,,52.0,15.0,S2_FI_00000882,2023-04-10,1.0,34.537539,54.7676395360456,175.809566662136,,,35VMK,S2A_MSIL2A_20230410T100031_R122_T35VMK_20230410T162108,49.0,6.5,7.0,,76.0,7.0,,19.5,1400.0,,52.0,15.0,1.0,Paljo 034,Paljo,Joroinen,,,,,,,,
FI_00000883,13777,Paljo,2023-08-02,62.03306896914978,27.790392466978936,49.0,,,1400.0,,52.0,15.0,S2_FI_00000883,2023-04-20,0.0,100.0,51.1772209495297,176.400834591816,,,35VMK,S2A_MSIL2A_20230420T100021_R122_T35VMK_20240901T024713,49.0,6.5,7.0,,76.0,7.0,,19.5,1400.0,,52.0,15.0,1.0,Paljo 034,Paljo,Joroinen,,,,,,,,
FI_00000884,13777,Paljo,2023-08-02,62.03306896914978,27.790392466978936,49.0,,,1400.0,,52.0,15.0,S2_FI_00000884,2023-04-25,1.0,99.843442,49.4962820544751,176.658762569672,,,35VMK,S2B_MSIL2A_20230425T100029_R122_T35VMK_20240901T190605,49.0,6.5,7.0,,76.0,7.0,,19.5,1400.0,,52.0,15.0,1.0,Paljo 034,Paljo,Joroinen,,,,,,,,
FI_00000885,13777,Paljo,2023-08-02,62.03306896914978,27.790392466978936,49.0,,,1400.0,,52.0,15.0,S2_FI_00000885,2023-05-05,1.0,80.366457,46.4240824211008,176.976221098907,,,35VMK,S2B_MSIL2A_20230505T100029_R122_T35VMK_20230505T132658,49.0,6.5,7.0,,76.0,7.0,,19.5,1400.0,,52.0,15.0,1.0,Paljo 034,Paljo,Joroinen,,,,,,,,
FI_00000886,13777,Paljo,2023-08-02,62.03306896914978,27.790392466978936,49.0,,,1400.0,,52.0,15.0,S2_FI_00000886,2023-05-07,1.0,3.162677,45.9570470218966,173.674981721764,,,35VMK,S2A_MSIL2A_20230507T095031_R079_T35VMK_20240907T000712,49.0,6.5,7.0,,76.0,7.0,,19.5,1400.0,,52.0,15.0,1.0,Paljo 034,Paljo,Joroinen,,,,,,,,
FI_00000887,13777,Paljo,2023-08-02,62.03306896914978,27.790392466978936,49.0,,,1400.0,,52.0,15.0,S2_FI_00000887,2023-05-17,0.0,99.927074,43.4412645027603,173.552075138069,,,35VMK,S2A_MSIL2A_20230517T095031_R079_T35VMK_20230517T152454,49.0,6.5,7.0,,76.0,7.0,,19.5,1400.0,,52.0,15.0,1.0,Paljo 034,Paljo,Joroinen,,,,,,,,
FI_00000888,13777,Paljo,2024-02-27,62.03306896914978,27.790392466978936,,,,1200.0,,21.0,2.3,S2_FI_00000888,2023-06-06,1.0,83.017653,40.1480125798991,172.478287300211,,,35VMK,S2A_MSIL2A_20230606T095031_R079_T35VMK_20240928T023512,,8.6,0.5,,3.6,6.7,,2.2,1200.0,,21.0,2.3,1.0,Paljo 034,Paljo,Joroinen,,,,,,,,
FI_00000889,13777,Paljo,2024-02-27,62.03306896914978,27.790392466978936,,,,1200.0,,21.0,2.3,S2_FI_00000889,2023-07-04,1.0,97.791415,39.8590489598199,173.973205622694,,,35VMK,S2B_MSIL2A_20230704T095559_R122_T35VMK_20230704T142438,,8.6,0.5,,3.6,6.7,,2.2,1200.0,,21.0,2.3,1.0,Paljo 034,Paljo,Joroinen,,,,,,,,
FI_00000890,13777,Paljo,2024-02-27,62.03306896914978,27.790392466978936,,,,1200.0,,21.0,2.3,S2_FI_00000890,2023-08-08,0.0,89.234585,46.5942090697923,174.020588536019,,,35VMK,S2A_MSIL2A_20230808T100031_R122_T35VMK_20241021T205631,,8.6,0.5,,3.6,6.7,,2.2,1200.0,,21.0,2.3,1.0,Paljo 034,Paljo,Joroinen,,,,,,,,
FI_00000891,13777,Paljo,2024-02-27,62.03306896914978,27.790392466978936,,,,1200.0,,21.0,2.3,S2_FI_00000891,2023-08-23,1.0,76.249367,51.25234660665,175.252184507666,,,35VMK,S2B_MSIL2A_20230823T095559_R122_T35VMK_20241019T191513,,8.6,0.5,,3.6,6.7,,2.2,1200.0,,21.0,2.3,1.0,Paljo 034,Paljo,Joroinen,,,,,,,,
FI_00000892,13777,Paljo,2024-02-27,62.03306896914978,27.790392466978936,,,,1200.0,,21.0,2.3,S2_FI_00000892,2023-09-07,1.0,60.371482,56.583564337053,176.878752253627,,,35VMK,S2A_MSIL2A_20230907T100031_R122_T35VMK_20240825T180015,,8.6,0.5,,3.6,6.7,,2.2,1200.0,,21.0,2.3,1.0,Paljo 034,Paljo,Joroinen,,,,,,,,
FI_00000893,13777,Paljo,2024-02-27,62.03306896914978,27.790392466978936,,,,1200.0,,21.0,2.3,S2_FI_00000893,2023-09-19,1.0,98.004895,61.2084412831177,175.365267892006,,,35VMK,S2B_MSIL2A_20230919T094659_R079_T35VMK_20241105T173809,,8.6,0.5,,3.6,6.7,,2.2,1200.0,,21.0,2.3,1.0,Paljo 034,Paljo,Joroinen,,,,,,,,
FI_00000894,13777,Paljo,2024-07-22,62.03306896914978,27.790392466978936,28.0,,,1100.0,,34.0,8.6,S2_FI_00000894,2023-10-04,0.0,99.997872,66.9923697949443,176.969972190074,,,35VMK,S2A_MSIL2A_20231004T095031_R079_T35VMK_20241102T075339,28.0,6.400000000000001,8.6,,99.0,7.3,,22.100000000000005,1100.0,,34.0,8.6,1.0,Paljo 034,Paljo,Joroinen,,,,,,,,
FI_00000895,13777,Paljo,2024-07-22,62.03306896914978,27.790392466978936,28.0,,,1100.0,,34.0,8.6,S2_FI_00000895,2023-10-17,1.0,87.370598,71.8668594237488,180.553646696915,,,35VMK,S2A_MSIL2A_20231017T100031_R122_T35VMK_20241102T145708,28.0,6.400000000000001,8.6,,99.0,7.3,,22.100000000000005,1100.0,,34.0,8.6,1.0,Paljo 034,Paljo,Joroinen,,,,,,,,
FI_00000896,13777,Paljo,2024-07-22,62.03306896914978,27.790392466978936,28.0,,,1100.0,,34.0,8.6,S2_FI_00000896,2023-11-01,1.0,99.999851,77.0470497965636,180.99983802258,,,35VMK,S2B_MSIL2A_20231101T100059_R122_T35VMK_20241109T023454,28.0,6.400000000000001,8.6,,99.0,7.3,,22.100000000000005,1100.0,,34.0,8.6,1.0,Paljo 034,Paljo,Joroinen,,,,,,,,
FI_00000899,13777,Paljo,2024-07-22,62.03306896914978,27.790392466978936,28.0,,,1100.0,,34.0,8.6,S2_FI_00000899,2024-02-01,0.0,93.498325,80.1363628840911,171.289770409058,,,35VMK,S2A_MSIL2A_20240201T095231_R079_T35VMK_20240201T120915,28.0,6.400000000000001,8.6,,99.0,7.3,,22.100000000000005,1100.0,,34.0,8.6,1.0,Paljo 034,Paljo,Joroinen,,,,,,,,
FI_00000900,13777,Paljo,2024-08-14,62.03306896914978,27.790392466978936,35.0,,,1200.0,,40.0,10.0,S2_FI_00000900,2024-02-19,1.0,99.781054,74.1951031112383,173.307656413991,,,35VMK,S2B_MSIL2A_20240219T095949_R122_T35VMK_20240219T144726,35.0,6.3,8.9,,100.0,7.400000000000001,,21.1,1200.0,,40.0,10.0,1.0,Paljo 034,Paljo,Joroinen,,,,,,,,
FI_00000901,13777,Paljo,2024-08-14,62.03306896914978,27.790392466978936,35.0,,,1200.0,,40.0,10.0,S2_FI_00000901,2024-03-25,0.0,99.430686,60.6447323179264,174.767431289187,,,35VMK,S2A_MSIL2A_20240325T100031_R122_T35VMK_20240325T140930,35.0,6.3,8.9,,100.0,7.400000000000001,,21.1,1200.0,,40.0,10.0,1.0,Paljo 034,Paljo,Joroinen,,,,,,,,
FI_00000902,13777,Paljo,2024-08-14,62.03306896914978,27.790392466978936,35.0,,,1200.0,,40.0,10.0,S2_FI_00000902,2024-04-01,1.0,98.966902,58.0291478296115,172.314840428733,,,35VMK,S2A_MSIL2A_20240401T095031_R079_T35VMK_20240401T132422,35.0,6.3,8.9,,100.0,7.400000000000001,,21.1,1200.0,,40.0,10.0,1.0,Paljo 034,Paljo,Joroinen,,,,,,,,
FI_00000903,13777,Paljo,2024-08-14,62.03306896914978,27.790392466978936,35.0,,,1200.0,,40.0,10.0,S2_FI_00000903,2024-04-09,1.0,10.633017,54.8567121059704,175.789011533752,,,35VMK,S2B_MSIL2A_20240409T095549_R122_T35VMK_20240411T002540,35.0,6.3,8.9,,100.0,7.400000000000001,,21.1,1200.0,,40.0,10.0,1.0,Paljo 034,Paljo,Joroinen,,,,,,,,
FI_00000904,13777,Paljo,2024-08-14,62.03306896914978,27.790392466978936,35.0,,,1200.0,,40.0,10.0,S2_FI_00000904,2024-04-14,1.0,4.068765,53.0233061745281,176.119605539014,,,35VMK,S2A_MSIL2A_20240414T100031_R122_T35VMK_20240414T143604,35.0,6.3,8.9,,100.0,7.400000000000001,,21.1,1200.0,,40.0,10.0,1.0,Paljo 034,Paljo,Joroinen,,,,,,,,
FI_00000905,13777,Paljo,2024-08-14,62.03306896914978,27.790392466978936,35.0,,,1200.0,,40.0,10.0,S2_FI_00000905,2024-04-24,1.0,98.271722,49.5762276862802,176.655470865602,,,35VMK,S2A_MSIL2A_20240424T100031_R122_T35VMK_20240424T155528,35.0,6.3,8.9,,100.0,7.400000000000001,,21.1,1200.0,,40.0,10.0,1.0,Paljo 034,Paljo,Joroinen,,,,,,,,
FI_00000906,13806,Ruokojärvi,2023-03-15,61.87075605367791,29.21584198784113,,,,510.0,,13.0,1.2,S2_FI_00000906,2024-04-29,0.0,56.187767,47.9844984531904,176.832361810983,,,35VMK,S2B_MSIL2A_20240429T095549_R122_T35VMK_20240429T142014,,9.2,6.2,,,6.7,,,510.0,,13.0,1.2,1.0,Ruokojärvi 017,Ruokojärvi,Savonlinna,,,,,,,,
FI_00000907,13806,Ruokojärvi,2023-03-15,61.87075605367791,29.21584198784113,,,,510.0,,13.0,1.2,S2_FI_00000907,2024-05-06,0.0,99.097812,46.0239722144116,173.68143657355,,,35VMK,S2B_MSIL2A_20240506T094549_R079_T35VMK_20240506T131841,,9.2,6.2,,,6.7,,,510.0,,13.0,1.2,1.0,Ruokojärvi 017,Ruokojärvi,Savonlinna,,,,,,,,
FI_00000908,13806,Ruokojärvi,2023-03-15,61.87075605367791,29.21584198784113,,,,510.0,,13.0,1.2,S2_FI_00000908,2024-05-14,1.0,72.88323,43.8633566131234,177.013398360277,,,35VMK,S2A_MSIL2A_20240514T100031_R122_T35VMK_20240514T141048,,9.2,6.2,,,6.7,,,510.0,,13.0,1.2,1.0,Ruokojärvi 017,Ruokojärvi,Savonlinna,,,,,,,,
FI_00000909,13806,Ruokojärvi,2023-03-15,61.87075605367791,29.21584198784113,,,,510.0,,13.0,1.2,S2_FI_00000909,2024-06-03,0.0,5.354365,40.2779094307803,176.207994092974,,,35VMK,S2A_MSIL2A_20240603T100031_R122_T35VMK_20240603T151656,,9.2,6.2,,,6.7,,,510.0,,13.0,1.2,1.0,Ruokojärvi 017,Ruokojärvi,Savonlinna,,,,,,,,
FI_00000910,13806,Ruokojärvi,2023-03-15,61.87075605367791,29.21584198784113,,,,510.0,,13.0,1.2,S2_FI_00000910,2024-07-03,1.0,99.911219,39.8372556138774,173.981802206408,,,35VMK,S2A_MSIL2A_20240703T100031_R122_T35VMK_20240705T172248,,9.2,6.2,,,6.7,,,510.0,,13.0,1.2,1.0,Ruokojärvi 017,Ruokojärvi,Savonlinna,,,,,,,,
FI_00000911,13806,Ruokojärvi,2023-03-15,61.87075605367791,29.21584198784113,,,,510.0,,13.0,1.2,S2_FI_00000911,2024-08-07,1.0,5.082323,46.5267843182762,173.998806672022,,,35VMK,S2B_MSIL2A_20240807T095549_R122_T35VMK_20240807T132638,,9.2,6.2,,,6.7,,,510.0,,13.0,1.2,1.0,Ruokojärvi 017,Ruokojärvi,Savonlinna,,,,,,,,
FI_00000912,13806,Ruokojärvi,2023-06-06,61.87075605367791,29.21584198784113,6.7,,,470.0,,13.0,1.3,S2_FI_00000912,2024-08-22,1.0,99.905425,51.1707259342086,175.197442754837,,,35VMK,S2A_MSIL2A_20240822T100021_R122_T35VMK_20240822T153650,6.7,8.6,9.2,,90.0,7.2,,14.6,470.0,,13.0,1.3,1.0,Ruokojärvi 017,Ruokojärvi,Savonlinna,,,,,,,,
FI_00000913,13806,Ruokojärvi,2023-06-06,61.87075605367791,29.21584198784113,6.7,,,470.0,,13.0,1.3,S2_FI_00000913,2024-09-03,0.0,99.779165,55.4859625266848,173.502380997187,,,35VMK,S2B_MSIL2A_20240903T094549_R079_T35VMK_20240903T121539,6.7,8.6,9.2,,90.0,7.2,,14.6,470.0,,13.0,1.3,1.0,Ruokojärvi 017,Ruokojärvi,Savonlinna,,,,,,,,
FI_00000914,13806,Ruokojärvi,2023-06-06,61.87075605367791,29.21584198784113,6.7,,,470.0,,13.0,1.3,S2_FI_00000914,2024-09-06,1.0,1.478883,56.4950623394249,176.836163079055,,,35VMK,S2B_MSIL2A_20240906T095549_R122_T35VMK_20240906T141204,6.7,8.6,9.2,,90.0,7.2,,14.6,470.0,,13.0,1.3,1.0,Ruokojärvi 017,Ruokojärvi,Savonlinna,,,,,,,,
FI_00000915,13806,Ruokojärvi,2023-06-06,61.87075605367791,29.21584198784113,6.7,,,470.0,,13.0,1.3,S2_FI_00000915,2024-09-21,3.0,49.584892,62.2134572325845,178.495665514824,,,35VMK,S2A_MSIL2A_20240921T100031_R122_T35VMK_20240921T123352,6.7,8.6,9.2,,90.0,7.2,,14.6,470.0,,13.0,1.3,1.0,Ruokojärvi 017,Ruokojärvi,Savonlinna,,,,,,,,
FI_00000916,13806,Ruokojärvi,2023-06-06,61.87075605367791,29.21584198784113,6.7,,,470.0,,13.0,1.3,S2_FI_00000916,2024-10-16,1.0,89.317209,71.7779964914835,180.546672402792,,,35VMK,S2B_MSIL2A_20241016T100029_R122_T35VMK_20241016T141503,6.7,8.6,9.2,,90.0,7.2,,14.6,470.0,,13.0,1.3,1.0,Ruokojärvi 017,Ruokojärvi,Savonlinna,,,,,,,,
FI_00000917,13806,Ruokojärvi,2023-06-06,61.87075605367791,29.21584198784113,6.7,,,470.0,,13.0,1.3,S2_FI_00000917,2024-10-31,1.0,72.772723,76.9697618653169,180.989925682967,,,35VMK,S2A_MSIL2A_20241031T100141_R122_T35VMK_20241031T121400,6.7,8.6,9.2,,90.0,7.2,,14.6,470.0,,13.0,1.3,1.0,Ruokojärvi 017,Ruokojärvi,Savonlinna,,,,,,,,
FI_00000920,13806,Ruokojärvi,2023-08-02,61.87075605367791,29.21584198784113,1.8,,,390.0,,8.7,0.79,S2_FI_00000920,2023-02-14,0.0,99.002355,76.6604902764441,175.250684830025,,,35VNL,S2B_MSIL2A_20230214T100029_R122_T35VNL_20240812T190154,1.8,8.5,8.0,,92.0,7.3,,22.3,390.0,,8.7,0.79,1.0,Ruokojärvi 017,Ruokojärvi,Savonlinna,,,,,,,,
FI_00000921,13806,Ruokojärvi,2023-08-02,61.87075605367791,29.21584198784113,1.8,,,390.0,,8.7,0.79,S2_FI_00000921,2023-03-06,0.0,54.947978,69.2884650378901,175.724626390104,,,35VNL,S2B_MSIL2A_20230306T100029_R122_T35VNL_20240820T042936,1.8,8.5,8.0,,92.0,7.3,,22.3,390.0,,8.7,0.79,1.0,Ruokojärvi 017,Ruokojärvi,Savonlinna,,,,,,,,
FI_00000922,13806,Ruokojärvi,2023-08-02,61.87075605367791,29.21584198784113,1.8,,,390.0,,8.7,0.79,S2_FI_00000922,2023-04-04,0.0,28.730527,58.0874239380896,171.834130669716,,,35VNL,S2A_MSIL2A_20230404T094031_R036_T35VNL_20240825T224659,1.8,8.5,8.0,,92.0,7.3,,22.3,390.0,,8.7,0.79,1.0,Ruokojärvi 017,Ruokojärvi,Savonlinna,,,,,,,,
FI_00000923,13806,Ruokojärvi,2023-08-02,61.87075605367791,29.21584198784113,1.8,,,390.0,,8.7,0.79,S2_FI_00000923,2023-05-25,0.0,74.057448,42.5911740714567,179.422819481059,,,35VNL,S2B_MSIL2A_20230525T095559_R122_T35VNL_20240908T101427,1.8,8.5,8.0,,92.0,7.3,,22.3,390.0,,8.7,0.79,1.0,Ruokojärvi 017,Ruokojärvi,Savonlinna,,,,,,,,
FI_00000924,1397,Salovesi,2024-08-18,60.60256412495326,23.97485257445429,,,,370.0,,5.0,0.81,S2_FI_00000924,2023-06-19,0.0,4.763512,40.1227289368539,177.836584438342,,,35VNL,S2A_MSIL2A_20230619T100031_R122_T35VNL_20240911T192325,,,,,,6.900000000000001,,,370.0,,5.0,0.81,1.0,Salovesi Isosaari 1,Salovesi,Lohja,Lohja,Lake,VHA2,Kymijoen-Suomenlahden vesienhoitoalue,23.064,Saloveden - Heinlammen va,Pienet humusjärvet (Ph),2.0
FI_00000925,1397,Salovesi,2024-08-18,60.60256412495326,23.97485257445429,,,,370.0,,5.0,0.81,S2_FI_00000925,2023-07-11,0.0,0.323519,41.5609490068844,172.936646345626,,,35VNL,S2B_MSIL2A_20230711T094549_R079_T35VNL_20241020T140024,,,,,,6.900000000000001,,,370.0,,5.0,0.81,1.0,Salovesi Isosaari 1,Salovesi,Lohja,Lohja,Lake,VHA2,Kymijoen-Suomenlahden vesienhoitoalue,23.064,Saloveden - Heinlammen va,Pienet humusjärvet (Ph),2.0
FI_00000926,1397,Salovesi,2024-08-18,60.60256412495326,23.97485257445429,,,,370.0,,5.0,0.81,S2_FI_00000926,2023-08-23,0.0,88.039434,52.0935078425231,177.673216046694,,,35VNL,S2B_MSIL2A_20230823T095559_R122_T35VNL_20241019T191513,,,,,,6.900000000000001,,,370.0,,5.0,0.81,1.0,Salovesi Isosaari 1,Salovesi,Lohja,Lohja,Lake,VHA2,Kymijoen-Suomenlahden vesienhoitoalue,23.064,Saloveden - Heinlammen va,Pienet humusjärvet (Ph),2.0
FI_00000927,1397,Salovesi,2024-08-18,60.60256412495326,23.97485257445429,,,,370.0,,5.0,0.81,S2_FI_00000927,2023-09-27,1.0,100.0,65.1478738421377,181.134279059999,,,35VNL,S2A_MSIL2A_20230927T100031_R122_T35VNL_20241101T152850,,,,,,6.900000000000001,,,370.0,,5.0,0.81,1.0,Salovesi Isosaari 1,Salovesi,Lohja,Lohja,Lake,VHA2,Kymijoen-Suomenlahden vesienhoitoalue,23.064,Saloveden - Heinlammen va,Pienet humusjärvet (Ph),2.0
FI_00000928,1397,Salovesi,2024-08-18,60.60256412495326,23.97485257445429,,,,370.0,,5.0,0.81,S2_FI_00000928,2023-10-17,0.0,93.719596,72.785640815341,182.517849306427,,,35VNL,S2A_MSIL2A_20231017T100031_R122_T35VNL_20241102T145708,,,,,,6.900000000000001,,,370.0,,5.0,0.81,1.0,Salovesi Isosaari 1,Salovesi,Lohja,Lohja,Lake,VHA2,Kymijoen-Suomenlahden vesienhoitoalue,23.064,Saloveden - Heinlammen va,Pienet humusjärvet (Ph),2.0
FI_00000931,14387,Seppäjärvi,2023-06-06,61.96769745013646,28.9202989306627,14.0,,,480.0,,15.0,1.9,S2_FI_00000931,2024-02-26,0.0,99.78916,72.5585970729019,172.81540187145,,,35VNL,S2B_MSIL2A_20240226T094859_R079_T35VNL_20240226T132112,14.0,6.449999999999999,7.6,,70.5,6.849999999999999,,11.1,480.0,,15.0,1.9,1.0,Seppäjärvi 010,Seppäjärvi,Savonlinna,,,,,,,,
FI_00000932,14387,Seppäjärvi,2023-06-06,61.96769745013646,28.9202989306627,14.0,,,480.0,,15.0,1.9,S2_FI_00000932,2024-04-08,0.0,87.457454,56.2746658255278,172.096181723407,,,35VNL,S2A_MSIL2A_20240408T094031_R036_T35VNL_20240410T215152,14.0,6.449999999999999,7.6,,70.5,6.849999999999999,,11.1,480.0,,15.0,1.9,1.0,Seppäjärvi 010,Seppäjärvi,Savonlinna,,,,,,,,
FI_00000933,14387,Seppäjärvi,2023-06-06,61.96769745013646,28.9202989306627,14.0,,,480.0,,15.0,1.9,S2_FI_00000933,2024-05-21,0.0,22.743793,43.2491190342509,176.09341326695,,,35VNL,S2A_MSIL2A_20240521T095031_R079_T35VNL_20240521T144344,14.0,6.449999999999999,7.6,,70.5,6.849999999999999,,11.1,480.0,,15.0,1.9,1.0,Seppäjärvi 010,Seppäjärvi,Savonlinna,,,,,,,,
FI_00000934,14387,Seppäjärvi,2023-06-06,61.96769745013646,28.9202989306627,14.0,,,480.0,,15.0,1.9,S2_FI_00000934,2024-06-23,1.0,0.161018,40.1333440838042,177.476607399077,,,35VNL,S2A_MSIL2A_20240623T100031_R122_T35VNL_20240623T161324,14.0,6.449999999999999,7.6,,70.5,6.849999999999999,,11.1,480.0,,15.0,1.9,1.0,Seppäjärvi 010,Seppäjärvi,Savonlinna,,,,,,,,
FI_00000935,14387,Seppäjärvi,2023-06-06,61.96769745013646,28.9202989306627,14.0,,,480.0,,15.0,1.9,S2_FI_00000935,2024-07-02,0.0,46.950427,40.8346426292863,169.818955631145,,,35VNL,S2B_MSIL2A_20240702T093549_R036_T35VNL_20240702T132118,14.0,6.449999999999999,7.6,,70.5,6.849999999999999,,11.1,480.0,,15.0,1.9,1.0,Seppäjärvi 010,Seppäjärvi,Savonlinna,,,,,,,,
FI_00000936,14387,Seppäjärvi,2023-08-14,61.96769745013646,28.9202989306627,5.1,,,545.0,,19.5,14.949999999999998,S2_FI_00000936,2024-08-12,1.0,56.034338,48.8099862552082,176.856186987995,,,35VNL,S2A_MSIL2A_20240812T100031_R122_T35VNL_20240812T140649,5.1,7.55,4.0,,45.4,7.15,,16.05,545.0,,19.5,14.949999999999998,1.0,Seppäjärvi 010,Seppäjärvi,Savonlinna,,,,,,,,
FI_00000937,14387,Seppäjärvi,2023-08-14,61.96769745013646,28.9202989306627,5.1,,,545.0,,19.5,14.949999999999998,S2_FI_00000937,2024-09-11,1.0,99.910116,59.246093064525,179.613398344124,,,35VNL,S2A_MSIL2A_20240911T100021_R122_T35VNL_20240911T143249,5.1,7.55,4.0,,45.4,7.15,,16.05,545.0,,19.5,14.949999999999998,1.0,Seppäjärvi 010,Seppäjärvi,Savonlinna,,,,,,,,
FI_00000938,14387,Seppäjärvi,2023-08-14,61.96769745013646,28.9202989306627,5.1,,,545.0,,19.5,14.949999999999998,S2_FI_00000938,2024-10-16,0.0,99.883556,72.6966861468456,182.51231339894,,,35VNL,S2B_MSIL2A_20241016T100029_R122_T35VNL_20241016T141503,5.1,7.55,4.0,,45.4,7.15,,16.05,545.0,,19.5,14.949999999999998,1.0,Seppäjärvi 010,Seppäjärvi,Savonlinna,,,,,,,,
FI_00000939,14387,Seppäjärvi,2023-08-14,61.96769745013646,28.9202989306627,5.1,,,545.0,,19.5,14.949999999999998,S2_FI_00000939,2024-11-12,1.0,91.118282,81.4094027255215,180.229282833208,,,35VNL,S2B_MSIL2A_20241112T095139_R079_T35VNL_20241112T111710,5.1,7.55,4.0,,45.4,7.15,,16.05,545.0,,19.5,14.949999999999998,1.0,Seppäjärvi 010,Seppäjärvi,Savonlinna,,,,,,,,
FI_00000941,14387,Seppäjärvi,2023-08-14,61.96769745013646,28.9202989306627,5.1,,,545.0,,19.5,14.949999999999998,S2_FI_00000941,2023-01-18,0.0,76.868552,82.4898137131683,173.223889690228,,,34VEP,S2B_MSIL2A_20230118T101239_R022_T34VEP_20240809T052213,5.1,7.55,4.0,,45.4,7.15,,16.05,545.0,,19.5,14.949999999999998,1.0,Seppäjärvi 010,Seppäjärvi,Savonlinna,,,,,,,,
FI_00000942,1636,Pitkäjärvi,2023-03-14,60.66558908011945,23.292230275876104,,12.0,,1400.0,11.0,49.0,37.0,S2_FI_00000942,2023-02-07,1.0,99.987513,77.3294791836248,171.973576684488,,,34VEP,S2B_MSIL2A_20230207T101109_R022_T34VEP_20240813T003502,,9.5,10.6,12.0,73.0,7.0,37.0,0.3,1400.0,11.0,49.0,37.0,0.5,Pajo Hovirinnank.va 6210,Pitkäjärvi,Somero,Somero,River,VHA3,Kokemäenjoen-Saaristomeren-Selkämeren vesienhoitoalue,27.032,Pitkäjärven - Pusulanjärven a,Keskisuuret savimaiden joet,106.0
FI_00000943,1636,Pitkäjärvi,2023-03-14,60.66558908011945,23.292230275876104,,12.0,,1400.0,11.0,49.0,37.0,S2_FI_00000943,2023-03-01,0.0,59.484625,69.7988582230216,169.228951631671,,,34VEP,S2A_MSIL2A_20230301T100021_R122_T34VEP_20240821T023929,,9.5,10.6,12.0,73.0,7.0,37.0,0.3,1400.0,11.0,49.0,37.0,0.5,Pajo Hovirinnank.va 6210,Pitkäjärvi,Somero,Somero,River,VHA3,Kokemäenjoen-Saaristomeren-Selkämeren vesienhoitoalue,27.032,Pitkäjärven - Pusulanjärven a,Keskisuuret savimaiden joet,106.0
FI_00000944,1636,Pitkäjärvi,2023-03-14,60.66558908011945,23.292230275876104,,12.0,,1400.0,11.0,49.0,37.0,S2_FI_00000944,2023-03-06,1.0,51.610816,67.8611418706422,169.354324750745,,,34VEP,S2B_MSIL2A_20230306T100029_R122_T34VEP_20240820T042936,,9.5,10.6,12.0,73.0,7.0,37.0,0.3,1400.0,11.0,49.0,37.0,0.5,Pajo Hovirinnank.va 6210,Pitkäjärvi,Somero,Somero,River,VHA3,Kokemäenjoen-Saaristomeren-Selkämeren vesienhoitoalue,27.032,Pitkäjärven - Pusulanjärven a,Keskisuuret savimaiden joet,106.0
FI_00000945,1636,Pitkäjärvi,2023-03-14,60.66558908011945,23.292230275876104,,12.0,,1400.0,11.0,49.0,37.0,S2_FI_00000945,2023-03-14,1.0,99.946731,64.5101991569139,172.332931710427,,,34VEP,S2A_MSIL2A_20230314T101021_R022_T34VEP_20240820T194151,,9.5,10.6,12.0,73.0,7.0,37.0,0.3,1400.0,11.0,49.0,37.0,0.5,Pajo Hovirinnank.va 6210,Pitkäjärvi,Somero,Somero,River,VHA3,Kokemäenjoen-Saaristomeren-Selkämeren vesienhoitoalue,27.032,Pitkäjärven - Pusulanjärven a,Keskisuuret savimaiden joet,106.0
FI_00000946,1636,Pitkäjärvi,2023-03-14,60.66558908011945,23.292230275876104,,12.0,,1400.0,11.0,49.0,37.0,S2_FI_00000946,2023-03-19,1.0,97.46058,62.5136436602912,172.622179997168,,,34VEP,S2B_MSIL2A_20230319T100649_R022_T34VEP_20240824T235548,,9.5,10.6,12.0,73.0,7.0,37.0,0.3,1400.0,11.0,49.0,37.0,0.5,Pajo Hovirinnank.va 6210,Pitkäjärvi,Somero,Somero,River,VHA3,Kokemäenjoen-Saaristomeren-Selkämeren vesienhoitoalue,27.032,Pitkäjärven - Pusulanjärven a,Keskisuuret savimaiden joet,106.0
FI_00000947,1636,Pitkäjärvi,2023-03-14,60.66558908011945,23.292230275876104,,12.0,,1400.0,11.0,49.0,37.0,S2_FI_00000947,2023-03-26,1.0,40.466267,59.9012402405992,170.150608405387,,,34VEP,S2B_MSIL2A_20230326T100029_R122_T34VEP_20240826T080134,,9.5,10.6,12.0,73.0,7.0,37.0,0.3,1400.0,11.0,49.0,37.0,0.5,Pajo Hovirinnank.va 6210,Pitkäjärvi,Somero,Somero,River,VHA3,Kokemäenjoen-Saaristomeren-Selkämeren vesienhoitoalue,27.032,Pitkäjärven - Pusulanjärven a,Keskisuuret savimaiden joet,106.0
FI_00000948,1636,Pitkäjärvi,2023-05-16,60.66558908011945,23.292230275876104,,11.0,,1900.0,14.0,73.0,89.0,S2_FI_00000948,2023-04-05,0.0,7.343728,55.9848654450211,170.663101006528,,,34VEP,S2B_MSIL2A_20230405T100029_R122_T34VEP_20240830T025509,,9.8,9.3,11.0,95.0,7.400000000000001,88.0,16.4,1900.0,14.0,73.0,89.0,1.0,Pajo Hovirinnank.va 6210,Pitkäjärvi,Somero,Somero,River,VHA3,Kokemäenjoen-Saaristomeren-Selkämeren vesienhoitoalue,27.032,Pitkäjärven - Pusulanjärven a,Keskisuuret savimaiden joet,106.0
FI_00000949,1636,Pitkäjärvi,2023-05-16,60.66558908011945,23.292230275876104,,11.0,,1900.0,14.0,73.0,89.0,S2_FI_00000949,2023-04-13,0.0,94.764215,52.824010289407,174.112585795798,,,34VEP,S2A_MSIL2A_20230413T100551_R022_T34VEP_20240829T161129,,9.8,9.3,11.0,95.0,7.400000000000001,88.0,16.4,1900.0,14.0,73.0,89.0,1.0,Pajo Hovirinnank.va 6210,Pitkäjärvi,Somero,Somero,River,VHA3,Kokemäenjoen-Saaristomeren-Selkämeren vesienhoitoalue,27.032,Pitkäjärven - Pusulanjärven a,Keskisuuret savimaiden joet,106.0
FI_00000950,1636,Pitkäjärvi,2023-05-16,60.66558908011945,23.292230275876104,,11.0,,1900.0,14.0,73.0,89.0,S2_FI_00000950,2023-04-18,0.0,5.423826,51.0300630360323,174.38428081935,,,34VEP,S2B_MSIL2A_20230418T100559_R022_T34VEP_20240905T154426,,9.8,9.3,11.0,95.0,7.400000000000001,88.0,16.4,1900.0,14.0,73.0,89.0,1.0,Pajo Hovirinnank.va 6210,Pitkäjärvi,Somero,Somero,River,VHA3,Kokemäenjoen-Saaristomeren-Selkämeren vesienhoitoalue,27.032,Pitkäjärven - Pusulanjärven a,Keskisuuret savimaiden joet,106.0
FI_00000951,1636,Pitkäjärvi,2023-05-16,60.66558908011945,23.292230275876104,,11.0,,1900.0,14.0,73.0,89.0,S2_FI_00000951,2023-04-25,0.0,95.54854,48.7945443341598,171.46021663668,,,34VEP,S2B_MSIL2A_20230425T100029_R122_T34VEP_20240901T190605,,9.8,9.3,11.0,95.0,7.400000000000001,88.0,16.4,1900.0,14.0,73.0,89.0,1.0,Pajo Hovirinnank.va 6210,Pitkäjärvi,Somero,Somero,River,VHA3,Kokemäenjoen-Saaristomeren-Selkämeren vesienhoitoalue,27.032,Pitkäjärven - Pusulanjärven a,Keskisuuret savimaiden joet,106.0
FI_00000952,1636,Pitkäjärvi,2023-05-16,60.66558908011945,23.292230275876104,,11.0,,1900.0,14.0,73.0,89.0,S2_FI_00000952,2023-05-03,0.0,25.91089,46.1556637520362,174.889415504116,,,34VEP,S2A_MSIL2A_20230503T101021_R022_T34VEP_20240905T074321,,9.8,9.3,11.0,95.0,7.400000000000001,88.0,16.4,1900.0,14.0,73.0,89.0,1.0,Pajo Hovirinnank.va 6210,Pitkäjärvi,Somero,Somero,River,VHA3,Kokemäenjoen-Saaristomeren-Selkämeren vesienhoitoalue,27.032,Pitkäjärven - Pusulanjärven a,Keskisuuret savimaiden joet,106.0
FI_00000953,1636,Pitkäjärvi,2023-05-16,60.66558908011945,23.292230275876104,,11.0,,1900.0,14.0,73.0,89.0,S2_FI_00000953,2023-06-19,0.0,8.138002,38.6482368556986,169.087563798082,,,34VEP,S2A_MSIL2A_20230619T100031_R122_T34VEP_20240911T192325,,9.8,9.3,11.0,95.0,7.400000000000001,88.0,16.4,1900.0,14.0,73.0,89.0,1.0,Pajo Hovirinnank.va 6210,Pitkäjärvi,Somero,Somero,River,VHA3,Kokemäenjoen-Saaristomeren-Selkämeren vesienhoitoalue,27.032,Pitkäjärven - Pusulanjärven a,Keskisuuret savimaiden joet,106.0
FI_00000954,1636,Pitkäjärvi,2023-08-15,60.66558908011945,23.292230275876104,,9.8,,1100.0,9.4,42.05,29.0,S2_FI_00000954,2023-07-12,1.0,19.05684,39.9785758158182,171.343473109699,,,34VEP,S2A_MSIL2A_20230712T100601_R022_T34VEP_20230712T172846,,10.0,8.5,9.8,93.0,7.599999999999999,35.0,19.8,1100.0,9.4,42.05,29.0,0.5,Pajo Hovirinnank.va 6210,Pitkäjärvi,Somero,Somero,River,VHA3,Kokemäenjoen-Saaristomeren-Selkämeren vesienhoitoalue,27.032,Pitkäjärven - Pusulanjärven a,Keskisuuret savimaiden joet,106.0
FI_00000955,1636,Pitkäjärvi,2023-08-15,60.66558908011945,23.292230275876104,,9.8,,1100.0,9.4,42.05,29.0,S2_FI_00000955,2023-08-23,0.0,75.095356,50.5971146171774,170.14315219614,,,34VEP,S2B_MSIL2A_20230823T095559_R122_T34VEP_20241019T191513,,10.0,8.5,9.8,93.0,7.599999999999999,35.0,19.8,1100.0,9.4,42.05,29.0,0.5,Pajo Hovirinnank.va 6210,Pitkäjärvi,Somero,Somero,River,VHA3,Kokemäenjoen-Saaristomeren-Selkämeren vesienhoitoalue,27.032,Pitkäjärven - Pusulanjärven a,Keskisuuret savimaiden joet,106.0
FI_00000956,1636,Pitkäjärvi,2023-08-15,60.66558908011945,23.292230275876104,,9.8,,1100.0,9.4,42.05,29.0,S2_FI_00000956,2023-08-30,0.0,100.0,53.2041867704681,167.943267821066,,,34VEP,S2B_MSIL2A_20230830T094549_R079_T34VEP_20241022T104510,,10.0,8.5,9.8,93.0,7.599999999999999,35.0,19.8,1100.0,9.4,42.05,29.0,0.5,Pajo Hovirinnank.va 6210,Pitkäjärvi,Somero,Somero,River,VHA3,Kokemäenjoen-Saaristomeren-Selkämeren vesienhoitoalue,27.032,Pitkäjärven - Pusulanjärven a,Keskisuuret savimaiden joet,106.0
FI_00000957,1636,Pitkäjärvi,2023-08-15,60.66558908011945,23.292230275876104,,9.8,,1100.0,9.4,42.05,29.0,S2_FI_00000957,2023-09-12,1.0,86.490685,57.7274027567008,172.713046967106,,,34VEP,S2B_MSIL2A_20230912T095609_R122_T34VEP_20241103T122113,,10.0,8.5,9.8,93.0,7.599999999999999,35.0,19.8,1100.0,9.4,42.05,29.0,0.5,Pajo Hovirinnank.va 6210,Pitkäjärvi,Somero,Somero,River,VHA3,Kokemäenjoen-Saaristomeren-Selkämeren vesienhoitoalue,27.032,Pitkäjärven - Pusulanjärven a,Keskisuuret savimaiden joet,106.0
FI_00000958,1636,Pitkäjärvi,2023-08-15,60.66558908011945,23.292230275876104,,9.8,,1100.0,9.4,42.05,29.0,S2_FI_00000958,2023-09-27,0.0,99.999934,63.4571041037314,174.574762101336,,,34VEP,S2A_MSIL2A_20230927T100031_R122_T34VEP_20241101T152850,,10.0,8.5,9.8,93.0,7.599999999999999,35.0,19.8,1100.0,9.4,42.05,29.0,0.5,Pajo Hovirinnank.va 6210,Pitkäjärvi,Somero,Somero,River,VHA3,Kokemäenjoen-Saaristomeren-Selkämeren vesienhoitoalue,27.032,Pitkäjärven - Pusulanjärven a,Keskisuuret savimaiden joet,106.0
FI_00000959,1636,Pitkäjärvi,2023-08-15,60.66558908011945,23.292230275876104,,9.8,,1100.0,9.4,42.05,29.0,S2_FI_00000959,2023-10-09,0.0,13.201679,68.1570384237912,173.126598348903,,,34VEP,S2B_MSIL2A_20231009T094819_R079_T34VEP_20241108T113811,,10.0,8.5,9.8,93.0,7.599999999999999,35.0,19.8,1100.0,9.4,42.05,29.0,0.5,Pajo Hovirinnank.va 6210,Pitkäjärvi,Somero,Somero,River,VHA3,Kokemäenjoen-Saaristomeren-Selkämeren vesienhoitoalue,27.032,Pitkäjärven - Pusulanjärven a,Keskisuuret savimaiden joet,106.0
FI_00000960,1636,Pitkäjärvi,2023-10-23,60.66558908011945,23.292230275876104,,13.0,,1700.0,15.0,111.5,100.0,S2_FI_00000960,2023-10-25,0.0,54.85329,73.8178145923918,179.366702411738,,,34VEP,S2B_MSIL2A_20231025T101029_R022_T34VEP_20231025T134033,,12.0,8.3,13.0,67.0,7.5,100.0,6.2,1700.0,15.0,111.5,100.0,1.0,Pajo Hovirinnank.va 6210,Pitkäjärvi,Somero,Somero,River,VHA3,Kokemäenjoen-Saaristomeren-Selkämeren vesienhoitoalue,27.032,Pitkäjärven - Pusulanjärven a,Keskisuuret savimaiden joet,106.0
FI_00000961,1636,Pitkäjärvi,2023-10-23,60.66558908011945,23.292230275876104,,13.0,,1700.0,15.0,111.5,100.0,S2_FI_00000961,2023-11-09,0.0,96.844655,78.5781214315643,179.468057397498,,,34VEP,S2A_MSIL2A_20231109T101231_R022_T34VEP_20241109T174752,,12.0,8.3,13.0,67.0,7.5,100.0,6.2,1700.0,15.0,111.5,100.0,1.0,Pajo Hovirinnank.va 6210,Pitkäjärvi,Somero,Somero,River,VHA3,Kokemäenjoen-Saaristomeren-Selkämeren vesienhoitoalue,27.032,Pitkäjärven - Pusulanjärven a,Keskisuuret savimaiden joet,106.0
FI_00000962,1636,Pitkäjärvi,2023-10-23,60.66558908011945,23.292230275876104,,13.0,,1700.0,15.0,111.5,100.0,S2_FI_00000962,2023-11-21,1.0,96.851593,81.6833064978026,176.62825454694,,,34VEP,S2B_MSIL2A_20231121T100229_R122_T34VEP_20231121T130744,,12.0,8.3,13.0,67.0,7.5,100.0,6.2,1700.0,15.0,111.5,100.0,1.0,Pajo Hovirinnank.va 6210,Pitkäjärvi,Somero,Somero,River,VHA3,Kokemäenjoen-Saaristomeren-Selkämeren vesienhoitoalue,27.032,Pitkäjärven - Pusulanjärven a,Keskisuuret savimaiden joet,106.0
FI_00000963,1636,Pitkäjärvi,2023-10-23,60.66558908011945,23.292230275876104,,13.0,,1700.0,15.0,111.5,100.0,S2_FI_00000963,2023-12-08,5.0,83.296353,84.6595132337246,173.028482511402,,,34VEP,S2B_MSIL2A_20231208T095309_R079_T34VEP_20241109T122848,,12.0,8.3,13.0,67.0,7.5,100.0,6.2,1700.0,15.0,111.5,100.0,1.0,Pajo Hovirinnank.va 6210,Pitkäjärvi,Somero,Somero,River,VHA3,Kokemäenjoen-Saaristomeren-Selkämeren vesienhoitoalue,27.032,Pitkäjärven - Pusulanjärven a,Keskisuuret savimaiden joet,106.0
FI_00000964,1636,Pitkäjärvi,2023-10-23,60.66558908011945,23.292230275876104,,13.0,,1700.0,15.0,111.5,100.0,S2_FI_00000964,2024-01-23,0.0,96.653324,81.4705816250588,172.834314733252,,,34VEP,S2B_MSIL2A_20240123T101229_R022_T34VEP_20240123T140246,,12.0,8.3,13.0,67.0,7.5,100.0,6.2,1700.0,15.0,111.5,100.0,1.0,Pajo Hovirinnank.va 6210,Pitkäjärvi,Somero,Somero,River,VHA3,Kokemäenjoen-Saaristomeren-Selkämeren vesienhoitoalue,27.032,Pitkäjärven - Pusulanjärven a,Keskisuuret savimaiden joet,106.0
FI_00000965,1636,Pitkäjärvi,2023-10-23,60.66558908011945,23.292230275876104,,13.0,,1700.0,15.0,111.5,100.0,S2_FI_00000965,2024-02-27,0.0,99.981928,70.4533442311228,171.817187637537,,,34VEP,S2A_MSIL2A_20240227T100951_R022_T34VEP_20240227T131822,,12.0,8.3,13.0,67.0,7.5,100.0,6.2,1700.0,15.0,111.5,100.0,1.0,Pajo Hovirinnank.va 6210,Pitkäjärvi,Somero,Somero,River,VHA3,Kokemäenjoen-Saaristomeren-Selkämeren vesienhoitoalue,27.032,Pitkäjärven - Pusulanjärven a,Keskisuuret savimaiden joet,106.0
FI_00000966,1636,Pitkäjärvi,2023-12-12,60.66558908011945,23.292230275876104,,15.0,,1700.0,17.0,91.0,85.0,S2_FI_00000966,2024-03-07,0.0,99.956572,67.4220488791584,166.679223677353,,,34VEP,S2B_MSIL2A_20240307T094739_R079_T34VEP_20240307T131119,,10.0,9.6,15.0,66.0,7.0,84.0,0.4000000000000001,1700.0,17.0,91.0,85.0,1.0,Pajo Hovirinnank.va 6210,Pitkäjärvi,Somero,Somero,River,VHA3,Kokemäenjoen-Saaristomeren-Selkämeren vesienhoitoalue,27.032,Pitkäjärven - Pusulanjärven a,Keskisuuret savimaiden joet,106.0
FI_00000967,1636,Pitkäjärvi,2023-12-12,60.66558908011945,23.292230275876104,,15.0,,1700.0,17.0,91.0,85.0,S2_FI_00000967,2024-03-13,1.0,100.0,64.6042373761208,172.317850849095,,,34VEP,S2B_MSIL2A_20240313T100709_R022_T34VEP_20240313T134442,,10.0,9.6,15.0,66.0,7.0,84.0,0.4000000000000001,1700.0,17.0,91.0,85.0,1.0,Pajo Hovirinnank.va 6210,Pitkäjärvi,Somero,Somero,River,VHA3,Kokemäenjoen-Saaristomeren-Selkämeren vesienhoitoalue,27.032,Pitkäjärven - Pusulanjärven a,Keskisuuret savimaiden joet,106.0
FI_00000968,1636,Pitkäjärvi,2023-12-12,60.66558908011945,23.292230275876104,,15.0,,1700.0,17.0,91.0,85.0,S2_FI_00000968,2024-03-20,1.0,86.799222,61.9923928304087,169.881383142699,,,34VEP,S2B_MSIL2A_20240320T095649_R122_T34VEP_20240320T155730,,10.0,9.6,15.0,66.0,7.0,84.0,0.4000000000000001,1700.0,17.0,91.0,85.0,1.0,Pajo Hovirinnank.va 6210,Pitkäjärvi,Somero,Somero,River,VHA3,Kokemäenjoen-Saaristomeren-Selkämeren vesienhoitoalue,27.032,Pitkäjärven - Pusulanjärven a,Keskisuuret savimaiden joet,106.0
FI_00000969,1636,Pitkäjärvi,2023-12-12,60.66558908011945,23.292230275876104,,15.0,,1700.0,17.0,91.0,85.0,S2_FI_00000969,2024-03-25,1.0,75.295109,59.9978290925539,170.130353251844,,,34VEP,S2A_MSIL2A_20240325T100031_R122_T34VEP_20240325T140948,,10.0,9.6,15.0,66.0,7.0,84.0,0.4000000000000001,1700.0,17.0,91.0,85.0,1.0,Pajo Hovirinnank.va 6210,Pitkäjärvi,Somero,Somero,River,VHA3,Kokemäenjoen-Saaristomeren-Selkämeren vesienhoitoalue,27.032,Pitkäjärven - Pusulanjärven a,Keskisuuret savimaiden joet,106.0
FI_00000970,1636,Pitkäjärvi,2023-12-12,60.66558908011945,23.292230275876104,,15.0,,1700.0,17.0,91.0,85.0,S2_FI_00000970,2024-04-02,1.0,100.0,56.685827340761,173.489845662814,,,34VEP,S2B_MSIL2A_20240402T100549_R022_T34VEP_20240402T153001,,10.0,9.6,15.0,66.0,7.0,84.0,0.4000000000000001,1700.0,17.0,91.0,85.0,1.0,Pajo Hovirinnank.va 6210,Pitkäjärvi,Somero,Somero,River,VHA3,Kokemäenjoen-Saaristomeren-Selkämeren vesienhoitoalue,27.032,Pitkäjärven - Pusulanjärven a,Keskisuuret savimaiden joet,106.0
FI_00000971,1636,Pitkäjärvi,2023-12-12,60.66558908011945,23.292230275876104,,15.0,,1700.0,17.0,91.0,85.0,S2_FI_00000971,2024-04-11,0.0,4.848873,53.6535674391418,167.922171460101,,,34VEP,S2A_MSIL2A_20240411T095031_R079_T34VEP_20240411T154939,,10.0,9.6,15.0,66.0,7.0,84.0,0.4000000000000001,1700.0,17.0,91.0,85.0,1.0,Pajo Hovirinnank.va 6210,Pitkäjärvi,Somero,Somero,River,VHA3,Kokemäenjoen-Saaristomeren-Selkämeren vesienhoitoalue,27.032,Pitkäjärven - Pusulanjärven a,Keskisuuret savimaiden joet,106.0
FI_00000972,1636,Pitkäjärvi,2024-03-12,60.66558908011945,23.292230275876104,,11.0,,1400.0,13.0,85.5,45.0,S2_FI_00000972,2024-04-16,0.0,99.998558,51.8340461235766,168.076754444477,,,34VEP,S2B_MSIL2A_20240416T094549_R079_T34VEP_20240416T125046,,11.0,8.6,11.0,60.0,7.2,48.0,0.5,1400.0,13.0,85.5,45.0,1.0,Pajo Hovirinnank.va 6210,Pitkäjärvi,Somero,Somero,River,VHA3,Kokemäenjoen-Saaristomeren-Selkämeren vesienhoitoalue,27.032,Pitkäjärven - Pusulanjärven a,Keskisuuret savimaiden joet,106.0
FI_00000973,1636,Pitkäjärvi,2024-03-12,60.66558908011945,23.292230275876104,,11.0,,1400.0,13.0,85.5,45.0,S2_FI_00000973,2024-04-22,0.0,98.559189,49.3943790835904,174.590401173567,,,34VEP,S2B_MSIL2A_20240422T100559_R022_T34VEP_20240422T141701,,11.0,8.6,11.0,60.0,7.2,48.0,0.5,1400.0,13.0,85.5,45.0,1.0,Pajo Hovirinnank.va 6210,Pitkäjärvi,Somero,Somero,River,VHA3,Kokemäenjoen-Saaristomeren-Selkämeren vesienhoitoalue,27.032,Pitkäjärven - Pusulanjärven a,Keskisuuret savimaiden joet,106.0
FI_00000974,1636,Pitkäjärvi,2024-03-12,60.66558908011945,23.292230275876104,,11.0,,1400.0,13.0,85.5,45.0,S2_FI_00000974,2024-05-02,0.0,37.552294,46.228095650676,174.89056043803,,,34VEP,S2B_MSIL2A_20240502T100559_R022_T34VEP_20240502T143927,,11.0,8.6,11.0,60.0,7.2,48.0,0.5,1400.0,13.0,85.5,45.0,1.0,Pajo Hovirinnank.va 6210,Pitkäjärvi,Somero,Somero,River,VHA3,Kokemäenjoen-Saaristomeren-Selkämeren vesienhoitoalue,27.032,Pitkäjärven - Pusulanjärven a,Keskisuuret savimaiden joet,106.0
FI_00000975,1636,Pitkäjärvi,2024-03-12,60.66558908011945,23.292230275876104,,11.0,,1400.0,13.0,85.5,45.0,S2_FI_00000975,2024-06-03,1.0,10.775971,39.6025131219231,170.358902818508,,,34VEP,S2A_MSIL2A_20240603T100031_R122_T34VEP_20240603T151837,,11.0,8.6,11.0,60.0,7.2,48.0,0.5,1400.0,13.0,85.5,45.0,1.0,Pajo Hovirinnank.va 6210,Pitkäjärvi,Somero,Somero,River,VHA3,Kokemäenjoen-Saaristomeren-Selkämeren vesienhoitoalue,27.032,Pitkäjärven - Pusulanjärven a,Keskisuuret savimaiden joet,106.0
FI_00000976,1636,Pitkäjärvi,2024-03-12,60.66558908011945,23.292230275876104,,11.0,,1400.0,13.0,85.5,45.0,S2_FI_00000976,2024-07-10,0.0,30.715746,40.3065004305823,164.231840138144,,,34VEP,S2A_MSIL2A_20240710T095031_R079_T34VEP_20240710T170942,,11.0,8.6,11.0,60.0,7.2,48.0,0.5,1400.0,13.0,85.5,45.0,1.0,Pajo Hovirinnank.va 6210,Pitkäjärvi,Somero,Somero,River,VHA3,Kokemäenjoen-Saaristomeren-Selkämeren vesienhoitoalue,27.032,Pitkäjärven - Pusulanjärven a,Keskisuuret savimaiden joet,106.0
FI_00000977,1636,Pitkäjärvi,2024-03-12,60.66558908011945,23.292230275876104,,11.0,,1400.0,13.0,85.5,45.0,S2_FI_00000977,2024-08-20,0.0,61.928302,49.6864329995599,173.050615515001,,,34VEP,S2B_MSIL2A_20240820T100559_R022_T34VEP_20240820T130319,,11.0,8.6,11.0,60.0,7.2,48.0,0.5,1400.0,13.0,85.5,45.0,1.0,Pajo Hovirinnank.va 6210,Pitkäjärvi,Somero,Somero,River,VHA3,Kokemäenjoen-Saaristomeren-Selkämeren vesienhoitoalue,27.032,Pitkäjärven - Pusulanjärven a,Keskisuuret savimaiden joet,106.0
FI_00000978,1636,Pitkäjärvi,2024-05-16,60.66558908011945,23.292230275876104,,,,1300.0,,110.0,68.0,S2_FI_00000978,2024-08-25,1.0,61.353576,51.3631983141925,173.576708707064,,,34VEP,S2A_MSIL2A_20240825T100551_R022_T34VEP_20240825T162201,,8.6,8.5,,83.0,7.3,62.0,14.300000000000002,1300.0,,110.0,68.0,1.0,Pajo Hovirinnank.va 6210,Pitkäjärvi,Somero,Somero,River,VHA3,Kokemäenjoen-Saaristomeren-Selkämeren vesienhoitoalue,27.032,Pitkäjärven - Pusulanjärven a,Keskisuuret savimaiden joet,106.0
FI_00000979,1636,Pitkäjärvi,2024-05-16,60.66558908011945,23.292230275876104,,,,1300.0,,110.0,68.0,S2_FI_00000979,2024-09-09,0.0,27.670273,56.767911002068,175.37340203592,,,34VEP,S2B_MSIL2A_20240909T100559_R022_T34VEP_20240909T134240,,8.6,8.5,,83.0,7.3,62.0,14.300000000000002,1300.0,,110.0,68.0,1.0,Pajo Hovirinnank.va 6210,Pitkäjärvi,Somero,Somero,River,VHA3,Kokemäenjoen-Saaristomeren-Selkämeren vesienhoitoalue,27.032,Pitkäjärven - Pusulanjärven a,Keskisuuret savimaiden joet,106.0
FI_00000980,1636,Pitkäjärvi,2024-05-16,60.66558908011945,23.292230275876104,,,,1300.0,,110.0,68.0,S2_FI_00000980,2024-09-24,0.0,99.788469,62.5070454857732,177.122086877612,,,34VEP,S2A_MSIL2A_20240924T100741_R022_T34VEP_20240924T122746,,8.6,8.5,,83.0,7.3,62.0,14.300000000000002,1300.0,,110.0,68.0,1.0,Pajo Hovirinnank.va 6210,Pitkäjärvi,Somero,Somero,River,VHA3,Kokemäenjoen-Saaristomeren-Selkämeren vesienhoitoalue,27.032,Pitkäjärven - Pusulanjärven a,Keskisuuret savimaiden joet,106.0
FI_00000981,1636,Pitkäjärvi,2024-05-16,60.66558908011945,23.292230275876104,,,,1300.0,,110.0,68.0,S2_FI_00000981,2024-10-08,1.0,99.99994,68.0684066567996,173.087385259296,,,34VEP,S2A_MSIL2A_20241008T095031_R079_T34VEP_20241008T124449,,8.6,8.5,,83.0,7.3,62.0,14.300000000000002,1300.0,,110.0,68.0,1.0,Pajo Hovirinnank.va 6210,Pitkäjärvi,Somero,Somero,River,VHA3,Kokemäenjoen-Saaristomeren-Selkämeren vesienhoitoalue,27.032,Pitkäjärven - Pusulanjärven a,Keskisuuret savimaiden joet,106.0
FI_00000982,1636,Pitkäjärvi,2024-05-16,60.66558908011945,23.292230275876104,,,,1300.0,,110.0,68.0,S2_FI_00000982,2024-10-21,0.0,95.709914,72.723607562745,176.684145876962,,,34VEP,S2A_MSIL2A_20241021T100041_R122_T34VEP_20241021T123351,,8.6,8.5,,83.0,7.3,62.0,14.300000000000002,1300.0,,110.0,68.0,1.0,Pajo Hovirinnank.va 6210,Pitkäjärvi,Somero,Somero,River,VHA3,Kokemäenjoen-Saaristomeren-Selkämeren vesienhoitoalue,27.032,Pitkäjärven - Pusulanjärven a,Keskisuuret savimaiden joet,106.0
FI_00000983,1636,Pitkäjärvi,2024-05-16,60.66558908011945,23.292230275876104,,,,1300.0,,110.0,68.0,S2_FI_00000983,2024-11-05,0.0,67.676878,77.6610411782512,177.039599096747,,,34VEP,S2B_MSIL2A_20241105T100109_R122_T34VEP_20241105T111000,,8.6,8.5,,83.0,7.3,62.0,14.300000000000002,1300.0,,110.0,68.0,1.0,Pajo Hovirinnank.va 6210,Pitkäjärvi,Somero,Somero,River,VHA3,Kokemäenjoen-Saaristomeren-Selkämeren vesienhoitoalue,27.032,Pitkäjärven - Pusulanjärven a,Keskisuuret savimaiden joet,106.0
FI_00000984,1636,Pitkäjärvi,2024-08-19,60.66558908011945,23.292230275876104,,,,640.0,,51.0,18.0,S2_FI_00000984,2024-11-18,0.0,74.945706,81.1272407408023,179.128696734177,,,34VEP,S2B_MSIL2A_20241118T101219_R022_T34VEP_20241118T113501,,10.0,6.8,,74.0,7.5,15.0,19.8,640.0,,51.0,18.0,1.0,Pajo Hovirinnank.va 6210,Pitkäjärvi,Somero,Somero,River,VHA3,Kokemäenjoen-Saaristomeren-Selkämeren vesienhoitoalue,27.032,Pitkäjärven - Pusulanjärven a,Keskisuuret savimaiden joet,106.0
FI_00000985,1636,Pitkäjärvi,2024-08-19,60.66558908011945,23.292230275876104,,,,640.0,,51.0,18.0,S2_FI_00000985,2024-12-05,1.0,63.351148,84.2764946922109,175.559953988027,,,34VEP,S2B_MSIL2A_20241205T100319_R122_T34VEP_20241205T102543,,10.0,6.8,,74.0,7.5,15.0,19.8,640.0,,51.0,18.0,1.0,Pajo Hovirinnank.va 6210,Pitkäjärvi,Somero,Somero,River,VHA3,Kokemäenjoen-Saaristomeren-Selkämeren vesienhoitoalue,27.032,Pitkäjärven - Pusulanjärven a,Keskisuuret savimaiden joet,106.0
FI_00000986,1636,Pitkäjärvi,2024-08-19,60.66558908011945,23.292230275876104,,,,640.0,,51.0,18.0,S2_FI_00000986,2023-01-18,1.0,99.734068,83.3827504445128,173.210855371699,,,34VEQ,S2B_MSIL2A_20230118T101239_R022_T34VEQ_20240809T052213,,10.0,6.8,,74.0,7.5,15.0,19.8,640.0,,51.0,18.0,1.0,Pajo Hovirinnank.va 6210,Pitkäjärvi,Somero,Somero,River,VHA3,Kokemäenjoen-Saaristomeren-Selkämeren vesienhoitoalue,27.032,Pitkäjärven - Pusulanjärven a,Keskisuuret savimaiden joet,106.0
FI_00000987,1636,Pitkäjärvi,2024-08-19,60.66558908011945,23.292230275876104,,,,640.0,,51.0,18.0,S2_FI_00000987,2023-02-07,0.0,99.869305,78.2202039859365,171.973389299579,,,34VEQ,S2B_MSIL2A_20230207T101109_R022_T34VEQ_20240813T003502,,10.0,6.8,,74.0,7.5,15.0,19.8,640.0,,51.0,18.0,1.0,Pajo Hovirinnank.va 6210,Pitkäjärvi,Somero,Somero,River,VHA3,Kokemäenjoen-Saaristomeren-Selkämeren vesienhoitoalue,27.032,Pitkäjärven - Pusulanjärven a,Keskisuuret savimaiden joet,106.0
FI_00000988,1636,Pitkäjärvi,2024-08-19,60.66558908011945,23.292230275876104,,,,640.0,,51.0,18.0,S2_FI_00000988,2023-03-06,0.0,49.449703,68.7459308697849,169.389697298375,,,34VEQ,S2B_MSIL2A_20230306T100029_R122_T34VEQ_20240820T042936,,10.0,6.8,,74.0,7.5,15.0,19.8,640.0,,51.0,18.0,1.0,Pajo Hovirinnank.va 6210,Pitkäjärvi,Somero,Somero,River,VHA3,Kokemäenjoen-Saaristomeren-Selkämeren vesienhoitoalue,27.032,Pitkäjärven - Pusulanjärven a,Keskisuuret savimaiden joet,106.0
FI_00000989,1636,Pitkäjärvi,2024-08-19,60.66558908011945,23.292230275876104,,,,640.0,,51.0,18.0,S2_FI_00000989,2023-03-14,0.0,99.991107,65.4016572469692,172.358202643161,,,34VEQ,S2A_MSIL2A_20230314T101021_R022_T34VEQ_20240820T194151,,10.0,6.8,,74.0,7.5,15.0,19.8,640.0,,51.0,18.0,1.0,Pajo Hovirinnank.va 6210,Pitkäjärvi,Somero,Somero,River,VHA3,Kokemäenjoen-Saaristomeren-Selkämeren vesienhoitoalue,27.032,Pitkäjärven - Pusulanjärven a,Keskisuuret savimaiden joet,106.0
FI_00000990,1636,Pitkäjärvi,2024-10-22,60.66558908011945,23.292230275876104,,,,1500.0,,170.0,94.0,S2_FI_00000990,2023-03-21,0.0,52.12236,62.7839600965851,169.939470046078,,,34VEQ,S2A_MSIL2A_20230321T100031_R122_T34VEQ_20240826T215434,,11.0,7.8,,67.0,7.3,74.0,8.4,1500.0,,170.0,94.0,1.0,Pajo Hovirinnank.va 6210,Pitkäjärvi,Somero,Somero,River,VHA3,Kokemäenjoen-Saaristomeren-Selkämeren vesienhoitoalue,27.032,Pitkäjärven - Pusulanjärven a,Keskisuuret savimaiden joet,106.0
FI_00000991,1636,Pitkäjärvi,2024-10-22,60.66558908011945,23.292230275876104,,,,1500.0,,170.0,94.0,S2_FI_00000991,2023-03-26,1.0,1.298576,60.7880906487023,170.205010162958,,,34VEQ,S2B_MSIL2A_20230326T100029_R122_T34VEQ_20240806T033612,,11.0,7.8,,67.0,7.3,74.0,8.4,1500.0,,170.0,94.0,1.0,Pajo Hovirinnank.va 6210,Pitkäjärvi,Somero,Somero,River,VHA3,Kokemäenjoen-Saaristomeren-Selkämeren vesienhoitoalue,27.032,Pitkäjärven - Pusulanjärven a,Keskisuuret savimaiden joet,106.0
FI_00000992,1636,Pitkäjärvi,2024-10-22,60.66558908011945,23.292230275876104,,,,1500.0,,170.0,94.0,S2_FI_00000992,2023-04-03,0.0,22.783212,57.4849037468569,173.538602096243,,,34VEQ,S2A_MSIL2A_20230403T100551_R022_T34VEQ_20240825T000821,,11.0,7.8,,67.0,7.3,74.0,8.4,1500.0,,170.0,94.0,1.0,Pajo Hovirinnank.va 6210,Pitkäjärvi,Somero,Somero,River,VHA3,Kokemäenjoen-Saaristomeren-Selkämeren vesienhoitoalue,27.032,Pitkäjärven - Pusulanjärven a,Keskisuuret savimaiden joet,106.0
FI_00000993,1636,Pitkäjärvi,2024-10-22,60.66558908011945,23.292230275876104,,,,1500.0,,170.0,94.0,S2_FI_00000993,2023-04-13,1.0,58.293742,53.7183568391987,174.146844437321,,,34VEQ,S2A_MSIL2A_20230413T100551_R022_T34VEQ_20240829T161129,,11.0,7.8,,67.0,7.3,74.0,8.4,1500.0,,170.0,94.0,1.0,Pajo Hovirinnank.va 6210,Pitkäjärvi,Somero,Somero,River,VHA3,Kokemäenjoen-Saaristomeren-Selkämeren vesienhoitoalue,27.032,Pitkäjärven - Pusulanjärven a,Keskisuuret savimaiden joet,106.0
FI_00000994,1636,Pitkäjärvi,2024-10-22,60.66558908011945,23.292230275876104,,,,1500.0,,170.0,94.0,S2_FI_00000994,2023-04-18,1.0,8.377896,51.9247703098455,174.419140004772,,,34VEQ,S2B_MSIL2A_20230418T100559_R022_T34VEQ_20240905T154426,,11.0,7.8,,67.0,7.3,74.0,8.4,1500.0,,170.0,94.0,1.0,Pajo Hovirinnank.va 6210,Pitkäjärvi,Somero,Somero,River,VHA3,Kokemäenjoen-Saaristomeren-Selkämeren vesienhoitoalue,27.032,Pitkäjärven - Pusulanjärven a,Keskisuuret savimaiden joet,106.0
FI_00000995,1636,Pitkäjärvi,2024-10-22,60.66558908011945,23.292230275876104,,,,1500.0,,170.0,94.0,S2_FI_00000995,2023-04-23,1.0,99.622118,50.2081910651173,174.629736817626,,,34VEQ,S2A_MSIL2A_20230423T100551_R022_T34VEQ_20230424T105936,,11.0,7.8,,67.0,7.3,74.0,8.4,1500.0,,170.0,94.0,1.0,Pajo Hovirinnank.va 6210,Pitkäjärvi,Somero,Somero,River,VHA3,Kokemäenjoen-Saaristomeren-Selkämeren vesienhoitoalue,27.032,Pitkäjärven - Pusulanjärven a,Keskisuuret savimaiden joet,106.0
FI_00000996,17662,Lapinjärvi,2023-02-07,63.12479397420693,27.432628122752828,,,,1650.0,,57.0,5.25,S2_FI_00000996,2023-05-05,2.0,54.890162,46.6048899098535,171.676567131463,,,34VEQ,S2B_MSIL2A_20230505T100029_R122_T34VEQ_20230505T132819,,10.8,3.2,,22.9,6.5,,2.22,1650.0,,57.0,5.25,1.0,Lapinjärvi 214,Lapinjärvi,Kuopio,,,,,,,,
FI_00000997,17662,Lapinjärvi,2023-02-07,63.12479397420693,27.432628122752828,,,,1650.0,,57.0,5.25,S2_FI_00000997,2023-05-15,0.0,18.3797,43.9888268174409,171.551095053335,,,34VEQ,S2B_MSIL2A_20230515T095559_R122_T34VEQ_20230515T153955,,10.8,3.2,,22.9,6.5,,2.22,1650.0,,57.0,5.25,1.0,Lapinjärvi 214,Lapinjärvi,Kuopio,,,,,,,,
FI_00000998,17662,Lapinjärvi,2023-02-07,63.12479397420693,27.432628122752828,,,,1650.0,,57.0,5.25,S2_FI_00000998,2023-06-14,0.0,4.261207,39.670559432112,169.672115567105,,,34VEQ,S2B_MSIL2A_20230614T095559_R122_T34VEQ_20240909T201410,,10.8,3.2,,22.9,6.5,,2.22,1650.0,,57.0,5.25,1.0,Lapinjärvi 214,Lapinjärvi,Kuopio,,,,,,,,
FI_00000999,17662,Lapinjärvi,2023-02-07,63.12479397420693,27.432628122752828,,,,1650.0,,57.0,5.25,S2_FI_00000999,2023-07-17,1.0,91.507632,41.6466945897395,171.359932711194,,,34VEQ,S2B_MSIL2A_20230717T100559_R022_T34VEQ_20241012T225151,,10.8,3.2,,22.9,6.5,,2.22,1650.0,,57.0,5.25,1.0,Lapinjärvi 214,Lapinjärvi,Kuopio,,,,,,,,
FI_00001000,17662,Lapinjärvi,2023-02-07,63.12479397420693,27.432628122752828,,,,1650.0,,57.0,5.25,S2_FI_00001000,2023-08-13,1.0,98.549426,48.3164156387814,169.183722948173,,,34VEQ,S2B_MSIL2A_20230813T095559_R122_T34VEQ_20241015T114308,,10.8,3.2,,22.9,6.5,,2.22,1650.0,,57.0,5.25,1.0,Lapinjärvi 214,Lapinjärvi,Kuopio,,,,,,,,
FI_00001001,17662,Lapinjärvi,2023-02-07,63.12479397420693,27.432628122752828,,,,1650.0,,57.0,5.25,S2_FI_00001001,2023-08-31,1.0,99.990588,54.089251828506,174.246991344184,,,34VEQ,S2A_MSIL2A_20230831T100601_R022_T34VEQ_20241018T002849,,10.8,3.2,,22.9,6.5,,2.22,1650.0,,57.0,5.25,1.0,Lapinjärvi 214,Lapinjärvi,Kuopio,,,,,,,,
FI_00001002,17662,Lapinjärvi,2023-07-05,63.12479397420693,27.432628122752828,26.0,,,1150.0,,59.0,8.15,S2_FI_00001002,2023-09-15,1.0,28.160453,59.6465054116711,176.013084765428,,,34VEQ,S2B_MSIL2A_20230915T100639_R022_T34VEQ_20230915T180831,26.0,7.3,6.52,,68.2,7.15,,17.533333333333335,1150.0,,59.0,8.15,1.0,Lapinjärvi 214,Lapinjärvi,Kuopio,,,,,,,,
FI_00001003,17662,Lapinjärvi,2023-07-05,63.12479397420693,27.432628122752828,26.0,,,1150.0,,59.0,8.15,S2_FI_00001003,2023-09-25,0.0,100.0,63.4994334730219,177.142703333695,,,34VEQ,S2B_MSIL2A_20230925T100649_R022_T34VEQ_20230925T151642,26.0,7.3,6.52,,68.2,7.15,,17.533333333333335,1150.0,,59.0,8.15,1.0,Lapinjärvi 214,Lapinjärvi,Kuopio,,,,,,,,
FI_00001004,17662,Lapinjärvi,2023-07-05,63.12479397420693,27.432628122752828,26.0,,,1150.0,,59.0,8.15,S2_FI_00001004,2023-10-10,0.0,99.992776,69.2655765979375,178.515361588225,,,34VEQ,S2A_MSIL2A_20231010T100931_R022_T34VEQ_20231010T163645,26.0,7.3,6.52,,68.2,7.15,,17.533333333333335,1150.0,,59.0,8.15,1.0,Lapinjärvi 214,Lapinjärvi,Kuopio,,,,,,,,
FI_00001005,17662,Lapinjärvi,2023-07-05,63.12479397420693,27.432628122752828,26.0,,,1150.0,,59.0,8.15,S2_FI_00001005,2023-10-25,0.0,1.64623,74.7155060569658,179.341304364304,,,34VEQ,S2B_MSIL2A_20231025T101029_R022_T34VEQ_20231025T133539,26.0,7.3,6.52,,68.2,7.15,,17.533333333333335,1150.0,,59.0,8.15,1.0,Lapinjärvi 214,Lapinjärvi,Kuopio,,,,,,,,
FI_00001006,17662,Lapinjärvi,2023-07-05,63.12479397420693,27.432628122752828,26.0,,,1150.0,,59.0,8.15,S2_FI_00001006,2023-11-09,2.0,98.834777,79.4758134645515,179.442600134857,,,34VEQ,S2A_MSIL2A_20231109T101231_R022_T34VEQ_20241109T174752,26.0,7.3,6.52,,68.2,7.15,,17.533333333333335,1150.0,,59.0,8.15,1.0,Lapinjärvi 214,Lapinjärvi,Kuopio,,,,,,,,
FI_00001007,17662,Lapinjärvi,2023-07-05,63.12479397420693,27.432628122752828,26.0,,,1150.0,,59.0,8.15,S2_FI_00001007,2023-11-24,3.0,87.71295,83.1745334427751,178.783473361243,,,34VEQ,S2B_MSIL2A_20231124T101239_R022_T34VEQ_20231124T131938,26.0,7.3,6.52,,68.2,7.15,,17.533333333333335,1150.0,,59.0,8.15,1.0,Lapinjärvi 214,Lapinjärvi,Kuopio,,,,,,,,
FI_00001009,17662,Lapinjärvi,2023-08-21,63.12479397420693,27.432628122752828,75.0,,,980.0,,58.0,5.599999999999999,S2_FI_00001009,2024-01-20,5.0,37.023538,83.184822585771,170.711686945046,,,34VEQ,S2B_MSIL2A_20240120T100239_R122_T34VEQ_20240120T132321,75.0,7.45,5.925,,65.5,7.399999999999999,,20.075,980.0,,58.0,5.599999999999999,1.0,Lapinjärvi 214,Lapinjärvi,Kuopio,,,,,,,,
FI_00001010,17662,Lapinjärvi,2023-08-21,63.12479397420693,27.432628122752828,75.0,,,980.0,,58.0,5.599999999999999,S2_FI_00001010,2024-02-04,1.0,92.851067,79.3868551725546,169.661561078106,,,34VEQ,S2A_MSIL2A_20240204T100221_R122_T34VEQ_20240204T121300,75.0,7.45,5.925,,65.5,7.399999999999999,,20.075,980.0,,58.0,5.599999999999999,1.0,Lapinjärvi 214,Lapinjärvi,Kuopio,,,,,,,,
FI_00001011,17662,Lapinjärvi,2023-08-21,63.12479397420693,27.432628122752828,75.0,,,980.0,,58.0,5.599999999999999,S2_FI_00001011,2024-03-05,0.0,24.815188,68.8411878178405,169.371917228371,,,34VEQ,S2A_MSIL2A_20240305T100031_R122_T34VEQ_20240305T140839,75.0,7.45,5.925,,65.5,7.399999999999999,,20.075,980.0,,58.0,5.599999999999999,1.0,Lapinjärvi 214,Lapinjärvi,Kuopio,,,,,,,,
FI_00001012,17662,Lapinjärvi,2023-08-21,63.12479397420693,27.432628122752828,75.0,,,980.0,,58.0,5.599999999999999,S2_FI_00001012,2024-03-13,1.0,99.305391,65.4956686916227,172.342992051639,,,34VEQ,S2B_MSIL2A_20240313T100709_R022_T34VEQ_20240313T134023,75.0,7.45,5.925,,65.5,7.399999999999999,,20.075,980.0,,58.0,5.599999999999999,1.0,Lapinjärvi 214,Lapinjärvi,Kuopio,,,,,,,,
FI_00001013,17662,Lapinjärvi,2023-08-21,63.12479397420693,27.432628122752828,75.0,,,980.0,,58.0,5.599999999999999,S2_FI_00001013,2024-03-18,0.0,60.270739,63.5007570931483,172.61878370662,,,34VEQ,S2A_MSIL2A_20240318T100731_R022_T34VEQ_20240318T141612,75.0,7.45,5.925,,65.5,7.399999999999999,,20.075,980.0,,58.0,5.599999999999999,1.0,Lapinjärvi 214,Lapinjärvi,Kuopio,,,,,,,,
FI_00001014,17662,Lapinjärvi,2024-02-13,63.12479397420693,27.432628122752828,,,,1650.0,,120.5,3.35,S2_FI_00001014,2024-03-25,1.0,86.759686,60.8846317756712,170.184592724218,,,34VEQ,S2A_MSIL2A_20240325T100031_R122_T34VEQ_20240325T140945,,11.0,0.775,,5.375,7.35,,0.75,1650.0,,120.5,3.35,1.0,Lapinjärvi 214,Lapinjärvi,Kuopio,,,,,,,,
FI_00001015,17662,Lapinjärvi,2024-02-13,63.12479397420693,27.432628122752828,,,,1650.0,,120.5,3.35,S2_FI_00001015,2024-04-02,0.0,99.983931,57.5792643995516,173.522520527467,,,34VEQ,S2B_MSIL2A_20240402T100549_R022_T34VEQ_20240402T152858,,11.0,0.775,,5.375,7.35,,0.75,1650.0,,120.5,3.35,1.0,Lapinjärvi 214,Lapinjärvi,Kuopio,,,,,,,,
FI_00001016,17662,Lapinjärvi,2024-02-13,63.12479397420693,27.432628122752828,,,,1650.0,,120.5,3.35,S2_FI_00001016,2024-04-07,1.0,99.985164,55.6665184211847,173.831576054595,,,34VEQ,S2A_MSIL2A_20240407T100551_R022_T34VEQ_20240407T151924,,11.0,0.775,,5.375,7.35,,0.75,1650.0,,120.5,3.35,1.0,Lapinjärvi 214,Lapinjärvi,Kuopio,,,,,,,,
FI_00001017,17662,Lapinjärvi,2024-02-13,63.12479397420693,27.432628122752828,,,,1650.0,,120.5,3.35,S2_FI_00001017,2024-04-19,2.0,8.074443,51.454449040483,171.37552392793,,,34VEQ,S2B_MSIL2A_20240419T095549_R122_T34VEQ_20240419T130858,,11.0,0.775,,5.375,7.35,,0.75,1650.0,,120.5,3.35,1.0,Lapinjärvi 214,Lapinjärvi,Kuopio,,,,,,,,
FI_00001018,17662,Lapinjärvi,2024-02-13,63.12479397420693,27.432628122752828,,,,1650.0,,120.5,3.35,S2_FI_00001018,2024-04-24,1.0,99.31317,49.7643604543983,171.538974447991,,,34VEQ,S2A_MSIL2A_20240424T100031_R122_T34VEQ_20240424T152348,,11.0,0.775,,5.375,7.35,,0.75,1650.0,,120.5,3.35,1.0,Lapinjärvi 214,Lapinjärvi,Kuopio,,,,,,,,
FI_00001019,17662,Lapinjärvi,2024-02-13,63.12479397420693,27.432628122752828,,,,1650.0,,120.5,3.35,S2_FI_00001019,2024-05-02,0.0,72.898698,47.1234203903285,174.928909109387,,,34VEQ,S2B_MSIL2A_20240502T100559_R022_T34VEQ_20240502T144121,,11.0,0.775,,5.375,7.35,,0.75,1650.0,,120.5,3.35,1.0,Lapinjärvi 214,Lapinjärvi,Kuopio,,,,,,,,
FI_00001020,17662,Lapinjärvi,2024-07-15,63.12479397420693,27.432628122752828,,,,905.0,,72.5,6.400000000000001,S2_FI_00001020,2024-05-14,1.0,56.361157,44.0455873515523,171.551161789963,,,34VEQ,S2A_MSIL2A_20240514T100031_R122_T34VEQ_20240514T140317,,7.55,4.9750000000000005,,54.0,7.25,,18.975,905.0,,72.5,6.400000000000001,1.0,Lapinjärvi 214,Lapinjärvi,Kuopio,,,,,,,,
FI_00001021,17662,Lapinjärvi,2024-07-15,63.12479397420693,27.432628122752828,,,,905.0,,72.5,6.400000000000001,S2_FI_00001021,2024-06-11,1.0,88.302499,39.6219019733059,173.426270134146,,,34VEQ,S2B_MSIL2A_20240611T100559_R022_T34VEQ_20240611T141831,,7.55,4.9750000000000005,,54.0,7.25,,18.975,905.0,,72.5,6.400000000000001,1.0,Lapinjärvi 214,Lapinjärvi,Kuopio,,,,,,,,
FI_00001022,17662,Lapinjärvi,2024-07-15,63.12479397420693,27.432628122752828,,,,905.0,,72.5,6.400000000000001,S2_FI_00001022,2024-07-16,1.0,78.459483,41.6067760648268,171.341090971308,,,34VEQ,S2A_MSIL2A_20240716T100601_R022_T34VEQ_20240716T160046,,7.55,4.9750000000000005,,54.0,7.25,,18.975,905.0,,72.5,6.400000000000001,1.0,Lapinjärvi 214,Lapinjärvi,Kuopio,,,,,,,,
FI_00001023,17662,Lapinjärvi,2024-07-15,63.12479397420693,27.432628122752828,,,,905.0,,72.5,6.400000000000001,S2_FI_00001023,2024-08-15,0.0,98.29548,48.9812289246995,172.624189639469,,,34VEQ,S2A_MSIL2A_20240815T100551_R022_T34VEQ_20240815T151050,,7.55,4.9750000000000005,,54.0,7.25,,18.975,905.0,,72.5,6.400000000000001,1.0,Lapinjärvi 214,Lapinjärvi,Kuopio,,,,,,,,
FI_00001024,17662,Lapinjärvi,2024-07-15,63.12479397420693,27.432628122752828,,,,905.0,,72.5,6.400000000000001,S2_FI_00001024,2024-08-27,1.0,94.797188,53.0974632715207,170.79222887158,,,34VEQ,S2B_MSIL2A_20240827T095549_R122_T34VEQ_20240827T130925,,7.55,4.9750000000000005,,54.0,7.25,,18.975,905.0,,72.5,6.400000000000001,1.0,Lapinjärvi 214,Lapinjärvi,Kuopio,,,,,,,,
FI_00001025,17662,Lapinjärvi,2024-07-15,63.12479397420693,27.432628122752828,,,,905.0,,72.5,6.400000000000001,S2_FI_00001025,2024-09-09,1.0,9.677012,57.6636432928263,175.38703416528,,,34VEQ,S2B_MSIL2A_20240909T100559_R022_T34VEQ_20240909T134240,,7.55,4.9750000000000005,,54.0,7.25,,18.975,905.0,,72.5,6.400000000000001,1.0,Lapinjärvi 214,Lapinjärvi,Kuopio,,,,,,,,
FI_00001026,17662,Lapinjärvi,2024-08-29,63.12479397420693,27.432628122752828,,,,940.0,,57.0,7.95,S2_FI_00001026,2024-09-24,0.0,94.888556,63.4041629419529,177.113888660689,,,34VEQ,S2A_MSIL2A_20240924T100741_R022_T34VEQ_20240924T122746,,7.35,8.0,,83.0,7.45,,17.1,940.0,,57.0,7.95,1.0,Lapinjärvi 214,Lapinjärvi,Kuopio,,,,,,,,
FI_00001027,17662,Lapinjärvi,2024-08-29,63.12479397420693,27.432628122752828,,,,940.0,,57.0,7.95,S2_FI_00001027,2024-10-09,0.0,100.0,69.1755687319125,178.493376493651,,,34VEQ,S2B_MSIL2A_20241009T100829_R022_T34VEQ_20241009T123225,,7.35,8.0,,83.0,7.45,,17.1,940.0,,57.0,7.95,1.0,Lapinjärvi 214,Lapinjärvi,Kuopio,,,,,,,,
FI_00001028,17662,Lapinjärvi,2024-08-29,63.12479397420693,27.432628122752828,,,,940.0,,57.0,7.95,S2_FI_00001028,2024-10-24,0.0,52.686387,74.6307123551811,179.334527050144,,,34VEQ,S2A_MSIL2A_20241024T101101_R022_T34VEQ_20241024T122648,,7.35,8.0,,83.0,7.45,,17.1,940.0,,57.0,7.95,1.0,Lapinjärvi 214,Lapinjärvi,Kuopio,,,,,,,,
FI_00001029,17662,Lapinjärvi,2024-08-29,63.12479397420693,27.432628122752828,,,,940.0,,57.0,7.95,S2_FI_00001029,2024-11-08,1.0,89.681453,79.407621268467,179.420632681835,,,34VEQ,S2B_MSIL2A_20241108T101129_R022_T34VEQ_20241108T112954,,7.35,8.0,,83.0,7.45,,17.1,940.0,,57.0,7.95,1.0,Lapinjärvi 214,Lapinjärvi,Kuopio,,,,,,,,
FI_00001030,17662,Lapinjärvi,2024-08-29,63.12479397420693,27.432628122752828,,,,940.0,,57.0,7.95,S2_FI_00001030,2024-11-25,1.0,99.999517,83.5693778053243,176.349247050902,,,34VEQ,S2B_MSIL2A_20241125T100249_R122_T34VEQ_20241125T112426,,7.35,8.0,,83.0,7.45,,17.1,940.0,,57.0,7.95,1.0,Lapinjärvi 214,Lapinjärvi,Kuopio,,,,,,,,
FI_00001032,18170,18170,2023-01-12,63.728776901271246,26.38240528354664,,,,840.0,19.0,59.0,11.0,S2_FI_00001032,2023-01-15,1.0,99.992138,82.3255418510567,171.16863884936,,,34VEN,S2B_MSIL2A_20230115T100249_R122_T34VEN_20230115T202909,,,,,,7.099999999999999,10.0,-0.2,840.0,19.0,59.0,11.0,0.1,Korpijoki 2,,Kiuruvesi,,,,,,,,
FI_00001033,18170,18170,2023-01-12,63.728776901271246,26.38240528354664,,,,840.0,19.0,59.0,11.0,S2_FI_00001033,2023-02-02,0.0,50.983697,77.9321885022413,172.191210002046,,,34VEN,S2A_MSIL2A_20230202T101231_R022_T34VEN_20240815T144645,,,,,,7.099999999999999,10.0,-0.2,840.0,19.0,59.0,11.0,0.1,Korpijoki 2,,Kiuruvesi,,,,,,,,
FI_00001034,18170,18170,2023-01-12,63.728776901271246,26.38240528354664,,,,840.0,19.0,59.0,11.0,S2_FI_00001034,2023-03-01,0.0,6.680426,68.9146493985903,169.197923131324,,,34VEN,S2A_MSIL2A_20230301T100021_R122_T34VEN_20240821T023929,,,,,,7.099999999999999,10.0,-0.2,840.0,19.0,59.0,11.0,0.1,Korpijoki 2,,Kiuruvesi,,,,,,,,
FI_00001035,18170,18170,2023-01-12,63.728776901271246,26.38240528354664,,,,840.0,19.0,59.0,11.0,S2_FI_00001035,2023-03-06,0.0,87.210435,66.9766071284674,169.318040695456,,,34VEN,S2B_MSIL2A_20230306T100029_R122_T34VEN_20240820T042936,,,,,,7.099999999999999,10.0,-0.2,840.0,19.0,59.0,11.0,0.1,Korpijoki 2,,Kiuruvesi,,,,,,,,
FI_00001036,18170,18170,2023-01-12,63.728776901271246,26.38240528354664,,,,840.0,19.0,59.0,11.0,S2_FI_00001036,2023-03-14,0.0,98.147136,63.6190198923232,172.307591130161,,,34VEN,S2A_MSIL2A_20230314T101021_R022_T34VEN_20240820T194151,,,,,,7.099999999999999,10.0,-0.2,840.0,19.0,59.0,11.0,0.1,Korpijoki 2,,Kiuruvesi,,,,,,,,
FI_00001037,18170,18170,2023-01-12,63.728776901271246,26.38240528354664,,,,840.0,19.0,59.0,11.0,S2_FI_00001037,2023-03-21,0.0,65.310216,61.0118610358459,169.838061777843,,,34VEN,S2A_MSIL2A_20230321T100031_R122_T34VEN_20240826T215434,,,,,,7.099999999999999,10.0,-0.2,840.0,19.0,59.0,11.0,0.1,Korpijoki 2,,Kiuruvesi,,,,,,,,
FI_00001038,18170,18170,2023-02-13,63.728776901271246,26.38240528354664,,,,830.0,19.0,51.0,8.9,S2_FI_00001038,2023-03-29,0.0,61.10329,57.6482839289158,173.180976230405,,,34VEN,S2B_MSIL2A_20230329T100629_R022_T34VEN_20240823T220348,,,,,,7.0,14.0,-1.0,830.0,19.0,51.0,8.9,0.2,Korpijoki 2,,Kiuruvesi,,,,,,,,
FI_00001039,18170,18170,2023-02-13,63.728776901271246,26.38240528354664,,,,830.0,19.0,51.0,8.9,S2_FI_00001039,2023-04-03,0.0,19.25146,55.6982899411292,173.473256388156,,,34VEN,S2A_MSIL2A_20230403T100551_R022_T34VEN_20240825T000821,,,,,,7.0,14.0,-1.0,830.0,19.0,51.0,8.9,0.2,Korpijoki 2,,Kiuruvesi,,,,,,,,
FI_00001040,18170,18170,2023-02-13,63.728776901271246,26.38240528354664,,,,830.0,19.0,51.0,8.9,S2_FI_00001040,2023-04-10,1.0,23.056984,53.2016503413015,170.82789341671,,,34VEN,S2A_MSIL2A_20230410T100031_R122_T34VEN_20240826T061228,,,,,,7.0,14.0,-1.0,830.0,19.0,51.0,8.9,0.2,Korpijoki 2,,Kiuruvesi,,,,,,,,
FI_00001041,18170,18170,2023-02-13,63.728776901271246,26.38240528354664,,,,830.0,19.0,51.0,8.9,S2_FI_00001041,2023-04-18,0.0,9.260777,50.1356820029202,174.34964732165,,,34VEN,S2B_MSIL2A_20230418T100559_R022_T34VEN_20240905T154426,,,,,,7.0,14.0,-1.0,830.0,19.0,51.0,8.9,0.2,Korpijoki 2,,Kiuruvesi,,,,,,,,
FI_00001042,18170,18170,2023-02-13,63.728776901271246,26.38240528354664,,,,830.0,19.0,51.0,8.9,S2_FI_00001042,2023-04-25,0.0,65.082109,47.9050866655451,171.380844913483,,,34VEN,S2B_MSIL2A_20230425T100029_R122_T34VEN_20240901T190605,,,,,,7.0,14.0,-1.0,830.0,19.0,51.0,8.9,0.2,Korpijoki 2,,Kiuruvesi,,,,,,,,
FI_00001043,18170,18170,2023-02-13,63.728776901271246,26.38240528354664,,,,830.0,19.0,51.0,8.9,S2_FI_00001043,2023-05-15,0.0,28.729132,42.2096151999223,171.347479837009,,,34VEN,S2B_MSIL2A_20230515T095559_R122_T34VEN_20230515T150703,,,,,,7.0,14.0,-1.0,830.0,19.0,51.0,8.9,0.2,Korpijoki 2,,Kiuruvesi,,,,,,,,
FI_00001044,18170,18170,2023-03-16,63.728776901271246,26.38240528354664,,14.0,,1100.0,18.0,46.0,13.0,S2_FI_00001044,2023-06-12,0.0,4.619529,37.8213022225475,173.236299906865,,,34VEN,S2A_MSIL2A_20230612T100601_R022_T34VEN_20240911T004021,,9.1,,14.0,,7.2,13.0,0.2,1100.0,18.0,46.0,13.0,0.1,Korpijoki 2,,Kiuruvesi,,,,,,,,
FI_00001045,18170,18170,2023-03-16,63.728776901271246,26.38240528354664,,14.0,,1100.0,18.0,46.0,13.0,S2_FI_00001045,2023-07-04,0.0,94.541514,38.3807434628941,167.8740420095,,,34VEN,S2B_MSIL2A_20230704T095559_R122_T34VEN_20230704T142440,,9.1,,14.0,,7.2,13.0,0.2,1100.0,18.0,46.0,13.0,0.1,Korpijoki 2,,Kiuruvesi,,,,,,,,
FI_00001046,18170,18170,2023-03-16,63.728776901271246,26.38240528354664,,14.0,,1100.0,18.0,46.0,13.0,S2_FI_00001046,2023-09-04,0.0,47.679329,54.0904037793306,168.563144428723,,,34VEN,S2A_MSIL2A_20230904T095031_R079_T34VEN_20241017T204831,,9.1,,14.0,,7.2,13.0,0.2,1100.0,18.0,46.0,13.0,0.1,Korpijoki 2,,Kiuruvesi,,,,,,,,
FI_00001047,18170,18170,2023-03-16,63.728776901271246,26.38240528354664,,14.0,,1100.0,18.0,46.0,13.0,S2_FI_00001047,2023-09-17,1.0,46.452594,58.726699682819,173.333547423211,,,34VEN,S2A_MSIL2A_20230917T100031_R122_T34VEN_20241101T051059,,9.1,,14.0,,7.2,13.0,0.2,1100.0,18.0,46.0,13.0,0.1,Korpijoki 2,,Kiuruvesi,,,,,,,,
FI_00001048,18170,18170,2023-03-16,63.728776901271246,26.38240528354664,,14.0,,1100.0,18.0,46.0,13.0,S2_FI_00001048,2023-10-02,0.0,31.366101,64.4838643378449,175.118908908502,,,34VEN,S2B_MSIL2A_20231002T095739_R122_T34VEN_20231002T182342,,9.1,,14.0,,7.2,13.0,0.2,1100.0,18.0,46.0,13.0,0.1,Korpijoki 2,,Kiuruvesi,,,,,,,,
FI_00001049,18170,18170,2023-03-16,63.728776901271246,26.38240528354664,,14.0,,1100.0,18.0,46.0,13.0,S2_FI_00001049,2023-10-15,1.0,47.653252,69.3406062853781,178.922817172348,,,34VEN,S2B_MSIL2A_20231015T100909_R022_T34VEN_20241108T030353,,9.1,,14.0,,7.2,13.0,0.2,1100.0,18.0,46.0,13.0,0.1,Korpijoki 2,,Kiuruvesi,,,,,,,,
FI_00001050,18170,18170,2023-04-05,63.728776901271246,26.38240528354664,,,,830.0,17.0,67.0,13.0,S2_FI_00001050,2023-11-01,0.0,98.182887,75.2837930116711,177.052478291103,,,34VEN,S2B_MSIL2A_20231101T100059_R122_T34VEN_20241109T023454,,,,,,7.3,18.0,0.5,830.0,17.0,67.0,13.0,0.1,Korpijoki 2,,Kiuruvesi,,,,,,,,
FI_00001051,18170,18170,2023-04-05,63.728776901271246,26.38240528354664,,,,830.0,17.0,67.0,13.0,S2_FI_00001051,2023-11-13,0.0,98.295754,78.9109112173936,174.560293007809,,,34VEN,S2A_MSIL2A_20231113T095241_R079_T34VEN_20240902T130246,,,,,,7.3,18.0,0.5,830.0,17.0,67.0,13.0,0.1,Korpijoki 2,,Kiuruvesi,,,,,,,,
FI_00001052,18170,18170,2023-04-05,63.728776901271246,26.38240528354664,,,,830.0,17.0,67.0,13.0,S2_FI_00001052,2023-11-28,1.0,99.885589,82.2986614282887,173.869312909846,,,34VEN,S2B_MSIL2A_20231128T095249_R079_T34VEN_20241106T213047,,,,,,7.3,18.0,0.5,830.0,17.0,67.0,13.0,0.1,Korpijoki 2,,Kiuruvesi,,,,,,,,
FI_00001053,18170,18170,2023-04-05,63.728776901271246,26.38240528354664,,,,830.0,17.0,67.0,13.0,S2_FI_00001053,2023-12-11,0.0,96.286607,83.9417986526449,175.058883517211,,,34VEN,S2B_MSIL2A_20231211T100319_R122_T34VEN_20231211T131547,,,,,,7.3,18.0,0.5,830.0,17.0,67.0,13.0,0.1,Korpijoki 2,,Kiuruvesi,,,,,,,,
FI_00001054,18170,18170,2023-04-05,63.728776901271246,26.38240528354664,,,,830.0,17.0,67.0,13.0,S2_FI_00001054,2024-01-22,0.0,100.0,81.2083891526515,168.165393496937,,,34VEN,S2A_MSIL2A_20240122T095311_R079_T34VEN_20240122T120738,,,,,,7.3,18.0,0.5,830.0,17.0,67.0,13.0,0.1,Korpijoki 2,,Kiuruvesi,,,,,,,,
FI_00001055,18170,18170,2023-04-05,63.728776901271246,26.38240528354664,,,,830.0,17.0,67.0,13.0,S2_FI_00001055,2024-02-12,0.0,59.138125,74.9095189462948,171.839394281552,,,34VEN,S2B_MSIL2A_20240212T101039_R022_T34VEN_20240212T132202,,,,,,7.3,18.0,0.5,830.0,17.0,67.0,13.0,0.1,Korpijoki 2,,Kiuruvesi,,,,,,,,
FI_00001056,18170,18170,2023-04-12,63.728776901271246,26.38240528354664,,,,1500.0,19.0,81.0,14.0,S2_FI_00001056,2024-02-27,0.0,100.0,69.563149513115,171.801899683575,,,34VEN,S2A_MSIL2A_20240227T100951_R022_T34VEN_20240227T131818,,,,,,7.2,16.0,0.2,1500.0,19.0,81.0,14.0,0.2,Korpijoki 2,,Kiuruvesi,,,,,,,,
FI_00001057,18170,18170,2023-04-12,63.728776901271246,26.38240528354664,,,,1500.0,19.0,81.0,14.0,S2_FI_00001057,2024-03-05,1.0,0.675411,67.0719505922577,169.300712305185,,,34VEN,S2A_MSIL2A_20240305T100031_R122_T34VEN_20240305T140836,,,,,,7.2,16.0,0.2,1500.0,19.0,81.0,14.0,0.2,Korpijoki 2,,Kiuruvesi,,,,,,,,
FI_00001058,18170,18170,2023-04-12,63.728776901271246,26.38240528354664,,,,1500.0,19.0,81.0,14.0,S2_FI_00001058,2024-03-10,1.0,49.262103,65.1025983039016,169.416914025007,,,34VEN,S2B_MSIL2A_20240310T095729_R122_T34VEN_20240310T142815,,,,,,7.2,16.0,0.2,1500.0,19.0,81.0,14.0,0.2,Korpijoki 2,,Kiuruvesi,,,,,,,,
FI_00001059,18170,18170,2023-04-12,63.728776901271246,26.38240528354664,,,,1500.0,19.0,81.0,14.0,S2_FI_00001059,2024-03-18,0.0,36.200002,61.7171783946532,172.563545855562,,,34VEN,S2A_MSIL2A_20240318T100731_R022_T34VEN_20240318T143243,,,,,,7.2,16.0,0.2,1500.0,19.0,81.0,14.0,0.2,Korpijoki 2,,Kiuruvesi,,,,,,,,
FI_00001060,18170,18170,2023-04-12,63.728776901271246,26.38240528354664,,,,1500.0,19.0,81.0,14.0,S2_FI_00001060,2024-03-25,1.0,97.798681,59.1113380385455,170.075021543599,,,34VEN,S2A_MSIL2A_20240325T100031_R122_T34VEN_20240325T140937,,,,,,7.2,16.0,0.2,1500.0,19.0,81.0,14.0,0.2,Korpijoki 2,,Kiuruvesi,,,,,,,,
FI_00001061,18170,18170,2023-04-12,63.728776901271246,26.38240528354664,,,,1500.0,19.0,81.0,14.0,S2_FI_00001061,2024-04-04,0.0,10.975799,55.1924173491004,170.5592239834,,,34VEN,S2A_MSIL2A_20240404T100021_R122_T34VEN_20240404T152622,,,,,,7.2,16.0,0.2,1500.0,19.0,81.0,14.0,0.2,Korpijoki 2,,Kiuruvesi,,,,,,,,
FI_00001062,18170,18170,2023-04-19,63.728776901271246,26.38240528354664,,,,2500.0,24.0,73.0,14.0,S2_FI_00001062,2024-04-07,1.0,99.999934,53.879033067685,173.76448088567,,,34VEN,S2A_MSIL2A_20240407T100551_R022_T34VEN_20240407T172418,,,,,,6.3,18.0,0.0,2500.0,24.0,73.0,14.0,0.1,Korpijoki 2,,Kiuruvesi,,,,,,,,
FI_00001063,18170,18170,2023-04-19,63.728776901271246,26.38240528354664,,,,2500.0,24.0,73.0,14.0,S2_FI_00001063,2024-04-14,1.0,97.901613,51.4478176958893,171.044875865816,,,34VEN,S2A_MSIL2A_20240414T100031_R122_T34VEN_20240414T143555,,,,,,6.3,18.0,0.0,2500.0,24.0,73.0,14.0,0.1,Korpijoki 2,,Kiuruvesi,,,,,,,,
FI_00001064,18170,18170,2023-04-19,63.728776901271246,26.38240528354664,,,,2500.0,24.0,73.0,14.0,S2_FI_00001064,2024-04-22,0.0,99.999911,48.4997404029553,174.554971556526,,,34VEN,S2B_MSIL2A_20240422T100559_R022_T34VEN_20240422T141653,,,,,,6.3,18.0,0.0,2500.0,24.0,73.0,14.0,0.1,Korpijoki 2,,Kiuruvesi,,,,,,,,
FI_00001065,18170,18170,2023-04-19,63.728776901271246,26.38240528354664,,,,2500.0,24.0,73.0,14.0,S2_FI_00001065,2024-05-19,1.0,1.646609,41.1538219802786,171.136359447518,,,34VEN,S2B_MSIL2A_20240519T095549_R122_T34VEN_20240519T140724,,,,,,6.3,18.0,0.0,2500.0,24.0,73.0,14.0,0.1,Korpijoki 2,,Kiuruvesi,,,,,,,,
FI_00001066,18170,18170,2023-04-19,63.728776901271246,26.38240528354664,,,,2500.0,24.0,73.0,14.0,S2_FI_00001066,2024-06-26,0.0,8.446684,37.6867618522962,172.029243309148,,,34VEN,S2A_MSIL2A_20240626T101031_R022_T34VEN_20240626T191129,,,,,,6.3,18.0,0.0,2500.0,24.0,73.0,14.0,0.1,Korpijoki 2,,Kiuruvesi,,,,,,,,
FI_00001067,18170,18170,2023-04-19,63.728776901271246,26.38240528354664,,,,2500.0,24.0,73.0,14.0,S2_FI_00001067,2024-07-01,1.0,98.935711,37.9788965147341,171.692821542258,,,34VEN,S2B_MSIL2A_20240701T100559_R022_T34VEN_20240702T000046,,,,,,6.3,18.0,0.0,2500.0,24.0,73.0,14.0,0.1,Korpijoki 2,,Kiuruvesi,,,,,,,,
FI_00001068,18170,18170,2023-04-24,63.728776901271246,26.38240528354664,,,,3200.0,29.0,77.0,16.0,S2_FI_00001068,2024-08-25,1.0,60.593408,50.470068515378,173.532500111311,,,34VEN,S2A_MSIL2A_20240825T100551_R022_T34VEN_20240825T162201,,,,,,6.2,24.0,0.0,3200.0,29.0,77.0,16.0,0.2,Korpijoki 2,,Kiuruvesi,,,,,,,,
FI_00001069,18170,18170,2023-04-24,63.728776901271246,26.38240528354664,,,,3200.0,29.0,77.0,16.0,S2_FI_00001069,2024-09-03,0.0,46.519426,54.0050812111251,168.515202383156,,,34VEN,S2B_MSIL2A_20240903T094549_R079_T34VEN_20240903T123335,,,,,,6.2,24.0,0.0,3200.0,29.0,77.0,16.0,0.2,Korpijoki 2,,Kiuruvesi,,,,,,,,
FI_00001070,18170,18170,2023-04-24,63.728776901271246,26.38240528354664,,,,3200.0,29.0,77.0,16.0,S2_FI_00001070,2024-09-11,5.0,34.591901,56.7474663357461,172.617212020929,,,34VEN,S2A_MSIL2A_20240911T100021_R122_T34VEN_20240911T143249,,,,,,6.2,24.0,0.0,3200.0,29.0,77.0,16.0,0.2,Korpijoki 2,,Kiuruvesi,,,,,,,,
FI_00001071,18170,18170,2023-04-24,63.728776901271246,26.38240528354664,,,,3200.0,29.0,77.0,16.0,S2_FI_00001071,2024-10-01,0.0,19.731571,64.3911838441545,175.097169410545,,,34VEN,S2A_MSIL2A_20241001T100031_R122_T34VEN_20241001T123351,,,,,,6.2,24.0,0.0,3200.0,29.0,77.0,16.0,0.2,Korpijoki 2,,Kiuruvesi,,,,,,,,
FI_00001072,18170,18170,2023-04-24,63.728776901271246,26.38240528354664,,,,3200.0,29.0,77.0,16.0,S2_FI_00001072,2024-10-14,0.0,80.99606,69.2516681404028,178.89384977155,,,34VEN,S2A_MSIL2A_20241014T101021_R022_T34VEN_20241014T122144,,,,,,6.2,24.0,0.0,3200.0,29.0,77.0,16.0,0.2,Korpijoki 2,,Kiuruvesi,,,,,,,,
FI_00001073,18170,18170,2023-04-24,63.728776901271246,26.38240528354664,,,,3200.0,29.0,77.0,16.0,S2_FI_00001073,2024-10-28,0.0,44.678524,74.3152936006191,174.457002197009,,,34VEN,S2A_MSIL2A_20241028T095121_R079_T34VEN_20241028T124759,,,,,,6.2,24.0,0.0,3200.0,29.0,77.0,16.0,0.2,Korpijoki 2,,Kiuruvesi,,,,,,,,
FI_00001074,18170,18170,2023-05-03,63.728776901271246,26.38240528354664,,,,1700.0,29.0,72.0,22.0,S2_FI_00001074,2024-11-10,1.0,99.307901,78.2127804362893,177.021496405166,,,34VEN,S2A_MSIL2A_20241110T100231_R122_T34VEN_20241110T111143,,,,,,6.0,34.0,0.6,1700.0,29.0,72.0,22.0,0.2,Korpijoki 2,,Kiuruvesi,,,,,,,,
FI_00001075,18170,18170,2023-05-03,63.728776901271246,26.38240528354664,,,,1700.0,29.0,72.0,22.0,S2_FI_00001075,2024-11-25,1.0,99.999982,81.7763727451093,176.390326115217,,,34VEN,S2B_MSIL2A_20241125T100249_R122_T34VEN_20241125T112426,,,,,,6.0,34.0,0.6,1700.0,29.0,72.0,22.0,0.2,Korpijoki 2,,Kiuruvesi,,,,,,,,
FI_00001076,18170,18170,2023-05-03,63.728776901271246,26.38240528354664,,,,1700.0,29.0,72.0,22.0,S2_FI_00001076,2024-12-12,1.0,10.43373,84.2159480991483,172.591992429495,,,34VEN,S2B_MSIL2A_20241212T095319_R079_T34VEN_20241212T115616,,,,,,6.0,34.0,0.6,1700.0,29.0,72.0,22.0,0.2,Korpijoki 2,,Kiuruvesi,,,,,,,,
FI_00001077,18170,18170,2023-05-03,63.728776901271246,26.38240528354664,,,,1700.0,29.0,72.0,22.0,S2_FI_00001077,2023-01-15,1.0,99.992138,82.3255418510567,171.16863884936,,,34VEN,S2B_MSIL2A_20230115T100249_R122_T34VEN_20230115T202909,,,,,,6.0,34.0,0.6,1700.0,29.0,72.0,22.0,0.2,Korpijoki 2,,Kiuruvesi,,,,,,,,
FI_00001078,18170,18170,2023-05-03,63.728776901271246,26.38240528354664,,,,1700.0,29.0,72.0,22.0,S2_FI_00001078,2023-02-01,1.0,51.756537,78.6499587754042,167.393141148308,,,34VEN,S2B_MSIL2A_20230201T095129_R079_T34VEN_20240816T111333,,,,,,6.0,34.0,0.6,1700.0,29.0,72.0,22.0,0.2,Korpijoki 2,,Kiuruvesi,,,,,,,,
FI_00001079,18170,18170,2023-05-03,63.728776901271246,26.38240528354664,,,,1700.0,29.0,72.0,22.0,S2_FI_00001079,2023-03-01,0.0,6.680426,68.9146493985903,169.197923131324,,,34VEN,S2A_MSIL2A_20230301T100021_R122_T34VEN_20240821T023929,,,,,,6.0,34.0,0.6,1700.0,29.0,72.0,22.0,0.2,Korpijoki 2,,Kiuruvesi,,,,,,,,
FI_00001080,18170,18170,2023-05-10,63.728776901271246,26.38240528354664,,,,1200.0,27.0,44.0,14.0,S2_FI_00001080,2023-03-06,0.0,87.210435,66.9766071284674,169.318040695456,,,34VEN,S2B_MSIL2A_20230306T100029_R122_T34VEN_20240820T042936,,,,,,6.0,16.0,3.9,1200.0,27.0,44.0,14.0,0.2,Korpijoki 2,,Kiuruvesi,,,,,,,,
FI_00001081,18170,18170,2023-05-10,63.728776901271246,26.38240528354664,,,,1200.0,27.0,44.0,14.0,S2_FI_00001081,2023-03-13,1.0,80.986655,64.4613592772182,166.787555867856,,,34VEN,S2B_MSIL2A_20230313T095039_R079_T34VEN_20240819T180634,,,,,,6.0,16.0,3.9,1200.0,27.0,44.0,14.0,0.2,Korpijoki 2,,Kiuruvesi,,,,,,,,
FI_00001082,18170,18170,2023-05-10,63.728776901271246,26.38240528354664,,,,1200.0,27.0,44.0,14.0,S2_FI_00001082,2023-03-21,1.0,65.310216,61.0118610358459,169.838061777843,,,34VEN,S2A_MSIL2A_20230321T100031_R122_T34VEN_20240826T215434,,,,,,6.0,16.0,3.9,1200.0,27.0,44.0,14.0,0.2,Korpijoki 2,,Kiuruvesi,,,,,,,,
FI_00001083,18170,18170,2023-05-10,63.728776901271246,26.38240528354664,,,,1200.0,27.0,44.0,14.0,S2_FI_00001083,2023-03-28,1.0,99.406356,58.4636773262589,167.256823994274,,,34VEN,S2A_MSIL2A_20230328T095031_R079_T34VEN_20240829T134810,,,,,,6.0,16.0,3.9,1200.0,27.0,44.0,14.0,0.2,Korpijoki 2,,Kiuruvesi,,,,,,,,
FI_00001084,18170,18170,2023-05-10,63.728776901271246,26.38240528354664,,,,1200.0,27.0,44.0,14.0,S2_FI_00001084,2023-04-02,1.0,17.484611,56.4928650783492,167.478140820462,,,34VEN,S2B_MSIL2A_20230402T095039_R079_T34VEN_20240829T005541,,,,,,6.0,16.0,3.9,1200.0,27.0,44.0,14.0,0.2,Korpijoki 2,,Kiuruvesi,,,,,,,,
FI_00001085,18170,18170,2023-05-10,63.728776901271246,26.38240528354664,,,,1200.0,27.0,44.0,14.0,S2_FI_00001085,2023-04-10,1.0,23.056984,53.2016503413015,170.82789341671,,,34VEN,S2A_MSIL2A_20230410T100031_R122_T34VEN_20240826T061228,,,,,,6.0,16.0,3.9,1200.0,27.0,44.0,14.0,0.2,Korpijoki 2,,Kiuruvesi,,,,,,,,
FI_00001086,18170,18170,2023-05-16,63.728776901271246,26.38240528354664,,24.0,,1000.0,27.0,31.0,9.3,S2_FI_00001086,2023-04-17,1.0,5.215295,50.8688853217947,167.967004372779,,,34VEN,S2A_MSIL2A_20230417T095031_R079_T34VEN_20240902T191342,,3.2999999999999994,,24.0,,6.5,12.0,10.0,1000.0,27.0,31.0,9.3,0.1,Korpijoki 2,,Kiuruvesi,,,,,,,,
FI_00001087,18170,18170,2023-05-16,63.728776901271246,26.38240528354664,,24.0,,1000.0,27.0,31.0,9.3,S2_FI_00001087,2023-04-25,1.0,65.082109,47.9050866655451,171.380844913483,,,34VEN,S2B_MSIL2A_20230425T100029_R122_T34VEN_20240901T190605,,3.2999999999999994,,24.0,,6.5,12.0,10.0,1000.0,27.0,31.0,9.3,0.1,Korpijoki 2,,Kiuruvesi,,,,,,,,
FI_00001088,18170,18170,2023-05-16,63.728776901271246,26.38240528354664,,24.0,,1000.0,27.0,31.0,9.3,S2_FI_00001088,2023-05-25,0.0,6.146469,40.1403268432907,170.894165609095,,,34VEN,S2B_MSIL2A_20230525T095559_R122_T34VEN_20240908T101427,,3.2999999999999994,,24.0,,6.5,12.0,10.0,1000.0,27.0,31.0,9.3,0.1,Korpijoki 2,,Kiuruvesi,,,,,,,,
FI_00001089,18170,18170,2023-05-16,63.728776901271246,26.38240528354664,,24.0,,1000.0,27.0,31.0,9.3,S2_FI_00001089,2023-09-04,0.0,47.679329,54.0904037793306,168.563144428723,,,34VEN,S2A_MSIL2A_20230904T095031_R079_T34VEN_20241017T204831,,3.2999999999999994,,24.0,,6.5,12.0,10.0,1000.0,27.0,31.0,9.3,0.1,Korpijoki 2,,Kiuruvesi,,,,,,,,
FI_00001090,18170,18170,2023-05-16,63.728776901271246,26.38240528354664,,24.0,,1000.0,27.0,31.0,9.3,S2_FI_00001090,2023-09-19,1.0,99.989277,59.6532496775177,170.705630565744,,,34VEN,S2B_MSIL2A_20230919T094659_R079_T34VEN_20241105T173809,,3.2999999999999994,,24.0,,6.5,12.0,10.0,1000.0,27.0,31.0,9.3,0.1,Korpijoki 2,,Kiuruvesi,,,,,,,,
FI_00001091,18170,18170,2023-05-16,63.728776901271246,26.38240528354664,,24.0,,1000.0,27.0,31.0,9.3,S2_FI_00001091,2023-10-02,0.0,31.366101,64.4838643378449,175.118908908502,,,34VEN,S2B_MSIL2A_20231002T095739_R122_T34VEN_20231002T182342,,3.2999999999999994,,24.0,,6.5,12.0,10.0,1000.0,27.0,31.0,9.3,0.1,Korpijoki 2,,Kiuruvesi,,,,,,,,
FI_00001092,18170,18170,2023-05-22,63.728776901271246,26.38240528354664,,,,900.0,24.0,51.0,9.0,S2_FI_00001092,2023-10-17,1.0,54.52022,70.121668322749,176.413978928776,,,34VEN,S2A_MSIL2A_20231017T100031_R122_T34VEN_20241102T145708,,,,,,6.900000000000001,14.0,11.4,900.0,24.0,51.0,9.0,0.1,Korpijoki 2,,Kiuruvesi,,,,,,,,
FI_00001093,18170,18170,2023-05-22,63.728776901271246,26.38240528354664,,,,900.0,24.0,51.0,9.0,S2_FI_00001093,2023-11-01,0.0,98.182887,75.2837930116711,177.052478291103,,,34VEN,S2B_MSIL2A_20231101T100059_R122_T34VEN_20241109T023454,,,,,,6.900000000000001,14.0,11.4,900.0,24.0,51.0,9.0,0.1,Korpijoki 2,,Kiuruvesi,,,,,,,,
FI_00001094,18170,18170,2023-05-22,63.728776901271246,26.38240528354664,,,,900.0,24.0,51.0,9.0,S2_FI_00001094,2023-11-13,0.0,98.295754,78.9109112173936,174.560293007809,,,34VEN,S2A_MSIL2A_20231113T095241_R079_T34VEN_20240902T130246,,,,,,6.900000000000001,14.0,11.4,900.0,24.0,51.0,9.0,0.1,Korpijoki 2,,Kiuruvesi,,,,,,,,
FI_00001095,18170,18170,2023-05-22,63.728776901271246,26.38240528354664,,,,900.0,24.0,51.0,9.0,S2_FI_00001095,2023-11-28,1.0,99.885589,82.2986614282887,173.869312909846,,,34VEN,S2B_MSIL2A_20231128T095249_R079_T34VEN_20241106T213047,,,,,,6.900000000000001,14.0,11.4,900.0,24.0,51.0,9.0,0.1,Korpijoki 2,,Kiuruvesi,,,,,,,,
FI_00001096,18170,18170,2023-05-22,63.728776901271246,26.38240528354664,,,,900.0,24.0,51.0,9.0,S2_FI_00001096,2023-12-11,1.0,96.286607,83.9417986526449,175.058883517211,,,34VEN,S2B_MSIL2A_20231211T100319_R122_T34VEN_20231211T131547,,,,,,6.900000000000001,14.0,11.4,900.0,24.0,51.0,9.0,0.1,Korpijoki 2,,Kiuruvesi,,,,,,,,
FI_00001097,18170,18170,2023-05-22,63.728776901271246,26.38240528354664,,,,900.0,24.0,51.0,9.0,S2_FI_00001097,2024-01-22,0.0,100.0,81.2083891526515,168.165393496937,,,34VEN,S2A_MSIL2A_20240122T095311_R079_T34VEN_20240122T120738,,,,,,6.900000000000001,14.0,11.4,900.0,24.0,51.0,9.0,0.1,Korpijoki 2,,Kiuruvesi,,,,,,,,
FI_00001098,18170,18170,2023-05-31,63.728776901271246,26.38240528354664,,,,850.0,25.0,52.0,7.3,S2_FI_00001098,2024-02-11,1.0,0.90832,75.6927242742348,166.874522304182,,,34VEN,S2A_MSIL2A_20240211T095131_R079_T34VEN_20240211T121635,,,,,,7.099999999999999,8.0,9.7,850.0,25.0,52.0,7.3,0.2,Korpijoki 2,,Kiuruvesi,,,,,,,,
FI_00001099,18170,18170,2023-05-31,63.728776901271246,26.38240528354664,,,,850.0,25.0,52.0,7.3,S2_FI_00001099,2024-02-26,1.0,99.999887,70.4008427451685,166.57030070938,,,34VEN,S2B_MSIL2A_20240226T094859_R079_T34VEN_20240226T130633,,,,,,7.099999999999999,8.0,9.7,850.0,25.0,52.0,7.3,0.2,Korpijoki 2,,Kiuruvesi,,,,,,,,
FI_00001100,18170,18170,2023-05-31,63.728776901271246,26.38240528354664,,,,850.0,25.0,52.0,7.3,S2_FI_00001100,2024-03-05,0.0,0.675411,67.0719505922577,169.300712305185,,,34VEN,S2A_MSIL2A_20240305T100031_R122_T34VEN_20240305T140836,,,,,,7.099999999999999,8.0,9.7,850.0,25.0,52.0,7.3,0.2,Korpijoki 2,,Kiuruvesi,,,,,,,,
FI_00001101,18170,18170,2023-05-31,63.728776901271246,26.38240528354664,,,,850.0,25.0,52.0,7.3,S2_FI_00001101,2024-03-10,1.0,49.262103,65.1025983039016,169.416914025007,,,34VEN,S2B_MSIL2A_20240310T095729_R122_T34VEN_20240310T142815,,,,,,7.099999999999999,8.0,9.7,850.0,25.0,52.0,7.3,0.2,Korpijoki 2,,Kiuruvesi,,,,,,,,
FI_00001102,18170,18170,2023-05-31,63.728776901271246,26.38240528354664,,,,850.0,25.0,52.0,7.3,S2_FI_00001102,2024-03-17,1.0,100.0,62.5569549069854,166.893866498902,,,34VEN,S2B_MSIL2A_20240317T094649_R079_T34VEN_20240317T131037,,,,,,7.099999999999999,8.0,9.7,850.0,25.0,52.0,7.3,0.2,Korpijoki 2,,Kiuruvesi,,,,,,,,
FI_00001103,18170,18170,2023-05-31,63.728776901271246,26.38240528354664,,,,850.0,25.0,52.0,7.3,S2_FI_00001103,2024-03-25,0.0,97.798681,59.1113380385455,170.075021543599,,,34VEN,S2A_MSIL2A_20240325T100031_R122_T34VEN_20240325T140937,,,,,,7.099999999999999,8.0,9.7,850.0,25.0,52.0,7.3,0.2,Korpijoki 2,,Kiuruvesi,,,,,,,,
FI_00001104,18170,18170,2023-06-19,63.728776901271246,26.38240528354664,,,,750.0,21.0,70.0,4.9,S2_FI_00001104,2024-04-04,1.0,10.975799,55.1924173491004,170.5592239834,,,34VEN,S2A_MSIL2A_20240404T100021_R122_T34VEN_20240404T152622,,,,,,7.3,11.0,18.4,750.0,21.0,70.0,4.9,0.1,Korpijoki 2,,Kiuruvesi,,,,,,,,
FI_00001105,18170,18170,2023-06-19,63.728776901271246,26.38240528354664,,,,750.0,21.0,70.0,4.9,S2_FI_00001105,2024-04-09,1.0,24.695794,53.2913799353838,170.811939720118,,,34VEN,S2B_MSIL2A_20240409T095549_R122_T34VEN_20240411T002049,,,,,,7.3,11.0,18.4,750.0,21.0,70.0,4.9,0.1,Korpijoki 2,,Kiuruvesi,,,,,,,,
FI_00001106,18170,18170,2023-06-19,63.728776901271246,26.38240528354664,,,,750.0,21.0,70.0,4.9,S2_FI_00001106,2024-04-14,1.0,97.901613,51.4478176958893,171.044875865816,,,34VEN,S2A_MSIL2A_20240414T100031_R122_T34VEN_20240414T143555,,,,,,7.3,11.0,18.4,750.0,21.0,70.0,4.9,0.1,Korpijoki 2,,Kiuruvesi,,,,,,,,
FI_00001107,18170,18170,2023-06-19,63.728776901271246,26.38240528354664,,,,750.0,21.0,70.0,4.9,S2_FI_00001107,2024-04-21,1.0,91.668373,49.2082317920967,168.090038298529,,,34VEN,S2A_MSIL2A_20240421T095031_R079_T34VEN_20240421T151354,,,,,,7.3,11.0,18.4,750.0,21.0,70.0,4.9,0.1,Korpijoki 2,,Kiuruvesi,,,,,,,,
FI_00001108,18170,18170,2023-06-19,63.728776901271246,26.38240528354664,,,,750.0,21.0,70.0,4.9,S2_FI_00001108,2024-05-14,1.0,58.041942,42.2663677247592,171.348181670994,,,34VEN,S2A_MSIL2A_20240514T100031_R122_T34VEN_20240514T140519,,,,,,7.3,11.0,18.4,750.0,21.0,70.0,4.9,0.1,Korpijoki 2,,Kiuruvesi,,,,,,,,
FI_00001109,18170,18170,2023-06-19,63.728776901271246,26.38240528354664,,,,750.0,21.0,70.0,4.9,S2_FI_00001109,2024-09-11,5.0,34.591901,56.7474663357461,172.617212020929,,,34VEN,S2A_MSIL2A_20240911T100021_R122_T34VEN_20240911T143249,,,,,,7.3,11.0,18.4,750.0,21.0,70.0,4.9,0.1,Korpijoki 2,,Kiuruvesi,,,,,,,,
FI_00001110,18170,18170,2023-07-18,63.728776901271246,26.38240528354664,,,,1000.0,29.0,94.0,8.8,S2_FI_00001110,2024-10-01,0.0,19.731571,64.3911838441545,175.097169410545,,,34VEN,S2A_MSIL2A_20241001T100031_R122_T34VEN_20241001T123351,,,,,,7.5,20.0,18.7,1000.0,29.0,94.0,8.8,0.1,Korpijoki 2,,Kiuruvesi,,,,,,,,
FI_00001111,18170,18170,2023-07-18,63.728776901271246,26.38240528354664,,,,1000.0,29.0,94.0,8.8,S2_FI_00001111,2024-10-13,1.0,98.630148,69.0374913866189,173.540060033132,,,34VEN,S2B_MSIL2A_20241013T095029_R079_T34VEN_20241013T111937,,,,,,7.5,20.0,18.7,1000.0,29.0,94.0,8.8,0.1,Korpijoki 2,,Kiuruvesi,,,,,,,,
FI_00001112,18170,18170,2023-07-18,63.728776901271246,26.38240528354664,,,,1000.0,29.0,94.0,8.8,S2_FI_00001112,2024-10-28,0.0,44.678524,74.3152936006191,174.457002197009,,,34VEN,S2A_MSIL2A_20241028T095121_R079_T34VEN_20241028T124759,,,,,,7.5,20.0,18.7,1000.0,29.0,94.0,8.8,0.1,Korpijoki 2,,Kiuruvesi,,,,,,,,
FI_00001113,18170,18170,2023-07-18,63.728776901271246,26.38240528354664,,,,1000.0,29.0,94.0,8.8,S2_FI_00001113,2024-11-10,1.0,99.307901,78.2127804362893,177.021496405166,,,34VEN,S2A_MSIL2A_20241110T100231_R122_T34VEN_20241110T111143,,,,,,7.5,20.0,18.7,1000.0,29.0,94.0,8.8,0.1,Korpijoki 2,,Kiuruvesi,,,,,,,,
FI_00001114,18170,18170,2023-07-18,63.728776901271246,26.38240528354664,,,,1000.0,29.0,94.0,8.8,S2_FI_00001114,2024-11-25,1.0,99.999982,81.7763727451093,176.390326115217,,,34VEN,S2B_MSIL2A_20241125T100249_R122_T34VEN_20241125T112426,,,,,,7.5,20.0,18.7,1000.0,29.0,94.0,8.8,0.1,Korpijoki 2,,Kiuruvesi,,,,,,,,
FI_00001115,18170,18170,2023-07-18,63.728776901271246,26.38240528354664,,,,1000.0,29.0,94.0,8.8,S2_FI_00001115,2024-12-12,3.0,10.43373,84.2159480991483,172.591992429495,,,34VEN,S2B_MSIL2A_20241212T095319_R079_T34VEN_20241212T115616,,,,,,7.5,20.0,18.7,1000.0,29.0,94.0,8.8,0.1,Korpijoki 2,,Kiuruvesi,,,,,,,,
FI_00001116,18170,18170,2023-08-17,63.728776901271246,26.38240528354664,,27.0,,1100.0,31.0,58.5,9.5,S2_FI_00001116,2023-02-14,0.0,98.475462,79.3447539929829,175.240491094592,,,35WNP,S2B_MSIL2A_20230214T100029_R122_T35WNP_20240812T190154,,6.5,,27.0,,7.2,23.0,15.6,1100.0,31.0,58.5,9.5,0.1,Korpijoki 2,,Kiuruvesi,,,,,,,,
FI_00001117,18170,18170,2023-08-17,63.728776901271246,26.38240528354664,,27.0,,1100.0,31.0,58.5,9.5,S2_FI_00001117,2023-03-13,1.0,20.408261,69.3183112271611,173.464366087503,,,35WNP,S2B_MSIL2A_20230313T095039_R079_T35WNP_20240819T180634,,6.5,,27.0,,7.2,23.0,15.6,1100.0,31.0,58.5,9.5,0.1,Korpijoki 2,,Kiuruvesi,,,,,,,,
FI_00001118,18170,18170,2023-08-17,63.728776901271246,26.38240528354664,,27.0,,1100.0,31.0,58.5,9.5,S2_FI_00001118,2023-04-10,1.0,2.721686,58.3079833690631,178.126791407685,,,35WNP,S2A_MSIL2A_20230410T100031_R122_T35WNP_20230410T163439,,6.5,,27.0,,7.2,23.0,15.6,1100.0,31.0,58.5,9.5,0.1,Korpijoki 2,,Kiuruvesi,,,,,,,,
FI_00001119,18170,18170,2023-08-17,63.728776901271246,26.38240528354664,,27.0,,1100.0,31.0,58.5,9.5,S2_FI_00001119,2023-04-17,1.0,18.577679,55.825858694685,175.638566118279,,,35WNP,S2A_MSIL2A_20230417T095031_R079_T35WNP_20240902T191342,,6.5,,27.0,,7.2,23.0,15.6,1100.0,31.0,58.5,9.5,0.1,Korpijoki 2,,Kiuruvesi,,,,,,,,
FI_00001120,18170,18170,2023-08-17,63.728776901271246,26.38240528354664,,27.0,,1100.0,31.0,58.5,9.5,S2_FI_00001120,2023-05-10,1.0,96.690667,48.6157391944614,179.528359938755,,,35WNP,S2A_MSIL2A_20230510T100031_R122_T35WNP_20230510T154649,,6.5,,27.0,,7.2,23.0,15.6,1100.0,31.0,58.5,9.5,0.1,Korpijoki 2,,Kiuruvesi,,,,,,,,
FI_00001121,18170,18170,2023-08-17,63.728776901271246,26.38240528354664,,27.0,,1100.0,31.0,58.5,9.5,S2_FI_00001121,2023-05-30,0.0,44.812593,44.4621218720377,179.165169473991,,,35WNP,S2A_MSIL2A_20230530T100031_R122_T35WNP_20240906T093135,,6.5,,27.0,,7.2,23.0,15.6,1100.0,31.0,58.5,9.5,0.1,Korpijoki 2,,Kiuruvesi,,,,,,,,
FI_00001122,18170,18170,2023-08-28,63.728776901271246,26.38240528354664,,,,870.0,24.0,91.0,10.0,S2_FI_00001122,2023-06-04,0.0,98.37082,43.7998631794255,178.904272180949,,,35WNP,S2B_MSIL2A_20230604T095559_R122_T35WNP_20240926T190423,,,,,,7.5,10.0,11.9,870.0,24.0,91.0,10.0,0.1,Korpijoki 2,,Kiuruvesi,,,,,,,,
FI_00001123,18170,18170,2023-08-28,63.728776901271246,26.38240528354664,,,,870.0,24.0,91.0,10.0,S2_FI_00001123,2023-06-11,0.0,20.121895,43.2057453357536,175.109455330144,,,35WNP,S2B_MSIL2A_20230611T094549_R079_T35WNP_20240909T132336,,,,,,7.5,10.0,11.9,870.0,24.0,91.0,10.0,0.1,Korpijoki 2,,Kiuruvesi,,,,,,,,
FI_00001124,18170,18170,2023-08-28,63.728776901271246,26.38240528354664,,,,870.0,24.0,91.0,10.0,S2_FI_00001124,2023-06-19,0.0,5.771082,42.8131059857055,177.870595018803,,,35WNP,S2A_MSIL2A_20230619T100031_R122_T35WNP_20240911T192325,,,,,,7.5,10.0,11.9,870.0,24.0,91.0,10.0,0.1,Korpijoki 2,,Kiuruvesi,,,,,,,,
FI_00001125,18170,18170,2023-08-28,63.728776901271246,26.38240528354664,,,,870.0,24.0,91.0,10.0,S2_FI_00001125,2023-07-16,1.0,30.692819,44.9819278431818,173.06627518891,,,35WNP,S2A_MSIL2A_20230716T095031_R079_T35WNP_20241016T130945,,,,,,7.5,10.0,11.9,870.0,24.0,91.0,10.0,0.1,Korpijoki 2,,Kiuruvesi,,,,,,,,
FI_00001126,18170,18170,2023-08-28,63.728776901271246,26.38240528354664,,,,870.0,24.0,91.0,10.0,S2_FI_00001126,2023-08-13,0.0,95.943737,51.5707317311614,176.942057801232,,,35WNP,S2B_MSIL2A_20230813T095559_R122_T35WNP_20241015T114308,,,,,,7.5,10.0,11.9,870.0,24.0,91.0,10.0,0.1,Korpijoki 2,,Kiuruvesi,,,,,,,,
FI_00001127,18170,18170,2023-08-28,63.728776901271246,26.38240528354664,,,,870.0,24.0,91.0,10.0,S2_FI_00001127,2023-08-28,0.0,47.150344,56.5079261040285,178.137133105958,,,35WNP,S2A_MSIL2A_20230828T100031_R122_T35WNP_20241018T065117,,,,,,7.5,10.0,11.9,870.0,24.0,91.0,10.0,0.1,Korpijoki 2,,Kiuruvesi,,,,,,,,
FI_00001128,18170,18170,2023-09-12,63.728776901271246,26.38240528354664,,,,900.0,27.0,78.0,7.3,S2_FI_00001128,2023-09-22,0.0,82.365972,65.8893900780429,180.593430797918,,,35WNP,S2B_MSIL2A_20230922T095649_R122_T35WNP_20241026T075651,,,,,,7.2,18.0,14.0,900.0,27.0,78.0,7.3,0.1,Korpijoki 2,,Kiuruvesi,,,,,,,,
FI_00001129,18170,18170,2023-09-12,63.728776901271246,26.38240528354664,,,,900.0,27.0,78.0,7.3,S2_FI_00001129,2023-10-02,1.0,82.981831,69.7827999631387,181.470500570006,,,35WNP,S2B_MSIL2A_20231002T095739_R122_T35WNP_20231002T181729,,,,,,7.2,18.0,14.0,900.0,27.0,78.0,7.3,0.1,Korpijoki 2,,Kiuruvesi,,,,,,,,
FI_00001130,18170,18170,2023-09-12,63.728776901271246,26.38240528354664,,,,900.0,27.0,78.0,7.3,S2_FI_00001130,2023-10-17,1.0,70.955658,75.4732279459467,182.42546613302,,,35WNP,S2A_MSIL2A_20231017T100031_R122_T35WNP_20231017T162529,,,,,,7.2,18.0,14.0,900.0,27.0,78.0,7.3,0.1,Korpijoki 2,,Kiuruvesi,,,,,,,,
FI_00001131,18170,18170,2023-09-12,63.728776901271246,26.38240528354664,,,,900.0,27.0,78.0,7.3,S2_FI_00001131,2023-10-29,1.0,83.20325,79.6504914622588,180.314916281364,,,35WNP,S2B_MSIL2A_20231029T095029_R079_T35WNP_20231029T132450,,,,,,7.2,18.0,14.0,900.0,27.0,78.0,7.3,0.1,Korpijoki 2,,Kiuruvesi,,,,,,,,
FI_00001132,18170,18170,2023-09-12,63.728776901271246,26.38240528354664,,,,900.0,27.0,78.0,7.3,S2_FI_00001132,2023-11-11,3.0,22.922437,83.6492858374398,182.639366176159,,,35WNP,S2B_MSIL2A_20231111T100149_R122_T35WNP_20231111T184308,,,,,,7.2,18.0,14.0,900.0,27.0,78.0,7.3,0.1,Korpijoki 2,,Kiuruvesi,,,,,,,,
FI_00001134,18170,18170,2023-09-27,63.728776901271246,26.38240528354664,,,,1100.0,38.0,66.0,5.8,S2_FI_00001134,2024-01-30,2.0,63.387644,84.0342425500785,175.629654868207,,,35WNP,S2B_MSIL2A_20240130T100149_R122_T35WNP_20240130T131411,,,,,,6.8,12.0,10.5,1100.0,38.0,66.0,5.8,0.1,Korpijoki 2,,Kiuruvesi,,,,,,,,
FI_00001135,18170,18170,2023-09-27,63.728776901271246,26.38240528354664,,,,1100.0,38.0,66.0,5.8,S2_FI_00001135,2024-03-12,0.0,99.99814,69.4130367254181,173.428495510363,,,35WNP,S2A_MSIL2A_20240312T095031_R079_T35WNP_20240313T154630,,,,,,6.8,12.0,10.5,1100.0,38.0,66.0,5.8,0.1,Korpijoki 2,,Kiuruvesi,,,,,,,,
FI_00001136,18170,18170,2023-09-27,63.728776901271246,26.38240528354664,,,,1100.0,38.0,66.0,5.8,S2_FI_00001136,2024-04-09,0.0,98.53695,58.3966909122501,178.104928714921,,,35WNP,S2B_MSIL2A_20240409T095549_R122_T35WNP_20240411T002351,,,,,,6.8,12.0,10.5,1100.0,38.0,66.0,5.8,0.1,Korpijoki 2,,Kiuruvesi,,,,,,,,
FI_00001137,18170,18170,2023-09-27,63.728776901271246,26.38240528354664,,,,1100.0,38.0,66.0,5.8,S2_FI_00001137,2024-04-16,1.0,99.878144,55.9099128357031,175.631468807783,,,35WNP,S2B_MSIL2A_20240416T094549_R079_T35WNP_20240416T131506,,,,,,6.8,12.0,10.5,1100.0,38.0,66.0,5.8,0.1,Korpijoki 2,,Kiuruvesi,,,,,,,,
FI_00001138,18170,18170,2023-09-27,63.728776901271246,26.38240528354664,,,,1100.0,38.0,66.0,5.8,S2_FI_00001138,2024-04-24,0.0,99.90685,53.1314649189501,179.065230632511,,,35WNP,S2A_MSIL2A_20240424T100031_R122_T35WNP_20240424T152345,,,,,,6.8,12.0,10.5,1100.0,38.0,66.0,5.8,0.1,Korpijoki 2,,Kiuruvesi,,,,,,,,
FI_00001139,18170,18170,2023-09-27,63.728776901271246,26.38240528354664,,,,1100.0,38.0,66.0,5.8,S2_FI_00001139,2024-05-24,1.0,3.586043,45.3273723847028,179.358557620497,,,35WNP,S2A_MSIL2A_20240524T100031_R122_T35WNP_20240524T150129,,,,,,6.8,12.0,10.5,1100.0,38.0,66.0,5.8,0.1,Korpijoki 2,,Kiuruvesi,,,,,,,,
FI_00001140,18170,18170,2023-10-09,63.728776901271246,26.38240528354664,,35.0,,1200.0,38.0,40.0,7.2,S2_FI_00001140,2024-05-26,1.0,0.776225,45.0201076700465,176.005825734103,,,35WNP,S2B_MSIL2A_20240526T094549_R079_T35WNP_20240526T131456,,4.4,,35.0,,6.599999999999999,10.0,4.5,1200.0,38.0,40.0,7.2,0.1,Korpijoki 2,,Kiuruvesi,,,,,,,,
FI_00001141,18170,18170,2023-10-09,63.728776901271246,26.38240528354664,,35.0,,1200.0,38.0,40.0,7.2,S2_FI_00001141,2024-06-18,0.0,98.849946,42.8169804482926,177.883356361404,,,35WNP,S2B_MSIL2A_20240618T095549_R122_T35WNP_20240618T131023,,4.4,,35.0,,6.599999999999999,10.0,4.5,1200.0,38.0,40.0,7.2,0.1,Korpijoki 2,,Kiuruvesi,,,,,,,,
FI_00001142,18170,18170,2023-10-09,63.728776901271246,26.38240528354664,,35.0,,1200.0,38.0,40.0,7.2,S2_FI_00001142,2024-06-30,1.0,2.071657,43.2010997861889,173.69754774066,,,35WNP,S2A_MSIL2A_20240630T095031_R079_T35WNP_20240701T193105,,4.4,,35.0,,6.599999999999999,10.0,4.5,1200.0,38.0,40.0,7.2,0.1,Korpijoki 2,,Kiuruvesi,,,,,,,,
FI_00001143,18170,18170,2023-10-09,63.728776901271246,26.38240528354664,,35.0,,1200.0,38.0,40.0,7.2,S2_FI_00001143,2024-08-07,1.0,0.212109,50.0368772324652,176.634034411747,,,35WNP,S2B_MSIL2A_20240807T095549_R122_T35WNP_20240807T132638,,4.4,,35.0,,6.599999999999999,10.0,4.5,1200.0,38.0,40.0,7.2,0.1,Korpijoki 2,,Kiuruvesi,,,,,,,,
FI_00001144,18170,18170,2023-10-09,63.728776901271246,26.38240528354664,,35.0,,1200.0,38.0,40.0,7.2,S2_FI_00001144,2024-08-19,0.0,73.381984,53.7743659165896,174.379193423376,,,35WNP,S2A_MSIL2A_20240819T095031_R079_T35WNP_20240819T143207,,4.4,,35.0,,6.599999999999999,10.0,4.5,1200.0,38.0,40.0,7.2,0.1,Korpijoki 2,,Kiuruvesi,,,,,,,,
FI_00001145,18170,18170,2023-10-09,63.728776901271246,26.38240528354664,,35.0,,1200.0,38.0,40.0,7.2,S2_FI_00001145,2024-09-06,1.0,51.802856,60.0512986824841,179.073502932569,,,35WNP,S2B_MSIL2A_20240906T095549_R122_T35WNP_20240906T141204,,4.4,,35.0,,6.599999999999999,10.0,4.5,1200.0,38.0,40.0,7.2,0.1,Korpijoki 2,,Kiuruvesi,,,,,,,,
FI_00001146,18170,18170,2023-10-24,63.728776901271246,26.38240528354664,,,,970.0,30.0,48.0,5.599999999999999,S2_FI_00001146,2024-10-01,1.0,97.776395,69.689225896697,181.454769318695,,,35WNP,S2A_MSIL2A_20241001T100031_R122_T35WNP_20241001T123351,,,,,,6.8,12.0,-0.2,970.0,30.0,48.0,5.599999999999999,0.1,Korpijoki 2,,Kiuruvesi,,,,,,,,
FI_00001147,18170,18170,2023-10-24,63.728776901271246,26.38240528354664,,,,970.0,30.0,48.0,5.599999999999999,S2_FI_00001147,2024-10-08,1.0,99.936074,72.3719223278162,179.353777360943,,,35WNP,S2A_MSIL2A_20241008T095031_R079_T35WNP_20241008T124449,,,,,,6.8,12.0,-0.2,970.0,30.0,48.0,5.599999999999999,0.1,Korpijoki 2,,Kiuruvesi,,,,,,,,
FI_00001148,18170,18170,2023-10-24,63.728776901271246,26.38240528354664,,,,970.0,30.0,48.0,5.599999999999999,S2_FI_00001148,2024-10-21,1.0,99.871165,77.1895558348379,182.618754247148,,,35WNP,S2A_MSIL2A_20241021T100041_R122_T35WNP_20241021T111449,,,,,,6.8,12.0,-0.2,970.0,30.0,48.0,5.599999999999999,0.1,Korpijoki 2,,Kiuruvesi,,,,,,,,
FI_00001149,18170,18170,2023-10-24,63.728776901271246,26.38240528354664,,,,970.0,30.0,48.0,5.599999999999999,S2_FI_00001149,2024-11-05,0.0,97.294939,82.137605294287,182.736736733073,,,35WNP,S2B_MSIL2A_20241105T100109_R122_T35WNP_20241105T111000,,,,,,6.8,12.0,-0.2,970.0,30.0,48.0,5.599999999999999,0.1,Korpijoki 2,,Kiuruvesi,,,,,,,,
FI_00001151,18170,18170,2023-10-24,63.728776901271246,26.38240528354664,,,,970.0,30.0,48.0,5.599999999999999,S2_FI_00001151,2023-01-19,3.0,98.124862,81.6408707101868,169.978970826267,,,35VMH,S2B_MSIL2A_20230119T094229_R036_T35VMH_20230121T044332,,,,,,6.8,12.0,-0.2,970.0,30.0,48.0,5.599999999999999,0.1,Korpijoki 2,,Kiuruvesi,,,,,,,,
FI_00001152,18170,18170,2023-11-08,63.728776901271246,26.38240528354664,,,,1500.0,27.0,110.0,24.0,S2_FI_00001152,2023-03-23,1.0,94.224054,60.0892671666393,171.816267726032,,,35VMH,S2B_MSIL2A_20230323T095029_R079_T35VMH_20240830T065439,,,,,,6.400000000000001,24.0,0.3,1500.0,27.0,110.0,24.0,0.1,Korpijoki 2,,Kiuruvesi,,,,,,,,
FI_00001153,18170,18170,2023-11-08,63.728776901271246,26.38240528354664,,,,1500.0,27.0,110.0,24.0,S2_FI_00001153,2023-04-17,0.0,10.073344,50.5414537639708,173.185806357417,,,35VMH,S2A_MSIL2A_20230417T095031_R079_T35VMH_20240902T191342,,,,,,6.400000000000001,24.0,0.3,1500.0,27.0,110.0,24.0,0.1,Korpijoki 2,,Kiuruvesi,,,,,,,,
FI_00001154,18170,18170,2023-11-08,63.728776901271246,26.38240528354664,,,,1500.0,27.0,110.0,24.0,S2_FI_00001154,2023-07-06,0.0,95.959049,38.4247394641731,170.177429115519,,,35VMH,S2A_MSIL2A_20230706T095031_R079_T35VMH_20230706T155707,,,,,,6.400000000000001,24.0,0.3,1500.0,27.0,110.0,24.0,0.1,Korpijoki 2,,Kiuruvesi,,,,,,,,
FI_00001155,18170,18170,2023-11-08,63.728776901271246,26.38240528354664,,,,1500.0,27.0,110.0,24.0,S2_FI_00001155,2023-08-30,1.0,99.995023,51.9904308555791,172.974737919354,,,35VMH,S2B_MSIL2A_20230830T094549_R079_T35VMH_20241022T104510,,,,,,6.400000000000001,24.0,0.3,1500.0,27.0,110.0,24.0,0.1,Korpijoki 2,,Kiuruvesi,,,,,,,,
FI_00001156,18170,18170,2023-11-08,63.728776901271246,26.38240528354664,,,,1500.0,27.0,110.0,24.0,S2_FI_00001156,2023-10-04,1.0,93.895429,65.195789272616,177.111382078661,,,35VMH,S2A_MSIL2A_20231004T095031_R079_T35VMH_20231004T161756,,,,,,6.400000000000001,24.0,0.3,1500.0,27.0,110.0,24.0,0.1,Korpijoki 2,,Kiuruvesi,,,,,,,,
FI_00001157,18170,18170,2023-11-08,63.728776901271246,26.38240528354664,,,,1500.0,27.0,110.0,24.0,S2_FI_00001157,2024-02-06,1.0,79.078108,76.887328608642,171.168935280014,,,35VMH,S2B_MSIL2A_20240206T095109_R079_T35VMH_20240206T123732,,,,,,6.400000000000001,24.0,0.3,1500.0,27.0,110.0,24.0,0.1,Korpijoki 2,,Kiuruvesi,,,,,,,,
FI_00001158,18170,18170,2023-11-22,63.728776901271246,26.38240528354664,,21.0,,870.0,23.0,37.5,6.900000000000001,S2_FI_00001158,2024-02-26,0.0,98.035216,70.0095792529049,170.876936521395,,,35VMH,S2B_MSIL2A_20240226T094859_R079_T35VMH_20240226T132109,,5.7,,21.0,,6.900000000000001,12.0,0.3,870.0,23.0,37.5,6.900000000000001,0.1,Korpijoki 2,,Kiuruvesi,,,,,,,,
FI_00001159,18170,18170,2023-11-22,63.728776901271246,26.38240528354664,,21.0,,870.0,23.0,37.5,6.900000000000001,S2_FI_00001159,2024-04-11,0.0,12.49387,52.4387370397602,172.930740537577,,,35VMH,S2A_MSIL2A_20240411T095031_R079_T35VMH_20240411T155759,,5.7,,21.0,,6.900000000000001,12.0,0.3,870.0,23.0,37.5,6.900000000000001,0.1,Korpijoki 2,,Kiuruvesi,,,,,,,,
FI_00001160,18170,18170,2023-11-22,63.728776901271246,26.38240528354664,,21.0,,870.0,23.0,37.5,6.900000000000001,S2_FI_00001160,2024-06-05,1.0,12.768275,38.3825713811711,172.448960163137,,,35VMH,S2B_MSIL2A_20240605T094549_R079_T35VMH_20240605T121845,,5.7,,21.0,,6.900000000000001,12.0,0.3,870.0,23.0,37.5,6.900000000000001,0.1,Korpijoki 2,,Kiuruvesi,,,,,,,,
FI_00001161,18170,18170,2023-11-22,63.728776901271246,26.38240528354664,,21.0,,870.0,23.0,37.5,6.900000000000001,S2_FI_00001161,2024-08-04,1.0,66.495132,44.0748336419428,170.432600698192,,,35VMH,S2B_MSIL2A_20240804T094549_R079_T35VMH_20240804T123817,,5.7,,21.0,,6.900000000000001,12.0,0.3,870.0,23.0,37.5,6.900000000000001,0.1,Korpijoki 2,,Kiuruvesi,,,,,,,,
FI_00001162,18170,18170,2023-11-22,63.728776901271246,26.38240528354664,,21.0,,870.0,23.0,37.5,6.900000000000001,S2_FI_00001162,2024-09-05,0.0,0.73098,54.5851429165661,170.765224908506,,,35VMH,S2A_MSIL2A_20240905T094031_R036_T35VMH_20240905T133953,,5.7,,21.0,,6.900000000000001,12.0,0.3,870.0,23.0,37.5,6.900000000000001,0.1,Korpijoki 2,,Kiuruvesi,,,,,,,,
FI_00001163,18170,18170,2023-11-22,63.728776901271246,26.38240528354664,,21.0,,870.0,23.0,37.5,6.900000000000001,S2_FI_00001163,2024-11-04,1.0,63.749254,76.482593486912,176.209751509959,,,35VMH,S2A_MSIL2A_20241104T094151_R036_T35VMH_20241104T105348,,5.7,,21.0,,6.900000000000001,12.0,0.3,870.0,23.0,37.5,6.900000000000001,0.1,Korpijoki 2,,Kiuruvesi,,,,,,,,
FI_00001164,18170,18170,2023-12-13,63.728776901271246,26.38240528354664,,,,780.0,16.0,54.0,8.9,S2_FI_00001164,2023-03-14,1.0,99.85069,65.2690831367177,174.641939820581,,,35VLK,S2A_MSIL2A_20230314T101021_R022_T35VLK_20240820T194151,,,,,,7.2,10.0,0.0,780.0,16.0,54.0,8.9,0.1,Korpijoki 2,,Kiuruvesi,,,,,,,,
FI_00001165,18170,18170,2023-12-13,63.728776901271246,26.38240528354664,,,,780.0,16.0,54.0,8.9,S2_FI_00001165,2023-08-28,1.0,99.999905,53.026208259119,173.398655681597,,,35VLK,S2A_MSIL2A_20230828T100031_R122_T35VLK_20241018T065117,,,,,,7.2,10.0,0.0,780.0,16.0,54.0,8.9,0.1,Korpijoki 2,,Kiuruvesi,,,,,,,,
FI_00001166,18170,18170,2023-12-13,63.728776901271246,26.38240528354664,,,,780.0,16.0,54.0,8.9,S2_FI_00001166,2023-10-02,1.0,67.219836,66.1876475722581,177.394725585434,,,35VLK,S2B_MSIL2A_20231002T095739_R122_T35VLK_20231002T192212,,,,,,7.2,10.0,0.0,780.0,16.0,54.0,8.9,0.1,Korpijoki 2,,Kiuruvesi,,,,,,,,
FI_00001167,18170,18170,2023-12-13,63.728776901271246,26.38240528354664,,,,780.0,16.0,54.0,8.9,S2_FI_00001167,2024-03-05,1.0,7.470438,68.6586548861353,171.588275837274,,,35VLK,S2A_MSIL2A_20240305T100031_R122_T35VLK_20240305T140836,,,,,,7.2,10.0,0.0,780.0,16.0,54.0,8.9,0.1,Korpijoki 2,,Kiuruvesi,,,,,,,,
FI_00001168,18170,18170,2023-12-13,63.728776901271246,26.38240528354664,,,,780.0,16.0,54.0,8.9,S2_FI_00001168,2024-08-27,0.0,85.878372,52.9411284226657,173.3548092854,,,35VLK,S2B_MSIL2A_20240827T095549_R122_T35VLK_20240827T130925,,,,,,7.2,10.0,0.0,780.0,16.0,54.0,8.9,0.1,Korpijoki 2,,Kiuruvesi,,,,,,,,
FI_00001169,18170,18170,2023-12-13,63.728776901271246,26.38240528354664,,,,780.0,16.0,54.0,8.9,S2_FI_00001169,2024-10-28,0.0,34.289032,76.0046195184835,176.531352405612,,,35VLK,S2A_MSIL2A_20241028T095121_R079_T35VLK_20241028T110649,,,,,,7.2,10.0,0.0,780.0,16.0,54.0,8.9,0.1,Korpijoki 2,,Kiuruvesi,,,,,,,,
FI_00001170,18170,18170,2024-01-08,63.728776901271246,26.38240528354664,,,,840.0,18.0,71.0,11.0,S2_FI_00001170,2023-01-12,3.0,93.960816,83.711775127636,171.176829977033,,,35VLJ,S2B_MSIL2A_20230112T095249_R079_T35VLJ_20240810T224550,,,,,,7.099999999999999,18.0,0.0,840.0,18.0,71.0,11.0,0.0,Korpijoki 2,,Kiuruvesi,,,,,,,,
FI_00001171,18170,18170,2024-01-08,63.728776901271246,26.38240528354664,,,,840.0,18.0,71.0,11.0,S2_FI_00001171,2023-02-06,0.0,23.879403,77.8333312589369,169.274101247388,,,35VLJ,S2A_MSIL2A_20230206T095201_R079_T35VLJ_20240731T235028,,,,,,7.099999999999999,18.0,0.0,840.0,18.0,71.0,11.0,0.0,Korpijoki 2,,Kiuruvesi,,,,,,,,
FI_00001172,18170,18170,2024-01-08,63.728776901271246,26.38240528354664,,,,840.0,18.0,71.0,11.0,S2_FI_00001172,2023-03-21,0.0,78.663307,61.7142002031736,172.371938117355,,,35VLJ,S2A_MSIL2A_20230321T100031_R122_T35VLJ_20240826T215434,,,,,,7.099999999999999,18.0,0.0,840.0,18.0,71.0,11.0,0.0,Korpijoki 2,,Kiuruvesi,,,,,,,,
FI_00001173,18170,18170,2024-01-08,63.728776901271246,26.38240528354664,,,,840.0,18.0,71.0,11.0,S2_FI_00001173,2023-04-20,1.0,99.973035,50.3269832953281,174.081938416946,,,35VLJ,S2A_MSIL2A_20230420T100021_R122_T35VLJ_20240901T024713,,,,,,7.099999999999999,18.0,0.0,840.0,18.0,71.0,11.0,0.0,Korpijoki 2,,Kiuruvesi,,,,,,,,
FI_00001174,18170,18170,2024-01-08,63.728776901271246,26.38240528354664,,,,840.0,18.0,71.0,11.0,S2_FI_00001174,2023-05-22,1.0,60.619199,41.5880749517369,170.75536354474,,,35VLJ,S2B_MSIL2A_20230522T094549_R079_T35VLJ_20230522T142441,,,,,,7.099999999999999,18.0,0.0,840.0,18.0,71.0,11.0,0.0,Korpijoki 2,,Kiuruvesi,,,,,,,,
FI_00001175,18170,18170,2024-01-08,63.728776901271246,26.38240528354664,,,,840.0,18.0,71.0,11.0,S2_FI_00001175,2023-06-26,1.0,16.197331,38.7508773245321,168.101394219275,,,35VLJ,S2A_MSIL2A_20230626T095031_R079_T35VLJ_20241002T040319,,,,,,7.099999999999999,18.0,0.0,840.0,18.0,71.0,11.0,0.0,Korpijoki 2,,Kiuruvesi,,,,,,,,
FI_00001176,18170,18170,2024-02-14,63.728776901271246,26.38240528354664,,,,1100.0,17.0,90.0,15.0,S2_FI_00001176,2023-07-19,1.0,43.154007,41.1080368262074,170.798383926463,,,35VLJ,S2A_MSIL2A_20230719T100031_R122_T35VLJ_20241021T091658,,,,,,7.3,10.0,0.0,1100.0,17.0,90.0,15.0,0.1,Korpijoki 2,,Kiuruvesi,,,,,,,,
FI_00001177,18170,18170,2024-02-14,63.728776901271246,26.38240528354664,,,,1100.0,17.0,90.0,15.0,S2_FI_00001177,2023-08-20,1.0,0.743359,49.6131236376985,169.415576748615,,,35VLJ,S2B_MSIL2A_20230820T094549_R079_T35VLJ_20241022T160002,,,,,,7.3,10.0,0.0,1100.0,17.0,90.0,15.0,0.1,Korpijoki 2,,Kiuruvesi,,,,,,,,
FI_00001178,18170,18170,2024-02-14,63.728776901271246,26.38240528354664,,,,1100.0,17.0,90.0,15.0,S2_FI_00001178,2023-09-17,1.0,66.434783,59.4988024250846,175.900989810303,,,35VLJ,S2A_MSIL2A_20230917T100031_R122_T35VLJ_20241101T051059,,,,,,7.3,10.0,0.0,1100.0,17.0,90.0,15.0,0.1,Korpijoki 2,,Kiuruvesi,,,,,,,,
FI_00001179,18170,18170,2024-02-14,63.728776901271246,26.38240528354664,,,,1100.0,17.0,90.0,15.0,S2_FI_00001179,2023-10-09,0.0,24.984132,68.0302604041041,175.478268554585,,,35VLJ,S2B_MSIL2A_20231009T094819_R079_T35VLJ_20231009T143616,,,,,,7.3,10.0,0.0,1100.0,17.0,90.0,15.0,0.1,Korpijoki 2,,Kiuruvesi,,,,,,,,
FI_00001180,18170,18170,2024-02-14,63.728776901271246,26.38240528354664,,,,1100.0,17.0,90.0,15.0,S2_FI_00001180,2023-11-21,1.0,99.401951,81.61755810483,178.71430002931,,,35VLJ,S2B_MSIL2A_20231121T100229_R122_T35VLJ_20231121T130751,,,,,,7.3,10.0,0.0,1100.0,17.0,90.0,15.0,0.1,Korpijoki 2,,Kiuruvesi,,,,,,,,
FI_00001182,18170,18170,2024-03-11,63.728776901271246,26.38240528354664,,15.0,,940.0,18.0,49.0,15.0,S2_FI_00001182,2024-01-25,0.0,99.69852,80.9988258665476,172.38315362492,,,35VLJ,S2A_MSIL2A_20240125T100311_R122_T35VLJ_20240125T121430,,8.9,,15.0,,7.3,18.0,0.0,940.0,18.0,49.0,15.0,0.1,Korpijoki 2,,Kiuruvesi,,,,,,,,
FI_00001183,18170,18170,2024-03-11,63.728776901271246,26.38240528354664,,15.0,,940.0,18.0,49.0,15.0,S2_FI_00001183,2024-02-14,1.0,99.895048,75.1302312263122,171.491724087838,,,35VLJ,S2A_MSIL2A_20240214T100121_R122_T35VLJ_20240214T135103,,8.9,,15.0,,7.3,18.0,0.0,940.0,18.0,49.0,15.0,0.1,Korpijoki 2,,Kiuruvesi,,,,,,,,
FI_00001184,18170,18170,2024-03-11,63.728776901271246,26.38240528354664,,15.0,,940.0,18.0,49.0,15.0,S2_FI_00001184,2024-03-07,0.0,99.54403,67.1800868354877,169.038948341924,,,35VLJ,S2B_MSIL2A_20240307T094739_R079_T35VLJ_20240307T141112,,8.9,,15.0,,7.3,18.0,0.0,940.0,18.0,49.0,15.0,0.1,Korpijoki 2,,Kiuruvesi,,,,,,,,
FI_00001185,18170,18170,2024-03-11,63.728776901271246,26.38240528354664,,15.0,,940.0,18.0,49.0,15.0,S2_FI_00001185,2024-04-09,1.0,34.472176,54.0155087414492,173.55665148841,,,35VLJ,S2B_MSIL2A_20240409T095549_R122_T35VLJ_20240411T002038,,8.9,,15.0,,7.3,18.0,0.0,940.0,18.0,49.0,15.0,0.1,Korpijoki 2,,Kiuruvesi,,,,,,,,
FI_00001186,18170,18170,2024-03-11,63.728776901271246,26.38240528354664,,15.0,,940.0,18.0,49.0,15.0,S2_FI_00001186,2024-05-29,1.0,16.865024,40.0956190365202,173.846310855874,,,35VLJ,S2B_MSIL2A_20240529T095549_R122_T35VLJ_20240529T171711,,8.9,,15.0,,7.3,18.0,0.0,940.0,18.0,49.0,15.0,0.1,Korpijoki 2,,Kiuruvesi,,,,,,,,
FI_00001187,18170,18170,2024-03-11,63.728776901271246,26.38240528354664,,15.0,,940.0,18.0,49.0,15.0,S2_FI_00001187,2024-06-23,1.0,58.423036,38.4793299379172,171.932935329571,,,35VLJ,S2A_MSIL2A_20240623T100031_R122_T35VLJ_20240623T160953,,8.9,,15.0,,7.3,18.0,0.0,940.0,18.0,49.0,15.0,0.1,Korpijoki 2,,Kiuruvesi,,,,,,,,
FI_00001188,18170,18170,2024-04-02,63.728776901271246,26.38240528354664,,,,3000.0,20.0,100.0,22.0,S2_FI_00001188,2024-07-15,1.0,35.570309,40.7717361125504,167.274328962684,,,35VLJ,S2B_MSIL2A_20240715T094549_R079_T35VLJ_20240715T135301,,,,,,6.8,20.0,0.0,3000.0,20.0,100.0,22.0,0.1,Korpijoki 2,,Kiuruvesi,,,,,,,,
FI_00001189,18170,18170,2024-04-02,63.728776901271246,26.38240528354664,,,,3000.0,20.0,100.0,22.0,S2_FI_00001189,2024-07-30,2.0,96.409792,43.8361377693381,167.640380591869,,,35VLJ,S2A_MSIL2A_20240730T095031_R079_T35VLJ_20240730T155453,,,,,,6.8,20.0,0.0,3000.0,20.0,100.0,22.0,0.1,Korpijoki 2,,Kiuruvesi,,,,,,,,
FI_00001190,18170,18170,2024-04-02,63.728776901271246,26.38240528354664,,,,3000.0,20.0,100.0,22.0,S2_FI_00001190,2024-09-21,4.0,21.388982,61.3287470564563,176.448951096871,,,35VLJ,S2A_MSIL2A_20240921T100031_R122_T35VLJ_20240921T123352,,,,,,6.8,20.0,0.0,3000.0,20.0,100.0,22.0,0.1,Korpijoki 2,,Kiuruvesi,,,,,,,,
FI_00001191,18170,18170,2024-04-02,63.728776901271246,26.38240528354664,,,,3000.0,20.0,100.0,22.0,S2_FI_00001191,2024-10-08,1.0,99.999976,67.9409362803095,175.440926046083,,,35VLJ,S2A_MSIL2A_20241008T095031_R079_T35VLJ_20241008T124449,,,,,,6.8,20.0,0.0,3000.0,20.0,100.0,22.0,0.1,Korpijoki 2,,Kiuruvesi,,,,,,,,
FI_00001192,18170,18170,2024-04-02,63.728776901271246,26.38240528354664,,,,3000.0,20.0,100.0,22.0,S2_FI_00001192,2024-11-17,1.0,47.928256,80.9124872073386,176.514713326858,,,35VLJ,S2A_MSIL2A_20241117T095301_R079_T35VLJ_20241117T110451,,,,,,6.8,20.0,0.0,3000.0,20.0,100.0,22.0,0.1,Korpijoki 2,,Kiuruvesi,,,,,,,,
FI_00001194,18170,18170,2024-04-09,63.728776901271246,26.38240528354664,,,,3300.0,23.0,93.0,12.0,S2_FI_00001194,2023-02-21,0.0,93.608326,73.6843144663364,168.801960364155,,,35VLK,S2B_MSIL2A_20230221T095029_R079_T35VLK_20230225T020105,,,,,,6.400000000000001,13.0,0.3,3300.0,23.0,93.0,12.0,0.1,Korpijoki 2,,Kiuruvesi,,,,,,,,
FI_00001195,18170,18170,2024-04-09,63.728776901271246,26.38240528354664,,,,3300.0,23.0,93.0,12.0,S2_FI_00001195,2023-06-29,1.0,38.014051,39.5810385540208,171.50202545132,,,35VLK,S2A_MSIL2A_20230629T100031_R122_T35VLK_20240913T135951,,,,,,6.400000000000001,13.0,0.3,3300.0,23.0,93.0,12.0,0.1,Korpijoki 2,,Kiuruvesi,,,,,,,,
FI_00001196,18170,18170,2024-04-09,63.728776901271246,26.38240528354664,,,,3300.0,23.0,93.0,12.0,S2_FI_00001196,2023-09-22,1.0,0.204588,62.3225426578706,176.353488451766,,,35VLK,S2B_MSIL2A_20230922T095649_R122_T35VLK_20241026T075651,,,,,,6.400000000000001,13.0,0.3,3300.0,23.0,93.0,12.0,0.1,Korpijoki 2,,Kiuruvesi,,,,,,,,
FI_00001197,18170,18170,2024-04-09,63.728776901271246,26.38240528354664,,,,3300.0,23.0,93.0,12.0,S2_FI_00001197,2023-01-12,3.0,93.960816,83.711775127636,171.176829977033,,,35VLJ,S2B_MSIL2A_20230112T095249_R079_T35VLJ_20240810T224550,,,,,,6.400000000000001,13.0,0.3,3300.0,23.0,93.0,12.0,0.1,Korpijoki 2,,Kiuruvesi,,,,,,,,
FI_00001198,18170,18170,2024-04-09,63.728776901271246,26.38240528354664,,,,3300.0,23.0,93.0,12.0,S2_FI_00001198,2023-02-06,0.0,23.879403,77.8333312589369,169.274101247388,,,35VLJ,S2A_MSIL2A_20230206T095201_R079_T35VLJ_20240731T235028,,,,,,6.400000000000001,13.0,0.3,3300.0,23.0,93.0,12.0,0.1,Korpijoki 2,,Kiuruvesi,,,,,,,,
FI_00001199,18170,18170,2024-04-09,63.728776901271246,26.38240528354664,,,,3300.0,23.0,93.0,12.0,S2_FI_00001199,2023-03-01,1.0,94.483018,69.601983265716,171.540512193555,,,35VLJ,S2A_MSIL2A_20230301T100021_R122_T35VLJ_20240821T023929,,,,,,6.400000000000001,13.0,0.3,3300.0,23.0,93.0,12.0,0.1,Korpijoki 2,,Kiuruvesi,,,,,,,,
FI_00001200,18170,18170,2024-04-17,63.728776901271246,26.38240528354664,,,,1900.0,30.0,75.0,18.0,S2_FI_00001200,2023-03-06,0.0,75.058323,67.6668602454442,171.705837974466,,,35VLJ,S2B_MSIL2A_20230306T100029_R122_T35VLJ_20240820T042936,,,,,,5.8,26.0,-0.1,1900.0,30.0,75.0,18.0,0.1,Korpijoki 2,,Kiuruvesi,,,,,,,,
FI_00001201,18170,18170,2024-04-17,63.728776901271246,26.38240528354664,,,,1900.0,30.0,75.0,18.0,S2_FI_00001201,2023-03-13,0.0,40.769318,65.0999050259356,169.253101288157,,,35VLJ,S2B_MSIL2A_20230313T095039_R079_T35VLJ_20240819T180634,,,,,,5.8,26.0,-0.1,1900.0,30.0,75.0,18.0,0.1,Korpijoki 2,,Kiuruvesi,,,,,,,,
FI_00001202,18170,18170,2024-04-17,63.728776901271246,26.38240528354664,,,,1900.0,30.0,75.0,18.0,S2_FI_00001202,2023-03-21,1.0,78.663307,61.7142002031736,172.371938117355,,,35VLJ,S2A_MSIL2A_20230321T100031_R122_T35VLJ_20240826T215434,,,,,,5.8,26.0,-0.1,1900.0,30.0,75.0,18.0,0.1,Korpijoki 2,,Kiuruvesi,,,,,,,,
FI_00001203,18170,18170,2024-04-17,63.728776901271246,26.38240528354664,,,,1900.0,30.0,75.0,18.0,S2_FI_00001203,2023-03-28,1.0,99.991107,59.1136820343045,169.880592949041,,,35VLJ,S2A_MSIL2A_20230328T095031_R079_T35VLJ_20240829T134810,,,,,,5.8,26.0,-0.1,1900.0,30.0,75.0,18.0,0.1,Korpijoki 2,,Kiuruvesi,,,,,,,,
FI_00001204,18170,18170,2024-04-17,63.728776901271246,26.38240528354664,,,,1900.0,30.0,75.0,18.0,S2_FI_00001204,2023-04-05,0.0,53.753448,55.8164590734542,173.291873466939,,,35VLJ,S2B_MSIL2A_20230405T100029_R122_T35VLJ_20240830T025509,,,,,,5.8,26.0,-0.1,1900.0,30.0,75.0,18.0,0.1,Korpijoki 2,,Kiuruvesi,,,,,,,,
FI_00001205,18170,18170,2024-04-17,63.728776901271246,26.38240528354664,,,,1900.0,30.0,75.0,18.0,S2_FI_00001205,2023-04-12,1.0,59.426057,53.3484618395951,170.624960597929,,,35VLJ,S2B_MSIL2A_20230412T095029_R079_T35VLJ_20240828T091729,,,,,,5.8,26.0,-0.1,1900.0,30.0,75.0,18.0,0.1,Korpijoki 2,,Kiuruvesi,,,,,,,,
FI_00001206,18170,18170,2024-04-22,63.728776901271246,26.38240528354664,,,,1500.0,27.0,43.0,6.099999999999999,S2_FI_00001206,2023-04-20,1.0,99.973035,50.3269832953281,174.081938416946,,,35VLJ,S2A_MSIL2A_20230420T100021_R122_T35VLJ_20240901T024713,,,,,,6.3,6.3,0.3,1500.0,27.0,43.0,6.099999999999999,0.1,Korpijoki 2,,Kiuruvesi,,,,,,,,
FI_00001207,18170,18170,2024-04-22,63.728776901271246,26.38240528354664,,,,1500.0,27.0,43.0,6.099999999999999,S2_FI_00001207,2023-04-27,0.0,99.971867,48.1463067501968,171.104968948892,,,35VLJ,S2A_MSIL2A_20230427T095031_R079_T35VLJ_20230427T152823,,,,,,6.3,6.3,0.3,1500.0,27.0,43.0,6.099999999999999,0.1,Korpijoki 2,,Kiuruvesi,,,,,,,,
FI_00001208,18170,18170,2024-04-22,63.728776901271246,26.38240528354664,,,,1500.0,27.0,43.0,6.099999999999999,S2_FI_00001208,2023-05-05,1.0,82.464147,45.5657900667927,174.529709116462,,,35VLJ,S2B_MSIL2A_20230505T100029_R122_T35VLJ_20230505T132714,,,,,,6.3,6.3,0.3,1500.0,27.0,43.0,6.099999999999999,0.1,Korpijoki 2,,Kiuruvesi,,,,,,,,
FI_00001209,18170,18170,2024-04-22,63.728776901271246,26.38240528354664,,,,1500.0,27.0,43.0,6.099999999999999,S2_FI_00001209,2023-06-06,1.0,74.171633,39.3654559816347,169.737625995408,,,35VLJ,S2A_MSIL2A_20230606T095031_R079_T35VLJ_20240928T023512,,,,,,6.3,6.3,0.3,1500.0,27.0,43.0,6.099999999999999,0.1,Korpijoki 2,,Kiuruvesi,,,,,,,,
FI_00001210,18170,18170,2024-04-22,63.728776901271246,26.38240528354664,,,,1500.0,27.0,43.0,6.099999999999999,S2_FI_00001210,2023-07-04,1.0,99.757421,39.0514071463864,171.247060706078,,,35VLJ,S2B_MSIL2A_20230704T095559_R122_T35VLJ_20230704T142440,,,,,,6.3,6.3,0.3,1500.0,27.0,43.0,6.099999999999999,0.1,Korpijoki 2,,Kiuruvesi,,,,,,,,
FI_00001211,18170,18170,2024-04-22,63.728776901271246,26.38240528354664,,,,1500.0,27.0,43.0,6.099999999999999,S2_FI_00001211,2023-08-03,0.0,92.344683,44.4347540061353,171.217053254216,,,35VLJ,S2B_MSIL2A_20230803T095559_R122_T35VLJ_20241026T140731,,,,,,6.3,6.3,0.3,1500.0,27.0,43.0,6.099999999999999,0.1,Korpijoki 2,,Kiuruvesi,,,,,,,,
FI_00001212,18170,18170,2024-04-29,63.728776901271246,26.38240528354664,,,,1700.0,26.0,88.0,19.0,S2_FI_00001212,2023-08-30,1.0,100.0,52.9876267346631,170.644301737162,,,35VLJ,S2B_MSIL2A_20230830T094549_R079_T35VLJ_20241022T104510,,,,,,6.400000000000001,36.0,0.3,1700.0,26.0,88.0,19.0,0.4,Korpijoki 2,,Kiuruvesi,,,,,,,,
FI_00001213,18170,18170,2024-04-29,63.728776901271246,26.38240528354664,,,,1700.0,26.0,88.0,19.0,S2_FI_00001213,2023-09-12,0.0,38.851899,57.5954112192955,175.300057666513,,,35VLJ,S2B_MSIL2A_20230912T095609_R122_T35VLJ_20241103T122113,,,,,,6.400000000000001,36.0,0.3,1700.0,26.0,88.0,19.0,0.4,Korpijoki 2,,Kiuruvesi,,,,,,,,
FI_00001214,18170,18170,2024-04-29,63.728776901271246,26.38240528354664,,,,1700.0,26.0,88.0,19.0,S2_FI_00001214,2023-09-24,1.0,63.605785,62.2910695030988,173.884748732103,,,35VLJ,S2A_MSIL2A_20230924T095031_R079_T35VLJ_20241027T021934,,,,,,6.400000000000001,36.0,0.3,1700.0,26.0,88.0,19.0,0.4,Korpijoki 2,,Kiuruvesi,,,,,,,,
FI_00001215,18170,18170,2024-04-29,63.728776901271246,26.38240528354664,,,,1700.0,26.0,88.0,19.0,S2_FI_00001215,2023-10-09,1.0,24.984132,68.0302604041041,175.478268554585,,,35VLJ,S2B_MSIL2A_20231009T094819_R079_T35VLJ_20231009T143616,,,,,,6.400000000000001,36.0,0.3,1700.0,26.0,88.0,19.0,0.4,Korpijoki 2,,Kiuruvesi,,,,,,,,
FI_00001216,18170,18170,2024-04-29,63.728776901271246,26.38240528354664,,,,1700.0,26.0,88.0,19.0,S2_FI_00001216,2023-10-22,1.0,98.945868,72.7473824584799,178.954393326031,,,35VLJ,S2B_MSIL2A_20231022T095949_R122_T35VLJ_20231022T132200,,,,,,6.400000000000001,36.0,0.3,1700.0,26.0,88.0,19.0,0.4,Korpijoki 2,,Kiuruvesi,,,,,,,,
FI_00001217,18170,18170,2024-04-29,63.728776901271246,26.38240528354664,,,,1700.0,26.0,88.0,19.0,S2_FI_00001217,2023-11-08,0.0,93.324697,78.3051126983115,176.767030596035,,,35VLJ,S2B_MSIL2A_20231108T095129_R079_T35VLJ_20231108T131948,,,,,,6.400000000000001,36.0,0.3,1700.0,26.0,88.0,19.0,0.4,Korpijoki 2,,Kiuruvesi,,,,,,,,
FI_00001218,18170,18170,2024-05-06,63.728776901271246,26.38240528354664,,,,1100.0,24.0,50.0,7.8,S2_FI_00001218,2023-11-21,2.0,99.401951,81.61755810483,178.71430002931,,,35VLJ,S2B_MSIL2A_20231121T100229_R122_T35VLJ_20231121T130751,,,,,,5.900000000000001,28.0,1.0,1100.0,24.0,50.0,7.8,0.1,Korpijoki 2,,Kiuruvesi,,,,,,,,
FI_00001220,18170,18170,2024-05-06,63.728776901271246,26.38240528354664,,,,1100.0,24.0,50.0,7.8,S2_FI_00001220,2024-01-25,0.0,99.69852,80.9988258665476,172.38315362492,,,35VLJ,S2A_MSIL2A_20240125T100311_R122_T35VLJ_20240125T121430,,,,,,5.900000000000001,28.0,1.0,1100.0,24.0,50.0,7.8,0.1,Korpijoki 2,,Kiuruvesi,,,,,,,,
FI_00001221,18170,18170,2024-05-06,63.728776901271246,26.38240528354664,,,,1100.0,24.0,50.0,7.8,S2_FI_00001221,2024-02-14,1.0,99.895048,75.1302312263122,171.491724087838,,,35VLJ,S2A_MSIL2A_20240214T100121_R122_T35VLJ_20240214T135103,,,,,,5.900000000000001,28.0,1.0,1100.0,24.0,50.0,7.8,0.1,Korpijoki 2,,Kiuruvesi,,,,,,,,
FI_00001222,18170,18170,2024-05-06,63.728776901271246,26.38240528354664,,,,1100.0,24.0,50.0,7.8,S2_FI_00001222,2024-02-29,0.0,99.949235,69.6942106742384,171.538732937336,,,35VLJ,S2B_MSIL2A_20240229T095839_R122_T35VLJ_20240229T151753,,,,,,5.900000000000001,28.0,1.0,1100.0,24.0,50.0,7.8,0.1,Korpijoki 2,,Kiuruvesi,,,,,,,,
FI_00001223,18170,18170,2024-05-06,63.728776901271246,26.38240528354664,,,,1100.0,24.0,50.0,7.8,S2_FI_00001223,2024-03-07,0.0,99.54403,67.1800868354877,169.038948341924,,,35VLJ,S2B_MSIL2A_20240307T094739_R079_T35VLJ_20240307T141112,,,,,,5.900000000000001,28.0,1.0,1100.0,24.0,50.0,7.8,0.1,Korpijoki 2,,Kiuruvesi,,,,,,,,
FI_00001224,18170,18170,2024-05-15,63.728776901271246,26.38240528354664,,24.0,,1100.0,25.0,29.0,6.8,S2_FI_00001224,2024-03-15,1.0,82.872224,63.8048142710039,172.097378297316,,,35VLJ,S2A_MSIL2A_20240315T100031_R122_T35VLJ_20240315T133604,,2.7000000000000006,,24.0,,6.099999999999999,10.0,6.3,1100.0,25.0,29.0,6.8,0.1,Korpijoki 2,,Kiuruvesi,,,,,,,,
FI_00001225,18170,18170,2024-05-15,63.728776901271246,26.38240528354664,,24.0,,1100.0,25.0,29.0,6.8,S2_FI_00001225,2024-03-20,1.0,99.598247,61.8086734593292,172.361800548776,,,35VLJ,S2B_MSIL2A_20240320T095649_R122_T35VLJ_20240320T152325,,2.7000000000000006,,24.0,,6.099999999999999,10.0,6.3,1100.0,25.0,29.0,6.8,0.1,Korpijoki 2,,Kiuruvesi,,,,,,,,
FI_00001226,18170,18170,2024-05-15,63.728776901271246,26.38240528354664,,24.0,,1100.0,25.0,29.0,6.8,S2_FI_00001226,2024-03-27,0.0,99.600095,59.2089492272549,169.881646486627,,,35VLJ,S2B_MSIL2A_20240327T094619_R079_T35VLJ_20240330T010418,,2.7000000000000006,,24.0,,6.099999999999999,10.0,6.3,1100.0,25.0,29.0,6.8,0.1,Korpijoki 2,,Kiuruvesi,,,,,,,,
FI_00001227,18170,18170,2024-05-15,63.728776901271246,26.38240528354664,,24.0,,1100.0,25.0,29.0,6.8,S2_FI_00001227,2024-04-04,1.0,5.770578,55.9109147721911,173.249020635505,,,35VLJ,S2A_MSIL2A_20240404T100021_R122_T35VLJ_20240404T152621,,2.7000000000000006,,24.0,,6.099999999999999,10.0,6.3,1100.0,25.0,29.0,6.8,0.1,Korpijoki 2,,Kiuruvesi,,,,,,,,
FI_00001228,18170,18170,2024-05-15,63.728776901271246,26.38240528354664,,24.0,,1100.0,25.0,29.0,6.8,S2_FI_00001228,2024-04-09,1.0,34.472176,54.0155087414492,173.55665148841,,,35VLJ,S2B_MSIL2A_20240409T095549_R122_T35VLJ_20240411T002038,,2.7000000000000006,,24.0,,6.099999999999999,10.0,6.3,1100.0,25.0,29.0,6.8,0.1,Korpijoki 2,,Kiuruvesi,,,,,,,,
FI_00001229,18170,18170,2024-05-15,63.728776901271246,26.38240528354664,,24.0,,1100.0,25.0,29.0,6.8,S2_FI_00001229,2024-04-19,1.0,99.320173,50.4093778225741,174.084140085723,,,35VLJ,S2B_MSIL2A_20240419T095549_R122_T35VLJ_20240419T124335,,2.7000000000000006,,24.0,,6.099999999999999,10.0,6.3,1100.0,25.0,29.0,6.8,0.1,Korpijoki 2,,Kiuruvesi,,,,,,,,
FI_00001230,18170,18170,2024-05-22,63.728776901271246,26.38240528354664,,,,950.0,26.0,46.0,8.0,S2_FI_00001230,2024-04-24,1.0,97.129291,48.7222879719312,174.296305152619,,,35VLJ,S2A_MSIL2A_20240424T100031_R122_T35VLJ_20240424T152354,,,,,,6.7,14.0,7.8,950.0,26.0,46.0,8.0,0.1,Korpijoki 2,,Kiuruvesi,,,,,,,,
FI_00001231,18170,18170,2024-05-22,63.728776901271246,26.38240528354664,,,,950.0,26.0,46.0,8.0,S2_FI_00001231,2024-05-01,1.0,3.189729,46.6670774052718,171.187024831899,,,35VLJ,S2A_MSIL2A_20240501T095031_R079_T35VLJ_20240501T153716,,,,,,6.7,14.0,7.8,950.0,26.0,46.0,8.0,0.1,Korpijoki 2,,Kiuruvesi,,,,,,,,
FI_00001232,18170,18170,2024-05-22,63.728776901271246,26.38240528354664,,,,950.0,26.0,46.0,8.0,S2_FI_00001232,2024-06-03,1.0,16.334292,39.4335586691604,173.537171261424,,,35VLJ,S2A_MSIL2A_20240603T100031_R122_T35VLJ_20240603T151837,,,,,,6.7,14.0,7.8,950.0,26.0,46.0,8.0,0.1,Korpijoki 2,,Kiuruvesi,,,,,,,,
FI_00001233,18170,18170,2024-05-22,63.728776901271246,26.38240528354664,,,,950.0,26.0,46.0,8.0,S2_FI_00001233,2024-09-08,1.0,3.256582,56.5135586462046,171.909710277867,,,35VLJ,S2A_MSIL2A_20240908T095031_R079_T35VLJ_20240908T131845,,,,,,6.7,14.0,7.8,950.0,26.0,46.0,8.0,0.1,Korpijoki 2,,Kiuruvesi,,,,,,,,
FI_00001234,18170,18170,2024-05-22,63.728776901271246,26.38240528354664,,,,950.0,26.0,46.0,8.0,S2_FI_00001234,2024-09-23,1.0,96.360636,62.1971030002865,173.839535902854,,,35VLJ,S2B_MSIL2A_20240923T095029_R079_T35VLJ_20240923T110403,,,,,,6.7,14.0,7.8,950.0,26.0,46.0,8.0,0.1,Korpijoki 2,,Kiuruvesi,,,,,,,,
FI_00001235,18170,18170,2024-05-22,63.728776901271246,26.38240528354664,,,,950.0,26.0,46.0,8.0,S2_FI_00001235,2024-10-08,1.0,99.999976,67.9409362803095,175.440926046083,,,35VLJ,S2A_MSIL2A_20241008T095031_R079_T35VLJ_20241008T124449,,,,,,6.7,14.0,7.8,950.0,26.0,46.0,8.0,0.1,Korpijoki 2,,Kiuruvesi,,,,,,,,
FI_00001236,18170,18170,2024-05-27,63.728776901271246,26.38240528354664,,,,910.0,27.0,60.0,9.0,S2_FI_00001236,2024-10-21,0.0,99.358767,72.6604152617074,178.941419298942,,,35VLJ,S2A_MSIL2A_20241021T100041_R122_T35VLJ_20241021T123351,,,,,,7.0,20.0,12.800000000000002,910.0,27.0,60.0,9.0,0.1,Korpijoki 2,,Kiuruvesi,,,,,,,,
FI_00001237,18170,18170,2024-05-27,63.728776901271246,26.38240528354664,,,,910.0,27.0,60.0,9.0,S2_FI_00001237,2024-11-05,1.0,99.992478,77.6034272201244,179.20104044909,,,35VLJ,S2B_MSIL2A_20241105T100109_R122_T35VLJ_20241105T111000,,,,,,7.0,20.0,12.800000000000002,910.0,27.0,60.0,9.0,0.1,Korpijoki 2,,Kiuruvesi,,,,,,,,
FI_00001238,18170,18170,2024-05-27,63.728776901271246,26.38240528354664,,,,910.0,27.0,60.0,9.0,S2_FI_00001238,2024-11-17,1.0,47.928256,80.9124872073386,176.514713326858,,,35VLJ,S2A_MSIL2A_20241117T095301_R079_T35VLJ_20241117T110451,,,,,,7.0,20.0,12.800000000000002,910.0,27.0,60.0,9.0,0.1,Korpijoki 2,,Kiuruvesi,,,,,,,,
FI_00001239,18170,18170,2024-05-27,63.728776901271246,26.38240528354664,,,,910.0,27.0,60.0,9.0,S2_FI_00001239,2024-12-05,3.0,88.430411,84.1909739637646,177.598306742671,,,35VLJ,S2B_MSIL2A_20241205T100319_R122_T35VLJ_20241205T102543,,,,,,7.0,20.0,12.800000000000002,910.0,27.0,60.0,9.0,0.1,Korpijoki 2,,Kiuruvesi,,,,,,,,
